[09:09:40.4078075] [Warning:   Coroner] Could not access dying player: Collider was not a player!
[09:09:40.4078075] [Warning:   Coroner] Could not access dying player: Index not assigned!
[09:09:40.4078075] [Debug  :   Coroner] Handling Out of Bounds death...
[09:09:40.4078075] [Warning:   Coroner] Could not access dying player: Collider was not a player!
[09:09:40.4078075] [Warning:   Coroner] Could not access dying player: Index not assigned!
[09:09:40.4078075] [Debug  :   Coroner] Handling Out of Bounds death...
[09:09:40.4078075] [Warning:   Coroner] Could not access dying player: Collider was not a player!
[09:09:40.4078075] [Warning:   Coroner] Could not access dying player: Index not assigned!
[09:09:40.4078075] [Debug  :   Coroner] Handling Out of Bounds death...
[09:09:40.4078075] [Warning:   Coroner] Could not access dying player: Collider was not a player!
[09:09:40.4078075] [Warning:   Coroner] Could not access dying player: Index not assigned!
[09:09:40.4078075] [Debug  :   Coroner] Handling Out of Bounds death...
[09:09:40.4078075] [Warning:   Coroner] Could not access dying player: Collider was not a player!
[09:09:40.4078075] [Warning:   Coroner] Could not access dying player: Index not assigned!
[09:09:40.4078075] [Debug  :   Coroner] Handling Out of Bounds death...
[09:09:40.4078075] [Warning:   Coroner] Could not access dying player: Collider was not a player!
[09:09:40.4078075] [Warning:   Coroner] Could not access dying player: Index not assigned!
[09:09:40.4078075] [Debug  :   Coroner] Handling Out of Bounds death...
[09:09:40.4078075] [Warning:   Coroner] Could not access dying player: Collider was not a player!
[09:09:40.4078075] [Warning:   Coroner] Could not access dying player: Index not assigned!
[09:09:40.4078075] [Debug  :   Coroner] Handling Out of Bounds death...
[09:09:40.4078075] [Warning:   Coroner] Could not access dying player: Collider was not a player!
[09:09:40.4078075] [Warning:   Coroner] Could not access dying player: Index not assigned!
[09:09:40.4078075] [Debug  :   Coroner] Handling Out of Bounds death...
[09:09:40.4078075] [Warning:   Coroner] Could not access dying player: Collider was not a player!
[09:09:40.4078075] [Warning:   Coroner] Could not access dying player: Index not assigned!
[09:09:40.4078075] [Debug  :   Coroner] Handling Out of Bounds death...
[09:09:40.4078075] [Warning:   Coroner] Could not access dying player: Collider was not a player!
[09:09:40.4078075] [Warning:   Coroner] Could not access dying player: Index not assigned!
[09:09:40.4078075] [Debug  :   Coroner] Handling Out of Bounds death...
[09:09:40.4078075] [Warning:   Coroner] Could not access dying player: Collider was not a player!
[09:09:40.4078075] [Warning:   Coroner] Could not access dying player: Index not assigned!
[09:09:40.4078075] [Debug  :   Coroner] Handling Out of Bounds death...
[09:09:40.4078075] [Warning:   Coroner] Could not access dying player: Collider was not a player!
[09:09:40.4078075] [Warning:   Coroner] Could not access dying player: Index not assigned!
[09:09:40.4078075] [Debug  :   Coroner] Handling Out of Bounds death...
[09:09:40.4078075] [Warning:   Coroner] Could not access dying player: Collider was not a player!
[09:09:40.4078075] [Warning:   Coroner] Could not access dying player: Index not assigned!
[09:09:40.4078075] [Debug  :   Coroner] Handling Out of Bounds death...
[09:09:40.4078075] [Warning:   Coroner] Could not access dying player: Collider was not a player!
[09:09:40.4078075] [Warning:   Coroner] Could not access dying player: Index not assigned!
[09:09:40.4078075] [Debug  :   Coroner] Handling Out of Bounds death...
[09:09:40.4078075] [Warning:   Coroner] Could not access dying player: Collider was not a player!
[09:09:40.4078075] [Warning:   Coroner] Could not access dying player: Index not assigned!
[09:09:40.4078075] [Debug  :   Coroner] Handling Out of Bounds death...
[09:09:40.4078075] [Warning:   Coroner] Could not access dying player: Collider was not a player!
[09:09:40.4078075] [Warning:   Coroner] Could not access dying player: Index not assigned!
[09:09:40.4078075] [Debug  :   Coroner] Handling Out of Bounds death...
[09:09:40.4078075] [Warning:   Coroner] Could not access dying player: Collider was not a player!
[09:09:40.4078075] [Warning:   Coroner] Could not access dying player: Index not assigned!
[09:09:40.4078075] [Debug  :   Coroner] Handling Out of Bounds death...
[09:09:40.4541096] [Info   : LethalMin] White Pikmin_HsxaLo: Found enemy: Centipede(Clone)
[09:09:40.4551133] [Info   : LethalMin] White Pikmin_HsxaLo: Setting current task to AttackEnemy
[09:09:40.4551133] [Info   : LethalMin] Bulbmin_ZZA2: Found enemy: Crawler(Clone)
[09:09:40.4551133] [Info   : LethalMin] Bulbmin_ZZA2: Setting current task to AttackEnemy
[09:09:40.4561148] [Info   : LethalMin] White Pikmin_9ybwy: Found enemy: Crawler(Clone)
[09:09:40.4561148] [Info   : LethalMin] White Pikmin_9ybwy: Setting current task to AttackEnemy
[09:09:40.4561148] [Info   : LethalMin] White Pikmin_Cs565I0: Found enemy: Crawler(Clone)
[09:09:40.4561148] [Info   : LethalMin] White Pikmin_Cs565I0: Setting current task to AttackEnemy
[09:09:40.6168155] [Debug  :GeneralImprovements] Updated time display.
[09:09:40.6280606] [Debug  :Spawn Cycle Fixes] First spawn cycle occurring - force timer for next spawn cycle
[09:09:40.6280606] [Debug  :Spawn Cycle Fixes] Early daytime spawn cycle (for bees/sapsucker)
[09:09:40.6280606] [Debug  :Spawn Cycle Fixes] Early outside spawn cycle (for eclipses)
[09:09:40.6280606] [Debug  :Spawn Cycle Fixes] Early outside spawn cycle (for weeds)
[09:09:40.6597878] [Info   : Unity Log] startofround: 8; 0
[09:09:41.1492441] [Warning: Unity Log] PlayOneShot was called with a null AudioClip.
[09:09:41.1938275] [Debug  :Matty's Fixes] DawnLib/unknown_lib/Cat(417) is computing vertical offset
[09:09:41.1948316] [Debug  :Matty's Fixes] DawnLib/unknown_lib/Cat new offset is 0.001615912
[09:09:41.1948316] [Debug  :Matty's Fixes] DawnLib/unknown_lib/Cat(417) position updated [(-20.09, -225.19, 102.80)] -> [(-20.09, -225.19, 102.80)]
[09:09:41.5097906] [Warning:S1.39 Compatibility Fixes] [DoorAudit] Hangar state changed -> OPEN; doorPower=1.000; landed=False; leaving=False; living=1; livingInsideShip=1
[09:09:43.5118688] [Warning: Unity Log] PlayOneShot was called with a null AudioClip.
[09:09:43.6289588] [Debug  :GeneralImprovements] Updated time display.
[09:09:44.0840103] [Info   : LethalMin] Bulbmin_24EIbUz: Found enemy: Crawler(Clone)
[09:09:44.0840103] [Info   : LethalMin] Bulbmin_24EIbUz: Setting current task to AttackEnemy
[09:09:45.0672593] [Info   : Unity Log] Turning lights on at start
[09:09:45.3305692] [Info   : LethalMin] Bulbmin_24EIbUz: Has Invincible mode when hit from explosion
[09:09:45.3305692] [Info   : LethalMin] Bulbmin_24EIbUz: Has Invincible mode when hit from explosion
[09:09:45.3315703] [Info   : Unity Log] Local client hit enemy Crawler(Clone) #0 with force of 6.
[09:09:45.3340747] [Info   : Unity Log] Kill enemy called! destroy: False
[09:09:45.3340747] [Info   : Unity Log] Playing death sound for enemy: Crawler
[09:09:45.3340747] [Debug  :Starlancer AI Fix] Crawler(Clone) from the interior enemy list has died; 
Previous interior power level is 0
[09:09:45.3340747] [Debug  :Starlancer AI Fix] Removing Crawler(Clone)'s power (3) from the RoundManager; 
Current interior power level is 0
[09:09:45.3360814] [Info   : Unity Log] Kill enemy server rpc called with destroy False
[09:09:45.3360814] [Info   : Unity Log] Kill enemy client rpc called; False
[09:09:45.3370799] [Info   : Unity Log] Local client hit enemy Crawler(Clone) #0 with force of 6.
[09:09:45.3370799] [Info   : Unity Log] Local client hit enemy Crawler(Clone) #0 with force of 6.
[09:09:45.3370799] [Info   : Unity Log] Local client hit enemy Bulbmin_24EIbUz #4 with force of 6.
[09:09:45.3390808] [Info   : LethalMin] Bulbmin_24EIbUz: Has Invincible mode when hit
[09:09:45.3390808] [Info   : Unity Log] Local client hit enemy Bulbmin_24EIbUz #4 with force of 6.
[09:09:45.3390808] [Info   : LethalMin] Bulbmin_24EIbUz: Has Invincible mode when hit
[09:09:45.3485871] [Info   : Unity Log] Local client hit enemy Bulbmin_24EIbUz #4 with force of 1.
[09:09:45.3485871] [Info   : LethalMin] Bulbmin_24EIbUz: Has Invincible mode when hit
[09:09:45.3485871] [Debug  :Buttery Fixes] Landmine: Hide radar dot after detonation
[09:09:45.3485871] [Debug  :Buttery Fixes] Landmine: Disable ground collider after detonation
[09:09:45.3627820] [Info   : LethalMin] Bulbmin_24EIbUz: Task finished
[09:09:45.3637807] [Debug  : LethalMin] Bulbmin_24EIbUz: Setting to idle on local client
[09:09:45.3637807] [Info   : LethalMin] Bulbmin_24EIbUz: Removing current task
[09:09:45.3637807] [Debug  : LethalMin] Bulbmin_24EIbUz: Removed Leader
[09:09:45.3648313] [Info   : LethalMin] Bulbmin_24EIbUz: Removing current task
[09:09:45.3648313] [Info   : LethalMin] White Pikmin_Cs565I0: Task finished
[09:09:45.3648313] [Debug  : LethalMin] White Pikmin_Cs565I0: Setting to idle on local client
[09:09:45.3648313] [Info   : LethalMin] White Pikmin_Cs565I0: Removing current task
[09:09:45.3648313] [Debug  : LethalMin] White Pikmin_Cs565I0: Removed Leader
[09:09:45.3658310] [Info   : LethalMin] White Pikmin_Cs565I0: Removing current task
[09:09:45.5114974] [Info   : LethalMin] Bulbmin_ZZA2: Task finished
[09:09:45.5114974] [Debug  : LethalMin] Bulbmin_ZZA2: Setting to idle on local client
[09:09:45.5114974] [Info   : LethalMin] Bulbmin_ZZA2: Removing current task
[09:09:45.5114974] [Debug  : LethalMin] Bulbmin_ZZA2: Removed Leader
[09:09:45.5114974] [Info   : LethalMin] Bulbmin_ZZA2: Removing current task
[09:09:45.7745546] [Warning: Unity Log] PlayOneShot was called with a null AudioClip.
[09:09:45.8554763] [Warning: Unity Log] PlayOneShot was called with a null AudioClip.
[09:09:46.6361243] [Debug  :GeneralImprovements] Updated time display.
[09:09:48.0904021] [Warning: Unity Log] PlayOneShot was called with a null AudioClip.
[09:09:48.1925156] [Warning: Unity Log] PlayOneShot was called with a null AudioClip.
[09:09:49.0679705] [Info   : LethalMin] Spawing Onion
[09:09:49.0719716] [Info   : LethalMin] Pos: (-4.05, -2.83, 2.75), Angle: 40, IDs: 0, 4, 8, 5, 1, 7
[09:09:49.0729725] [Info   : LethalMin] Waiting for 1 onions to load... Total: 0
[09:09:49.0744750] [Debug  :ReXuvination] Optimised Collider layers in InteractTrigger for Object: trigger (UnityEngine.GameObject)
[09:09:49.3369108] [Debug  :Matty's Fixes] LethalLib/SellBodies/Cartridge [Racing into the Night](572) needs to compute vertical offset - scheduled
[09:09:49.3369108] [Warning: LethalMin] Item GameboyCartridgeRITN(Clone) is not valid for Pikmin! Skipping...
[09:09:49.3705034] [Debug  :Matty's Fixes] LethalLib/SellBodies/Cartridge [Racing into the Night](572) is computing vertical offset
[09:09:49.3725044] [Debug  :Matty's Fixes] LethalLib/SellBodies/Cartridge [Racing into the Night] new offset is -0.01132756
[09:09:49.3725044] [Debug  :Matty's Fixes] LethalLib/SellBodies/Cartridge [Racing into the Night](572) position updated [(0.00, 0.00, 0.00)] -> [(0.00, -0.01, 0.00)]
[09:09:49.6518840] [Debug  :GeneralImprovements] Updated time display.
[09:09:49.7338621] [Info   : Unity Log] clientRPC scrap values length: 15
[09:09:49.7348713] [Debug  :Buttery Fixes] Scrap tracker: Tracking "TrafficconePrefab(Clone)" worth $35
[09:09:49.7348713] [Debug  :Buttery Fixes] Scrap tracker: Tracking "GremlinEnergy(Clone)" worth $28
[09:09:49.7348713] [Debug  :Buttery Fixes] Scrap tracker: Tracking "ToolboxPrefab(Clone)" worth $53
[09:09:49.7348713] [Debug  :Buttery Fixes] Scrap tracker: Tracking "RollingGiantPoster(Clone)" worth $6
[09:09:49.7348713] [Debug  :Buttery Fixes] Scrap tracker: Tracking "Flask(Clone)" worth $16
[09:09:49.7348713] [Debug  :Buttery Fixes] Scrap tracker: Tracking "Brrreaker(Clone)" worth $72
[09:09:49.7348713] [Debug  :Buttery Fixes] Scrap tracker: Tracking "ControlPad(Clone)" worth $38
[09:09:49.7348713] [Debug  :Buttery Fixes] Scrap tracker: Tracking "ClampPrefab(Clone)" worth $78
[09:09:49.7348713] [Debug  :Buttery Fixes] Scrap tracker: Tracking "CookieFumo(Clone)" worth $68
[09:09:49.7348713] [Debug  :Buttery Fixes] Scrap tracker: Tracking "GarbageLid(Clone)" worth $43
[09:09:49.7348713] [Debug  :Buttery Fixes] Scrap tracker: Tracking "FanPrefab(Clone)" worth $45
[09:09:49.7348713] [Debug  :Buttery Fixes] Scrap tracker: Tracking "RoomFanItem(Clone)" worth $62
[09:09:49.7348713] [Debug  :Buttery Fixes] Scrap tracker: Tracking "CatFood(Clone)" worth $2
[09:09:49.7348713] [Debug  :Buttery Fixes] Scrap tracker: Tracking "Cat(Clone)" worth $91
[09:09:49.7348713] [Debug  :Buttery Fixes] Scrap tracker: Tracking "CatFood(Clone)" worth $2
[09:09:49.8521028] [Info   : Unity Log] clientRPC scrap values length: 1
[09:09:49.8531046] [Debug  :Buttery Fixes] Scrap tracker: Tracking "RocketLauncher(Clone)" worth $105
[09:09:50.1684558] [Info   : LethalMin] 1/1 onions loaded, loading data
[09:09:50.1704556] [Info   : LethalMin] Restored 49 pikmin to onion 2 in 1 batches
[09:09:50.1704556] [Info   : LethalMin] Restored 2 pikmin to onion -1 in 1 batches
[09:09:50.1704556] [Info   : LethalMin] Restored 4 pikmin to onion -1 in 1 batches
[09:09:50.1714550] [Info   : LethalMin] Restored 57 pikmin to onion -1 in 2 batches
[09:09:50.1714550] [Info   : LethalMin] Restored 7 pikmin to onion -1 in 1 batches
[09:09:50.1714550] [Info   : LethalMin] Restored 1 pikmin to onion -1 in 1 batches
[09:09:50.1714550] [Info   : LethalMin] Restored 3 pikmin to onion -1 in 1 batches
[09:09:50.5307800] [Warning: Unity Log] PlayOneShot was called with a null AudioClip.
[09:09:52.6712910] [Debug  :GeneralImprovements] Updated time display.
[09:09:52.7540924] [Warning: Unity Log] PlayOneShot was called with a null AudioClip.
[09:09:52.8908780] [Warning: Unity Log] PlayOneShot was called with a null AudioClip.
[09:09:55.2351684] [Warning: Unity Log] PlayOneShot was called with a null AudioClip.
[09:09:55.6839595] [Debug  :GeneralImprovements] Updated time display.
[09:09:56.4703946] [Debug  :GeneralImprovements] Updated time display.
[09:09:57.3526005] [Warning: Unity Log] PlayOneShot was called with a null AudioClip.
[09:09:57.5931809] [Warning: Unity Log] PlayOneShot was called with a null AudioClip.
[09:09:58.6963770] [Debug  :GeneralImprovements] Updated time display.
[09:09:59.7141760] [Warning: Unity Log] PlayOneShot was called with a null AudioClip.
[09:09:59.9305800] [Warning: Unity Log] PlayOneShot was called with a null AudioClip.
[09:10:00.4725459] [Info   :GeneralImprovements] Enabling ship scan node again and parenting it to the terminal.
[09:10:00.4725459] [Info   :GeneralImprovements] Updated remaining scrap display.
[09:10:00.4775564] [Info   :LethalPerformance] Saved 1 save(s)
[09:10:00.4840642] [Debug  :PizzaTowerEscapeMusic GameEventListener] Ship has landed
[09:10:00.4840642] [Debug  :PizzaTowerEscapeMusic GameEventListener] Checking for docked Apparatus...
[09:10:00.5075960] [Debug  :PizzaTowerEscapeMusic GameEventListener] Could not find docked Apparatus
[09:10:00.5085994] [Info   :MrHat.BasedDecorPlacement] Build mode available after landing
[09:10:01.7208950] [Debug  :GeneralImprovements] Updated time display.
[09:10:02.4687161] [Debug  : LethalMin] OnionHUDSlot: DownPressed: (x1) Purple Pikmin (IO:21) (EC:0) (PIC:20) (PIF:1)
[09:10:02.5228269] [Debug  : LethalMin] OnionHUDSlot: DownPressed: (x1) Purple Pikmin (IO:21) (EC:1) (PIC:19) (PIF:2)
[09:10:02.5744123] [Debug  : LethalMin] OnionHUDSlot: DownPressed: (x1) Purple Pikmin (IO:21) (EC:2) (PIC:18) (PIF:3)
[09:10:02.6244080] [Debug  : LethalMin] OnionHUDSlot: DownPressed: (x1) Purple Pikmin (IO:21) (EC:3) (PIC:17) (PIF:4)
[09:10:02.6805210] [Debug  : LethalMin] OnionHUDSlot: DownPressed: (x1) Purple Pikmin (IO:21) (EC:4) (PIC:16) (PIF:5)
[09:10:02.7374881] [Debug  : LethalMin] OnionHUDSlot: DownPressed: (x1) Purple Pikmin (IO:21) (EC:5) (PIC:15) (PIF:6)
[09:10:02.7909637] [Debug  : LethalMin] OnionHUDSlot: DownPressed: (x1) Purple Pikmin (IO:21) (EC:6) (PIC:14) (PIF:7)
[09:10:03.1808017] [Debug  : LethalMin] OnionHUDSlot: DownPressed: (x1) Purple Pikmin (IO:21) (EC:7) (PIC:13) (PIF:8)
[09:10:03.3252300] [Debug  : LethalMin] OnionHUDSlot: DownPressed: (x1) Purple Pikmin (IO:21) (EC:8) (PIC:12) (PIF:9)
[09:10:03.3402547] [Debug  : LethalMin] OnionHUDSlot: DownPressed: (x1) Purple Pikmin (IO:21) (EC:9) (PIC:11) (PIF:10)
[09:10:03.6256091] [Debug  : LethalMin] OnionHUDSlot: DownPressed: (x1) Purple Pikmin (IO:21) (EC:10) (PIC:10) (PIF:11)
[09:10:04.1120378] [Debug  : LethalMin] OnionHUDSlot: UpPressed: (x1) Purple Pikmin (IS:0) (EC:11) (PIC:10)
[09:10:04.7143791] [Warning: Unity Log] PlayOneShot was called with a null AudioClip.
[09:10:04.7364162] [Debug  :GeneralImprovements] Updated time display.
[09:10:05.0997740] [Debug  : LethalMin] Confirmed Button Pressed, sending withdraw request for 2 types to server.
[09:10:05.0997740] [Info   : LethalMin] MasaeAhmya: withdrawing (10, 0), of (Purple Pikmin, White Pikmin)
[09:10:05.1654777] [Message: LethalMin] Spawning: Purple Pikmin
[09:10:05.1679811] [Debug  : LethalMin] <ID Not Set>: Is linking onto Link
[09:10:05.1679811] [Debug  : LethalMin] <ID Not Set>: Setting collision mode to 0
[09:10:05.1754948] [Debug  : LethalMin] Purple Pikmin: No sound pack found for generation Pikmin4, using default sound pack.
[09:10:05.1754948] [Debug  : LethalMin] InitalizedPikmin Type: Purple Pikmin with ID: Purple Pikmin_l2mMYQ
[09:10:05.1754948] [Debug  : LethalMin] Purple Pikmin_l2mMYQ: Using Cached growth objects
[09:10:05.1754948] [Info   : LethalMin] Purple Pikmin_l2mMYQ: Setting growth stage to 0
[09:10:05.1754948] [Debug  : LethalMin] Purple Pikmin_7BFfo: Removed Leader
[09:10:05.1754948] [Debug  : LethalMin] Purple Pikmin_7BFfo: Setting collision mode to 1
[09:10:05.1754948] [Warning: Unity Log] Failed to create agent because it is not close enough to the NavMesh
[09:10:05.1754948] [Info   : LethalMin] Purple Pikmin_7BFfo: Assigned Leader: MasaeAhmya (0)
[09:10:05.1754948] [Warning: Unity Log] PurplePikmin4 Pik Animation State '' not found
[09:10:05.1754948] [Info   : LethalMin] Purple Pikmin_7BFfo: Setting growth stage to 2
[09:10:05.1754948] [Debug  : LethalMin] Purple Pikmin_7BFfo spawned with type Purple Pikmin and ID: Purple Pikmin_7BFfo At: (1003.57, 1000.13, 982.37) random seed: 57037106 index: 20
[09:10:05.1814990] [Message: LethalMin] Spawning: Purple Pikmin
[09:10:05.1845064] [Debug  : LethalMin] <ID Not Set>: Is linking onto Link
[09:10:05.1845064] [Debug  : LethalMin] <ID Not Set>: Setting collision mode to 0
[09:10:05.1990187] [Debug  : LethalMin] Purple Pikmin: No sound pack found for generation Pikmin4, using default sound pack.
[09:10:05.1990187] [Debug  : LethalMin] InitalizedPikmin Type: Purple Pikmin with ID: Purple Pikmin_e8PiA
[09:10:05.1990187] [Debug  : LethalMin] Purple Pikmin_e8PiA: Using Cached growth objects
[09:10:05.1990187] [Info   : LethalMin] Purple Pikmin_e8PiA: Setting growth stage to 0
[09:10:05.1990187] [Debug  : LethalMin] Purple Pikmin_u0kg: Removed Leader
[09:10:05.2000191] [Debug  : LethalMin] Purple Pikmin_u0kg: Setting collision mode to 1
[09:10:05.2000191] [Warning: Unity Log] Failed to create agent because it is not close enough to the NavMesh
[09:10:05.2000191] [Info   : LethalMin] Purple Pikmin_u0kg: Assigned Leader: MasaeAhmya (0)
[09:10:05.2000191] [Warning: Unity Log] PurplePikmin4 Pik Animation State '' not found
[09:10:05.2000191] [Info   : LethalMin] Purple Pikmin_u0kg: Setting growth stage to 2
[09:10:05.2000191] [Debug  : LethalMin] Purple Pikmin_u0kg spawned with type Purple Pikmin and ID: Purple Pikmin_u0kg At: (1003.57, 1000.13, 982.37) random seed: 57037109 index: 21
[09:10:05.2060304] [Message: LethalMin] Spawning: Purple Pikmin
[09:10:05.2095443] [Debug  : LethalMin] <ID Not Set>: Is linking onto Link
[09:10:05.2095443] [Debug  : LethalMin] <ID Not Set>: Setting collision mode to 0
[09:10:05.2171271] [Debug  : LethalMin] Purple Pikmin: No sound pack found for generation Pikmin4, using default sound pack.
[09:10:05.2171271] [Debug  : LethalMin] InitalizedPikmin Type: Purple Pikmin with ID: Purple Pikmin_XE34n64
[09:10:05.2171271] [Debug  : LethalMin] Purple Pikmin_XE34n64: Using Cached growth objects
[09:10:05.2171271] [Info   : LethalMin] Purple Pikmin_XE34n64: Setting growth stage to 0
[09:10:05.2171271] [Debug  : LethalMin] Purple Pikmin_OcBGak3: Removed Leader
[09:10:05.2171271] [Debug  : LethalMin] Purple Pikmin_OcBGak3: Setting collision mode to 1
[09:10:05.2171271] [Warning: Unity Log] Failed to create agent because it is not close enough to the NavMesh
[09:10:05.2171271] [Info   : LethalMin] Purple Pikmin_OcBGak3: Assigned Leader: MasaeAhmya (0)
[09:10:05.2171271] [Warning: Unity Log] PurplePikmin4 Pik Animation State '' not found
[09:10:05.2181264] [Info   : LethalMin] Purple Pikmin_OcBGak3: Setting growth stage to 2
[09:10:05.2181264] [Debug  : LethalMin] Purple Pikmin_OcBGak3 spawned with type Purple Pikmin and ID: Purple Pikmin_OcBGak3 At: (1003.57, 1000.13, 982.37) random seed: 57037112 index: 22
[09:10:05.2770414] [Message: LethalMin] Spawning: Purple Pikmin
[09:10:05.2790432] [Debug  : LethalMin] <ID Not Set>: Is linking onto Link
[09:10:05.2790432] [Debug  : LethalMin] <ID Not Set>: Setting collision mode to 0
[09:10:05.2850600] [Debug  : LethalMin] Purple Pikmin: No sound pack found for generation Pikmin4, using default sound pack.
[09:10:05.2860609] [Debug  : LethalMin] InitalizedPikmin Type: Purple Pikmin with ID: Purple Pikmin_PKhQP
[09:10:05.2860609] [Debug  : LethalMin] Purple Pikmin_PKhQP: Using Cached growth objects
[09:10:05.2860609] [Info   : LethalMin] Purple Pikmin_PKhQP: Setting growth stage to 0
[09:10:05.2860609] [Debug  : LethalMin] Purple Pikmin_mz1iY5: Removed Leader
[09:10:05.2860609] [Debug  : LethalMin] Purple Pikmin_mz1iY5: Setting collision mode to 1
[09:10:05.2860609] [Warning: Unity Log] Failed to create agent because it is not close enough to the NavMesh
[09:10:05.2860609] [Info   : LethalMin] Purple Pikmin_mz1iY5: Assigned Leader: MasaeAhmya (0)
[09:10:05.2860609] [Warning: Unity Log] PurplePikmin4 Pik Animation State '' not found
[09:10:05.2860609] [Info   : LethalMin] Purple Pikmin_mz1iY5: Setting growth stage to 2
[09:10:05.2860609] [Debug  : LethalMin] Purple Pikmin_mz1iY5 spawned with type Purple Pikmin and ID: Purple Pikmin_mz1iY5 At: (1003.57, 1000.13, 982.37) random seed: 57037115 index: 23
[09:10:05.2925662] [Message: LethalMin] Spawning: Purple Pikmin
[09:10:05.2950739] [Debug  : LethalMin] <ID Not Set>: Is linking onto Link
[09:10:05.2950739] [Debug  : LethalMin] <ID Not Set>: Setting collision mode to 0
[09:10:05.3010783] [Debug  : LethalMin] Purple Pikmin: No sound pack found for generation Pikmin4, using default sound pack.
[09:10:05.3010783] [Debug  : LethalMin] InitalizedPikmin Type: Purple Pikmin with ID: Purple Pikmin_IQKm
[09:10:05.3010783] [Debug  : LethalMin] Purple Pikmin_IQKm: Using Cached growth objects
[09:10:05.3010783] [Info   : LethalMin] Purple Pikmin_IQKm: Setting growth stage to 0
[09:10:05.3010783] [Debug  : LethalMin] Purple Pikmin_29ihL: Removed Leader
[09:10:05.3010783] [Debug  : LethalMin] Purple Pikmin_29ihL: Setting collision mode to 1
[09:10:05.3010783] [Warning: Unity Log] Failed to create agent because it is not close enough to the NavMesh
[09:10:05.3025810] [Info   : LethalMin] Purple Pikmin_29ihL: Assigned Leader: MasaeAhmya (0)
[09:10:05.3025810] [Warning: Unity Log] PurplePikmin4 Pik Animation State '' not found
[09:10:05.3025810] [Info   : LethalMin] Purple Pikmin_29ihL: Setting growth stage to 2
[09:10:05.3025810] [Debug  : LethalMin] Purple Pikmin_29ihL spawned with type Purple Pikmin and ID: Purple Pikmin_29ihL At: (1003.57, 1000.13, 982.37) random seed: 57037118 index: 24
[09:10:05.3086649] [Message: LethalMin] Spawning: Purple Pikmin
[09:10:05.3111698] [Debug  : LethalMin] <ID Not Set>: Is linking onto Link
[09:10:05.3111698] [Debug  : LethalMin] <ID Not Set>: Setting collision mode to 0
[09:10:05.3201970] [Debug  : LethalMin] Purple Pikmin: No sound pack found for generation Pikmin4, using default sound pack.
[09:10:05.3201970] [Debug  : LethalMin] InitalizedPikmin Type: Purple Pikmin with ID: Purple Pikmin_AWy8f8
[09:10:05.3201970] [Debug  : LethalMin] Purple Pikmin_AWy8f8: Using Cached growth objects
[09:10:05.3201970] [Info   : LethalMin] Purple Pikmin_AWy8f8: Setting growth stage to 0
[09:10:05.3201970] [Debug  : LethalMin] Purple Pikmin_Dhx8wa: Removed Leader
[09:10:05.3201970] [Debug  : LethalMin] Purple Pikmin_Dhx8wa: Setting collision mode to 1
[09:10:05.3201970] [Warning: Unity Log] Failed to create agent because it is not close enough to the NavMesh
[09:10:05.3201970] [Info   : LethalMin] Purple Pikmin_Dhx8wa: Assigned Leader: MasaeAhmya (0)
[09:10:05.3201970] [Warning: Unity Log] PurplePikmin4 Pik Animation State '' not found
[09:10:05.3201970] [Info   : LethalMin] Purple Pikmin_Dhx8wa: Setting growth stage to 2
[09:10:05.3201970] [Debug  : LethalMin] Purple Pikmin_Dhx8wa spawned with type Purple Pikmin and ID: Purple Pikmin_Dhx8wa At: (1003.57, 1000.13, 982.37) random seed: 57037121 index: 25
[09:10:05.3487573] [Info   : LethalMin] Bulbmin_KmSkT: Found enemy: Crawler(Clone)
[09:10:05.3487573] [Info   : LethalMin] Bulbmin_KmSkT: Setting current task to AttackEnemy
[09:10:05.3752941] [Message: LethalMin] Spawning: Purple Pikmin
[09:10:05.3782947] [Debug  : LethalMin] <ID Not Set>: Is linking onto Link
[09:10:05.3782947] [Debug  : LethalMin] <ID Not Set>: Setting collision mode to 0
[09:10:05.3853062] [Debug  : LethalMin] Purple Pikmin: No sound pack found for generation Pikmin4, using default sound pack.
[09:10:05.3853062] [Debug  : LethalMin] InitalizedPikmin Type: Purple Pikmin with ID: Purple Pikmin_3ccU
[09:10:05.3853062] [Debug  : LethalMin] Purple Pikmin_3ccU: Using Cached growth objects
[09:10:05.3853062] [Info   : LethalMin] Purple Pikmin_3ccU: Setting growth stage to 0
[09:10:05.3853062] [Debug  : LethalMin] Purple Pikmin_AvqI: Removed Leader
[09:10:05.3853062] [Debug  : LethalMin] Purple Pikmin_AvqI: Setting collision mode to 1
[09:10:05.3853062] [Warning: Unity Log] Failed to create agent because it is not close enough to the NavMesh
[09:10:05.3853062] [Info   : LethalMin] Purple Pikmin_AvqI: Assigned Leader: MasaeAhmya (0)
[09:10:05.3853062] [Warning: Unity Log] PurplePikmin4 Pik Animation State '' not found
[09:10:05.3853062] [Info   : LethalMin] Purple Pikmin_AvqI: Setting growth stage to 2
[09:10:05.3853062] [Debug  : LethalMin] Purple Pikmin_AvqI spawned with type Purple Pikmin and ID: Purple Pikmin_AvqI At: (1003.57, 1000.13, 982.37) random seed: 57037124 index: 26
[09:10:05.3873059] [Info   : LethalMin] White Pikmin_Cs565I0: Found enemy: Crawler(Clone)
[09:10:05.3873059] [Info   : LethalMin] White Pikmin_Cs565I0: Setting current task to AttackEnemy
[09:10:05.3903046] [Message: LethalMin] Spawning: Purple Pikmin
[09:10:05.3928085] [Debug  : LethalMin] <ID Not Set>: Is linking onto Link
[09:10:05.3928085] [Debug  : LethalMin] <ID Not Set>: Setting collision mode to 0
[09:10:05.4003567] [Debug  : LethalMin] Purple Pikmin: No sound pack found for generation Pikmin4, using default sound pack.
[09:10:05.4003567] [Debug  : LethalMin] InitalizedPikmin Type: Purple Pikmin with ID: Purple Pikmin_viGqup
[09:10:05.4003567] [Debug  : LethalMin] Purple Pikmin_viGqup: Using Cached growth objects
[09:10:05.4003567] [Info   : LethalMin] Purple Pikmin_viGqup: Setting growth stage to 0
[09:10:05.4003567] [Debug  : LethalMin] Purple Pikmin_UHnG: Removed Leader
[09:10:05.4003567] [Debug  : LethalMin] Purple Pikmin_UHnG: Setting collision mode to 1
[09:10:05.4003567] [Warning: Unity Log] Failed to create agent because it is not close enough to the NavMesh
[09:10:05.4003567] [Info   : LethalMin] Purple Pikmin_UHnG: Assigned Leader: MasaeAhmya (0)
[09:10:05.4003567] [Warning: Unity Log] PurplePikmin4 Pik Animation State '' not found
[09:10:05.4003567] [Info   : LethalMin] Purple Pikmin_UHnG: Setting growth stage to 2
[09:10:05.4003567] [Debug  : LethalMin] Purple Pikmin_UHnG spawned with type Purple Pikmin and ID: Purple Pikmin_UHnG At: (1003.57, 1000.13, 982.37) random seed: 57037127 index: 27
[09:10:05.4063675] [Message: LethalMin] Spawning: Purple Pikmin
[09:10:05.4093676] [Debug  : LethalMin] <ID Not Set>: Is linking onto Link
[09:10:05.4093676] [Debug  : LethalMin] <ID Not Set>: Setting collision mode to 0
[09:10:05.4187774] [Debug  : LethalMin] Purple Pikmin: No sound pack found for generation Pikmin4, using default sound pack.
[09:10:05.4187774] [Debug  : LethalMin] InitalizedPikmin Type: Purple Pikmin with ID: Purple Pikmin_ootCW
[09:10:05.4187774] [Debug  : LethalMin] Purple Pikmin_ootCW: Using Cached growth objects
[09:10:05.4187774] [Info   : LethalMin] Purple Pikmin_ootCW: Setting growth stage to 0
[09:10:05.4187774] [Debug  : LethalMin] Purple Pikmin_ebVMo4: Removed Leader
[09:10:05.4187774] [Debug  : LethalMin] Purple Pikmin_ebVMo4: Setting collision mode to 1
[09:10:05.4187774] [Warning: Unity Log] Failed to create agent because it is not close enough to the NavMesh
[09:10:05.4187774] [Info   : LethalMin] Purple Pikmin_ebVMo4: Assigned Leader: MasaeAhmya (0)
[09:10:05.4187774] [Warning: Unity Log] PurplePikmin4 Pik Animation State '' not found
[09:10:05.4197774] [Info   : LethalMin] Purple Pikmin_ebVMo4: Setting growth stage to 2
[09:10:05.4197774] [Debug  : LethalMin] Purple Pikmin_ebVMo4 spawned with type Purple Pikmin and ID: Purple Pikmin_ebVMo4 At: (1003.57, 1000.13, 982.37) random seed: 57037130 index: 28
[09:10:05.4803646] [Message: LethalMin] Spawning: Purple Pikmin
[09:10:05.4828714] [Debug  : LethalMin] <ID Not Set>: Is linking onto Link
[09:10:05.4828714] [Debug  : LethalMin] <ID Not Set>: Setting collision mode to 0
[09:10:05.4913868] [Debug  : LethalMin] Purple Pikmin: No sound pack found for generation Pikmin4, using default sound pack.
[09:10:05.4913868] [Debug  : LethalMin] InitalizedPikmin Type: Purple Pikmin with ID: Purple Pikmin_huXY9Wb
[09:10:05.4913868] [Debug  : LethalMin] Purple Pikmin_huXY9Wb: Using Cached growth objects
[09:10:05.4913868] [Info   : LethalMin] Purple Pikmin_huXY9Wb: Setting growth stage to 0
[09:10:05.4913868] [Debug  : LethalMin] Purple Pikmin_TXU0fYU: Removed Leader
[09:10:05.4913868] [Debug  : LethalMin] Purple Pikmin_TXU0fYU: Setting collision mode to 1
[09:10:05.4913868] [Warning: Unity Log] Failed to create agent because it is not close enough to the NavMesh
[09:10:05.4913868] [Info   : LethalMin] Purple Pikmin_TXU0fYU: Assigned Leader: MasaeAhmya (0)
[09:10:05.4913868] [Warning: Unity Log] PurplePikmin4 Pik Animation State '' not found
[09:10:05.4913868] [Info   : LethalMin] Purple Pikmin_TXU0fYU: Setting growth stage to 2
[09:10:05.4913868] [Debug  : LethalMin] Purple Pikmin_TXU0fYU spawned with type Purple Pikmin and ID: Purple Pikmin_TXU0fYU At: (1003.57, 1000.13, 982.37) random seed: 57037133 index: 29
[09:10:05.5054389] [Debug  : LethalMin] Purple Pikmin_7BFfo: Setting collision mode to 1
[09:10:05.5186456] [Debug  : LethalMin] Purple Pikmin_u0kg: Setting collision mode to 1
[09:10:05.5291544] [Debug  : LethalMin] Purple Pikmin_OcBGak3: Setting collision mode to 1
[09:10:05.6167044] [Debug  : LethalMin] Purple Pikmin_mz1iY5: Setting collision mode to 1
[09:10:05.6272161] [Debug  : LethalMin] Purple Pikmin_29ihL: Setting collision mode to 1
[09:10:05.6382339] [Debug  : LethalMin] Purple Pikmin_Dhx8wa: Setting collision mode to 1
[09:10:05.7064385] [Debug  : LethalMin] Purple Pikmin_AvqI: Setting collision mode to 1
[09:10:05.7264715] [Debug  : LethalMin] Purple Pikmin_UHnG: Setting collision mode to 1
[09:10:05.7374875] [Debug  : LethalMin] Purple Pikmin_ebVMo4: Setting collision mode to 1
[09:10:05.7926093] [Info   : LethalMin] Bulbmin_VZIYx: Found enemy: Crawler(Clone)
[09:10:05.7926093] [Info   : LethalMin] Bulbmin_VZIYx: Setting current task to AttackEnemy
[09:10:05.8103720] [Debug  : LethalMin] Purple Pikmin_TXU0fYU: Setting collision mode to 1
[09:10:05.8284452] [Info   : LethalMin] Bulbmin_uAseD: Found enemy: Crawler(Clone)
[09:10:05.8284452] [Info   : LethalMin] Bulbmin_uAseD: Setting current task to AttackEnemy
[09:10:06.6103150] [Warning: Unity Log] PlayOneShot was called with a null AudioClip.
[09:10:06.7144954] [Warning: Unity Log] PlayOneShot was called with a null AudioClip.
[09:10:07.0585064] [Warning: Unity Log] PlayOneShot was called with a null AudioClip.
[09:10:07.5426775] [Info   :ReservedItemSlotCore-2.0.41] Beginning grab on reserved item: Jetpack Previous item slot: 0
[09:10:07.5441805] [Debug  :Jetpack Fixes] Jetpack held by you, disable doppler effect
[09:10:07.6528614] [Debug  : LightsOut] GrabItem Jetpack
[09:10:07.6528614] [Debug  : LightsOut] JetpackItem is not a predefined type
[09:10:07.7545572] [Debug  :GeneralImprovements] Updated time display.
[09:10:08.0676286] [Info   :ReservedItemSlotCore-2.0.41] Focusing reserved hotbar slots. NewIndex: 7 OldIndex: 0 ReservedStartIndex: 4
[09:10:08.5753624] [Info   :ReservedItemSlotCore-2.0.41] Unfocusing reserved hotbar slots. NewIndex: 0 OldIndex: 7 ReservedStartIndex: 4
[09:10:08.7392596] [Debug  :PizzaTowerEscapeMusic GameEventListener] Player exited ship
[09:10:09.3944850] [Warning: Unity Log] PlayOneShot was called with a null AudioClip.
[09:10:10.2316735] [Debug  :   Coroner] Querying target player parameters pre-death...
[09:10:10.2316735] [Debug  :   Coroner] Query successful!True
[09:10:11.7298114] [Debug  : LethalMin] OnionHUDSlot: DownPressed: (x1) Yellow Pikmin (IO:57) (EC:0) (PIC:56) (PIF:11)
[09:10:11.7554264] [Warning: Unity Log] PlayOneShot was called with a null AudioClip.
[09:10:11.7854656] [Debug  : LethalMin] OnionHUDSlot: DownPressed: (x1) Yellow Pikmin (IO:57) (EC:1) (PIC:55) (PIF:12)
[09:10:11.8373801] [Debug  : LethalMin] OnionHUDSlot: DownPressed: (x1) Yellow Pikmin (IO:57) (EC:2) (PIC:54) (PIF:13)
[09:10:11.8930398] [Debug  : LethalMin] OnionHUDSlot: DownPressed: (x1) Yellow Pikmin (IO:57) (EC:3) (PIC:53) (PIF:14)
[09:10:11.9455967] [Debug  : LethalMin] OnionHUDSlot: DownPressed: (x1) Yellow Pikmin (IO:57) (EC:4) (PIC:52) (PIF:15)
[09:10:12.0030288] [Debug  : LethalMin] OnionHUDSlot: DownPressed: (x1) Yellow Pikmin (IO:57) (EC:5) (PIC:51) (PIF:16)
[09:10:12.0629439] [Debug  : LethalMin] OnionHUDSlot: DownPressed: (x1) Yellow Pikmin (IO:57) (EC:6) (PIC:50) (PIF:17)
[09:10:12.1185321] [Debug  : LethalMin] OnionHUDSlot: DownPressed: (x1) Yellow Pikmin (IO:57) (EC:7) (PIC:49) (PIF:18)
[09:10:12.1731139] [Debug  : LethalMin] OnionHUDSlot: DownPressed: (x1) Yellow Pikmin (IO:57) (EC:8) (PIC:48) (PIF:19)
[09:10:12.2302612] [Debug  : LethalMin] OnionHUDSlot: DownPressed: (x1) Yellow Pikmin (IO:57) (EC:9) (PIC:47) (PIF:20)
[09:10:12.2853431] [Debug  : LethalMin] OnionHUDSlot: DownPressed: (x1) Yellow Pikmin (IO:57) (EC:10) (PIC:46) (PIF:21)
[09:10:12.3415572] [Debug  : LethalMin] OnionHUDSlot: DownPressed: (x1) Yellow Pikmin (IO:57) (EC:11) (PIC:45) (PIF:22)
[09:10:12.3620991] [Debug  : LethalMin] OnionHUDSlot: DownPressed: (x1) Yellow Pikmin (IO:57) (EC:12) (PIC:44) (PIF:23)
[09:10:12.6854619] [Debug  : LethalMin] OnionHUDSlot: DownPressed: (x1) Yellow Pikmin (IO:57) (EC:13) (PIC:43) (PIF:24)
[09:10:12.8475531] [Debug  : LethalMin] OnionHUDSlot: DownPressed: (x1) Yellow Pikmin (IO:57) (EC:14) (PIC:42) (PIF:25)
[09:10:13.6804765] [Debug  : LethalMin] Confirmed Button Pressed, sending withdraw request for 6 types to server.
[09:10:13.6804765] [Info   : LethalMin] MasaeAhmya: withdrawing (0, 0, 0, 0, 0, 15), of (Blue Pikmin, Ice Pikmin, Red Pikmin, Rock Pikmin, Winged Pikmin, Yellow Pikmin)
[09:10:13.7511546] [Message: LethalMin] Spawning: Yellow Pikmin
[09:10:13.7531583] [Debug  : LethalMin] <ID Not Set>: Is linking onto LegAnimLink1
[09:10:13.7531583] [Debug  : LethalMin] <ID Not Set>: Setting collision mode to 0
[09:10:13.7586669] [Debug  : LethalMin] Yellow Pikmin: No sound pack found for generation Pikmin4, using default sound pack.
[09:10:13.7586669] [Debug  : LethalMin] InitalizedPikmin Type: Yellow Pikmin with ID: Yellow Pikmin_Z0Bul
[09:10:13.7586669] [Debug  : LethalMin] Yellow Pikmin_Z0Bul: Found plant Leaf at index 0
[09:10:13.7586669] [Debug  : LethalMin] Yellow Pikmin_Z0Bul: Found plant Bud at index 1
[09:10:13.7586669] [Debug  : LethalMin] Yellow Pikmin_Z0Bul: Found plant Flower at index 2
[09:10:13.7586669] [Debug  : LethalMin] Yellow Pikmin_Z0Bul: Found plant Leaf at index 0
[09:10:13.7586669] [Debug  : LethalMin] Yellow Pikmin_Z0Bul: Found plant Bud at index 1
[09:10:13.7586669] [Debug  : LethalMin] Yellow Pikmin_Z0Bul: Found plant Flower at index 2
[09:10:13.7586669] [Debug  : LethalMin] Yellow Pikmin_Z0Bul: Found plant Leaf at index 0
[09:10:13.7586669] [Debug  : LethalMin] Yellow Pikmin_Z0Bul: Found plant Bud at index 1
[09:10:13.7586669] [Debug  : LethalMin] Yellow Pikmin_Z0Bul: Found plant Flower at index 2
[09:10:13.7586669] [Debug  : LethalMin] Yellow Pikmin_Z0Bul: Found plant Leaf at index 0
[09:10:13.7586669] [Debug  : LethalMin] Yellow Pikmin_Z0Bul: Found plant Bud at index 1
[09:10:13.7586669] [Debug  : LethalMin] Yellow Pikmin_Z0Bul: Found plant Flower at index 2
[09:10:13.7586669] [Debug  : LethalMin] Yellow Pikmin_Z0Bul: Found plant Leaf at index 0
[09:10:13.7586669] [Debug  : LethalMin] Yellow Pikmin_Z0Bul: Found plant Bud at index 1
[09:10:13.7586669] [Debug  : LethalMin] Yellow Pikmin_Z0Bul: Found plant Flower at index 2
[09:10:13.7586669] [Debug  : LethalMin] Yellow Pikmin_Z0Bul: Caching growth objects
[09:10:13.7586669] [Debug  : LethalMin] Yellow Pikmin_Z0Bul: Caching growth objects done
[09:10:13.7586669] [Debug  : LethalMin] Yellow Pikmin_Z0Bul: Found 3 plants across 3 stages
[09:10:13.7586669] [Info   : LethalMin] Yellow Pikmin_Z0Bul: Setting growth stage to 0
[09:10:13.7586669] [Debug  : LethalMin] Yellow Pikmin_apYy5: Removed Leader
[09:10:13.7586669] [Debug  : LethalMin] Yellow Pikmin_apYy5: Setting collision mode to 1
[09:10:13.7586669] [Warning: Unity Log] Failed to create agent because it is not close enough to the NavMesh
[09:10:13.7586669] [Info   : LethalMin] Yellow Pikmin_apYy5: Assigned Leader: MasaeAhmya (0)
[09:10:13.7586669] [Warning: Unity Log] YellowPikmin4 Pik Animation State '' not found
[09:10:13.7586669] [Info   : LethalMin] Yellow Pikmin_apYy5: Setting growth stage to 2
[09:10:13.7586669] [Debug  : LethalMin] Yellow Pikmin_apYy5 spawned with type Yellow Pikmin and ID: Yellow Pikmin_apYy5 At: (994.95, 996.11, 1001.75) random seed: 57037136 index: 30
[09:10:13.7646740] [Message: LethalMin] Spawning: Yellow Pikmin
[09:10:13.7679228] [Debug  : LethalMin] <ID Not Set>: Is linking onto LegAnimLink2
[09:10:13.7679228] [Debug  : LethalMin] <ID Not Set>: Setting collision mode to 0
[09:10:13.7729266] [Debug  : LethalMin] Yellow Pikmin: No sound pack found for generation Pikmin4, using default sound pack.
[09:10:13.7729266] [Debug  : LethalMin] InitalizedPikmin Type: Yellow Pikmin with ID: Yellow Pikmin_S6oGOCc
[09:10:13.7729266] [Debug  : LethalMin] Yellow Pikmin_S6oGOCc: Using Cached growth objects
[09:10:13.7729266] [Info   : LethalMin] Yellow Pikmin_S6oGOCc: Setting growth stage to 0
[09:10:13.7729266] [Debug  : LethalMin] Yellow Pikmin_G5l3h: Removed Leader
[09:10:13.7729266] [Debug  : LethalMin] Yellow Pikmin_G5l3h: Setting collision mode to 1
[09:10:13.7729266] [Warning: Unity Log] Failed to create agent because it is not close enough to the NavMesh
[09:10:13.7729266] [Info   : LethalMin] Yellow Pikmin_G5l3h: Assigned Leader: MasaeAhmya (0)
[09:10:13.7729266] [Warning: Unity Log] YellowPikmin4 Pik Animation State '' not found
[09:10:13.7729266] [Info   : LethalMin] Yellow Pikmin_G5l3h: Setting growth stage to 2
[09:10:13.7729266] [Debug  : LethalMin] Yellow Pikmin_G5l3h spawned with type Yellow Pikmin and ID: Yellow Pikmin_G5l3h At: (994.95, 996.11, 1001.75) random seed: 57037139 index: 31
[09:10:13.7804390] [Message: LethalMin] Spawning: Yellow Pikmin
[09:10:13.7829449] [Debug  : LethalMin] <ID Not Set>: Is linking onto LegAnimLink2
[09:10:13.7829449] [Debug  : LethalMin] <ID Not Set>: Setting collision mode to 0
[09:10:13.7894589] [Debug  : LethalMin] Yellow Pikmin: No sound pack found for generation Pikmin4, using default sound pack.
[09:10:13.7894589] [Debug  : LethalMin] InitalizedPikmin Type: Yellow Pikmin with ID: Yellow Pikmin_KCSc0Y
[09:10:13.7894589] [Debug  : LethalMin] Yellow Pikmin_KCSc0Y: Using Cached growth objects
[09:10:13.7894589] [Info   : LethalMin] Yellow Pikmin_KCSc0Y: Setting growth stage to 0
[09:10:13.7894589] [Debug  : LethalMin] Yellow Pikmin_3wnH: Removed Leader
[09:10:13.7894589] [Debug  : LethalMin] Yellow Pikmin_3wnH: Setting collision mode to 1
[09:10:13.7894589] [Warning: Unity Log] Failed to create agent because it is not close enough to the NavMesh
[09:10:13.7894589] [Info   : LethalMin] Yellow Pikmin_3wnH: Assigned Leader: MasaeAhmya (0)
[09:10:13.7894589] [Warning: Unity Log] YellowPikmin4 Pik Animation State '' not found
[09:10:13.7894589] [Info   : LethalMin] Yellow Pikmin_3wnH: Setting growth stage to 2
[09:10:13.7894589] [Debug  : LethalMin] Yellow Pikmin_3wnH spawned with type Yellow Pikmin and ID: Yellow Pikmin_3wnH At: (994.95, 996.11, 1001.75) random seed: 57037142 index: 32
[09:10:13.8475840] [Message: LethalMin] Spawning: Yellow Pikmin
[09:10:13.8505848] [Debug  : LethalMin] <ID Not Set>: Is linking onto LegAnimLink1
[09:10:13.8505848] [Debug  : LethalMin] <ID Not Set>: Setting collision mode to 0
[09:10:13.8555981] [Debug  : LethalMin] Yellow Pikmin: No sound pack found for generation Pikmin4, using default sound pack.
[09:10:13.8555981] [Debug  : LethalMin] InitalizedPikmin Type: Yellow Pikmin with ID: Yellow Pikmin_DI6y
[09:10:13.8555981] [Debug  : LethalMin] Yellow Pikmin_DI6y: Using Cached growth objects
[09:10:13.8555981] [Info   : LethalMin] Yellow Pikmin_DI6y: Setting growth stage to 0
[09:10:13.8555981] [Debug  : LethalMin] Yellow Pikmin_Aq9v9: Removed Leader
[09:10:13.8555981] [Debug  : LethalMin] Yellow Pikmin_Aq9v9: Setting collision mode to 1
[09:10:13.8555981] [Warning: Unity Log] Failed to create agent because it is not close enough to the NavMesh
[09:10:13.8555981] [Info   : LethalMin] Yellow Pikmin_Aq9v9: Assigned Leader: MasaeAhmya (0)
[09:10:13.8555981] [Warning: Unity Log] YellowPikmin4 Pik Animation State '' not found
[09:10:13.8555981] [Info   : LethalMin] Yellow Pikmin_Aq9v9: Setting growth stage to 2
[09:10:13.8555981] [Debug  : LethalMin] Yellow Pikmin_Aq9v9 spawned with type Yellow Pikmin and ID: Yellow Pikmin_Aq9v9 At: (994.95, 996.11, 1001.75) random seed: 57037145 index: 33
[09:10:13.8631379] [Message: LethalMin] Spawning: Yellow Pikmin
[09:10:13.8646412] [Debug  : LethalMin] <ID Not Set>: Is linking onto LegAnimLink1
[09:10:13.8646412] [Debug  : LethalMin] <ID Not Set>: Setting collision mode to 0
[09:10:13.8711591] [Debug  : LethalMin] Yellow Pikmin: No sound pack found for generation Pikmin4, using default sound pack.
[09:10:13.8711591] [Debug  : LethalMin] InitalizedPikmin Type: Yellow Pikmin with ID: Yellow Pikmin_5OjKFE
[09:10:13.8711591] [Debug  : LethalMin] Yellow Pikmin_5OjKFE: Using Cached growth objects
[09:10:13.8711591] [Info   : LethalMin] Yellow Pikmin_5OjKFE: Setting growth stage to 0
[09:10:13.8711591] [Debug  : LethalMin] Yellow Pikmin_IkVZWQe: Removed Leader
[09:10:13.8711591] [Debug  : LethalMin] Yellow Pikmin_IkVZWQe: Setting collision mode to 1
[09:10:13.8711591] [Warning: Unity Log] Failed to create agent because it is not close enough to the NavMesh
[09:10:13.8711591] [Info   : LethalMin] Yellow Pikmin_IkVZWQe: Assigned Leader: MasaeAhmya (0)
[09:10:13.8711591] [Warning: Unity Log] YellowPikmin4 Pik Animation State '' not found
[09:10:13.8721561] [Info   : LethalMin] Yellow Pikmin_IkVZWQe: Setting growth stage to 2
[09:10:13.8721561] [Debug  : LethalMin] Yellow Pikmin_IkVZWQe spawned with type Yellow Pikmin and ID: Yellow Pikmin_IkVZWQe At: (994.95, 996.11, 1001.75) random seed: 57037148 index: 34
[09:10:13.8786667] [Message: LethalMin] Spawning: Yellow Pikmin
[09:10:13.8806687] [Debug  : LethalMin] <ID Not Set>: Is linking onto LegAnimLink3
[09:10:13.8806687] [Debug  : LethalMin] <ID Not Set>: Setting collision mode to 0
[09:10:13.8876882] [Debug  : LethalMin] Yellow Pikmin: No sound pack found for generation Pikmin4, using default sound pack.
[09:10:13.8876882] [Debug  : LethalMin] InitalizedPikmin Type: Yellow Pikmin with ID: Yellow Pikmin_yUNgs
[09:10:13.8876882] [Debug  : LethalMin] Yellow Pikmin_yUNgs: Using Cached growth objects
[09:10:13.8876882] [Info   : LethalMin] Yellow Pikmin_yUNgs: Setting growth stage to 0
[09:10:13.8876882] [Debug  : LethalMin] Yellow Pikmin_khCd: Removed Leader
[09:10:13.8876882] [Debug  : LethalMin] Yellow Pikmin_khCd: Setting collision mode to 1
[09:10:13.8876882] [Warning: Unity Log] Failed to create agent because it is not close enough to the NavMesh
[09:10:13.8876882] [Info   : LethalMin] Yellow Pikmin_khCd: Assigned Leader: MasaeAhmya (0)
[09:10:13.8876882] [Warning: Unity Log] YellowPikmin4 Pik Animation State '' not found
[09:10:13.8876882] [Info   : LethalMin] Yellow Pikmin_khCd: Setting growth stage to 2
[09:10:13.8886884] [Debug  : LethalMin] Yellow Pikmin_khCd spawned with type Yellow Pikmin and ID: Yellow Pikmin_khCd At: (994.95, 996.11, 1001.75) random seed: 57037151 index: 35
[09:10:13.9487667] [Message: LethalMin] Spawning: Yellow Pikmin
[09:10:13.9507681] [Debug  : LethalMin] <ID Not Set>: Is linking onto LegAnimLink1
[09:10:13.9507681] [Debug  : LethalMin] <ID Not Set>: Setting collision mode to 0
[09:10:13.9668047] [Debug  : LethalMin] Yellow Pikmin: No sound pack found for generation Pikmin4, using default sound pack.
[09:10:13.9668047] [Debug  : LethalMin] InitalizedPikmin Type: Yellow Pikmin with ID: Yellow Pikmin_ra12Vv9
[09:10:13.9668047] [Debug  : LethalMin] Yellow Pikmin_ra12Vv9: Using Cached growth objects
[09:10:13.9668047] [Info   : LethalMin] Yellow Pikmin_ra12Vv9: Setting growth stage to 0
[09:10:13.9668047] [Debug  : LethalMin] Yellow Pikmin_LuMKh: Removed Leader
[09:10:13.9668047] [Debug  : LethalMin] Yellow Pikmin_LuMKh: Setting collision mode to 1
[09:10:13.9668047] [Warning: Unity Log] Failed to create agent because it is not close enough to the NavMesh
[09:10:13.9668047] [Info   : LethalMin] Yellow Pikmin_LuMKh: Assigned Leader: MasaeAhmya (0)
[09:10:13.9668047] [Warning: Unity Log] YellowPikmin4 Pik Animation State '' not found
[09:10:13.9668047] [Info   : LethalMin] Yellow Pikmin_LuMKh: Setting growth stage to 2
[09:10:13.9668047] [Debug  : LethalMin] Yellow Pikmin_LuMKh spawned with type Yellow Pikmin and ID: Yellow Pikmin_LuMKh At: (994.95, 996.11, 1001.75) random seed: 57037154 index: 36
[09:10:13.9743097] [Message: LethalMin] Spawning: Yellow Pikmin
[09:10:13.9773146] [Debug  : LethalMin] <ID Not Set>: Is linking onto LegAnimLink1
[09:10:13.9773146] [Debug  : LethalMin] <ID Not Set>: Setting collision mode to 0
[09:10:13.9843240] [Debug  : LethalMin] Yellow Pikmin: No sound pack found for generation Pikmin4, using default sound pack.
[09:10:13.9843240] [Debug  : LethalMin] InitalizedPikmin Type: Yellow Pikmin with ID: Yellow Pikmin_jgfO7
[09:10:13.9843240] [Debug  : LethalMin] Yellow Pikmin_jgfO7: Using Cached growth objects
[09:10:13.9843240] [Info   : LethalMin] Yellow Pikmin_jgfO7: Setting growth stage to 0
[09:10:13.9843240] [Debug  : LethalMin] Yellow Pikmin_VhJAgo: Removed Leader
[09:10:13.9843240] [Debug  : LethalMin] Yellow Pikmin_VhJAgo: Setting collision mode to 1
[09:10:13.9843240] [Warning: Unity Log] Failed to create agent because it is not close enough to the NavMesh
[09:10:13.9843240] [Info   : LethalMin] Yellow Pikmin_VhJAgo: Assigned Leader: MasaeAhmya (0)
[09:10:13.9853302] [Warning: Unity Log] YellowPikmin4 Pik Animation State '' not found
[09:10:13.9853302] [Info   : LethalMin] Yellow Pikmin_VhJAgo: Setting growth stage to 2
[09:10:13.9853302] [Debug  : LethalMin] Yellow Pikmin_VhJAgo spawned with type Yellow Pikmin and ID: Yellow Pikmin_VhJAgo At: (994.95, 996.11, 1001.75) random seed: 57037157 index: 37
[09:10:13.9928312] [Message: LethalMin] Spawning: Yellow Pikmin
[09:10:13.9953404] [Debug  : LethalMin] <ID Not Set>: Is linking onto LegAnimLink2
[09:10:13.9953404] [Debug  : LethalMin] <ID Not Set>: Setting collision mode to 0
[09:10:14.0028556] [Debug  : LethalMin] Yellow Pikmin: No sound pack found for generation Pikmin4, using default sound pack.
[09:10:14.0028556] [Debug  : LethalMin] InitalizedPikmin Type: Yellow Pikmin with ID: Yellow Pikmin_cmIkkc9
[09:10:14.0028556] [Debug  : LethalMin] Yellow Pikmin_cmIkkc9: Using Cached growth objects
[09:10:14.0028556] [Info   : LethalMin] Yellow Pikmin_cmIkkc9: Setting growth stage to 0
[09:10:14.0028556] [Debug  : LethalMin] Yellow Pikmin_pxom: Removed Leader
[09:10:14.0028556] [Debug  : LethalMin] Yellow Pikmin_pxom: Setting collision mode to 1
[09:10:14.0028556] [Warning: Unity Log] Failed to create agent because it is not close enough to the NavMesh
[09:10:14.0028556] [Info   : LethalMin] Yellow Pikmin_pxom: Assigned Leader: MasaeAhmya (0)
[09:10:14.0028556] [Warning: Unity Log] YellowPikmin4 Pik Animation State '' not found
[09:10:14.0028556] [Info   : LethalMin] Yellow Pikmin_pxom: Setting growth stage to 2
[09:10:14.0028556] [Debug  : LethalMin] Yellow Pikmin_pxom spawned with type Yellow Pikmin and ID: Yellow Pikmin_pxom At: (994.95, 996.11, 1001.75) random seed: 57037160 index: 38
[09:10:14.0644161] [Message: LethalMin] Spawning: Yellow Pikmin
[09:10:14.0664196] [Debug  : LethalMin] <ID Not Set>: Is linking onto LegAnimLink2
[09:10:14.0664196] [Debug  : LethalMin] <ID Not Set>: Setting collision mode to 0
[09:10:14.0729274] [Debug  : LethalMin] Yellow Pikmin: No sound pack found for generation Pikmin4, using default sound pack.
[09:10:14.0729274] [Debug  : LethalMin] InitalizedPikmin Type: Yellow Pikmin with ID: Yellow Pikmin_Usw6Mx
[09:10:14.0729274] [Debug  : LethalMin] Yellow Pikmin_Usw6Mx: Using Cached growth objects
[09:10:14.0729274] [Info   : LethalMin] Yellow Pikmin_Usw6Mx: Setting growth stage to 0
[09:10:14.0729274] [Debug  : LethalMin] Yellow Pikmin_8LNgEB: Removed Leader
[09:10:14.0729274] [Debug  : LethalMin] Yellow Pikmin_8LNgEB: Setting collision mode to 1
[09:10:14.0729274] [Warning: Unity Log] Failed to create agent because it is not close enough to the NavMesh
[09:10:14.0729274] [Info   : LethalMin] Yellow Pikmin_8LNgEB: Assigned Leader: MasaeAhmya (0)
[09:10:14.0729274] [Warning: Unity Log] YellowPikmin4 Pik Animation State '' not found
[09:10:14.0729274] [Info   : LethalMin] Yellow Pikmin_8LNgEB: Setting growth stage to 2
[09:10:14.0729274] [Debug  : LethalMin] Yellow Pikmin_8LNgEB spawned with type Yellow Pikmin and ID: Yellow Pikmin_8LNgEB At: (994.95, 996.11, 1001.75) random seed: 57037163 index: 39
[09:10:14.0804335] [Message: LethalMin] Spawning: Yellow Pikmin
[09:10:14.0829391] [Debug  : LethalMin] <ID Not Set>: Is linking onto LegAnimLink3
[09:10:14.0829391] [Debug  : LethalMin] <ID Not Set>: Setting collision mode to 0
[09:10:14.0894462] [Debug  : LethalMin] Yellow Pikmin: No sound pack found for generation Pikmin4, using default sound pack.
[09:10:14.0894462] [Debug  : LethalMin] InitalizedPikmin Type: Yellow Pikmin with ID: Yellow Pikmin_NyaS
[09:10:14.0894462] [Debug  : LethalMin] Yellow Pikmin_NyaS: Using Cached growth objects
[09:10:14.0894462] [Info   : LethalMin] Yellow Pikmin_NyaS: Setting growth stage to 0
[09:10:14.0894462] [Debug  : LethalMin] Yellow Pikmin_XYErHj: Removed Leader
[09:10:14.0894462] [Debug  : LethalMin] Yellow Pikmin_XYErHj: Setting collision mode to 1
[09:10:14.0894462] [Warning: Unity Log] Failed to create agent because it is not close enough to the NavMesh
[09:10:14.0904460] [Info   : LethalMin] Yellow Pikmin_XYErHj: Assigned Leader: MasaeAhmya (0)
[09:10:14.0904460] [Warning: Unity Log] YellowPikmin4 Pik Animation State '' not found
[09:10:14.0904460] [Info   : LethalMin] Yellow Pikmin_XYErHj: Setting growth stage to 2
[09:10:14.0904460] [Debug  : LethalMin] Yellow Pikmin_XYErHj spawned with type Yellow Pikmin and ID: Yellow Pikmin_XYErHj At: (994.95, 996.11, 1001.75) random seed: 57037166 index: 40
[09:10:14.0967840] [Message: LethalMin] Spawning: Yellow Pikmin
[09:10:14.0989660] [Debug  : LethalMin] <ID Not Set>: Is linking onto LegAnimLink2
[09:10:14.0989660] [Debug  : LethalMin] <ID Not Set>: Setting collision mode to 0
[09:10:14.1154980] [Debug  : LethalMin] Yellow Pikmin: No sound pack found for generation Pikmin4, using default sound pack.
[09:10:14.1154980] [Debug  : LethalMin] InitalizedPikmin Type: Yellow Pikmin with ID: Yellow Pikmin_F4Dobe
[09:10:14.1154980] [Debug  : LethalMin] Yellow Pikmin_F4Dobe: Using Cached growth objects
[09:10:14.1154980] [Info   : LethalMin] Yellow Pikmin_F4Dobe: Setting growth stage to 0
[09:10:14.1154980] [Debug  : LethalMin] Yellow Pikmin_2nE2lyy: Removed Leader
[09:10:14.1154980] [Debug  : LethalMin] Yellow Pikmin_2nE2lyy: Setting collision mode to 1
[09:10:14.1154980] [Warning: Unity Log] Failed to create agent because it is not close enough to the NavMesh
[09:10:14.1154980] [Info   : LethalMin] Yellow Pikmin_2nE2lyy: Assigned Leader: MasaeAhmya (0)
[09:10:14.1154980] [Warning: Unity Log] YellowPikmin4 Pik Animation State '' not found
[09:10:14.1154980] [Info   : LethalMin] Yellow Pikmin_2nE2lyy: Setting growth stage to 2
[09:10:14.1154980] [Debug  : LethalMin] Yellow Pikmin_2nE2lyy spawned with type Yellow Pikmin and ID: Yellow Pikmin_2nE2lyy At: (994.95, 996.11, 1001.75) random seed: 57037169 index: 41
[09:10:14.1275195] [Warning: Unity Log] PlayOneShot was called with a null AudioClip.
[09:10:14.1630615] [Message: LethalMin] Spawning: Yellow Pikmin
[09:10:14.1655675] [Debug  : LethalMin] <ID Not Set>: Is linking onto LegAnimLink2
[09:10:14.1655675] [Debug  : LethalMin] <ID Not Set>: Setting collision mode to 0
[09:10:14.1730817] [Debug  : LethalMin] Yellow Pikmin: No sound pack found for generation Pikmin4, using default sound pack.
[09:10:14.1730817] [Debug  : LethalMin] InitalizedPikmin Type: Yellow Pikmin with ID: Yellow Pikmin_8ArA
[09:10:14.1730817] [Debug  : LethalMin] Yellow Pikmin_8ArA: Using Cached growth objects
[09:10:14.1730817] [Info   : LethalMin] Yellow Pikmin_8ArA: Setting growth stage to 0
[09:10:14.1730817] [Debug  : LethalMin] Yellow Pikmin_PerDu: Removed Leader
[09:10:14.1730817] [Debug  : LethalMin] Yellow Pikmin_PerDu: Setting collision mode to 1
[09:10:14.1730817] [Warning: Unity Log] Failed to create agent because it is not close enough to the NavMesh
[09:10:14.1730817] [Info   : LethalMin] Yellow Pikmin_PerDu: Assigned Leader: MasaeAhmya (0)
[09:10:14.1730817] [Warning: Unity Log] YellowPikmin4 Pik Animation State '' not found
[09:10:14.1730817] [Info   : LethalMin] Yellow Pikmin_PerDu: Setting growth stage to 2
[09:10:14.1730817] [Debug  : LethalMin] Yellow Pikmin_PerDu spawned with type Yellow Pikmin and ID: Yellow Pikmin_PerDu At: (994.95, 996.11, 1001.75) random seed: 57037172 index: 42
[09:10:14.1795871] [Message: LethalMin] Spawning: Yellow Pikmin
[09:10:14.1830931] [Debug  : LethalMin] <ID Not Set>: Is linking onto LegAnimLink3
[09:10:14.1830931] [Debug  : LethalMin] <ID Not Set>: Setting collision mode to 0
[09:10:14.1916078] [Debug  : LethalMin] Yellow Pikmin: No sound pack found for generation Pikmin4, using default sound pack.
[09:10:14.1916078] [Debug  : LethalMin] InitalizedPikmin Type: Yellow Pikmin with ID: Yellow Pikmin_1GVWqKg
[09:10:14.1916078] [Debug  : LethalMin] Yellow Pikmin_1GVWqKg: Using Cached growth objects
[09:10:14.1916078] [Info   : LethalMin] Yellow Pikmin_1GVWqKg: Setting growth stage to 0
[09:10:14.1916078] [Debug  : LethalMin] Yellow Pikmin_ruCpzY: Removed Leader
[09:10:14.1916078] [Debug  : LethalMin] Yellow Pikmin_ruCpzY: Setting collision mode to 1
[09:10:14.1916078] [Warning: Unity Log] Failed to create agent because it is not close enough to the NavMesh
[09:10:14.1916078] [Info   : LethalMin] Yellow Pikmin_ruCpzY: Assigned Leader: MasaeAhmya (0)
[09:10:14.1916078] [Warning: Unity Log] YellowPikmin4 Pik Animation State '' not found
[09:10:14.1916078] [Info   : LethalMin] Yellow Pikmin_ruCpzY: Setting growth stage to 2
[09:10:14.1916078] [Debug  : LethalMin] Yellow Pikmin_ruCpzY spawned with type Yellow Pikmin and ID: Yellow Pikmin_ruCpzY At: (994.95, 996.11, 1001.75) random seed: 57037175 index: 43
[09:10:14.1987157] [Message: LethalMin] Spawning: Yellow Pikmin
[09:10:14.2012182] [Debug  : LethalMin] <ID Not Set>: Is linking onto LegAnimLink3
[09:10:14.2012182] [Debug  : LethalMin] <ID Not Set>: Setting collision mode to 0
[09:10:14.2172599] [Debug  : LethalMin] Yellow Pikmin: No sound pack found for generation Pikmin4, using default sound pack.
[09:10:14.2172599] [Debug  : LethalMin] InitalizedPikmin Type: Yellow Pikmin with ID: Yellow Pikmin_tM8rT
[09:10:14.2172599] [Debug  : LethalMin] Yellow Pikmin_tM8rT: Using Cached growth objects
[09:10:14.2172599] [Info   : LethalMin] Yellow Pikmin_tM8rT: Setting growth stage to 0
[09:10:14.2172599] [Debug  : LethalMin] Yellow Pikmin_hcRGph: Removed Leader
[09:10:14.2182598] [Debug  : LethalMin] Yellow Pikmin_hcRGph: Setting collision mode to 1
[09:10:14.2182598] [Warning: Unity Log] Failed to create agent because it is not close enough to the NavMesh
[09:10:14.2182598] [Info   : LethalMin] Yellow Pikmin_hcRGph: Assigned Leader: MasaeAhmya (0)
[09:10:14.2182598] [Warning: Unity Log] YellowPikmin4 Pik Animation State '' not found
[09:10:14.2182598] [Info   : LethalMin] Yellow Pikmin_hcRGph: Setting growth stage to 2
[09:10:14.2182598] [Debug  : LethalMin] Yellow Pikmin_hcRGph spawned with type Yellow Pikmin and ID: Yellow Pikmin_hcRGph At: (994.95, 996.11, 1001.75) random seed: 57037178 index: 44
[09:10:14.4886673] [Warning: Unity Log] PlayOneShot was called with a null AudioClip.
[09:10:14.4996790] [Info   :ReservedItemSlotCore-2.0.41] Focusing reserved hotbar slots. NewIndex: 7 OldIndex: 0 ReservedStartIndex: 4
[09:10:14.7481735] [Debug  : LethalMin] Yellow Pikmin_apYy5: Setting collision mode to 1
[09:10:14.7687064] [Debug  : LethalMin] Yellow Pikmin_G5l3h: Setting collision mode to 1
[09:10:14.7797288] [Debug  : LethalMin] Yellow Pikmin_3wnH: Setting collision mode to 1
[09:10:14.8546028] [Debug  : LethalMin] Yellow Pikmin_Aq9v9: Setting collision mode to 1
[09:10:14.8646201] [Debug  : LethalMin] Yellow Pikmin_IkVZWQe: Setting collision mode to 1
[09:10:14.8756378] [Debug  : LethalMin] Yellow Pikmin_khCd: Setting collision mode to 1
[09:10:14.9554619] [Debug  : LethalMin] Yellow Pikmin_LuMKh: Setting collision mode to 1
[09:10:14.9664812] [Debug  : LethalMin] Yellow Pikmin_VhJAgo: Setting collision mode to 1
[09:10:14.9895230] [Debug  : LethalMin] Yellow Pikmin_pxom: Setting collision mode to 1
[09:10:15.0646984] [Debug  : LethalMin] Yellow Pikmin_8LNgEB: Setting collision mode to 1
[09:10:15.0873446] [Debug  : LethalMin] Yellow Pikmin_XYErHj: Setting collision mode to 1
[09:10:15.0993565] [Debug  : LethalMin] Yellow Pikmin_2nE2lyy: Setting collision mode to 1
[09:10:15.1652871] [Debug  : LethalMin] Yellow Pikmin_PerDu: Setting collision mode to 1
[09:10:15.1768416] [Debug  : LethalMin] Yellow Pikmin_ruCpzY: Setting collision mode to 1
[09:10:15.1993807] [Debug  : LethalMin] Yellow Pikmin_hcRGph: Setting collision mode to 1
[09:10:15.5231741] [Info   : Unity Log] Is jetpack audio playing?: True
[09:10:15.6047146] [Warning:S1.39 Compatibility Fixes] [ThumperPikminGuard] Blocked Crawler/Thumper -> Pikmin GrabPikmin before leader/grab/death-timer state mutation.
[09:10:15.8889771] [Warning: Unity Log] PlayOneShot was called with a null AudioClip.
[09:10:16.4492410] [Warning: Unity Log] PlayOneShot was called with a null AudioClip.
[09:10:17.8199693] [Warning:S1.39 Compatibility Fixes] [ThumperPikminGuard] Blocked Crawler/Thumper -> Pikmin GrabPikmin before leader/grab/death-timer state mutation.
[09:10:18.3420452] [Info   : Unity Log] Is jetpack audio playing?: True
[09:10:18.7958669] [Warning: Unity Log] PlayOneShot was called with a null AudioClip.
[09:10:18.8802097] [Info   : Unity Log] Is jetpack audio playing?: True
[09:10:19.6255743] [Info   : Unity Log] Is jetpack audio playing?: True
[09:10:20.0163665] [Warning:S1.39 Compatibility Fixes] [ThumperPikminGuard] Blocked Crawler/Thumper -> Pikmin GrabPikmin before leader/grab/death-timer state mutation.
[09:10:20.1047287] [Info   : Unity Log] Is jetpack audio playing?: True
[09:10:21.1530561] [Warning: Unity Log] PlayOneShot was called with a null AudioClip.
[09:10:21.6793340] [Info   : Unity Log] Is jetpack audio playing?: True
[09:10:21.7711883] [Warning: Unity Log] PlayOneShot was called with a null AudioClip.
[09:10:22.2379668] [Warning:S1.39 Compatibility Fixes] [ThumperPikminGuard] Blocked Crawler/Thumper -> Pikmin GrabPikmin before leader/grab/death-timer state mutation.
[09:10:22.2379668] [Warning:S1.39 Compatibility Fixes] [ThumperPikminGuard] Blocked Crawler/Thumper -> Pikmin GrabPikmin before leader/grab/death-timer state mutation.
[09:10:23.0048628] [Info   : Unity Log] Is jetpack audio playing?: True
[09:10:23.4903062] [Warning: Unity Log] PlayOneShot was called with a null AudioClip.
[09:10:23.7488971] [Debug  :   Coroner] Querying target player parameters pre-death...
[09:10:23.7488971] [Debug  :   Coroner] Query successful!True
[09:10:24.4532384] [Warning:S1.39 Compatibility Fixes] [ThumperPikminGuard] Blocked Crawler/Thumper -> Pikmin GrabPikmin before leader/grab/death-timer state mutation.
[09:10:24.4532384] [Warning:S1.39 Compatibility Fixes] [ThumperPikminGuard] Blocked Crawler/Thumper -> Pikmin GrabPikmin before leader/grab/death-timer state mutation.
[09:10:24.4979193] [Info   :ReservedItemSlotCore-2.0.41] Unfocusing reserved hotbar slots. NewIndex: 0 OldIndex: 7 ReservedStartIndex: 4
[09:10:24.9179899] [Info   :ReservedItemSlotCore-2.0.41] Focusing reserved hotbar slots. NewIndex: 7 OldIndex: 0 ReservedStartIndex: 4
[09:10:25.1531033] [Warning: Unity Log] PlayOneShot was called with a null AudioClip.
[09:10:25.4752389] [Info   : Unity Log] DROP ITEM AHEAD
[09:10:25.4752389] [Info   : Unity Log] Got raycast hit
[09:10:25.4752389] [Info   : Unity Log] Startpos: (129.16, 16.51, -56.63)
[09:10:25.4762406] [Warning: Unity Log] Parent of RectTransform is being set with parent property. Consider using the SetParent method instead, with the worldPositionStays argument set to false. This will retain local orientation and scale rather than world orientation and scale, which can prevent common UI scaling issues.
[09:10:25.4772412] [Info   : Unity Log] Owner of jetpack?: True
[09:10:25.4772412] [Info   : Unity Log] Is dead?: False
[09:10:25.4772412] [Debug  : LightsOut] DiscardItem Jetpack
[09:10:25.8332589] [Warning: Unity Log] PlayOneShot was called with a null AudioClip.
[09:10:26.6767563] [Warning:S1.39 Compatibility Fixes] [ThumperPikminGuard] Blocked Crawler/Thumper -> Pikmin GrabPikmin before leader/grab/death-timer state mutation.
[09:10:26.6767563] [Warning:S1.39 Compatibility Fixes] [ThumperPikminGuard] Blocked Crawler/Thumper -> Pikmin GrabPikmin before leader/grab/death-timer state mutation.
[09:10:27.6089980] [Info   : Unity Log] Called finishopeningentrance (False)
[09:10:27.6089980] [Info   : Unity Log] 'EntranceTeleportA' STOPPING entrancePointAudio
[09:10:27.6180018] [Debug  :PizzaTowerEscapeMusic GameEventListener] Player entered facility
[09:10:27.6180018] [Debug  : LethalMin] Setting pikmin to entrance: True
[09:10:27.6200048] [Info   : LethalMin] Purple Pikmin_7BFfo: Warping to position around leader at angle -90 degrees
[09:10:27.6200048] [Info   : LethalMin] Purple Pikmin_u0kg: Warping to position around leader at angle -82.5 degrees
[09:10:27.6200048] [Info   : LethalMin] Purple Pikmin_OcBGak3: Warping to position around leader at angle -75 degrees
[09:10:27.6200048] [Info   : LethalMin] Purple Pikmin_mz1iY5: Warping to position around leader at angle -67.5 degrees
[09:10:27.6200048] [Info   : LethalMin] Purple Pikmin_29ihL: Warping to position around leader at angle -60 degrees
[09:10:27.6200048] [Info   : LethalMin] Purple Pikmin_Dhx8wa: Warping to position around leader at angle -52.5 degrees
[09:10:27.6200048] [Info   : LethalMin] Purple Pikmin_AvqI: Warping to position around leader at angle -45 degrees
[09:10:27.6200048] [Info   : LethalMin] Purple Pikmin_UHnG: Warping to position around leader at angle -37.5 degrees
[09:10:27.6200048] [Info   : LethalMin] Purple Pikmin_ebVMo4: Warping to position around leader at angle -30 degrees
[09:10:27.6200048] [Info   : LethalMin] Purple Pikmin_TXU0fYU: Warping to position around leader at angle -22.5 degrees
[09:10:27.6200048] [Info   : LethalMin] Yellow Pikmin_apYy5: Warping to position around leader at angle -15 degrees
[09:10:27.6200048] [Info   : LethalMin] Yellow Pikmin_G5l3h: Warping to position around leader at angle -7.5 degrees
[09:10:27.6200048] [Info   : LethalMin] Yellow Pikmin_3wnH: Warping to position around leader at angle 0 degrees
[09:10:27.6200048] [Info   : LethalMin] Yellow Pikmin_Aq9v9: Warping to position around leader at angle 7.5 degrees
[09:10:27.6200048] [Info   : LethalMin] Yellow Pikmin_IkVZWQe: Warping to position around leader at angle 15 degrees
[09:10:27.6200048] [Info   : LethalMin] Yellow Pikmin_khCd: Warping to position around leader at angle 22.5 degrees
[09:10:27.6200048] [Info   : LethalMin] Yellow Pikmin_LuMKh: Warping to position around leader at angle 30 degrees
[09:10:27.6200048] [Info   : LethalMin] Yellow Pikmin_VhJAgo: Warping to position around leader at angle 37.5 degrees
[09:10:27.6200048] [Info   : LethalMin] Yellow Pikmin_pxom: Warping to position around leader at angle 45 degrees
[09:10:27.6200048] [Info   : LethalMin] Yellow Pikmin_8LNgEB: Warping to position around leader at angle 52.5 degrees
[09:10:27.6200048] [Info   : LethalMin] Yellow Pikmin_XYErHj: Warping to position around leader at angle 60 degrees
[09:10:27.6200048] [Info   : LethalMin] Yellow Pikmin_2nE2lyy: Warping to position around leader at angle 67.5 degrees
[09:10:27.6200048] [Info   : LethalMin] Yellow Pikmin_PerDu: Warping to position around leader at angle 75 degrees
[09:10:27.6200048] [Info   : LethalMin] Yellow Pikmin_ruCpzY: Warping to position around leader at angle 82.5 degrees
[09:10:27.6200048] [Info   : LethalMin] Yellow Pikmin_hcRGph: Warping to position around leader at angle 90 degrees
[09:10:27.6210048] [Debug  : LethalMin] Setting pikmin to entrance: True
[09:10:27.6210048] [Info   : LethalMin] Purple Pikmin_7BFfo: Warping to position around leader at angle -90 degrees
[09:10:27.6210048] [Info   : LethalMin] Purple Pikmin_u0kg: Warping to position around leader at angle -82.5 degrees
[09:10:27.6210048] [Info   : LethalMin] Purple Pikmin_OcBGak3: Warping to position around leader at angle -75 degrees
[09:10:27.6210048] [Info   : LethalMin] Purple Pikmin_mz1iY5: Warping to position around leader at angle -67.5 degrees
[09:10:27.6210048] [Info   : LethalMin] Purple Pikmin_29ihL: Warping to position around leader at angle -60 degrees
[09:10:27.6210048] [Info   : LethalMin] Purple Pikmin_Dhx8wa: Warping to position around leader at angle -52.5 degrees
[09:10:27.6210048] [Info   : LethalMin] Purple Pikmin_AvqI: Warping to position around leader at angle -45 degrees
[09:10:27.6210048] [Info   : LethalMin] Purple Pikmin_UHnG: Warping to position around leader at angle -37.5 degrees
[09:10:27.6210048] [Info   : LethalMin] Purple Pikmin_ebVMo4: Warping to position around leader at angle -30 degrees
[09:10:27.6210048] [Info   : LethalMin] Purple Pikmin_TXU0fYU: Warping to position around leader at angle -22.5 degrees
[09:10:27.6210048] [Info   : LethalMin] Yellow Pikmin_apYy5: Warping to position around leader at angle -15 degrees
[09:10:27.6210048] [Info   : LethalMin] Yellow Pikmin_G5l3h: Warping to position around leader at angle -7.5 degrees
[09:10:27.6210048] [Info   : LethalMin] Yellow Pikmin_3wnH: Warping to position around leader at angle 0 degrees
[09:10:27.6210048] [Info   : LethalMin] Yellow Pikmin_Aq9v9: Warping to position around leader at angle 7.5 degrees
[09:10:27.6210048] [Info   : LethalMin] Yellow Pikmin_IkVZWQe: Warping to position around leader at angle 15 degrees
[09:10:27.6210048] [Info   : LethalMin] Yellow Pikmin_khCd: Warping to position around leader at angle 22.5 degrees
[09:10:27.6210048] [Info   : LethalMin] Yellow Pikmin_LuMKh: Warping to position around leader at angle 30 degrees
[09:10:27.6210048] [Info   : LethalMin] Yellow Pikmin_VhJAgo: Warping to position around leader at angle 37.5 degrees
[09:10:27.6210048] [Info   : LethalMin] Yellow Pikmin_pxom: Warping to position around leader at angle 45 degrees
[09:10:27.6210048] [Info   : LethalMin] Yellow Pikmin_8LNgEB: Warping to position around leader at angle 52.5 degrees
[09:10:27.6210048] [Info   : LethalMin] Yellow Pikmin_XYErHj: Warping to position around leader at angle 60 degrees
[09:10:27.6210048] [Info   : LethalMin] Yellow Pikmin_2nE2lyy: Warping to position around leader at angle 67.5 degrees
[09:10:27.6210048] [Info   : LethalMin] Yellow Pikmin_PerDu: Warping to position around leader at angle 75 degrees
[09:10:27.6210048] [Info   : LethalMin] Yellow Pikmin_ruCpzY: Warping to position around leader at angle 82.5 degrees
[09:10:27.6210048] [Info   : LethalMin] Yellow Pikmin_hcRGph: Warping to position around leader at angle 90 degrees
[09:10:27.7482106] [Error  : Unity Log] No more space in Reflection Probe Atlas. To solve this issue, increase the size of the Reflection Probe Atlas in the HDRP settings.
[09:10:27.7667433] [Error  : Unity Log] No more space in Reflection Probe Atlas. To solve this issue, increase the size of the Reflection Probe Atlas in the HDRP settings.
[09:10:27.7782694] [Error  : Unity Log] No more space in Reflection Probe Atlas. To solve this issue, increase the size of the Reflection Probe Atlas in the HDRP settings.
[09:10:27.7882856] [Error  : Unity Log] No more space in Reflection Probe Atlas. To solve this issue, increase the size of the Reflection Probe Atlas in the HDRP settings.
[09:10:27.8003074] [Error  : Unity Log] No more space in Reflection Probe Atlas. To solve this issue, increase the size of the Reflection Probe Atlas in the HDRP settings.
[09:10:27.8093630] [Error  : Unity Log] No more space in Reflection Probe Atlas. To solve this issue, increase the size of the Reflection Probe Atlas in the HDRP settings.
[09:10:27.8183707] [Error  : Unity Log] No more space in Reflection Probe Atlas. To solve this issue, increase the size of the Reflection Probe Atlas in the HDRP settings.
[09:10:27.8264020] [Error  : Unity Log] No more space in Reflection Probe Atlas. To solve this issue, increase the size of the Reflection Probe Atlas in the HDRP settings.
[09:10:27.8349403] [Error  : Unity Log] No more space in Reflection Probe Atlas. To solve this issue, increase the size of the Reflection Probe Atlas in the HDRP settings.
[09:10:27.8419463] [Error  : Unity Log] No more space in Reflection Probe Atlas. To solve this issue, increase the size of the Reflection Probe Atlas in the HDRP settings.
[09:10:27.8502726] [Error  : Unity Log] No more space in Reflection Probe Atlas. To solve this issue, increase the size of the Reflection Probe Atlas in the HDRP settings.
[09:10:27.8602956] [Error  : Unity Log] No more space in Reflection Probe Atlas. To solve this issue, increase the size of the Reflection Probe Atlas in the HDRP settings.
[09:10:27.8668019] [Error  : Unity Log] No more space in Reflection Probe Atlas. To solve this issue, increase the size of the Reflection Probe Atlas in the HDRP settings.
[09:10:27.8761353] [Error  : Unity Log] No more space in Reflection Probe Atlas. To solve this issue, increase the size of the Reflection Probe Atlas in the HDRP settings.
[09:10:27.8827211] [Error  : Unity Log] No more space in Reflection Probe Atlas. To solve this issue, increase the size of the Reflection Probe Atlas in the HDRP settings.
[09:10:27.8893529] [Error  : Unity Log] No more space in Reflection Probe Atlas. To solve this issue, increase the size of the Reflection Probe Atlas in the HDRP settings.
[09:10:27.8983734] [Error  : Unity Log] No more space in Reflection Probe Atlas. To solve this issue, increase the size of the Reflection Probe Atlas in the HDRP settings.
[09:10:27.9059119] [Error  : Unity Log] No more space in Reflection Probe Atlas. To solve this issue, increase the size of the Reflection Probe Atlas in the HDRP settings.
[09:10:27.9164406] [Error  : Unity Log] No more space in Reflection Probe Atlas. To solve this issue, increase the size of the Reflection Probe Atlas in the HDRP settings.
[09:10:27.9249433] [Error  : Unity Log] No more space in Reflection Probe Atlas. To solve this issue, increase the size of the Reflection Probe Atlas in the HDRP settings.
[09:10:27.9319466] [Error  : Unity Log] No more space in Reflection Probe Atlas. To solve this issue, increase the size of the Reflection Probe Atlas in the HDRP settings.
[09:10:27.9409600] [Error  : Unity Log] No more space in Reflection Probe Atlas. To solve this issue, increase the size of the Reflection Probe Atlas in the HDRP settings.
[09:10:27.9481707] [Error  : Unity Log] No more space in Reflection Probe Atlas. To solve this issue, increase the size of the Reflection Probe Atlas in the HDRP settings.
[09:10:27.9556766] [Error  : Unity Log] No more space in Reflection Probe Atlas. To solve this issue, increase the size of the Reflection Probe Atlas in the HDRP settings.
[09:10:27.9631853] [Error  : Unity Log] No more space in Reflection Probe Atlas. To solve this issue, increase the size of the Reflection Probe Atlas in the HDRP settings.
[09:10:27.9732090] [Error  : Unity Log] No more space in Reflection Probe Atlas. To solve this issue, increase the size of the Reflection Probe Atlas in the HDRP settings.
[09:10:27.9822329] [Error  : Unity Log] No more space in Reflection Probe Atlas. To solve this issue, increase the size of the Reflection Probe Atlas in the HDRP settings.
[09:10:27.9902520] [Error  : Unity Log] No more space in Reflection Probe Atlas. To solve this issue, increase the size of the Reflection Probe Atlas in the HDRP settings.
[09:10:27.9982632] [Error  : Unity Log] No more space in Reflection Probe Atlas. To solve this issue, increase the size of the Reflection Probe Atlas in the HDRP settings.
[09:10:28.0047735] [Error  : Unity Log] No more space in Reflection Probe Atlas. To solve this issue, increase the size of the Reflection Probe Atlas in the HDRP settings.
[09:10:28.0132564] [Error  : Unity Log] No more space in Reflection Probe Atlas. To solve this issue, increase the size of the Reflection Probe Atlas in the HDRP settings.
[09:10:28.0212728] [Error  : Unity Log] No more space in Reflection Probe Atlas. To solve this issue, increase the size of the Reflection Probe Atlas in the HDRP settings.
[09:10:28.0267837] [Error  : Unity Log] No more space in Reflection Probe Atlas. To solve this issue, increase the size of the Reflection Probe Atlas in the HDRP settings.
[09:10:28.0358029] [Error  : Unity Log] No more space in Reflection Probe Atlas. To solve this issue, increase the size of the Reflection Probe Atlas in the HDRP settings.
[09:10:28.0433135] [Error  : Unity Log] No more space in Reflection Probe Atlas. To solve this issue, increase the size of the Reflection Probe Atlas in the HDRP settings.
[09:10:28.0503313] [Error  : Unity Log] No more space in Reflection Probe Atlas. To solve this issue, increase the size of the Reflection Probe Atlas in the HDRP settings.
[09:10:28.0583402] [Error  : Unity Log] No more space in Reflection Probe Atlas. To solve this issue, increase the size of the Reflection Probe Atlas in the HDRP settings.
[09:10:28.0648473] [Error  : Unity Log] No more space in Reflection Probe Atlas. To solve this issue, increase the size of the Reflection Probe Atlas in the HDRP settings.
[09:10:28.0728719] [Error  : Unity Log] No more space in Reflection Probe Atlas. To solve this issue, increase the size of the Reflection Probe Atlas in the HDRP settings.
[09:10:28.0834373] [Error  : Unity Log] No more space in Reflection Probe Atlas. To solve this issue, increase the size of the Reflection Probe Atlas in the HDRP settings.
[09:10:28.0899552] [Error  : Unity Log] No more space in Reflection Probe Atlas. To solve this issue, increase the size of the Reflection Probe Atlas in the HDRP settings.
[09:10:28.0989699] [Error  : Unity Log] No more space in Reflection Probe Atlas. To solve this issue, increase the size of the Reflection Probe Atlas in the HDRP settings.
[09:10:28.1059922] [Error  : Unity Log] No more space in Reflection Probe Atlas. To solve this issue, increase the size of the Reflection Probe Atlas in the HDRP settings.
[09:10:28.1139963] [Error  : Unity Log] No more space in Reflection Probe Atlas. To solve this issue, increase the size of the Reflection Probe Atlas in the HDRP settings.
[09:10:28.1210538] [Error  : Unity Log] No more space in Reflection Probe Atlas. To solve this issue, increase the size of the Reflection Probe Atlas in the HDRP settings.
[09:10:28.1280687] [Error  : Unity Log] No more space in Reflection Probe Atlas. To solve this issue, increase the size of the Reflection Probe Atlas in the HDRP settings.
[09:10:28.1365798] [Error  : Unity Log] No more space in Reflection Probe Atlas. To solve this issue, increase the size of the Reflection Probe Atlas in the HDRP settings.
[09:10:28.1445967] [Error  : Unity Log] No more space in Reflection Probe Atlas. To solve this issue, increase the size of the Reflection Probe Atlas in the HDRP settings.
[09:10:28.1546147] [Error  : Unity Log] No more space in Reflection Probe Atlas. To solve this issue, increase the size of the Reflection Probe Atlas in the HDRP settings.
[09:10:28.1621271] [Error  : Unity Log] No more space in Reflection Probe Atlas. To solve this issue, increase the size of the Reflection Probe Atlas in the HDRP settings.
[09:10:28.1691422] [Error  : Unity Log] No more space in Reflection Probe Atlas. To solve this issue, increase the size of the Reflection Probe Atlas in the HDRP settings.
[09:10:28.1721434] [Warning: Unity Log] PlayOneShot was called with a null AudioClip.
[09:10:28.1781572] [Error  : Unity Log] No more space in Reflection Probe Atlas. To solve this issue, increase the size of the Reflection Probe Atlas in the HDRP settings.
[09:10:28.1846668] [Error  : Unity Log] No more space in Reflection Probe Atlas. To solve this issue, increase the size of the Reflection Probe Atlas in the HDRP settings.
[09:10:28.1933959] [Error  : Unity Log] No more space in Reflection Probe Atlas. To solve this issue, increase the size of the Reflection Probe Atlas in the HDRP settings.
[09:10:28.2004098] [Error  : Unity Log] No more space in Reflection Probe Atlas. To solve this issue, increase the size of the Reflection Probe Atlas in the HDRP settings.
[09:10:28.2080240] [Error  : Unity Log] No more space in Reflection Probe Atlas. To solve this issue, increase the size of the Reflection Probe Atlas in the HDRP settings.
[09:10:28.2395644] [Info   :LethalPerformance] Saved 1 save(s)
[09:10:28.2445704] [Error  : Unity Log] No more space in Reflection Probe Atlas. To solve this issue, increase the size of the Reflection Probe Atlas in the HDRP settings.
[09:10:28.2565877] [Error  : Unity Log] No more space in Reflection Probe Atlas. To solve this issue, increase the size of the Reflection Probe Atlas in the HDRP settings.
[09:10:28.2666036] [Error  : Unity Log] No more space in Reflection Probe Atlas. To solve this issue, increase the size of the Reflection Probe Atlas in the HDRP settings.
[09:10:28.2761277] [Error  : Unity Log] No more space in Reflection Probe Atlas. To solve this issue, increase the size of the Reflection Probe Atlas in the HDRP settings.
[09:10:28.2836333] [Error  : Unity Log] No more space in Reflection Probe Atlas. To solve this issue, increase the size of the Reflection Probe Atlas in the HDRP settings.
[09:10:28.2912179] [Error  : Unity Log] No more space in Reflection Probe Atlas. To solve this issue, increase the size of the Reflection Probe Atlas in the HDRP settings.
[09:10:28.2992692] [Error  : Unity Log] No more space in Reflection Probe Atlas. To solve this issue, increase the size of the Reflection Probe Atlas in the HDRP settings.
[09:10:28.3062854] [Error  : Unity Log] No more space in Reflection Probe Atlas. To solve this issue, increase the size of the Reflection Probe Atlas in the HDRP settings.
[09:10:28.3147918] [Error  : Unity Log] No more space in Reflection Probe Atlas. To solve this issue, increase the size of the Reflection Probe Atlas in the HDRP settings.
[09:10:28.3213060] [Error  : Unity Log] No more space in Reflection Probe Atlas. To solve this issue, increase the size of the Reflection Probe Atlas in the HDRP settings.
[09:10:28.3268109] [Error  : Unity Log] No more space in Reflection Probe Atlas. To solve this issue, increase the size of the Reflection Probe Atlas in the HDRP settings.
[09:10:28.3358316] [Error  : Unity Log] No more space in Reflection Probe Atlas. To solve this issue, increase the size of the Reflection Probe Atlas in the HDRP settings.
[09:10:28.3433984] [Error  : Unity Log] No more space in Reflection Probe Atlas. To solve this issue, increase the size of the Reflection Probe Atlas in the HDRP settings.
[09:10:28.3504159] [Error  : Unity Log] No more space in Reflection Probe Atlas. To solve this issue, increase the size of the Reflection Probe Atlas in the HDRP settings.
[09:10:28.3569223] [Error  : Unity Log] No more space in Reflection Probe Atlas. To solve this issue, increase the size of the Reflection Probe Atlas in the HDRP settings.
[09:10:28.3649316] [Error  : Unity Log] No more space in Reflection Probe Atlas. To solve this issue, increase the size of the Reflection Probe Atlas in the HDRP settings.
[09:10:28.3724451] [Error  : Unity Log] No more space in Reflection Probe Atlas. To solve this issue, increase the size of the Reflection Probe Atlas in the HDRP settings.
[09:10:28.3809611] [Error  : Unity Log] No more space in Reflection Probe Atlas. To solve this issue, increase the size of the Reflection Probe Atlas in the HDRP settings.
[09:10:28.3890924] [Error  : Unity Log] No more space in Reflection Probe Atlas. To solve this issue, increase the size of the Reflection Probe Atlas in the HDRP settings.
[09:10:28.3991818] [Error  : Unity Log] No more space in Reflection Probe Atlas. To solve this issue, increase the size of the Reflection Probe Atlas in the HDRP settings.
[09:10:28.4081950] [Error  : Unity Log] No more space in Reflection Probe Atlas. To solve this issue, increase the size of the Reflection Probe Atlas in the HDRP settings.
[09:10:28.4167041] [Error  : Unity Log] No more space in Reflection Probe Atlas. To solve this issue, increase the size of the Reflection Probe Atlas in the HDRP settings.
[09:10:28.4257249] [Error  : Unity Log] No more space in Reflection Probe Atlas. To solve this issue, increase the size of the Reflection Probe Atlas in the HDRP settings.
[09:10:28.4332362] [Error  : Unity Log] No more space in Reflection Probe Atlas. To solve this issue, increase the size of the Reflection Probe Atlas in the HDRP settings.
[09:10:28.4417565] [Error  : Unity Log] No more space in Reflection Probe Atlas. To solve this issue, increase the size of the Reflection Probe Atlas in the HDRP settings.
[09:10:28.4513537] [Error  : Unity Log] No more space in Reflection Probe Atlas. To solve this issue, increase the size of the Reflection Probe Atlas in the HDRP settings.
[09:10:28.4613691] [Error  : Unity Log] No more space in Reflection Probe Atlas. To solve this issue, increase the size of the Reflection Probe Atlas in the HDRP settings.
[09:10:28.4693851] [Error  : Unity Log] No more space in Reflection Probe Atlas. To solve this issue, increase the size of the Reflection Probe Atlas in the HDRP settings.
[09:10:28.4794016] [Error  : Unity Log] No more space in Reflection Probe Atlas. To solve this issue, increase the size of the Reflection Probe Atlas in the HDRP settings.
[09:10:28.4864154] [Error  : Unity Log] No more space in Reflection Probe Atlas. To solve this issue, increase the size of the Reflection Probe Atlas in the HDRP settings.
[09:10:28.4949269] [Error  : Unity Log] No more space in Reflection Probe Atlas. To solve this issue, increase the size of the Reflection Probe Atlas in the HDRP settings.
[09:10:28.5024348] [Error  : Unity Log] No more space in Reflection Probe Atlas. To solve this issue, increase the size of the Reflection Probe Atlas in the HDRP settings.
[09:10:28.5103338] [Error  : Unity Log] No more space in Reflection Probe Atlas. To solve this issue, increase the size of the Reflection Probe Atlas in the HDRP settings.
[09:10:28.5183428] [Error  : Unity Log] No more space in Reflection Probe Atlas. To solve this issue, increase the size of the Reflection Probe Atlas in the HDRP settings.
[09:10:28.5258552] [Error  : Unity Log] No more space in Reflection Probe Atlas. To solve this issue, increase the size of the Reflection Probe Atlas in the HDRP settings.
[09:10:28.5333640] [Error  : Unity Log] No more space in Reflection Probe Atlas. To solve this issue, increase the size of the Reflection Probe Atlas in the HDRP settings.
[09:10:28.5403798] [Error  : Unity Log] No more space in Reflection Probe Atlas. To solve this issue, increase the size of the Reflection Probe Atlas in the HDRP settings.
[09:10:28.5470644] [Error  : Unity Log] No more space in Reflection Probe Atlas. To solve this issue, increase the size of the Reflection Probe Atlas in the HDRP settings.
[09:10:28.5580801] [Error  : Unity Log] No more space in Reflection Probe Atlas. To solve this issue, increase the size of the Reflection Probe Atlas in the HDRP settings.
[09:10:28.5655942] [Error  : Unity Log] No more space in Reflection Probe Atlas. To solve this issue, increase the size of the Reflection Probe Atlas in the HDRP settings.
[09:10:28.5746069] [Error  : Unity Log] No more space in Reflection Probe Atlas. To solve this issue, increase the size of the Reflection Probe Atlas in the HDRP settings.
[09:10:28.5822371] [Error  : Unity Log] No more space in Reflection Probe Atlas. To solve this issue, increase the size of the Reflection Probe Atlas in the HDRP settings.
[09:10:28.5902557] [Error  : Unity Log] No more space in Reflection Probe Atlas. To solve this issue, increase the size of the Reflection Probe Atlas in the HDRP settings.
[09:10:28.5982910] [Error  : Unity Log] No more space in Reflection Probe Atlas. To solve this issue, increase the size of the Reflection Probe Atlas in the HDRP settings.
[09:10:28.6073161] [Error  : Unity Log] No more space in Reflection Probe Atlas. To solve this issue, increase the size of the Reflection Probe Atlas in the HDRP settings.
[09:10:28.6148229] [Error  : Unity Log] No more space in Reflection Probe Atlas. To solve this issue, increase the size of the Reflection Probe Atlas in the HDRP settings.
[09:10:28.6223340] [Error  : Unity Log] No more space in Reflection Probe Atlas. To solve this issue, increase the size of the Reflection Probe Atlas in the HDRP settings.
[09:10:28.6313538] [Error  : Unity Log] No more space in Reflection Probe Atlas. To solve this issue, increase the size of the Reflection Probe Atlas in the HDRP settings.
[09:10:28.6413703] [Error  : Unity Log] No more space in Reflection Probe Atlas. To solve this issue, increase the size of the Reflection Probe Atlas in the HDRP settings.
[09:10:28.6494506] [Error  : Unity Log] No more space in Reflection Probe Atlas. To solve this issue, increase the size of the Reflection Probe Atlas in the HDRP settings.
[09:10:28.6569590] [Error  : Unity Log] No more space in Reflection Probe Atlas. To solve this issue, increase the size of the Reflection Probe Atlas in the HDRP settings.
[09:10:28.6639581] [Error  : Unity Log] No more space in Reflection Probe Atlas. To solve this issue, increase the size of the Reflection Probe Atlas in the HDRP settings.
[09:10:28.6710386] [Error  : Unity Log] No more space in Reflection Probe Atlas. To solve this issue, increase the size of the Reflection Probe Atlas in the HDRP settings.
[09:10:28.6790618] [Error  : Unity Log] No more space in Reflection Probe Atlas. To solve this issue, increase the size of the Reflection Probe Atlas in the HDRP settings.
[09:10:28.6850717] [Error  : Unity Log] No more space in Reflection Probe Atlas. To solve this issue, increase the size of the Reflection Probe Atlas in the HDRP settings.
[09:10:28.6920743] [Error  : Unity Log] No more space in Reflection Probe Atlas. To solve this issue, increase the size of the Reflection Probe Atlas in the HDRP settings.
[09:10:28.6990838] [Error  : Unity Log] No more space in Reflection Probe Atlas. To solve this issue, increase the size of the Reflection Probe Atlas in the HDRP settings.
[09:10:28.7059065] [Error  : Unity Log] No more space in Reflection Probe Atlas. To solve this issue, increase the size of the Reflection Probe Atlas in the HDRP settings.
[09:10:28.7084094] [Warning: Unity Log] PlayOneShot was called with a null AudioClip.
[09:10:28.7134125] [Error  : Unity Log] No more space in Reflection Probe Atlas. To solve this issue, increase the size of the Reflection Probe Atlas in the HDRP settings.
[09:10:28.7204314] [Error  : Unity Log] No more space in Reflection Probe Atlas. To solve this issue, increase the size of the Reflection Probe Atlas in the HDRP settings.
[09:10:28.7294539] [Error  : Unity Log] No more space in Reflection Probe Atlas. To solve this issue, increase the size of the Reflection Probe Atlas in the HDRP settings.
[09:10:28.7394689] [Error  : Unity Log] No more space in Reflection Probe Atlas. To solve this issue, increase the size of the Reflection Probe Atlas in the HDRP settings.
[09:10:28.7460222] [Error  : Unity Log] No more space in Reflection Probe Atlas. To solve this issue, increase the size of the Reflection Probe Atlas in the HDRP settings.
[09:10:28.7530268] [Error  : Unity Log] No more space in Reflection Probe Atlas. To solve this issue, increase the size of the Reflection Probe Atlas in the HDRP settings.
[09:10:28.7610581] [Error  : Unity Log] No more space in Reflection Probe Atlas. To solve this issue, increase the size of the Reflection Probe Atlas in the HDRP settings.
[09:10:28.7691397] [Error  : Unity Log] No more space in Reflection Probe Atlas. To solve this issue, increase the size of the Reflection Probe Atlas in the HDRP settings.
[09:10:28.7791597] [Error  : Unity Log] No more space in Reflection Probe Atlas. To solve this issue, increase the size of the Reflection Probe Atlas in the HDRP settings.
[09:10:28.7881776] [Error  : Unity Log] No more space in Reflection Probe Atlas. To solve this issue, increase the size of the Reflection Probe Atlas in the HDRP settings.
[09:10:28.7966827] [Error  : Unity Log] No more space in Reflection Probe Atlas. To solve this issue, increase the size of the Reflection Probe Atlas in the HDRP settings.
[09:10:28.8026950] [Error  : Unity Log] No more space in Reflection Probe Atlas. To solve this issue, increase the size of the Reflection Probe Atlas in the HDRP settings.
[09:10:28.8102685] [Error  : Unity Log] No more space in Reflection Probe Atlas. To solve this issue, increase the size of the Reflection Probe Atlas in the HDRP settings.
[09:10:28.8167769] [Error  : Unity Log] No more space in Reflection Probe Atlas. To solve this issue, increase the size of the Reflection Probe Atlas in the HDRP settings.
[09:10:28.8247872] [Error  : Unity Log] No more space in Reflection Probe Atlas. To solve this issue, increase the size of the Reflection Probe Atlas in the HDRP settings.
[09:10:28.8312998] [Error  : Unity Log] No more space in Reflection Probe Atlas. To solve this issue, increase the size of the Reflection Probe Atlas in the HDRP settings.
[09:10:28.8393790] [Error  : Unity Log] No more space in Reflection Probe Atlas. To solve this issue, increase the size of the Reflection Probe Atlas in the HDRP settings.
[09:10:28.8458881] [Error  : Unity Log] No more space in Reflection Probe Atlas. To solve this issue, increase the size of the Reflection Probe Atlas in the HDRP settings.
[09:10:28.8533958] [Error  : Unity Log] No more space in Reflection Probe Atlas. To solve this issue, increase the size of the Reflection Probe Atlas in the HDRP settings.
[09:10:28.8604128] [Error  : Unity Log] No more space in Reflection Probe Atlas. To solve this issue, increase the size of the Reflection Probe Atlas in the HDRP settings.
[09:10:28.8669194] [Error  : Unity Log] No more space in Reflection Probe Atlas. To solve this issue, increase the size of the Reflection Probe Atlas in the HDRP settings.
[09:10:28.8764500] [Error  : Unity Log] No more space in Reflection Probe Atlas. To solve this issue, increase the size of the Reflection Probe Atlas in the HDRP settings.
[09:10:28.8839600] [Error  : Unity Log] No more space in Reflection Probe Atlas. To solve this issue, increase the size of the Reflection Probe Atlas in the HDRP settings.
[09:10:28.8889781] [Warning:S1.39 Compatibility Fixes] [ThumperPikminGuard] Blocked Crawler/Thumper -> Pikmin GrabPikmin before leader/grab/death-timer state mutation.
[09:10:28.8889781] [Warning:S1.39 Compatibility Fixes] [ThumperPikminGuard] Blocked Crawler/Thumper -> Pikmin GrabPikmin before leader/grab/death-timer state mutation.
[09:10:28.8904811] [Error  : Unity Log] No more space in Reflection Probe Atlas. To solve this issue, increase the size of the Reflection Probe Atlas in the HDRP settings.
[09:10:28.8979930] [Error  : Unity Log] No more space in Reflection Probe Atlas. To solve this issue, increase the size of the Reflection Probe Atlas in the HDRP settings.
[09:10:28.9048563] [Error  : Unity Log] No more space in Reflection Probe Atlas. To solve this issue, increase the size of the Reflection Probe Atlas in the HDRP settings.
[09:10:28.9103686] [Error  : Unity Log] No more space in Reflection Probe Atlas. To solve this issue, increase the size of the Reflection Probe Atlas in the HDRP settings.
[09:10:28.9183830] [Error  : Unity Log] No more space in Reflection Probe Atlas. To solve this issue, increase the size of the Reflection Probe Atlas in the HDRP settings.
[09:10:28.9268961] [Error  : Unity Log] No more space in Reflection Probe Atlas. To solve this issue, increase the size of the Reflection Probe Atlas in the HDRP settings.
[09:10:28.9359121] [Error  : Unity Log] No more space in Reflection Probe Atlas. To solve this issue, increase the size of the Reflection Probe Atlas in the HDRP settings.
[09:10:28.9434230] [Error  : Unity Log] No more space in Reflection Probe Atlas. To solve this issue, increase the size of the Reflection Probe Atlas in the HDRP settings.
[09:10:28.9504397] [Error  : Unity Log] No more space in Reflection Probe Atlas. To solve this issue, increase the size of the Reflection Probe Atlas in the HDRP settings.
[09:10:28.9584537] [Error  : Unity Log] No more space in Reflection Probe Atlas. To solve this issue, increase the size of the Reflection Probe Atlas in the HDRP settings.
[09:10:28.9649630] [Error  : Unity Log] No more space in Reflection Probe Atlas. To solve this issue, increase the size of the Reflection Probe Atlas in the HDRP settings.
[09:10:28.9719681] [Error  : Unity Log] No more space in Reflection Probe Atlas. To solve this issue, increase the size of the Reflection Probe Atlas in the HDRP settings.
[09:10:28.9824893] [Error  : Unity Log] No more space in Reflection Probe Atlas. To solve this issue, increase the size of the Reflection Probe Atlas in the HDRP settings.
[09:10:28.9900022] [Error  : Unity Log] No more space in Reflection Probe Atlas. To solve this issue, increase the size of the Reflection Probe Atlas in the HDRP settings.
[09:10:28.9980140] [Error  : Unity Log] No more space in Reflection Probe Atlas. To solve this issue, increase the size of the Reflection Probe Atlas in the HDRP settings.
[09:10:29.0043860] [Error  : Unity Log] No more space in Reflection Probe Atlas. To solve this issue, increase the size of the Reflection Probe Atlas in the HDRP settings.
[09:10:29.0114078] [Error  : Unity Log] No more space in Reflection Probe Atlas. To solve this issue, increase the size of the Reflection Probe Atlas in the HDRP settings.
[09:10:29.0184201] [Error  : Unity Log] No more space in Reflection Probe Atlas. To solve this issue, increase the size of the Reflection Probe Atlas in the HDRP settings.
[09:10:29.0259318] [Error  : Unity Log] No more space in Reflection Probe Atlas. To solve this issue, increase the size of the Reflection Probe Atlas in the HDRP settings.
[09:10:29.0334406] [Error  : Unity Log] No more space in Reflection Probe Atlas. To solve this issue, increase the size of the Reflection Probe Atlas in the HDRP settings.
[09:10:29.0414625] [Error  : Unity Log] No more space in Reflection Probe Atlas. To solve this issue, increase the size of the Reflection Probe Atlas in the HDRP settings.
[09:10:29.0479785] [Error  : Unity Log] No more space in Reflection Probe Atlas. To solve this issue, increase the size of the Reflection Probe Atlas in the HDRP settings.
[09:10:29.0554862] [Error  : Unity Log] No more space in Reflection Probe Atlas. To solve this issue, increase the size of the Reflection Probe Atlas in the HDRP settings.
[09:10:29.0629984] [Error  : Unity Log] No more space in Reflection Probe Atlas. To solve this issue, increase the size of the Reflection Probe Atlas in the HDRP settings.
[09:10:29.0693630] [Error  : Unity Log] No more space in Reflection Probe Atlas. To solve this issue, increase the size of the Reflection Probe Atlas in the HDRP settings.
[09:10:29.0763728] [Error  : Unity Log] No more space in Reflection Probe Atlas. To solve this issue, increase the size of the Reflection Probe Atlas in the HDRP settings.
[09:10:29.0838908] [Error  : Unity Log] No more space in Reflection Probe Atlas. To solve this issue, increase the size of the Reflection Probe Atlas in the HDRP settings.
[09:10:29.0924072] [Error  : Unity Log] No more space in Reflection Probe Atlas. To solve this issue, increase the size of the Reflection Probe Atlas in the HDRP settings.
[09:10:29.1014504] [Error  : Unity Log] No more space in Reflection Probe Atlas. To solve this issue, increase the size of the Reflection Probe Atlas in the HDRP settings.
[09:10:29.1092316] [Error  : Unity Log] No more space in Reflection Probe Atlas. To solve this issue, increase the size of the Reflection Probe Atlas in the HDRP settings.
[09:10:29.1172553] [Error  : Unity Log] No more space in Reflection Probe Atlas. To solve this issue, increase the size of the Reflection Probe Atlas in the HDRP settings.
[09:10:29.1232577] [Error  : Unity Log] No more space in Reflection Probe Atlas. To solve this issue, increase the size of the Reflection Probe Atlas in the HDRP settings.
[09:10:29.1307767] [Error  : Unity Log] No more space in Reflection Probe Atlas. To solve this issue, increase the size of the Reflection Probe Atlas in the HDRP settings.
[09:10:29.1368356] [Error  : Unity Log] No more space in Reflection Probe Atlas. To solve this issue, increase the size of the Reflection Probe Atlas in the HDRP settings.
[09:10:29.1433435] [Error  : Unity Log] No more space in Reflection Probe Atlas. To solve this issue, increase the size of the Reflection Probe Atlas in the HDRP settings.
[09:10:29.1503675] [Error  : Unity Log] No more space in Reflection Probe Atlas. To solve this issue, increase the size of the Reflection Probe Atlas in the HDRP settings.
[09:10:29.1583730] [Error  : Unity Log] No more space in Reflection Probe Atlas. To solve this issue, increase the size of the Reflection Probe Atlas in the HDRP settings.
[09:10:29.1658888] [Error  : Unity Log] No more space in Reflection Probe Atlas. To solve this issue, increase the size of the Reflection Probe Atlas in the HDRP settings.
[09:10:29.1759108] [Error  : Unity Log] No more space in Reflection Probe Atlas. To solve this issue, increase the size of the Reflection Probe Atlas in the HDRP settings.
[09:10:29.1834216] [Error  : Unity Log] No more space in Reflection Probe Atlas. To solve this issue, increase the size of the Reflection Probe Atlas in the HDRP settings.
[09:10:29.1920767] [Error  : Unity Log] No more space in Reflection Probe Atlas. To solve this issue, increase the size of the Reflection Probe Atlas in the HDRP settings.
[09:10:29.2011560] [Error  : Unity Log] No more space in Reflection Probe Atlas. To solve this issue, increase the size of the Reflection Probe Atlas in the HDRP settings.
[09:10:29.2066664] [Error  : Unity Log] No more space in Reflection Probe Atlas. To solve this issue, increase the size of the Reflection Probe Atlas in the HDRP settings.
[09:10:29.2146788] [Error  : Unity Log] No more space in Reflection Probe Atlas. To solve this issue, increase the size of the Reflection Probe Atlas in the HDRP settings.
[09:10:29.2211902] [Error  : Unity Log] No more space in Reflection Probe Atlas. To solve this issue, increase the size of the Reflection Probe Atlas in the HDRP settings.
[09:10:29.2282059] [Error  : Unity Log] No more space in Reflection Probe Atlas. To solve this issue, increase the size of the Reflection Probe Atlas in the HDRP settings.
[09:10:29.2367216] [Error  : Unity Log] No more space in Reflection Probe Atlas. To solve this issue, increase the size of the Reflection Probe Atlas in the HDRP settings.
[09:10:29.2432316] [Error  : Unity Log] No more space in Reflection Probe Atlas. To solve this issue, increase the size of the Reflection Probe Atlas in the HDRP settings.
[09:10:29.2502457] [Error  : Unity Log] No more space in Reflection Probe Atlas. To solve this issue, increase the size of the Reflection Probe Atlas in the HDRP settings.
[09:10:29.2567515] [Error  : Unity Log] No more space in Reflection Probe Atlas. To solve this issue, increase the size of the Reflection Probe Atlas in the HDRP settings.
[09:10:29.2657718] [Error  : Unity Log] No more space in Reflection Probe Atlas. To solve this issue, increase the size of the Reflection Probe Atlas in the HDRP settings.
[09:10:29.2773024] [Error  : Unity Log] No more space in Reflection Probe Atlas. To solve this issue, increase the size of the Reflection Probe Atlas in the HDRP settings.
[09:10:29.2853087] [Error  : Unity Log] No more space in Reflection Probe Atlas. To solve this issue, increase the size of the Reflection Probe Atlas in the HDRP settings.
[09:10:29.2958225] [Error  : Unity Log] No more space in Reflection Probe Atlas. To solve this issue, increase the size of the Reflection Probe Atlas in the HDRP settings.
[09:10:29.3033333] [Error  : Unity Log] No more space in Reflection Probe Atlas. To solve this issue, increase the size of the Reflection Probe Atlas in the HDRP settings.
[09:10:29.3113938] [Error  : Unity Log] No more space in Reflection Probe Atlas. To solve this issue, increase the size of the Reflection Probe Atlas in the HDRP settings.
[09:10:29.3194127] [Error  : Unity Log] No more space in Reflection Probe Atlas. To solve this issue, increase the size of the Reflection Probe Atlas in the HDRP settings.
[09:10:29.3269193] [Error  : Unity Log] No more space in Reflection Probe Atlas. To solve this issue, increase the size of the Reflection Probe Atlas in the HDRP settings.
[09:10:29.3349336] [Error  : Unity Log] No more space in Reflection Probe Atlas. To solve this issue, increase the size of the Reflection Probe Atlas in the HDRP settings.
[09:10:29.3424484] [Error  : Unity Log] No more space in Reflection Probe Atlas. To solve this issue, increase the size of the Reflection Probe Atlas in the HDRP settings.
[09:10:29.3495925] [Error  : Unity Log] No more space in Reflection Probe Atlas. To solve this issue, increase the size of the Reflection Probe Atlas in the HDRP settings.
[09:10:29.3581908] [Error  : Unity Log] No more space in Reflection Probe Atlas. To solve this issue, increase the size of the Reflection Probe Atlas in the HDRP settings.
[09:10:29.3646994] [Error  : Unity Log] No more space in Reflection Probe Atlas. To solve this issue, increase the size of the Reflection Probe Atlas in the HDRP settings.
[09:10:29.3747153] [Error  : Unity Log] No more space in Reflection Probe Atlas. To solve this issue, increase the size of the Reflection Probe Atlas in the HDRP settings.
[09:10:29.3812290] [Error  : Unity Log] No more space in Reflection Probe Atlas. To solve this issue, increase the size of the Reflection Probe Atlas in the HDRP settings.
[09:10:29.3893832] [Error  : Unity Log] No more space in Reflection Probe Atlas. To solve this issue, increase the size of the Reflection Probe Atlas in the HDRP settings.
[09:10:29.3983502] [Error  : Unity Log] No more space in Reflection Probe Atlas. To solve this issue, increase the size of the Reflection Probe Atlas in the HDRP settings.
[09:10:29.4070260] [Error  : Unity Log] No more space in Reflection Probe Atlas. To solve this issue, increase the size of the Reflection Probe Atlas in the HDRP settings.
[09:10:29.4150256] [Error  : Unity Log] No more space in Reflection Probe Atlas. To solve this issue, increase the size of the Reflection Probe Atlas in the HDRP settings.
[09:10:29.4230664] [Error  : Unity Log] No more space in Reflection Probe Atlas. To solve this issue, increase the size of the Reflection Probe Atlas in the HDRP settings.
[09:10:29.4320847] [Error  : Unity Log] No more space in Reflection Probe Atlas. To solve this issue, increase the size of the Reflection Probe Atlas in the HDRP settings.
[09:10:29.4411050] [Error  : Unity Log] No more space in Reflection Probe Atlas. To solve this issue, increase the size of the Reflection Probe Atlas in the HDRP settings.
[09:10:29.4491205] [Error  : Unity Log] No more space in Reflection Probe Atlas. To solve this issue, increase the size of the Reflection Probe Atlas in the HDRP settings.
[09:10:29.4576304] [Error  : Unity Log] No more space in Reflection Probe Atlas. To solve this issue, increase the size of the Reflection Probe Atlas in the HDRP settings.
[09:10:29.4637103] [Error  : Unity Log] No more space in Reflection Probe Atlas. To solve this issue, increase the size of the Reflection Probe Atlas in the HDRP settings.
[09:10:29.4712204] [Error  : Unity Log] No more space in Reflection Probe Atlas. To solve this issue, increase the size of the Reflection Probe Atlas in the HDRP settings.
[09:10:29.4806083] [Error  : Unity Log] No more space in Reflection Probe Atlas. To solve this issue, increase the size of the Reflection Probe Atlas in the HDRP settings.
[09:10:29.4901161] [Error  : Unity Log] No more space in Reflection Probe Atlas. To solve this issue, increase the size of the Reflection Probe Atlas in the HDRP settings.
[09:10:29.5006374] [Error  : Unity Log] No more space in Reflection Probe Atlas. To solve this issue, increase the size of the Reflection Probe Atlas in the HDRP settings.
[09:10:30.0550389] [Error  : Unity Log] No more space in Reflection Probe Atlas. To solve this issue, increase the size of the Reflection Probe Atlas in the HDRP settings.
[09:10:30.0630428] [Error  : Unity Log] No more space in Reflection Probe Atlas. To solve this issue, increase the size of the Reflection Probe Atlas in the HDRP settings.
[09:10:30.0700607] [Error  : Unity Log] No more space in Reflection Probe Atlas. To solve this issue, increase the size of the Reflection Probe Atlas in the HDRP settings.
[09:10:30.0780733] [Error  : Unity Log] No more space in Reflection Probe Atlas. To solve this issue, increase the size of the Reflection Probe Atlas in the HDRP settings.
[09:10:30.0857070] [Error  : Unity Log] No more space in Reflection Probe Atlas. To solve this issue, increase the size of the Reflection Probe Atlas in the HDRP settings.
[09:10:30.0922178] [Error  : Unity Log] No more space in Reflection Probe Atlas. To solve this issue, increase the size of the Reflection Probe Atlas in the HDRP settings.
[09:10:30.1007390] [Error  : Unity Log] No more space in Reflection Probe Atlas. To solve this issue, increase the size of the Reflection Probe Atlas in the HDRP settings.
[09:10:30.1092648] [Error  : Unity Log] No more space in Reflection Probe Atlas. To solve this issue, increase the size of the Reflection Probe Atlas in the HDRP settings.
[09:10:30.1182790] [Error  : Unity Log] No more space in Reflection Probe Atlas. To solve this issue, increase the size of the Reflection Probe Atlas in the HDRP settings.
[09:10:30.1267935] [Error  : Unity Log] No more space in Reflection Probe Atlas. To solve this issue, increase the size of the Reflection Probe Atlas in the HDRP settings.
[09:10:30.1348060] [Error  : Unity Log] No more space in Reflection Probe Atlas. To solve this issue, increase the size of the Reflection Probe Atlas in the HDRP settings.
[09:10:30.1413189] [Error  : Unity Log] No more space in Reflection Probe Atlas. To solve this issue, increase the size of the Reflection Probe Atlas in the HDRP settings.
[09:10:30.1483283] [Error  : Unity Log] No more space in Reflection Probe Atlas. To solve this issue, increase the size of the Reflection Probe Atlas in the HDRP settings.
[09:10:30.1583523] [Error  : Unity Log] No more space in Reflection Probe Atlas. To solve this issue, increase the size of the Reflection Probe Atlas in the HDRP settings.
[09:10:30.1658646] [Error  : Unity Log] No more space in Reflection Probe Atlas. To solve this issue, increase the size of the Reflection Probe Atlas in the HDRP settings.
[09:10:30.1748788] [Error  : Unity Log] No more space in Reflection Probe Atlas. To solve this issue, increase the size of the Reflection Probe Atlas in the HDRP settings.
[09:10:30.1833916] [Error  : Unity Log] No more space in Reflection Probe Atlas. To solve this issue, increase the size of the Reflection Probe Atlas in the HDRP settings.
[09:10:30.1924090] [Error  : Unity Log] No more space in Reflection Probe Atlas. To solve this issue, increase the size of the Reflection Probe Atlas in the HDRP settings.
[09:10:30.2014245] [Error  : Unity Log] No more space in Reflection Probe Atlas. To solve this issue, increase the size of the Reflection Probe Atlas in the HDRP settings.
[09:10:30.2092771] [Error  : Unity Log] No more space in Reflection Probe Atlas. To solve this issue, increase the size of the Reflection Probe Atlas in the HDRP settings.
[09:10:30.2167863] [Error  : Unity Log] No more space in Reflection Probe Atlas. To solve this issue, increase the size of the Reflection Probe Atlas in the HDRP settings.
[09:10:30.2232952] [Error  : Unity Log] No more space in Reflection Probe Atlas. To solve this issue, increase the size of the Reflection Probe Atlas in the HDRP settings.
[09:10:30.2293119] [Error  : Unity Log] No more space in Reflection Probe Atlas. To solve this issue, increase the size of the Reflection Probe Atlas in the HDRP settings.
[09:10:30.2368222] [Error  : Unity Log] No more space in Reflection Probe Atlas. To solve this issue, increase the size of the Reflection Probe Atlas in the HDRP settings.
[09:10:30.2433306] [Error  : Unity Log] No more space in Reflection Probe Atlas. To solve this issue, increase the size of the Reflection Probe Atlas in the HDRP settings.
[09:10:30.2503500] [Error  : Unity Log] No more space in Reflection Probe Atlas. To solve this issue, increase the size of the Reflection Probe Atlas in the HDRP settings.
[09:10:30.2583710] [Error  : Unity Log] No more space in Reflection Probe Atlas. To solve this issue, increase the size of the Reflection Probe Atlas in the HDRP settings.
[09:10:30.2648740] [Error  : Unity Log] No more space in Reflection Probe Atlas. To solve this issue, increase the size of the Reflection Probe Atlas in the HDRP settings.
[09:10:30.2713885] [Error  : Unity Log] No more space in Reflection Probe Atlas. To solve this issue, increase the size of the Reflection Probe Atlas in the HDRP settings.
[09:10:30.2784005] [Error  : Unity Log] No more space in Reflection Probe Atlas. To solve this issue, increase the size of the Reflection Probe Atlas in the HDRP settings.
[09:10:30.2870119] [Error  : Unity Log] No more space in Reflection Probe Atlas. To solve this issue, increase the size of the Reflection Probe Atlas in the HDRP settings.
[09:10:30.2965844] [Error  : Unity Log] No more space in Reflection Probe Atlas. To solve this issue, increase the size of the Reflection Probe Atlas in the HDRP settings.
[09:10:30.3061208] [Error  : Unity Log] No more space in Reflection Probe Atlas. To solve this issue, increase the size of the Reflection Probe Atlas in the HDRP settings.
[09:10:30.3146252] [Error  : Unity Log] No more space in Reflection Probe Atlas. To solve this issue, increase the size of the Reflection Probe Atlas in the HDRP settings.
[09:10:30.3221399] [Error  : Unity Log] No more space in Reflection Probe Atlas. To solve this issue, increase the size of the Reflection Probe Atlas in the HDRP settings.
[09:10:30.3291574] [Error  : Unity Log] No more space in Reflection Probe Atlas. To solve this issue, increase the size of the Reflection Probe Atlas in the HDRP settings.
[09:10:30.3366657] [Error  : Unity Log] No more space in Reflection Probe Atlas. To solve this issue, increase the size of the Reflection Probe Atlas in the HDRP settings.
[09:10:30.3456825] [Error  : Unity Log] No more space in Reflection Probe Atlas. To solve this issue, increase the size of the Reflection Probe Atlas in the HDRP settings.
[09:10:30.3521936] [Error  : Unity Log] No more space in Reflection Probe Atlas. To solve this issue, increase the size of the Reflection Probe Atlas in the HDRP settings.
[09:10:30.3603321] [Error  : Unity Log] No more space in Reflection Probe Atlas. To solve this issue, increase the size of the Reflection Probe Atlas in the HDRP settings.
[09:10:30.3668386] [Error  : Unity Log] No more space in Reflection Probe Atlas. To solve this issue, increase the size of the Reflection Probe Atlas in the HDRP settings.
[09:10:30.3748511] [Error  : Unity Log] No more space in Reflection Probe Atlas. To solve this issue, increase the size of the Reflection Probe Atlas in the HDRP settings.
[09:10:30.3833653] [Error  : Unity Log] No more space in Reflection Probe Atlas. To solve this issue, increase the size of the Reflection Probe Atlas in the HDRP settings.
[09:10:30.3913832] [Error  : Unity Log] No more space in Reflection Probe Atlas. To solve this issue, increase the size of the Reflection Probe Atlas in the HDRP settings.
[09:10:30.3993992] [Error  : Unity Log] No more space in Reflection Probe Atlas. To solve this issue, increase the size of the Reflection Probe Atlas in the HDRP settings.
[09:10:30.4059697] [Error  : Unity Log] No more space in Reflection Probe Atlas. To solve this issue, increase the size of the Reflection Probe Atlas in the HDRP settings.
[09:10:30.4134800] [Error  : Unity Log] No more space in Reflection Probe Atlas. To solve this issue, increase the size of the Reflection Probe Atlas in the HDRP settings.
[09:10:30.4220103] [Error  : Unity Log] No more space in Reflection Probe Atlas. To solve this issue, increase the size of the Reflection Probe Atlas in the HDRP settings.
[09:10:30.4291824] [Error  : Unity Log] No more space in Reflection Probe Atlas. To solve this issue, increase the size of the Reflection Probe Atlas in the HDRP settings.
[09:10:30.4366916] [Error  : Unity Log] No more space in Reflection Probe Atlas. To solve this issue, increase the size of the Reflection Probe Atlas in the HDRP settings.
[09:10:30.4447078] [Error  : Unity Log] No more space in Reflection Probe Atlas. To solve this issue, increase the size of the Reflection Probe Atlas in the HDRP settings.
[09:10:30.4527248] [Error  : Unity Log] No more space in Reflection Probe Atlas. To solve this issue, increase the size of the Reflection Probe Atlas in the HDRP settings.
[09:10:30.4622385] [Error  : Unity Log] No more space in Reflection Probe Atlas. To solve this issue, increase the size of the Reflection Probe Atlas in the HDRP settings.
[09:10:30.4702572] [Error  : Unity Log] No more space in Reflection Probe Atlas. To solve this issue, increase the size of the Reflection Probe Atlas in the HDRP settings.
[09:10:30.4782715] [Error  : Unity Log] No more space in Reflection Probe Atlas. To solve this issue, increase the size of the Reflection Probe Atlas in the HDRP settings.
[09:10:30.4862863] [Error  : Unity Log] No more space in Reflection Probe Atlas. To solve this issue, increase the size of the Reflection Probe Atlas in the HDRP settings.
[09:10:30.4947930] [Error  : Unity Log] No more space in Reflection Probe Atlas. To solve this issue, increase the size of the Reflection Probe Atlas in the HDRP settings.
[09:10:30.5054702] [Error  : Unity Log] No more space in Reflection Probe Atlas. To solve this issue, increase the size of the Reflection Probe Atlas in the HDRP settings.
[09:10:30.5084989] [Warning: Unity Log] PlayOneShot was called with a null AudioClip.
[09:10:30.5150078] [Error  : Unity Log] No more space in Reflection Probe Atlas. To solve this issue, increase the size of the Reflection Probe Atlas in the HDRP settings.
[09:10:30.5230114] [Error  : Unity Log] No more space in Reflection Probe Atlas. To solve this issue, increase the size of the Reflection Probe Atlas in the HDRP settings.
[09:10:30.5301208] [Error  : Unity Log] No more space in Reflection Probe Atlas. To solve this issue, increase the size of the Reflection Probe Atlas in the HDRP settings.
[09:10:30.5381281] [Error  : Unity Log] No more space in Reflection Probe Atlas. To solve this issue, increase the size of the Reflection Probe Atlas in the HDRP settings.
[09:10:30.5446344] [Error  : Unity Log] No more space in Reflection Probe Atlas. To solve this issue, increase the size of the Reflection Probe Atlas in the HDRP settings.
[09:10:30.5521453] [Error  : Unity Log] No more space in Reflection Probe Atlas. To solve this issue, increase the size of the Reflection Probe Atlas in the HDRP settings.
[09:10:30.5601637] [Error  : Unity Log] No more space in Reflection Probe Atlas. To solve this issue, increase the size of the Reflection Probe Atlas in the HDRP settings.
[09:10:30.5656743] [Error  : Unity Log] No more space in Reflection Probe Atlas. To solve this issue, increase the size of the Reflection Probe Atlas in the HDRP settings.
[09:10:30.5731824] [Error  : Unity Log] No more space in Reflection Probe Atlas. To solve this issue, increase the size of the Reflection Probe Atlas in the HDRP settings.
[09:10:30.5812011] [Error  : Unity Log] No more space in Reflection Probe Atlas. To solve this issue, increase the size of the Reflection Probe Atlas in the HDRP settings.
[09:10:30.5867107] [Error  : Unity Log] No more space in Reflection Probe Atlas. To solve this issue, increase the size of the Reflection Probe Atlas in the HDRP settings.
[09:10:30.5957263] [Error  : Unity Log] No more space in Reflection Probe Atlas. To solve this issue, increase the size of the Reflection Probe Atlas in the HDRP settings.
[09:10:30.6012348] [Error  : Unity Log] No more space in Reflection Probe Atlas. To solve this issue, increase the size of the Reflection Probe Atlas in the HDRP settings.
[09:10:30.6092997] [Error  : Unity Log] No more space in Reflection Probe Atlas. To solve this issue, increase the size of the Reflection Probe Atlas in the HDRP settings.
[09:10:30.6168038] [Error  : Unity Log] No more space in Reflection Probe Atlas. To solve this issue, increase the size of the Reflection Probe Atlas in the HDRP settings.
[09:10:30.6258200] [Error  : Unity Log] No more space in Reflection Probe Atlas. To solve this issue, increase the size of the Reflection Probe Atlas in the HDRP settings.
[09:10:30.6333291] [Error  : Unity Log] No more space in Reflection Probe Atlas. To solve this issue, increase the size of the Reflection Probe Atlas in the HDRP settings.
[09:10:30.6423470] [Error  : Unity Log] No more space in Reflection Probe Atlas. To solve this issue, increase the size of the Reflection Probe Atlas in the HDRP settings.
[09:10:30.6483584] [Error  : Unity Log] No more space in Reflection Probe Atlas. To solve this issue, increase the size of the Reflection Probe Atlas in the HDRP settings.
[09:10:30.6568887] [Error  : Unity Log] No more space in Reflection Probe Atlas. To solve this issue, increase the size of the Reflection Probe Atlas in the HDRP settings.
[09:10:30.6633967] [Error  : Unity Log] No more space in Reflection Probe Atlas. To solve this issue, increase the size of the Reflection Probe Atlas in the HDRP settings.
[09:10:30.6724142] [Error  : Unity Log] No more space in Reflection Probe Atlas. To solve this issue, increase the size of the Reflection Probe Atlas in the HDRP settings.
[09:10:30.6804328] [Error  : Unity Log] No more space in Reflection Probe Atlas. To solve this issue, increase the size of the Reflection Probe Atlas in the HDRP settings.
[09:10:30.6894487] [Error  : Unity Log] No more space in Reflection Probe Atlas. To solve this issue, increase the size of the Reflection Probe Atlas in the HDRP settings.
[09:10:30.6984570] [Error  : Unity Log] No more space in Reflection Probe Atlas. To solve this issue, increase the size of the Reflection Probe Atlas in the HDRP settings.
[09:10:30.7074746] [Error  : Unity Log] No more space in Reflection Probe Atlas. To solve this issue, increase the size of the Reflection Probe Atlas in the HDRP settings.
[09:10:30.7154853] [Error  : Unity Log] No more space in Reflection Probe Atlas. To solve this issue, increase the size of the Reflection Probe Atlas in the HDRP settings.
[09:10:30.7234889] [Error  : Unity Log] No more space in Reflection Probe Atlas. To solve this issue, increase the size of the Reflection Probe Atlas in the HDRP settings.
[09:10:30.7305070] [Error  : Unity Log] No more space in Reflection Probe Atlas. To solve this issue, increase the size of the Reflection Probe Atlas in the HDRP settings.
[09:10:30.7390208] [Error  : Unity Log] No more space in Reflection Probe Atlas. To solve this issue, increase the size of the Reflection Probe Atlas in the HDRP settings.
[09:10:30.7465168] [Error  : Unity Log] No more space in Reflection Probe Atlas. To solve this issue, increase the size of the Reflection Probe Atlas in the HDRP settings.
[09:10:30.7561312] [Error  : Unity Log] No more space in Reflection Probe Atlas. To solve this issue, increase the size of the Reflection Probe Atlas in the HDRP settings.
[09:10:30.7636035] [Error  : Unity Log] No more space in Reflection Probe Atlas. To solve this issue, increase the size of the Reflection Probe Atlas in the HDRP settings.
[09:10:30.7701824] [Error  : Unity Log] No more space in Reflection Probe Atlas. To solve this issue, increase the size of the Reflection Probe Atlas in the HDRP settings.
[09:10:30.7781972] [Error  : Unity Log] No more space in Reflection Probe Atlas. To solve this issue, increase the size of the Reflection Probe Atlas in the HDRP settings.
[09:10:30.7867136] [Error  : Unity Log] No more space in Reflection Probe Atlas. To solve this issue, increase the size of the Reflection Probe Atlas in the HDRP settings.
[09:10:30.7972304] [Error  : Unity Log] No more space in Reflection Probe Atlas. To solve this issue, increase the size of the Reflection Probe Atlas in the HDRP settings.
[09:10:30.8047392] [Error  : Unity Log] No more space in Reflection Probe Atlas. To solve this issue, increase the size of the Reflection Probe Atlas in the HDRP settings.
[09:10:30.8117730] [Error  : Unity Log] No more space in Reflection Probe Atlas. To solve this issue, increase the size of the Reflection Probe Atlas in the HDRP settings.
[09:10:30.8193092] [Error  : Unity Log] No more space in Reflection Probe Atlas. To solve this issue, increase the size of the Reflection Probe Atlas in the HDRP settings.
[09:10:30.8268180] [Error  : Unity Log] No more space in Reflection Probe Atlas. To solve this issue, increase the size of the Reflection Probe Atlas in the HDRP settings.
[09:10:30.8368367] [Error  : Unity Log] No more space in Reflection Probe Atlas. To solve this issue, increase the size of the Reflection Probe Atlas in the HDRP settings.
[09:10:30.8458561] [Error  : Unity Log] No more space in Reflection Probe Atlas. To solve this issue, increase the size of the Reflection Probe Atlas in the HDRP settings.
[09:10:30.8548712] [Error  : Unity Log] No more space in Reflection Probe Atlas. To solve this issue, increase the size of the Reflection Probe Atlas in the HDRP settings.
[09:10:30.8618919] [Error  : Unity Log] No more space in Reflection Probe Atlas. To solve this issue, increase the size of the Reflection Probe Atlas in the HDRP settings.
[09:10:30.8693955] [Error  : Unity Log] No more space in Reflection Probe Atlas. To solve this issue, increase the size of the Reflection Probe Atlas in the HDRP settings.
[09:10:30.8769033] [Error  : Unity Log] No more space in Reflection Probe Atlas. To solve this issue, increase the size of the Reflection Probe Atlas in the HDRP settings.
[09:10:30.8854285] [Error  : Unity Log] No more space in Reflection Probe Atlas. To solve this issue, increase the size of the Reflection Probe Atlas in the HDRP settings.
[09:10:30.8924622] [Error  : Unity Log] No more space in Reflection Probe Atlas. To solve this issue, increase the size of the Reflection Probe Atlas in the HDRP settings.
[09:10:30.8994745] [Error  : Unity Log] No more space in Reflection Probe Atlas. To solve this issue, increase the size of the Reflection Probe Atlas in the HDRP settings.
[09:10:30.9070185] [Error  : Unity Log] No more space in Reflection Probe Atlas. To solve this issue, increase the size of the Reflection Probe Atlas in the HDRP settings.
[09:10:30.9157857] [Error  : Unity Log] No more space in Reflection Probe Atlas. To solve this issue, increase the size of the Reflection Probe Atlas in the HDRP settings.
[09:10:30.9232956] [Error  : Unity Log] No more space in Reflection Probe Atlas. To solve this issue, increase the size of the Reflection Probe Atlas in the HDRP settings.
[09:10:30.9313109] [Error  : Unity Log] No more space in Reflection Probe Atlas. To solve this issue, increase the size of the Reflection Probe Atlas in the HDRP settings.
[09:10:30.9403286] [Error  : Unity Log] No more space in Reflection Probe Atlas. To solve this issue, increase the size of the Reflection Probe Atlas in the HDRP settings.
[09:10:30.9468376] [Error  : Unity Log] No more space in Reflection Probe Atlas. To solve this issue, increase the size of the Reflection Probe Atlas in the HDRP settings.
[09:10:30.9548502] [Error  : Unity Log] No more space in Reflection Probe Atlas. To solve this issue, increase the size of the Reflection Probe Atlas in the HDRP settings.
[09:10:30.9623690] [Error  : Unity Log] No more space in Reflection Probe Atlas. To solve this issue, increase the size of the Reflection Probe Atlas in the HDRP settings.
[09:10:30.9693883] [Error  : Unity Log] No more space in Reflection Probe Atlas. To solve this issue, increase the size of the Reflection Probe Atlas in the HDRP settings.
[09:10:30.9794079] [Error  : Unity Log] No more space in Reflection Probe Atlas. To solve this issue, increase the size of the Reflection Probe Atlas in the HDRP settings.
[09:10:30.9869167] [Error  : Unity Log] No more space in Reflection Probe Atlas. To solve this issue, increase the size of the Reflection Probe Atlas in the HDRP settings.
[09:10:30.9959347] [Error  : Unity Log] No more space in Reflection Probe Atlas. To solve this issue, increase the size of the Reflection Probe Atlas in the HDRP settings.
[09:10:31.0034427] [Error  : Unity Log] No more space in Reflection Probe Atlas. To solve this issue, increase the size of the Reflection Probe Atlas in the HDRP settings.
[09:10:31.0114637] [Error  : Unity Log] No more space in Reflection Probe Atlas. To solve this issue, increase the size of the Reflection Probe Atlas in the HDRP settings.
[09:10:31.0204805] [Error  : Unity Log] No more space in Reflection Probe Atlas. To solve this issue, increase the size of the Reflection Probe Atlas in the HDRP settings.
[09:10:31.0269862] [Error  : Unity Log] No more space in Reflection Probe Atlas. To solve this issue, increase the size of the Reflection Probe Atlas in the HDRP settings.
[09:10:31.0370043] [Error  : Unity Log] No more space in Reflection Probe Atlas. To solve this issue, increase the size of the Reflection Probe Atlas in the HDRP settings.
[09:10:31.0470264] [Error  : Unity Log] No more space in Reflection Probe Atlas. To solve this issue, increase the size of the Reflection Probe Atlas in the HDRP settings.
[09:10:31.0560866] [Error  : Unity Log] No more space in Reflection Probe Atlas. To solve this issue, increase the size of the Reflection Probe Atlas in the HDRP settings.
[09:10:31.0635980] [Error  : Unity Log] No more space in Reflection Probe Atlas. To solve this issue, increase the size of the Reflection Probe Atlas in the HDRP settings.
[09:10:31.0711074] [Error  : Unity Log] No more space in Reflection Probe Atlas. To solve this issue, increase the size of the Reflection Probe Atlas in the HDRP settings.
[09:10:31.0794366] [Error  : Unity Log] No more space in Reflection Probe Atlas. To solve this issue, increase the size of the Reflection Probe Atlas in the HDRP settings.
[09:10:31.0874515] [Error  : Unity Log] No more space in Reflection Probe Atlas. To solve this issue, increase the size of the Reflection Probe Atlas in the HDRP settings.
[09:10:31.0949643] [Error  : Unity Log] No more space in Reflection Probe Atlas. To solve this issue, increase the size of the Reflection Probe Atlas in the HDRP settings.
[09:10:31.1020432] [Error  : Unity Log] No more space in Reflection Probe Atlas. To solve this issue, increase the size of the Reflection Probe Atlas in the HDRP settings.
[09:10:31.1098005] [Error  : Unity Log] No more space in Reflection Probe Atlas. To solve this issue, increase the size of the Reflection Probe Atlas in the HDRP settings.
[09:10:31.1163076] [Warning:S1.39 Compatibility Fixes] [ThumperPikminGuard] Blocked Crawler/Thumper -> Pikmin GrabPikmin before leader/grab/death-timer state mutation.
[09:10:31.1183081] [Error  : Unity Log] No more space in Reflection Probe Atlas. To solve this issue, increase the size of the Reflection Probe Atlas in the HDRP settings.
[09:10:31.1248116] [Error  : Unity Log] No more space in Reflection Probe Atlas. To solve this issue, increase the size of the Reflection Probe Atlas in the HDRP settings.
[09:10:31.1348304] [Error  : Unity Log] No more space in Reflection Probe Atlas. To solve this issue, increase the size of the Reflection Probe Atlas in the HDRP settings.
[09:10:31.1433418] [Error  : Unity Log] No more space in Reflection Probe Atlas. To solve this issue, increase the size of the Reflection Probe Atlas in the HDRP settings.
[09:10:31.1513591] [Error  : Unity Log] No more space in Reflection Probe Atlas. To solve this issue, increase the size of the Reflection Probe Atlas in the HDRP settings.
[09:10:31.1603804] [Error  : Unity Log] No more space in Reflection Probe Atlas. To solve this issue, increase the size of the Reflection Probe Atlas in the HDRP settings.
[09:10:31.1673975] [Error  : Unity Log] No more space in Reflection Probe Atlas. To solve this issue, increase the size of the Reflection Probe Atlas in the HDRP settings.
[09:10:31.1759096] [Error  : Unity Log] No more space in Reflection Probe Atlas. To solve this issue, increase the size of the Reflection Probe Atlas in the HDRP settings.
[09:10:31.1824160] [Error  : Unity Log] No more space in Reflection Probe Atlas. To solve this issue, increase the size of the Reflection Probe Atlas in the HDRP settings.
[09:10:31.1894333] [Error  : Unity Log] No more space in Reflection Probe Atlas. To solve this issue, increase the size of the Reflection Probe Atlas in the HDRP settings.
[09:10:31.1984531] [Error  : Unity Log] No more space in Reflection Probe Atlas. To solve this issue, increase the size of the Reflection Probe Atlas in the HDRP settings.
[09:10:31.2049629] [Error  : Unity Log] No more space in Reflection Probe Atlas. To solve this issue, increase the size of the Reflection Probe Atlas in the HDRP settings.
[09:10:31.2125140] [Error  : Unity Log] No more space in Reflection Probe Atlas. To solve this issue, increase the size of the Reflection Probe Atlas in the HDRP settings.
[09:10:31.2220245] [Error  : Unity Log] No more space in Reflection Probe Atlas. To solve this issue, increase the size of the Reflection Probe Atlas in the HDRP settings.
[09:10:31.2312241] [Error  : Unity Log] No more space in Reflection Probe Atlas. To solve this issue, increase the size of the Reflection Probe Atlas in the HDRP settings.
[09:10:31.2412425] [Error  : Unity Log] No more space in Reflection Probe Atlas. To solve this issue, increase the size of the Reflection Probe Atlas in the HDRP settings.
[09:10:31.2492603] [Error  : Unity Log] No more space in Reflection Probe Atlas. To solve this issue, increase the size of the Reflection Probe Atlas in the HDRP settings.
[09:10:31.2607891] [Error  : Unity Log] No more space in Reflection Probe Atlas. To solve this issue, increase the size of the Reflection Probe Atlas in the HDRP settings.
[09:10:31.2703042] [Error  : Unity Log] No more space in Reflection Probe Atlas. To solve this issue, increase the size of the Reflection Probe Atlas in the HDRP settings.
[09:10:31.2803244] [Error  : Unity Log] No more space in Reflection Probe Atlas. To solve this issue, increase the size of the Reflection Probe Atlas in the HDRP settings.
[09:10:31.2893547] [Error  : Unity Log] No more space in Reflection Probe Atlas. To solve this issue, increase the size of the Reflection Probe Atlas in the HDRP settings.
[09:10:31.2993735] [Error  : Unity Log] No more space in Reflection Probe Atlas. To solve this issue, increase the size of the Reflection Probe Atlas in the HDRP settings.
[09:10:31.3083794] [Error  : Unity Log] No more space in Reflection Probe Atlas. To solve this issue, increase the size of the Reflection Probe Atlas in the HDRP settings.
[09:10:31.3161698] [Error  : Unity Log] No more space in Reflection Probe Atlas. To solve this issue, increase the size of the Reflection Probe Atlas in the HDRP settings.
[09:10:31.3231701] [Error  : Unity Log] No more space in Reflection Probe Atlas. To solve this issue, increase the size of the Reflection Probe Atlas in the HDRP settings.
[09:10:31.3321920] [Error  : Unity Log] No more space in Reflection Probe Atlas. To solve this issue, increase the size of the Reflection Probe Atlas in the HDRP settings.
[09:10:31.3432119] [Error  : Unity Log] No more space in Reflection Probe Atlas. To solve this issue, increase the size of the Reflection Probe Atlas in the HDRP settings.
[09:10:31.3522287] [Error  : Unity Log] No more space in Reflection Probe Atlas. To solve this issue, increase the size of the Reflection Probe Atlas in the HDRP settings.
[09:10:31.3602474] [Error  : Unity Log] No more space in Reflection Probe Atlas. To solve this issue, increase the size of the Reflection Probe Atlas in the HDRP settings.
[09:10:31.3682972] [Error  : Unity Log] No more space in Reflection Probe Atlas. To solve this issue, increase the size of the Reflection Probe Atlas in the HDRP settings.
[09:10:31.3758119] [Error  : Unity Log] No more space in Reflection Probe Atlas. To solve this issue, increase the size of the Reflection Probe Atlas in the HDRP settings.
[09:10:31.3833208] [Error  : Unity Log] No more space in Reflection Probe Atlas. To solve this issue, increase the size of the Reflection Probe Atlas in the HDRP settings.
[09:10:31.3903384] [Error  : Unity Log] No more space in Reflection Probe Atlas. To solve this issue, increase the size of the Reflection Probe Atlas in the HDRP settings.
[09:10:31.3993581] [Error  : Unity Log] No more space in Reflection Probe Atlas. To solve this issue, increase the size of the Reflection Probe Atlas in the HDRP settings.
[09:10:31.4058664] [Error  : Unity Log] No more space in Reflection Probe Atlas. To solve this issue, increase the size of the Reflection Probe Atlas in the HDRP settings.
[09:10:31.4138805] [Error  : Unity Log] No more space in Reflection Probe Atlas. To solve this issue, increase the size of the Reflection Probe Atlas in the HDRP settings.
[09:10:31.4203874] [Error  : Unity Log] No more space in Reflection Probe Atlas. To solve this issue, increase the size of the Reflection Probe Atlas in the HDRP settings.
[09:10:31.4271083] [Error  : Unity Log] No more space in Reflection Probe Atlas. To solve this issue, increase the size of the Reflection Probe Atlas in the HDRP settings.
[09:10:31.4351085] [Error  : Unity Log] No more space in Reflection Probe Atlas. To solve this issue, increase the size of the Reflection Probe Atlas in the HDRP settings.
[09:10:31.4416631] [Error  : Unity Log] No more space in Reflection Probe Atlas. To solve this issue, increase the size of the Reflection Probe Atlas in the HDRP settings.
[09:10:31.4482729] [Error  : Unity Log] No more space in Reflection Probe Atlas. To solve this issue, increase the size of the Reflection Probe Atlas in the HDRP settings.
[09:10:31.4567860] [Error  : Unity Log] No more space in Reflection Probe Atlas. To solve this issue, increase the size of the Reflection Probe Atlas in the HDRP settings.
[09:10:31.4647997] [Error  : Unity Log] No more space in Reflection Probe Atlas. To solve this issue, increase the size of the Reflection Probe Atlas in the HDRP settings.
[09:10:31.4723997] [Error  : Unity Log] No more space in Reflection Probe Atlas. To solve this issue, increase the size of the Reflection Probe Atlas in the HDRP settings.
[09:10:31.4824140] [Error  : Unity Log] No more space in Reflection Probe Atlas. To solve this issue, increase the size of the Reflection Probe Atlas in the HDRP settings.
[09:10:31.4904808] [Error  : Unity Log] No more space in Reflection Probe Atlas. To solve this issue, increase the size of the Reflection Probe Atlas in the HDRP settings.
[09:10:31.5040271] [Error  : Unity Log] No more space in Reflection Probe Atlas. To solve this issue, increase the size of the Reflection Probe Atlas in the HDRP settings.
[09:10:31.5151292] [Error  : Unity Log] No more space in Reflection Probe Atlas. To solve this issue, increase the size of the Reflection Probe Atlas in the HDRP settings.
[09:10:31.5256388] [Error  : Unity Log] No more space in Reflection Probe Atlas. To solve this issue, increase the size of the Reflection Probe Atlas in the HDRP settings.
[09:10:31.5366550] [Error  : Unity Log] No more space in Reflection Probe Atlas. To solve this issue, increase the size of the Reflection Probe Atlas in the HDRP settings.
[09:10:31.5466731] [Error  : Unity Log] No more space in Reflection Probe Atlas. To solve this issue, increase the size of the Reflection Probe Atlas in the HDRP settings.
[09:10:31.5591977] [Error  : Unity Log] No more space in Reflection Probe Atlas. To solve this issue, increase the size of the Reflection Probe Atlas in the HDRP settings.
[09:10:31.5690353] [Error  : Unity Log] No more space in Reflection Probe Atlas. To solve this issue, increase the size of the Reflection Probe Atlas in the HDRP settings.
[09:10:31.5800507] [Error  : Unity Log] No more space in Reflection Probe Atlas. To solve this issue, increase the size of the Reflection Probe Atlas in the HDRP settings.
[09:10:31.5890618] [Error  : Unity Log] No more space in Reflection Probe Atlas. To solve this issue, increase the size of the Reflection Probe Atlas in the HDRP settings.
[09:10:31.5990773] [Error  : Unity Log] No more space in Reflection Probe Atlas. To solve this issue, increase the size of the Reflection Probe Atlas in the HDRP settings.
[09:10:31.6080923] [Error  : Unity Log] No more space in Reflection Probe Atlas. To solve this issue, increase the size of the Reflection Probe Atlas in the HDRP settings.
[09:10:31.6191074] [Error  : Unity Log] No more space in Reflection Probe Atlas. To solve this issue, increase the size of the Reflection Probe Atlas in the HDRP settings.
[09:10:31.6291241] [Error  : Unity Log] No more space in Reflection Probe Atlas. To solve this issue, increase the size of the Reflection Probe Atlas in the HDRP settings.
[09:10:31.6401378] [Error  : Unity Log] No more space in Reflection Probe Atlas. To solve this issue, increase the size of the Reflection Probe Atlas in the HDRP settings.
[09:10:31.6491555] [Error  : Unity Log] No more space in Reflection Probe Atlas. To solve this issue, increase the size of the Reflection Probe Atlas in the HDRP settings.
[09:10:31.6589343] [Error  : Unity Log] No more space in Reflection Probe Atlas. To solve this issue, increase the size of the Reflection Probe Atlas in the HDRP settings.
[09:10:31.6704740] [Error  : Unity Log] No more space in Reflection Probe Atlas. To solve this issue, increase the size of the Reflection Probe Atlas in the HDRP settings.
[09:10:31.6824890] [Error  : Unity Log] No more space in Reflection Probe Atlas. To solve this issue, increase the size of the Reflection Probe Atlas in the HDRP settings.
[09:10:31.6905078] [Error  : Unity Log] No more space in Reflection Probe Atlas. To solve this issue, increase the size of the Reflection Probe Atlas in the HDRP settings.
[09:10:31.7010290] [Error  : Unity Log] No more space in Reflection Probe Atlas. To solve this issue, increase the size of the Reflection Probe Atlas in the HDRP settings.
[09:10:31.7100450] [Error  : Unity Log] No more space in Reflection Probe Atlas. To solve this issue, increase the size of the Reflection Probe Atlas in the HDRP settings.
[09:10:31.7200666] [Error  : Unity Log] No more space in Reflection Probe Atlas. To solve this issue, increase the size of the Reflection Probe Atlas in the HDRP settings.
[09:10:31.7280730] [Error  : Unity Log] No more space in Reflection Probe Atlas. To solve this issue, increase the size of the Reflection Probe Atlas in the HDRP settings.
[09:10:31.7381983] [Error  : Unity Log] No more space in Reflection Probe Atlas. To solve this issue, increase the size of the Reflection Probe Atlas in the HDRP settings.
[09:10:31.7482183] [Error  : Unity Log] No more space in Reflection Probe Atlas. To solve this issue, increase the size of the Reflection Probe Atlas in the HDRP settings.
[09:10:31.7567320] [Error  : Unity Log] No more space in Reflection Probe Atlas. To solve this issue, increase the size of the Reflection Probe Atlas in the HDRP settings.
[09:10:31.7662604] [Error  : Unity Log] No more space in Reflection Probe Atlas. To solve this issue, increase the size of the Reflection Probe Atlas in the HDRP settings.
[09:10:31.7747683] [Error  : Unity Log] No more space in Reflection Probe Atlas. To solve this issue, increase the size of the Reflection Probe Atlas in the HDRP settings.
[09:10:31.7832850] [Error  : Unity Log] No more space in Reflection Probe Atlas. To solve this issue, increase the size of the Reflection Probe Atlas in the HDRP settings.
[09:10:31.7913035] [Error  : Unity Log] No more space in Reflection Probe Atlas. To solve this issue, increase the size of the Reflection Probe Atlas in the HDRP settings.
[09:10:31.8001988] [Error  : Unity Log] No more space in Reflection Probe Atlas. To solve this issue, increase the size of the Reflection Probe Atlas in the HDRP settings.
[09:10:31.8082195] [Error  : Unity Log] No more space in Reflection Probe Atlas. To solve this issue, increase the size of the Reflection Probe Atlas in the HDRP settings.
[09:10:31.8167295] [Error  : Unity Log] No more space in Reflection Probe Atlas. To solve this issue, increase the size of the Reflection Probe Atlas in the HDRP settings.
[09:10:31.8247403] [Error  : Unity Log] No more space in Reflection Probe Atlas. To solve this issue, increase the size of the Reflection Probe Atlas in the HDRP settings.
[09:10:31.8332591] [Error  : Unity Log] No more space in Reflection Probe Atlas. To solve this issue, increase the size of the Reflection Probe Atlas in the HDRP settings.
[09:10:31.8432796] [Error  : Unity Log] No more space in Reflection Probe Atlas. To solve this issue, increase the size of the Reflection Probe Atlas in the HDRP settings.
[09:10:31.8530207] [Error  : Unity Log] No more space in Reflection Probe Atlas. To solve this issue, increase the size of the Reflection Probe Atlas in the HDRP settings.
[09:10:31.9011394] [Error  : Unity Log] No more space in Reflection Probe Atlas. To solve this issue, increase the size of the Reflection Probe Atlas in the HDRP settings.
[09:10:31.9101649] [Error  : Unity Log] No more space in Reflection Probe Atlas. To solve this issue, increase the size of the Reflection Probe Atlas in the HDRP settings.
[09:10:31.9181796] [Error  : Unity Log] No more space in Reflection Probe Atlas. To solve this issue, increase the size of the Reflection Probe Atlas in the HDRP settings.
[09:10:31.9256936] [Error  : Unity Log] No more space in Reflection Probe Atlas. To solve this issue, increase the size of the Reflection Probe Atlas in the HDRP settings.
[09:10:31.9322034] [Error  : Unity Log] No more space in Reflection Probe Atlas. To solve this issue, increase the size of the Reflection Probe Atlas in the HDRP settings.
[09:10:31.9402185] [Error  : Unity Log] No more space in Reflection Probe Atlas. To solve this issue, increase the size of the Reflection Probe Atlas in the HDRP settings.
[09:10:31.9467274] [Error  : Unity Log] No more space in Reflection Probe Atlas. To solve this issue, increase the size of the Reflection Probe Atlas in the HDRP settings.
[09:10:31.9547374] [Error  : Unity Log] No more space in Reflection Probe Atlas. To solve this issue, increase the size of the Reflection Probe Atlas in the HDRP settings.
[09:10:31.9622495] [Error  : Unity Log] No more space in Reflection Probe Atlas. To solve this issue, increase the size of the Reflection Probe Atlas in the HDRP settings.
[09:10:31.9692659] [Error  : Unity Log] No more space in Reflection Probe Atlas. To solve this issue, increase the size of the Reflection Probe Atlas in the HDRP settings.
[09:10:31.9767770] [Error  : Unity Log] No more space in Reflection Probe Atlas. To solve this issue, increase the size of the Reflection Probe Atlas in the HDRP settings.
[09:10:31.9832861] [Error  : Unity Log] No more space in Reflection Probe Atlas. To solve this issue, increase the size of the Reflection Probe Atlas in the HDRP settings.
[09:10:31.9905594] [Error  : Unity Log] No more space in Reflection Probe Atlas. To solve this issue, increase the size of the Reflection Probe Atlas in the HDRP settings.
[09:10:31.9990789] [Error  : Unity Log] No more space in Reflection Probe Atlas. To solve this issue, increase the size of the Reflection Probe Atlas in the HDRP settings.
[09:10:32.0061217] [Error  : Unity Log] No more space in Reflection Probe Atlas. To solve this issue, increase the size of the Reflection Probe Atlas in the HDRP settings.
[09:10:32.0141219] [Error  : Unity Log] No more space in Reflection Probe Atlas. To solve this issue, increase the size of the Reflection Probe Atlas in the HDRP settings.
[09:10:32.0221381] [Error  : Unity Log] No more space in Reflection Probe Atlas. To solve this issue, increase the size of the Reflection Probe Atlas in the HDRP settings.
[09:10:32.0291562] [Error  : Unity Log] No more space in Reflection Probe Atlas. To solve this issue, increase the size of the Reflection Probe Atlas in the HDRP settings.
[09:10:32.0366660] [Error  : Unity Log] No more space in Reflection Probe Atlas. To solve this issue, increase the size of the Reflection Probe Atlas in the HDRP settings.
[09:10:32.0431753] [Error  : Unity Log] No more space in Reflection Probe Atlas. To solve this issue, increase the size of the Reflection Probe Atlas in the HDRP settings.
[09:10:32.0511959] [Error  : Unity Log] No more space in Reflection Probe Atlas. To solve this issue, increase the size of the Reflection Probe Atlas in the HDRP settings.
[09:10:32.0592100] [Error  : Unity Log] No more space in Reflection Probe Atlas. To solve this issue, increase the size of the Reflection Probe Atlas in the HDRP settings.
[09:10:32.0662306] [Error  : Unity Log] No more space in Reflection Probe Atlas. To solve this issue, increase the size of the Reflection Probe Atlas in the HDRP settings.
[09:10:32.0767416] [Error  : Unity Log] No more space in Reflection Probe Atlas. To solve this issue, increase the size of the Reflection Probe Atlas in the HDRP settings.
[09:10:32.0847544] [Error  : Unity Log] No more space in Reflection Probe Atlas. To solve this issue, increase the size of the Reflection Probe Atlas in the HDRP settings.
[09:10:32.0922711] [Error  : Unity Log] No more space in Reflection Probe Atlas. To solve this issue, increase the size of the Reflection Probe Atlas in the HDRP settings.
[09:10:32.1003187] [Error  : Unity Log] No more space in Reflection Probe Atlas. To solve this issue, increase the size of the Reflection Probe Atlas in the HDRP settings.
[09:10:32.1073904] [Error  : Unity Log] No more space in Reflection Probe Atlas. To solve this issue, increase the size of the Reflection Probe Atlas in the HDRP settings.
[09:10:32.1148929] [Error  : Unity Log] No more space in Reflection Probe Atlas. To solve this issue, increase the size of the Reflection Probe Atlas in the HDRP settings.
[09:10:32.1224644] [Error  : Unity Log] No more space in Reflection Probe Atlas. To solve this issue, increase the size of the Reflection Probe Atlas in the HDRP settings.
[09:10:32.1304800] [Error  : Unity Log] No more space in Reflection Probe Atlas. To solve this issue, increase the size of the Reflection Probe Atlas in the HDRP settings.
[09:10:32.1404979] [Error  : Unity Log] No more space in Reflection Probe Atlas. To solve this issue, increase the size of the Reflection Probe Atlas in the HDRP settings.
[09:10:32.1470095] [Error  : Unity Log] No more space in Reflection Probe Atlas. To solve this issue, increase the size of the Reflection Probe Atlas in the HDRP settings.
[09:10:32.1550215] [Error  : Unity Log] No more space in Reflection Probe Atlas. To solve this issue, increase the size of the Reflection Probe Atlas in the HDRP settings.
[09:10:32.1615342] [Error  : Unity Log] No more space in Reflection Probe Atlas. To solve this issue, increase the size of the Reflection Probe Atlas in the HDRP settings.
[09:10:32.1690678] [Error  : Unity Log] No more space in Reflection Probe Atlas. To solve this issue, increase the size of the Reflection Probe Atlas in the HDRP settings.
[09:10:32.1765368] [Error  : Unity Log] No more space in Reflection Probe Atlas. To solve this issue, increase the size of the Reflection Probe Atlas in the HDRP settings.
[09:10:32.1865515] [Error  : Unity Log] No more space in Reflection Probe Atlas. To solve this issue, increase the size of the Reflection Probe Atlas in the HDRP settings.
[09:10:32.1961684] [Error  : Unity Log] No more space in Reflection Probe Atlas. To solve this issue, increase the size of the Reflection Probe Atlas in the HDRP settings.
[09:10:32.2031714] [Error  : Unity Log] No more space in Reflection Probe Atlas. To solve this issue, increase the size of the Reflection Probe Atlas in the HDRP settings.
[09:10:32.2105395] [Error  : Unity Log] No more space in Reflection Probe Atlas. To solve this issue, increase the size of the Reflection Probe Atlas in the HDRP settings.
[09:10:32.2182006] [Error  : Unity Log] No more space in Reflection Probe Atlas. To solve this issue, increase the size of the Reflection Probe Atlas in the HDRP settings.
[09:10:32.2257128] [Error  : Unity Log] No more space in Reflection Probe Atlas. To solve this issue, increase the size of the Reflection Probe Atlas in the HDRP settings.
[09:10:32.2332252] [Error  : Unity Log] No more space in Reflection Probe Atlas. To solve this issue, increase the size of the Reflection Probe Atlas in the HDRP settings.
[09:10:32.2412443] [Error  : Unity Log] No more space in Reflection Probe Atlas. To solve this issue, increase the size of the Reflection Probe Atlas in the HDRP settings.
[09:10:32.2482573] [Error  : Unity Log] No more space in Reflection Probe Atlas. To solve this issue, increase the size of the Reflection Probe Atlas in the HDRP settings.
[09:10:32.2567736] [Error  : Unity Log] No more space in Reflection Probe Atlas. To solve this issue, increase the size of the Reflection Probe Atlas in the HDRP settings.
[09:10:32.2662955] [Error  : Unity Log] No more space in Reflection Probe Atlas. To solve this issue, increase the size of the Reflection Probe Atlas in the HDRP settings.
[09:10:32.2748076] [Error  : Unity Log] No more space in Reflection Probe Atlas. To solve this issue, increase the size of the Reflection Probe Atlas in the HDRP settings.
[09:10:32.2823199] [Error  : Unity Log] No more space in Reflection Probe Atlas. To solve this issue, increase the size of the Reflection Probe Atlas in the HDRP settings.
[09:10:32.2893360] [Error  : Unity Log] No more space in Reflection Probe Atlas. To solve this issue, increase the size of the Reflection Probe Atlas in the HDRP settings.
[09:10:32.2980763] [Error  : Unity Log] No more space in Reflection Probe Atlas. To solve this issue, increase the size of the Reflection Probe Atlas in the HDRP settings.
[09:10:32.3055793] [Error  : Unity Log] No more space in Reflection Probe Atlas. To solve this issue, increase the size of the Reflection Probe Atlas in the HDRP settings.
[09:10:32.3120925] [Error  : Unity Log] No more space in Reflection Probe Atlas. To solve this issue, increase the size of the Reflection Probe Atlas in the HDRP settings.
[09:10:32.3202142] [Error  : Unity Log] No more space in Reflection Probe Atlas. To solve this issue, increase the size of the Reflection Probe Atlas in the HDRP settings.
[09:10:32.3282243] [Error  : Unity Log] No more space in Reflection Probe Atlas. To solve this issue, increase the size of the Reflection Probe Atlas in the HDRP settings.
[09:10:32.3367364] [Error  : Unity Log] No more space in Reflection Probe Atlas. To solve this issue, increase the size of the Reflection Probe Atlas in the HDRP settings.
[09:10:32.3432453] [Error  : Unity Log] No more space in Reflection Probe Atlas. To solve this issue, increase the size of the Reflection Probe Atlas in the HDRP settings.
[09:10:32.3512639] [Error  : Unity Log] No more space in Reflection Probe Atlas. To solve this issue, increase the size of the Reflection Probe Atlas in the HDRP settings.
[09:10:32.3657918] [Error  : Unity Log] No more space in Reflection Probe Atlas. To solve this issue, increase the size of the Reflection Probe Atlas in the HDRP settings.
[09:10:32.3758076] [Error  : Unity Log] No more space in Reflection Probe Atlas. To solve this issue, increase the size of the Reflection Probe Atlas in the HDRP settings.
[09:10:32.3848205] [Error  : Unity Log] No more space in Reflection Probe Atlas. To solve this issue, increase the size of the Reflection Probe Atlas in the HDRP settings.
[09:10:32.3923330] [Error  : Unity Log] No more space in Reflection Probe Atlas. To solve this issue, increase the size of the Reflection Probe Atlas in the HDRP settings.
[09:10:32.4003496] [Error  : Unity Log] No more space in Reflection Probe Atlas. To solve this issue, increase the size of the Reflection Probe Atlas in the HDRP settings.
[09:10:32.4083759] [Error  : Unity Log] No more space in Reflection Probe Atlas. To solve this issue, increase the size of the Reflection Probe Atlas in the HDRP settings.
[09:10:32.4158878] [Error  : Unity Log] No more space in Reflection Probe Atlas. To solve this issue, increase the size of the Reflection Probe Atlas in the HDRP settings.
[09:10:32.4233957] [Error  : Unity Log] No more space in Reflection Probe Atlas. To solve this issue, increase the size of the Reflection Probe Atlas in the HDRP settings.
[09:10:32.4314126] [Error  : Unity Log] No more space in Reflection Probe Atlas. To solve this issue, increase the size of the Reflection Probe Atlas in the HDRP settings.
[09:10:32.4394310] [Error  : Unity Log] No more space in Reflection Probe Atlas. To solve this issue, increase the size of the Reflection Probe Atlas in the HDRP settings.
[09:10:32.4459380] [Error  : Unity Log] No more space in Reflection Probe Atlas. To solve this issue, increase the size of the Reflection Probe Atlas in the HDRP settings.
[09:10:32.4534439] [Error  : Unity Log] No more space in Reflection Probe Atlas. To solve this issue, increase the size of the Reflection Probe Atlas in the HDRP settings.
[09:10:32.4614612] [Error  : Unity Log] No more space in Reflection Probe Atlas. To solve this issue, increase the size of the Reflection Probe Atlas in the HDRP settings.
[09:10:32.4669675] [Error  : Unity Log] No more space in Reflection Probe Atlas. To solve this issue, increase the size of the Reflection Probe Atlas in the HDRP settings.
[09:10:32.4749326] [Error  : Unity Log] No more space in Reflection Probe Atlas. To solve this issue, increase the size of the Reflection Probe Atlas in the HDRP settings.
[09:10:32.4814435] [Error  : Unity Log] No more space in Reflection Probe Atlas. To solve this issue, increase the size of the Reflection Probe Atlas in the HDRP settings.
[09:10:32.4884577] [Error  : Unity Log] No more space in Reflection Probe Atlas. To solve this issue, increase the size of the Reflection Probe Atlas in the HDRP settings.
[09:10:32.4959725] [Error  : Unity Log] No more space in Reflection Probe Atlas. To solve this issue, increase the size of the Reflection Probe Atlas in the HDRP settings.
[09:10:32.5024820] [Error  : Unity Log] No more space in Reflection Probe Atlas. To solve this issue, increase the size of the Reflection Probe Atlas in the HDRP settings.
[09:10:32.5101742] [Error  : Unity Log] No more space in Reflection Probe Atlas. To solve this issue, increase the size of the Reflection Probe Atlas in the HDRP settings.
[09:10:32.5191872] [Error  : Unity Log] No more space in Reflection Probe Atlas. To solve this issue, increase the size of the Reflection Probe Atlas in the HDRP settings.
[09:10:32.5266992] [Error  : Unity Log] No more space in Reflection Probe Atlas. To solve this issue, increase the size of the Reflection Probe Atlas in the HDRP settings.
[09:10:32.5332076] [Error  : Unity Log] No more space in Reflection Probe Atlas. To solve this issue, increase the size of the Reflection Probe Atlas in the HDRP settings.
[09:10:32.5412261] [Error  : Unity Log] No more space in Reflection Probe Atlas. To solve this issue, increase the size of the Reflection Probe Atlas in the HDRP settings.
[09:10:32.5482406] [Error  : Unity Log] No more space in Reflection Probe Atlas. To solve this issue, increase the size of the Reflection Probe Atlas in the HDRP settings.
[09:10:32.5557548] [Error  : Unity Log] No more space in Reflection Probe Atlas. To solve this issue, increase the size of the Reflection Probe Atlas in the HDRP settings.
[09:10:32.5622645] [Error  : Unity Log] No more space in Reflection Probe Atlas. To solve this issue, increase the size of the Reflection Probe Atlas in the HDRP settings.
[09:10:32.5709105] [Error  : Unity Log] No more space in Reflection Probe Atlas. To solve this issue, increase the size of the Reflection Probe Atlas in the HDRP settings.
[09:10:32.5790609] [Error  : Unity Log] No more space in Reflection Probe Atlas. To solve this issue, increase the size of the Reflection Probe Atlas in the HDRP settings.
[09:10:32.5855641] [Error  : Unity Log] No more space in Reflection Probe Atlas. To solve this issue, increase the size of the Reflection Probe Atlas in the HDRP settings.
[09:10:32.5935724] [Error  : Unity Log] No more space in Reflection Probe Atlas. To solve this issue, increase the size of the Reflection Probe Atlas in the HDRP settings.
[09:10:32.6010860] [Error  : Unity Log] No more space in Reflection Probe Atlas. To solve this issue, increase the size of the Reflection Probe Atlas in the HDRP settings.
[09:10:32.6081446] [Error  : Unity Log] No more space in Reflection Probe Atlas. To solve this issue, increase the size of the Reflection Probe Atlas in the HDRP settings.
[09:10:32.6156514] [Error  : Unity Log] No more space in Reflection Probe Atlas. To solve this issue, increase the size of the Reflection Probe Atlas in the HDRP settings.
[09:10:32.6231586] [Error  : Unity Log] No more space in Reflection Probe Atlas. To solve this issue, increase the size of the Reflection Probe Atlas in the HDRP settings.
[09:10:32.6291763] [Error  : Unity Log] No more space in Reflection Probe Atlas. To solve this issue, increase the size of the Reflection Probe Atlas in the HDRP settings.
[09:10:32.6366854] [Error  : Unity Log] No more space in Reflection Probe Atlas. To solve this issue, increase the size of the Reflection Probe Atlas in the HDRP settings.
[09:10:32.6446996] [Error  : Unity Log] No more space in Reflection Probe Atlas. To solve this issue, increase the size of the Reflection Probe Atlas in the HDRP settings.
[09:10:32.6522138] [Error  : Unity Log] No more space in Reflection Probe Atlas. To solve this issue, increase the size of the Reflection Probe Atlas in the HDRP settings.
[09:10:32.6602273] [Error  : Unity Log] No more space in Reflection Probe Atlas. To solve this issue, increase the size of the Reflection Probe Atlas in the HDRP settings.
[09:10:32.6667404] [Error  : Unity Log] No more space in Reflection Probe Atlas. To solve this issue, increase the size of the Reflection Probe Atlas in the HDRP settings.
[09:10:32.6757576] [Error  : Unity Log] No more space in Reflection Probe Atlas. To solve this issue, increase the size of the Reflection Probe Atlas in the HDRP settings.
[09:10:32.6847739] [Error  : Unity Log] No more space in Reflection Probe Atlas. To solve this issue, increase the size of the Reflection Probe Atlas in the HDRP settings.
[09:10:32.6922881] [Error  : Unity Log] No more space in Reflection Probe Atlas. To solve this issue, increase the size of the Reflection Probe Atlas in the HDRP settings.
[09:10:32.6993037] [Error  : Unity Log] No more space in Reflection Probe Atlas. To solve this issue, increase the size of the Reflection Probe Atlas in the HDRP settings.
[09:10:32.7073360] [Error  : Unity Log] No more space in Reflection Probe Atlas. To solve this issue, increase the size of the Reflection Probe Atlas in the HDRP settings.
[09:10:32.7148369] [Error  : Unity Log] No more space in Reflection Probe Atlas. To solve this issue, increase the size of the Reflection Probe Atlas in the HDRP settings.
[09:10:32.7223487] [Error  : Unity Log] No more space in Reflection Probe Atlas. To solve this issue, increase the size of the Reflection Probe Atlas in the HDRP settings.
[09:10:32.7293650] [Error  : Unity Log] No more space in Reflection Probe Atlas. To solve this issue, increase the size of the Reflection Probe Atlas in the HDRP settings.
[09:10:32.7368755] [Error  : Unity Log] No more space in Reflection Probe Atlas. To solve this issue, increase the size of the Reflection Probe Atlas in the HDRP settings.
[09:10:32.7433855] [Error  : Unity Log] No more space in Reflection Probe Atlas. To solve this issue, increase the size of the Reflection Probe Atlas in the HDRP settings.
[09:10:32.7524069] [Error  : Unity Log] No more space in Reflection Probe Atlas. To solve this issue, increase the size of the Reflection Probe Atlas in the HDRP settings.
[09:10:32.7624245] [Error  : Unity Log] No more space in Reflection Probe Atlas. To solve this issue, increase the size of the Reflection Probe Atlas in the HDRP settings.
[09:10:32.7704429] [Error  : Unity Log] No more space in Reflection Probe Atlas. To solve this issue, increase the size of the Reflection Probe Atlas in the HDRP settings.
[09:10:32.7784502] [Error  : Unity Log] No more space in Reflection Probe Atlas. To solve this issue, increase the size of the Reflection Probe Atlas in the HDRP settings.
[09:10:32.7859645] [Error  : Unity Log] No more space in Reflection Probe Atlas. To solve this issue, increase the size of the Reflection Probe Atlas in the HDRP settings.
[09:10:32.7924737] [Error  : Unity Log] No more space in Reflection Probe Atlas. To solve this issue, increase the size of the Reflection Probe Atlas in the HDRP settings.
[09:10:32.8014922] [Error  : Unity Log] No more space in Reflection Probe Atlas. To solve this issue, increase the size of the Reflection Probe Atlas in the HDRP settings.
[09:10:32.8085228] [Error  : Unity Log] No more space in Reflection Probe Atlas. To solve this issue, increase the size of the Reflection Probe Atlas in the HDRP settings.
[09:10:32.8150284] [Error  : Unity Log] No more space in Reflection Probe Atlas. To solve this issue, increase the size of the Reflection Probe Atlas in the HDRP settings.
[09:10:32.8215399] [Error  : Unity Log] No more space in Reflection Probe Atlas. To solve this issue, increase the size of the Reflection Probe Atlas in the HDRP settings.
[09:10:32.8300549] [Error  : Unity Log] No more space in Reflection Probe Atlas. To solve this issue, increase the size of the Reflection Probe Atlas in the HDRP settings.
[09:10:32.8380698] [Error  : Unity Log] No more space in Reflection Probe Atlas. To solve this issue, increase the size of the Reflection Probe Atlas in the HDRP settings.
[09:10:32.8455800] [Error  : Unity Log] No more space in Reflection Probe Atlas. To solve this issue, increase the size of the Reflection Probe Atlas in the HDRP settings.
[09:10:32.8490930] [Warning: Unity Log] PlayOneShot was called with a null AudioClip.
[09:10:32.8550919] [Error  : Unity Log] No more space in Reflection Probe Atlas. To solve this issue, increase the size of the Reflection Probe Atlas in the HDRP settings.
[09:10:32.8623287] [Error  : Unity Log] No more space in Reflection Probe Atlas. To solve this issue, increase the size of the Reflection Probe Atlas in the HDRP settings.
[09:10:32.8698487] [Error  : Unity Log] No more space in Reflection Probe Atlas. To solve this issue, increase the size of the Reflection Probe Atlas in the HDRP settings.
[09:10:32.8783517] [Error  : Unity Log] No more space in Reflection Probe Atlas. To solve this issue, increase the size of the Reflection Probe Atlas in the HDRP settings.
[09:10:32.8848545] [Error  : Unity Log] No more space in Reflection Probe Atlas. To solve this issue, increase the size of the Reflection Probe Atlas in the HDRP settings.
[09:10:32.8948775] [Error  : Unity Log] No more space in Reflection Probe Atlas. To solve this issue, increase the size of the Reflection Probe Atlas in the HDRP settings.
[09:10:32.9034281] [Error  : Unity Log] No more space in Reflection Probe Atlas. To solve this issue, increase the size of the Reflection Probe Atlas in the HDRP settings.
[09:10:32.9119631] [Error  : Unity Log] No more space in Reflection Probe Atlas. To solve this issue, increase the size of the Reflection Probe Atlas in the HDRP settings.
[09:10:32.9205808] [Error  : Unity Log] No more space in Reflection Probe Atlas. To solve this issue, increase the size of the Reflection Probe Atlas in the HDRP settings.
[09:10:32.9280908] [Error  : Unity Log] No more space in Reflection Probe Atlas. To solve this issue, increase the size of the Reflection Probe Atlas in the HDRP settings.
[09:10:32.9366046] [Error  : Unity Log] No more space in Reflection Probe Atlas. To solve this issue, increase the size of the Reflection Probe Atlas in the HDRP settings.
[09:10:32.9441144] [Error  : Unity Log] No more space in Reflection Probe Atlas. To solve this issue, increase the size of the Reflection Probe Atlas in the HDRP settings.
[09:10:32.9501675] [Error  : Unity Log] No more space in Reflection Probe Atlas. To solve this issue, increase the size of the Reflection Probe Atlas in the HDRP settings.
[09:10:32.9581794] [Error  : Unity Log] No more space in Reflection Probe Atlas. To solve this issue, increase the size of the Reflection Probe Atlas in the HDRP settings.
[09:10:32.9646884] [Error  : Unity Log] No more space in Reflection Probe Atlas. To solve this issue, increase the size of the Reflection Probe Atlas in the HDRP settings.
[09:10:32.9722066] [Error  : Unity Log] No more space in Reflection Probe Atlas. To solve this issue, increase the size of the Reflection Probe Atlas in the HDRP settings.
[09:10:32.9792236] [Error  : Unity Log] No more space in Reflection Probe Atlas. To solve this issue, increase the size of the Reflection Probe Atlas in the HDRP settings.
[09:10:32.9857341] [Error  : Unity Log] No more space in Reflection Probe Atlas. To solve this issue, increase the size of the Reflection Probe Atlas in the HDRP settings.
[09:10:32.9922411] [Error  : Unity Log] No more space in Reflection Probe Atlas. To solve this issue, increase the size of the Reflection Probe Atlas in the HDRP settings.
[09:10:32.9993198] [Error  : Unity Log] No more space in Reflection Probe Atlas. To solve this issue, increase the size of the Reflection Probe Atlas in the HDRP settings.
[09:10:33.0048245] [Error  : Unity Log] No more space in Reflection Probe Atlas. To solve this issue, increase the size of the Reflection Probe Atlas in the HDRP settings.
[09:10:33.0123552] [Error  : Unity Log] No more space in Reflection Probe Atlas. To solve this issue, increase the size of the Reflection Probe Atlas in the HDRP settings.
[09:10:33.0203753] [Error  : Unity Log] No more space in Reflection Probe Atlas. To solve this issue, increase the size of the Reflection Probe Atlas in the HDRP settings.
[09:10:33.0268822] [Error  : Unity Log] No more space in Reflection Probe Atlas. To solve this issue, increase the size of the Reflection Probe Atlas in the HDRP settings.
[09:10:33.0333900] [Error  : Unity Log] No more space in Reflection Probe Atlas. To solve this issue, increase the size of the Reflection Probe Atlas in the HDRP settings.
[09:10:33.0414105] [Error  : Unity Log] No more space in Reflection Probe Atlas. To solve this issue, increase the size of the Reflection Probe Atlas in the HDRP settings.
[09:10:33.0504293] [Error  : Unity Log] No more space in Reflection Probe Atlas. To solve this issue, increase the size of the Reflection Probe Atlas in the HDRP settings.
[09:10:33.0584391] [Error  : Unity Log] No more space in Reflection Probe Atlas. To solve this issue, increase the size of the Reflection Probe Atlas in the HDRP settings.
[09:10:33.0649478] [Error  : Unity Log] No more space in Reflection Probe Atlas. To solve this issue, increase the size of the Reflection Probe Atlas in the HDRP settings.
[09:10:33.0684564] [Debug  : LethalMin] Sprout Setting growth stage to 1
[09:10:33.0724656] [Error  : Unity Log] No more space in Reflection Probe Atlas. To solve this issue, increase the size of the Reflection Probe Atlas in the HDRP settings.
[09:10:33.0804835] [Error  : Unity Log] No more space in Reflection Probe Atlas. To solve this issue, increase the size of the Reflection Probe Atlas in the HDRP settings.
[09:10:33.0869892] [Error  : Unity Log] No more space in Reflection Probe Atlas. To solve this issue, increase the size of the Reflection Probe Atlas in the HDRP settings.
[09:10:33.0960033] [Error  : Unity Log] No more space in Reflection Probe Atlas. To solve this issue, increase the size of the Reflection Probe Atlas in the HDRP settings.
[09:10:33.1050212] [Error  : Unity Log] No more space in Reflection Probe Atlas. To solve this issue, increase the size of the Reflection Probe Atlas in the HDRP settings.
[09:10:33.1141227] [Error  : Unity Log] No more space in Reflection Probe Atlas. To solve this issue, increase the size of the Reflection Probe Atlas in the HDRP settings.
[09:10:33.1207125] [Error  : Unity Log] No more space in Reflection Probe Atlas. To solve this issue, increase the size of the Reflection Probe Atlas in the HDRP settings.
[09:10:33.1267655] [Error  : Unity Log] No more space in Reflection Probe Atlas. To solve this issue, increase the size of the Reflection Probe Atlas in the HDRP settings.
[09:10:33.1347790] [Error  : Unity Log] No more space in Reflection Probe Atlas. To solve this issue, increase the size of the Reflection Probe Atlas in the HDRP settings.
[09:10:33.1412948] [Error  : Unity Log] No more space in Reflection Probe Atlas. To solve this issue, increase the size of the Reflection Probe Atlas in the HDRP settings.
[09:10:33.1468029] [Error  : Unity Log] No more space in Reflection Probe Atlas. To solve this issue, increase the size of the Reflection Probe Atlas in the HDRP settings.
[09:10:33.1548160] [Error  : Unity Log] No more space in Reflection Probe Atlas. To solve this issue, increase the size of the Reflection Probe Atlas in the HDRP settings.
[09:10:33.1613305] [Error  : Unity Log] No more space in Reflection Probe Atlas. To solve this issue, increase the size of the Reflection Probe Atlas in the HDRP settings.
[09:10:33.1683428] [Error  : Unity Log] No more space in Reflection Probe Atlas. To solve this issue, increase the size of the Reflection Probe Atlas in the HDRP settings.
[09:10:33.1748536] [Error  : Unity Log] No more space in Reflection Probe Atlas. To solve this issue, increase the size of the Reflection Probe Atlas in the HDRP settings.
[09:10:33.1820776] [Error  : Unity Log] No more space in Reflection Probe Atlas. To solve this issue, increase the size of the Reflection Probe Atlas in the HDRP settings.
[09:10:33.1890886] [Error  : Unity Log] No more space in Reflection Probe Atlas. To solve this issue, increase the size of the Reflection Probe Atlas in the HDRP settings.
[09:10:33.1963304] [Error  : Unity Log] No more space in Reflection Probe Atlas. To solve this issue, increase the size of the Reflection Probe Atlas in the HDRP settings.
[09:10:33.2023341] [Error  : Unity Log] No more space in Reflection Probe Atlas. To solve this issue, increase the size of the Reflection Probe Atlas in the HDRP settings.
[09:10:33.2103524] [Error  : Unity Log] No more space in Reflection Probe Atlas. To solve this issue, increase the size of the Reflection Probe Atlas in the HDRP settings.
[09:10:33.2183645] [Error  : Unity Log] No more space in Reflection Probe Atlas. To solve this issue, increase the size of the Reflection Probe Atlas in the HDRP settings.
[09:10:33.2253801] [Error  : Unity Log] No more space in Reflection Probe Atlas. To solve this issue, increase the size of the Reflection Probe Atlas in the HDRP settings.
[09:10:33.2323847] [Error  : Unity Log] No more space in Reflection Probe Atlas. To solve this issue, increase the size of the Reflection Probe Atlas in the HDRP settings.
[09:10:33.2394009] [Error  : Unity Log] No more space in Reflection Probe Atlas. To solve this issue, increase the size of the Reflection Probe Atlas in the HDRP settings.
[09:10:33.2469114] [Error  : Unity Log] No more space in Reflection Probe Atlas. To solve this issue, increase the size of the Reflection Probe Atlas in the HDRP settings.
[09:10:33.2504199] [Warning:   Coroner] Could not access dying player: Collider was not a player!
[09:10:33.2504199] [Warning:   Coroner] Could not access dying player: Index not assigned!
[09:10:33.2504199] [Info   : LethalMin] Yellow Pikmin_8LNgEB: Has Invincible mode when doing squish death
[09:10:33.2514215] [Debug  :   Coroner] Handling Spike Trap death...
[09:10:33.2514215] [Warning:   Coroner] Could not access dying player: Collider was not a player!
[09:10:33.2514215] [Warning:   Coroner] Could not access dying player: Index not assigned!
[09:10:33.2514215] [Info   : LethalMin] Yellow Pikmin_LuMKh: Has Invincible mode when doing squish death
[09:10:33.2514215] [Debug  :   Coroner] Handling Spike Trap death...
[09:10:33.2514215] [Warning:   Coroner] Could not access dying player: Collider was not a player!
[09:10:33.2514215] [Warning:   Coroner] Could not access dying player: Index not assigned!
[09:10:33.2514215] [Info   : LethalMin] Yellow Pikmin_Aq9v9: Has Invincible mode when doing squish death
[09:10:33.2514215] [Debug  :   Coroner] Handling Spike Trap death...
[09:10:33.2514215] [Warning:   Coroner] Could not access dying player: Collider was not a player!
[09:10:33.2514215] [Warning:   Coroner] Could not access dying player: Index not assigned!
[09:10:33.2514215] [Info   : LethalMin] Yellow Pikmin_IkVZWQe: Has Invincible mode when doing squish death
[09:10:33.2514215] [Debug  :   Coroner] Handling Spike Trap death...
[09:10:33.2559278] [Error  : Unity Log] No more space in Reflection Probe Atlas. To solve this issue, increase the size of the Reflection Probe Atlas in the HDRP settings.
[09:10:33.2624371] [Error  : Unity Log] No more space in Reflection Probe Atlas. To solve this issue, increase the size of the Reflection Probe Atlas in the HDRP settings.
[09:10:33.2704593] [Error  : Unity Log] No more space in Reflection Probe Atlas. To solve this issue, increase the size of the Reflection Probe Atlas in the HDRP settings.
[09:10:33.2735736] [Warning:   Coroner] Could not access dying player: Collider was not a player!
[09:10:33.2735736] [Warning:   Coroner] Could not access dying player: Index not assigned!
[09:10:33.2735736] [Info   : LethalMin] Yellow Pikmin_8LNgEB: Has Invincible mode when doing squish death
[09:10:33.2735736] [Debug  :   Coroner] Handling Spike Trap death...
[09:10:33.2735736] [Warning:   Coroner] Could not access dying player: Collider was not a player!
[09:10:33.2735736] [Warning:   Coroner] Could not access dying player: Index not assigned!
[09:10:33.2735736] [Info   : LethalMin] Yellow Pikmin_LuMKh: Has Invincible mode when doing squish death
[09:10:33.2735736] [Debug  :   Coroner] Handling Spike Trap death...
[09:10:33.2735736] [Warning:   Coroner] Could not access dying player: Collider was not a player!
[09:10:33.2735736] [Warning:   Coroner] Could not access dying player: Index not assigned!
[09:10:33.2735736] [Info   : LethalMin] Yellow Pikmin_Aq9v9: Has Invincible mode when doing squish death
[09:10:33.2735736] [Debug  :   Coroner] Handling Spike Trap death...
[09:10:33.2735736] [Warning:   Coroner] Could not access dying player: Collider was not a player!
[09:10:33.2735736] [Warning:   Coroner] Could not access dying player: Index not assigned!
[09:10:33.2735736] [Info   : LethalMin] Yellow Pikmin_IkVZWQe: Has Invincible mode when doing squish death
[09:10:33.2735736] [Debug  :   Coroner] Handling Spike Trap death...
[09:10:33.2780808] [Error  : Unity Log] No more space in Reflection Probe Atlas. To solve this issue, increase the size of the Reflection Probe Atlas in the HDRP settings.
[09:10:33.2865936] [Error  : Unity Log] No more space in Reflection Probe Atlas. To solve this issue, increase the size of the Reflection Probe Atlas in the HDRP settings.
[09:10:33.2901039] [Warning:   Coroner] Could not access dying player: Collider was not a player!
[09:10:33.2901039] [Warning:   Coroner] Could not access dying player: Index not assigned!
[09:10:33.2901039] [Info   : LethalMin] Yellow Pikmin_8LNgEB: Has Invincible mode when doing squish death
[09:10:33.2901039] [Debug  :   Coroner] Handling Spike Trap death...
[09:10:33.2901039] [Warning:   Coroner] Could not access dying player: Collider was not a player!
[09:10:33.2901039] [Warning:   Coroner] Could not access dying player: Index not assigned!
[09:10:33.2901039] [Info   : LethalMin] Yellow Pikmin_LuMKh: Has Invincible mode when doing squish death
[09:10:33.2901039] [Debug  :   Coroner] Handling Spike Trap death...
[09:10:33.2901039] [Warning:   Coroner] Could not access dying player: Collider was not a player!
[09:10:33.2901039] [Warning:   Coroner] Could not access dying player: Index not assigned!
[09:10:33.2901039] [Info   : LethalMin] Yellow Pikmin_Aq9v9: Has Invincible mode when doing squish death
[09:10:33.2901039] [Debug  :   Coroner] Handling Spike Trap death...
[09:10:33.2901039] [Warning:   Coroner] Could not access dying player: Collider was not a player!
[09:10:33.2901039] [Warning:   Coroner] Could not access dying player: Index not assigned!
[09:10:33.2901039] [Info   : LethalMin] Yellow Pikmin_IkVZWQe: Has Invincible mode when doing squish death
[09:10:33.2901039] [Debug  :   Coroner] Handling Spike Trap death...
[09:10:33.2901039] [Warning:   Coroner] Could not access dying player: Collider was not a player!
[09:10:33.2901039] [Warning:   Coroner] Could not access dying player: Index not assigned!
[09:10:33.2901039] [Info   : LethalMin] Yellow Pikmin_PerDu: Has Invincible mode when doing squish death
[09:10:33.2901039] [Debug  :   Coroner] Handling Spike Trap death...
[09:10:33.2951030] [Error  : Unity Log] No more space in Reflection Probe Atlas. To solve this issue, increase the size of the Reflection Probe Atlas in the HDRP settings.
[09:10:33.3021605] [Error  : Unity Log] No more space in Reflection Probe Atlas. To solve this issue, increase the size of the Reflection Probe Atlas in the HDRP settings.
[09:10:33.3094058] [Error  : Unity Log] No more space in Reflection Probe Atlas. To solve this issue, increase the size of the Reflection Probe Atlas in the HDRP settings.
[09:10:33.3114052] [Warning:   Coroner] Could not access dying player: Collider was not a player!
[09:10:33.3114052] [Warning:   Coroner] Could not access dying player: Index not assigned!
[09:10:33.3114052] [Info   : LethalMin] Yellow Pikmin_8LNgEB: Has Invincible mode when doing squish death
[09:10:33.3114052] [Debug  :   Coroner] Handling Spike Trap death...
[09:10:33.3114052] [Warning:   Coroner] Could not access dying player: Collider was not a player!
[09:10:33.3114052] [Warning:   Coroner] Could not access dying player: Index not assigned!
[09:10:33.3114052] [Info   : LethalMin] Yellow Pikmin_LuMKh: Has Invincible mode when doing squish death
[09:10:33.3114052] [Debug  :   Coroner] Handling Spike Trap death...
[09:10:33.3114052] [Warning:   Coroner] Could not access dying player: Collider was not a player!
[09:10:33.3114052] [Warning:   Coroner] Could not access dying player: Index not assigned!
[09:10:33.3114052] [Info   : LethalMin] Yellow Pikmin_Aq9v9: Has Invincible mode when doing squish death
[09:10:33.3114052] [Debug  :   Coroner] Handling Spike Trap death...
[09:10:33.3114052] [Warning:   Coroner] Could not access dying player: Collider was not a player!
[09:10:33.3114052] [Warning:   Coroner] Could not access dying player: Index not assigned!
[09:10:33.3114052] [Info   : LethalMin] Yellow Pikmin_IkVZWQe: Has Invincible mode when doing squish death
[09:10:33.3114052] [Debug  :   Coroner] Handling Spike Trap death...
[09:10:33.3114052] [Warning:   Coroner] Could not access dying player: Collider was not a player!
[09:10:33.3114052] [Warning:   Coroner] Could not access dying player: Index not assigned!
[09:10:33.3114052] [Info   : LethalMin] Yellow Pikmin_PerDu: Has Invincible mode when doing squish death
[09:10:33.3114052] [Debug  :   Coroner] Handling Spike Trap death...
[09:10:33.3159197] [Error  : Unity Log] No more space in Reflection Probe Atlas. To solve this issue, increase the size of the Reflection Probe Atlas in the HDRP settings.
[09:10:33.3229363] [Error  : Unity Log] No more space in Reflection Probe Atlas. To solve this issue, increase the size of the Reflection Probe Atlas in the HDRP settings.
[09:10:33.3314507] [Error  : Unity Log] No more space in Reflection Probe Atlas. To solve this issue, increase the size of the Reflection Probe Atlas in the HDRP settings.
[09:10:33.3334528] [Warning:   Coroner] Could not access dying player: Collider was not a player!
[09:10:33.3334528] [Warning:   Coroner] Could not access dying player: Index not assigned!
[09:10:33.3334528] [Info   : LethalMin] Yellow Pikmin_8LNgEB: Has Invincible mode when doing squish death
[09:10:33.3334528] [Debug  :   Coroner] Handling Spike Trap death...
[09:10:33.3334528] [Warning:   Coroner] Could not access dying player: Collider was not a player!
[09:10:33.3334528] [Warning:   Coroner] Could not access dying player: Index not assigned!
[09:10:33.3334528] [Info   : LethalMin] Yellow Pikmin_LuMKh: Has Invincible mode when doing squish death
[09:10:33.3334528] [Debug  :   Coroner] Handling Spike Trap death...
[09:10:33.3334528] [Warning:   Coroner] Could not access dying player: Collider was not a player!
[09:10:33.3334528] [Warning:   Coroner] Could not access dying player: Index not assigned!
[09:10:33.3334528] [Info   : LethalMin] Yellow Pikmin_Aq9v9: Has Invincible mode when doing squish death
[09:10:33.3334528] [Debug  :   Coroner] Handling Spike Trap death...
[09:10:33.3334528] [Warning:   Coroner] Could not access dying player: Collider was not a player!
[09:10:33.3334528] [Warning:   Coroner] Could not access dying player: Index not assigned!
[09:10:33.3334528] [Info   : LethalMin] Yellow Pikmin_IkVZWQe: Has Invincible mode when doing squish death
[09:10:33.3334528] [Debug  :   Coroner] Handling Spike Trap death...
[09:10:33.3334528] [Warning:   Coroner] Could not access dying player: Collider was not a player!
[09:10:33.3334528] [Warning:   Coroner] Could not access dying player: Index not assigned!
[09:10:33.3334528] [Info   : LethalMin] Yellow Pikmin_PerDu: Has Invincible mode when doing squish death
[09:10:33.3334528] [Debug  :   Coroner] Handling Spike Trap death...
[09:10:33.3369613] [Warning:S1.39 Compatibility Fixes] [ThumperPikminGuard] Blocked Crawler/Thumper -> Pikmin GrabPikmin before leader/grab/death-timer state mutation.
[09:10:33.3394714] [Error  : Unity Log] No more space in Reflection Probe Atlas. To solve this issue, increase the size of the Reflection Probe Atlas in the HDRP settings.
[09:10:33.3469790] [Error  : Unity Log] No more space in Reflection Probe Atlas. To solve this issue, increase the size of the Reflection Probe Atlas in the HDRP settings.
[09:10:33.3549919] [Error  : Unity Log] No more space in Reflection Probe Atlas. To solve this issue, increase the size of the Reflection Probe Atlas in the HDRP settings.
[09:10:33.3615033] [Error  : Unity Log] No more space in Reflection Probe Atlas. To solve this issue, increase the size of the Reflection Probe Atlas in the HDRP settings.
[09:10:33.3670103] [Error  : Unity Log] No more space in Reflection Probe Atlas. To solve this issue, increase the size of the Reflection Probe Atlas in the HDRP settings.
[09:10:33.3755313] [Error  : Unity Log] No more space in Reflection Probe Atlas. To solve this issue, increase the size of the Reflection Probe Atlas in the HDRP settings.
[09:10:33.3825360] [Error  : Unity Log] No more space in Reflection Probe Atlas. To solve this issue, increase the size of the Reflection Probe Atlas in the HDRP settings.
[09:10:33.3925565] [Error  : Unity Log] No more space in Reflection Probe Atlas. To solve this issue, increase the size of the Reflection Probe Atlas in the HDRP settings.
[09:10:33.4031480] [Error  : Unity Log] No more space in Reflection Probe Atlas. To solve this issue, increase the size of the Reflection Probe Atlas in the HDRP settings.
[09:10:33.4105833] [Error  : Unity Log] No more space in Reflection Probe Atlas. To solve this issue, increase the size of the Reflection Probe Atlas in the HDRP settings.
[09:10:33.4186827] [Error  : Unity Log] No more space in Reflection Probe Atlas. To solve this issue, increase the size of the Reflection Probe Atlas in the HDRP settings.
[09:10:33.4256988] [Error  : Unity Log] No more space in Reflection Probe Atlas. To solve this issue, increase the size of the Reflection Probe Atlas in the HDRP settings.
[09:10:33.4332075] [Error  : Unity Log] No more space in Reflection Probe Atlas. To solve this issue, increase the size of the Reflection Probe Atlas in the HDRP settings.
[09:10:33.4402247] [Error  : Unity Log] No more space in Reflection Probe Atlas. To solve this issue, increase the size of the Reflection Probe Atlas in the HDRP settings.
[09:10:33.4467347] [Error  : Unity Log] No more space in Reflection Probe Atlas. To solve this issue, increase the size of the Reflection Probe Atlas in the HDRP settings.
[09:10:33.4547472] [Error  : Unity Log] No more space in Reflection Probe Atlas. To solve this issue, increase the size of the Reflection Probe Atlas in the HDRP settings.
[09:10:33.4612610] [Error  : Unity Log] No more space in Reflection Probe Atlas. To solve this issue, increase the size of the Reflection Probe Atlas in the HDRP settings.
[09:10:33.4683165] [Error  : Unity Log] No more space in Reflection Probe Atlas. To solve this issue, increase the size of the Reflection Probe Atlas in the HDRP settings.
[09:10:33.4768946] [Error  : Unity Log] No more space in Reflection Probe Atlas. To solve this issue, increase the size of the Reflection Probe Atlas in the HDRP settings.
[09:10:33.4859145] [Error  : Unity Log] No more space in Reflection Probe Atlas. To solve this issue, increase the size of the Reflection Probe Atlas in the HDRP settings.
[09:10:33.4949262] [Error  : Unity Log] No more space in Reflection Probe Atlas. To solve this issue, increase the size of the Reflection Probe Atlas in the HDRP settings.
[09:10:33.5024393] [Error  : Unity Log] No more space in Reflection Probe Atlas. To solve this issue, increase the size of the Reflection Probe Atlas in the HDRP settings.
[09:10:33.5084570] [Error  : Unity Log] No more space in Reflection Probe Atlas. To solve this issue, increase the size of the Reflection Probe Atlas in the HDRP settings.
[09:10:33.5169634] [Error  : Unity Log] No more space in Reflection Probe Atlas. To solve this issue, increase the size of the Reflection Probe Atlas in the HDRP settings.
[09:10:33.5247203] [Error  : Unity Log] No more space in Reflection Probe Atlas. To solve this issue, increase the size of the Reflection Probe Atlas in the HDRP settings.
[09:10:33.5334185] [Error  : Unity Log] No more space in Reflection Probe Atlas. To solve this issue, increase the size of the Reflection Probe Atlas in the HDRP settings.
[09:10:33.5414342] [Error  : Unity Log] No more space in Reflection Probe Atlas. To solve this issue, increase the size of the Reflection Probe Atlas in the HDRP settings.
[09:10:33.5504549] [Error  : Unity Log] No more space in Reflection Probe Atlas. To solve this issue, increase the size of the Reflection Probe Atlas in the HDRP settings.
[09:10:33.5604761] [Error  : Unity Log] No more space in Reflection Probe Atlas. To solve this issue, increase the size of the Reflection Probe Atlas in the HDRP settings.
[09:10:33.5669813] [Error  : Unity Log] No more space in Reflection Probe Atlas. To solve this issue, increase the size of the Reflection Probe Atlas in the HDRP settings.
[09:10:33.5755040] [Error  : Unity Log] No more space in Reflection Probe Atlas. To solve this issue, increase the size of the Reflection Probe Atlas in the HDRP settings.
[09:10:33.5835064] [Error  : Unity Log] No more space in Reflection Probe Atlas. To solve this issue, increase the size of the Reflection Probe Atlas in the HDRP settings.
[09:10:33.5905260] [Error  : Unity Log] No more space in Reflection Probe Atlas. To solve this issue, increase the size of the Reflection Probe Atlas in the HDRP settings.
[09:10:33.6005460] [Error  : Unity Log] No more space in Reflection Probe Atlas. To solve this issue, increase the size of the Reflection Probe Atlas in the HDRP settings.
[09:10:33.6086248] [Error  : Unity Log] No more space in Reflection Probe Atlas. To solve this issue, increase the size of the Reflection Probe Atlas in the HDRP settings.
[09:10:33.6181364] [Error  : Unity Log] No more space in Reflection Probe Atlas. To solve this issue, increase the size of the Reflection Probe Atlas in the HDRP settings.
[09:10:33.6251540] [Error  : Unity Log] No more space in Reflection Probe Atlas. To solve this issue, increase the size of the Reflection Probe Atlas in the HDRP settings.
[09:10:33.6321614] [Error  : Unity Log] No more space in Reflection Probe Atlas. To solve this issue, increase the size of the Reflection Probe Atlas in the HDRP settings.
[09:10:33.6411815] [Error  : Unity Log] No more space in Reflection Probe Atlas. To solve this issue, increase the size of the Reflection Probe Atlas in the HDRP settings.
[09:10:33.6481959] [Error  : Unity Log] No more space in Reflection Probe Atlas. To solve this issue, increase the size of the Reflection Probe Atlas in the HDRP settings.
[09:10:33.6567071] [Error  : Unity Log] No more space in Reflection Probe Atlas. To solve this issue, increase the size of the Reflection Probe Atlas in the HDRP settings.
[09:10:33.6647185] [Error  : Unity Log] No more space in Reflection Probe Atlas. To solve this issue, increase the size of the Reflection Probe Atlas in the HDRP settings.
[09:10:33.6727337] [Error  : Unity Log] No more space in Reflection Probe Atlas. To solve this issue, increase the size of the Reflection Probe Atlas in the HDRP settings.
[09:10:33.6812091] [Error  : Unity Log] No more space in Reflection Probe Atlas. To solve this issue, increase the size of the Reflection Probe Atlas in the HDRP settings.
[09:10:33.6868338] [Error  : Unity Log] No more space in Reflection Probe Atlas. To solve this issue, increase the size of the Reflection Probe Atlas in the HDRP settings.
[09:10:33.6948476] [Error  : Unity Log] No more space in Reflection Probe Atlas. To solve this issue, increase the size of the Reflection Probe Atlas in the HDRP settings.
[09:10:33.7011009] [Error  : Unity Log] No more space in Reflection Probe Atlas. To solve this issue, increase the size of the Reflection Probe Atlas in the HDRP settings.
[09:10:33.7087058] [Error  : Unity Log] No more space in Reflection Probe Atlas. To solve this issue, increase the size of the Reflection Probe Atlas in the HDRP settings.
[09:10:33.7172140] [Error  : Unity Log] No more space in Reflection Probe Atlas. To solve this issue, increase the size of the Reflection Probe Atlas in the HDRP settings.
[09:10:33.7247262] [Error  : Unity Log] No more space in Reflection Probe Atlas. To solve this issue, increase the size of the Reflection Probe Atlas in the HDRP settings.
[09:10:33.7312415] [Error  : Unity Log] No more space in Reflection Probe Atlas. To solve this issue, increase the size of the Reflection Probe Atlas in the HDRP settings.
[09:10:33.7392618] [Error  : Unity Log] No more space in Reflection Probe Atlas. To solve this issue, increase the size of the Reflection Probe Atlas in the HDRP settings.
[09:10:33.7457682] [Error  : Unity Log] No more space in Reflection Probe Atlas. To solve this issue, increase the size of the Reflection Probe Atlas in the HDRP settings.
[09:10:33.7532809] [Error  : Unity Log] No more space in Reflection Probe Atlas. To solve this issue, increase the size of the Reflection Probe Atlas in the HDRP settings.
[09:10:33.7592975] [Error  : Unity Log] No more space in Reflection Probe Atlas. To solve this issue, increase the size of the Reflection Probe Atlas in the HDRP settings.
[09:10:33.7658054] [Error  : Unity Log] No more space in Reflection Probe Atlas. To solve this issue, increase the size of the Reflection Probe Atlas in the HDRP settings.
[09:10:33.7723127] [Error  : Unity Log] No more space in Reflection Probe Atlas. To solve this issue, increase the size of the Reflection Probe Atlas in the HDRP settings.
[09:10:33.7800891] [Error  : Unity Log] No more space in Reflection Probe Atlas. To solve this issue, increase the size of the Reflection Probe Atlas in the HDRP settings.
[09:10:33.7901558] [Error  : Unity Log] No more space in Reflection Probe Atlas. To solve this issue, increase the size of the Reflection Probe Atlas in the HDRP settings.
[09:10:33.7991752] [Error  : Unity Log] No more space in Reflection Probe Atlas. To solve this issue, increase the size of the Reflection Probe Atlas in the HDRP settings.
[09:10:33.8056825] [Error  : Unity Log] No more space in Reflection Probe Atlas. To solve this issue, increase the size of the Reflection Probe Atlas in the HDRP settings.
[09:10:33.8131905] [Error  : Unity Log] No more space in Reflection Probe Atlas. To solve this issue, increase the size of the Reflection Probe Atlas in the HDRP settings.
[09:10:33.8212090] [Error  : Unity Log] No more space in Reflection Probe Atlas. To solve this issue, increase the size of the Reflection Probe Atlas in the HDRP settings.
[09:10:33.8282450] [Error  : Unity Log] No more space in Reflection Probe Atlas. To solve this issue, increase the size of the Reflection Probe Atlas in the HDRP settings.
[09:10:33.8367576] [Error  : Unity Log] No more space in Reflection Probe Atlas. To solve this issue, increase the size of the Reflection Probe Atlas in the HDRP settings.
[09:10:33.8432667] [Error  : Unity Log] No more space in Reflection Probe Atlas. To solve this issue, increase the size of the Reflection Probe Atlas in the HDRP settings.
[09:10:33.8512845] [Error  : Unity Log] No more space in Reflection Probe Atlas. To solve this issue, increase the size of the Reflection Probe Atlas in the HDRP settings.
[09:10:33.8582916] [Error  : Unity Log] No more space in Reflection Probe Atlas. To solve this issue, increase the size of the Reflection Probe Atlas in the HDRP settings.
[09:10:33.8647997] [Error  : Unity Log] No more space in Reflection Probe Atlas. To solve this issue, increase the size of the Reflection Probe Atlas in the HDRP settings.
[09:10:33.8713722] [Error  : Unity Log] No more space in Reflection Probe Atlas. To solve this issue, increase the size of the Reflection Probe Atlas in the HDRP settings.
[09:10:33.8794670] [Error  : Unity Log] No more space in Reflection Probe Atlas. To solve this issue, increase the size of the Reflection Probe Atlas in the HDRP settings.
[09:10:33.8884820] [Error  : Unity Log] No more space in Reflection Probe Atlas. To solve this issue, increase the size of the Reflection Probe Atlas in the HDRP settings.
[09:10:33.8970315] [Error  : Unity Log] No more space in Reflection Probe Atlas. To solve this issue, increase the size of the Reflection Probe Atlas in the HDRP settings.
[09:10:33.9035998] [Error  : Unity Log] No more space in Reflection Probe Atlas. To solve this issue, increase the size of the Reflection Probe Atlas in the HDRP settings.
[09:10:33.9112359] [Error  : Unity Log] No more space in Reflection Probe Atlas. To solve this issue, increase the size of the Reflection Probe Atlas in the HDRP settings.
[09:10:33.9192578] [Error  : Unity Log] No more space in Reflection Probe Atlas. To solve this issue, increase the size of the Reflection Probe Atlas in the HDRP settings.
[09:10:33.9267691] [Error  : Unity Log] No more space in Reflection Probe Atlas. To solve this issue, increase the size of the Reflection Probe Atlas in the HDRP settings.
[09:10:33.9367847] [Error  : Unity Log] No more space in Reflection Probe Atlas. To solve this issue, increase the size of the Reflection Probe Atlas in the HDRP settings.
[09:10:33.9432939] [Error  : Unity Log] No more space in Reflection Probe Atlas. To solve this issue, increase the size of the Reflection Probe Atlas in the HDRP settings.
[09:10:33.9513113] [Error  : Unity Log] No more space in Reflection Probe Atlas. To solve this issue, increase the size of the Reflection Probe Atlas in the HDRP settings.
[09:10:33.9593299] [Error  : Unity Log] No more space in Reflection Probe Atlas. To solve this issue, increase the size of the Reflection Probe Atlas in the HDRP settings.
[09:10:33.9658389] [Error  : Unity Log] No more space in Reflection Probe Atlas. To solve this issue, increase the size of the Reflection Probe Atlas in the HDRP settings.
[09:10:33.9733478] [Error  : Unity Log] No more space in Reflection Probe Atlas. To solve this issue, increase the size of the Reflection Probe Atlas in the HDRP settings.
[09:10:33.9803638] [Error  : Unity Log] No more space in Reflection Probe Atlas. To solve this issue, increase the size of the Reflection Probe Atlas in the HDRP settings.
[09:10:33.9873778] [Error  : Unity Log] No more space in Reflection Probe Atlas. To solve this issue, increase the size of the Reflection Probe Atlas in the HDRP settings.
[09:10:33.9948838] [Error  : Unity Log] No more space in Reflection Probe Atlas. To solve this issue, increase the size of the Reflection Probe Atlas in the HDRP settings.
[09:10:34.0019003] [Error  : Unity Log] No more space in Reflection Probe Atlas. To solve this issue, increase the size of the Reflection Probe Atlas in the HDRP settings.
[09:10:34.0085863] [Error  : Unity Log] No more space in Reflection Probe Atlas. To solve this issue, increase the size of the Reflection Probe Atlas in the HDRP settings.
[09:10:34.0160939] [Error  : Unity Log] No more space in Reflection Probe Atlas. To solve this issue, increase the size of the Reflection Probe Atlas in the HDRP settings.
[09:10:34.0230960] [Error  : Unity Log] No more space in Reflection Probe Atlas. To solve this issue, increase the size of the Reflection Probe Atlas in the HDRP settings.
[09:10:34.0291372] [Error  : Unity Log] No more space in Reflection Probe Atlas. To solve this issue, increase the size of the Reflection Probe Atlas in the HDRP settings.
[09:10:34.0372200] [Error  : Unity Log] No more space in Reflection Probe Atlas. To solve this issue, increase the size of the Reflection Probe Atlas in the HDRP settings.
[09:10:34.0432201] [Error  : Unity Log] No more space in Reflection Probe Atlas. To solve this issue, increase the size of the Reflection Probe Atlas in the HDRP settings.
[09:10:34.0512327] [Error  : Unity Log] No more space in Reflection Probe Atlas. To solve this issue, increase the size of the Reflection Probe Atlas in the HDRP settings.
[09:10:34.0592489] [Error  : Unity Log] No more space in Reflection Probe Atlas. To solve this issue, increase the size of the Reflection Probe Atlas in the HDRP settings.
[09:10:34.0657554] [Error  : Unity Log] No more space in Reflection Probe Atlas. To solve this issue, increase the size of the Reflection Probe Atlas in the HDRP settings.
[09:10:34.0752787] [Error  : Unity Log] No more space in Reflection Probe Atlas. To solve this issue, increase the size of the Reflection Probe Atlas in the HDRP settings.
[09:10:34.0832831] [Error  : Unity Log] No more space in Reflection Probe Atlas. To solve this issue, increase the size of the Reflection Probe Atlas in the HDRP settings.
[09:10:34.0902987] [Error  : Unity Log] No more space in Reflection Probe Atlas. To solve this issue, increase the size of the Reflection Probe Atlas in the HDRP settings.
[09:10:34.0993139] [Error  : Unity Log] No more space in Reflection Probe Atlas. To solve this issue, increase the size of the Reflection Probe Atlas in the HDRP settings.
[09:10:34.1061985] [Error  : Unity Log] No more space in Reflection Probe Atlas. To solve this issue, increase the size of the Reflection Probe Atlas in the HDRP settings.
[09:10:34.1152098] [Error  : Unity Log] No more space in Reflection Probe Atlas. To solve this issue, increase the size of the Reflection Probe Atlas in the HDRP settings.
[09:10:34.1212134] [Error  : Unity Log] No more space in Reflection Probe Atlas. To solve this issue, increase the size of the Reflection Probe Atlas in the HDRP settings.
[09:10:34.1292935] [Error  : Unity Log] No more space in Reflection Probe Atlas. To solve this issue, increase the size of the Reflection Probe Atlas in the HDRP settings.
[09:10:34.1383065] [Error  : Unity Log] No more space in Reflection Probe Atlas. To solve this issue, increase the size of the Reflection Probe Atlas in the HDRP settings.
[09:10:34.1458185] [Error  : Unity Log] No more space in Reflection Probe Atlas. To solve this issue, increase the size of the Reflection Probe Atlas in the HDRP settings.
[09:10:34.1548309] [Error  : Unity Log] No more space in Reflection Probe Atlas. To solve this issue, increase the size of the Reflection Probe Atlas in the HDRP settings.
[09:10:34.1633437] [Error  : Unity Log] No more space in Reflection Probe Atlas. To solve this issue, increase the size of the Reflection Probe Atlas in the HDRP settings.
[09:10:34.1713608] [Error  : Unity Log] No more space in Reflection Probe Atlas. To solve this issue, increase the size of the Reflection Probe Atlas in the HDRP settings.
[09:10:34.1799219] [Error  : Unity Log] No more space in Reflection Probe Atlas. To solve this issue, increase the size of the Reflection Probe Atlas in the HDRP settings.
[09:10:34.1874312] [Error  : Unity Log] No more space in Reflection Probe Atlas. To solve this issue, increase the size of the Reflection Probe Atlas in the HDRP settings.
[09:10:34.1964536] [Error  : Unity Log] No more space in Reflection Probe Atlas. To solve this issue, increase the size of the Reflection Probe Atlas in the HDRP settings.
[09:10:34.2034908] [Error  : Unity Log] No more space in Reflection Probe Atlas. To solve this issue, increase the size of the Reflection Probe Atlas in the HDRP settings.
[09:10:34.2115062] [Error  : Unity Log] No more space in Reflection Probe Atlas. To solve this issue, increase the size of the Reflection Probe Atlas in the HDRP settings.
[09:10:34.2215209] [Error  : Unity Log] No more space in Reflection Probe Atlas. To solve this issue, increase the size of the Reflection Probe Atlas in the HDRP settings.
[09:10:34.2284557] [Error  : Unity Log] No more space in Reflection Probe Atlas. To solve this issue, increase the size of the Reflection Probe Atlas in the HDRP settings.
[09:10:34.2369662] [Error  : Unity Log] No more space in Reflection Probe Atlas. To solve this issue, increase the size of the Reflection Probe Atlas in the HDRP settings.
[09:10:34.2469853] [Error  : Unity Log] No more space in Reflection Probe Atlas. To solve this issue, increase the size of the Reflection Probe Atlas in the HDRP settings.
[09:10:34.2560059] [Error  : Unity Log] No more space in Reflection Probe Atlas. To solve this issue, increase the size of the Reflection Probe Atlas in the HDRP settings.
[09:10:34.2635146] [Error  : Unity Log] No more space in Reflection Probe Atlas. To solve this issue, increase the size of the Reflection Probe Atlas in the HDRP settings.
[09:10:34.2725367] [Error  : Unity Log] No more space in Reflection Probe Atlas. To solve this issue, increase the size of the Reflection Probe Atlas in the HDRP settings.
[09:10:34.2815542] [Error  : Unity Log] No more space in Reflection Probe Atlas. To solve this issue, increase the size of the Reflection Probe Atlas in the HDRP settings.
[09:10:34.2895674] [Error  : Unity Log] No more space in Reflection Probe Atlas. To solve this issue, increase the size of the Reflection Probe Atlas in the HDRP settings.
[09:10:34.2980736] [Error  : Unity Log] No more space in Reflection Probe Atlas. To solve this issue, increase the size of the Reflection Probe Atlas in the HDRP settings.
[09:10:34.3066160] [Error  : Unity Log] No more space in Reflection Probe Atlas. To solve this issue, increase the size of the Reflection Probe Atlas in the HDRP settings.
[09:10:34.3166325] [Error  : Unity Log] No more space in Reflection Probe Atlas. To solve this issue, increase the size of the Reflection Probe Atlas in the HDRP settings.
[09:10:34.3251426] [Error  : Unity Log] No more space in Reflection Probe Atlas. To solve this issue, increase the size of the Reflection Probe Atlas in the HDRP settings.
[09:10:34.3332269] [Error  : Unity Log] No more space in Reflection Probe Atlas. To solve this issue, increase the size of the Reflection Probe Atlas in the HDRP settings.
[09:10:34.3412481] [Error  : Unity Log] No more space in Reflection Probe Atlas. To solve this issue, increase the size of the Reflection Probe Atlas in the HDRP settings.
[09:10:34.3492694] [Error  : Unity Log] No more space in Reflection Probe Atlas. To solve this issue, increase the size of the Reflection Probe Atlas in the HDRP settings.
[09:10:34.3567781] [Error  : Unity Log] No more space in Reflection Probe Atlas. To solve this issue, increase the size of the Reflection Probe Atlas in the HDRP settings.
[09:10:34.3647941] [Error  : Unity Log] No more space in Reflection Probe Atlas. To solve this issue, increase the size of the Reflection Probe Atlas in the HDRP settings.
[09:10:34.3713095] [Error  : Unity Log] No more space in Reflection Probe Atlas. To solve this issue, increase the size of the Reflection Probe Atlas in the HDRP settings.
[09:10:34.3807794] [Error  : Unity Log] No more space in Reflection Probe Atlas. To solve this issue, increase the size of the Reflection Probe Atlas in the HDRP settings.
[09:10:34.3883417] [Error  : Unity Log] No more space in Reflection Probe Atlas. To solve this issue, increase the size of the Reflection Probe Atlas in the HDRP settings.
[09:10:34.3958614] [Error  : Unity Log] No more space in Reflection Probe Atlas. To solve this issue, increase the size of the Reflection Probe Atlas in the HDRP settings.
[09:10:34.4028828] [Error  : Unity Log] No more space in Reflection Probe Atlas. To solve this issue, increase the size of the Reflection Probe Atlas in the HDRP settings.
[09:10:34.4114761] [Error  : Unity Log] No more space in Reflection Probe Atlas. To solve this issue, increase the size of the Reflection Probe Atlas in the HDRP settings.
[09:10:34.4250415] [Error  : Unity Log] No more space in Reflection Probe Atlas. To solve this issue, increase the size of the Reflection Probe Atlas in the HDRP settings.
[09:10:34.4336471] [Error  : Unity Log] No more space in Reflection Probe Atlas. To solve this issue, increase the size of the Reflection Probe Atlas in the HDRP settings.
[09:10:34.4371531] [Warning: Unity Log] PlayOneShot was called with a null AudioClip.
[09:10:34.4448956] [Error  : Unity Log] No more space in Reflection Probe Atlas. To solve this issue, increase the size of the Reflection Probe Atlas in the HDRP settings.
[09:10:34.4524083] [Error  : Unity Log] No more space in Reflection Probe Atlas. To solve this issue, increase the size of the Reflection Probe Atlas in the HDRP settings.
[09:10:34.4624323] [Error  : Unity Log] No more space in Reflection Probe Atlas. To solve this issue, increase the size of the Reflection Probe Atlas in the HDRP settings.
[09:10:34.4714568] [Error  : Unity Log] No more space in Reflection Probe Atlas. To solve this issue, increase the size of the Reflection Probe Atlas in the HDRP settings.
[09:10:34.4810356] [Error  : Unity Log] No more space in Reflection Probe Atlas. To solve this issue, increase the size of the Reflection Probe Atlas in the HDRP settings.
[09:10:34.4891441] [Error  : Unity Log] No more space in Reflection Probe Atlas. To solve this issue, increase the size of the Reflection Probe Atlas in the HDRP settings.
[09:10:34.4982817] [Error  : Unity Log] No more space in Reflection Probe Atlas. To solve this issue, increase the size of the Reflection Probe Atlas in the HDRP settings.
[09:10:34.5068053] [Error  : Unity Log] No more space in Reflection Probe Atlas. To solve this issue, increase the size of the Reflection Probe Atlas in the HDRP settings.
[09:10:34.5153484] [Error  : Unity Log] No more space in Reflection Probe Atlas. To solve this issue, increase the size of the Reflection Probe Atlas in the HDRP settings.
[09:10:34.5233528] [Error  : Unity Log] No more space in Reflection Probe Atlas. To solve this issue, increase the size of the Reflection Probe Atlas in the HDRP settings.
[09:10:34.5323734] [Error  : Unity Log] No more space in Reflection Probe Atlas. To solve this issue, increase the size of the Reflection Probe Atlas in the HDRP settings.
[09:10:34.5418951] [Error  : Unity Log] No more space in Reflection Probe Atlas. To solve this issue, increase the size of the Reflection Probe Atlas in the HDRP settings.
[09:10:34.5495368] [Error  : Unity Log] No more space in Reflection Probe Atlas. To solve this issue, increase the size of the Reflection Probe Atlas in the HDRP settings.
[09:10:34.5570436] [Error  : Unity Log] No more space in Reflection Probe Atlas. To solve this issue, increase the size of the Reflection Probe Atlas in the HDRP settings.
[09:10:34.5650568] [Error  : Unity Log] No more space in Reflection Probe Atlas. To solve this issue, increase the size of the Reflection Probe Atlas in the HDRP settings.
[09:10:34.5715757] [Error  : Unity Log] No more space in Reflection Probe Atlas. To solve this issue, increase the size of the Reflection Probe Atlas in the HDRP settings.
[09:10:34.5815907] [Error  : Unity Log] No more space in Reflection Probe Atlas. To solve this issue, increase the size of the Reflection Probe Atlas in the HDRP settings.
[09:10:34.5890996] [Error  : Unity Log] No more space in Reflection Probe Atlas. To solve this issue, increase the size of the Reflection Probe Atlas in the HDRP settings.
[09:10:34.5963459] [Error  : Unity Log] No more space in Reflection Probe Atlas. To solve this issue, increase the size of the Reflection Probe Atlas in the HDRP settings.
[09:10:34.6038545] [Error  : Unity Log] No more space in Reflection Probe Atlas. To solve this issue, increase the size of the Reflection Probe Atlas in the HDRP settings.
[09:10:34.6114629] [Error  : Unity Log] No more space in Reflection Probe Atlas. To solve this issue, increase the size of the Reflection Probe Atlas in the HDRP settings.
[09:10:34.6184748] [Error  : Unity Log] No more space in Reflection Probe Atlas. To solve this issue, increase the size of the Reflection Probe Atlas in the HDRP settings.
[09:10:34.6259893] [Error  : Unity Log] No more space in Reflection Probe Atlas. To solve this issue, increase the size of the Reflection Probe Atlas in the HDRP settings.
[09:10:34.6395298] [Error  : Unity Log] No more space in Reflection Probe Atlas. To solve this issue, increase the size of the Reflection Probe Atlas in the HDRP settings.
[09:10:34.6505481] [Error  : Unity Log] No more space in Reflection Probe Atlas. To solve this issue, increase the size of the Reflection Probe Atlas in the HDRP settings.
[09:10:34.6605710] [Error  : Unity Log] No more space in Reflection Probe Atlas. To solve this issue, increase the size of the Reflection Probe Atlas in the HDRP settings.
[09:10:34.6720873] [Error  : Unity Log] No more space in Reflection Probe Atlas. To solve this issue, increase the size of the Reflection Probe Atlas in the HDRP settings.
[09:10:34.6831042] [Error  : Unity Log] No more space in Reflection Probe Atlas. To solve this issue, increase the size of the Reflection Probe Atlas in the HDRP settings.
[09:10:34.6935575] [Error  : Unity Log] No more space in Reflection Probe Atlas. To solve this issue, increase the size of the Reflection Probe Atlas in the HDRP settings.
[09:10:34.7030832] [Error  : Unity Log] No more space in Reflection Probe Atlas. To solve this issue, increase the size of the Reflection Probe Atlas in the HDRP settings.
[09:10:34.7109378] [Error  : Unity Log] No more space in Reflection Probe Atlas. To solve this issue, increase the size of the Reflection Probe Atlas in the HDRP settings.
[09:10:34.7195063] [Error  : Unity Log] No more space in Reflection Probe Atlas. To solve this issue, increase the size of the Reflection Probe Atlas in the HDRP settings.
[09:10:34.7270140] [Error  : Unity Log] No more space in Reflection Probe Atlas. To solve this issue, increase the size of the Reflection Probe Atlas in the HDRP settings.
[09:10:34.7350281] [Error  : Unity Log] No more space in Reflection Probe Atlas. To solve this issue, increase the size of the Reflection Probe Atlas in the HDRP settings.
[09:10:34.7415402] [Error  : Unity Log] No more space in Reflection Probe Atlas. To solve this issue, increase the size of the Reflection Probe Atlas in the HDRP settings.
[09:10:34.7485551] [Error  : Unity Log] No more space in Reflection Probe Atlas. To solve this issue, increase the size of the Reflection Probe Atlas in the HDRP settings.
[09:10:34.7565783] [Error  : Unity Log] No more space in Reflection Probe Atlas. To solve this issue, increase the size of the Reflection Probe Atlas in the HDRP settings.
[09:10:34.7655882] [Error  : Unity Log] No more space in Reflection Probe Atlas. To solve this issue, increase the size of the Reflection Probe Atlas in the HDRP settings.
[09:10:34.7751019] [Error  : Unity Log] No more space in Reflection Probe Atlas. To solve this issue, increase the size of the Reflection Probe Atlas in the HDRP settings.
[09:10:34.7816167] [Error  : Unity Log] No more space in Reflection Probe Atlas. To solve this issue, increase the size of the Reflection Probe Atlas in the HDRP settings.
[09:10:34.7901529] [Error  : Unity Log] No more space in Reflection Probe Atlas. To solve this issue, increase the size of the Reflection Probe Atlas in the HDRP settings.
[09:10:34.8001851] [Error  : Unity Log] No more space in Reflection Probe Atlas. To solve this issue, increase the size of the Reflection Probe Atlas in the HDRP settings.
[09:10:34.8083998] [Error  : Unity Log] No more space in Reflection Probe Atlas. To solve this issue, increase the size of the Reflection Probe Atlas in the HDRP settings.
[09:10:34.8169168] [Error  : Unity Log] No more space in Reflection Probe Atlas. To solve this issue, increase the size of the Reflection Probe Atlas in the HDRP settings.
[09:10:34.8249305] [Error  : Unity Log] No more space in Reflection Probe Atlas. To solve this issue, increase the size of the Reflection Probe Atlas in the HDRP settings.
[09:10:34.8349492] [Error  : Unity Log] No more space in Reflection Probe Atlas. To solve this issue, increase the size of the Reflection Probe Atlas in the HDRP settings.
[09:10:34.8434948] [Error  : Unity Log] No more space in Reflection Probe Atlas. To solve this issue, increase the size of the Reflection Probe Atlas in the HDRP settings.
[09:10:34.8525118] [Error  : Unity Log] No more space in Reflection Probe Atlas. To solve this issue, increase the size of the Reflection Probe Atlas in the HDRP settings.
[09:10:34.8615296] [Error  : Unity Log] No more space in Reflection Probe Atlas. To solve this issue, increase the size of the Reflection Probe Atlas in the HDRP settings.
[09:10:34.8695469] [Error  : Unity Log] No more space in Reflection Probe Atlas. To solve this issue, increase the size of the Reflection Probe Atlas in the HDRP settings.
[09:10:34.8770546] [Error  : Unity Log] No more space in Reflection Probe Atlas. To solve this issue, increase the size of the Reflection Probe Atlas in the HDRP settings.
[09:10:34.8851011] [Error  : Unity Log] No more space in Reflection Probe Atlas. To solve this issue, increase the size of the Reflection Probe Atlas in the HDRP settings.
[09:10:34.8936206] [Error  : Unity Log] No more space in Reflection Probe Atlas. To solve this issue, increase the size of the Reflection Probe Atlas in the HDRP settings.
[09:10:34.9016310] [Error  : Unity Log] No more space in Reflection Probe Atlas. To solve this issue, increase the size of the Reflection Probe Atlas in the HDRP settings.
[09:10:34.9101702] [Error  : Unity Log] No more space in Reflection Probe Atlas. To solve this issue, increase the size of the Reflection Probe Atlas in the HDRP settings.
[09:10:34.9213265] [Error  : Unity Log] No more space in Reflection Probe Atlas. To solve this issue, increase the size of the Reflection Probe Atlas in the HDRP settings.
[09:10:34.9318526] [Error  : Unity Log] No more space in Reflection Probe Atlas. To solve this issue, increase the size of the Reflection Probe Atlas in the HDRP settings.
[09:10:34.9415307] [Error  : Unity Log] No more space in Reflection Probe Atlas. To solve this issue, increase the size of the Reflection Probe Atlas in the HDRP settings.
[09:10:34.9505488] [Error  : Unity Log] No more space in Reflection Probe Atlas. To solve this issue, increase the size of the Reflection Probe Atlas in the HDRP settings.
[09:10:34.9605704] [Error  : Unity Log] No more space in Reflection Probe Atlas. To solve this issue, increase the size of the Reflection Probe Atlas in the HDRP settings.
[09:10:34.9690839] [Error  : Unity Log] No more space in Reflection Probe Atlas. To solve this issue, increase the size of the Reflection Probe Atlas in the HDRP settings.
[09:10:34.9793046] [Error  : Unity Log] No more space in Reflection Probe Atlas. To solve this issue, increase the size of the Reflection Probe Atlas in the HDRP settings.
[09:10:34.9883219] [Error  : Unity Log] No more space in Reflection Probe Atlas. To solve this issue, increase the size of the Reflection Probe Atlas in the HDRP settings.
[09:10:34.9983031] [Error  : Unity Log] No more space in Reflection Probe Atlas. To solve this issue, increase the size of the Reflection Probe Atlas in the HDRP settings.
[09:10:35.0103335] [Error  : Unity Log] No more space in Reflection Probe Atlas. To solve this issue, increase the size of the Reflection Probe Atlas in the HDRP settings.
[09:10:35.0213486] [Error  : Unity Log] No more space in Reflection Probe Atlas. To solve this issue, increase the size of the Reflection Probe Atlas in the HDRP settings.
[09:10:35.0293644] [Error  : Unity Log] No more space in Reflection Probe Atlas. To solve this issue, increase the size of the Reflection Probe Atlas in the HDRP settings.
[09:10:35.0382021] [Error  : Unity Log] No more space in Reflection Probe Atlas. To solve this issue, increase the size of the Reflection Probe Atlas in the HDRP settings.
[09:10:35.0467131] [Error  : Unity Log] No more space in Reflection Probe Atlas. To solve this issue, increase the size of the Reflection Probe Atlas in the HDRP settings.
[09:10:35.0567330] [Error  : Unity Log] No more space in Reflection Probe Atlas. To solve this issue, increase the size of the Reflection Probe Atlas in the HDRP settings.
[09:10:35.0632422] [Error  : Unity Log] No more space in Reflection Probe Atlas. To solve this issue, increase the size of the Reflection Probe Atlas in the HDRP settings.
[09:10:35.0687574] [Debug  : LethalMin] Sprout Setting growth stage to 1
[09:10:35.0727610] [Error  : Unity Log] No more space in Reflection Probe Atlas. To solve this issue, increase the size of the Reflection Probe Atlas in the HDRP settings.
[09:10:35.0802698] [Error  : Unity Log] No more space in Reflection Probe Atlas. To solve this issue, increase the size of the Reflection Probe Atlas in the HDRP settings.
[09:10:35.0872926] [Error  : Unity Log] No more space in Reflection Probe Atlas. To solve this issue, increase the size of the Reflection Probe Atlas in the HDRP settings.
[09:10:35.0957951] [Error  : Unity Log] No more space in Reflection Probe Atlas. To solve this issue, increase the size of the Reflection Probe Atlas in the HDRP settings.
[09:10:35.1034530] [Error  : Unity Log] No more space in Reflection Probe Atlas. To solve this issue, increase the size of the Reflection Probe Atlas in the HDRP settings.
[09:10:35.1119796] [Error  : Unity Log] No more space in Reflection Probe Atlas. To solve this issue, increase the size of the Reflection Probe Atlas in the HDRP settings.
[09:10:35.1201244] [Error  : Unity Log] No more space in Reflection Probe Atlas. To solve this issue, increase the size of the Reflection Probe Atlas in the HDRP settings.
[09:10:35.1273225] [Error  : Unity Log] No more space in Reflection Probe Atlas. To solve this issue, increase the size of the Reflection Probe Atlas in the HDRP settings.
[09:10:35.1359058] [Error  : Unity Log] No more space in Reflection Probe Atlas. To solve this issue, increase the size of the Reflection Probe Atlas in the HDRP settings.
[09:10:35.1449218] [Error  : Unity Log] No more space in Reflection Probe Atlas. To solve this issue, increase the size of the Reflection Probe Atlas in the HDRP settings.
[09:10:35.1534366] [Error  : Unity Log] No more space in Reflection Probe Atlas. To solve this issue, increase the size of the Reflection Probe Atlas in the HDRP settings.
[09:10:35.1634566] [Error  : Unity Log] No more space in Reflection Probe Atlas. To solve this issue, increase the size of the Reflection Probe Atlas in the HDRP settings.
[09:10:35.1724742] [Error  : Unity Log] No more space in Reflection Probe Atlas. To solve this issue, increase the size of the Reflection Probe Atlas in the HDRP settings.
[09:10:35.1824912] [Error  : Unity Log] No more space in Reflection Probe Atlas. To solve this issue, increase the size of the Reflection Probe Atlas in the HDRP settings.
[09:10:35.1895569] [Error  : Unity Log] No more space in Reflection Probe Atlas. To solve this issue, increase the size of the Reflection Probe Atlas in the HDRP settings.
[09:10:35.1915566] [Warning: Unity Log] PlayOneShot was called with a null AudioClip.
[09:10:35.1970655] [Error  : Unity Log] No more space in Reflection Probe Atlas. To solve this issue, increase the size of the Reflection Probe Atlas in the HDRP settings.
[09:10:35.2050837] [Error  : Unity Log] No more space in Reflection Probe Atlas. To solve this issue, increase the size of the Reflection Probe Atlas in the HDRP settings.
[09:10:35.2159370] [Error  : Unity Log] No more space in Reflection Probe Atlas. To solve this issue, increase the size of the Reflection Probe Atlas in the HDRP settings.
[09:10:35.2234465] [Error  : Unity Log] No more space in Reflection Probe Atlas. To solve this issue, increase the size of the Reflection Probe Atlas in the HDRP settings.
[09:10:35.2304658] [Error  : Unity Log] No more space in Reflection Probe Atlas. To solve this issue, increase the size of the Reflection Probe Atlas in the HDRP settings.
[09:10:35.2385252] [Error  : Unity Log] No more space in Reflection Probe Atlas. To solve this issue, increase the size of the Reflection Probe Atlas in the HDRP settings.
[09:10:35.2455422] [Error  : Unity Log] No more space in Reflection Probe Atlas. To solve this issue, increase the size of the Reflection Probe Atlas in the HDRP settings.
[09:10:35.2515470] [Error  : Unity Log] No more space in Reflection Probe Atlas. To solve this issue, increase the size of the Reflection Probe Atlas in the HDRP settings.
[09:10:35.2595622] [Error  : Unity Log] No more space in Reflection Probe Atlas. To solve this issue, increase the size of the Reflection Probe Atlas in the HDRP settings.
[09:10:35.2655683] [Error  : Unity Log] No more space in Reflection Probe Atlas. To solve this issue, increase the size of the Reflection Probe Atlas in the HDRP settings.
[09:10:35.2735761] [Error  : Unity Log] No more space in Reflection Probe Atlas. To solve this issue, increase the size of the Reflection Probe Atlas in the HDRP settings.
[09:10:35.2790841] [Error  : Unity Log] No more space in Reflection Probe Atlas. To solve this issue, increase the size of the Reflection Probe Atlas in the HDRP settings.
[09:10:35.2856364] [Error  : Unity Log] No more space in Reflection Probe Atlas. To solve this issue, increase the size of the Reflection Probe Atlas in the HDRP settings.
[09:10:35.2931500] [Error  : Unity Log] No more space in Reflection Probe Atlas. To solve this issue, increase the size of the Reflection Probe Atlas in the HDRP settings.
[09:10:35.2991650] [Error  : Unity Log] No more space in Reflection Probe Atlas. To solve this issue, increase the size of the Reflection Probe Atlas in the HDRP settings.
[09:10:35.3051795] [Error  : Unity Log] No more space in Reflection Probe Atlas. To solve this issue, increase the size of the Reflection Probe Atlas in the HDRP settings.
[09:10:35.3135025] [Error  : Unity Log] No more space in Reflection Probe Atlas. To solve this issue, increase the size of the Reflection Probe Atlas in the HDRP settings.
[09:10:35.3225211] [Error  : Unity Log] No more space in Reflection Probe Atlas. To solve this issue, increase the size of the Reflection Probe Atlas in the HDRP settings.
[09:10:35.3295405] [Error  : Unity Log] No more space in Reflection Probe Atlas. To solve this issue, increase the size of the Reflection Probe Atlas in the HDRP settings.
[09:10:35.3373332] [Error  : Unity Log] No more space in Reflection Probe Atlas. To solve this issue, increase the size of the Reflection Probe Atlas in the HDRP settings.
[09:10:35.3433323] [Error  : Unity Log] No more space in Reflection Probe Atlas. To solve this issue, increase the size of the Reflection Probe Atlas in the HDRP settings.
[09:10:35.3513493] [Error  : Unity Log] No more space in Reflection Probe Atlas. To solve this issue, increase the size of the Reflection Probe Atlas in the HDRP settings.
[09:10:35.3583645] [Error  : Unity Log] No more space in Reflection Probe Atlas. To solve this issue, increase the size of the Reflection Probe Atlas in the HDRP settings.
[09:10:35.3648745] [Error  : Unity Log] No more space in Reflection Probe Atlas. To solve this issue, increase the size of the Reflection Probe Atlas in the HDRP settings.
[09:10:35.3723871] [Error  : Unity Log] No more space in Reflection Probe Atlas. To solve this issue, increase the size of the Reflection Probe Atlas in the HDRP settings.
[09:10:35.3794046] [Error  : Unity Log] No more space in Reflection Probe Atlas. To solve this issue, increase the size of the Reflection Probe Atlas in the HDRP settings.
[09:10:35.3864226] [Error  : Unity Log] No more space in Reflection Probe Atlas. To solve this issue, increase the size of the Reflection Probe Atlas in the HDRP settings.
[09:10:35.3969344] [Error  : Unity Log] No more space in Reflection Probe Atlas. To solve this issue, increase the size of the Reflection Probe Atlas in the HDRP settings.
[09:10:35.4039457] [Error  : Unity Log] No more space in Reflection Probe Atlas. To solve this issue, increase the size of the Reflection Probe Atlas in the HDRP settings.
[09:10:35.4105501] [Error  : Unity Log] No more space in Reflection Probe Atlas. To solve this issue, increase the size of the Reflection Probe Atlas in the HDRP settings.
[09:10:35.4195667] [Error  : Unity Log] No more space in Reflection Probe Atlas. To solve this issue, increase the size of the Reflection Probe Atlas in the HDRP settings.
[09:10:35.4270762] [Error  : Unity Log] No more space in Reflection Probe Atlas. To solve this issue, increase the size of the Reflection Probe Atlas in the HDRP settings.
[09:10:35.4350955] [Error  : Unity Log] No more space in Reflection Probe Atlas. To solve this issue, increase the size of the Reflection Probe Atlas in the HDRP settings.
[09:10:35.4412281] [Error  : Unity Log] No more space in Reflection Probe Atlas. To solve this issue, increase the size of the Reflection Probe Atlas in the HDRP settings.
[09:10:35.4482404] [Error  : Unity Log] No more space in Reflection Probe Atlas. To solve this issue, increase the size of the Reflection Probe Atlas in the HDRP settings.
[09:10:35.4567519] [Error  : Unity Log] No more space in Reflection Probe Atlas. To solve this issue, increase the size of the Reflection Probe Atlas in the HDRP settings.
[09:10:35.4647688] [Error  : Unity Log] No more space in Reflection Probe Atlas. To solve this issue, increase the size of the Reflection Probe Atlas in the HDRP settings.
[09:10:35.4712834] [Error  : Unity Log] No more space in Reflection Probe Atlas. To solve this issue, increase the size of the Reflection Probe Atlas in the HDRP settings.
[09:10:35.4782965] [Error  : Unity Log] No more space in Reflection Probe Atlas. To solve this issue, increase the size of the Reflection Probe Atlas in the HDRP settings.
[09:10:35.4848059] [Error  : Unity Log] No more space in Reflection Probe Atlas. To solve this issue, increase the size of the Reflection Probe Atlas in the HDRP settings.
[09:10:35.4933232] [Error  : Unity Log] No more space in Reflection Probe Atlas. To solve this issue, increase the size of the Reflection Probe Atlas in the HDRP settings.
[09:10:35.5033442] [Error  : Unity Log] No more space in Reflection Probe Atlas. To solve this issue, increase the size of the Reflection Probe Atlas in the HDRP settings.
[09:10:35.5130266] [Error  : Unity Log] No more space in Reflection Probe Atlas. To solve this issue, increase the size of the Reflection Probe Atlas in the HDRP settings.
[09:10:35.5201717] [Error  : Unity Log] No more space in Reflection Probe Atlas. To solve this issue, increase the size of the Reflection Probe Atlas in the HDRP settings.
[09:10:35.5281727] [Error  : Unity Log] No more space in Reflection Probe Atlas. To solve this issue, increase the size of the Reflection Probe Atlas in the HDRP settings.
[09:10:35.5351987] [Error  : Unity Log] No more space in Reflection Probe Atlas. To solve this issue, increase the size of the Reflection Probe Atlas in the HDRP settings.
[09:10:35.5447119] [Error  : Unity Log] No more space in Reflection Probe Atlas. To solve this issue, increase the size of the Reflection Probe Atlas in the HDRP settings.
[09:10:35.5512297] [Error  : Unity Log] No more space in Reflection Probe Atlas. To solve this issue, increase the size of the Reflection Probe Atlas in the HDRP settings.
[09:10:35.5567398] [Warning:S1.39 Compatibility Fixes] [ThumperPikminGuard] Blocked Crawler/Thumper -> Pikmin GrabPikmin before leader/grab/death-timer state mutation.
[09:10:35.5592478] [Error  : Unity Log] No more space in Reflection Probe Atlas. To solve this issue, increase the size of the Reflection Probe Atlas in the HDRP settings.
[09:10:35.5657585] [Error  : Unity Log] No more space in Reflection Probe Atlas. To solve this issue, increase the size of the Reflection Probe Atlas in the HDRP settings.
[09:10:35.5732671] [Error  : Unity Log] No more space in Reflection Probe Atlas. To solve this issue, increase the size of the Reflection Probe Atlas in the HDRP settings.
[09:10:35.5802833] [Error  : Unity Log] No more space in Reflection Probe Atlas. To solve this issue, increase the size of the Reflection Probe Atlas in the HDRP settings.
[09:10:35.5867909] [Error  : Unity Log] No more space in Reflection Probe Atlas. To solve this issue, increase the size of the Reflection Probe Atlas in the HDRP settings.
[09:10:35.5893010] [Warning:   Coroner] Could not access dying player: Collider was not a player!
[09:10:35.5893010] [Warning:   Coroner] Could not access dying player: Index not assigned!
[09:10:35.5893010] [Info   : LethalMin] Purple Pikmin_u0kg: Has Invincible mode when doing squish death
[09:10:35.5893010] [Debug  :   Coroner] Handling Spike Trap death...
[09:10:35.5893010] [Warning:   Coroner] Could not access dying player: Collider was not a player!
[09:10:35.5893010] [Warning:   Coroner] Could not access dying player: Index not assigned!
[09:10:35.5893010] [Info   : LethalMin] Purple Pikmin_TXU0fYU: Has Invincible mode when doing squish death
[09:10:35.5893010] [Debug  :   Coroner] Handling Spike Trap death...
[09:10:35.5893010] [Warning:   Coroner] Could not access dying player: Collider was not a player!
[09:10:35.5893010] [Warning:   Coroner] Could not access dying player: Index not assigned!
[09:10:35.5893010] [Info   : LethalMin] Purple Pikmin_OcBGak3: Has Invincible mode when doing squish death
[09:10:35.5893010] [Debug  :   Coroner] Handling Spike Trap death...
[09:10:35.5893010] [Warning:   Coroner] Could not access dying player: Collider was not a player!
[09:10:35.5893010] [Warning:   Coroner] Could not access dying player: Index not assigned!
[09:10:35.5893010] [Info   : LethalMin] Purple Pikmin_7BFfo: Has Invincible mode when doing squish death
[09:10:35.5893010] [Debug  :   Coroner] Handling Spike Trap death...
[09:10:35.5893010] [Warning:   Coroner] Could not access dying player: Collider was not a player!
[09:10:35.5893010] [Warning:   Coroner] Could not access dying player: Index not assigned!
[09:10:35.5893010] [Info   : LethalMin] Purple Pikmin_UHnG: Has Invincible mode when doing squish death
[09:10:35.5893010] [Debug  :   Coroner] Handling Spike Trap death...
[09:10:35.5893010] [Warning:   Coroner] Could not access dying player: Collider was not a player!
[09:10:35.5893010] [Warning:   Coroner] Could not access dying player: Index not assigned!
[09:10:35.5893010] [Info   : LethalMin] Yellow Pikmin_G5l3h: Has Invincible mode when doing squish death
[09:10:35.5893010] [Debug  :   Coroner] Handling Spike Trap death...
[09:10:35.5893010] [Warning:   Coroner] Could not access dying player: Collider was not a player!
[09:10:35.5893010] [Warning:   Coroner] Could not access dying player: Index not assigned!
[09:10:35.5893010] [Info   : LethalMin] Purple Pikmin_AvqI: Has Invincible mode when doing squish death
[09:10:35.5893010] [Debug  :   Coroner] Handling Spike Trap death...
[09:10:35.5893010] [Warning:   Coroner] Could not access dying player: Collider was not a player!
[09:10:35.5893010] [Warning:   Coroner] Could not access dying player: Index not assigned!
[09:10:35.5893010] [Info   : LethalMin] Yellow Pikmin_apYy5: Has Invincible mode when doing squish death
[09:10:35.5893010] [Debug  :   Coroner] Handling Spike Trap death...
[09:10:35.5893010] [Warning:   Coroner] Could not access dying player: Collider was not a player!
[09:10:35.5893010] [Warning:   Coroner] Could not access dying player: Index not assigned!
[09:10:35.5893010] [Info   : LethalMin] Purple Pikmin_Dhx8wa: Has Invincible mode when doing squish death
[09:10:35.5893010] [Debug  :   Coroner] Handling Spike Trap death...
[09:10:35.5903007] [Warning:   Coroner] Could not access dying player: Collider was not a player!
[09:10:35.5903007] [Warning:   Coroner] Could not access dying player: Index not assigned!
[09:10:35.5903007] [Info   : LethalMin] Yellow Pikmin_IkVZWQe: Has Invincible mode when doing squish death
[09:10:35.5903007] [Debug  :   Coroner] Handling Spike Trap death...
[09:10:35.5903007] [Warning:   Coroner] Could not access dying player: Collider was not a player!
[09:10:35.5903007] [Warning:   Coroner] Could not access dying player: Index not assigned!
[09:10:35.5903007] [Info   : LethalMin] Yellow Pikmin_PerDu: Has Invincible mode when doing squish death
[09:10:35.5903007] [Debug  :   Coroner] Handling Spike Trap death...
[09:10:35.5903007] [Warning:   Coroner] Could not access dying player: Collider was not a player!
[09:10:35.5903007] [Warning:   Coroner] Could not access dying player: Index not assigned!
[09:10:35.5903007] [Info   : LethalMin] Yellow Pikmin_XYErHj: Has Invincible mode when doing squish death
[09:10:35.5903007] [Debug  :   Coroner] Handling Spike Trap death...
[09:10:35.5903007] [Warning:   Coroner] Could not access dying player: Collider was not a player!
[09:10:35.5903007] [Warning:   Coroner] Could not access dying player: Index not assigned!
[09:10:35.5903007] [Info   : LethalMin] Purple Pikmin_mz1iY5: Has Invincible mode when doing squish death
[09:10:35.5903007] [Debug  :   Coroner] Handling Spike Trap death...
[09:10:35.5903007] [Warning:   Coroner] Could not access dying player: Collider was not a player!
[09:10:35.5903007] [Warning:   Coroner] Could not access dying player: Index not assigned!
[09:10:35.5903007] [Info   : LethalMin] Yellow Pikmin_hcRGph: Has Invincible mode when doing squish death
[09:10:35.5903007] [Debug  :   Coroner] Handling Spike Trap death...
[09:10:35.5903007] [Warning:   Coroner] Could not access dying player: Collider was not a player!
[09:10:35.5903007] [Warning:   Coroner] Could not access dying player: Index not assigned!
[09:10:35.5903007] [Info   : LethalMin] Yellow Pikmin_khCd: Has Invincible mode when doing squish death
[09:10:35.5903007] [Debug  :   Coroner] Handling Spike Trap death...
[09:10:35.5903007] [Warning:   Coroner] Could not access dying player: Collider was not a player!
[09:10:35.5903007] [Warning:   Coroner] Could not access dying player: Index not assigned!
[09:10:35.5903007] [Info   : LethalMin] Purple Pikmin_ebVMo4: Has Invincible mode when doing squish death
[09:10:35.5903007] [Debug  :   Coroner] Handling Spike Trap death...
[09:10:35.5948039] [Error  : Unity Log] No more space in Reflection Probe Atlas. To solve this issue, increase the size of the Reflection Probe Atlas in the HDRP settings.
[09:10:35.6023146] [Error  : Unity Log] No more space in Reflection Probe Atlas. To solve this issue, increase the size of the Reflection Probe Atlas in the HDRP settings.
[09:10:35.6084810] [Error  : Unity Log] No more space in Reflection Probe Atlas. To solve this issue, increase the size of the Reflection Probe Atlas in the HDRP settings.
[09:10:35.6114859] [Warning:   Coroner] Could not access dying player: Collider was not a player!
[09:10:35.6114859] [Warning:   Coroner] Could not access dying player: Index not assigned!
[09:10:35.6114859] [Info   : LethalMin] Purple Pikmin_u0kg: Has Invincible mode when doing squish death
[09:10:35.6114859] [Debug  :   Coroner] Handling Spike Trap death...
[09:10:35.6114859] [Warning:   Coroner] Could not access dying player: Collider was not a player!
[09:10:35.6114859] [Warning:   Coroner] Could not access dying player: Index not assigned!
[09:10:35.6114859] [Info   : LethalMin] Purple Pikmin_TXU0fYU: Has Invincible mode when doing squish death
[09:10:35.6114859] [Debug  :   Coroner] Handling Spike Trap death...
[09:10:35.6114859] [Warning:   Coroner] Could not access dying player: Collider was not a player!
[09:10:35.6114859] [Warning:   Coroner] Could not access dying player: Index not assigned!
[09:10:35.6114859] [Info   : LethalMin] Purple Pikmin_OcBGak3: Has Invincible mode when doing squish death
[09:10:35.6114859] [Debug  :   Coroner] Handling Spike Trap death...
[09:10:35.6114859] [Warning:   Coroner] Could not access dying player: Collider was not a player!
[09:10:35.6114859] [Warning:   Coroner] Could not access dying player: Index not assigned!
[09:10:35.6114859] [Info   : LethalMin] Purple Pikmin_7BFfo: Has Invincible mode when doing squish death
[09:10:35.6114859] [Debug  :   Coroner] Handling Spike Trap death...
[09:10:35.6114859] [Warning:   Coroner] Could not access dying player: Collider was not a player!
[09:10:35.6114859] [Warning:   Coroner] Could not access dying player: Index not assigned!
[09:10:35.6114859] [Info   : LethalMin] Purple Pikmin_UHnG: Has Invincible mode when doing squish death
[09:10:35.6114859] [Debug  :   Coroner] Handling Spike Trap death...
[09:10:35.6114859] [Warning:   Coroner] Could not access dying player: Collider was not a player!
[09:10:35.6114859] [Warning:   Coroner] Could not access dying player: Index not assigned!
[09:10:35.6114859] [Info   : LethalMin] Yellow Pikmin_G5l3h: Has Invincible mode when doing squish death
[09:10:35.6114859] [Debug  :   Coroner] Handling Spike Trap death...
[09:10:35.6114859] [Warning:   Coroner] Could not access dying player: Collider was not a player!
[09:10:35.6114859] [Warning:   Coroner] Could not access dying player: Index not assigned!
[09:10:35.6114859] [Info   : LethalMin] Purple Pikmin_AvqI: Has Invincible mode when doing squish death
[09:10:35.6114859] [Debug  :   Coroner] Handling Spike Trap death...
[09:10:35.6114859] [Warning:   Coroner] Could not access dying player: Collider was not a player!
[09:10:35.6114859] [Warning:   Coroner] Could not access dying player: Index not assigned!
[09:10:35.6114859] [Info   : LethalMin] Yellow Pikmin_apYy5: Has Invincible mode when doing squish death
[09:10:35.6114859] [Debug  :   Coroner] Handling Spike Trap death...
[09:10:35.6114859] [Warning:   Coroner] Could not access dying player: Collider was not a player!
[09:10:35.6114859] [Warning:   Coroner] Could not access dying player: Index not assigned!
[09:10:35.6114859] [Info   : LethalMin] Purple Pikmin_Dhx8wa: Has Invincible mode when doing squish death
[09:10:35.6114859] [Debug  :   Coroner] Handling Spike Trap death...
[09:10:35.6114859] [Warning:   Coroner] Could not access dying player: Collider was not a player!
[09:10:35.6114859] [Warning:   Coroner] Could not access dying player: Index not assigned!
[09:10:35.6114859] [Info   : LethalMin] Yellow Pikmin_PerDu: Has Invincible mode when doing squish death
[09:10:35.6114859] [Debug  :   Coroner] Handling Spike Trap death...
[09:10:35.6114859] [Warning:   Coroner] Could not access dying player: Collider was not a player!
[09:10:35.6114859] [Warning:   Coroner] Could not access dying player: Index not assigned!
[09:10:35.6114859] [Info   : LethalMin] Yellow Pikmin_XYErHj: Has Invincible mode when doing squish death
[09:10:35.6114859] [Debug  :   Coroner] Handling Spike Trap death...
[09:10:35.6114859] [Warning:   Coroner] Could not access dying player: Collider was not a player!
[09:10:35.6114859] [Warning:   Coroner] Could not access dying player: Index not assigned!
[09:10:35.6114859] [Info   : LethalMin] Purple Pikmin_mz1iY5: Has Invincible mode when doing squish death
[09:10:35.6114859] [Debug  :   Coroner] Handling Spike Trap death...
[09:10:35.6114859] [Warning:   Coroner] Could not access dying player: Collider was not a player!
[09:10:35.6114859] [Warning:   Coroner] Could not access dying player: Index not assigned!
[09:10:35.6114859] [Info   : LethalMin] Yellow Pikmin_hcRGph: Has Invincible mode when doing squish death
[09:10:35.6114859] [Debug  :   Coroner] Handling Spike Trap death...
[09:10:35.6114859] [Warning:   Coroner] Could not access dying player: Collider was not a player!
[09:10:35.6114859] [Warning:   Coroner] Could not access dying player: Index not assigned!
[09:10:35.6114859] [Info   : LethalMin] Yellow Pikmin_khCd: Has Invincible mode when doing squish death
[09:10:35.6114859] [Debug  :   Coroner] Handling Spike Trap death...
[09:10:35.6114859] [Warning:   Coroner] Could not access dying player: Collider was not a player!
[09:10:35.6114859] [Warning:   Coroner] Could not access dying player: Index not assigned!
[09:10:35.6114859] [Info   : LethalMin] Purple Pikmin_ebVMo4: Has Invincible mode when doing squish death
[09:10:35.6114859] [Debug  :   Coroner] Handling Spike Trap death...
[09:10:35.6159919] [Error  : Unity Log] No more space in Reflection Probe Atlas. To solve this issue, increase the size of the Reflection Probe Atlas in the HDRP settings.
[09:10:35.6235018] [Error  : Unity Log] No more space in Reflection Probe Atlas. To solve this issue, increase the size of the Reflection Probe Atlas in the HDRP settings.
[09:10:35.6305204] [Error  : Unity Log] No more space in Reflection Probe Atlas. To solve this issue, increase the size of the Reflection Probe Atlas in the HDRP settings.
[09:10:35.6335206] [Warning:   Coroner] Could not access dying player: Collider was not a player!
[09:10:35.6335206] [Warning:   Coroner] Could not access dying player: Index not assigned!
[09:10:35.6335206] [Info   : LethalMin] Purple Pikmin_u0kg: Has Invincible mode when doing squish death
[09:10:35.6335206] [Debug  :   Coroner] Handling Spike Trap death...
[09:10:35.6335206] [Warning:   Coroner] Could not access dying player: Collider was not a player!
[09:10:35.6335206] [Warning:   Coroner] Could not access dying player: Index not assigned!
[09:10:35.6335206] [Info   : LethalMin] Purple Pikmin_TXU0fYU: Has Invincible mode when doing squish death
[09:10:35.6335206] [Debug  :   Coroner] Handling Spike Trap death...
[09:10:35.6335206] [Warning:   Coroner] Could not access dying player: Collider was not a player!
[09:10:35.6335206] [Warning:   Coroner] Could not access dying player: Index not assigned!
[09:10:35.6335206] [Info   : LethalMin] Purple Pikmin_OcBGak3: Has Invincible mode when doing squish death
[09:10:35.6335206] [Debug  :   Coroner] Handling Spike Trap death...
[09:10:35.6335206] [Warning:   Coroner] Could not access dying player: Collider was not a player!
[09:10:35.6335206] [Warning:   Coroner] Could not access dying player: Index not assigned!
[09:10:35.6335206] [Info   : LethalMin] Purple Pikmin_7BFfo: Has Invincible mode when doing squish death
[09:10:35.6335206] [Debug  :   Coroner] Handling Spike Trap death...
[09:10:35.6335206] [Warning:   Coroner] Could not access dying player: Collider was not a player!
[09:10:35.6335206] [Warning:   Coroner] Could not access dying player: Index not assigned!
[09:10:35.6335206] [Info   : LethalMin] Purple Pikmin_UHnG: Has Invincible mode when doing squish death
[09:10:35.6335206] [Debug  :   Coroner] Handling Spike Trap death...
[09:10:35.6335206] [Warning:   Coroner] Could not access dying player: Collider was not a player!
[09:10:35.6335206] [Warning:   Coroner] Could not access dying player: Index not assigned!
[09:10:35.6335206] [Info   : LethalMin] Yellow Pikmin_G5l3h: Has Invincible mode when doing squish death
[09:10:35.6335206] [Debug  :   Coroner] Handling Spike Trap death...
[09:10:35.6335206] [Warning:   Coroner] Could not access dying player: Collider was not a player!
[09:10:35.6335206] [Warning:   Coroner] Could not access dying player: Index not assigned!
[09:10:35.6335206] [Info   : LethalMin] Purple Pikmin_AvqI: Has Invincible mode when doing squish death
[09:10:35.6335206] [Debug  :   Coroner] Handling Spike Trap death...
[09:10:35.6335206] [Warning:   Coroner] Could not access dying player: Collider was not a player!
[09:10:35.6335206] [Warning:   Coroner] Could not access dying player: Index not assigned!
[09:10:35.6335206] [Info   : LethalMin] Yellow Pikmin_apYy5: Has Invincible mode when doing squish death
[09:10:35.6335206] [Debug  :   Coroner] Handling Spike Trap death...
[09:10:35.6335206] [Warning:   Coroner] Could not access dying player: Collider was not a player!
[09:10:35.6335206] [Warning:   Coroner] Could not access dying player: Index not assigned!
[09:10:35.6335206] [Info   : LethalMin] Purple Pikmin_Dhx8wa: Has Invincible mode when doing squish death
[09:10:35.6335206] [Debug  :   Coroner] Handling Spike Trap death...
[09:10:35.6335206] [Warning:   Coroner] Could not access dying player: Collider was not a player!
[09:10:35.6335206] [Warning:   Coroner] Could not access dying player: Index not assigned!
[09:10:35.6335206] [Info   : LethalMin] Yellow Pikmin_PerDu: Has Invincible mode when doing squish death
[09:10:35.6335206] [Debug  :   Coroner] Handling Spike Trap death...
[09:10:35.6335206] [Warning:   Coroner] Could not access dying player: Collider was not a player!
[09:10:35.6335206] [Warning:   Coroner] Could not access dying player: Index not assigned!
[09:10:35.6335206] [Info   : LethalMin] Yellow Pikmin_XYErHj: Has Invincible mode when doing squish death
[09:10:35.6335206] [Debug  :   Coroner] Handling Spike Trap death...
[09:10:35.6335206] [Warning:   Coroner] Could not access dying player: Collider was not a player!
[09:10:35.6335206] [Warning:   Coroner] Could not access dying player: Index not assigned!
[09:10:35.6335206] [Info   : LethalMin] Purple Pikmin_mz1iY5: Has Invincible mode when doing squish death
[09:10:35.6335206] [Debug  :   Coroner] Handling Spike Trap death...
[09:10:35.6335206] [Warning:   Coroner] Could not access dying player: Collider was not a player!
[09:10:35.6335206] [Warning:   Coroner] Could not access dying player: Index not assigned!
[09:10:35.6335206] [Info   : LethalMin] Yellow Pikmin_hcRGph: Has Invincible mode when doing squish death
[09:10:35.6335206] [Debug  :   Coroner] Handling Spike Trap death...
[09:10:35.6335206] [Warning:   Coroner] Could not access dying player: Collider was not a player!
[09:10:35.6335206] [Warning:   Coroner] Could not access dying player: Index not assigned!
[09:10:35.6335206] [Info   : LethalMin] Yellow Pikmin_khCd: Has Invincible mode when doing squish death
[09:10:35.6335206] [Debug  :   Coroner] Handling Spike Trap death...
[09:10:35.6335206] [Warning:   Coroner] Could not access dying player: Collider was not a player!
[09:10:35.6335206] [Warning:   Coroner] Could not access dying player: Index not assigned!
[09:10:35.6335206] [Info   : LethalMin] Purple Pikmin_ebVMo4: Has Invincible mode when doing squish death
[09:10:35.6335206] [Debug  :   Coroner] Handling Spike Trap death...
[09:10:35.6385329] [Error  : Unity Log] No more space in Reflection Probe Atlas. To solve this issue, increase the size of the Reflection Probe Atlas in the HDRP settings.
[09:10:35.6460533] [Error  : Unity Log] No more space in Reflection Probe Atlas. To solve this issue, increase the size of the Reflection Probe Atlas in the HDRP settings.
[09:10:35.6505627] [Warning:   Coroner] Could not access dying player: Collider was not a player!
[09:10:35.6505627] [Warning:   Coroner] Could not access dying player: Index not assigned!
[09:10:35.6505627] [Info   : LethalMin] Purple Pikmin_u0kg: Has Invincible mode when doing squish death
[09:10:35.6505627] [Debug  :   Coroner] Handling Spike Trap death...
[09:10:35.6505627] [Warning:   Coroner] Could not access dying player: Collider was not a player!
[09:10:35.6505627] [Warning:   Coroner] Could not access dying player: Index not assigned!
[09:10:35.6505627] [Info   : LethalMin] Purple Pikmin_TXU0fYU: Has Invincible mode when doing squish death
[09:10:35.6505627] [Debug  :   Coroner] Handling Spike Trap death...
[09:10:35.6505627] [Warning:   Coroner] Could not access dying player: Collider was not a player!
[09:10:35.6505627] [Warning:   Coroner] Could not access dying player: Index not assigned!
[09:10:35.6505627] [Info   : LethalMin] Purple Pikmin_OcBGak3: Has Invincible mode when doing squish death
[09:10:35.6505627] [Debug  :   Coroner] Handling Spike Trap death...
[09:10:35.6505627] [Warning:   Coroner] Could not access dying player: Collider was not a player!
[09:10:35.6505627] [Warning:   Coroner] Could not access dying player: Index not assigned!
[09:10:35.6505627] [Info   : LethalMin] Purple Pikmin_7BFfo: Has Invincible mode when doing squish death
[09:10:35.6505627] [Debug  :   Coroner] Handling Spike Trap death...
[09:10:35.6505627] [Warning:   Coroner] Could not access dying player: Collider was not a player!
[09:10:35.6505627] [Warning:   Coroner] Could not access dying player: Index not assigned!
[09:10:35.6505627] [Info   : LethalMin] Purple Pikmin_UHnG: Has Invincible mode when doing squish death
[09:10:35.6505627] [Debug  :   Coroner] Handling Spike Trap death...
[09:10:35.6505627] [Warning:   Coroner] Could not access dying player: Collider was not a player!
[09:10:35.6505627] [Warning:   Coroner] Could not access dying player: Index not assigned!
[09:10:35.6505627] [Info   : LethalMin] Yellow Pikmin_G5l3h: Has Invincible mode when doing squish death
[09:10:35.6505627] [Debug  :   Coroner] Handling Spike Trap death...
[09:10:35.6505627] [Warning:   Coroner] Could not access dying player: Collider was not a player!
[09:10:35.6505627] [Warning:   Coroner] Could not access dying player: Index not assigned!
[09:10:35.6505627] [Info   : LethalMin] Purple Pikmin_AvqI: Has Invincible mode when doing squish death
[09:10:35.6505627] [Debug  :   Coroner] Handling Spike Trap death...
[09:10:35.6505627] [Warning:   Coroner] Could not access dying player: Collider was not a player!
[09:10:35.6505627] [Warning:   Coroner] Could not access dying player: Index not assigned!
[09:10:35.6505627] [Info   : LethalMin] Yellow Pikmin_apYy5: Has Invincible mode when doing squish death
[09:10:35.6505627] [Debug  :   Coroner] Handling Spike Trap death...
[09:10:35.6505627] [Warning:   Coroner] Could not access dying player: Collider was not a player!
[09:10:35.6505627] [Warning:   Coroner] Could not access dying player: Index not assigned!
[09:10:35.6505627] [Info   : LethalMin] Purple Pikmin_Dhx8wa: Has Invincible mode when doing squish death
[09:10:35.6505627] [Debug  :   Coroner] Handling Spike Trap death...
[09:10:35.6505627] [Warning:   Coroner] Could not access dying player: Collider was not a player!
[09:10:35.6505627] [Warning:   Coroner] Could not access dying player: Index not assigned!
[09:10:35.6505627] [Info   : LethalMin] Yellow Pikmin_PerDu: Has Invincible mode when doing squish death
[09:10:35.6505627] [Debug  :   Coroner] Handling Spike Trap death...
[09:10:35.6505627] [Warning:   Coroner] Could not access dying player: Collider was not a player!
[09:10:35.6505627] [Warning:   Coroner] Could not access dying player: Index not assigned!
[09:10:35.6505627] [Info   : LethalMin] Yellow Pikmin_XYErHj: Has Invincible mode when doing squish death
[09:10:35.6505627] [Debug  :   Coroner] Handling Spike Trap death...
[09:10:35.6505627] [Warning:   Coroner] Could not access dying player: Collider was not a player!
[09:10:35.6505627] [Warning:   Coroner] Could not access dying player: Index not assigned!
[09:10:35.6505627] [Info   : LethalMin] Purple Pikmin_mz1iY5: Has Invincible mode when doing squish death
[09:10:35.6505627] [Debug  :   Coroner] Handling Spike Trap death...
[09:10:35.6505627] [Warning:   Coroner] Could not access dying player: Collider was not a player!
[09:10:35.6505627] [Warning:   Coroner] Could not access dying player: Index not assigned!
[09:10:35.6505627] [Info   : LethalMin] Yellow Pikmin_hcRGph: Has Invincible mode when doing squish death
[09:10:35.6505627] [Debug  :   Coroner] Handling Spike Trap death...
[09:10:35.6505627] [Warning:   Coroner] Could not access dying player: Collider was not a player!
[09:10:35.6505627] [Warning:   Coroner] Could not access dying player: Index not assigned!
[09:10:35.6505627] [Info   : LethalMin] Yellow Pikmin_khCd: Has Invincible mode when doing squish death
[09:10:35.6505627] [Debug  :   Coroner] Handling Spike Trap death...
[09:10:35.6505627] [Warning:   Coroner] Could not access dying player: Collider was not a player!
[09:10:35.6505627] [Warning:   Coroner] Could not access dying player: Index not assigned!
[09:10:35.6505627] [Info   : LethalMin] Purple Pikmin_ebVMo4: Has Invincible mode when doing squish death
[09:10:35.6505627] [Debug  :   Coroner] Handling Spike Trap death...
[09:10:35.6550677] [Error  : Unity Log] No more space in Reflection Probe Atlas. To solve this issue, increase the size of the Reflection Probe Atlas in the HDRP settings.
[09:10:35.6650870] [Error  : Unity Log] No more space in Reflection Probe Atlas. To solve this issue, increase the size of the Reflection Probe Atlas in the HDRP settings.
[09:10:35.6685958] [Warning:   Coroner] Could not access dying player: Collider was not a player!
[09:10:35.6685958] [Warning:   Coroner] Could not access dying player: Index not assigned!
[09:10:35.6685958] [Info   : LethalMin] Purple Pikmin_u0kg: Has Invincible mode when doing squish death
[09:10:35.6685958] [Debug  :   Coroner] Handling Spike Trap death...
[09:10:35.6685958] [Warning:   Coroner] Could not access dying player: Collider was not a player!
[09:10:35.6685958] [Warning:   Coroner] Could not access dying player: Index not assigned!
[09:10:35.6685958] [Info   : LethalMin] Purple Pikmin_TXU0fYU: Has Invincible mode when doing squish death
[09:10:35.6685958] [Debug  :   Coroner] Handling Spike Trap death...
[09:10:35.6685958] [Warning:   Coroner] Could not access dying player: Collider was not a player!
[09:10:35.6685958] [Warning:   Coroner] Could not access dying player: Index not assigned!
[09:10:35.6685958] [Info   : LethalMin] Purple Pikmin_OcBGak3: Has Invincible mode when doing squish death
[09:10:35.6685958] [Debug  :   Coroner] Handling Spike Trap death...
[09:10:35.6685958] [Warning:   Coroner] Could not access dying player: Collider was not a player!
[09:10:35.6685958] [Warning:   Coroner] Could not access dying player: Index not assigned!
[09:10:35.6685958] [Info   : LethalMin] Purple Pikmin_7BFfo: Has Invincible mode when doing squish death
[09:10:35.6685958] [Debug  :   Coroner] Handling Spike Trap death...
[09:10:35.6685958] [Warning:   Coroner] Could not access dying player: Collider was not a player!
[09:10:35.6685958] [Warning:   Coroner] Could not access dying player: Index not assigned!
[09:10:35.6685958] [Info   : LethalMin] Purple Pikmin_UHnG: Has Invincible mode when doing squish death
[09:10:35.6685958] [Debug  :   Coroner] Handling Spike Trap death...
[09:10:35.6685958] [Warning:   Coroner] Could not access dying player: Collider was not a player!
[09:10:35.6685958] [Warning:   Coroner] Could not access dying player: Index not assigned!
[09:10:35.6685958] [Info   : LethalMin] Yellow Pikmin_G5l3h: Has Invincible mode when doing squish death
[09:10:35.6685958] [Debug  :   Coroner] Handling Spike Trap death...
[09:10:35.6685958] [Warning:   Coroner] Could not access dying player: Collider was not a player!
