moon_index,moon_display,moon_name,moon_kind,dawn_key,interior_index,interior,flow_id,flow_kind,availability_mechanism,classification,evidence_basis
1,41 Experimentation,Experimentation,Vanilla,lethal_company:experimentation,1,Facility,Level1Flow,Vanilla,VANILLA_NATIVE_LLL_MATCHING,NOT_YET_PROVEN,NO_PAIRING_SPECIFIC_EVIDENCE
1,41 Experimentation,Experimentation,Vanilla,lethal_company:experimentation,2,Haunted Mansion,Level2Flow,Vanilla,VANILLA_NATIVE_LLL_MATCHING,NOT_YET_PROVEN,NO_PAIRING_SPECIFIC_EVIDENCE
1,41 Experimentation,Experimentation,Vanilla,lethal_company:experimentation,3,Mineshaft,Level3Flow,Vanilla,VANILLA_NATIVE_LLL_MATCHING,NOT_YET_PROVEN,NO_PAIRING_SPECIFIC_EVIDENCE
1,41 Experimentation,Experimentation,Vanilla,lethal_company:experimentation,4,Black Mesa,Black Mesa,External,DAWNLIB_NATIVE_BLACK_MESA_WEIGHT_RULE,VIABLE_EQUAL_100,BLACK_MESA_NATIVE_DAWNLIB_VANILLA_100_PLUS_ACCEPTED_NORMALIZER
1,41 Experimentation,Experimentation,Vanilla,lethal_company:experimentation,5,Abandoned Foundry,FoundryFlow,Custom,OWNER_ASSET_MATCHING_NO_DIRECT_LLL_CONFIG,NOT_YET_PROVEN,NO_PAIRING_SPECIFIC_EVIDENCE
1,41 Experimentation,Experimentation,Vanilla,lethal_company:experimentation,6,ACF Site,ResearchStationFlow,Custom,OWNER_ASSET_MATCHING_NO_DIRECT_LLL_CONFIG,NOT_YET_PROVEN,NO_PAIRING_SPECIFIC_EVIDENCE
1,41 Experimentation,Experimentation,Vanilla,lethal_company:experimentation,7,DeepcoreMines,deepmines,Custom,OWNER_ASSET_MATCHING_NO_DIRECT_LLL_CONFIG,NOT_YET_PROVEN,NO_PAIRING_SPECIFIC_EVIDENCE
1,41 Experimentation,Experimentation,Vanilla,lethal_company:experimentation,8,LiminalHouse,LiminalHouseFlow,Custom,OWNER_ASSET_MATCHING_NO_DIRECT_LLL_CONFIG,NOT_YET_PROVEN,NO_PAIRING_SPECIFIC_EVIDENCE
1,41 Experimentation,Experimentation,Vanilla,lethal_company:experimentation,9,Supermarket,Supermarket,Custom,OWNER_ASSET_MATCHING_NO_DIRECT_LLL_CONFIG,NOT_YET_PROVEN,NO_PAIRING_SPECIFIC_EVIDENCE
1,41 Experimentation,Experimentation,Vanilla,lethal_company:experimentation,10,Bunker,BunkerFlow,Custom,DIRECT_LLL_UNIVERSAL_TAG_OVERRIDE,VIABLE_EQUAL_100,ACTIVE_LLL_TAG_OVERRIDE_VANILLA_100_PLUS_ACCEPTED_NORMALIZER
1,41 Experimentation,Experimentation,Vanilla,lethal_company:experimentation,11,Drains,DrainsFlow,Custom,DIRECT_LLL_UNIVERSAL_TAG_OVERRIDE,VIABLE_EQUAL_100,ACTIVE_LLL_TAG_OVERRIDE_VANILLA_100_PLUS_ACCEPTED_NORMALIZER
1,41 Experimentation,Experimentation,Vanilla,lethal_company:experimentation,12,Substation,SubstationFlow,Custom,DIRECT_LLL_UNIVERSAL_TAG_OVERRIDE,VIABLE_EQUAL_100,ACTIVE_LLL_TAG_OVERRIDE_VANILLA_100_PLUS_ACCEPTED_NORMALIZER
1,41 Experimentation,Experimentation,Vanilla,lethal_company:experimentation,13,Liminal Facility,BackroomsFlow,Custom,DIRECT_LLL_UNIVERSAL_TAG_OVERRIDE,VIABLE_EQUAL_100,ACTIVE_LLL_TAG_OVERRIDE_VANILLA_100_PLUS_ACCEPTED_NORMALIZER
1,41 Experimentation,Experimentation,Vanilla,lethal_company:experimentation,14,Storehouse,SHFlow,Custom,DIRECT_LLL_UNIVERSAL_TAG_OVERRIDE,VIABLE_EQUAL_100,ACTIVE_LLL_TAG_OVERRIDE_VANILLA_100_PLUS_ACCEPTED_NORMALIZER
1,41 Experimentation,Experimentation,Vanilla,lethal_company:experimentation,15,Tower,TowerFlow,Custom,DIRECT_LLL_UNIVERSAL_TAG_OVERRIDE,VIABLE_EQUAL_100,ACTIVE_LLL_TAG_OVERRIDE_VANILLA_100_PLUS_ACCEPTED_NORMALIZER
1,41 Experimentation,Experimentation,Vanilla,lethal_company:experimentation,16,Gray Apartments,GrayApartmentsFlow,Custom,OWNER_ASSET_MATCHING_NO_DIRECT_LLL_CONFIG,NOT_YET_PROVEN,NO_PAIRING_SPECIFIC_EVIDENCE
1,41 Experimentation,Experimentation,Vanilla,lethal_company:experimentation,17,Zeranos Gray Apartments,GrayApartmentsFlowZ,Custom,OWNER_ASSET_MATCHING_NO_DIRECT_LLL_CONFIG,NOT_YET_PROVEN,NO_PAIRING_SPECIFIC_EVIDENCE
1,41 Experimentation,Experimentation,Vanilla,lethal_company:experimentation,18,junkrooms,junkrooms,Custom,OWNER_ASSET_MATCHING_NO_DIRECT_LLL_CONFIG,NOT_YET_PROVEN,NO_PAIRING_SPECIFIC_EVIDENCE
1,41 Experimentation,Experimentation,Vanilla,lethal_company:experimentation,19,LC Office,OfficeDungeonFlow,Custom,OWNER_ASSET_MATCHING_NO_DIRECT_LLL_CONFIG,NOT_YET_PROVEN,NO_PAIRING_SPECIFIC_EVIDENCE
1,41 Experimentation,Experimentation,Vanilla,lethal_company:experimentation,20,Belleville Appartements,BellevilleApp,Custom,OWNER_ASSET_MATCHING_NO_DIRECT_LLL_CONFIG,NOT_YET_PROVEN,NO_PAIRING_SPECIFIC_EVIDENCE
1,41 Experimentation,Experimentation,Vanilla,lethal_company:experimentation,21,Crimson Keep,CrimsonKeep,Custom,OWNER_ASSET_MATCHING_NO_DIRECT_LLL_CONFIG,NOT_YET_PROVEN,NO_PAIRING_SPECIFIC_EVIDENCE
1,41 Experimentation,Experimentation,Vanilla,lethal_company:experimentation,22,Treatement Amenity,DungeonTreatementAnemity,Custom,OWNER_ASSET_MATCHING_NO_DIRECT_LLL_CONFIG,NOT_YET_PROVEN,NO_PAIRING_SPECIFIC_EVIDENCE
1,41 Experimentation,Experimentation,Vanilla,lethal_company:experimentation,23,Goldstay Hotel,GoldenHotel,Custom,OWNER_ASSET_MATCHING_NO_DIRECT_LLL_CONFIG,NOT_YET_PROVEN,NO_PAIRING_SPECIFIC_EVIDENCE
1,41 Experimentation,Experimentation,Vanilla,lethal_company:experimentation,24,Lead Factory,LeadFactory,Custom,OWNER_ASSET_MATCHING_NO_DIRECT_LLL_CONFIG,NOT_YET_PROVEN,NO_PAIRING_SPECIFIC_EVIDENCE
1,41 Experimentation,Experimentation,Vanilla,lethal_company:experimentation,25,Lantern Manor,LanternManor,Custom,OWNER_ASSET_MATCHING_NO_DIRECT_LLL_CONFIG,NOT_YET_PROVEN,NO_PAIRING_SPECIFIC_EVIDENCE
1,41 Experimentation,Experimentation,Vanilla,lethal_company:experimentation,26,Circus Facility,CircusFacilityFlow,Custom,DIRECT_LLL_UNIVERSAL_TAG_OVERRIDE,VIABLE_EQUAL_100,ACTIVE_LLL_TAG_OVERRIDE_VANILLA_100_PLUS_ACCEPTED_NORMALIZER
1,41 Experimentation,Experimentation,Vanilla,lethal_company:experimentation,27,Atlantean Citadel,AquaticDungeonFlow,Custom,DIRECT_LLL_UNIVERSAL_TAG_OVERRIDE,VIABLE_EQUAL_100,ACTIVE_LLL_TAG_OVERRIDE_VANILLA_100_PLUS_ACCEPTED_NORMALIZER
1,41 Experimentation,Experimentation,Vanilla,lethal_company:experimentation,28,Deep Sewers,DeepSewersFlow,Custom,DIRECT_LLL_UNIVERSAL_TAG_OVERRIDE,VIABLE_EQUAL_100,ACTIVE_LLL_TAG_OVERRIDE_VANILLA_100_PLUS_ACCEPTED_NORMALIZER
1,41 Experimentation,Experimentation,Vanilla,lethal_company:experimentation,29,Fractured Complex,FracturedComplexFlow,Custom,DIRECT_LLL_UNIVERSAL_TAG_OVERRIDE,VIABLE_EQUAL_100,ACTIVE_LLL_TAG_OVERRIDE_VANILLA_100_PLUS_ACCEPTED_NORMALIZER
1,41 Experimentation,Experimentation,Vanilla,lethal_company:experimentation,30,Greenhouse,GreenhouseFlow,Custom,DIRECT_LLL_UNIVERSAL_TAG_OVERRIDE,VIABLE_EQUAL_100,ACTIVE_LLL_TAG_OVERRIDE_VANILLA_100_PLUS_ACCEPTED_NORMALIZER
1,41 Experimentation,Experimentation,Vanilla,lethal_company:experimentation,31,Art Gallery,MuseumInteriorFlow,Custom,DIRECT_LLL_UNIVERSAL_TAG_OVERRIDE,VIABLE_EQUAL_100,ACTIVE_LLL_TAG_OVERRIDE_VANILLA_100_PLUS_ACCEPTED_NORMALIZER
1,41 Experimentation,Experimentation,Vanilla,lethal_company:experimentation,32,Decrepit store,StoreFlow,Custom,DIRECT_LLL_UNIVERSAL_TAG_OVERRIDE,VIABLE_EQUAL_100,ACTIVE_LLL_TAG_OVERRIDE_VANILLA_100_PLUS_ACCEPTED_NORMALIZER
1,41 Experimentation,Experimentation,Vanilla,lethal_company:experimentation,33,Expanded facility,ExpandedFacility,Custom,DIRECT_LLL_UNIVERSAL_TAG_OVERRIDE,VIABLE_EQUAL_100,ACTIVE_LLL_TAG_OVERRIDE_VANILLA_100_PLUS_ACCEPTED_NORMALIZER
1,41 Experimentation,Experimentation,Vanilla,lethal_company:experimentation,34,Expanded Mineshaft,Level3ButCoolFlow,Custom,DIRECT_LLL_UNIVERSAL_TAG_OVERRIDE,VIABLE_EQUAL_100,ACTIVE_LLL_TAG_OVERRIDE_VANILLA_100_PLUS_ACCEPTED_NORMALIZER
1,41 Experimentation,Experimentation,Vanilla,lethal_company:experimentation,35,Grand Armory,GrandArmoryFlow,Custom,DIRECT_LLL_UNIVERSAL_TAG_OVERRIDE,VIABLE_EQUAL_100,ACTIVE_LLL_TAG_OVERRIDE_VANILLA_100_PLUS_ACCEPTED_NORMALIZER
1,41 Experimentation,Experimentation,Vanilla,lethal_company:experimentation,36,Spooky manor,SpookyManorFlow,Custom,DIRECT_LLL_UNIVERSAL_TAG_OVERRIDE,VIABLE_EQUAL_100,ACTIVE_LLL_TAG_OVERRIDE_VANILLA_100_PLUS_ACCEPTED_NORMALIZER
1,41 Experimentation,Experimentation,Vanilla,lethal_company:experimentation,37,Mausoleum,MelanieMausoleum,Custom,OWNER_ASSET_MATCHING_NO_DIRECT_LLL_CONFIG,NOT_YET_PROVEN,NO_PAIRING_SPECIFIC_EVIDENCE
1,41 Experimentation,Experimentation,Vanilla,lethal_company:experimentation,38,Museum,MelanieMuseum,Custom,OWNER_ASSET_MATCHING_NO_DIRECT_LLL_CONFIG,NOT_YET_PROVEN,NO_PAIRING_SPECIFIC_EVIDENCE
1,41 Experimentation,Experimentation,Vanilla,lethal_company:experimentation,39,Raven Manor,RavenFlow,Custom,OWNER_ASSET_MATCHING_NO_DIRECT_LLL_CONFIG,NOT_YET_PROVEN,NO_PAIRING_SPECIFIC_EVIDENCE
1,41 Experimentation,Experimentation,Vanilla,lethal_company:experimentation,40,ScoopyCastle,CastleFlow,Custom,DIRECT_LLL_UNIVERSAL_TAG_OVERRIDE,VIABLE_EQUAL_100,ACTIVE_LLL_TAG_OVERRIDE_VANILLA_100_PLUS_ACCEPTED_NORMALIZER
1,41 Experimentation,Experimentation,Vanilla,lethal_company:experimentation,41,Shatteredrooms,shatteredrooms,Custom,OWNER_ASSET_MATCHING_NO_DIRECT_LLL_CONFIG,AUTHOR_OR_OWNER_HARD_BLOCK,EXPLICIT_SHATTEREDROOMS_OWNER_RESTRICTION
1,41 Experimentation,Experimentation,Vanilla,lethal_company:experimentation,42,Slaughterhouse,SlaughterhouseFlow,Custom,DIRECT_LLL_UNIVERSAL_TAG_OVERRIDE,VIABLE_EQUAL_100,ACTIVE_LLL_TAG_OVERRIDE_VANILLA_100_PLUS_ACCEPTED_NORMALIZER
1,41 Experimentation,Experimentation,Vanilla,lethal_company:experimentation,43,Spelunkers Caverns (Random),Spelunk_RandomFlow,Custom,OWNER_ASSET_MATCHING_NO_DIRECT_LLL_CONFIG,NOT_YET_PROVEN,NO_PAIRING_SPECIFIC_EVIDENCE
1,41 Experimentation,Experimentation,Vanilla,lethal_company:experimentation,44,Spelunkers Caverns (Basic),Spelunk_BasicFlow,Custom,OWNER_ASSET_MATCHING_NO_DIRECT_LLL_CONFIG,NOT_YET_PROVEN,NO_PAIRING_SPECIFIC_EVIDENCE
1,41 Experimentation,Experimentation,Vanilla,lethal_company:experimentation,45,Spelunkers Caverns (Crystal),Spelunk_CrystalFlow,Custom,OWNER_ASSET_MATCHING_NO_DIRECT_LLL_CONFIG,NOT_YET_PROVEN,NO_PAIRING_SPECIFIC_EVIDENCE
1,41 Experimentation,Experimentation,Vanilla,lethal_company:experimentation,46,Spelunkers Caverns (Frozen),Spelunk_FrozenFlow,Custom,OWNER_ASSET_MATCHING_NO_DIRECT_LLL_CONFIG,NOT_YET_PROVEN,NO_PAIRING_SPECIFIC_EVIDENCE
1,41 Experimentation,Experimentation,Vanilla,lethal_company:experimentation,47,Spelunkers Caverns (Magmatic),Spelunk_MagmaFlow,Custom,OWNER_ASSET_MATCHING_NO_DIRECT_LLL_CONFIG,NOT_YET_PROVEN,NO_PAIRING_SPECIFIC_EVIDENCE
1,41 Experimentation,Experimentation,Vanilla,lethal_company:experimentation,48,Spelunkers Caverns (Overgrown),Spelunk_OvergrownFlow,Custom,OWNER_ASSET_MATCHING_NO_DIRECT_LLL_CONFIG,NOT_YET_PROVEN,NO_PAIRING_SPECIFIC_EVIDENCE
1,41 Experimentation,Experimentation,Vanilla,lethal_company:experimentation,49,Storage Complex,StorageComplex,Custom,DIRECT_LLL_UNIVERSAL_TAG_OVERRIDE,VIABLE_EQUAL_100,ACTIVE_LLL_TAG_OVERRIDE_VANILLA_100_PLUS_ACCEPTED_NORMALIZER
1,41 Experimentation,Experimentation,Vanilla,lethal_company:experimentation,50,Studio Floor,StudioFlow,Custom,OWNER_ASSET_MATCHING_NO_DIRECT_LLL_CONFIG,NOT_YET_PROVEN,NO_PAIRING_SPECIFIC_EVIDENCE
1,41 Experimentation,Experimentation,Vanilla,lethal_company:experimentation,51,Sub Systems,SubSysFlow,Custom,OWNER_ASSET_MATCHING_NO_DIRECT_LLL_CONFIG,NOT_YET_PROVEN,NO_PAIRING_SPECIFIC_EVIDENCE
1,41 Experimentation,Experimentation,Vanilla,lethal_company:experimentation,52,Rubber Rooms,RubberRoomsFlow,Custom,DIRECT_LLL_UNIVERSAL_TAG_OVERRIDE,VIABLE_EQUAL_100,ACTIVE_LLL_TAG_OVERRIDE_VANILLA_100_PLUS_ACCEPTED_NORMALIZER
1,41 Experimentation,Experimentation,Vanilla,lethal_company:experimentation,53,Toy Store,ToystoreFlow,Custom,DIRECT_LLL_UNIVERSAL_TAG_OVERRIDE,VIABLE_EQUAL_100,ACTIVE_LLL_TAG_OVERRIDE_VANILLA_100_PLUS_ACCEPTED_NORMALIZER
2,220 Assurance,Assurance,Vanilla,lethal_company:assurance,1,Facility,Level1Flow,Vanilla,VANILLA_NATIVE_LLL_MATCHING,NOT_YET_PROVEN,NO_PAIRING_SPECIFIC_EVIDENCE
2,220 Assurance,Assurance,Vanilla,lethal_company:assurance,2,Haunted Mansion,Level2Flow,Vanilla,VANILLA_NATIVE_LLL_MATCHING,NOT_YET_PROVEN,NO_PAIRING_SPECIFIC_EVIDENCE
2,220 Assurance,Assurance,Vanilla,lethal_company:assurance,3,Mineshaft,Level3Flow,Vanilla,VANILLA_NATIVE_LLL_MATCHING,NOT_YET_PROVEN,NO_PAIRING_SPECIFIC_EVIDENCE
2,220 Assurance,Assurance,Vanilla,lethal_company:assurance,4,Black Mesa,Black Mesa,External,DAWNLIB_NATIVE_BLACK_MESA_WEIGHT_RULE,VIABLE_EQUAL_100,BLACK_MESA_NATIVE_DAWNLIB_VANILLA_100_PLUS_ACCEPTED_NORMALIZER
2,220 Assurance,Assurance,Vanilla,lethal_company:assurance,5,Abandoned Foundry,FoundryFlow,Custom,OWNER_ASSET_MATCHING_NO_DIRECT_LLL_CONFIG,NOT_YET_PROVEN,NO_PAIRING_SPECIFIC_EVIDENCE
2,220 Assurance,Assurance,Vanilla,lethal_company:assurance,6,ACF Site,ResearchStationFlow,Custom,OWNER_ASSET_MATCHING_NO_DIRECT_LLL_CONFIG,NOT_YET_PROVEN,NO_PAIRING_SPECIFIC_EVIDENCE
2,220 Assurance,Assurance,Vanilla,lethal_company:assurance,7,DeepcoreMines,deepmines,Custom,OWNER_ASSET_MATCHING_NO_DIRECT_LLL_CONFIG,NOT_YET_PROVEN,NO_PAIRING_SPECIFIC_EVIDENCE
2,220 Assurance,Assurance,Vanilla,lethal_company:assurance,8,LiminalHouse,LiminalHouseFlow,Custom,OWNER_ASSET_MATCHING_NO_DIRECT_LLL_CONFIG,NOT_YET_PROVEN,NO_PAIRING_SPECIFIC_EVIDENCE
2,220 Assurance,Assurance,Vanilla,lethal_company:assurance,9,Supermarket,Supermarket,Custom,OWNER_ASSET_MATCHING_NO_DIRECT_LLL_CONFIG,NOT_YET_PROVEN,NO_PAIRING_SPECIFIC_EVIDENCE
2,220 Assurance,Assurance,Vanilla,lethal_company:assurance,10,Bunker,BunkerFlow,Custom,DIRECT_LLL_UNIVERSAL_TAG_OVERRIDE,VIABLE_EQUAL_100,ACTIVE_LLL_TAG_OVERRIDE_VANILLA_100_PLUS_ACCEPTED_NORMALIZER
2,220 Assurance,Assurance,Vanilla,lethal_company:assurance,11,Drains,DrainsFlow,Custom,DIRECT_LLL_UNIVERSAL_TAG_OVERRIDE,VIABLE_EQUAL_100,ACTIVE_LLL_TAG_OVERRIDE_VANILLA_100_PLUS_ACCEPTED_NORMALIZER
2,220 Assurance,Assurance,Vanilla,lethal_company:assurance,12,Substation,SubstationFlow,Custom,DIRECT_LLL_UNIVERSAL_TAG_OVERRIDE,VIABLE_EQUAL_100,ACTIVE_LLL_TAG_OVERRIDE_VANILLA_100_PLUS_ACCEPTED_NORMALIZER
2,220 Assurance,Assurance,Vanilla,lethal_company:assurance,13,Liminal Facility,BackroomsFlow,Custom,DIRECT_LLL_UNIVERSAL_TAG_OVERRIDE,VIABLE_EQUAL_100,ACTIVE_LLL_TAG_OVERRIDE_VANILLA_100_PLUS_ACCEPTED_NORMALIZER
2,220 Assurance,Assurance,Vanilla,lethal_company:assurance,14,Storehouse,SHFlow,Custom,DIRECT_LLL_UNIVERSAL_TAG_OVERRIDE,VIABLE_EQUAL_100,ACTIVE_LLL_TAG_OVERRIDE_VANILLA_100_PLUS_ACCEPTED_NORMALIZER
2,220 Assurance,Assurance,Vanilla,lethal_company:assurance,15,Tower,TowerFlow,Custom,DIRECT_LLL_UNIVERSAL_TAG_OVERRIDE,VIABLE_EQUAL_100,ACTIVE_LLL_TAG_OVERRIDE_VANILLA_100_PLUS_ACCEPTED_NORMALIZER
2,220 Assurance,Assurance,Vanilla,lethal_company:assurance,16,Gray Apartments,GrayApartmentsFlow,Custom,OWNER_ASSET_MATCHING_NO_DIRECT_LLL_CONFIG,NOT_YET_PROVEN,NO_PAIRING_SPECIFIC_EVIDENCE
2,220 Assurance,Assurance,Vanilla,lethal_company:assurance,17,Zeranos Gray Apartments,GrayApartmentsFlowZ,Custom,OWNER_ASSET_MATCHING_NO_DIRECT_LLL_CONFIG,NOT_YET_PROVEN,NO_PAIRING_SPECIFIC_EVIDENCE
2,220 Assurance,Assurance,Vanilla,lethal_company:assurance,18,junkrooms,junkrooms,Custom,OWNER_ASSET_MATCHING_NO_DIRECT_LLL_CONFIG,NOT_YET_PROVEN,NO_PAIRING_SPECIFIC_EVIDENCE
2,220 Assurance,Assurance,Vanilla,lethal_company:assurance,19,LC Office,OfficeDungeonFlow,Custom,OWNER_ASSET_MATCHING_NO_DIRECT_LLL_CONFIG,NOT_YET_PROVEN,NO_PAIRING_SPECIFIC_EVIDENCE
2,220 Assurance,Assurance,Vanilla,lethal_company:assurance,20,Belleville Appartements,BellevilleApp,Custom,OWNER_ASSET_MATCHING_NO_DIRECT_LLL_CONFIG,NOT_YET_PROVEN,NO_PAIRING_SPECIFIC_EVIDENCE
2,220 Assurance,Assurance,Vanilla,lethal_company:assurance,21,Crimson Keep,CrimsonKeep,Custom,OWNER_ASSET_MATCHING_NO_DIRECT_LLL_CONFIG,NOT_YET_PROVEN,NO_PAIRING_SPECIFIC_EVIDENCE
2,220 Assurance,Assurance,Vanilla,lethal_company:assurance,22,Treatement Amenity,DungeonTreatementAnemity,Custom,OWNER_ASSET_MATCHING_NO_DIRECT_LLL_CONFIG,NOT_YET_PROVEN,NO_PAIRING_SPECIFIC_EVIDENCE
2,220 Assurance,Assurance,Vanilla,lethal_company:assurance,23,Goldstay Hotel,GoldenHotel,Custom,OWNER_ASSET_MATCHING_NO_DIRECT_LLL_CONFIG,NOT_YET_PROVEN,NO_PAIRING_SPECIFIC_EVIDENCE
2,220 Assurance,Assurance,Vanilla,lethal_company:assurance,24,Lead Factory,LeadFactory,Custom,OWNER_ASSET_MATCHING_NO_DIRECT_LLL_CONFIG,NOT_YET_PROVEN,NO_PAIRING_SPECIFIC_EVIDENCE
2,220 Assurance,Assurance,Vanilla,lethal_company:assurance,25,Lantern Manor,LanternManor,Custom,OWNER_ASSET_MATCHING_NO_DIRECT_LLL_CONFIG,NOT_YET_PROVEN,NO_PAIRING_SPECIFIC_EVIDENCE
2,220 Assurance,Assurance,Vanilla,lethal_company:assurance,26,Circus Facility,CircusFacilityFlow,Custom,DIRECT_LLL_UNIVERSAL_TAG_OVERRIDE,VIABLE_EQUAL_100,ACTIVE_LLL_TAG_OVERRIDE_VANILLA_100_PLUS_ACCEPTED_NORMALIZER
2,220 Assurance,Assurance,Vanilla,lethal_company:assurance,27,Atlantean Citadel,AquaticDungeonFlow,Custom,DIRECT_LLL_UNIVERSAL_TAG_OVERRIDE,VIABLE_EQUAL_100,ACTIVE_LLL_TAG_OVERRIDE_VANILLA_100_PLUS_ACCEPTED_NORMALIZER
2,220 Assurance,Assurance,Vanilla,lethal_company:assurance,28,Deep Sewers,DeepSewersFlow,Custom,DIRECT_LLL_UNIVERSAL_TAG_OVERRIDE,VIABLE_EQUAL_100,ACTIVE_LLL_TAG_OVERRIDE_VANILLA_100_PLUS_ACCEPTED_NORMALIZER
2,220 Assurance,Assurance,Vanilla,lethal_company:assurance,29,Fractured Complex,FracturedComplexFlow,Custom,DIRECT_LLL_UNIVERSAL_TAG_OVERRIDE,VIABLE_EQUAL_100,ACTIVE_LLL_TAG_OVERRIDE_VANILLA_100_PLUS_ACCEPTED_NORMALIZER
2,220 Assurance,Assurance,Vanilla,lethal_company:assurance,30,Greenhouse,GreenhouseFlow,Custom,DIRECT_LLL_UNIVERSAL_TAG_OVERRIDE,VIABLE_EQUAL_100,ACTIVE_LLL_TAG_OVERRIDE_VANILLA_100_PLUS_ACCEPTED_NORMALIZER
2,220 Assurance,Assurance,Vanilla,lethal_company:assurance,31,Art Gallery,MuseumInteriorFlow,Custom,DIRECT_LLL_UNIVERSAL_TAG_OVERRIDE,VIABLE_EQUAL_100,ACTIVE_LLL_TAG_OVERRIDE_VANILLA_100_PLUS_ACCEPTED_NORMALIZER
2,220 Assurance,Assurance,Vanilla,lethal_company:assurance,32,Decrepit store,StoreFlow,Custom,DIRECT_LLL_UNIVERSAL_TAG_OVERRIDE,VIABLE_EQUAL_100,ACTIVE_LLL_TAG_OVERRIDE_VANILLA_100_PLUS_ACCEPTED_NORMALIZER
2,220 Assurance,Assurance,Vanilla,lethal_company:assurance,33,Expanded facility,ExpandedFacility,Custom,DIRECT_LLL_UNIVERSAL_TAG_OVERRIDE,VIABLE_EQUAL_100,ACTIVE_LLL_TAG_OVERRIDE_VANILLA_100_PLUS_ACCEPTED_NORMALIZER
2,220 Assurance,Assurance,Vanilla,lethal_company:assurance,34,Expanded Mineshaft,Level3ButCoolFlow,Custom,DIRECT_LLL_UNIVERSAL_TAG_OVERRIDE,VIABLE_EQUAL_100,ACTIVE_LLL_TAG_OVERRIDE_VANILLA_100_PLUS_ACCEPTED_NORMALIZER
2,220 Assurance,Assurance,Vanilla,lethal_company:assurance,35,Grand Armory,GrandArmoryFlow,Custom,DIRECT_LLL_UNIVERSAL_TAG_OVERRIDE,VIABLE_EQUAL_100,ACTIVE_LLL_TAG_OVERRIDE_VANILLA_100_PLUS_ACCEPTED_NORMALIZER
2,220 Assurance,Assurance,Vanilla,lethal_company:assurance,36,Spooky manor,SpookyManorFlow,Custom,DIRECT_LLL_UNIVERSAL_TAG_OVERRIDE,VIABLE_EQUAL_100,ACTIVE_LLL_TAG_OVERRIDE_VANILLA_100_PLUS_ACCEPTED_NORMALIZER
2,220 Assurance,Assurance,Vanilla,lethal_company:assurance,37,Mausoleum,MelanieMausoleum,Custom,OWNER_ASSET_MATCHING_NO_DIRECT_LLL_CONFIG,NOT_YET_PROVEN,NO_PAIRING_SPECIFIC_EVIDENCE
2,220 Assurance,Assurance,Vanilla,lethal_company:assurance,38,Museum,MelanieMuseum,Custom,OWNER_ASSET_MATCHING_NO_DIRECT_LLL_CONFIG,NOT_YET_PROVEN,NO_PAIRING_SPECIFIC_EVIDENCE
2,220 Assurance,Assurance,Vanilla,lethal_company:assurance,39,Raven Manor,RavenFlow,Custom,OWNER_ASSET_MATCHING_NO_DIRECT_LLL_CONFIG,NOT_YET_PROVEN,NO_PAIRING_SPECIFIC_EVIDENCE
2,220 Assurance,Assurance,Vanilla,lethal_company:assurance,40,ScoopyCastle,CastleFlow,Custom,DIRECT_LLL_UNIVERSAL_TAG_OVERRIDE,VIABLE_EQUAL_100,ACTIVE_LLL_TAG_OVERRIDE_VANILLA_100_PLUS_ACCEPTED_NORMALIZER
2,220 Assurance,Assurance,Vanilla,lethal_company:assurance,41,Shatteredrooms,shatteredrooms,Custom,OWNER_ASSET_MATCHING_NO_DIRECT_LLL_CONFIG,NOT_YET_PROVEN,NO_PAIRING_SPECIFIC_EVIDENCE
2,220 Assurance,Assurance,Vanilla,lethal_company:assurance,42,Slaughterhouse,SlaughterhouseFlow,Custom,DIRECT_LLL_UNIVERSAL_TAG_OVERRIDE,VIABLE_EQUAL_100,ACTIVE_LLL_TAG_OVERRIDE_VANILLA_100_PLUS_ACCEPTED_NORMALIZER
2,220 Assurance,Assurance,Vanilla,lethal_company:assurance,43,Spelunkers Caverns (Random),Spelunk_RandomFlow,Custom,OWNER_ASSET_MATCHING_NO_DIRECT_LLL_CONFIG,NOT_YET_PROVEN,NO_PAIRING_SPECIFIC_EVIDENCE
2,220 Assurance,Assurance,Vanilla,lethal_company:assurance,44,Spelunkers Caverns (Basic),Spelunk_BasicFlow,Custom,OWNER_ASSET_MATCHING_NO_DIRECT_LLL_CONFIG,NOT_YET_PROVEN,NO_PAIRING_SPECIFIC_EVIDENCE
2,220 Assurance,Assurance,Vanilla,lethal_company:assurance,45,Spelunkers Caverns (Crystal),Spelunk_CrystalFlow,Custom,OWNER_ASSET_MATCHING_NO_DIRECT_LLL_CONFIG,NOT_YET_PROVEN,NO_PAIRING_SPECIFIC_EVIDENCE
2,220 Assurance,Assurance,Vanilla,lethal_company:assurance,46,Spelunkers Caverns (Frozen),Spelunk_FrozenFlow,Custom,OWNER_ASSET_MATCHING_NO_DIRECT_LLL_CONFIG,NOT_YET_PROVEN,NO_PAIRING_SPECIFIC_EVIDENCE
2,220 Assurance,Assurance,Vanilla,lethal_company:assurance,47,Spelunkers Caverns (Magmatic),Spelunk_MagmaFlow,Custom,OWNER_ASSET_MATCHING_NO_DIRECT_LLL_CONFIG,NOT_YET_PROVEN,NO_PAIRING_SPECIFIC_EVIDENCE
2,220 Assurance,Assurance,Vanilla,lethal_company:assurance,48,Spelunkers Caverns (Overgrown),Spelunk_OvergrownFlow,Custom,OWNER_ASSET_MATCHING_NO_DIRECT_LLL_CONFIG,NOT_YET_PROVEN,NO_PAIRING_SPECIFIC_EVIDENCE
2,220 Assurance,Assurance,Vanilla,lethal_company:assurance,49,Storage Complex,StorageComplex,Custom,DIRECT_LLL_UNIVERSAL_TAG_OVERRIDE,VIABLE_EQUAL_100,ACTIVE_LLL_TAG_OVERRIDE_VANILLA_100_PLUS_ACCEPTED_NORMALIZER
2,220 Assurance,Assurance,Vanilla,lethal_company:assurance,50,Studio Floor,StudioFlow,Custom,OWNER_ASSET_MATCHING_NO_DIRECT_LLL_CONFIG,NOT_YET_PROVEN,NO_PAIRING_SPECIFIC_EVIDENCE
2,220 Assurance,Assurance,Vanilla,lethal_company:assurance,51,Sub Systems,SubSysFlow,Custom,OWNER_ASSET_MATCHING_NO_DIRECT_LLL_CONFIG,NOT_YET_PROVEN,NO_PAIRING_SPECIFIC_EVIDENCE
2,220 Assurance,Assurance,Vanilla,lethal_company:assurance,52,Rubber Rooms,RubberRoomsFlow,Custom,DIRECT_LLL_UNIVERSAL_TAG_OVERRIDE,VIABLE_EQUAL_100,ACTIVE_LLL_TAG_OVERRIDE_VANILLA_100_PLUS_ACCEPTED_NORMALIZER
2,220 Assurance,Assurance,Vanilla,lethal_company:assurance,53,Toy Store,ToystoreFlow,Custom,DIRECT_LLL_UNIVERSAL_TAG_OVERRIDE,VIABLE_EQUAL_100,ACTIVE_LLL_TAG_OVERRIDE_VANILLA_100_PLUS_ACCEPTED_NORMALIZER
3,56 Vow,Vow,Vanilla,lethal_company:vow,1,Facility,Level1Flow,Vanilla,VANILLA_NATIVE_LLL_MATCHING,NOT_YET_PROVEN,NO_PAIRING_SPECIFIC_EVIDENCE
3,56 Vow,Vow,Vanilla,lethal_company:vow,2,Haunted Mansion,Level2Flow,Vanilla,VANILLA_NATIVE_LLL_MATCHING,NOT_YET_PROVEN,NO_PAIRING_SPECIFIC_EVIDENCE
3,56 Vow,Vow,Vanilla,lethal_company:vow,3,Mineshaft,Level3Flow,Vanilla,VANILLA_NATIVE_LLL_MATCHING,NOT_YET_PROVEN,NO_PAIRING_SPECIFIC_EVIDENCE
3,56 Vow,Vow,Vanilla,lethal_company:vow,4,Black Mesa,Black Mesa,External,DAWNLIB_NATIVE_BLACK_MESA_WEIGHT_RULE,VIABLE_EQUAL_100,BLACK_MESA_NATIVE_DAWNLIB_VANILLA_100_PLUS_ACCEPTED_NORMALIZER
3,56 Vow,Vow,Vanilla,lethal_company:vow,5,Abandoned Foundry,FoundryFlow,Custom,OWNER_ASSET_MATCHING_NO_DIRECT_LLL_CONFIG,NOT_YET_PROVEN,NO_PAIRING_SPECIFIC_EVIDENCE
3,56 Vow,Vow,Vanilla,lethal_company:vow,6,ACF Site,ResearchStationFlow,Custom,OWNER_ASSET_MATCHING_NO_DIRECT_LLL_CONFIG,NOT_YET_PROVEN,NO_PAIRING_SPECIFIC_EVIDENCE
3,56 Vow,Vow,Vanilla,lethal_company:vow,7,DeepcoreMines,deepmines,Custom,OWNER_ASSET_MATCHING_NO_DIRECT_LLL_CONFIG,NOT_YET_PROVEN,NO_PAIRING_SPECIFIC_EVIDENCE
3,56 Vow,Vow,Vanilla,lethal_company:vow,8,LiminalHouse,LiminalHouseFlow,Custom,OWNER_ASSET_MATCHING_NO_DIRECT_LLL_CONFIG,NOT_YET_PROVEN,NO_PAIRING_SPECIFIC_EVIDENCE
3,56 Vow,Vow,Vanilla,lethal_company:vow,9,Supermarket,Supermarket,Custom,OWNER_ASSET_MATCHING_NO_DIRECT_LLL_CONFIG,NOT_YET_PROVEN,NO_PAIRING_SPECIFIC_EVIDENCE
3,56 Vow,Vow,Vanilla,lethal_company:vow,10,Bunker,BunkerFlow,Custom,DIRECT_LLL_UNIVERSAL_TAG_OVERRIDE,VIABLE_EQUAL_100,ACTIVE_LLL_TAG_OVERRIDE_VANILLA_100_PLUS_ACCEPTED_NORMALIZER
3,56 Vow,Vow,Vanilla,lethal_company:vow,11,Drains,DrainsFlow,Custom,DIRECT_LLL_UNIVERSAL_TAG_OVERRIDE,VIABLE_EQUAL_100,ACTIVE_LLL_TAG_OVERRIDE_VANILLA_100_PLUS_ACCEPTED_NORMALIZER
3,56 Vow,Vow,Vanilla,lethal_company:vow,12,Substation,SubstationFlow,Custom,DIRECT_LLL_UNIVERSAL_TAG_OVERRIDE,VIABLE_EQUAL_100,ACTIVE_LLL_TAG_OVERRIDE_VANILLA_100_PLUS_ACCEPTED_NORMALIZER
3,56 Vow,Vow,Vanilla,lethal_company:vow,13,Liminal Facility,BackroomsFlow,Custom,DIRECT_LLL_UNIVERSAL_TAG_OVERRIDE,VIABLE_EQUAL_100,ACTIVE_LLL_TAG_OVERRIDE_VANILLA_100_PLUS_ACCEPTED_NORMALIZER
3,56 Vow,Vow,Vanilla,lethal_company:vow,14,Storehouse,SHFlow,Custom,DIRECT_LLL_UNIVERSAL_TAG_OVERRIDE,VIABLE_EQUAL_100,ACTIVE_LLL_TAG_OVERRIDE_VANILLA_100_PLUS_ACCEPTED_NORMALIZER
3,56 Vow,Vow,Vanilla,lethal_company:vow,15,Tower,TowerFlow,Custom,DIRECT_LLL_UNIVERSAL_TAG_OVERRIDE,VIABLE_EQUAL_100,ACTIVE_LLL_TAG_OVERRIDE_VANILLA_100_PLUS_ACCEPTED_NORMALIZER
3,56 Vow,Vow,Vanilla,lethal_company:vow,16,Gray Apartments,GrayApartmentsFlow,Custom,OWNER_ASSET_MATCHING_NO_DIRECT_LLL_CONFIG,NOT_YET_PROVEN,NO_PAIRING_SPECIFIC_EVIDENCE
3,56 Vow,Vow,Vanilla,lethal_company:vow,17,Zeranos Gray Apartments,GrayApartmentsFlowZ,Custom,OWNER_ASSET_MATCHING_NO_DIRECT_LLL_CONFIG,NOT_YET_PROVEN,NO_PAIRING_SPECIFIC_EVIDENCE
3,56 Vow,Vow,Vanilla,lethal_company:vow,18,junkrooms,junkrooms,Custom,OWNER_ASSET_MATCHING_NO_DIRECT_LLL_CONFIG,NOT_YET_PROVEN,NO_PAIRING_SPECIFIC_EVIDENCE
3,56 Vow,Vow,Vanilla,lethal_company:vow,19,LC Office,OfficeDungeonFlow,Custom,OWNER_ASSET_MATCHING_NO_DIRECT_LLL_CONFIG,NOT_YET_PROVEN,NO_PAIRING_SPECIFIC_EVIDENCE
3,56 Vow,Vow,Vanilla,lethal_company:vow,20,Belleville Appartements,BellevilleApp,Custom,OWNER_ASSET_MATCHING_NO_DIRECT_LLL_CONFIG,NOT_YET_PROVEN,NO_PAIRING_SPECIFIC_EVIDENCE
3,56 Vow,Vow,Vanilla,lethal_company:vow,21,Crimson Keep,CrimsonKeep,Custom,OWNER_ASSET_MATCHING_NO_DIRECT_LLL_CONFIG,NOT_YET_PROVEN,NO_PAIRING_SPECIFIC_EVIDENCE
3,56 Vow,Vow,Vanilla,lethal_company:vow,22,Treatement Amenity,DungeonTreatementAnemity,Custom,OWNER_ASSET_MATCHING_NO_DIRECT_LLL_CONFIG,NOT_YET_PROVEN,NO_PAIRING_SPECIFIC_EVIDENCE
3,56 Vow,Vow,Vanilla,lethal_company:vow,23,Goldstay Hotel,GoldenHotel,Custom,OWNER_ASSET_MATCHING_NO_DIRECT_LLL_CONFIG,NOT_YET_PROVEN,NO_PAIRING_SPECIFIC_EVIDENCE
3,56 Vow,Vow,Vanilla,lethal_company:vow,24,Lead Factory,LeadFactory,Custom,OWNER_ASSET_MATCHING_NO_DIRECT_LLL_CONFIG,NOT_YET_PROVEN,NO_PAIRING_SPECIFIC_EVIDENCE
3,56 Vow,Vow,Vanilla,lethal_company:vow,25,Lantern Manor,LanternManor,Custom,OWNER_ASSET_MATCHING_NO_DIRECT_LLL_CONFIG,NOT_YET_PROVEN,NO_PAIRING_SPECIFIC_EVIDENCE
3,56 Vow,Vow,Vanilla,lethal_company:vow,26,Circus Facility,CircusFacilityFlow,Custom,DIRECT_LLL_UNIVERSAL_TAG_OVERRIDE,VIABLE_EQUAL_100,ACTIVE_LLL_TAG_OVERRIDE_VANILLA_100_PLUS_ACCEPTED_NORMALIZER
3,56 Vow,Vow,Vanilla,lethal_company:vow,27,Atlantean Citadel,AquaticDungeonFlow,Custom,DIRECT_LLL_UNIVERSAL_TAG_OVERRIDE,VIABLE_EQUAL_100,ACTIVE_LLL_TAG_OVERRIDE_VANILLA_100_PLUS_ACCEPTED_NORMALIZER
3,56 Vow,Vow,Vanilla,lethal_company:vow,28,Deep Sewers,DeepSewersFlow,Custom,DIRECT_LLL_UNIVERSAL_TAG_OVERRIDE,VIABLE_EQUAL_100,ACTIVE_LLL_TAG_OVERRIDE_VANILLA_100_PLUS_ACCEPTED_NORMALIZER
3,56 Vow,Vow,Vanilla,lethal_company:vow,29,Fractured Complex,FracturedComplexFlow,Custom,DIRECT_LLL_UNIVERSAL_TAG_OVERRIDE,VIABLE_EQUAL_100,ACTIVE_LLL_TAG_OVERRIDE_VANILLA_100_PLUS_ACCEPTED_NORMALIZER
3,56 Vow,Vow,Vanilla,lethal_company:vow,30,Greenhouse,GreenhouseFlow,Custom,DIRECT_LLL_UNIVERSAL_TAG_OVERRIDE,VIABLE_EQUAL_100,ACTIVE_LLL_TAG_OVERRIDE_VANILLA_100_PLUS_ACCEPTED_NORMALIZER
3,56 Vow,Vow,Vanilla,lethal_company:vow,31,Art Gallery,MuseumInteriorFlow,Custom,DIRECT_LLL_UNIVERSAL_TAG_OVERRIDE,VIABLE_EQUAL_100,ACTIVE_LLL_TAG_OVERRIDE_VANILLA_100_PLUS_ACCEPTED_NORMALIZER
3,56 Vow,Vow,Vanilla,lethal_company:vow,32,Decrepit store,StoreFlow,Custom,DIRECT_LLL_UNIVERSAL_TAG_OVERRIDE,VIABLE_EQUAL_100,ACTIVE_LLL_TAG_OVERRIDE_VANILLA_100_PLUS_ACCEPTED_NORMALIZER
3,56 Vow,Vow,Vanilla,lethal_company:vow,33,Expanded facility,ExpandedFacility,Custom,DIRECT_LLL_UNIVERSAL_TAG_OVERRIDE,VIABLE_EQUAL_100,ACTIVE_LLL_TAG_OVERRIDE_VANILLA_100_PLUS_ACCEPTED_NORMALIZER
3,56 Vow,Vow,Vanilla,lethal_company:vow,34,Expanded Mineshaft,Level3ButCoolFlow,Custom,DIRECT_LLL_UNIVERSAL_TAG_OVERRIDE,VIABLE_EQUAL_100,ACTIVE_LLL_TAG_OVERRIDE_VANILLA_100_PLUS_ACCEPTED_NORMALIZER
3,56 Vow,Vow,Vanilla,lethal_company:vow,35,Grand Armory,GrandArmoryFlow,Custom,DIRECT_LLL_UNIVERSAL_TAG_OVERRIDE,VIABLE_EQUAL_100,ACTIVE_LLL_TAG_OVERRIDE_VANILLA_100_PLUS_ACCEPTED_NORMALIZER
3,56 Vow,Vow,Vanilla,lethal_company:vow,36,Spooky manor,SpookyManorFlow,Custom,DIRECT_LLL_UNIVERSAL_TAG_OVERRIDE,VIABLE_EQUAL_100,ACTIVE_LLL_TAG_OVERRIDE_VANILLA_100_PLUS_ACCEPTED_NORMALIZER
3,56 Vow,Vow,Vanilla,lethal_company:vow,37,Mausoleum,MelanieMausoleum,Custom,OWNER_ASSET_MATCHING_NO_DIRECT_LLL_CONFIG,NOT_YET_PROVEN,NO_PAIRING_SPECIFIC_EVIDENCE
3,56 Vow,Vow,Vanilla,lethal_company:vow,38,Museum,MelanieMuseum,Custom,OWNER_ASSET_MATCHING_NO_DIRECT_LLL_CONFIG,NOT_YET_PROVEN,NO_PAIRING_SPECIFIC_EVIDENCE
3,56 Vow,Vow,Vanilla,lethal_company:vow,39,Raven Manor,RavenFlow,Custom,OWNER_ASSET_MATCHING_NO_DIRECT_LLL_CONFIG,NOT_YET_PROVEN,NO_PAIRING_SPECIFIC_EVIDENCE
3,56 Vow,Vow,Vanilla,lethal_company:vow,40,ScoopyCastle,CastleFlow,Custom,DIRECT_LLL_UNIVERSAL_TAG_OVERRIDE,VIABLE_EQUAL_100,ACTIVE_LLL_TAG_OVERRIDE_VANILLA_100_PLUS_ACCEPTED_NORMALIZER
3,56 Vow,Vow,Vanilla,lethal_company:vow,41,Shatteredrooms,shatteredrooms,Custom,OWNER_ASSET_MATCHING_NO_DIRECT_LLL_CONFIG,NOT_YET_PROVEN,NO_PAIRING_SPECIFIC_EVIDENCE
3,56 Vow,Vow,Vanilla,lethal_company:vow,42,Slaughterhouse,SlaughterhouseFlow,Custom,DIRECT_LLL_UNIVERSAL_TAG_OVERRIDE,VIABLE_EQUAL_100,ACTIVE_LLL_TAG_OVERRIDE_VANILLA_100_PLUS_ACCEPTED_NORMALIZER
3,56 Vow,Vow,Vanilla,lethal_company:vow,43,Spelunkers Caverns (Random),Spelunk_RandomFlow,Custom,OWNER_ASSET_MATCHING_NO_DIRECT_LLL_CONFIG,NOT_YET_PROVEN,NO_PAIRING_SPECIFIC_EVIDENCE
3,56 Vow,Vow,Vanilla,lethal_company:vow,44,Spelunkers Caverns (Basic),Spelunk_BasicFlow,Custom,OWNER_ASSET_MATCHING_NO_DIRECT_LLL_CONFIG,NOT_YET_PROVEN,NO_PAIRING_SPECIFIC_EVIDENCE
3,56 Vow,Vow,Vanilla,lethal_company:vow,45,Spelunkers Caverns (Crystal),Spelunk_CrystalFlow,Custom,OWNER_ASSET_MATCHING_NO_DIRECT_LLL_CONFIG,NOT_YET_PROVEN,NO_PAIRING_SPECIFIC_EVIDENCE
3,56 Vow,Vow,Vanilla,lethal_company:vow,46,Spelunkers Caverns (Frozen),Spelunk_FrozenFlow,Custom,OWNER_ASSET_MATCHING_NO_DIRECT_LLL_CONFIG,NOT_YET_PROVEN,NO_PAIRING_SPECIFIC_EVIDENCE
3,56 Vow,Vow,Vanilla,lethal_company:vow,47,Spelunkers Caverns (Magmatic),Spelunk_MagmaFlow,Custom,OWNER_ASSET_MATCHING_NO_DIRECT_LLL_CONFIG,NOT_YET_PROVEN,NO_PAIRING_SPECIFIC_EVIDENCE
3,56 Vow,Vow,Vanilla,lethal_company:vow,48,Spelunkers Caverns (Overgrown),Spelunk_OvergrownFlow,Custom,OWNER_ASSET_MATCHING_NO_DIRECT_LLL_CONFIG,NOT_YET_PROVEN,NO_PAIRING_SPECIFIC_EVIDENCE
3,56 Vow,Vow,Vanilla,lethal_company:vow,49,Storage Complex,StorageComplex,Custom,DIRECT_LLL_UNIVERSAL_TAG_OVERRIDE,VIABLE_EQUAL_100,ACTIVE_LLL_TAG_OVERRIDE_VANILLA_100_PLUS_ACCEPTED_NORMALIZER
3,56 Vow,Vow,Vanilla,lethal_company:vow,50,Studio Floor,StudioFlow,Custom,OWNER_ASSET_MATCHING_NO_DIRECT_LLL_CONFIG,NOT_YET_PROVEN,NO_PAIRING_SPECIFIC_EVIDENCE
3,56 Vow,Vow,Vanilla,lethal_company:vow,51,Sub Systems,SubSysFlow,Custom,OWNER_ASSET_MATCHING_NO_DIRECT_LLL_CONFIG,NOT_YET_PROVEN,NO_PAIRING_SPECIFIC_EVIDENCE
3,56 Vow,Vow,Vanilla,lethal_company:vow,52,Rubber Rooms,RubberRoomsFlow,Custom,DIRECT_LLL_UNIVERSAL_TAG_OVERRIDE,VIABLE_EQUAL_100,ACTIVE_LLL_TAG_OVERRIDE_VANILLA_100_PLUS_ACCEPTED_NORMALIZER
3,56 Vow,Vow,Vanilla,lethal_company:vow,53,Toy Store,ToystoreFlow,Custom,DIRECT_LLL_UNIVERSAL_TAG_OVERRIDE,VIABLE_EQUAL_100,ACTIVE_LLL_TAG_OVERRIDE_VANILLA_100_PLUS_ACCEPTED_NORMALIZER
5,61 March,March,Vanilla,lethal_company:march,1,Facility,Level1Flow,Vanilla,VANILLA_NATIVE_LLL_MATCHING,NOT_YET_PROVEN,NO_PAIRING_SPECIFIC_EVIDENCE
5,61 March,March,Vanilla,lethal_company:march,2,Haunted Mansion,Level2Flow,Vanilla,VANILLA_NATIVE_LLL_MATCHING,NOT_YET_PROVEN,NO_PAIRING_SPECIFIC_EVIDENCE
5,61 March,March,Vanilla,lethal_company:march,3,Mineshaft,Level3Flow,Vanilla,VANILLA_NATIVE_LLL_MATCHING,NOT_YET_PROVEN,NO_PAIRING_SPECIFIC_EVIDENCE
5,61 March,March,Vanilla,lethal_company:march,4,Black Mesa,Black Mesa,External,DAWNLIB_NATIVE_BLACK_MESA_WEIGHT_RULE,VIABLE_EQUAL_100,BLACK_MESA_NATIVE_DAWNLIB_VANILLA_100_PLUS_ACCEPTED_NORMALIZER
5,61 March,March,Vanilla,lethal_company:march,5,Abandoned Foundry,FoundryFlow,Custom,OWNER_ASSET_MATCHING_NO_DIRECT_LLL_CONFIG,NOT_YET_PROVEN,NO_PAIRING_SPECIFIC_EVIDENCE
5,61 March,March,Vanilla,lethal_company:march,6,ACF Site,ResearchStationFlow,Custom,OWNER_ASSET_MATCHING_NO_DIRECT_LLL_CONFIG,NOT_YET_PROVEN,NO_PAIRING_SPECIFIC_EVIDENCE
5,61 March,March,Vanilla,lethal_company:march,7,DeepcoreMines,deepmines,Custom,OWNER_ASSET_MATCHING_NO_DIRECT_LLL_CONFIG,NOT_YET_PROVEN,NO_PAIRING_SPECIFIC_EVIDENCE
5,61 March,March,Vanilla,lethal_company:march,8,LiminalHouse,LiminalHouseFlow,Custom,OWNER_ASSET_MATCHING_NO_DIRECT_LLL_CONFIG,NOT_YET_PROVEN,NO_PAIRING_SPECIFIC_EVIDENCE
5,61 March,March,Vanilla,lethal_company:march,9,Supermarket,Supermarket,Custom,OWNER_ASSET_MATCHING_NO_DIRECT_LLL_CONFIG,NOT_YET_PROVEN,NO_PAIRING_SPECIFIC_EVIDENCE
5,61 March,March,Vanilla,lethal_company:march,10,Bunker,BunkerFlow,Custom,DIRECT_LLL_UNIVERSAL_TAG_OVERRIDE,VIABLE_EQUAL_100,ACTIVE_LLL_TAG_OVERRIDE_VANILLA_100_PLUS_ACCEPTED_NORMALIZER
5,61 March,March,Vanilla,lethal_company:march,11,Drains,DrainsFlow,Custom,DIRECT_LLL_UNIVERSAL_TAG_OVERRIDE,VIABLE_EQUAL_100,ACTIVE_LLL_TAG_OVERRIDE_VANILLA_100_PLUS_ACCEPTED_NORMALIZER
5,61 March,March,Vanilla,lethal_company:march,12,Substation,SubstationFlow,Custom,DIRECT_LLL_UNIVERSAL_TAG_OVERRIDE,VIABLE_EQUAL_100,ACTIVE_LLL_TAG_OVERRIDE_VANILLA_100_PLUS_ACCEPTED_NORMALIZER
5,61 March,March,Vanilla,lethal_company:march,13,Liminal Facility,BackroomsFlow,Custom,DIRECT_LLL_UNIVERSAL_TAG_OVERRIDE,VIABLE_EQUAL_100,ACTIVE_LLL_TAG_OVERRIDE_VANILLA_100_PLUS_ACCEPTED_NORMALIZER
5,61 March,March,Vanilla,lethal_company:march,14,Storehouse,SHFlow,Custom,DIRECT_LLL_UNIVERSAL_TAG_OVERRIDE,VIABLE_EQUAL_100,ACTIVE_LLL_TAG_OVERRIDE_VANILLA_100_PLUS_ACCEPTED_NORMALIZER
5,61 March,March,Vanilla,lethal_company:march,15,Tower,TowerFlow,Custom,DIRECT_LLL_UNIVERSAL_TAG_OVERRIDE,VIABLE_EQUAL_100,ACTIVE_LLL_TAG_OVERRIDE_VANILLA_100_PLUS_ACCEPTED_NORMALIZER
5,61 March,March,Vanilla,lethal_company:march,16,Gray Apartments,GrayApartmentsFlow,Custom,OWNER_ASSET_MATCHING_NO_DIRECT_LLL_CONFIG,NOT_YET_PROVEN,NO_PAIRING_SPECIFIC_EVIDENCE
5,61 March,March,Vanilla,lethal_company:march,17,Zeranos Gray Apartments,GrayApartmentsFlowZ,Custom,OWNER_ASSET_MATCHING_NO_DIRECT_LLL_CONFIG,NOT_YET_PROVEN,NO_PAIRING_SPECIFIC_EVIDENCE
5,61 March,March,Vanilla,lethal_company:march,18,junkrooms,junkrooms,Custom,OWNER_ASSET_MATCHING_NO_DIRECT_LLL_CONFIG,NOT_YET_PROVEN,NO_PAIRING_SPECIFIC_EVIDENCE
5,61 March,March,Vanilla,lethal_company:march,19,LC Office,OfficeDungeonFlow,Custom,OWNER_ASSET_MATCHING_NO_DIRECT_LLL_CONFIG,NOT_YET_PROVEN,NO_PAIRING_SPECIFIC_EVIDENCE
5,61 March,March,Vanilla,lethal_company:march,20,Belleville Appartements,BellevilleApp,Custom,OWNER_ASSET_MATCHING_NO_DIRECT_LLL_CONFIG,NOT_YET_PROVEN,NO_PAIRING_SPECIFIC_EVIDENCE
5,61 March,March,Vanilla,lethal_company:march,21,Crimson Keep,CrimsonKeep,Custom,OWNER_ASSET_MATCHING_NO_DIRECT_LLL_CONFIG,NOT_YET_PROVEN,NO_PAIRING_SPECIFIC_EVIDENCE
5,61 March,March,Vanilla,lethal_company:march,22,Treatement Amenity,DungeonTreatementAnemity,Custom,OWNER_ASSET_MATCHING_NO_DIRECT_LLL_CONFIG,NOT_YET_PROVEN,NO_PAIRING_SPECIFIC_EVIDENCE
5,61 March,March,Vanilla,lethal_company:march,23,Goldstay Hotel,GoldenHotel,Custom,OWNER_ASSET_MATCHING_NO_DIRECT_LLL_CONFIG,NOT_YET_PROVEN,NO_PAIRING_SPECIFIC_EVIDENCE
5,61 March,March,Vanilla,lethal_company:march,24,Lead Factory,LeadFactory,Custom,OWNER_ASSET_MATCHING_NO_DIRECT_LLL_CONFIG,NOT_YET_PROVEN,NO_PAIRING_SPECIFIC_EVIDENCE
5,61 March,March,Vanilla,lethal_company:march,25,Lantern Manor,LanternManor,Custom,OWNER_ASSET_MATCHING_NO_DIRECT_LLL_CONFIG,NOT_YET_PROVEN,NO_PAIRING_SPECIFIC_EVIDENCE
5,61 March,March,Vanilla,lethal_company:march,26,Circus Facility,CircusFacilityFlow,Custom,DIRECT_LLL_UNIVERSAL_TAG_OVERRIDE,VIABLE_EQUAL_100,ACTIVE_LLL_TAG_OVERRIDE_VANILLA_100_PLUS_ACCEPTED_NORMALIZER
5,61 March,March,Vanilla,lethal_company:march,27,Atlantean Citadel,AquaticDungeonFlow,Custom,DIRECT_LLL_UNIVERSAL_TAG_OVERRIDE,VIABLE_EQUAL_100,ACTIVE_LLL_TAG_OVERRIDE_VANILLA_100_PLUS_ACCEPTED_NORMALIZER
5,61 March,March,Vanilla,lethal_company:march,28,Deep Sewers,DeepSewersFlow,Custom,DIRECT_LLL_UNIVERSAL_TAG_OVERRIDE,VIABLE_EQUAL_100,ACTIVE_LLL_TAG_OVERRIDE_VANILLA_100_PLUS_ACCEPTED_NORMALIZER
5,61 March,March,Vanilla,lethal_company:march,29,Fractured Complex,FracturedComplexFlow,Custom,DIRECT_LLL_UNIVERSAL_TAG_OVERRIDE,VIABLE_EQUAL_100,ACTIVE_LLL_TAG_OVERRIDE_VANILLA_100_PLUS_ACCEPTED_NORMALIZER
5,61 March,March,Vanilla,lethal_company:march,30,Greenhouse,GreenhouseFlow,Custom,DIRECT_LLL_UNIVERSAL_TAG_OVERRIDE,VIABLE_EQUAL_100,ACTIVE_LLL_TAG_OVERRIDE_VANILLA_100_PLUS_ACCEPTED_NORMALIZER
5,61 March,March,Vanilla,lethal_company:march,31,Art Gallery,MuseumInteriorFlow,Custom,DIRECT_LLL_UNIVERSAL_TAG_OVERRIDE,VIABLE_EQUAL_100,ACTIVE_LLL_TAG_OVERRIDE_VANILLA_100_PLUS_ACCEPTED_NORMALIZER
5,61 March,March,Vanilla,lethal_company:march,32,Decrepit store,StoreFlow,Custom,DIRECT_LLL_UNIVERSAL_TAG_OVERRIDE,VIABLE_EQUAL_100,ACTIVE_LLL_TAG_OVERRIDE_VANILLA_100_PLUS_ACCEPTED_NORMALIZER
5,61 March,March,Vanilla,lethal_company:march,33,Expanded facility,ExpandedFacility,Custom,DIRECT_LLL_UNIVERSAL_TAG_OVERRIDE,VIABLE_EQUAL_100,ACTIVE_LLL_TAG_OVERRIDE_VANILLA_100_PLUS_ACCEPTED_NORMALIZER
5,61 March,March,Vanilla,lethal_company:march,34,Expanded Mineshaft,Level3ButCoolFlow,Custom,DIRECT_LLL_UNIVERSAL_TAG_OVERRIDE,VIABLE_EQUAL_100,ACTIVE_LLL_TAG_OVERRIDE_VANILLA_100_PLUS_ACCEPTED_NORMALIZER
5,61 March,March,Vanilla,lethal_company:march,35,Grand Armory,GrandArmoryFlow,Custom,DIRECT_LLL_UNIVERSAL_TAG_OVERRIDE,VIABLE_EQUAL_100,ACTIVE_LLL_TAG_OVERRIDE_VANILLA_100_PLUS_ACCEPTED_NORMALIZER
5,61 March,March,Vanilla,lethal_company:march,36,Spooky manor,SpookyManorFlow,Custom,DIRECT_LLL_UNIVERSAL_TAG_OVERRIDE,VIABLE_EQUAL_100,ACTIVE_LLL_TAG_OVERRIDE_VANILLA_100_PLUS_ACCEPTED_NORMALIZER
5,61 March,March,Vanilla,lethal_company:march,37,Mausoleum,MelanieMausoleum,Custom,OWNER_ASSET_MATCHING_NO_DIRECT_LLL_CONFIG,NOT_YET_PROVEN,NO_PAIRING_SPECIFIC_EVIDENCE
5,61 March,March,Vanilla,lethal_company:march,38,Museum,MelanieMuseum,Custom,OWNER_ASSET_MATCHING_NO_DIRECT_LLL_CONFIG,NOT_YET_PROVEN,NO_PAIRING_SPECIFIC_EVIDENCE
5,61 March,March,Vanilla,lethal_company:march,39,Raven Manor,RavenFlow,Custom,OWNER_ASSET_MATCHING_NO_DIRECT_LLL_CONFIG,NOT_YET_PROVEN,NO_PAIRING_SPECIFIC_EVIDENCE
5,61 March,March,Vanilla,lethal_company:march,40,ScoopyCastle,CastleFlow,Custom,DIRECT_LLL_UNIVERSAL_TAG_OVERRIDE,VIABLE_EQUAL_100,ACTIVE_LLL_TAG_OVERRIDE_VANILLA_100_PLUS_ACCEPTED_NORMALIZER
5,61 March,March,Vanilla,lethal_company:march,41,Shatteredrooms,shatteredrooms,Custom,OWNER_ASSET_MATCHING_NO_DIRECT_LLL_CONFIG,NOT_YET_PROVEN,NO_PAIRING_SPECIFIC_EVIDENCE
5,61 March,March,Vanilla,lethal_company:march,42,Slaughterhouse,SlaughterhouseFlow,Custom,DIRECT_LLL_UNIVERSAL_TAG_OVERRIDE,VIABLE_EQUAL_100,ACTIVE_LLL_TAG_OVERRIDE_VANILLA_100_PLUS_ACCEPTED_NORMALIZER
5,61 March,March,Vanilla,lethal_company:march,43,Spelunkers Caverns (Random),Spelunk_RandomFlow,Custom,OWNER_ASSET_MATCHING_NO_DIRECT_LLL_CONFIG,NOT_YET_PROVEN,NO_PAIRING_SPECIFIC_EVIDENCE
5,61 March,March,Vanilla,lethal_company:march,44,Spelunkers Caverns (Basic),Spelunk_BasicFlow,Custom,OWNER_ASSET_MATCHING_NO_DIRECT_LLL_CONFIG,NOT_YET_PROVEN,NO_PAIRING_SPECIFIC_EVIDENCE
5,61 March,March,Vanilla,lethal_company:march,45,Spelunkers Caverns (Crystal),Spelunk_CrystalFlow,Custom,OWNER_ASSET_MATCHING_NO_DIRECT_LLL_CONFIG,NOT_YET_PROVEN,NO_PAIRING_SPECIFIC_EVIDENCE
5,61 March,March,Vanilla,lethal_company:march,46,Spelunkers Caverns (Frozen),Spelunk_FrozenFlow,Custom,OWNER_ASSET_MATCHING_NO_DIRECT_LLL_CONFIG,NOT_YET_PROVEN,NO_PAIRING_SPECIFIC_EVIDENCE
5,61 March,March,Vanilla,lethal_company:march,47,Spelunkers Caverns (Magmatic),Spelunk_MagmaFlow,Custom,OWNER_ASSET_MATCHING_NO_DIRECT_LLL_CONFIG,NOT_YET_PROVEN,NO_PAIRING_SPECIFIC_EVIDENCE
5,61 March,March,Vanilla,lethal_company:march,48,Spelunkers Caverns (Overgrown),Spelunk_OvergrownFlow,Custom,OWNER_ASSET_MATCHING_NO_DIRECT_LLL_CONFIG,NOT_YET_PROVEN,NO_PAIRING_SPECIFIC_EVIDENCE
5,61 March,March,Vanilla,lethal_company:march,49,Storage Complex,StorageComplex,Custom,DIRECT_LLL_UNIVERSAL_TAG_OVERRIDE,VIABLE_EQUAL_100,ACTIVE_LLL_TAG_OVERRIDE_VANILLA_100_PLUS_ACCEPTED_NORMALIZER
5,61 March,March,Vanilla,lethal_company:march,50,Studio Floor,StudioFlow,Custom,OWNER_ASSET_MATCHING_NO_DIRECT_LLL_CONFIG,NOT_YET_PROVEN,NO_PAIRING_SPECIFIC_EVIDENCE
5,61 March,March,Vanilla,lethal_company:march,51,Sub Systems,SubSysFlow,Custom,OWNER_ASSET_MATCHING_NO_DIRECT_LLL_CONFIG,NOT_YET_PROVEN,NO_PAIRING_SPECIFIC_EVIDENCE
5,61 March,March,Vanilla,lethal_company:march,52,Rubber Rooms,RubberRoomsFlow,Custom,DIRECT_LLL_UNIVERSAL_TAG_OVERRIDE,VIABLE_EQUAL_100,ACTIVE_LLL_TAG_OVERRIDE_VANILLA_100_PLUS_ACCEPTED_NORMALIZER
5,61 March,March,Vanilla,lethal_company:march,53,Toy Store,ToystoreFlow,Custom,DIRECT_LLL_UNIVERSAL_TAG_OVERRIDE,VIABLE_EQUAL_100,ACTIVE_LLL_TAG_OVERRIDE_VANILLA_100_PLUS_ACCEPTED_NORMALIZER
6,20 Adamance,Adamance,Vanilla,lethal_company:adamance,1,Facility,Level1Flow,Vanilla,VANILLA_NATIVE_LLL_MATCHING,NOT_YET_PROVEN,NO_PAIRING_SPECIFIC_EVIDENCE
6,20 Adamance,Adamance,Vanilla,lethal_company:adamance,2,Haunted Mansion,Level2Flow,Vanilla,VANILLA_NATIVE_LLL_MATCHING,NOT_YET_PROVEN,NO_PAIRING_SPECIFIC_EVIDENCE
6,20 Adamance,Adamance,Vanilla,lethal_company:adamance,3,Mineshaft,Level3Flow,Vanilla,VANILLA_NATIVE_LLL_MATCHING,NOT_YET_PROVEN,NO_PAIRING_SPECIFIC_EVIDENCE
6,20 Adamance,Adamance,Vanilla,lethal_company:adamance,4,Black Mesa,Black Mesa,External,DAWNLIB_NATIVE_BLACK_MESA_WEIGHT_RULE,VIABLE_EQUAL_100,BLACK_MESA_NATIVE_DAWNLIB_VANILLA_100_PLUS_ACCEPTED_NORMALIZER
6,20 Adamance,Adamance,Vanilla,lethal_company:adamance,5,Abandoned Foundry,FoundryFlow,Custom,OWNER_ASSET_MATCHING_NO_DIRECT_LLL_CONFIG,NOT_YET_PROVEN,NO_PAIRING_SPECIFIC_EVIDENCE
6,20 Adamance,Adamance,Vanilla,lethal_company:adamance,6,ACF Site,ResearchStationFlow,Custom,OWNER_ASSET_MATCHING_NO_DIRECT_LLL_CONFIG,NOT_YET_PROVEN,NO_PAIRING_SPECIFIC_EVIDENCE
6,20 Adamance,Adamance,Vanilla,lethal_company:adamance,7,DeepcoreMines,deepmines,Custom,OWNER_ASSET_MATCHING_NO_DIRECT_LLL_CONFIG,NOT_YET_PROVEN,NO_PAIRING_SPECIFIC_EVIDENCE
6,20 Adamance,Adamance,Vanilla,lethal_company:adamance,8,LiminalHouse,LiminalHouseFlow,Custom,OWNER_ASSET_MATCHING_NO_DIRECT_LLL_CONFIG,NOT_YET_PROVEN,NO_PAIRING_SPECIFIC_EVIDENCE
6,20 Adamance,Adamance,Vanilla,lethal_company:adamance,9,Supermarket,Supermarket,Custom,OWNER_ASSET_MATCHING_NO_DIRECT_LLL_CONFIG,NOT_YET_PROVEN,NO_PAIRING_SPECIFIC_EVIDENCE
6,20 Adamance,Adamance,Vanilla,lethal_company:adamance,10,Bunker,BunkerFlow,Custom,DIRECT_LLL_UNIVERSAL_TAG_OVERRIDE,VIABLE_EQUAL_100,ACTIVE_LLL_TAG_OVERRIDE_VANILLA_100_PLUS_ACCEPTED_NORMALIZER
6,20 Adamance,Adamance,Vanilla,lethal_company:adamance,11,Drains,DrainsFlow,Custom,DIRECT_LLL_UNIVERSAL_TAG_OVERRIDE,VIABLE_EQUAL_100,ACTIVE_LLL_TAG_OVERRIDE_VANILLA_100_PLUS_ACCEPTED_NORMALIZER
6,20 Adamance,Adamance,Vanilla,lethal_company:adamance,12,Substation,SubstationFlow,Custom,DIRECT_LLL_UNIVERSAL_TAG_OVERRIDE,VIABLE_EQUAL_100,ACTIVE_LLL_TAG_OVERRIDE_VANILLA_100_PLUS_ACCEPTED_NORMALIZER
6,20 Adamance,Adamance,Vanilla,lethal_company:adamance,13,Liminal Facility,BackroomsFlow,Custom,DIRECT_LLL_UNIVERSAL_TAG_OVERRIDE,VIABLE_EQUAL_100,ACTIVE_LLL_TAG_OVERRIDE_VANILLA_100_PLUS_ACCEPTED_NORMALIZER
6,20 Adamance,Adamance,Vanilla,lethal_company:adamance,14,Storehouse,SHFlow,Custom,DIRECT_LLL_UNIVERSAL_TAG_OVERRIDE,VIABLE_EQUAL_100,ACTIVE_LLL_TAG_OVERRIDE_VANILLA_100_PLUS_ACCEPTED_NORMALIZER
6,20 Adamance,Adamance,Vanilla,lethal_company:adamance,15,Tower,TowerFlow,Custom,DIRECT_LLL_UNIVERSAL_TAG_OVERRIDE,VIABLE_EQUAL_100,ACTIVE_LLL_TAG_OVERRIDE_VANILLA_100_PLUS_ACCEPTED_NORMALIZER
6,20 Adamance,Adamance,Vanilla,lethal_company:adamance,16,Gray Apartments,GrayApartmentsFlow,Custom,OWNER_ASSET_MATCHING_NO_DIRECT_LLL_CONFIG,NOT_YET_PROVEN,NO_PAIRING_SPECIFIC_EVIDENCE
6,20 Adamance,Adamance,Vanilla,lethal_company:adamance,17,Zeranos Gray Apartments,GrayApartmentsFlowZ,Custom,OWNER_ASSET_MATCHING_NO_DIRECT_LLL_CONFIG,NOT_YET_PROVEN,NO_PAIRING_SPECIFIC_EVIDENCE
6,20 Adamance,Adamance,Vanilla,lethal_company:adamance,18,junkrooms,junkrooms,Custom,OWNER_ASSET_MATCHING_NO_DIRECT_LLL_CONFIG,NOT_YET_PROVEN,NO_PAIRING_SPECIFIC_EVIDENCE
6,20 Adamance,Adamance,Vanilla,lethal_company:adamance,19,LC Office,OfficeDungeonFlow,Custom,OWNER_ASSET_MATCHING_NO_DIRECT_LLL_CONFIG,NOT_YET_PROVEN,NO_PAIRING_SPECIFIC_EVIDENCE
6,20 Adamance,Adamance,Vanilla,lethal_company:adamance,20,Belleville Appartements,BellevilleApp,Custom,OWNER_ASSET_MATCHING_NO_DIRECT_LLL_CONFIG,NOT_YET_PROVEN,NO_PAIRING_SPECIFIC_EVIDENCE
6,20 Adamance,Adamance,Vanilla,lethal_company:adamance,21,Crimson Keep,CrimsonKeep,Custom,OWNER_ASSET_MATCHING_NO_DIRECT_LLL_CONFIG,NOT_YET_PROVEN,NO_PAIRING_SPECIFIC_EVIDENCE
6,20 Adamance,Adamance,Vanilla,lethal_company:adamance,22,Treatement Amenity,DungeonTreatementAnemity,Custom,OWNER_ASSET_MATCHING_NO_DIRECT_LLL_CONFIG,NOT_YET_PROVEN,NO_PAIRING_SPECIFIC_EVIDENCE
6,20 Adamance,Adamance,Vanilla,lethal_company:adamance,23,Goldstay Hotel,GoldenHotel,Custom,OWNER_ASSET_MATCHING_NO_DIRECT_LLL_CONFIG,NOT_YET_PROVEN,NO_PAIRING_SPECIFIC_EVIDENCE
6,20 Adamance,Adamance,Vanilla,lethal_company:adamance,24,Lead Factory,LeadFactory,Custom,OWNER_ASSET_MATCHING_NO_DIRECT_LLL_CONFIG,NOT_YET_PROVEN,NO_PAIRING_SPECIFIC_EVIDENCE
6,20 Adamance,Adamance,Vanilla,lethal_company:adamance,25,Lantern Manor,LanternManor,Custom,OWNER_ASSET_MATCHING_NO_DIRECT_LLL_CONFIG,NOT_YET_PROVEN,NO_PAIRING_SPECIFIC_EVIDENCE
6,20 Adamance,Adamance,Vanilla,lethal_company:adamance,26,Circus Facility,CircusFacilityFlow,Custom,DIRECT_LLL_UNIVERSAL_TAG_OVERRIDE,VIABLE_EQUAL_100,ACTIVE_LLL_TAG_OVERRIDE_VANILLA_100_PLUS_ACCEPTED_NORMALIZER
6,20 Adamance,Adamance,Vanilla,lethal_company:adamance,27,Atlantean Citadel,AquaticDungeonFlow,Custom,DIRECT_LLL_UNIVERSAL_TAG_OVERRIDE,VIABLE_EQUAL_100,ACTIVE_LLL_TAG_OVERRIDE_VANILLA_100_PLUS_ACCEPTED_NORMALIZER
6,20 Adamance,Adamance,Vanilla,lethal_company:adamance,28,Deep Sewers,DeepSewersFlow,Custom,DIRECT_LLL_UNIVERSAL_TAG_OVERRIDE,VIABLE_EQUAL_100,ACTIVE_LLL_TAG_OVERRIDE_VANILLA_100_PLUS_ACCEPTED_NORMALIZER
6,20 Adamance,Adamance,Vanilla,lethal_company:adamance,29,Fractured Complex,FracturedComplexFlow,Custom,DIRECT_LLL_UNIVERSAL_TAG_OVERRIDE,VIABLE_EQUAL_100,ACTIVE_LLL_TAG_OVERRIDE_VANILLA_100_PLUS_ACCEPTED_NORMALIZER
6,20 Adamance,Adamance,Vanilla,lethal_company:adamance,30,Greenhouse,GreenhouseFlow,Custom,DIRECT_LLL_UNIVERSAL_TAG_OVERRIDE,VIABLE_EQUAL_100,ACTIVE_LLL_TAG_OVERRIDE_VANILLA_100_PLUS_ACCEPTED_NORMALIZER
6,20 Adamance,Adamance,Vanilla,lethal_company:adamance,31,Art Gallery,MuseumInteriorFlow,Custom,DIRECT_LLL_UNIVERSAL_TAG_OVERRIDE,VIABLE_EQUAL_100,ACTIVE_LLL_TAG_OVERRIDE_VANILLA_100_PLUS_ACCEPTED_NORMALIZER
6,20 Adamance,Adamance,Vanilla,lethal_company:adamance,32,Decrepit store,StoreFlow,Custom,DIRECT_LLL_UNIVERSAL_TAG_OVERRIDE,VIABLE_EQUAL_100,ACTIVE_LLL_TAG_OVERRIDE_VANILLA_100_PLUS_ACCEPTED_NORMALIZER
6,20 Adamance,Adamance,Vanilla,lethal_company:adamance,33,Expanded facility,ExpandedFacility,Custom,DIRECT_LLL_UNIVERSAL_TAG_OVERRIDE,VIABLE_EQUAL_100,ACTIVE_LLL_TAG_OVERRIDE_VANILLA_100_PLUS_ACCEPTED_NORMALIZER
6,20 Adamance,Adamance,Vanilla,lethal_company:adamance,34,Expanded Mineshaft,Level3ButCoolFlow,Custom,DIRECT_LLL_UNIVERSAL_TAG_OVERRIDE,VIABLE_EQUAL_100,ACTIVE_LLL_TAG_OVERRIDE_VANILLA_100_PLUS_ACCEPTED_NORMALIZER
6,20 Adamance,Adamance,Vanilla,lethal_company:adamance,35,Grand Armory,GrandArmoryFlow,Custom,DIRECT_LLL_UNIVERSAL_TAG_OVERRIDE,VIABLE_EQUAL_100,ACTIVE_LLL_TAG_OVERRIDE_VANILLA_100_PLUS_ACCEPTED_NORMALIZER
6,20 Adamance,Adamance,Vanilla,lethal_company:adamance,36,Spooky manor,SpookyManorFlow,Custom,DIRECT_LLL_UNIVERSAL_TAG_OVERRIDE,VIABLE_EQUAL_100,ACTIVE_LLL_TAG_OVERRIDE_VANILLA_100_PLUS_ACCEPTED_NORMALIZER
6,20 Adamance,Adamance,Vanilla,lethal_company:adamance,37,Mausoleum,MelanieMausoleum,Custom,OWNER_ASSET_MATCHING_NO_DIRECT_LLL_CONFIG,NOT_YET_PROVEN,NO_PAIRING_SPECIFIC_EVIDENCE
6,20 Adamance,Adamance,Vanilla,lethal_company:adamance,38,Museum,MelanieMuseum,Custom,OWNER_ASSET_MATCHING_NO_DIRECT_LLL_CONFIG,NOT_YET_PROVEN,NO_PAIRING_SPECIFIC_EVIDENCE
6,20 Adamance,Adamance,Vanilla,lethal_company:adamance,39,Raven Manor,RavenFlow,Custom,OWNER_ASSET_MATCHING_NO_DIRECT_LLL_CONFIG,NOT_YET_PROVEN,NO_PAIRING_SPECIFIC_EVIDENCE
6,20 Adamance,Adamance,Vanilla,lethal_company:adamance,40,ScoopyCastle,CastleFlow,Custom,DIRECT_LLL_UNIVERSAL_TAG_OVERRIDE,VIABLE_EQUAL_100,ACTIVE_LLL_TAG_OVERRIDE_VANILLA_100_PLUS_ACCEPTED_NORMALIZER
6,20 Adamance,Adamance,Vanilla,lethal_company:adamance,41,Shatteredrooms,shatteredrooms,Custom,OWNER_ASSET_MATCHING_NO_DIRECT_LLL_CONFIG,NOT_YET_PROVEN,NO_PAIRING_SPECIFIC_EVIDENCE
6,20 Adamance,Adamance,Vanilla,lethal_company:adamance,42,Slaughterhouse,SlaughterhouseFlow,Custom,DIRECT_LLL_UNIVERSAL_TAG_OVERRIDE,VIABLE_EQUAL_100,ACTIVE_LLL_TAG_OVERRIDE_VANILLA_100_PLUS_ACCEPTED_NORMALIZER
6,20 Adamance,Adamance,Vanilla,lethal_company:adamance,43,Spelunkers Caverns (Random),Spelunk_RandomFlow,Custom,OWNER_ASSET_MATCHING_NO_DIRECT_LLL_CONFIG,NOT_YET_PROVEN,NO_PAIRING_SPECIFIC_EVIDENCE
6,20 Adamance,Adamance,Vanilla,lethal_company:adamance,44,Spelunkers Caverns (Basic),Spelunk_BasicFlow,Custom,OWNER_ASSET_MATCHING_NO_DIRECT_LLL_CONFIG,NOT_YET_PROVEN,NO_PAIRING_SPECIFIC_EVIDENCE
6,20 Adamance,Adamance,Vanilla,lethal_company:adamance,45,Spelunkers Caverns (Crystal),Spelunk_CrystalFlow,Custom,OWNER_ASSET_MATCHING_NO_DIRECT_LLL_CONFIG,NOT_YET_PROVEN,NO_PAIRING_SPECIFIC_EVIDENCE
6,20 Adamance,Adamance,Vanilla,lethal_company:adamance,46,Spelunkers Caverns (Frozen),Spelunk_FrozenFlow,Custom,OWNER_ASSET_MATCHING_NO_DIRECT_LLL_CONFIG,NOT_YET_PROVEN,NO_PAIRING_SPECIFIC_EVIDENCE
6,20 Adamance,Adamance,Vanilla,lethal_company:adamance,47,Spelunkers Caverns (Magmatic),Spelunk_MagmaFlow,Custom,OWNER_ASSET_MATCHING_NO_DIRECT_LLL_CONFIG,NOT_YET_PROVEN,NO_PAIRING_SPECIFIC_EVIDENCE
6,20 Adamance,Adamance,Vanilla,lethal_company:adamance,48,Spelunkers Caverns (Overgrown),Spelunk_OvergrownFlow,Custom,OWNER_ASSET_MATCHING_NO_DIRECT_LLL_CONFIG,NOT_YET_PROVEN,NO_PAIRING_SPECIFIC_EVIDENCE
6,20 Adamance,Adamance,Vanilla,lethal_company:adamance,49,Storage Complex,StorageComplex,Custom,DIRECT_LLL_UNIVERSAL_TAG_OVERRIDE,VIABLE_EQUAL_100,ACTIVE_LLL_TAG_OVERRIDE_VANILLA_100_PLUS_ACCEPTED_NORMALIZER
6,20 Adamance,Adamance,Vanilla,lethal_company:adamance,50,Studio Floor,StudioFlow,Custom,OWNER_ASSET_MATCHING_NO_DIRECT_LLL_CONFIG,NOT_YET_PROVEN,NO_PAIRING_SPECIFIC_EVIDENCE
6,20 Adamance,Adamance,Vanilla,lethal_company:adamance,51,Sub Systems,SubSysFlow,Custom,OWNER_ASSET_MATCHING_NO_DIRECT_LLL_CONFIG,NOT_YET_PROVEN,NO_PAIRING_SPECIFIC_EVIDENCE
6,20 Adamance,Adamance,Vanilla,lethal_company:adamance,52,Rubber Rooms,RubberRoomsFlow,Custom,DIRECT_LLL_UNIVERSAL_TAG_OVERRIDE,VIABLE_EQUAL_100,ACTIVE_LLL_TAG_OVERRIDE_VANILLA_100_PLUS_ACCEPTED_NORMALIZER
6,20 Adamance,Adamance,Vanilla,lethal_company:adamance,53,Toy Store,ToystoreFlow,Custom,DIRECT_LLL_UNIVERSAL_TAG_OVERRIDE,VIABLE_EQUAL_100,ACTIVE_LLL_TAG_OVERRIDE_VANILLA_100_PLUS_ACCEPTED_NORMALIZER
7,85 Rend,Rend,Vanilla,lethal_company:rend,1,Facility,Level1Flow,Vanilla,VANILLA_NATIVE_LLL_MATCHING,NOT_YET_PROVEN,NO_PAIRING_SPECIFIC_EVIDENCE
7,85 Rend,Rend,Vanilla,lethal_company:rend,2,Haunted Mansion,Level2Flow,Vanilla,VANILLA_NATIVE_LLL_MATCHING,NOT_YET_PROVEN,NO_PAIRING_SPECIFIC_EVIDENCE
7,85 Rend,Rend,Vanilla,lethal_company:rend,3,Mineshaft,Level3Flow,Vanilla,VANILLA_NATIVE_LLL_MATCHING,NOT_YET_PROVEN,NO_PAIRING_SPECIFIC_EVIDENCE
7,85 Rend,Rend,Vanilla,lethal_company:rend,4,Black Mesa,Black Mesa,External,DAWNLIB_NATIVE_BLACK_MESA_WEIGHT_RULE,VIABLE_EQUAL_100,BLACK_MESA_NATIVE_DAWNLIB_VANILLA_100_PLUS_ACCEPTED_NORMALIZER
7,85 Rend,Rend,Vanilla,lethal_company:rend,5,Abandoned Foundry,FoundryFlow,Custom,OWNER_ASSET_MATCHING_NO_DIRECT_LLL_CONFIG,NOT_YET_PROVEN,NO_PAIRING_SPECIFIC_EVIDENCE
7,85 Rend,Rend,Vanilla,lethal_company:rend,6,ACF Site,ResearchStationFlow,Custom,OWNER_ASSET_MATCHING_NO_DIRECT_LLL_CONFIG,NOT_YET_PROVEN,NO_PAIRING_SPECIFIC_EVIDENCE
7,85 Rend,Rend,Vanilla,lethal_company:rend,7,DeepcoreMines,deepmines,Custom,OWNER_ASSET_MATCHING_NO_DIRECT_LLL_CONFIG,NOT_YET_PROVEN,NO_PAIRING_SPECIFIC_EVIDENCE
7,85 Rend,Rend,Vanilla,lethal_company:rend,8,LiminalHouse,LiminalHouseFlow,Custom,OWNER_ASSET_MATCHING_NO_DIRECT_LLL_CONFIG,NOT_YET_PROVEN,NO_PAIRING_SPECIFIC_EVIDENCE
7,85 Rend,Rend,Vanilla,lethal_company:rend,9,Supermarket,Supermarket,Custom,OWNER_ASSET_MATCHING_NO_DIRECT_LLL_CONFIG,NOT_YET_PROVEN,NO_PAIRING_SPECIFIC_EVIDENCE
7,85 Rend,Rend,Vanilla,lethal_company:rend,10,Bunker,BunkerFlow,Custom,DIRECT_LLL_UNIVERSAL_TAG_OVERRIDE,VIABLE_EQUAL_100,ACTIVE_LLL_TAG_OVERRIDE_VANILLA_100_PLUS_ACCEPTED_NORMALIZER
7,85 Rend,Rend,Vanilla,lethal_company:rend,11,Drains,DrainsFlow,Custom,DIRECT_LLL_UNIVERSAL_TAG_OVERRIDE,VIABLE_EQUAL_100,ACTIVE_LLL_TAG_OVERRIDE_VANILLA_100_PLUS_ACCEPTED_NORMALIZER
7,85 Rend,Rend,Vanilla,lethal_company:rend,12,Substation,SubstationFlow,Custom,DIRECT_LLL_UNIVERSAL_TAG_OVERRIDE,VIABLE_EQUAL_100,ACTIVE_LLL_TAG_OVERRIDE_VANILLA_100_PLUS_ACCEPTED_NORMALIZER
7,85 Rend,Rend,Vanilla,lethal_company:rend,13,Liminal Facility,BackroomsFlow,Custom,DIRECT_LLL_UNIVERSAL_TAG_OVERRIDE,VIABLE_EQUAL_100,ACTIVE_LLL_TAG_OVERRIDE_VANILLA_100_PLUS_ACCEPTED_NORMALIZER
7,85 Rend,Rend,Vanilla,lethal_company:rend,14,Storehouse,SHFlow,Custom,DIRECT_LLL_UNIVERSAL_TAG_OVERRIDE,VIABLE_EQUAL_100,ACTIVE_LLL_TAG_OVERRIDE_VANILLA_100_PLUS_ACCEPTED_NORMALIZER
7,85 Rend,Rend,Vanilla,lethal_company:rend,15,Tower,TowerFlow,Custom,DIRECT_LLL_UNIVERSAL_TAG_OVERRIDE,VIABLE_EQUAL_100,ACTIVE_LLL_TAG_OVERRIDE_VANILLA_100_PLUS_ACCEPTED_NORMALIZER
7,85 Rend,Rend,Vanilla,lethal_company:rend,16,Gray Apartments,GrayApartmentsFlow,Custom,OWNER_ASSET_MATCHING_NO_DIRECT_LLL_CONFIG,NOT_YET_PROVEN,NO_PAIRING_SPECIFIC_EVIDENCE
7,85 Rend,Rend,Vanilla,lethal_company:rend,17,Zeranos Gray Apartments,GrayApartmentsFlowZ,Custom,OWNER_ASSET_MATCHING_NO_DIRECT_LLL_CONFIG,NOT_YET_PROVEN,NO_PAIRING_SPECIFIC_EVIDENCE
7,85 Rend,Rend,Vanilla,lethal_company:rend,18,junkrooms,junkrooms,Custom,OWNER_ASSET_MATCHING_NO_DIRECT_LLL_CONFIG,NOT_YET_PROVEN,NO_PAIRING_SPECIFIC_EVIDENCE
7,85 Rend,Rend,Vanilla,lethal_company:rend,19,LC Office,OfficeDungeonFlow,Custom,OWNER_ASSET_MATCHING_NO_DIRECT_LLL_CONFIG,NOT_YET_PROVEN,NO_PAIRING_SPECIFIC_EVIDENCE
7,85 Rend,Rend,Vanilla,lethal_company:rend,20,Belleville Appartements,BellevilleApp,Custom,OWNER_ASSET_MATCHING_NO_DIRECT_LLL_CONFIG,NOT_YET_PROVEN,NO_PAIRING_SPECIFIC_EVIDENCE
7,85 Rend,Rend,Vanilla,lethal_company:rend,21,Crimson Keep,CrimsonKeep,Custom,OWNER_ASSET_MATCHING_NO_DIRECT_LLL_CONFIG,NOT_YET_PROVEN,NO_PAIRING_SPECIFIC_EVIDENCE
7,85 Rend,Rend,Vanilla,lethal_company:rend,22,Treatement Amenity,DungeonTreatementAnemity,Custom,OWNER_ASSET_MATCHING_NO_DIRECT_LLL_CONFIG,NOT_YET_PROVEN,NO_PAIRING_SPECIFIC_EVIDENCE
7,85 Rend,Rend,Vanilla,lethal_company:rend,23,Goldstay Hotel,GoldenHotel,Custom,OWNER_ASSET_MATCHING_NO_DIRECT_LLL_CONFIG,NOT_YET_PROVEN,NO_PAIRING_SPECIFIC_EVIDENCE
7,85 Rend,Rend,Vanilla,lethal_company:rend,24,Lead Factory,LeadFactory,Custom,OWNER_ASSET_MATCHING_NO_DIRECT_LLL_CONFIG,NOT_YET_PROVEN,NO_PAIRING_SPECIFIC_EVIDENCE
7,85 Rend,Rend,Vanilla,lethal_company:rend,25,Lantern Manor,LanternManor,Custom,OWNER_ASSET_MATCHING_NO_DIRECT_LLL_CONFIG,NOT_YET_PROVEN,NO_PAIRING_SPECIFIC_EVIDENCE
7,85 Rend,Rend,Vanilla,lethal_company:rend,26,Circus Facility,CircusFacilityFlow,Custom,DIRECT_LLL_UNIVERSAL_TAG_OVERRIDE,VIABLE_EQUAL_100,ACTIVE_LLL_TAG_OVERRIDE_VANILLA_100_PLUS_ACCEPTED_NORMALIZER
7,85 Rend,Rend,Vanilla,lethal_company:rend,27,Atlantean Citadel,AquaticDungeonFlow,Custom,DIRECT_LLL_UNIVERSAL_TAG_OVERRIDE,VIABLE_EQUAL_100,ACTIVE_LLL_TAG_OVERRIDE_VANILLA_100_PLUS_ACCEPTED_NORMALIZER
7,85 Rend,Rend,Vanilla,lethal_company:rend,28,Deep Sewers,DeepSewersFlow,Custom,DIRECT_LLL_UNIVERSAL_TAG_OVERRIDE,VIABLE_EQUAL_100,ACTIVE_LLL_TAG_OVERRIDE_VANILLA_100_PLUS_ACCEPTED_NORMALIZER
7,85 Rend,Rend,Vanilla,lethal_company:rend,29,Fractured Complex,FracturedComplexFlow,Custom,DIRECT_LLL_UNIVERSAL_TAG_OVERRIDE,VIABLE_EQUAL_100,ACTIVE_LLL_TAG_OVERRIDE_VANILLA_100_PLUS_ACCEPTED_NORMALIZER
7,85 Rend,Rend,Vanilla,lethal_company:rend,30,Greenhouse,GreenhouseFlow,Custom,DIRECT_LLL_UNIVERSAL_TAG_OVERRIDE,VIABLE_EQUAL_100,ACTIVE_LLL_TAG_OVERRIDE_VANILLA_100_PLUS_ACCEPTED_NORMALIZER
7,85 Rend,Rend,Vanilla,lethal_company:rend,31,Art Gallery,MuseumInteriorFlow,Custom,DIRECT_LLL_UNIVERSAL_TAG_OVERRIDE,VIABLE_EQUAL_100,ACTIVE_LLL_TAG_OVERRIDE_VANILLA_100_PLUS_ACCEPTED_NORMALIZER
7,85 Rend,Rend,Vanilla,lethal_company:rend,32,Decrepit store,StoreFlow,Custom,DIRECT_LLL_UNIVERSAL_TAG_OVERRIDE,VIABLE_EQUAL_100,ACTIVE_LLL_TAG_OVERRIDE_VANILLA_100_PLUS_ACCEPTED_NORMALIZER
7,85 Rend,Rend,Vanilla,lethal_company:rend,33,Expanded facility,ExpandedFacility,Custom,DIRECT_LLL_UNIVERSAL_TAG_OVERRIDE,VIABLE_EQUAL_100,ACTIVE_LLL_TAG_OVERRIDE_VANILLA_100_PLUS_ACCEPTED_NORMALIZER
7,85 Rend,Rend,Vanilla,lethal_company:rend,34,Expanded Mineshaft,Level3ButCoolFlow,Custom,DIRECT_LLL_UNIVERSAL_TAG_OVERRIDE,VIABLE_EQUAL_100,ACTIVE_LLL_TAG_OVERRIDE_VANILLA_100_PLUS_ACCEPTED_NORMALIZER
7,85 Rend,Rend,Vanilla,lethal_company:rend,35,Grand Armory,GrandArmoryFlow,Custom,DIRECT_LLL_UNIVERSAL_TAG_OVERRIDE,VIABLE_EQUAL_100,ACTIVE_LLL_TAG_OVERRIDE_VANILLA_100_PLUS_ACCEPTED_NORMALIZER
7,85 Rend,Rend,Vanilla,lethal_company:rend,36,Spooky manor,SpookyManorFlow,Custom,DIRECT_LLL_UNIVERSAL_TAG_OVERRIDE,VIABLE_EQUAL_100,ACTIVE_LLL_TAG_OVERRIDE_VANILLA_100_PLUS_ACCEPTED_NORMALIZER
7,85 Rend,Rend,Vanilla,lethal_company:rend,37,Mausoleum,MelanieMausoleum,Custom,OWNER_ASSET_MATCHING_NO_DIRECT_LLL_CONFIG,NOT_YET_PROVEN,NO_PAIRING_SPECIFIC_EVIDENCE
7,85 Rend,Rend,Vanilla,lethal_company:rend,38,Museum,MelanieMuseum,Custom,OWNER_ASSET_MATCHING_NO_DIRECT_LLL_CONFIG,NOT_YET_PROVEN,NO_PAIRING_SPECIFIC_EVIDENCE
7,85 Rend,Rend,Vanilla,lethal_company:rend,39,Raven Manor,RavenFlow,Custom,OWNER_ASSET_MATCHING_NO_DIRECT_LLL_CONFIG,NOT_YET_PROVEN,NO_PAIRING_SPECIFIC_EVIDENCE
7,85 Rend,Rend,Vanilla,lethal_company:rend,40,ScoopyCastle,CastleFlow,Custom,DIRECT_LLL_UNIVERSAL_TAG_OVERRIDE,VIABLE_EQUAL_100,ACTIVE_LLL_TAG_OVERRIDE_VANILLA_100_PLUS_ACCEPTED_NORMALIZER
7,85 Rend,Rend,Vanilla,lethal_company:rend,41,Shatteredrooms,shatteredrooms,Custom,OWNER_ASSET_MATCHING_NO_DIRECT_LLL_CONFIG,NOT_YET_PROVEN,NO_PAIRING_SPECIFIC_EVIDENCE
7,85 Rend,Rend,Vanilla,lethal_company:rend,42,Slaughterhouse,SlaughterhouseFlow,Custom,DIRECT_LLL_UNIVERSAL_TAG_OVERRIDE,VIABLE_EQUAL_100,ACTIVE_LLL_TAG_OVERRIDE_VANILLA_100_PLUS_ACCEPTED_NORMALIZER
7,85 Rend,Rend,Vanilla,lethal_company:rend,43,Spelunkers Caverns (Random),Spelunk_RandomFlow,Custom,OWNER_ASSET_MATCHING_NO_DIRECT_LLL_CONFIG,NOT_YET_PROVEN,NO_PAIRING_SPECIFIC_EVIDENCE
7,85 Rend,Rend,Vanilla,lethal_company:rend,44,Spelunkers Caverns (Basic),Spelunk_BasicFlow,Custom,OWNER_ASSET_MATCHING_NO_DIRECT_LLL_CONFIG,NOT_YET_PROVEN,NO_PAIRING_SPECIFIC_EVIDENCE
7,85 Rend,Rend,Vanilla,lethal_company:rend,45,Spelunkers Caverns (Crystal),Spelunk_CrystalFlow,Custom,OWNER_ASSET_MATCHING_NO_DIRECT_LLL_CONFIG,NOT_YET_PROVEN,NO_PAIRING_SPECIFIC_EVIDENCE
7,85 Rend,Rend,Vanilla,lethal_company:rend,46,Spelunkers Caverns (Frozen),Spelunk_FrozenFlow,Custom,OWNER_ASSET_MATCHING_NO_DIRECT_LLL_CONFIG,NOT_YET_PROVEN,NO_PAIRING_SPECIFIC_EVIDENCE
7,85 Rend,Rend,Vanilla,lethal_company:rend,47,Spelunkers Caverns (Magmatic),Spelunk_MagmaFlow,Custom,OWNER_ASSET_MATCHING_NO_DIRECT_LLL_CONFIG,NOT_YET_PROVEN,NO_PAIRING_SPECIFIC_EVIDENCE
7,85 Rend,Rend,Vanilla,lethal_company:rend,48,Spelunkers Caverns (Overgrown),Spelunk_OvergrownFlow,Custom,OWNER_ASSET_MATCHING_NO_DIRECT_LLL_CONFIG,NOT_YET_PROVEN,NO_PAIRING_SPECIFIC_EVIDENCE
7,85 Rend,Rend,Vanilla,lethal_company:rend,49,Storage Complex,StorageComplex,Custom,DIRECT_LLL_UNIVERSAL_TAG_OVERRIDE,VIABLE_EQUAL_100,ACTIVE_LLL_TAG_OVERRIDE_VANILLA_100_PLUS_ACCEPTED_NORMALIZER
7,85 Rend,Rend,Vanilla,lethal_company:rend,50,Studio Floor,StudioFlow,Custom,OWNER_ASSET_MATCHING_NO_DIRECT_LLL_CONFIG,NOT_YET_PROVEN,NO_PAIRING_SPECIFIC_EVIDENCE
7,85 Rend,Rend,Vanilla,lethal_company:rend,51,Sub Systems,SubSysFlow,Custom,OWNER_ASSET_MATCHING_NO_DIRECT_LLL_CONFIG,NOT_YET_PROVEN,NO_PAIRING_SPECIFIC_EVIDENCE
7,85 Rend,Rend,Vanilla,lethal_company:rend,52,Rubber Rooms,RubberRoomsFlow,Custom,DIRECT_LLL_UNIVERSAL_TAG_OVERRIDE,VIABLE_EQUAL_100,ACTIVE_LLL_TAG_OVERRIDE_VANILLA_100_PLUS_ACCEPTED_NORMALIZER
7,85 Rend,Rend,Vanilla,lethal_company:rend,53,Toy Store,ToystoreFlow,Custom,DIRECT_LLL_UNIVERSAL_TAG_OVERRIDE,VIABLE_EQUAL_100,ACTIVE_LLL_TAG_OVERRIDE_VANILLA_100_PLUS_ACCEPTED_NORMALIZER
8,7 Dine,Dine,Vanilla,lethal_company:dine,1,Facility,Level1Flow,Vanilla,VANILLA_NATIVE_LLL_MATCHING,NOT_YET_PROVEN,NO_PAIRING_SPECIFIC_EVIDENCE
8,7 Dine,Dine,Vanilla,lethal_company:dine,2,Haunted Mansion,Level2Flow,Vanilla,VANILLA_NATIVE_LLL_MATCHING,NOT_YET_PROVEN,NO_PAIRING_SPECIFIC_EVIDENCE
8,7 Dine,Dine,Vanilla,lethal_company:dine,3,Mineshaft,Level3Flow,Vanilla,VANILLA_NATIVE_LLL_MATCHING,NOT_YET_PROVEN,NO_PAIRING_SPECIFIC_EVIDENCE
8,7 Dine,Dine,Vanilla,lethal_company:dine,4,Black Mesa,Black Mesa,External,DAWNLIB_NATIVE_BLACK_MESA_WEIGHT_RULE,VIABLE_EQUAL_100,BLACK_MESA_NATIVE_DAWNLIB_VANILLA_100_PLUS_ACCEPTED_NORMALIZER
8,7 Dine,Dine,Vanilla,lethal_company:dine,5,Abandoned Foundry,FoundryFlow,Custom,OWNER_ASSET_MATCHING_NO_DIRECT_LLL_CONFIG,NOT_YET_PROVEN,NO_PAIRING_SPECIFIC_EVIDENCE
8,7 Dine,Dine,Vanilla,lethal_company:dine,6,ACF Site,ResearchStationFlow,Custom,OWNER_ASSET_MATCHING_NO_DIRECT_LLL_CONFIG,NOT_YET_PROVEN,NO_PAIRING_SPECIFIC_EVIDENCE
8,7 Dine,Dine,Vanilla,lethal_company:dine,7,DeepcoreMines,deepmines,Custom,OWNER_ASSET_MATCHING_NO_DIRECT_LLL_CONFIG,NOT_YET_PROVEN,NO_PAIRING_SPECIFIC_EVIDENCE
8,7 Dine,Dine,Vanilla,lethal_company:dine,8,LiminalHouse,LiminalHouseFlow,Custom,OWNER_ASSET_MATCHING_NO_DIRECT_LLL_CONFIG,NOT_YET_PROVEN,NO_PAIRING_SPECIFIC_EVIDENCE
8,7 Dine,Dine,Vanilla,lethal_company:dine,9,Supermarket,Supermarket,Custom,OWNER_ASSET_MATCHING_NO_DIRECT_LLL_CONFIG,NOT_YET_PROVEN,NO_PAIRING_SPECIFIC_EVIDENCE
8,7 Dine,Dine,Vanilla,lethal_company:dine,10,Bunker,BunkerFlow,Custom,DIRECT_LLL_UNIVERSAL_TAG_OVERRIDE,VIABLE_EQUAL_100,ACTIVE_LLL_TAG_OVERRIDE_VANILLA_100_PLUS_ACCEPTED_NORMALIZER
8,7 Dine,Dine,Vanilla,lethal_company:dine,11,Drains,DrainsFlow,Custom,DIRECT_LLL_UNIVERSAL_TAG_OVERRIDE,VIABLE_EQUAL_100,ACTIVE_LLL_TAG_OVERRIDE_VANILLA_100_PLUS_ACCEPTED_NORMALIZER
8,7 Dine,Dine,Vanilla,lethal_company:dine,12,Substation,SubstationFlow,Custom,DIRECT_LLL_UNIVERSAL_TAG_OVERRIDE,VIABLE_EQUAL_100,ACTIVE_LLL_TAG_OVERRIDE_VANILLA_100_PLUS_ACCEPTED_NORMALIZER
8,7 Dine,Dine,Vanilla,lethal_company:dine,13,Liminal Facility,BackroomsFlow,Custom,DIRECT_LLL_UNIVERSAL_TAG_OVERRIDE,VIABLE_EQUAL_100,ACTIVE_LLL_TAG_OVERRIDE_VANILLA_100_PLUS_ACCEPTED_NORMALIZER
8,7 Dine,Dine,Vanilla,lethal_company:dine,14,Storehouse,SHFlow,Custom,DIRECT_LLL_UNIVERSAL_TAG_OVERRIDE,VIABLE_EQUAL_100,ACTIVE_LLL_TAG_OVERRIDE_VANILLA_100_PLUS_ACCEPTED_NORMALIZER
8,7 Dine,Dine,Vanilla,lethal_company:dine,15,Tower,TowerFlow,Custom,DIRECT_LLL_UNIVERSAL_TAG_OVERRIDE,VIABLE_EQUAL_100,ACTIVE_LLL_TAG_OVERRIDE_VANILLA_100_PLUS_ACCEPTED_NORMALIZER
8,7 Dine,Dine,Vanilla,lethal_company:dine,16,Gray Apartments,GrayApartmentsFlow,Custom,OWNER_ASSET_MATCHING_NO_DIRECT_LLL_CONFIG,NOT_YET_PROVEN,NO_PAIRING_SPECIFIC_EVIDENCE
8,7 Dine,Dine,Vanilla,lethal_company:dine,17,Zeranos Gray Apartments,GrayApartmentsFlowZ,Custom,OWNER_ASSET_MATCHING_NO_DIRECT_LLL_CONFIG,NOT_YET_PROVEN,NO_PAIRING_SPECIFIC_EVIDENCE
8,7 Dine,Dine,Vanilla,lethal_company:dine,18,junkrooms,junkrooms,Custom,OWNER_ASSET_MATCHING_NO_DIRECT_LLL_CONFIG,NOT_YET_PROVEN,NO_PAIRING_SPECIFIC_EVIDENCE
8,7 Dine,Dine,Vanilla,lethal_company:dine,19,LC Office,OfficeDungeonFlow,Custom,OWNER_ASSET_MATCHING_NO_DIRECT_LLL_CONFIG,NOT_YET_PROVEN,NO_PAIRING_SPECIFIC_EVIDENCE
8,7 Dine,Dine,Vanilla,lethal_company:dine,20,Belleville Appartements,BellevilleApp,Custom,OWNER_ASSET_MATCHING_NO_DIRECT_LLL_CONFIG,NOT_YET_PROVEN,NO_PAIRING_SPECIFIC_EVIDENCE
8,7 Dine,Dine,Vanilla,lethal_company:dine,21,Crimson Keep,CrimsonKeep,Custom,OWNER_ASSET_MATCHING_NO_DIRECT_LLL_CONFIG,NOT_YET_PROVEN,NO_PAIRING_SPECIFIC_EVIDENCE
8,7 Dine,Dine,Vanilla,lethal_company:dine,22,Treatement Amenity,DungeonTreatementAnemity,Custom,OWNER_ASSET_MATCHING_NO_DIRECT_LLL_CONFIG,NOT_YET_PROVEN,NO_PAIRING_SPECIFIC_EVIDENCE
8,7 Dine,Dine,Vanilla,lethal_company:dine,23,Goldstay Hotel,GoldenHotel,Custom,OWNER_ASSET_MATCHING_NO_DIRECT_LLL_CONFIG,NOT_YET_PROVEN,NO_PAIRING_SPECIFIC_EVIDENCE
8,7 Dine,Dine,Vanilla,lethal_company:dine,24,Lead Factory,LeadFactory,Custom,OWNER_ASSET_MATCHING_NO_DIRECT_LLL_CONFIG,NOT_YET_PROVEN,NO_PAIRING_SPECIFIC_EVIDENCE
8,7 Dine,Dine,Vanilla,lethal_company:dine,25,Lantern Manor,LanternManor,Custom,OWNER_ASSET_MATCHING_NO_DIRECT_LLL_CONFIG,NOT_YET_PROVEN,NO_PAIRING_SPECIFIC_EVIDENCE
8,7 Dine,Dine,Vanilla,lethal_company:dine,26,Circus Facility,CircusFacilityFlow,Custom,DIRECT_LLL_UNIVERSAL_TAG_OVERRIDE,VIABLE_EQUAL_100,ACTIVE_LLL_TAG_OVERRIDE_VANILLA_100_PLUS_ACCEPTED_NORMALIZER
8,7 Dine,Dine,Vanilla,lethal_company:dine,27,Atlantean Citadel,AquaticDungeonFlow,Custom,DIRECT_LLL_UNIVERSAL_TAG_OVERRIDE,VIABLE_EQUAL_100,ACTIVE_LLL_TAG_OVERRIDE_VANILLA_100_PLUS_ACCEPTED_NORMALIZER
8,7 Dine,Dine,Vanilla,lethal_company:dine,28,Deep Sewers,DeepSewersFlow,Custom,DIRECT_LLL_UNIVERSAL_TAG_OVERRIDE,VIABLE_EQUAL_100,ACTIVE_LLL_TAG_OVERRIDE_VANILLA_100_PLUS_ACCEPTED_NORMALIZER
8,7 Dine,Dine,Vanilla,lethal_company:dine,29,Fractured Complex,FracturedComplexFlow,Custom,DIRECT_LLL_UNIVERSAL_TAG_OVERRIDE,VIABLE_EQUAL_100,ACTIVE_LLL_TAG_OVERRIDE_VANILLA_100_PLUS_ACCEPTED_NORMALIZER
8,7 Dine,Dine,Vanilla,lethal_company:dine,30,Greenhouse,GreenhouseFlow,Custom,DIRECT_LLL_UNIVERSAL_TAG_OVERRIDE,VIABLE_EQUAL_100,ACTIVE_LLL_TAG_OVERRIDE_VANILLA_100_PLUS_ACCEPTED_NORMALIZER
8,7 Dine,Dine,Vanilla,lethal_company:dine,31,Art Gallery,MuseumInteriorFlow,Custom,DIRECT_LLL_UNIVERSAL_TAG_OVERRIDE,VIABLE_EQUAL_100,ACTIVE_LLL_TAG_OVERRIDE_VANILLA_100_PLUS_ACCEPTED_NORMALIZER
8,7 Dine,Dine,Vanilla,lethal_company:dine,32,Decrepit store,StoreFlow,Custom,DIRECT_LLL_UNIVERSAL_TAG_OVERRIDE,VIABLE_EQUAL_100,ACTIVE_LLL_TAG_OVERRIDE_VANILLA_100_PLUS_ACCEPTED_NORMALIZER
8,7 Dine,Dine,Vanilla,lethal_company:dine,33,Expanded facility,ExpandedFacility,Custom,DIRECT_LLL_UNIVERSAL_TAG_OVERRIDE,VIABLE_EQUAL_100,ACTIVE_LLL_TAG_OVERRIDE_VANILLA_100_PLUS_ACCEPTED_NORMALIZER
8,7 Dine,Dine,Vanilla,lethal_company:dine,34,Expanded Mineshaft,Level3ButCoolFlow,Custom,DIRECT_LLL_UNIVERSAL_TAG_OVERRIDE,VIABLE_EQUAL_100,ACTIVE_LLL_TAG_OVERRIDE_VANILLA_100_PLUS_ACCEPTED_NORMALIZER
8,7 Dine,Dine,Vanilla,lethal_company:dine,35,Grand Armory,GrandArmoryFlow,Custom,DIRECT_LLL_UNIVERSAL_TAG_OVERRIDE,VIABLE_EQUAL_100,ACTIVE_LLL_TAG_OVERRIDE_VANILLA_100_PLUS_ACCEPTED_NORMALIZER
8,7 Dine,Dine,Vanilla,lethal_company:dine,36,Spooky manor,SpookyManorFlow,Custom,DIRECT_LLL_UNIVERSAL_TAG_OVERRIDE,VIABLE_EQUAL_100,ACTIVE_LLL_TAG_OVERRIDE_VANILLA_100_PLUS_ACCEPTED_NORMALIZER
8,7 Dine,Dine,Vanilla,lethal_company:dine,37,Mausoleum,MelanieMausoleum,Custom,OWNER_ASSET_MATCHING_NO_DIRECT_LLL_CONFIG,NOT_YET_PROVEN,NO_PAIRING_SPECIFIC_EVIDENCE
8,7 Dine,Dine,Vanilla,lethal_company:dine,38,Museum,MelanieMuseum,Custom,OWNER_ASSET_MATCHING_NO_DIRECT_LLL_CONFIG,NOT_YET_PROVEN,NO_PAIRING_SPECIFIC_EVIDENCE
8,7 Dine,Dine,Vanilla,lethal_company:dine,39,Raven Manor,RavenFlow,Custom,OWNER_ASSET_MATCHING_NO_DIRECT_LLL_CONFIG,NOT_YET_PROVEN,NO_PAIRING_SPECIFIC_EVIDENCE
8,7 Dine,Dine,Vanilla,lethal_company:dine,40,ScoopyCastle,CastleFlow,Custom,DIRECT_LLL_UNIVERSAL_TAG_OVERRIDE,VIABLE_EQUAL_100,ACTIVE_LLL_TAG_OVERRIDE_VANILLA_100_PLUS_ACCEPTED_NORMALIZER
8,7 Dine,Dine,Vanilla,lethal_company:dine,41,Shatteredrooms,shatteredrooms,Custom,OWNER_ASSET_MATCHING_NO_DIRECT_LLL_CONFIG,NOT_YET_PROVEN,NO_PAIRING_SPECIFIC_EVIDENCE
8,7 Dine,Dine,Vanilla,lethal_company:dine,42,Slaughterhouse,SlaughterhouseFlow,Custom,DIRECT_LLL_UNIVERSAL_TAG_OVERRIDE,VIABLE_EQUAL_100,ACTIVE_LLL_TAG_OVERRIDE_VANILLA_100_PLUS_ACCEPTED_NORMALIZER
8,7 Dine,Dine,Vanilla,lethal_company:dine,43,Spelunkers Caverns (Random),Spelunk_RandomFlow,Custom,OWNER_ASSET_MATCHING_NO_DIRECT_LLL_CONFIG,NOT_YET_PROVEN,NO_PAIRING_SPECIFIC_EVIDENCE
8,7 Dine,Dine,Vanilla,lethal_company:dine,44,Spelunkers Caverns (Basic),Spelunk_BasicFlow,Custom,OWNER_ASSET_MATCHING_NO_DIRECT_LLL_CONFIG,NOT_YET_PROVEN,NO_PAIRING_SPECIFIC_EVIDENCE
8,7 Dine,Dine,Vanilla,lethal_company:dine,45,Spelunkers Caverns (Crystal),Spelunk_CrystalFlow,Custom,OWNER_ASSET_MATCHING_NO_DIRECT_LLL_CONFIG,NOT_YET_PROVEN,NO_PAIRING_SPECIFIC_EVIDENCE
8,7 Dine,Dine,Vanilla,lethal_company:dine,46,Spelunkers Caverns (Frozen),Spelunk_FrozenFlow,Custom,OWNER_ASSET_MATCHING_NO_DIRECT_LLL_CONFIG,NOT_YET_PROVEN,NO_PAIRING_SPECIFIC_EVIDENCE
8,7 Dine,Dine,Vanilla,lethal_company:dine,47,Spelunkers Caverns (Magmatic),Spelunk_MagmaFlow,Custom,OWNER_ASSET_MATCHING_NO_DIRECT_LLL_CONFIG,NOT_YET_PROVEN,NO_PAIRING_SPECIFIC_EVIDENCE
8,7 Dine,Dine,Vanilla,lethal_company:dine,48,Spelunkers Caverns (Overgrown),Spelunk_OvergrownFlow,Custom,OWNER_ASSET_MATCHING_NO_DIRECT_LLL_CONFIG,NOT_YET_PROVEN,NO_PAIRING_SPECIFIC_EVIDENCE
8,7 Dine,Dine,Vanilla,lethal_company:dine,49,Storage Complex,StorageComplex,Custom,DIRECT_LLL_UNIVERSAL_TAG_OVERRIDE,VIABLE_EQUAL_100,ACTIVE_LLL_TAG_OVERRIDE_VANILLA_100_PLUS_ACCEPTED_NORMALIZER
8,7 Dine,Dine,Vanilla,lethal_company:dine,50,Studio Floor,StudioFlow,Custom,OWNER_ASSET_MATCHING_NO_DIRECT_LLL_CONFIG,NOT_YET_PROVEN,NO_PAIRING_SPECIFIC_EVIDENCE
8,7 Dine,Dine,Vanilla,lethal_company:dine,51,Sub Systems,SubSysFlow,Custom,OWNER_ASSET_MATCHING_NO_DIRECT_LLL_CONFIG,NOT_YET_PROVEN,NO_PAIRING_SPECIFIC_EVIDENCE
8,7 Dine,Dine,Vanilla,lethal_company:dine,52,Rubber Rooms,RubberRoomsFlow,Custom,DIRECT_LLL_UNIVERSAL_TAG_OVERRIDE,VIABLE_EQUAL_100,ACTIVE_LLL_TAG_OVERRIDE_VANILLA_100_PLUS_ACCEPTED_NORMALIZER
8,7 Dine,Dine,Vanilla,lethal_company:dine,53,Toy Store,ToystoreFlow,Custom,DIRECT_LLL_UNIVERSAL_TAG_OVERRIDE,VIABLE_EQUAL_100,ACTIVE_LLL_TAG_OVERRIDE_VANILLA_100_PLUS_ACCEPTED_NORMALIZER
9,21 Offense,Offense,Vanilla,lethal_company:offense,1,Facility,Level1Flow,Vanilla,VANILLA_NATIVE_LLL_MATCHING,VIABLE_EQUAL_100,S1.42AK_OFFENSE_RUNTIME_AND_PHASE_B2_OWNER_RECONCILIATION
9,21 Offense,Offense,Vanilla,lethal_company:offense,2,Haunted Mansion,Level2Flow,Vanilla,VANILLA_NATIVE_LLL_MATCHING,VIABLE_EQUAL_100,S1.42AK_OFFENSE_RUNTIME_AND_PHASE_B2_OWNER_RECONCILIATION
9,21 Offense,Offense,Vanilla,lethal_company:offense,3,Mineshaft,Level3Flow,Vanilla,VANILLA_NATIVE_LLL_MATCHING,VIABLE_EQUAL_100,S1.42AK_OFFENSE_RUNTIME_AND_PHASE_B2_OWNER_RECONCILIATION
9,21 Offense,Offense,Vanilla,lethal_company:offense,4,Black Mesa,Black Mesa,External,DAWNLIB_NATIVE_BLACK_MESA_WEIGHT_RULE,VIABLE_EQUAL_100,S1.42AK_OFFENSE_RUNTIME_AND_PHASE_B2_OWNER_RECONCILIATION
9,21 Offense,Offense,Vanilla,lethal_company:offense,5,Abandoned Foundry,FoundryFlow,Custom,OWNER_ASSET_MATCHING_NO_DIRECT_LLL_CONFIG,VIABLE_EQUAL_100,S1.42AK_OFFENSE_RUNTIME_AND_PHASE_B2_OWNER_RECONCILIATION
9,21 Offense,Offense,Vanilla,lethal_company:offense,6,ACF Site,ResearchStationFlow,Custom,OWNER_ASSET_MATCHING_NO_DIRECT_LLL_CONFIG,AUTHOR_OR_OWNER_HARD_BLOCK,S1.42AK_OFFENSE_RUNTIME_AND_PHASE_B2_OWNER_RECONCILIATION
9,21 Offense,Offense,Vanilla,lethal_company:offense,7,DeepcoreMines,deepmines,Custom,OWNER_ASSET_MATCHING_NO_DIRECT_LLL_CONFIG,VIABLE_EQUAL_100,S1.42AK_OFFENSE_RUNTIME_AND_PHASE_B2_OWNER_RECONCILIATION
9,21 Offense,Offense,Vanilla,lethal_company:offense,8,LiminalHouse,LiminalHouseFlow,Custom,OWNER_ASSET_MATCHING_NO_DIRECT_LLL_CONFIG,VIABLE_EQUAL_100,S1.42AK_OFFENSE_RUNTIME_AND_PHASE_B2_OWNER_RECONCILIATION
9,21 Offense,Offense,Vanilla,lethal_company:offense,9,Supermarket,Supermarket,Custom,OWNER_ASSET_MATCHING_NO_DIRECT_LLL_CONFIG,AUTHOR_OR_OWNER_HARD_BLOCK,S1.42AK_OFFENSE_RUNTIME_AND_PHASE_B2_OWNER_RECONCILIATION
9,21 Offense,Offense,Vanilla,lethal_company:offense,10,Bunker,BunkerFlow,Custom,DIRECT_LLL_UNIVERSAL_TAG_OVERRIDE,VIABLE_EQUAL_100,S1.42AK_OFFENSE_RUNTIME_AND_PHASE_B2_OWNER_RECONCILIATION
9,21 Offense,Offense,Vanilla,lethal_company:offense,11,Drains,DrainsFlow,Custom,DIRECT_LLL_UNIVERSAL_TAG_OVERRIDE,VIABLE_EQUAL_100,S1.42AK_OFFENSE_RUNTIME_AND_PHASE_B2_OWNER_RECONCILIATION
9,21 Offense,Offense,Vanilla,lethal_company:offense,12,Substation,SubstationFlow,Custom,DIRECT_LLL_UNIVERSAL_TAG_OVERRIDE,VIABLE_EQUAL_100,S1.42AK_OFFENSE_RUNTIME_AND_PHASE_B2_OWNER_RECONCILIATION
9,21 Offense,Offense,Vanilla,lethal_company:offense,13,Liminal Facility,BackroomsFlow,Custom,DIRECT_LLL_UNIVERSAL_TAG_OVERRIDE,VIABLE_EQUAL_100,S1.42AK_OFFENSE_RUNTIME_AND_PHASE_B2_OWNER_RECONCILIATION
9,21 Offense,Offense,Vanilla,lethal_company:offense,14,Storehouse,SHFlow,Custom,DIRECT_LLL_UNIVERSAL_TAG_OVERRIDE,VIABLE_EQUAL_100,S1.42AK_OFFENSE_RUNTIME_AND_PHASE_B2_OWNER_RECONCILIATION
9,21 Offense,Offense,Vanilla,lethal_company:offense,15,Tower,TowerFlow,Custom,DIRECT_LLL_UNIVERSAL_TAG_OVERRIDE,VIABLE_EQUAL_100,S1.42AK_OFFENSE_RUNTIME_AND_PHASE_B2_OWNER_RECONCILIATION
9,21 Offense,Offense,Vanilla,lethal_company:offense,16,Gray Apartments,GrayApartmentsFlow,Custom,OWNER_ASSET_MATCHING_NO_DIRECT_LLL_CONFIG,VIABLE_EQUAL_100,S1.42AK_OFFENSE_RUNTIME_AND_PHASE_B2_OWNER_RECONCILIATION
9,21 Offense,Offense,Vanilla,lethal_company:offense,17,Zeranos Gray Apartments,GrayApartmentsFlowZ,Custom,OWNER_ASSET_MATCHING_NO_DIRECT_LLL_CONFIG,AUTHOR_OR_OWNER_HARD_BLOCK,S1.42AK_OFFENSE_RUNTIME_AND_PHASE_B2_OWNER_RECONCILIATION
9,21 Offense,Offense,Vanilla,lethal_company:offense,18,junkrooms,junkrooms,Custom,OWNER_ASSET_MATCHING_NO_DIRECT_LLL_CONFIG,AUTHOR_OR_OWNER_HARD_BLOCK,S1.42AK_OFFENSE_RUNTIME_AND_PHASE_B2_OWNER_RECONCILIATION
9,21 Offense,Offense,Vanilla,lethal_company:offense,19,LC Office,OfficeDungeonFlow,Custom,OWNER_ASSET_MATCHING_NO_DIRECT_LLL_CONFIG,VIABLE_EQUAL_100,S1.42AK_OFFENSE_RUNTIME_AND_PHASE_B2_OWNER_RECONCILIATION
9,21 Offense,Offense,Vanilla,lethal_company:offense,20,Belleville Appartements,BellevilleApp,Custom,OWNER_ASSET_MATCHING_NO_DIRECT_LLL_CONFIG,VIABLE_EQUAL_100,S1.42AK_OFFENSE_RUNTIME_AND_PHASE_B2_OWNER_RECONCILIATION
9,21 Offense,Offense,Vanilla,lethal_company:offense,21,Crimson Keep,CrimsonKeep,Custom,OWNER_ASSET_MATCHING_NO_DIRECT_LLL_CONFIG,VIABLE_EQUAL_100,S1.42AK_OFFENSE_RUNTIME_AND_PHASE_B2_OWNER_RECONCILIATION
9,21 Offense,Offense,Vanilla,lethal_company:offense,22,Treatement Amenity,DungeonTreatementAnemity,Custom,OWNER_ASSET_MATCHING_NO_DIRECT_LLL_CONFIG,AUTHOR_OR_OWNER_HARD_BLOCK,S1.42AK_OFFENSE_RUNTIME_AND_PHASE_B2_OWNER_RECONCILIATION
9,21 Offense,Offense,Vanilla,lethal_company:offense,23,Goldstay Hotel,GoldenHotel,Custom,OWNER_ASSET_MATCHING_NO_DIRECT_LLL_CONFIG,VIABLE_EQUAL_100,S1.42AK_OFFENSE_RUNTIME_AND_PHASE_B2_OWNER_RECONCILIATION
9,21 Offense,Offense,Vanilla,lethal_company:offense,24,Lead Factory,LeadFactory,Custom,OWNER_ASSET_MATCHING_NO_DIRECT_LLL_CONFIG,VIABLE_EQUAL_100,S1.42AK_OFFENSE_RUNTIME_AND_PHASE_B2_OWNER_RECONCILIATION
9,21 Offense,Offense,Vanilla,lethal_company:offense,25,Lantern Manor,LanternManor,Custom,OWNER_ASSET_MATCHING_NO_DIRECT_LLL_CONFIG,AUTHOR_OR_OWNER_HARD_BLOCK,S1.42AK_OFFENSE_RUNTIME_AND_PHASE_B2_OWNER_RECONCILIATION
9,21 Offense,Offense,Vanilla,lethal_company:offense,26,Circus Facility,CircusFacilityFlow,Custom,DIRECT_LLL_UNIVERSAL_TAG_OVERRIDE,VIABLE_EQUAL_100,S1.42AK_OFFENSE_RUNTIME_AND_PHASE_B2_OWNER_RECONCILIATION
9,21 Offense,Offense,Vanilla,lethal_company:offense,27,Atlantean Citadel,AquaticDungeonFlow,Custom,DIRECT_LLL_UNIVERSAL_TAG_OVERRIDE,VIABLE_EQUAL_100,S1.42AK_OFFENSE_RUNTIME_AND_PHASE_B2_OWNER_RECONCILIATION
9,21 Offense,Offense,Vanilla,lethal_company:offense,28,Deep Sewers,DeepSewersFlow,Custom,DIRECT_LLL_UNIVERSAL_TAG_OVERRIDE,VIABLE_EQUAL_100,S1.42AK_OFFENSE_RUNTIME_AND_PHASE_B2_OWNER_RECONCILIATION
9,21 Offense,Offense,Vanilla,lethal_company:offense,29,Fractured Complex,FracturedComplexFlow,Custom,DIRECT_LLL_UNIVERSAL_TAG_OVERRIDE,VIABLE_EQUAL_100,S1.42AK_OFFENSE_RUNTIME_AND_PHASE_B2_OWNER_RECONCILIATION
9,21 Offense,Offense,Vanilla,lethal_company:offense,30,Greenhouse,GreenhouseFlow,Custom,DIRECT_LLL_UNIVERSAL_TAG_OVERRIDE,VIABLE_EQUAL_100,S1.42AK_OFFENSE_RUNTIME_AND_PHASE_B2_OWNER_RECONCILIATION
9,21 Offense,Offense,Vanilla,lethal_company:offense,31,Art Gallery,MuseumInteriorFlow,Custom,DIRECT_LLL_UNIVERSAL_TAG_OVERRIDE,VIABLE_EQUAL_100,S1.42AK_OFFENSE_RUNTIME_AND_PHASE_B2_OWNER_RECONCILIATION
9,21 Offense,Offense,Vanilla,lethal_company:offense,32,Decrepit store,StoreFlow,Custom,DIRECT_LLL_UNIVERSAL_TAG_OVERRIDE,VIABLE_EQUAL_100,S1.42AK_OFFENSE_RUNTIME_AND_PHASE_B2_OWNER_RECONCILIATION
9,21 Offense,Offense,Vanilla,lethal_company:offense,33,Expanded facility,ExpandedFacility,Custom,DIRECT_LLL_UNIVERSAL_TAG_OVERRIDE,VIABLE_EQUAL_100,S1.42AK_OFFENSE_RUNTIME_AND_PHASE_B2_OWNER_RECONCILIATION
9,21 Offense,Offense,Vanilla,lethal_company:offense,34,Expanded Mineshaft,Level3ButCoolFlow,Custom,DIRECT_LLL_UNIVERSAL_TAG_OVERRIDE,VIABLE_EQUAL_100,S1.42AK_OFFENSE_RUNTIME_AND_PHASE_B2_OWNER_RECONCILIATION
9,21 Offense,Offense,Vanilla,lethal_company:offense,35,Grand Armory,GrandArmoryFlow,Custom,DIRECT_LLL_UNIVERSAL_TAG_OVERRIDE,VIABLE_EQUAL_100,S1.42AK_OFFENSE_RUNTIME_AND_PHASE_B2_OWNER_RECONCILIATION
9,21 Offense,Offense,Vanilla,lethal_company:offense,36,Spooky manor,SpookyManorFlow,Custom,DIRECT_LLL_UNIVERSAL_TAG_OVERRIDE,VIABLE_EQUAL_100,S1.42AK_OFFENSE_RUNTIME_AND_PHASE_B2_OWNER_RECONCILIATION
9,21 Offense,Offense,Vanilla,lethal_company:offense,37,Mausoleum,MelanieMausoleum,Custom,OWNER_ASSET_MATCHING_NO_DIRECT_LLL_CONFIG,VIABLE_EQUAL_100,S1.42AK_OFFENSE_RUNTIME_AND_PHASE_B2_OWNER_RECONCILIATION
9,21 Offense,Offense,Vanilla,lethal_company:offense,38,Museum,MelanieMuseum,Custom,OWNER_ASSET_MATCHING_NO_DIRECT_LLL_CONFIG,VIABLE_EQUAL_100,S1.42AK_OFFENSE_RUNTIME_AND_PHASE_B2_OWNER_RECONCILIATION
9,21 Offense,Offense,Vanilla,lethal_company:offense,39,Raven Manor,RavenFlow,Custom,OWNER_ASSET_MATCHING_NO_DIRECT_LLL_CONFIG,AUTHOR_OR_OWNER_HARD_BLOCK,S1.42AK_OFFENSE_RUNTIME_AND_PHASE_B2_OWNER_RECONCILIATION
9,21 Offense,Offense,Vanilla,lethal_company:offense,40,ScoopyCastle,CastleFlow,Custom,DIRECT_LLL_UNIVERSAL_TAG_OVERRIDE,VIABLE_EQUAL_100,S1.42AK_OFFENSE_RUNTIME_AND_PHASE_B2_OWNER_RECONCILIATION
9,21 Offense,Offense,Vanilla,lethal_company:offense,41,Shatteredrooms,shatteredrooms,Custom,OWNER_ASSET_MATCHING_NO_DIRECT_LLL_CONFIG,VIABLE_EQUAL_100,S1.42AK_OFFENSE_RUNTIME_AND_PHASE_B2_OWNER_RECONCILIATION
9,21 Offense,Offense,Vanilla,lethal_company:offense,42,Slaughterhouse,SlaughterhouseFlow,Custom,DIRECT_LLL_UNIVERSAL_TAG_OVERRIDE,VIABLE_EQUAL_100,S1.42AK_OFFENSE_RUNTIME_AND_PHASE_B2_OWNER_RECONCILIATION
9,21 Offense,Offense,Vanilla,lethal_company:offense,43,Spelunkers Caverns (Random),Spelunk_RandomFlow,Custom,OWNER_ASSET_MATCHING_NO_DIRECT_LLL_CONFIG,VIABLE_EQUAL_100,S1.42AK_OFFENSE_RUNTIME_AND_PHASE_B2_OWNER_RECONCILIATION
9,21 Offense,Offense,Vanilla,lethal_company:offense,44,Spelunkers Caverns (Basic),Spelunk_BasicFlow,Custom,OWNER_ASSET_MATCHING_NO_DIRECT_LLL_CONFIG,AUTHOR_OR_OWNER_HARD_BLOCK,S1.42AK_OFFENSE_RUNTIME_AND_PHASE_B2_OWNER_RECONCILIATION
9,21 Offense,Offense,Vanilla,lethal_company:offense,45,Spelunkers Caverns (Crystal),Spelunk_CrystalFlow,Custom,OWNER_ASSET_MATCHING_NO_DIRECT_LLL_CONFIG,AUTHOR_OR_OWNER_HARD_BLOCK,S1.42AK_OFFENSE_RUNTIME_AND_PHASE_B2_OWNER_RECONCILIATION
9,21 Offense,Offense,Vanilla,lethal_company:offense,46,Spelunkers Caverns (Frozen),Spelunk_FrozenFlow,Custom,OWNER_ASSET_MATCHING_NO_DIRECT_LLL_CONFIG,AUTHOR_OR_OWNER_HARD_BLOCK,S1.42AK_OFFENSE_RUNTIME_AND_PHASE_B2_OWNER_RECONCILIATION
9,21 Offense,Offense,Vanilla,lethal_company:offense,47,Spelunkers Caverns (Magmatic),Spelunk_MagmaFlow,Custom,OWNER_ASSET_MATCHING_NO_DIRECT_LLL_CONFIG,VIABLE_EQUAL_100,S1.42AK_OFFENSE_RUNTIME_AND_PHASE_B2_OWNER_RECONCILIATION
9,21 Offense,Offense,Vanilla,lethal_company:offense,48,Spelunkers Caverns (Overgrown),Spelunk_OvergrownFlow,Custom,OWNER_ASSET_MATCHING_NO_DIRECT_LLL_CONFIG,AUTHOR_OR_OWNER_HARD_BLOCK,S1.42AK_OFFENSE_RUNTIME_AND_PHASE_B2_OWNER_RECONCILIATION
9,21 Offense,Offense,Vanilla,lethal_company:offense,49,Storage Complex,StorageComplex,Custom,DIRECT_LLL_UNIVERSAL_TAG_OVERRIDE,VIABLE_EQUAL_100,S1.42AK_OFFENSE_RUNTIME_AND_PHASE_B2_OWNER_RECONCILIATION
9,21 Offense,Offense,Vanilla,lethal_company:offense,50,Studio Floor,StudioFlow,Custom,OWNER_ASSET_MATCHING_NO_DIRECT_LLL_CONFIG,AUTHOR_OR_OWNER_HARD_BLOCK,S1.42AK_OFFENSE_RUNTIME_AND_PHASE_B2_OWNER_RECONCILIATION
9,21 Offense,Offense,Vanilla,lethal_company:offense,51,Sub Systems,SubSysFlow,Custom,OWNER_ASSET_MATCHING_NO_DIRECT_LLL_CONFIG,VIABLE_EQUAL_100,S1.42AK_OFFENSE_RUNTIME_AND_PHASE_B2_OWNER_RECONCILIATION
9,21 Offense,Offense,Vanilla,lethal_company:offense,52,Rubber Rooms,RubberRoomsFlow,Custom,DIRECT_LLL_UNIVERSAL_TAG_OVERRIDE,VIABLE_EQUAL_100,S1.42AK_OFFENSE_RUNTIME_AND_PHASE_B2_OWNER_RECONCILIATION
9,21 Offense,Offense,Vanilla,lethal_company:offense,53,Toy Store,ToystoreFlow,Custom,DIRECT_LLL_UNIVERSAL_TAG_OVERRIDE,VIABLE_EQUAL_100,S1.42AK_OFFENSE_RUNTIME_AND_PHASE_B2_OWNER_RECONCILIATION
10,8 Titan,Titan,Vanilla,lethal_company:titan,1,Facility,Level1Flow,Vanilla,VANILLA_NATIVE_LLL_MATCHING,NOT_YET_PROVEN,NO_PAIRING_SPECIFIC_EVIDENCE
10,8 Titan,Titan,Vanilla,lethal_company:titan,2,Haunted Mansion,Level2Flow,Vanilla,VANILLA_NATIVE_LLL_MATCHING,NOT_YET_PROVEN,NO_PAIRING_SPECIFIC_EVIDENCE
10,8 Titan,Titan,Vanilla,lethal_company:titan,3,Mineshaft,Level3Flow,Vanilla,VANILLA_NATIVE_LLL_MATCHING,NOT_YET_PROVEN,NO_PAIRING_SPECIFIC_EVIDENCE
10,8 Titan,Titan,Vanilla,lethal_company:titan,4,Black Mesa,Black Mesa,External,DAWNLIB_NATIVE_BLACK_MESA_WEIGHT_RULE,VIABLE_EQUAL_100,BLACK_MESA_NATIVE_DAWNLIB_VANILLA_100_PLUS_ACCEPTED_NORMALIZER
10,8 Titan,Titan,Vanilla,lethal_company:titan,5,Abandoned Foundry,FoundryFlow,Custom,OWNER_ASSET_MATCHING_NO_DIRECT_LLL_CONFIG,NOT_YET_PROVEN,NO_PAIRING_SPECIFIC_EVIDENCE
10,8 Titan,Titan,Vanilla,lethal_company:titan,6,ACF Site,ResearchStationFlow,Custom,OWNER_ASSET_MATCHING_NO_DIRECT_LLL_CONFIG,NOT_YET_PROVEN,NO_PAIRING_SPECIFIC_EVIDENCE
10,8 Titan,Titan,Vanilla,lethal_company:titan,7,DeepcoreMines,deepmines,Custom,OWNER_ASSET_MATCHING_NO_DIRECT_LLL_CONFIG,NOT_YET_PROVEN,NO_PAIRING_SPECIFIC_EVIDENCE
10,8 Titan,Titan,Vanilla,lethal_company:titan,8,LiminalHouse,LiminalHouseFlow,Custom,OWNER_ASSET_MATCHING_NO_DIRECT_LLL_CONFIG,NOT_YET_PROVEN,NO_PAIRING_SPECIFIC_EVIDENCE
10,8 Titan,Titan,Vanilla,lethal_company:titan,9,Supermarket,Supermarket,Custom,OWNER_ASSET_MATCHING_NO_DIRECT_LLL_CONFIG,NOT_YET_PROVEN,NO_PAIRING_SPECIFIC_EVIDENCE
10,8 Titan,Titan,Vanilla,lethal_company:titan,10,Bunker,BunkerFlow,Custom,DIRECT_LLL_UNIVERSAL_TAG_OVERRIDE,VIABLE_EQUAL_100,ACTIVE_LLL_TAG_OVERRIDE_VANILLA_100_PLUS_ACCEPTED_NORMALIZER
10,8 Titan,Titan,Vanilla,lethal_company:titan,11,Drains,DrainsFlow,Custom,DIRECT_LLL_UNIVERSAL_TAG_OVERRIDE,VIABLE_EQUAL_100,ACTIVE_LLL_TAG_OVERRIDE_VANILLA_100_PLUS_ACCEPTED_NORMALIZER
10,8 Titan,Titan,Vanilla,lethal_company:titan,12,Substation,SubstationFlow,Custom,DIRECT_LLL_UNIVERSAL_TAG_OVERRIDE,VIABLE_EQUAL_100,ACTIVE_LLL_TAG_OVERRIDE_VANILLA_100_PLUS_ACCEPTED_NORMALIZER
10,8 Titan,Titan,Vanilla,lethal_company:titan,13,Liminal Facility,BackroomsFlow,Custom,DIRECT_LLL_UNIVERSAL_TAG_OVERRIDE,VIABLE_EQUAL_100,ACTIVE_LLL_TAG_OVERRIDE_VANILLA_100_PLUS_ACCEPTED_NORMALIZER
10,8 Titan,Titan,Vanilla,lethal_company:titan,14,Storehouse,SHFlow,Custom,DIRECT_LLL_UNIVERSAL_TAG_OVERRIDE,VIABLE_EQUAL_100,ACTIVE_LLL_TAG_OVERRIDE_VANILLA_100_PLUS_ACCEPTED_NORMALIZER
10,8 Titan,Titan,Vanilla,lethal_company:titan,15,Tower,TowerFlow,Custom,DIRECT_LLL_UNIVERSAL_TAG_OVERRIDE,VIABLE_EQUAL_100,ACTIVE_LLL_TAG_OVERRIDE_VANILLA_100_PLUS_ACCEPTED_NORMALIZER
10,8 Titan,Titan,Vanilla,lethal_company:titan,16,Gray Apartments,GrayApartmentsFlow,Custom,OWNER_ASSET_MATCHING_NO_DIRECT_LLL_CONFIG,NOT_YET_PROVEN,NO_PAIRING_SPECIFIC_EVIDENCE
10,8 Titan,Titan,Vanilla,lethal_company:titan,17,Zeranos Gray Apartments,GrayApartmentsFlowZ,Custom,OWNER_ASSET_MATCHING_NO_DIRECT_LLL_CONFIG,NOT_YET_PROVEN,NO_PAIRING_SPECIFIC_EVIDENCE
10,8 Titan,Titan,Vanilla,lethal_company:titan,18,junkrooms,junkrooms,Custom,OWNER_ASSET_MATCHING_NO_DIRECT_LLL_CONFIG,NOT_YET_PROVEN,NO_PAIRING_SPECIFIC_EVIDENCE
10,8 Titan,Titan,Vanilla,lethal_company:titan,19,LC Office,OfficeDungeonFlow,Custom,OWNER_ASSET_MATCHING_NO_DIRECT_LLL_CONFIG,NOT_YET_PROVEN,NO_PAIRING_SPECIFIC_EVIDENCE
10,8 Titan,Titan,Vanilla,lethal_company:titan,20,Belleville Appartements,BellevilleApp,Custom,OWNER_ASSET_MATCHING_NO_DIRECT_LLL_CONFIG,NOT_YET_PROVEN,NO_PAIRING_SPECIFIC_EVIDENCE
10,8 Titan,Titan,Vanilla,lethal_company:titan,21,Crimson Keep,CrimsonKeep,Custom,OWNER_ASSET_MATCHING_NO_DIRECT_LLL_CONFIG,NOT_YET_PROVEN,NO_PAIRING_SPECIFIC_EVIDENCE
10,8 Titan,Titan,Vanilla,lethal_company:titan,22,Treatement Amenity,DungeonTreatementAnemity,Custom,OWNER_ASSET_MATCHING_NO_DIRECT_LLL_CONFIG,NOT_YET_PROVEN,NO_PAIRING_SPECIFIC_EVIDENCE
10,8 Titan,Titan,Vanilla,lethal_company:titan,23,Goldstay Hotel,GoldenHotel,Custom,OWNER_ASSET_MATCHING_NO_DIRECT_LLL_CONFIG,NOT_YET_PROVEN,NO_PAIRING_SPECIFIC_EVIDENCE
10,8 Titan,Titan,Vanilla,lethal_company:titan,24,Lead Factory,LeadFactory,Custom,OWNER_ASSET_MATCHING_NO_DIRECT_LLL_CONFIG,NOT_YET_PROVEN,NO_PAIRING_SPECIFIC_EVIDENCE
10,8 Titan,Titan,Vanilla,lethal_company:titan,25,Lantern Manor,LanternManor,Custom,OWNER_ASSET_MATCHING_NO_DIRECT_LLL_CONFIG,NOT_YET_PROVEN,NO_PAIRING_SPECIFIC_EVIDENCE
10,8 Titan,Titan,Vanilla,lethal_company:titan,26,Circus Facility,CircusFacilityFlow,Custom,DIRECT_LLL_UNIVERSAL_TAG_OVERRIDE,VIABLE_EQUAL_100,ACTIVE_LLL_TAG_OVERRIDE_VANILLA_100_PLUS_ACCEPTED_NORMALIZER
10,8 Titan,Titan,Vanilla,lethal_company:titan,27,Atlantean Citadel,AquaticDungeonFlow,Custom,DIRECT_LLL_UNIVERSAL_TAG_OVERRIDE,VIABLE_EQUAL_100,ACTIVE_LLL_TAG_OVERRIDE_VANILLA_100_PLUS_ACCEPTED_NORMALIZER
10,8 Titan,Titan,Vanilla,lethal_company:titan,28,Deep Sewers,DeepSewersFlow,Custom,DIRECT_LLL_UNIVERSAL_TAG_OVERRIDE,VIABLE_EQUAL_100,ACTIVE_LLL_TAG_OVERRIDE_VANILLA_100_PLUS_ACCEPTED_NORMALIZER
10,8 Titan,Titan,Vanilla,lethal_company:titan,29,Fractured Complex,FracturedComplexFlow,Custom,DIRECT_LLL_UNIVERSAL_TAG_OVERRIDE,VIABLE_EQUAL_100,ACTIVE_LLL_TAG_OVERRIDE_VANILLA_100_PLUS_ACCEPTED_NORMALIZER
10,8 Titan,Titan,Vanilla,lethal_company:titan,30,Greenhouse,GreenhouseFlow,Custom,DIRECT_LLL_UNIVERSAL_TAG_OVERRIDE,VIABLE_EQUAL_100,ACTIVE_LLL_TAG_OVERRIDE_VANILLA_100_PLUS_ACCEPTED_NORMALIZER
10,8 Titan,Titan,Vanilla,lethal_company:titan,31,Art Gallery,MuseumInteriorFlow,Custom,DIRECT_LLL_UNIVERSAL_TAG_OVERRIDE,VIABLE_EQUAL_100,ACTIVE_LLL_TAG_OVERRIDE_VANILLA_100_PLUS_ACCEPTED_NORMALIZER
10,8 Titan,Titan,Vanilla,lethal_company:titan,32,Decrepit store,StoreFlow,Custom,DIRECT_LLL_UNIVERSAL_TAG_OVERRIDE,VIABLE_EQUAL_100,ACTIVE_LLL_TAG_OVERRIDE_VANILLA_100_PLUS_ACCEPTED_NORMALIZER
10,8 Titan,Titan,Vanilla,lethal_company:titan,33,Expanded facility,ExpandedFacility,Custom,DIRECT_LLL_UNIVERSAL_TAG_OVERRIDE,VIABLE_EQUAL_100,ACTIVE_LLL_TAG_OVERRIDE_VANILLA_100_PLUS_ACCEPTED_NORMALIZER
10,8 Titan,Titan,Vanilla,lethal_company:titan,34,Expanded Mineshaft,Level3ButCoolFlow,Custom,DIRECT_LLL_UNIVERSAL_TAG_OVERRIDE,VIABLE_EQUAL_100,ACTIVE_LLL_TAG_OVERRIDE_VANILLA_100_PLUS_ACCEPTED_NORMALIZER
10,8 Titan,Titan,Vanilla,lethal_company:titan,35,Grand Armory,GrandArmoryFlow,Custom,DIRECT_LLL_UNIVERSAL_TAG_OVERRIDE,VIABLE_EQUAL_100,ACTIVE_LLL_TAG_OVERRIDE_VANILLA_100_PLUS_ACCEPTED_NORMALIZER
10,8 Titan,Titan,Vanilla,lethal_company:titan,36,Spooky manor,SpookyManorFlow,Custom,DIRECT_LLL_UNIVERSAL_TAG_OVERRIDE,VIABLE_EQUAL_100,ACTIVE_LLL_TAG_OVERRIDE_VANILLA_100_PLUS_ACCEPTED_NORMALIZER
10,8 Titan,Titan,Vanilla,lethal_company:titan,37,Mausoleum,MelanieMausoleum,Custom,OWNER_ASSET_MATCHING_NO_DIRECT_LLL_CONFIG,NOT_YET_PROVEN,NO_PAIRING_SPECIFIC_EVIDENCE
10,8 Titan,Titan,Vanilla,lethal_company:titan,38,Museum,MelanieMuseum,Custom,OWNER_ASSET_MATCHING_NO_DIRECT_LLL_CONFIG,NOT_YET_PROVEN,NO_PAIRING_SPECIFIC_EVIDENCE
10,8 Titan,Titan,Vanilla,lethal_company:titan,39,Raven Manor,RavenFlow,Custom,OWNER_ASSET_MATCHING_NO_DIRECT_LLL_CONFIG,NOT_YET_PROVEN,NO_PAIRING_SPECIFIC_EVIDENCE
10,8 Titan,Titan,Vanilla,lethal_company:titan,40,ScoopyCastle,CastleFlow,Custom,DIRECT_LLL_UNIVERSAL_TAG_OVERRIDE,VIABLE_EQUAL_100,ACTIVE_LLL_TAG_OVERRIDE_VANILLA_100_PLUS_ACCEPTED_NORMALIZER
10,8 Titan,Titan,Vanilla,lethal_company:titan,41,Shatteredrooms,shatteredrooms,Custom,OWNER_ASSET_MATCHING_NO_DIRECT_LLL_CONFIG,NOT_YET_PROVEN,NO_PAIRING_SPECIFIC_EVIDENCE
10,8 Titan,Titan,Vanilla,lethal_company:titan,42,Slaughterhouse,SlaughterhouseFlow,Custom,DIRECT_LLL_UNIVERSAL_TAG_OVERRIDE,VIABLE_EQUAL_100,ACTIVE_LLL_TAG_OVERRIDE_VANILLA_100_PLUS_ACCEPTED_NORMALIZER
10,8 Titan,Titan,Vanilla,lethal_company:titan,43,Spelunkers Caverns (Random),Spelunk_RandomFlow,Custom,OWNER_ASSET_MATCHING_NO_DIRECT_LLL_CONFIG,NOT_YET_PROVEN,NO_PAIRING_SPECIFIC_EVIDENCE
10,8 Titan,Titan,Vanilla,lethal_company:titan,44,Spelunkers Caverns (Basic),Spelunk_BasicFlow,Custom,OWNER_ASSET_MATCHING_NO_DIRECT_LLL_CONFIG,NOT_YET_PROVEN,NO_PAIRING_SPECIFIC_EVIDENCE
10,8 Titan,Titan,Vanilla,lethal_company:titan,45,Spelunkers Caverns (Crystal),Spelunk_CrystalFlow,Custom,OWNER_ASSET_MATCHING_NO_DIRECT_LLL_CONFIG,NOT_YET_PROVEN,NO_PAIRING_SPECIFIC_EVIDENCE
10,8 Titan,Titan,Vanilla,lethal_company:titan,46,Spelunkers Caverns (Frozen),Spelunk_FrozenFlow,Custom,OWNER_ASSET_MATCHING_NO_DIRECT_LLL_CONFIG,NOT_YET_PROVEN,NO_PAIRING_SPECIFIC_EVIDENCE
10,8 Titan,Titan,Vanilla,lethal_company:titan,47,Spelunkers Caverns (Magmatic),Spelunk_MagmaFlow,Custom,OWNER_ASSET_MATCHING_NO_DIRECT_LLL_CONFIG,NOT_YET_PROVEN,NO_PAIRING_SPECIFIC_EVIDENCE
10,8 Titan,Titan,Vanilla,lethal_company:titan,48,Spelunkers Caverns (Overgrown),Spelunk_OvergrownFlow,Custom,OWNER_ASSET_MATCHING_NO_DIRECT_LLL_CONFIG,NOT_YET_PROVEN,NO_PAIRING_SPECIFIC_EVIDENCE
10,8 Titan,Titan,Vanilla,lethal_company:titan,49,Storage Complex,StorageComplex,Custom,DIRECT_LLL_UNIVERSAL_TAG_OVERRIDE,VIABLE_EQUAL_100,ACTIVE_LLL_TAG_OVERRIDE_VANILLA_100_PLUS_ACCEPTED_NORMALIZER
10,8 Titan,Titan,Vanilla,lethal_company:titan,50,Studio Floor,StudioFlow,Custom,OWNER_ASSET_MATCHING_NO_DIRECT_LLL_CONFIG,NOT_YET_PROVEN,NO_PAIRING_SPECIFIC_EVIDENCE
10,8 Titan,Titan,Vanilla,lethal_company:titan,51,Sub Systems,SubSysFlow,Custom,OWNER_ASSET_MATCHING_NO_DIRECT_LLL_CONFIG,NOT_YET_PROVEN,NO_PAIRING_SPECIFIC_EVIDENCE
10,8 Titan,Titan,Vanilla,lethal_company:titan,52,Rubber Rooms,RubberRoomsFlow,Custom,DIRECT_LLL_UNIVERSAL_TAG_OVERRIDE,VIABLE_EQUAL_100,ACTIVE_LLL_TAG_OVERRIDE_VANILLA_100_PLUS_ACCEPTED_NORMALIZER
10,8 Titan,Titan,Vanilla,lethal_company:titan,53,Toy Store,ToystoreFlow,Custom,DIRECT_LLL_UNIVERSAL_TAG_OVERRIDE,VIABLE_EQUAL_100,ACTIVE_LLL_TAG_OVERRIDE_VANILLA_100_PLUS_ACCEPTED_NORMALIZER
11,68 Artifice,Artifice,Vanilla,lethal_company:artifice,1,Facility,Level1Flow,Vanilla,VANILLA_NATIVE_LLL_MATCHING,NOT_YET_PROVEN,NO_PAIRING_SPECIFIC_EVIDENCE
11,68 Artifice,Artifice,Vanilla,lethal_company:artifice,2,Haunted Mansion,Level2Flow,Vanilla,VANILLA_NATIVE_LLL_MATCHING,NOT_YET_PROVEN,NO_PAIRING_SPECIFIC_EVIDENCE
11,68 Artifice,Artifice,Vanilla,lethal_company:artifice,3,Mineshaft,Level3Flow,Vanilla,VANILLA_NATIVE_LLL_MATCHING,NOT_YET_PROVEN,NO_PAIRING_SPECIFIC_EVIDENCE
11,68 Artifice,Artifice,Vanilla,lethal_company:artifice,4,Black Mesa,Black Mesa,External,DAWNLIB_NATIVE_BLACK_MESA_WEIGHT_RULE,VIABLE_EQUAL_100,BLACK_MESA_NATIVE_DAWNLIB_VANILLA_100_PLUS_ACCEPTED_NORMALIZER
11,68 Artifice,Artifice,Vanilla,lethal_company:artifice,5,Abandoned Foundry,FoundryFlow,Custom,OWNER_ASSET_MATCHING_NO_DIRECT_LLL_CONFIG,NOT_YET_PROVEN,NO_PAIRING_SPECIFIC_EVIDENCE
11,68 Artifice,Artifice,Vanilla,lethal_company:artifice,6,ACF Site,ResearchStationFlow,Custom,OWNER_ASSET_MATCHING_NO_DIRECT_LLL_CONFIG,NOT_YET_PROVEN,NO_PAIRING_SPECIFIC_EVIDENCE
11,68 Artifice,Artifice,Vanilla,lethal_company:artifice,7,DeepcoreMines,deepmines,Custom,OWNER_ASSET_MATCHING_NO_DIRECT_LLL_CONFIG,NOT_YET_PROVEN,NO_PAIRING_SPECIFIC_EVIDENCE
11,68 Artifice,Artifice,Vanilla,lethal_company:artifice,8,LiminalHouse,LiminalHouseFlow,Custom,OWNER_ASSET_MATCHING_NO_DIRECT_LLL_CONFIG,NOT_YET_PROVEN,NO_PAIRING_SPECIFIC_EVIDENCE
11,68 Artifice,Artifice,Vanilla,lethal_company:artifice,9,Supermarket,Supermarket,Custom,OWNER_ASSET_MATCHING_NO_DIRECT_LLL_CONFIG,NOT_YET_PROVEN,NO_PAIRING_SPECIFIC_EVIDENCE
11,68 Artifice,Artifice,Vanilla,lethal_company:artifice,10,Bunker,BunkerFlow,Custom,DIRECT_LLL_UNIVERSAL_TAG_OVERRIDE,VIABLE_EQUAL_100,ACTIVE_LLL_TAG_OVERRIDE_VANILLA_100_PLUS_ACCEPTED_NORMALIZER
11,68 Artifice,Artifice,Vanilla,lethal_company:artifice,11,Drains,DrainsFlow,Custom,DIRECT_LLL_UNIVERSAL_TAG_OVERRIDE,VIABLE_EQUAL_100,ACTIVE_LLL_TAG_OVERRIDE_VANILLA_100_PLUS_ACCEPTED_NORMALIZER
11,68 Artifice,Artifice,Vanilla,lethal_company:artifice,12,Substation,SubstationFlow,Custom,DIRECT_LLL_UNIVERSAL_TAG_OVERRIDE,VIABLE_EQUAL_100,ACTIVE_LLL_TAG_OVERRIDE_VANILLA_100_PLUS_ACCEPTED_NORMALIZER
11,68 Artifice,Artifice,Vanilla,lethal_company:artifice,13,Liminal Facility,BackroomsFlow,Custom,DIRECT_LLL_UNIVERSAL_TAG_OVERRIDE,VIABLE_EQUAL_100,ACTIVE_LLL_TAG_OVERRIDE_VANILLA_100_PLUS_ACCEPTED_NORMALIZER
11,68 Artifice,Artifice,Vanilla,lethal_company:artifice,14,Storehouse,SHFlow,Custom,DIRECT_LLL_UNIVERSAL_TAG_OVERRIDE,VIABLE_EQUAL_100,ACTIVE_LLL_TAG_OVERRIDE_VANILLA_100_PLUS_ACCEPTED_NORMALIZER
11,68 Artifice,Artifice,Vanilla,lethal_company:artifice,15,Tower,TowerFlow,Custom,DIRECT_LLL_UNIVERSAL_TAG_OVERRIDE,VIABLE_EQUAL_100,ACTIVE_LLL_TAG_OVERRIDE_VANILLA_100_PLUS_ACCEPTED_NORMALIZER
11,68 Artifice,Artifice,Vanilla,lethal_company:artifice,16,Gray Apartments,GrayApartmentsFlow,Custom,OWNER_ASSET_MATCHING_NO_DIRECT_LLL_CONFIG,NOT_YET_PROVEN,NO_PAIRING_SPECIFIC_EVIDENCE
11,68 Artifice,Artifice,Vanilla,lethal_company:artifice,17,Zeranos Gray Apartments,GrayApartmentsFlowZ,Custom,OWNER_ASSET_MATCHING_NO_DIRECT_LLL_CONFIG,NOT_YET_PROVEN,NO_PAIRING_SPECIFIC_EVIDENCE
11,68 Artifice,Artifice,Vanilla,lethal_company:artifice,18,junkrooms,junkrooms,Custom,OWNER_ASSET_MATCHING_NO_DIRECT_LLL_CONFIG,NOT_YET_PROVEN,NO_PAIRING_SPECIFIC_EVIDENCE
11,68 Artifice,Artifice,Vanilla,lethal_company:artifice,19,LC Office,OfficeDungeonFlow,Custom,OWNER_ASSET_MATCHING_NO_DIRECT_LLL_CONFIG,NOT_YET_PROVEN,NO_PAIRING_SPECIFIC_EVIDENCE
11,68 Artifice,Artifice,Vanilla,lethal_company:artifice,20,Belleville Appartements,BellevilleApp,Custom,OWNER_ASSET_MATCHING_NO_DIRECT_LLL_CONFIG,NOT_YET_PROVEN,NO_PAIRING_SPECIFIC_EVIDENCE
11,68 Artifice,Artifice,Vanilla,lethal_company:artifice,21,Crimson Keep,CrimsonKeep,Custom,OWNER_ASSET_MATCHING_NO_DIRECT_LLL_CONFIG,NOT_YET_PROVEN,NO_PAIRING_SPECIFIC_EVIDENCE
11,68 Artifice,Artifice,Vanilla,lethal_company:artifice,22,Treatement Amenity,DungeonTreatementAnemity,Custom,OWNER_ASSET_MATCHING_NO_DIRECT_LLL_CONFIG,NOT_YET_PROVEN,NO_PAIRING_SPECIFIC_EVIDENCE
11,68 Artifice,Artifice,Vanilla,lethal_company:artifice,23,Goldstay Hotel,GoldenHotel,Custom,OWNER_ASSET_MATCHING_NO_DIRECT_LLL_CONFIG,NOT_YET_PROVEN,NO_PAIRING_SPECIFIC_EVIDENCE
11,68 Artifice,Artifice,Vanilla,lethal_company:artifice,24,Lead Factory,LeadFactory,Custom,OWNER_ASSET_MATCHING_NO_DIRECT_LLL_CONFIG,NOT_YET_PROVEN,NO_PAIRING_SPECIFIC_EVIDENCE
11,68 Artifice,Artifice,Vanilla,lethal_company:artifice,25,Lantern Manor,LanternManor,Custom,OWNER_ASSET_MATCHING_NO_DIRECT_LLL_CONFIG,NOT_YET_PROVEN,NO_PAIRING_SPECIFIC_EVIDENCE
11,68 Artifice,Artifice,Vanilla,lethal_company:artifice,26,Circus Facility,CircusFacilityFlow,Custom,DIRECT_LLL_UNIVERSAL_TAG_OVERRIDE,VIABLE_EQUAL_100,ACTIVE_LLL_TAG_OVERRIDE_VANILLA_100_PLUS_ACCEPTED_NORMALIZER
11,68 Artifice,Artifice,Vanilla,lethal_company:artifice,27,Atlantean Citadel,AquaticDungeonFlow,Custom,DIRECT_LLL_UNIVERSAL_TAG_OVERRIDE,VIABLE_EQUAL_100,ACTIVE_LLL_TAG_OVERRIDE_VANILLA_100_PLUS_ACCEPTED_NORMALIZER
11,68 Artifice,Artifice,Vanilla,lethal_company:artifice,28,Deep Sewers,DeepSewersFlow,Custom,DIRECT_LLL_UNIVERSAL_TAG_OVERRIDE,VIABLE_EQUAL_100,ACTIVE_LLL_TAG_OVERRIDE_VANILLA_100_PLUS_ACCEPTED_NORMALIZER
11,68 Artifice,Artifice,Vanilla,lethal_company:artifice,29,Fractured Complex,FracturedComplexFlow,Custom,DIRECT_LLL_UNIVERSAL_TAG_OVERRIDE,VIABLE_EQUAL_100,ACTIVE_LLL_TAG_OVERRIDE_VANILLA_100_PLUS_ACCEPTED_NORMALIZER
11,68 Artifice,Artifice,Vanilla,lethal_company:artifice,30,Greenhouse,GreenhouseFlow,Custom,DIRECT_LLL_UNIVERSAL_TAG_OVERRIDE,VIABLE_EQUAL_100,ACTIVE_LLL_TAG_OVERRIDE_VANILLA_100_PLUS_ACCEPTED_NORMALIZER
11,68 Artifice,Artifice,Vanilla,lethal_company:artifice,31,Art Gallery,MuseumInteriorFlow,Custom,DIRECT_LLL_UNIVERSAL_TAG_OVERRIDE,VIABLE_EQUAL_100,ACTIVE_LLL_TAG_OVERRIDE_VANILLA_100_PLUS_ACCEPTED_NORMALIZER
11,68 Artifice,Artifice,Vanilla,lethal_company:artifice,32,Decrepit store,StoreFlow,Custom,DIRECT_LLL_UNIVERSAL_TAG_OVERRIDE,VIABLE_EQUAL_100,ACTIVE_LLL_TAG_OVERRIDE_VANILLA_100_PLUS_ACCEPTED_NORMALIZER
11,68 Artifice,Artifice,Vanilla,lethal_company:artifice,33,Expanded facility,ExpandedFacility,Custom,DIRECT_LLL_UNIVERSAL_TAG_OVERRIDE,VIABLE_EQUAL_100,ACTIVE_LLL_TAG_OVERRIDE_VANILLA_100_PLUS_ACCEPTED_NORMALIZER
11,68 Artifice,Artifice,Vanilla,lethal_company:artifice,34,Expanded Mineshaft,Level3ButCoolFlow,Custom,DIRECT_LLL_UNIVERSAL_TAG_OVERRIDE,VIABLE_EQUAL_100,ACTIVE_LLL_TAG_OVERRIDE_VANILLA_100_PLUS_ACCEPTED_NORMALIZER
11,68 Artifice,Artifice,Vanilla,lethal_company:artifice,35,Grand Armory,GrandArmoryFlow,Custom,DIRECT_LLL_UNIVERSAL_TAG_OVERRIDE,VIABLE_EQUAL_100,ACTIVE_LLL_TAG_OVERRIDE_VANILLA_100_PLUS_ACCEPTED_NORMALIZER
11,68 Artifice,Artifice,Vanilla,lethal_company:artifice,36,Spooky manor,SpookyManorFlow,Custom,DIRECT_LLL_UNIVERSAL_TAG_OVERRIDE,VIABLE_EQUAL_100,ACTIVE_LLL_TAG_OVERRIDE_VANILLA_100_PLUS_ACCEPTED_NORMALIZER
11,68 Artifice,Artifice,Vanilla,lethal_company:artifice,37,Mausoleum,MelanieMausoleum,Custom,OWNER_ASSET_MATCHING_NO_DIRECT_LLL_CONFIG,NOT_YET_PROVEN,NO_PAIRING_SPECIFIC_EVIDENCE
11,68 Artifice,Artifice,Vanilla,lethal_company:artifice,38,Museum,MelanieMuseum,Custom,OWNER_ASSET_MATCHING_NO_DIRECT_LLL_CONFIG,NOT_YET_PROVEN,NO_PAIRING_SPECIFIC_EVIDENCE
11,68 Artifice,Artifice,Vanilla,lethal_company:artifice,39,Raven Manor,RavenFlow,Custom,OWNER_ASSET_MATCHING_NO_DIRECT_LLL_CONFIG,NOT_YET_PROVEN,NO_PAIRING_SPECIFIC_EVIDENCE
11,68 Artifice,Artifice,Vanilla,lethal_company:artifice,40,ScoopyCastle,CastleFlow,Custom,DIRECT_LLL_UNIVERSAL_TAG_OVERRIDE,VIABLE_EQUAL_100,ACTIVE_LLL_TAG_OVERRIDE_VANILLA_100_PLUS_ACCEPTED_NORMALIZER
11,68 Artifice,Artifice,Vanilla,lethal_company:artifice,41,Shatteredrooms,shatteredrooms,Custom,OWNER_ASSET_MATCHING_NO_DIRECT_LLL_CONFIG,NOT_YET_PROVEN,NO_PAIRING_SPECIFIC_EVIDENCE
11,68 Artifice,Artifice,Vanilla,lethal_company:artifice,42,Slaughterhouse,SlaughterhouseFlow,Custom,DIRECT_LLL_UNIVERSAL_TAG_OVERRIDE,VIABLE_EQUAL_100,ACTIVE_LLL_TAG_OVERRIDE_VANILLA_100_PLUS_ACCEPTED_NORMALIZER
11,68 Artifice,Artifice,Vanilla,lethal_company:artifice,43,Spelunkers Caverns (Random),Spelunk_RandomFlow,Custom,OWNER_ASSET_MATCHING_NO_DIRECT_LLL_CONFIG,NOT_YET_PROVEN,NO_PAIRING_SPECIFIC_EVIDENCE
11,68 Artifice,Artifice,Vanilla,lethal_company:artifice,44,Spelunkers Caverns (Basic),Spelunk_BasicFlow,Custom,OWNER_ASSET_MATCHING_NO_DIRECT_LLL_CONFIG,NOT_YET_PROVEN,NO_PAIRING_SPECIFIC_EVIDENCE
11,68 Artifice,Artifice,Vanilla,lethal_company:artifice,45,Spelunkers Caverns (Crystal),Spelunk_CrystalFlow,Custom,OWNER_ASSET_MATCHING_NO_DIRECT_LLL_CONFIG,NOT_YET_PROVEN,NO_PAIRING_SPECIFIC_EVIDENCE
11,68 Artifice,Artifice,Vanilla,lethal_company:artifice,46,Spelunkers Caverns (Frozen),Spelunk_FrozenFlow,Custom,OWNER_ASSET_MATCHING_NO_DIRECT_LLL_CONFIG,NOT_YET_PROVEN,NO_PAIRING_SPECIFIC_EVIDENCE
11,68 Artifice,Artifice,Vanilla,lethal_company:artifice,47,Spelunkers Caverns (Magmatic),Spelunk_MagmaFlow,Custom,OWNER_ASSET_MATCHING_NO_DIRECT_LLL_CONFIG,NOT_YET_PROVEN,NO_PAIRING_SPECIFIC_EVIDENCE
11,68 Artifice,Artifice,Vanilla,lethal_company:artifice,48,Spelunkers Caverns (Overgrown),Spelunk_OvergrownFlow,Custom,OWNER_ASSET_MATCHING_NO_DIRECT_LLL_CONFIG,NOT_YET_PROVEN,NO_PAIRING_SPECIFIC_EVIDENCE
11,68 Artifice,Artifice,Vanilla,lethal_company:artifice,49,Storage Complex,StorageComplex,Custom,DIRECT_LLL_UNIVERSAL_TAG_OVERRIDE,VIABLE_EQUAL_100,ACTIVE_LLL_TAG_OVERRIDE_VANILLA_100_PLUS_ACCEPTED_NORMALIZER
11,68 Artifice,Artifice,Vanilla,lethal_company:artifice,50,Studio Floor,StudioFlow,Custom,OWNER_ASSET_MATCHING_NO_DIRECT_LLL_CONFIG,NOT_YET_PROVEN,NO_PAIRING_SPECIFIC_EVIDENCE
11,68 Artifice,Artifice,Vanilla,lethal_company:artifice,51,Sub Systems,SubSysFlow,Custom,OWNER_ASSET_MATCHING_NO_DIRECT_LLL_CONFIG,NOT_YET_PROVEN,NO_PAIRING_SPECIFIC_EVIDENCE
11,68 Artifice,Artifice,Vanilla,lethal_company:artifice,52,Rubber Rooms,RubberRoomsFlow,Custom,DIRECT_LLL_UNIVERSAL_TAG_OVERRIDE,VIABLE_EQUAL_100,ACTIVE_LLL_TAG_OVERRIDE_VANILLA_100_PLUS_ACCEPTED_NORMALIZER
11,68 Artifice,Artifice,Vanilla,lethal_company:artifice,53,Toy Store,ToystoreFlow,Custom,DIRECT_LLL_UNIVERSAL_TAG_OVERRIDE,VIABLE_EQUAL_100,ACTIVE_LLL_TAG_OVERRIDE_VANILLA_100_PLUS_ACCEPTED_NORMALIZER
12,44 Liquidation,Liquidation,Vanilla,lethal_company:liquidation,1,Facility,Level1Flow,Vanilla,VANILLA_NATIVE_LLL_MATCHING,NOT_YET_PROVEN,NO_PAIRING_SPECIFIC_EVIDENCE
12,44 Liquidation,Liquidation,Vanilla,lethal_company:liquidation,2,Haunted Mansion,Level2Flow,Vanilla,VANILLA_NATIVE_LLL_MATCHING,NOT_YET_PROVEN,NO_PAIRING_SPECIFIC_EVIDENCE
12,44 Liquidation,Liquidation,Vanilla,lethal_company:liquidation,3,Mineshaft,Level3Flow,Vanilla,VANILLA_NATIVE_LLL_MATCHING,NOT_YET_PROVEN,NO_PAIRING_SPECIFIC_EVIDENCE
12,44 Liquidation,Liquidation,Vanilla,lethal_company:liquidation,4,Black Mesa,Black Mesa,External,DAWNLIB_NATIVE_BLACK_MESA_WEIGHT_RULE,VIABLE_EQUAL_100,BLACK_MESA_NATIVE_DAWNLIB_VANILLA_100_PLUS_ACCEPTED_NORMALIZER
12,44 Liquidation,Liquidation,Vanilla,lethal_company:liquidation,5,Abandoned Foundry,FoundryFlow,Custom,OWNER_ASSET_MATCHING_NO_DIRECT_LLL_CONFIG,NOT_YET_PROVEN,NO_PAIRING_SPECIFIC_EVIDENCE
12,44 Liquidation,Liquidation,Vanilla,lethal_company:liquidation,6,ACF Site,ResearchStationFlow,Custom,OWNER_ASSET_MATCHING_NO_DIRECT_LLL_CONFIG,NOT_YET_PROVEN,NO_PAIRING_SPECIFIC_EVIDENCE
12,44 Liquidation,Liquidation,Vanilla,lethal_company:liquidation,7,DeepcoreMines,deepmines,Custom,OWNER_ASSET_MATCHING_NO_DIRECT_LLL_CONFIG,NOT_YET_PROVEN,NO_PAIRING_SPECIFIC_EVIDENCE
12,44 Liquidation,Liquidation,Vanilla,lethal_company:liquidation,8,LiminalHouse,LiminalHouseFlow,Custom,OWNER_ASSET_MATCHING_NO_DIRECT_LLL_CONFIG,NOT_YET_PROVEN,NO_PAIRING_SPECIFIC_EVIDENCE
12,44 Liquidation,Liquidation,Vanilla,lethal_company:liquidation,9,Supermarket,Supermarket,Custom,OWNER_ASSET_MATCHING_NO_DIRECT_LLL_CONFIG,NOT_YET_PROVEN,NO_PAIRING_SPECIFIC_EVIDENCE
12,44 Liquidation,Liquidation,Vanilla,lethal_company:liquidation,10,Bunker,BunkerFlow,Custom,DIRECT_LLL_UNIVERSAL_TAG_OVERRIDE,VIABLE_EQUAL_100,ACTIVE_LLL_TAG_OVERRIDE_VANILLA_100_PLUS_ACCEPTED_NORMALIZER
12,44 Liquidation,Liquidation,Vanilla,lethal_company:liquidation,11,Drains,DrainsFlow,Custom,DIRECT_LLL_UNIVERSAL_TAG_OVERRIDE,VIABLE_EQUAL_100,ACTIVE_LLL_TAG_OVERRIDE_VANILLA_100_PLUS_ACCEPTED_NORMALIZER
12,44 Liquidation,Liquidation,Vanilla,lethal_company:liquidation,12,Substation,SubstationFlow,Custom,DIRECT_LLL_UNIVERSAL_TAG_OVERRIDE,VIABLE_EQUAL_100,ACTIVE_LLL_TAG_OVERRIDE_VANILLA_100_PLUS_ACCEPTED_NORMALIZER
12,44 Liquidation,Liquidation,Vanilla,lethal_company:liquidation,13,Liminal Facility,BackroomsFlow,Custom,DIRECT_LLL_UNIVERSAL_TAG_OVERRIDE,VIABLE_EQUAL_100,ACTIVE_LLL_TAG_OVERRIDE_VANILLA_100_PLUS_ACCEPTED_NORMALIZER
12,44 Liquidation,Liquidation,Vanilla,lethal_company:liquidation,14,Storehouse,SHFlow,Custom,DIRECT_LLL_UNIVERSAL_TAG_OVERRIDE,VIABLE_EQUAL_100,ACTIVE_LLL_TAG_OVERRIDE_VANILLA_100_PLUS_ACCEPTED_NORMALIZER
12,44 Liquidation,Liquidation,Vanilla,lethal_company:liquidation,15,Tower,TowerFlow,Custom,DIRECT_LLL_UNIVERSAL_TAG_OVERRIDE,VIABLE_EQUAL_100,ACTIVE_LLL_TAG_OVERRIDE_VANILLA_100_PLUS_ACCEPTED_NORMALIZER
12,44 Liquidation,Liquidation,Vanilla,lethal_company:liquidation,16,Gray Apartments,GrayApartmentsFlow,Custom,OWNER_ASSET_MATCHING_NO_DIRECT_LLL_CONFIG,NOT_YET_PROVEN,NO_PAIRING_SPECIFIC_EVIDENCE
12,44 Liquidation,Liquidation,Vanilla,lethal_company:liquidation,17,Zeranos Gray Apartments,GrayApartmentsFlowZ,Custom,OWNER_ASSET_MATCHING_NO_DIRECT_LLL_CONFIG,NOT_YET_PROVEN,NO_PAIRING_SPECIFIC_EVIDENCE
12,44 Liquidation,Liquidation,Vanilla,lethal_company:liquidation,18,junkrooms,junkrooms,Custom,OWNER_ASSET_MATCHING_NO_DIRECT_LLL_CONFIG,NOT_YET_PROVEN,NO_PAIRING_SPECIFIC_EVIDENCE
12,44 Liquidation,Liquidation,Vanilla,lethal_company:liquidation,19,LC Office,OfficeDungeonFlow,Custom,OWNER_ASSET_MATCHING_NO_DIRECT_LLL_CONFIG,NOT_YET_PROVEN,NO_PAIRING_SPECIFIC_EVIDENCE
12,44 Liquidation,Liquidation,Vanilla,lethal_company:liquidation,20,Belleville Appartements,BellevilleApp,Custom,OWNER_ASSET_MATCHING_NO_DIRECT_LLL_CONFIG,NOT_YET_PROVEN,NO_PAIRING_SPECIFIC_EVIDENCE
12,44 Liquidation,Liquidation,Vanilla,lethal_company:liquidation,21,Crimson Keep,CrimsonKeep,Custom,OWNER_ASSET_MATCHING_NO_DIRECT_LLL_CONFIG,NOT_YET_PROVEN,NO_PAIRING_SPECIFIC_EVIDENCE
12,44 Liquidation,Liquidation,Vanilla,lethal_company:liquidation,22,Treatement Amenity,DungeonTreatementAnemity,Custom,OWNER_ASSET_MATCHING_NO_DIRECT_LLL_CONFIG,NOT_YET_PROVEN,NO_PAIRING_SPECIFIC_EVIDENCE
12,44 Liquidation,Liquidation,Vanilla,lethal_company:liquidation,23,Goldstay Hotel,GoldenHotel,Custom,OWNER_ASSET_MATCHING_NO_DIRECT_LLL_CONFIG,NOT_YET_PROVEN,NO_PAIRING_SPECIFIC_EVIDENCE
12,44 Liquidation,Liquidation,Vanilla,lethal_company:liquidation,24,Lead Factory,LeadFactory,Custom,OWNER_ASSET_MATCHING_NO_DIRECT_LLL_CONFIG,NOT_YET_PROVEN,NO_PAIRING_SPECIFIC_EVIDENCE
12,44 Liquidation,Liquidation,Vanilla,lethal_company:liquidation,25,Lantern Manor,LanternManor,Custom,OWNER_ASSET_MATCHING_NO_DIRECT_LLL_CONFIG,NOT_YET_PROVEN,NO_PAIRING_SPECIFIC_EVIDENCE
12,44 Liquidation,Liquidation,Vanilla,lethal_company:liquidation,26,Circus Facility,CircusFacilityFlow,Custom,DIRECT_LLL_UNIVERSAL_TAG_OVERRIDE,VIABLE_EQUAL_100,ACTIVE_LLL_TAG_OVERRIDE_VANILLA_100_PLUS_ACCEPTED_NORMALIZER
12,44 Liquidation,Liquidation,Vanilla,lethal_company:liquidation,27,Atlantean Citadel,AquaticDungeonFlow,Custom,DIRECT_LLL_UNIVERSAL_TAG_OVERRIDE,VIABLE_EQUAL_100,ACTIVE_LLL_TAG_OVERRIDE_VANILLA_100_PLUS_ACCEPTED_NORMALIZER
12,44 Liquidation,Liquidation,Vanilla,lethal_company:liquidation,28,Deep Sewers,DeepSewersFlow,Custom,DIRECT_LLL_UNIVERSAL_TAG_OVERRIDE,VIABLE_EQUAL_100,ACTIVE_LLL_TAG_OVERRIDE_VANILLA_100_PLUS_ACCEPTED_NORMALIZER
12,44 Liquidation,Liquidation,Vanilla,lethal_company:liquidation,29,Fractured Complex,FracturedComplexFlow,Custom,DIRECT_LLL_UNIVERSAL_TAG_OVERRIDE,VIABLE_EQUAL_100,ACTIVE_LLL_TAG_OVERRIDE_VANILLA_100_PLUS_ACCEPTED_NORMALIZER
12,44 Liquidation,Liquidation,Vanilla,lethal_company:liquidation,30,Greenhouse,GreenhouseFlow,Custom,DIRECT_LLL_UNIVERSAL_TAG_OVERRIDE,VIABLE_EQUAL_100,ACTIVE_LLL_TAG_OVERRIDE_VANILLA_100_PLUS_ACCEPTED_NORMALIZER
12,44 Liquidation,Liquidation,Vanilla,lethal_company:liquidation,31,Art Gallery,MuseumInteriorFlow,Custom,DIRECT_LLL_UNIVERSAL_TAG_OVERRIDE,VIABLE_EQUAL_100,ACTIVE_LLL_TAG_OVERRIDE_VANILLA_100_PLUS_ACCEPTED_NORMALIZER
12,44 Liquidation,Liquidation,Vanilla,lethal_company:liquidation,32,Decrepit store,StoreFlow,Custom,DIRECT_LLL_UNIVERSAL_TAG_OVERRIDE,VIABLE_EQUAL_100,ACTIVE_LLL_TAG_OVERRIDE_VANILLA_100_PLUS_ACCEPTED_NORMALIZER
12,44 Liquidation,Liquidation,Vanilla,lethal_company:liquidation,33,Expanded facility,ExpandedFacility,Custom,DIRECT_LLL_UNIVERSAL_TAG_OVERRIDE,VIABLE_EQUAL_100,ACTIVE_LLL_TAG_OVERRIDE_VANILLA_100_PLUS_ACCEPTED_NORMALIZER
12,44 Liquidation,Liquidation,Vanilla,lethal_company:liquidation,34,Expanded Mineshaft,Level3ButCoolFlow,Custom,DIRECT_LLL_UNIVERSAL_TAG_OVERRIDE,VIABLE_EQUAL_100,ACTIVE_LLL_TAG_OVERRIDE_VANILLA_100_PLUS_ACCEPTED_NORMALIZER
12,44 Liquidation,Liquidation,Vanilla,lethal_company:liquidation,35,Grand Armory,GrandArmoryFlow,Custom,DIRECT_LLL_UNIVERSAL_TAG_OVERRIDE,VIABLE_EQUAL_100,ACTIVE_LLL_TAG_OVERRIDE_VANILLA_100_PLUS_ACCEPTED_NORMALIZER
12,44 Liquidation,Liquidation,Vanilla,lethal_company:liquidation,36,Spooky manor,SpookyManorFlow,Custom,DIRECT_LLL_UNIVERSAL_TAG_OVERRIDE,VIABLE_EQUAL_100,ACTIVE_LLL_TAG_OVERRIDE_VANILLA_100_PLUS_ACCEPTED_NORMALIZER
12,44 Liquidation,Liquidation,Vanilla,lethal_company:liquidation,37,Mausoleum,MelanieMausoleum,Custom,OWNER_ASSET_MATCHING_NO_DIRECT_LLL_CONFIG,NOT_YET_PROVEN,NO_PAIRING_SPECIFIC_EVIDENCE
12,44 Liquidation,Liquidation,Vanilla,lethal_company:liquidation,38,Museum,MelanieMuseum,Custom,OWNER_ASSET_MATCHING_NO_DIRECT_LLL_CONFIG,NOT_YET_PROVEN,NO_PAIRING_SPECIFIC_EVIDENCE
12,44 Liquidation,Liquidation,Vanilla,lethal_company:liquidation,39,Raven Manor,RavenFlow,Custom,OWNER_ASSET_MATCHING_NO_DIRECT_LLL_CONFIG,NOT_YET_PROVEN,NO_PAIRING_SPECIFIC_EVIDENCE
12,44 Liquidation,Liquidation,Vanilla,lethal_company:liquidation,40,ScoopyCastle,CastleFlow,Custom,DIRECT_LLL_UNIVERSAL_TAG_OVERRIDE,VIABLE_EQUAL_100,ACTIVE_LLL_TAG_OVERRIDE_VANILLA_100_PLUS_ACCEPTED_NORMALIZER
12,44 Liquidation,Liquidation,Vanilla,lethal_company:liquidation,41,Shatteredrooms,shatteredrooms,Custom,OWNER_ASSET_MATCHING_NO_DIRECT_LLL_CONFIG,NOT_YET_PROVEN,NO_PAIRING_SPECIFIC_EVIDENCE
12,44 Liquidation,Liquidation,Vanilla,lethal_company:liquidation,42,Slaughterhouse,SlaughterhouseFlow,Custom,DIRECT_LLL_UNIVERSAL_TAG_OVERRIDE,VIABLE_EQUAL_100,ACTIVE_LLL_TAG_OVERRIDE_VANILLA_100_PLUS_ACCEPTED_NORMALIZER
12,44 Liquidation,Liquidation,Vanilla,lethal_company:liquidation,43,Spelunkers Caverns (Random),Spelunk_RandomFlow,Custom,OWNER_ASSET_MATCHING_NO_DIRECT_LLL_CONFIG,NOT_YET_PROVEN,NO_PAIRING_SPECIFIC_EVIDENCE
12,44 Liquidation,Liquidation,Vanilla,lethal_company:liquidation,44,Spelunkers Caverns (Basic),Spelunk_BasicFlow,Custom,OWNER_ASSET_MATCHING_NO_DIRECT_LLL_CONFIG,NOT_YET_PROVEN,NO_PAIRING_SPECIFIC_EVIDENCE
12,44 Liquidation,Liquidation,Vanilla,lethal_company:liquidation,45,Spelunkers Caverns (Crystal),Spelunk_CrystalFlow,Custom,OWNER_ASSET_MATCHING_NO_DIRECT_LLL_CONFIG,NOT_YET_PROVEN,NO_PAIRING_SPECIFIC_EVIDENCE
12,44 Liquidation,Liquidation,Vanilla,lethal_company:liquidation,46,Spelunkers Caverns (Frozen),Spelunk_FrozenFlow,Custom,OWNER_ASSET_MATCHING_NO_DIRECT_LLL_CONFIG,NOT_YET_PROVEN,NO_PAIRING_SPECIFIC_EVIDENCE
12,44 Liquidation,Liquidation,Vanilla,lethal_company:liquidation,47,Spelunkers Caverns (Magmatic),Spelunk_MagmaFlow,Custom,OWNER_ASSET_MATCHING_NO_DIRECT_LLL_CONFIG,NOT_YET_PROVEN,NO_PAIRING_SPECIFIC_EVIDENCE
12,44 Liquidation,Liquidation,Vanilla,lethal_company:liquidation,48,Spelunkers Caverns (Overgrown),Spelunk_OvergrownFlow,Custom,OWNER_ASSET_MATCHING_NO_DIRECT_LLL_CONFIG,NOT_YET_PROVEN,NO_PAIRING_SPECIFIC_EVIDENCE
12,44 Liquidation,Liquidation,Vanilla,lethal_company:liquidation,49,Storage Complex,StorageComplex,Custom,DIRECT_LLL_UNIVERSAL_TAG_OVERRIDE,VIABLE_EQUAL_100,ACTIVE_LLL_TAG_OVERRIDE_VANILLA_100_PLUS_ACCEPTED_NORMALIZER
12,44 Liquidation,Liquidation,Vanilla,lethal_company:liquidation,50,Studio Floor,StudioFlow,Custom,OWNER_ASSET_MATCHING_NO_DIRECT_LLL_CONFIG,NOT_YET_PROVEN,NO_PAIRING_SPECIFIC_EVIDENCE
12,44 Liquidation,Liquidation,Vanilla,lethal_company:liquidation,51,Sub Systems,SubSysFlow,Custom,OWNER_ASSET_MATCHING_NO_DIRECT_LLL_CONFIG,NOT_YET_PROVEN,NO_PAIRING_SPECIFIC_EVIDENCE
12,44 Liquidation,Liquidation,Vanilla,lethal_company:liquidation,52,Rubber Rooms,RubberRoomsFlow,Custom,DIRECT_LLL_UNIVERSAL_TAG_OVERRIDE,VIABLE_EQUAL_100,ACTIVE_LLL_TAG_OVERRIDE_VANILLA_100_PLUS_ACCEPTED_NORMALIZER
12,44 Liquidation,Liquidation,Vanilla,lethal_company:liquidation,53,Toy Store,ToystoreFlow,Custom,DIRECT_LLL_UNIVERSAL_TAG_OVERRIDE,VIABLE_EQUAL_100,ACTIVE_LLL_TAG_OVERRIDE_VANILLA_100_PLUS_ACCEPTED_NORMALIZER
13,5 Embrion,Embrion,Vanilla,lethal_company:embrion,1,Facility,Level1Flow,Vanilla,VANILLA_NATIVE_LLL_MATCHING,NOT_YET_PROVEN,NO_PAIRING_SPECIFIC_EVIDENCE
13,5 Embrion,Embrion,Vanilla,lethal_company:embrion,2,Haunted Mansion,Level2Flow,Vanilla,VANILLA_NATIVE_LLL_MATCHING,NOT_YET_PROVEN,NO_PAIRING_SPECIFIC_EVIDENCE
13,5 Embrion,Embrion,Vanilla,lethal_company:embrion,3,Mineshaft,Level3Flow,Vanilla,VANILLA_NATIVE_LLL_MATCHING,NOT_YET_PROVEN,NO_PAIRING_SPECIFIC_EVIDENCE
13,5 Embrion,Embrion,Vanilla,lethal_company:embrion,4,Black Mesa,Black Mesa,External,DAWNLIB_NATIVE_BLACK_MESA_WEIGHT_RULE,VIABLE_EQUAL_100,BLACK_MESA_NATIVE_DAWNLIB_VANILLA_100_PLUS_ACCEPTED_NORMALIZER
13,5 Embrion,Embrion,Vanilla,lethal_company:embrion,5,Abandoned Foundry,FoundryFlow,Custom,OWNER_ASSET_MATCHING_NO_DIRECT_LLL_CONFIG,NOT_YET_PROVEN,NO_PAIRING_SPECIFIC_EVIDENCE
13,5 Embrion,Embrion,Vanilla,lethal_company:embrion,6,ACF Site,ResearchStationFlow,Custom,OWNER_ASSET_MATCHING_NO_DIRECT_LLL_CONFIG,NOT_YET_PROVEN,NO_PAIRING_SPECIFIC_EVIDENCE
13,5 Embrion,Embrion,Vanilla,lethal_company:embrion,7,DeepcoreMines,deepmines,Custom,OWNER_ASSET_MATCHING_NO_DIRECT_LLL_CONFIG,NOT_YET_PROVEN,NO_PAIRING_SPECIFIC_EVIDENCE
13,5 Embrion,Embrion,Vanilla,lethal_company:embrion,8,LiminalHouse,LiminalHouseFlow,Custom,OWNER_ASSET_MATCHING_NO_DIRECT_LLL_CONFIG,NOT_YET_PROVEN,NO_PAIRING_SPECIFIC_EVIDENCE
13,5 Embrion,Embrion,Vanilla,lethal_company:embrion,9,Supermarket,Supermarket,Custom,OWNER_ASSET_MATCHING_NO_DIRECT_LLL_CONFIG,NOT_YET_PROVEN,NO_PAIRING_SPECIFIC_EVIDENCE
13,5 Embrion,Embrion,Vanilla,lethal_company:embrion,10,Bunker,BunkerFlow,Custom,DIRECT_LLL_UNIVERSAL_TAG_OVERRIDE,VIABLE_EQUAL_100,ACTIVE_LLL_TAG_OVERRIDE_VANILLA_100_PLUS_ACCEPTED_NORMALIZER
13,5 Embrion,Embrion,Vanilla,lethal_company:embrion,11,Drains,DrainsFlow,Custom,DIRECT_LLL_UNIVERSAL_TAG_OVERRIDE,VIABLE_EQUAL_100,ACTIVE_LLL_TAG_OVERRIDE_VANILLA_100_PLUS_ACCEPTED_NORMALIZER
13,5 Embrion,Embrion,Vanilla,lethal_company:embrion,12,Substation,SubstationFlow,Custom,DIRECT_LLL_UNIVERSAL_TAG_OVERRIDE,VIABLE_EQUAL_100,ACTIVE_LLL_TAG_OVERRIDE_VANILLA_100_PLUS_ACCEPTED_NORMALIZER
13,5 Embrion,Embrion,Vanilla,lethal_company:embrion,13,Liminal Facility,BackroomsFlow,Custom,DIRECT_LLL_UNIVERSAL_TAG_OVERRIDE,VIABLE_EQUAL_100,ACTIVE_LLL_TAG_OVERRIDE_VANILLA_100_PLUS_ACCEPTED_NORMALIZER
13,5 Embrion,Embrion,Vanilla,lethal_company:embrion,14,Storehouse,SHFlow,Custom,DIRECT_LLL_UNIVERSAL_TAG_OVERRIDE,VIABLE_EQUAL_100,ACTIVE_LLL_TAG_OVERRIDE_VANILLA_100_PLUS_ACCEPTED_NORMALIZER
13,5 Embrion,Embrion,Vanilla,lethal_company:embrion,15,Tower,TowerFlow,Custom,DIRECT_LLL_UNIVERSAL_TAG_OVERRIDE,VIABLE_EQUAL_100,ACTIVE_LLL_TAG_OVERRIDE_VANILLA_100_PLUS_ACCEPTED_NORMALIZER
13,5 Embrion,Embrion,Vanilla,lethal_company:embrion,16,Gray Apartments,GrayApartmentsFlow,Custom,OWNER_ASSET_MATCHING_NO_DIRECT_LLL_CONFIG,NOT_YET_PROVEN,NO_PAIRING_SPECIFIC_EVIDENCE
13,5 Embrion,Embrion,Vanilla,lethal_company:embrion,17,Zeranos Gray Apartments,GrayApartmentsFlowZ,Custom,OWNER_ASSET_MATCHING_NO_DIRECT_LLL_CONFIG,NOT_YET_PROVEN,NO_PAIRING_SPECIFIC_EVIDENCE
13,5 Embrion,Embrion,Vanilla,lethal_company:embrion,18,junkrooms,junkrooms,Custom,OWNER_ASSET_MATCHING_NO_DIRECT_LLL_CONFIG,NOT_YET_PROVEN,NO_PAIRING_SPECIFIC_EVIDENCE
13,5 Embrion,Embrion,Vanilla,lethal_company:embrion,19,LC Office,OfficeDungeonFlow,Custom,OWNER_ASSET_MATCHING_NO_DIRECT_LLL_CONFIG,NOT_YET_PROVEN,NO_PAIRING_SPECIFIC_EVIDENCE
13,5 Embrion,Embrion,Vanilla,lethal_company:embrion,20,Belleville Appartements,BellevilleApp,Custom,OWNER_ASSET_MATCHING_NO_DIRECT_LLL_CONFIG,NOT_YET_PROVEN,NO_PAIRING_SPECIFIC_EVIDENCE
13,5 Embrion,Embrion,Vanilla,lethal_company:embrion,21,Crimson Keep,CrimsonKeep,Custom,OWNER_ASSET_MATCHING_NO_DIRECT_LLL_CONFIG,NOT_YET_PROVEN,NO_PAIRING_SPECIFIC_EVIDENCE
13,5 Embrion,Embrion,Vanilla,lethal_company:embrion,22,Treatement Amenity,DungeonTreatementAnemity,Custom,OWNER_ASSET_MATCHING_NO_DIRECT_LLL_CONFIG,NOT_YET_PROVEN,NO_PAIRING_SPECIFIC_EVIDENCE
13,5 Embrion,Embrion,Vanilla,lethal_company:embrion,23,Goldstay Hotel,GoldenHotel,Custom,OWNER_ASSET_MATCHING_NO_DIRECT_LLL_CONFIG,NOT_YET_PROVEN,NO_PAIRING_SPECIFIC_EVIDENCE
13,5 Embrion,Embrion,Vanilla,lethal_company:embrion,24,Lead Factory,LeadFactory,Custom,OWNER_ASSET_MATCHING_NO_DIRECT_LLL_CONFIG,NOT_YET_PROVEN,NO_PAIRING_SPECIFIC_EVIDENCE
13,5 Embrion,Embrion,Vanilla,lethal_company:embrion,25,Lantern Manor,LanternManor,Custom,OWNER_ASSET_MATCHING_NO_DIRECT_LLL_CONFIG,NOT_YET_PROVEN,NO_PAIRING_SPECIFIC_EVIDENCE
13,5 Embrion,Embrion,Vanilla,lethal_company:embrion,26,Circus Facility,CircusFacilityFlow,Custom,DIRECT_LLL_UNIVERSAL_TAG_OVERRIDE,VIABLE_EQUAL_100,ACTIVE_LLL_TAG_OVERRIDE_VANILLA_100_PLUS_ACCEPTED_NORMALIZER
13,5 Embrion,Embrion,Vanilla,lethal_company:embrion,27,Atlantean Citadel,AquaticDungeonFlow,Custom,DIRECT_LLL_UNIVERSAL_TAG_OVERRIDE,VIABLE_EQUAL_100,ACTIVE_LLL_TAG_OVERRIDE_VANILLA_100_PLUS_ACCEPTED_NORMALIZER
13,5 Embrion,Embrion,Vanilla,lethal_company:embrion,28,Deep Sewers,DeepSewersFlow,Custom,DIRECT_LLL_UNIVERSAL_TAG_OVERRIDE,VIABLE_EQUAL_100,ACTIVE_LLL_TAG_OVERRIDE_VANILLA_100_PLUS_ACCEPTED_NORMALIZER
13,5 Embrion,Embrion,Vanilla,lethal_company:embrion,29,Fractured Complex,FracturedComplexFlow,Custom,DIRECT_LLL_UNIVERSAL_TAG_OVERRIDE,VIABLE_EQUAL_100,ACTIVE_LLL_TAG_OVERRIDE_VANILLA_100_PLUS_ACCEPTED_NORMALIZER
13,5 Embrion,Embrion,Vanilla,lethal_company:embrion,30,Greenhouse,GreenhouseFlow,Custom,DIRECT_LLL_UNIVERSAL_TAG_OVERRIDE,VIABLE_EQUAL_100,ACTIVE_LLL_TAG_OVERRIDE_VANILLA_100_PLUS_ACCEPTED_NORMALIZER
13,5 Embrion,Embrion,Vanilla,lethal_company:embrion,31,Art Gallery,MuseumInteriorFlow,Custom,DIRECT_LLL_UNIVERSAL_TAG_OVERRIDE,VIABLE_EQUAL_100,ACTIVE_LLL_TAG_OVERRIDE_VANILLA_100_PLUS_ACCEPTED_NORMALIZER
13,5 Embrion,Embrion,Vanilla,lethal_company:embrion,32,Decrepit store,StoreFlow,Custom,DIRECT_LLL_UNIVERSAL_TAG_OVERRIDE,VIABLE_EQUAL_100,ACTIVE_LLL_TAG_OVERRIDE_VANILLA_100_PLUS_ACCEPTED_NORMALIZER
13,5 Embrion,Embrion,Vanilla,lethal_company:embrion,33,Expanded facility,ExpandedFacility,Custom,DIRECT_LLL_UNIVERSAL_TAG_OVERRIDE,VIABLE_EQUAL_100,ACTIVE_LLL_TAG_OVERRIDE_VANILLA_100_PLUS_ACCEPTED_NORMALIZER
13,5 Embrion,Embrion,Vanilla,lethal_company:embrion,34,Expanded Mineshaft,Level3ButCoolFlow,Custom,DIRECT_LLL_UNIVERSAL_TAG_OVERRIDE,VIABLE_EQUAL_100,ACTIVE_LLL_TAG_OVERRIDE_VANILLA_100_PLUS_ACCEPTED_NORMALIZER
13,5 Embrion,Embrion,Vanilla,lethal_company:embrion,35,Grand Armory,GrandArmoryFlow,Custom,DIRECT_LLL_UNIVERSAL_TAG_OVERRIDE,VIABLE_EQUAL_100,ACTIVE_LLL_TAG_OVERRIDE_VANILLA_100_PLUS_ACCEPTED_NORMALIZER
13,5 Embrion,Embrion,Vanilla,lethal_company:embrion,36,Spooky manor,SpookyManorFlow,Custom,DIRECT_LLL_UNIVERSAL_TAG_OVERRIDE,VIABLE_EQUAL_100,ACTIVE_LLL_TAG_OVERRIDE_VANILLA_100_PLUS_ACCEPTED_NORMALIZER
13,5 Embrion,Embrion,Vanilla,lethal_company:embrion,37,Mausoleum,MelanieMausoleum,Custom,OWNER_ASSET_MATCHING_NO_DIRECT_LLL_CONFIG,NOT_YET_PROVEN,NO_PAIRING_SPECIFIC_EVIDENCE
13,5 Embrion,Embrion,Vanilla,lethal_company:embrion,38,Museum,MelanieMuseum,Custom,OWNER_ASSET_MATCHING_NO_DIRECT_LLL_CONFIG,NOT_YET_PROVEN,NO_PAIRING_SPECIFIC_EVIDENCE
13,5 Embrion,Embrion,Vanilla,lethal_company:embrion,39,Raven Manor,RavenFlow,Custom,OWNER_ASSET_MATCHING_NO_DIRECT_LLL_CONFIG,NOT_YET_PROVEN,NO_PAIRING_SPECIFIC_EVIDENCE
13,5 Embrion,Embrion,Vanilla,lethal_company:embrion,40,ScoopyCastle,CastleFlow,Custom,DIRECT_LLL_UNIVERSAL_TAG_OVERRIDE,VIABLE_EQUAL_100,ACTIVE_LLL_TAG_OVERRIDE_VANILLA_100_PLUS_ACCEPTED_NORMALIZER
13,5 Embrion,Embrion,Vanilla,lethal_company:embrion,41,Shatteredrooms,shatteredrooms,Custom,OWNER_ASSET_MATCHING_NO_DIRECT_LLL_CONFIG,AUTHOR_OR_OWNER_HARD_BLOCK,EXPLICIT_SHATTEREDROOMS_OWNER_RESTRICTION
13,5 Embrion,Embrion,Vanilla,lethal_company:embrion,42,Slaughterhouse,SlaughterhouseFlow,Custom,DIRECT_LLL_UNIVERSAL_TAG_OVERRIDE,VIABLE_EQUAL_100,ACTIVE_LLL_TAG_OVERRIDE_VANILLA_100_PLUS_ACCEPTED_NORMALIZER
13,5 Embrion,Embrion,Vanilla,lethal_company:embrion,43,Spelunkers Caverns (Random),Spelunk_RandomFlow,Custom,OWNER_ASSET_MATCHING_NO_DIRECT_LLL_CONFIG,NOT_YET_PROVEN,NO_PAIRING_SPECIFIC_EVIDENCE
13,5 Embrion,Embrion,Vanilla,lethal_company:embrion,44,Spelunkers Caverns (Basic),Spelunk_BasicFlow,Custom,OWNER_ASSET_MATCHING_NO_DIRECT_LLL_CONFIG,NOT_YET_PROVEN,NO_PAIRING_SPECIFIC_EVIDENCE
13,5 Embrion,Embrion,Vanilla,lethal_company:embrion,45,Spelunkers Caverns (Crystal),Spelunk_CrystalFlow,Custom,OWNER_ASSET_MATCHING_NO_DIRECT_LLL_CONFIG,NOT_YET_PROVEN,NO_PAIRING_SPECIFIC_EVIDENCE
13,5 Embrion,Embrion,Vanilla,lethal_company:embrion,46,Spelunkers Caverns (Frozen),Spelunk_FrozenFlow,Custom,OWNER_ASSET_MATCHING_NO_DIRECT_LLL_CONFIG,NOT_YET_PROVEN,NO_PAIRING_SPECIFIC_EVIDENCE
13,5 Embrion,Embrion,Vanilla,lethal_company:embrion,47,Spelunkers Caverns (Magmatic),Spelunk_MagmaFlow,Custom,OWNER_ASSET_MATCHING_NO_DIRECT_LLL_CONFIG,NOT_YET_PROVEN,NO_PAIRING_SPECIFIC_EVIDENCE
13,5 Embrion,Embrion,Vanilla,lethal_company:embrion,48,Spelunkers Caverns (Overgrown),Spelunk_OvergrownFlow,Custom,OWNER_ASSET_MATCHING_NO_DIRECT_LLL_CONFIG,NOT_YET_PROVEN,NO_PAIRING_SPECIFIC_EVIDENCE
13,5 Embrion,Embrion,Vanilla,lethal_company:embrion,49,Storage Complex,StorageComplex,Custom,DIRECT_LLL_UNIVERSAL_TAG_OVERRIDE,VIABLE_EQUAL_100,ACTIVE_LLL_TAG_OVERRIDE_VANILLA_100_PLUS_ACCEPTED_NORMALIZER
13,5 Embrion,Embrion,Vanilla,lethal_company:embrion,50,Studio Floor,StudioFlow,Custom,OWNER_ASSET_MATCHING_NO_DIRECT_LLL_CONFIG,NOT_YET_PROVEN,NO_PAIRING_SPECIFIC_EVIDENCE
13,5 Embrion,Embrion,Vanilla,lethal_company:embrion,51,Sub Systems,SubSysFlow,Custom,OWNER_ASSET_MATCHING_NO_DIRECT_LLL_CONFIG,NOT_YET_PROVEN,NO_PAIRING_SPECIFIC_EVIDENCE
13,5 Embrion,Embrion,Vanilla,lethal_company:embrion,52,Rubber Rooms,RubberRoomsFlow,Custom,DIRECT_LLL_UNIVERSAL_TAG_OVERRIDE,VIABLE_EQUAL_100,ACTIVE_LLL_TAG_OVERRIDE_VANILLA_100_PLUS_ACCEPTED_NORMALIZER
13,5 Embrion,Embrion,Vanilla,lethal_company:embrion,53,Toy Store,ToystoreFlow,Custom,DIRECT_LLL_UNIVERSAL_TAG_OVERRIDE,VIABLE_EQUAL_100,ACTIVE_LLL_TAG_OVERRIDE_VANILLA_100_PLUS_ACCEPTED_NORMALIZER
14,10 EGypt,EGypt,Custom,egypt:egypt,1,Facility,Level1Flow,Vanilla,VANILLA_NATIVE_LLL_MATCHING,NOT_YET_PROVEN,NO_PAIRING_SPECIFIC_EVIDENCE
14,10 EGypt,EGypt,Custom,egypt:egypt,2,Haunted Mansion,Level2Flow,Vanilla,VANILLA_NATIVE_LLL_MATCHING,NOT_YET_PROVEN,NO_PAIRING_SPECIFIC_EVIDENCE
14,10 EGypt,EGypt,Custom,egypt:egypt,3,Mineshaft,Level3Flow,Vanilla,VANILLA_NATIVE_LLL_MATCHING,NOT_YET_PROVEN,NO_PAIRING_SPECIFIC_EVIDENCE
14,10 EGypt,EGypt,Custom,egypt:egypt,4,Black Mesa,Black Mesa,External,DAWNLIB_NATIVE_BLACK_MESA_WEIGHT_RULE,VIABLE_EQUAL_100,BLACK_MESA_NATIVE_DAWNLIB_CUSTOM_100_PLUS_ACCEPTED_NORMALIZER
14,10 EGypt,EGypt,Custom,egypt:egypt,5,Abandoned Foundry,FoundryFlow,Custom,OWNER_ASSET_MATCHING_NO_DIRECT_LLL_CONFIG,NOT_YET_PROVEN,NO_PAIRING_SPECIFIC_EVIDENCE
14,10 EGypt,EGypt,Custom,egypt:egypt,6,ACF Site,ResearchStationFlow,Custom,OWNER_ASSET_MATCHING_NO_DIRECT_LLL_CONFIG,NOT_YET_PROVEN,NO_PAIRING_SPECIFIC_EVIDENCE
14,10 EGypt,EGypt,Custom,egypt:egypt,7,DeepcoreMines,deepmines,Custom,OWNER_ASSET_MATCHING_NO_DIRECT_LLL_CONFIG,NOT_YET_PROVEN,NO_PAIRING_SPECIFIC_EVIDENCE
14,10 EGypt,EGypt,Custom,egypt:egypt,8,LiminalHouse,LiminalHouseFlow,Custom,OWNER_ASSET_MATCHING_NO_DIRECT_LLL_CONFIG,NOT_YET_PROVEN,NO_PAIRING_SPECIFIC_EVIDENCE
14,10 EGypt,EGypt,Custom,egypt:egypt,9,Supermarket,Supermarket,Custom,OWNER_ASSET_MATCHING_NO_DIRECT_LLL_CONFIG,NOT_YET_PROVEN,NO_PAIRING_SPECIFIC_EVIDENCE
14,10 EGypt,EGypt,Custom,egypt:egypt,10,Bunker,BunkerFlow,Custom,DIRECT_LLL_UNIVERSAL_TAG_OVERRIDE,VIABLE_EQUAL_100,ACTIVE_LLL_TAG_OVERRIDE_CUSTOM_100_PLUS_ACCEPTED_NORMALIZER
14,10 EGypt,EGypt,Custom,egypt:egypt,11,Drains,DrainsFlow,Custom,DIRECT_LLL_UNIVERSAL_TAG_OVERRIDE,VIABLE_EQUAL_100,ACTIVE_LLL_TAG_OVERRIDE_CUSTOM_100_PLUS_ACCEPTED_NORMALIZER
14,10 EGypt,EGypt,Custom,egypt:egypt,12,Substation,SubstationFlow,Custom,DIRECT_LLL_UNIVERSAL_TAG_OVERRIDE,VIABLE_EQUAL_100,ACTIVE_LLL_TAG_OVERRIDE_CUSTOM_100_PLUS_ACCEPTED_NORMALIZER
14,10 EGypt,EGypt,Custom,egypt:egypt,13,Liminal Facility,BackroomsFlow,Custom,DIRECT_LLL_UNIVERSAL_TAG_OVERRIDE,VIABLE_EQUAL_100,ACTIVE_LLL_TAG_OVERRIDE_CUSTOM_100_PLUS_ACCEPTED_NORMALIZER
14,10 EGypt,EGypt,Custom,egypt:egypt,14,Storehouse,SHFlow,Custom,DIRECT_LLL_UNIVERSAL_TAG_OVERRIDE,VIABLE_EQUAL_100,ACTIVE_LLL_TAG_OVERRIDE_CUSTOM_100_PLUS_ACCEPTED_NORMALIZER
14,10 EGypt,EGypt,Custom,egypt:egypt,15,Tower,TowerFlow,Custom,DIRECT_LLL_UNIVERSAL_TAG_OVERRIDE,VIABLE_EQUAL_100,ACTIVE_LLL_TAG_OVERRIDE_CUSTOM_100_PLUS_ACCEPTED_NORMALIZER
14,10 EGypt,EGypt,Custom,egypt:egypt,16,Gray Apartments,GrayApartmentsFlow,Custom,OWNER_ASSET_MATCHING_NO_DIRECT_LLL_CONFIG,NOT_YET_PROVEN,NO_PAIRING_SPECIFIC_EVIDENCE
14,10 EGypt,EGypt,Custom,egypt:egypt,17,Zeranos Gray Apartments,GrayApartmentsFlowZ,Custom,OWNER_ASSET_MATCHING_NO_DIRECT_LLL_CONFIG,NOT_YET_PROVEN,NO_PAIRING_SPECIFIC_EVIDENCE
14,10 EGypt,EGypt,Custom,egypt:egypt,18,junkrooms,junkrooms,Custom,OWNER_ASSET_MATCHING_NO_DIRECT_LLL_CONFIG,NOT_YET_PROVEN,NO_PAIRING_SPECIFIC_EVIDENCE
14,10 EGypt,EGypt,Custom,egypt:egypt,19,LC Office,OfficeDungeonFlow,Custom,OWNER_ASSET_MATCHING_NO_DIRECT_LLL_CONFIG,NOT_YET_PROVEN,NO_PAIRING_SPECIFIC_EVIDENCE
14,10 EGypt,EGypt,Custom,egypt:egypt,20,Belleville Appartements,BellevilleApp,Custom,OWNER_ASSET_MATCHING_NO_DIRECT_LLL_CONFIG,NOT_YET_PROVEN,NO_PAIRING_SPECIFIC_EVIDENCE
14,10 EGypt,EGypt,Custom,egypt:egypt,21,Crimson Keep,CrimsonKeep,Custom,OWNER_ASSET_MATCHING_NO_DIRECT_LLL_CONFIG,NOT_YET_PROVEN,NO_PAIRING_SPECIFIC_EVIDENCE
14,10 EGypt,EGypt,Custom,egypt:egypt,22,Treatement Amenity,DungeonTreatementAnemity,Custom,OWNER_ASSET_MATCHING_NO_DIRECT_LLL_CONFIG,NOT_YET_PROVEN,NO_PAIRING_SPECIFIC_EVIDENCE
14,10 EGypt,EGypt,Custom,egypt:egypt,23,Goldstay Hotel,GoldenHotel,Custom,OWNER_ASSET_MATCHING_NO_DIRECT_LLL_CONFIG,NOT_YET_PROVEN,NO_PAIRING_SPECIFIC_EVIDENCE
14,10 EGypt,EGypt,Custom,egypt:egypt,24,Lead Factory,LeadFactory,Custom,OWNER_ASSET_MATCHING_NO_DIRECT_LLL_CONFIG,NOT_YET_PROVEN,NO_PAIRING_SPECIFIC_EVIDENCE
14,10 EGypt,EGypt,Custom,egypt:egypt,25,Lantern Manor,LanternManor,Custom,OWNER_ASSET_MATCHING_NO_DIRECT_LLL_CONFIG,NOT_YET_PROVEN,NO_PAIRING_SPECIFIC_EVIDENCE
14,10 EGypt,EGypt,Custom,egypt:egypt,26,Circus Facility,CircusFacilityFlow,Custom,DIRECT_LLL_UNIVERSAL_TAG_OVERRIDE,VIABLE_EQUAL_100,ACTIVE_LLL_TAG_OVERRIDE_CUSTOM_100_PLUS_ACCEPTED_NORMALIZER
14,10 EGypt,EGypt,Custom,egypt:egypt,27,Atlantean Citadel,AquaticDungeonFlow,Custom,DIRECT_LLL_UNIVERSAL_TAG_OVERRIDE,VIABLE_EQUAL_100,ACTIVE_LLL_TAG_OVERRIDE_CUSTOM_100_PLUS_ACCEPTED_NORMALIZER
14,10 EGypt,EGypt,Custom,egypt:egypt,28,Deep Sewers,DeepSewersFlow,Custom,DIRECT_LLL_UNIVERSAL_TAG_OVERRIDE,VIABLE_EQUAL_100,ACTIVE_LLL_TAG_OVERRIDE_CUSTOM_100_PLUS_ACCEPTED_NORMALIZER
14,10 EGypt,EGypt,Custom,egypt:egypt,29,Fractured Complex,FracturedComplexFlow,Custom,DIRECT_LLL_UNIVERSAL_TAG_OVERRIDE,VIABLE_EQUAL_100,ACTIVE_LLL_TAG_OVERRIDE_CUSTOM_100_PLUS_ACCEPTED_NORMALIZER
14,10 EGypt,EGypt,Custom,egypt:egypt,30,Greenhouse,GreenhouseFlow,Custom,DIRECT_LLL_UNIVERSAL_TAG_OVERRIDE,VIABLE_EQUAL_100,ACTIVE_LLL_TAG_OVERRIDE_CUSTOM_100_PLUS_ACCEPTED_NORMALIZER
14,10 EGypt,EGypt,Custom,egypt:egypt,31,Art Gallery,MuseumInteriorFlow,Custom,DIRECT_LLL_UNIVERSAL_TAG_OVERRIDE,VIABLE_EQUAL_100,ACTIVE_LLL_TAG_OVERRIDE_CUSTOM_100_PLUS_ACCEPTED_NORMALIZER
14,10 EGypt,EGypt,Custom,egypt:egypt,32,Decrepit store,StoreFlow,Custom,DIRECT_LLL_UNIVERSAL_TAG_OVERRIDE,VIABLE_EQUAL_100,ACTIVE_LLL_TAG_OVERRIDE_CUSTOM_100_PLUS_ACCEPTED_NORMALIZER
14,10 EGypt,EGypt,Custom,egypt:egypt,33,Expanded facility,ExpandedFacility,Custom,DIRECT_LLL_UNIVERSAL_TAG_OVERRIDE,VIABLE_EQUAL_100,ACTIVE_LLL_TAG_OVERRIDE_CUSTOM_100_PLUS_ACCEPTED_NORMALIZER
14,10 EGypt,EGypt,Custom,egypt:egypt,34,Expanded Mineshaft,Level3ButCoolFlow,Custom,DIRECT_LLL_UNIVERSAL_TAG_OVERRIDE,VIABLE_EQUAL_100,ACTIVE_LLL_TAG_OVERRIDE_CUSTOM_100_PLUS_ACCEPTED_NORMALIZER
14,10 EGypt,EGypt,Custom,egypt:egypt,35,Grand Armory,GrandArmoryFlow,Custom,DIRECT_LLL_UNIVERSAL_TAG_OVERRIDE,VIABLE_EQUAL_100,ACTIVE_LLL_TAG_OVERRIDE_CUSTOM_100_PLUS_ACCEPTED_NORMALIZER
14,10 EGypt,EGypt,Custom,egypt:egypt,36,Spooky manor,SpookyManorFlow,Custom,DIRECT_LLL_UNIVERSAL_TAG_OVERRIDE,VIABLE_EQUAL_100,ACTIVE_LLL_TAG_OVERRIDE_CUSTOM_100_PLUS_ACCEPTED_NORMALIZER
14,10 EGypt,EGypt,Custom,egypt:egypt,37,Mausoleum,MelanieMausoleum,Custom,OWNER_ASSET_MATCHING_NO_DIRECT_LLL_CONFIG,NOT_YET_PROVEN,NO_PAIRING_SPECIFIC_EVIDENCE
14,10 EGypt,EGypt,Custom,egypt:egypt,38,Museum,MelanieMuseum,Custom,OWNER_ASSET_MATCHING_NO_DIRECT_LLL_CONFIG,NOT_YET_PROVEN,NO_PAIRING_SPECIFIC_EVIDENCE
14,10 EGypt,EGypt,Custom,egypt:egypt,39,Raven Manor,RavenFlow,Custom,OWNER_ASSET_MATCHING_NO_DIRECT_LLL_CONFIG,NOT_YET_PROVEN,NO_PAIRING_SPECIFIC_EVIDENCE
14,10 EGypt,EGypt,Custom,egypt:egypt,40,ScoopyCastle,CastleFlow,Custom,DIRECT_LLL_UNIVERSAL_TAG_OVERRIDE,VIABLE_EQUAL_100,ACTIVE_LLL_TAG_OVERRIDE_CUSTOM_100_PLUS_ACCEPTED_NORMALIZER
14,10 EGypt,EGypt,Custom,egypt:egypt,41,Shatteredrooms,shatteredrooms,Custom,OWNER_ASSET_MATCHING_NO_DIRECT_LLL_CONFIG,NOT_YET_PROVEN,NO_PAIRING_SPECIFIC_EVIDENCE
14,10 EGypt,EGypt,Custom,egypt:egypt,42,Slaughterhouse,SlaughterhouseFlow,Custom,DIRECT_LLL_UNIVERSAL_TAG_OVERRIDE,VIABLE_EQUAL_100,ACTIVE_LLL_TAG_OVERRIDE_CUSTOM_100_PLUS_ACCEPTED_NORMALIZER
14,10 EGypt,EGypt,Custom,egypt:egypt,43,Spelunkers Caverns (Random),Spelunk_RandomFlow,Custom,OWNER_ASSET_MATCHING_NO_DIRECT_LLL_CONFIG,NOT_YET_PROVEN,NO_PAIRING_SPECIFIC_EVIDENCE
14,10 EGypt,EGypt,Custom,egypt:egypt,44,Spelunkers Caverns (Basic),Spelunk_BasicFlow,Custom,OWNER_ASSET_MATCHING_NO_DIRECT_LLL_CONFIG,NOT_YET_PROVEN,NO_PAIRING_SPECIFIC_EVIDENCE
14,10 EGypt,EGypt,Custom,egypt:egypt,45,Spelunkers Caverns (Crystal),Spelunk_CrystalFlow,Custom,OWNER_ASSET_MATCHING_NO_DIRECT_LLL_CONFIG,NOT_YET_PROVEN,NO_PAIRING_SPECIFIC_EVIDENCE
14,10 EGypt,EGypt,Custom,egypt:egypt,46,Spelunkers Caverns (Frozen),Spelunk_FrozenFlow,Custom,OWNER_ASSET_MATCHING_NO_DIRECT_LLL_CONFIG,NOT_YET_PROVEN,NO_PAIRING_SPECIFIC_EVIDENCE
14,10 EGypt,EGypt,Custom,egypt:egypt,47,Spelunkers Caverns (Magmatic),Spelunk_MagmaFlow,Custom,OWNER_ASSET_MATCHING_NO_DIRECT_LLL_CONFIG,NOT_YET_PROVEN,NO_PAIRING_SPECIFIC_EVIDENCE
14,10 EGypt,EGypt,Custom,egypt:egypt,48,Spelunkers Caverns (Overgrown),Spelunk_OvergrownFlow,Custom,OWNER_ASSET_MATCHING_NO_DIRECT_LLL_CONFIG,NOT_YET_PROVEN,NO_PAIRING_SPECIFIC_EVIDENCE
14,10 EGypt,EGypt,Custom,egypt:egypt,49,Storage Complex,StorageComplex,Custom,DIRECT_LLL_UNIVERSAL_TAG_OVERRIDE,VIABLE_EQUAL_100,ACTIVE_LLL_TAG_OVERRIDE_CUSTOM_100_PLUS_ACCEPTED_NORMALIZER
14,10 EGypt,EGypt,Custom,egypt:egypt,50,Studio Floor,StudioFlow,Custom,OWNER_ASSET_MATCHING_NO_DIRECT_LLL_CONFIG,NOT_YET_PROVEN,NO_PAIRING_SPECIFIC_EVIDENCE
14,10 EGypt,EGypt,Custom,egypt:egypt,51,Sub Systems,SubSysFlow,Custom,OWNER_ASSET_MATCHING_NO_DIRECT_LLL_CONFIG,NOT_YET_PROVEN,NO_PAIRING_SPECIFIC_EVIDENCE
14,10 EGypt,EGypt,Custom,egypt:egypt,52,Rubber Rooms,RubberRoomsFlow,Custom,DIRECT_LLL_UNIVERSAL_TAG_OVERRIDE,VIABLE_EQUAL_100,ACTIVE_LLL_TAG_OVERRIDE_CUSTOM_100_PLUS_ACCEPTED_NORMALIZER
14,10 EGypt,EGypt,Custom,egypt:egypt,53,Toy Store,ToystoreFlow,Custom,DIRECT_LLL_UNIVERSAL_TAG_OVERRIDE,VIABLE_EQUAL_100,ACTIVE_LLL_TAG_OVERRIDE_CUSTOM_100_PLUS_ACCEPTED_NORMALIZER
15,31 Arcadia,Arcadia,Custom,arcadia:arcadia,1,Facility,Level1Flow,Vanilla,VANILLA_NATIVE_LLL_MATCHING,NOT_YET_PROVEN,NO_PAIRING_SPECIFIC_EVIDENCE
15,31 Arcadia,Arcadia,Custom,arcadia:arcadia,2,Haunted Mansion,Level2Flow,Vanilla,VANILLA_NATIVE_LLL_MATCHING,NOT_YET_PROVEN,NO_PAIRING_SPECIFIC_EVIDENCE
15,31 Arcadia,Arcadia,Custom,arcadia:arcadia,3,Mineshaft,Level3Flow,Vanilla,VANILLA_NATIVE_LLL_MATCHING,NOT_YET_PROVEN,NO_PAIRING_SPECIFIC_EVIDENCE
15,31 Arcadia,Arcadia,Custom,arcadia:arcadia,4,Black Mesa,Black Mesa,External,DAWNLIB_NATIVE_BLACK_MESA_WEIGHT_RULE,VIABLE_EQUAL_100,BLACK_MESA_NATIVE_DAWNLIB_CUSTOM_100_PLUS_ACCEPTED_NORMALIZER
15,31 Arcadia,Arcadia,Custom,arcadia:arcadia,5,Abandoned Foundry,FoundryFlow,Custom,OWNER_ASSET_MATCHING_NO_DIRECT_LLL_CONFIG,NOT_YET_PROVEN,NO_PAIRING_SPECIFIC_EVIDENCE
15,31 Arcadia,Arcadia,Custom,arcadia:arcadia,6,ACF Site,ResearchStationFlow,Custom,OWNER_ASSET_MATCHING_NO_DIRECT_LLL_CONFIG,NOT_YET_PROVEN,NO_PAIRING_SPECIFIC_EVIDENCE
15,31 Arcadia,Arcadia,Custom,arcadia:arcadia,7,DeepcoreMines,deepmines,Custom,OWNER_ASSET_MATCHING_NO_DIRECT_LLL_CONFIG,NOT_YET_PROVEN,NO_PAIRING_SPECIFIC_EVIDENCE
15,31 Arcadia,Arcadia,Custom,arcadia:arcadia,8,LiminalHouse,LiminalHouseFlow,Custom,OWNER_ASSET_MATCHING_NO_DIRECT_LLL_CONFIG,NOT_YET_PROVEN,NO_PAIRING_SPECIFIC_EVIDENCE
15,31 Arcadia,Arcadia,Custom,arcadia:arcadia,9,Supermarket,Supermarket,Custom,OWNER_ASSET_MATCHING_NO_DIRECT_LLL_CONFIG,NOT_YET_PROVEN,NO_PAIRING_SPECIFIC_EVIDENCE
15,31 Arcadia,Arcadia,Custom,arcadia:arcadia,10,Bunker,BunkerFlow,Custom,DIRECT_LLL_UNIVERSAL_TAG_OVERRIDE,VIABLE_EQUAL_100,ACTIVE_LLL_TAG_OVERRIDE_CUSTOM_100_PLUS_ACCEPTED_NORMALIZER
15,31 Arcadia,Arcadia,Custom,arcadia:arcadia,11,Drains,DrainsFlow,Custom,DIRECT_LLL_UNIVERSAL_TAG_OVERRIDE,VIABLE_EQUAL_100,ACTIVE_LLL_TAG_OVERRIDE_CUSTOM_100_PLUS_ACCEPTED_NORMALIZER
15,31 Arcadia,Arcadia,Custom,arcadia:arcadia,12,Substation,SubstationFlow,Custom,DIRECT_LLL_UNIVERSAL_TAG_OVERRIDE,VIABLE_EQUAL_100,ACTIVE_LLL_TAG_OVERRIDE_CUSTOM_100_PLUS_ACCEPTED_NORMALIZER
15,31 Arcadia,Arcadia,Custom,arcadia:arcadia,13,Liminal Facility,BackroomsFlow,Custom,DIRECT_LLL_UNIVERSAL_TAG_OVERRIDE,VIABLE_EQUAL_100,ACTIVE_LLL_TAG_OVERRIDE_CUSTOM_100_PLUS_ACCEPTED_NORMALIZER
15,31 Arcadia,Arcadia,Custom,arcadia:arcadia,14,Storehouse,SHFlow,Custom,DIRECT_LLL_UNIVERSAL_TAG_OVERRIDE,VIABLE_EQUAL_100,ACTIVE_LLL_TAG_OVERRIDE_CUSTOM_100_PLUS_ACCEPTED_NORMALIZER
15,31 Arcadia,Arcadia,Custom,arcadia:arcadia,15,Tower,TowerFlow,Custom,DIRECT_LLL_UNIVERSAL_TAG_OVERRIDE,VIABLE_EQUAL_100,ACTIVE_LLL_TAG_OVERRIDE_CUSTOM_100_PLUS_ACCEPTED_NORMALIZER
15,31 Arcadia,Arcadia,Custom,arcadia:arcadia,16,Gray Apartments,GrayApartmentsFlow,Custom,OWNER_ASSET_MATCHING_NO_DIRECT_LLL_CONFIG,NOT_YET_PROVEN,NO_PAIRING_SPECIFIC_EVIDENCE
15,31 Arcadia,Arcadia,Custom,arcadia:arcadia,17,Zeranos Gray Apartments,GrayApartmentsFlowZ,Custom,OWNER_ASSET_MATCHING_NO_DIRECT_LLL_CONFIG,NOT_YET_PROVEN,NO_PAIRING_SPECIFIC_EVIDENCE
15,31 Arcadia,Arcadia,Custom,arcadia:arcadia,18,junkrooms,junkrooms,Custom,OWNER_ASSET_MATCHING_NO_DIRECT_LLL_CONFIG,NOT_YET_PROVEN,NO_PAIRING_SPECIFIC_EVIDENCE
15,31 Arcadia,Arcadia,Custom,arcadia:arcadia,19,LC Office,OfficeDungeonFlow,Custom,OWNER_ASSET_MATCHING_NO_DIRECT_LLL_CONFIG,NOT_YET_PROVEN,NO_PAIRING_SPECIFIC_EVIDENCE
15,31 Arcadia,Arcadia,Custom,arcadia:arcadia,20,Belleville Appartements,BellevilleApp,Custom,OWNER_ASSET_MATCHING_NO_DIRECT_LLL_CONFIG,NOT_YET_PROVEN,NO_PAIRING_SPECIFIC_EVIDENCE
15,31 Arcadia,Arcadia,Custom,arcadia:arcadia,21,Crimson Keep,CrimsonKeep,Custom,OWNER_ASSET_MATCHING_NO_DIRECT_LLL_CONFIG,NOT_YET_PROVEN,NO_PAIRING_SPECIFIC_EVIDENCE
15,31 Arcadia,Arcadia,Custom,arcadia:arcadia,22,Treatement Amenity,DungeonTreatementAnemity,Custom,OWNER_ASSET_MATCHING_NO_DIRECT_LLL_CONFIG,NOT_YET_PROVEN,NO_PAIRING_SPECIFIC_EVIDENCE
15,31 Arcadia,Arcadia,Custom,arcadia:arcadia,23,Goldstay Hotel,GoldenHotel,Custom,OWNER_ASSET_MATCHING_NO_DIRECT_LLL_CONFIG,NOT_YET_PROVEN,NO_PAIRING_SPECIFIC_EVIDENCE
15,31 Arcadia,Arcadia,Custom,arcadia:arcadia,24,Lead Factory,LeadFactory,Custom,OWNER_ASSET_MATCHING_NO_DIRECT_LLL_CONFIG,NOT_YET_PROVEN,NO_PAIRING_SPECIFIC_EVIDENCE
15,31 Arcadia,Arcadia,Custom,arcadia:arcadia,25,Lantern Manor,LanternManor,Custom,OWNER_ASSET_MATCHING_NO_DIRECT_LLL_CONFIG,NOT_YET_PROVEN,NO_PAIRING_SPECIFIC_EVIDENCE
15,31 Arcadia,Arcadia,Custom,arcadia:arcadia,26,Circus Facility,CircusFacilityFlow,Custom,DIRECT_LLL_UNIVERSAL_TAG_OVERRIDE,VIABLE_EQUAL_100,ACTIVE_LLL_TAG_OVERRIDE_CUSTOM_100_PLUS_ACCEPTED_NORMALIZER
15,31 Arcadia,Arcadia,Custom,arcadia:arcadia,27,Atlantean Citadel,AquaticDungeonFlow,Custom,DIRECT_LLL_UNIVERSAL_TAG_OVERRIDE,VIABLE_EQUAL_100,ACTIVE_LLL_TAG_OVERRIDE_CUSTOM_100_PLUS_ACCEPTED_NORMALIZER
15,31 Arcadia,Arcadia,Custom,arcadia:arcadia,28,Deep Sewers,DeepSewersFlow,Custom,DIRECT_LLL_UNIVERSAL_TAG_OVERRIDE,VIABLE_EQUAL_100,ACTIVE_LLL_TAG_OVERRIDE_CUSTOM_100_PLUS_ACCEPTED_NORMALIZER
15,31 Arcadia,Arcadia,Custom,arcadia:arcadia,29,Fractured Complex,FracturedComplexFlow,Custom,DIRECT_LLL_UNIVERSAL_TAG_OVERRIDE,VIABLE_EQUAL_100,ACTIVE_LLL_TAG_OVERRIDE_CUSTOM_100_PLUS_ACCEPTED_NORMALIZER
15,31 Arcadia,Arcadia,Custom,arcadia:arcadia,30,Greenhouse,GreenhouseFlow,Custom,DIRECT_LLL_UNIVERSAL_TAG_OVERRIDE,VIABLE_EQUAL_100,ACTIVE_LLL_TAG_OVERRIDE_CUSTOM_100_PLUS_ACCEPTED_NORMALIZER
15,31 Arcadia,Arcadia,Custom,arcadia:arcadia,31,Art Gallery,MuseumInteriorFlow,Custom,DIRECT_LLL_UNIVERSAL_TAG_OVERRIDE,VIABLE_EQUAL_100,ACTIVE_LLL_TAG_OVERRIDE_CUSTOM_100_PLUS_ACCEPTED_NORMALIZER
15,31 Arcadia,Arcadia,Custom,arcadia:arcadia,32,Decrepit store,StoreFlow,Custom,DIRECT_LLL_UNIVERSAL_TAG_OVERRIDE,VIABLE_EQUAL_100,ACTIVE_LLL_TAG_OVERRIDE_CUSTOM_100_PLUS_ACCEPTED_NORMALIZER
15,31 Arcadia,Arcadia,Custom,arcadia:arcadia,33,Expanded facility,ExpandedFacility,Custom,DIRECT_LLL_UNIVERSAL_TAG_OVERRIDE,VIABLE_EQUAL_100,ACTIVE_LLL_TAG_OVERRIDE_CUSTOM_100_PLUS_ACCEPTED_NORMALIZER
15,31 Arcadia,Arcadia,Custom,arcadia:arcadia,34,Expanded Mineshaft,Level3ButCoolFlow,Custom,DIRECT_LLL_UNIVERSAL_TAG_OVERRIDE,VIABLE_EQUAL_100,ACTIVE_LLL_TAG_OVERRIDE_CUSTOM_100_PLUS_ACCEPTED_NORMALIZER
15,31 Arcadia,Arcadia,Custom,arcadia:arcadia,35,Grand Armory,GrandArmoryFlow,Custom,DIRECT_LLL_UNIVERSAL_TAG_OVERRIDE,VIABLE_EQUAL_100,ACTIVE_LLL_TAG_OVERRIDE_CUSTOM_100_PLUS_ACCEPTED_NORMALIZER
15,31 Arcadia,Arcadia,Custom,arcadia:arcadia,36,Spooky manor,SpookyManorFlow,Custom,DIRECT_LLL_UNIVERSAL_TAG_OVERRIDE,VIABLE_EQUAL_100,ACTIVE_LLL_TAG_OVERRIDE_CUSTOM_100_PLUS_ACCEPTED_NORMALIZER
15,31 Arcadia,Arcadia,Custom,arcadia:arcadia,37,Mausoleum,MelanieMausoleum,Custom,OWNER_ASSET_MATCHING_NO_DIRECT_LLL_CONFIG,NOT_YET_PROVEN,NO_PAIRING_SPECIFIC_EVIDENCE
15,31 Arcadia,Arcadia,Custom,arcadia:arcadia,38,Museum,MelanieMuseum,Custom,OWNER_ASSET_MATCHING_NO_DIRECT_LLL_CONFIG,NOT_YET_PROVEN,NO_PAIRING_SPECIFIC_EVIDENCE
15,31 Arcadia,Arcadia,Custom,arcadia:arcadia,39,Raven Manor,RavenFlow,Custom,OWNER_ASSET_MATCHING_NO_DIRECT_LLL_CONFIG,NOT_YET_PROVEN,NO_PAIRING_SPECIFIC_EVIDENCE
15,31 Arcadia,Arcadia,Custom,arcadia:arcadia,40,ScoopyCastle,CastleFlow,Custom,DIRECT_LLL_UNIVERSAL_TAG_OVERRIDE,VIABLE_EQUAL_100,ACTIVE_LLL_TAG_OVERRIDE_CUSTOM_100_PLUS_ACCEPTED_NORMALIZER
15,31 Arcadia,Arcadia,Custom,arcadia:arcadia,41,Shatteredrooms,shatteredrooms,Custom,OWNER_ASSET_MATCHING_NO_DIRECT_LLL_CONFIG,NOT_YET_PROVEN,NO_PAIRING_SPECIFIC_EVIDENCE
15,31 Arcadia,Arcadia,Custom,arcadia:arcadia,42,Slaughterhouse,SlaughterhouseFlow,Custom,DIRECT_LLL_UNIVERSAL_TAG_OVERRIDE,VIABLE_EQUAL_100,ACTIVE_LLL_TAG_OVERRIDE_CUSTOM_100_PLUS_ACCEPTED_NORMALIZER
15,31 Arcadia,Arcadia,Custom,arcadia:arcadia,43,Spelunkers Caverns (Random),Spelunk_RandomFlow,Custom,OWNER_ASSET_MATCHING_NO_DIRECT_LLL_CONFIG,NOT_YET_PROVEN,NO_PAIRING_SPECIFIC_EVIDENCE
15,31 Arcadia,Arcadia,Custom,arcadia:arcadia,44,Spelunkers Caverns (Basic),Spelunk_BasicFlow,Custom,OWNER_ASSET_MATCHING_NO_DIRECT_LLL_CONFIG,NOT_YET_PROVEN,NO_PAIRING_SPECIFIC_EVIDENCE
15,31 Arcadia,Arcadia,Custom,arcadia:arcadia,45,Spelunkers Caverns (Crystal),Spelunk_CrystalFlow,Custom,OWNER_ASSET_MATCHING_NO_DIRECT_LLL_CONFIG,NOT_YET_PROVEN,NO_PAIRING_SPECIFIC_EVIDENCE
15,31 Arcadia,Arcadia,Custom,arcadia:arcadia,46,Spelunkers Caverns (Frozen),Spelunk_FrozenFlow,Custom,OWNER_ASSET_MATCHING_NO_DIRECT_LLL_CONFIG,NOT_YET_PROVEN,NO_PAIRING_SPECIFIC_EVIDENCE
15,31 Arcadia,Arcadia,Custom,arcadia:arcadia,47,Spelunkers Caverns (Magmatic),Spelunk_MagmaFlow,Custom,OWNER_ASSET_MATCHING_NO_DIRECT_LLL_CONFIG,NOT_YET_PROVEN,NO_PAIRING_SPECIFIC_EVIDENCE
15,31 Arcadia,Arcadia,Custom,arcadia:arcadia,48,Spelunkers Caverns (Overgrown),Spelunk_OvergrownFlow,Custom,OWNER_ASSET_MATCHING_NO_DIRECT_LLL_CONFIG,NOT_YET_PROVEN,NO_PAIRING_SPECIFIC_EVIDENCE
15,31 Arcadia,Arcadia,Custom,arcadia:arcadia,49,Storage Complex,StorageComplex,Custom,DIRECT_LLL_UNIVERSAL_TAG_OVERRIDE,VIABLE_EQUAL_100,ACTIVE_LLL_TAG_OVERRIDE_CUSTOM_100_PLUS_ACCEPTED_NORMALIZER
15,31 Arcadia,Arcadia,Custom,arcadia:arcadia,50,Studio Floor,StudioFlow,Custom,OWNER_ASSET_MATCHING_NO_DIRECT_LLL_CONFIG,NOT_YET_PROVEN,NO_PAIRING_SPECIFIC_EVIDENCE
15,31 Arcadia,Arcadia,Custom,arcadia:arcadia,51,Sub Systems,SubSysFlow,Custom,OWNER_ASSET_MATCHING_NO_DIRECT_LLL_CONFIG,NOT_YET_PROVEN,NO_PAIRING_SPECIFIC_EVIDENCE
15,31 Arcadia,Arcadia,Custom,arcadia:arcadia,52,Rubber Rooms,RubberRoomsFlow,Custom,DIRECT_LLL_UNIVERSAL_TAG_OVERRIDE,VIABLE_EQUAL_100,ACTIVE_LLL_TAG_OVERRIDE_CUSTOM_100_PLUS_ACCEPTED_NORMALIZER
15,31 Arcadia,Arcadia,Custom,arcadia:arcadia,53,Toy Store,ToystoreFlow,Custom,DIRECT_LLL_UNIVERSAL_TAG_OVERRIDE,VIABLE_EQUAL_100,ACTIVE_LLL_TAG_OVERRIDE_CUSTOM_100_PLUS_ACCEPTED_NORMALIZER
16,161 Abaddon,Abaddon,Custom,abaddon:abaddon,1,Facility,Level1Flow,Vanilla,VANILLA_NATIVE_LLL_MATCHING,NOT_YET_PROVEN,NO_PAIRING_SPECIFIC_EVIDENCE
16,161 Abaddon,Abaddon,Custom,abaddon:abaddon,2,Haunted Mansion,Level2Flow,Vanilla,VANILLA_NATIVE_LLL_MATCHING,NOT_YET_PROVEN,NO_PAIRING_SPECIFIC_EVIDENCE
16,161 Abaddon,Abaddon,Custom,abaddon:abaddon,3,Mineshaft,Level3Flow,Vanilla,VANILLA_NATIVE_LLL_MATCHING,NOT_YET_PROVEN,NO_PAIRING_SPECIFIC_EVIDENCE
16,161 Abaddon,Abaddon,Custom,abaddon:abaddon,4,Black Mesa,Black Mesa,External,DAWNLIB_NATIVE_BLACK_MESA_WEIGHT_RULE,VIABLE_EQUAL_100,BLACK_MESA_NATIVE_DAWNLIB_CUSTOM_100_PLUS_ACCEPTED_NORMALIZER
16,161 Abaddon,Abaddon,Custom,abaddon:abaddon,5,Abandoned Foundry,FoundryFlow,Custom,OWNER_ASSET_MATCHING_NO_DIRECT_LLL_CONFIG,NOT_YET_PROVEN,NO_PAIRING_SPECIFIC_EVIDENCE
16,161 Abaddon,Abaddon,Custom,abaddon:abaddon,6,ACF Site,ResearchStationFlow,Custom,OWNER_ASSET_MATCHING_NO_DIRECT_LLL_CONFIG,NOT_YET_PROVEN,NO_PAIRING_SPECIFIC_EVIDENCE
16,161 Abaddon,Abaddon,Custom,abaddon:abaddon,7,DeepcoreMines,deepmines,Custom,OWNER_ASSET_MATCHING_NO_DIRECT_LLL_CONFIG,NOT_YET_PROVEN,NO_PAIRING_SPECIFIC_EVIDENCE
16,161 Abaddon,Abaddon,Custom,abaddon:abaddon,8,LiminalHouse,LiminalHouseFlow,Custom,OWNER_ASSET_MATCHING_NO_DIRECT_LLL_CONFIG,NOT_YET_PROVEN,NO_PAIRING_SPECIFIC_EVIDENCE
16,161 Abaddon,Abaddon,Custom,abaddon:abaddon,9,Supermarket,Supermarket,Custom,OWNER_ASSET_MATCHING_NO_DIRECT_LLL_CONFIG,NOT_YET_PROVEN,NO_PAIRING_SPECIFIC_EVIDENCE
16,161 Abaddon,Abaddon,Custom,abaddon:abaddon,10,Bunker,BunkerFlow,Custom,DIRECT_LLL_UNIVERSAL_TAG_OVERRIDE,VIABLE_EQUAL_100,ACTIVE_LLL_TAG_OVERRIDE_CUSTOM_100_PLUS_ACCEPTED_NORMALIZER
16,161 Abaddon,Abaddon,Custom,abaddon:abaddon,11,Drains,DrainsFlow,Custom,DIRECT_LLL_UNIVERSAL_TAG_OVERRIDE,VIABLE_EQUAL_100,ACTIVE_LLL_TAG_OVERRIDE_CUSTOM_100_PLUS_ACCEPTED_NORMALIZER
16,161 Abaddon,Abaddon,Custom,abaddon:abaddon,12,Substation,SubstationFlow,Custom,DIRECT_LLL_UNIVERSAL_TAG_OVERRIDE,VIABLE_EQUAL_100,ACTIVE_LLL_TAG_OVERRIDE_CUSTOM_100_PLUS_ACCEPTED_NORMALIZER
16,161 Abaddon,Abaddon,Custom,abaddon:abaddon,13,Liminal Facility,BackroomsFlow,Custom,DIRECT_LLL_UNIVERSAL_TAG_OVERRIDE,VIABLE_EQUAL_100,ACTIVE_LLL_TAG_OVERRIDE_CUSTOM_100_PLUS_ACCEPTED_NORMALIZER
16,161 Abaddon,Abaddon,Custom,abaddon:abaddon,14,Storehouse,SHFlow,Custom,DIRECT_LLL_UNIVERSAL_TAG_OVERRIDE,VIABLE_EQUAL_100,ACTIVE_LLL_TAG_OVERRIDE_CUSTOM_100_PLUS_ACCEPTED_NORMALIZER
16,161 Abaddon,Abaddon,Custom,abaddon:abaddon,15,Tower,TowerFlow,Custom,DIRECT_LLL_UNIVERSAL_TAG_OVERRIDE,VIABLE_EQUAL_100,ACTIVE_LLL_TAG_OVERRIDE_CUSTOM_100_PLUS_ACCEPTED_NORMALIZER
16,161 Abaddon,Abaddon,Custom,abaddon:abaddon,16,Gray Apartments,GrayApartmentsFlow,Custom,OWNER_ASSET_MATCHING_NO_DIRECT_LLL_CONFIG,NOT_YET_PROVEN,NO_PAIRING_SPECIFIC_EVIDENCE
16,161 Abaddon,Abaddon,Custom,abaddon:abaddon,17,Zeranos Gray Apartments,GrayApartmentsFlowZ,Custom,OWNER_ASSET_MATCHING_NO_DIRECT_LLL_CONFIG,NOT_YET_PROVEN,NO_PAIRING_SPECIFIC_EVIDENCE
16,161 Abaddon,Abaddon,Custom,abaddon:abaddon,18,junkrooms,junkrooms,Custom,OWNER_ASSET_MATCHING_NO_DIRECT_LLL_CONFIG,NOT_YET_PROVEN,NO_PAIRING_SPECIFIC_EVIDENCE
16,161 Abaddon,Abaddon,Custom,abaddon:abaddon,19,LC Office,OfficeDungeonFlow,Custom,OWNER_ASSET_MATCHING_NO_DIRECT_LLL_CONFIG,NOT_YET_PROVEN,NO_PAIRING_SPECIFIC_EVIDENCE
16,161 Abaddon,Abaddon,Custom,abaddon:abaddon,20,Belleville Appartements,BellevilleApp,Custom,OWNER_ASSET_MATCHING_NO_DIRECT_LLL_CONFIG,NOT_YET_PROVEN,NO_PAIRING_SPECIFIC_EVIDENCE
16,161 Abaddon,Abaddon,Custom,abaddon:abaddon,21,Crimson Keep,CrimsonKeep,Custom,OWNER_ASSET_MATCHING_NO_DIRECT_LLL_CONFIG,NOT_YET_PROVEN,NO_PAIRING_SPECIFIC_EVIDENCE
16,161 Abaddon,Abaddon,Custom,abaddon:abaddon,22,Treatement Amenity,DungeonTreatementAnemity,Custom,OWNER_ASSET_MATCHING_NO_DIRECT_LLL_CONFIG,NOT_YET_PROVEN,NO_PAIRING_SPECIFIC_EVIDENCE
16,161 Abaddon,Abaddon,Custom,abaddon:abaddon,23,Goldstay Hotel,GoldenHotel,Custom,OWNER_ASSET_MATCHING_NO_DIRECT_LLL_CONFIG,NOT_YET_PROVEN,NO_PAIRING_SPECIFIC_EVIDENCE
16,161 Abaddon,Abaddon,Custom,abaddon:abaddon,24,Lead Factory,LeadFactory,Custom,OWNER_ASSET_MATCHING_NO_DIRECT_LLL_CONFIG,NOT_YET_PROVEN,NO_PAIRING_SPECIFIC_EVIDENCE
16,161 Abaddon,Abaddon,Custom,abaddon:abaddon,25,Lantern Manor,LanternManor,Custom,OWNER_ASSET_MATCHING_NO_DIRECT_LLL_CONFIG,NOT_YET_PROVEN,NO_PAIRING_SPECIFIC_EVIDENCE
16,161 Abaddon,Abaddon,Custom,abaddon:abaddon,26,Circus Facility,CircusFacilityFlow,Custom,DIRECT_LLL_UNIVERSAL_TAG_OVERRIDE,VIABLE_EQUAL_100,ACTIVE_LLL_TAG_OVERRIDE_CUSTOM_100_PLUS_ACCEPTED_NORMALIZER
16,161 Abaddon,Abaddon,Custom,abaddon:abaddon,27,Atlantean Citadel,AquaticDungeonFlow,Custom,DIRECT_LLL_UNIVERSAL_TAG_OVERRIDE,VIABLE_EQUAL_100,ACTIVE_LLL_TAG_OVERRIDE_CUSTOM_100_PLUS_ACCEPTED_NORMALIZER
16,161 Abaddon,Abaddon,Custom,abaddon:abaddon,28,Deep Sewers,DeepSewersFlow,Custom,DIRECT_LLL_UNIVERSAL_TAG_OVERRIDE,VIABLE_EQUAL_100,ACTIVE_LLL_TAG_OVERRIDE_CUSTOM_100_PLUS_ACCEPTED_NORMALIZER
16,161 Abaddon,Abaddon,Custom,abaddon:abaddon,29,Fractured Complex,FracturedComplexFlow,Custom,DIRECT_LLL_UNIVERSAL_TAG_OVERRIDE,VIABLE_EQUAL_100,ACTIVE_LLL_TAG_OVERRIDE_CUSTOM_100_PLUS_ACCEPTED_NORMALIZER
16,161 Abaddon,Abaddon,Custom,abaddon:abaddon,30,Greenhouse,GreenhouseFlow,Custom,DIRECT_LLL_UNIVERSAL_TAG_OVERRIDE,VIABLE_EQUAL_100,ACTIVE_LLL_TAG_OVERRIDE_CUSTOM_100_PLUS_ACCEPTED_NORMALIZER
16,161 Abaddon,Abaddon,Custom,abaddon:abaddon,31,Art Gallery,MuseumInteriorFlow,Custom,DIRECT_LLL_UNIVERSAL_TAG_OVERRIDE,VIABLE_EQUAL_100,ACTIVE_LLL_TAG_OVERRIDE_CUSTOM_100_PLUS_ACCEPTED_NORMALIZER
16,161 Abaddon,Abaddon,Custom,abaddon:abaddon,32,Decrepit store,StoreFlow,Custom,DIRECT_LLL_UNIVERSAL_TAG_OVERRIDE,VIABLE_EQUAL_100,ACTIVE_LLL_TAG_OVERRIDE_CUSTOM_100_PLUS_ACCEPTED_NORMALIZER
16,161 Abaddon,Abaddon,Custom,abaddon:abaddon,33,Expanded facility,ExpandedFacility,Custom,DIRECT_LLL_UNIVERSAL_TAG_OVERRIDE,VIABLE_EQUAL_100,ACTIVE_LLL_TAG_OVERRIDE_CUSTOM_100_PLUS_ACCEPTED_NORMALIZER
16,161 Abaddon,Abaddon,Custom,abaddon:abaddon,34,Expanded Mineshaft,Level3ButCoolFlow,Custom,DIRECT_LLL_UNIVERSAL_TAG_OVERRIDE,VIABLE_EQUAL_100,ACTIVE_LLL_TAG_OVERRIDE_CUSTOM_100_PLUS_ACCEPTED_NORMALIZER
16,161 Abaddon,Abaddon,Custom,abaddon:abaddon,35,Grand Armory,GrandArmoryFlow,Custom,DIRECT_LLL_UNIVERSAL_TAG_OVERRIDE,VIABLE_EQUAL_100,ACTIVE_LLL_TAG_OVERRIDE_CUSTOM_100_PLUS_ACCEPTED_NORMALIZER
16,161 Abaddon,Abaddon,Custom,abaddon:abaddon,36,Spooky manor,SpookyManorFlow,Custom,DIRECT_LLL_UNIVERSAL_TAG_OVERRIDE,VIABLE_EQUAL_100,ACTIVE_LLL_TAG_OVERRIDE_CUSTOM_100_PLUS_ACCEPTED_NORMALIZER
16,161 Abaddon,Abaddon,Custom,abaddon:abaddon,37,Mausoleum,MelanieMausoleum,Custom,OWNER_ASSET_MATCHING_NO_DIRECT_LLL_CONFIG,NOT_YET_PROVEN,NO_PAIRING_SPECIFIC_EVIDENCE
16,161 Abaddon,Abaddon,Custom,abaddon:abaddon,38,Museum,MelanieMuseum,Custom,OWNER_ASSET_MATCHING_NO_DIRECT_LLL_CONFIG,NOT_YET_PROVEN,NO_PAIRING_SPECIFIC_EVIDENCE
16,161 Abaddon,Abaddon,Custom,abaddon:abaddon,39,Raven Manor,RavenFlow,Custom,OWNER_ASSET_MATCHING_NO_DIRECT_LLL_CONFIG,NOT_YET_PROVEN,NO_PAIRING_SPECIFIC_EVIDENCE
16,161 Abaddon,Abaddon,Custom,abaddon:abaddon,40,ScoopyCastle,CastleFlow,Custom,DIRECT_LLL_UNIVERSAL_TAG_OVERRIDE,VIABLE_EQUAL_100,ACTIVE_LLL_TAG_OVERRIDE_CUSTOM_100_PLUS_ACCEPTED_NORMALIZER
16,161 Abaddon,Abaddon,Custom,abaddon:abaddon,41,Shatteredrooms,shatteredrooms,Custom,OWNER_ASSET_MATCHING_NO_DIRECT_LLL_CONFIG,NOT_YET_PROVEN,NO_PAIRING_SPECIFIC_EVIDENCE
16,161 Abaddon,Abaddon,Custom,abaddon:abaddon,42,Slaughterhouse,SlaughterhouseFlow,Custom,DIRECT_LLL_UNIVERSAL_TAG_OVERRIDE,VIABLE_EQUAL_100,ACTIVE_LLL_TAG_OVERRIDE_CUSTOM_100_PLUS_ACCEPTED_NORMALIZER
16,161 Abaddon,Abaddon,Custom,abaddon:abaddon,43,Spelunkers Caverns (Random),Spelunk_RandomFlow,Custom,OWNER_ASSET_MATCHING_NO_DIRECT_LLL_CONFIG,NOT_YET_PROVEN,NO_PAIRING_SPECIFIC_EVIDENCE
16,161 Abaddon,Abaddon,Custom,abaddon:abaddon,44,Spelunkers Caverns (Basic),Spelunk_BasicFlow,Custom,OWNER_ASSET_MATCHING_NO_DIRECT_LLL_CONFIG,NOT_YET_PROVEN,NO_PAIRING_SPECIFIC_EVIDENCE
16,161 Abaddon,Abaddon,Custom,abaddon:abaddon,45,Spelunkers Caverns (Crystal),Spelunk_CrystalFlow,Custom,OWNER_ASSET_MATCHING_NO_DIRECT_LLL_CONFIG,NOT_YET_PROVEN,NO_PAIRING_SPECIFIC_EVIDENCE
16,161 Abaddon,Abaddon,Custom,abaddon:abaddon,46,Spelunkers Caverns (Frozen),Spelunk_FrozenFlow,Custom,OWNER_ASSET_MATCHING_NO_DIRECT_LLL_CONFIG,NOT_YET_PROVEN,NO_PAIRING_SPECIFIC_EVIDENCE
16,161 Abaddon,Abaddon,Custom,abaddon:abaddon,47,Spelunkers Caverns (Magmatic),Spelunk_MagmaFlow,Custom,OWNER_ASSET_MATCHING_NO_DIRECT_LLL_CONFIG,NOT_YET_PROVEN,NO_PAIRING_SPECIFIC_EVIDENCE
16,161 Abaddon,Abaddon,Custom,abaddon:abaddon,48,Spelunkers Caverns (Overgrown),Spelunk_OvergrownFlow,Custom,OWNER_ASSET_MATCHING_NO_DIRECT_LLL_CONFIG,NOT_YET_PROVEN,NO_PAIRING_SPECIFIC_EVIDENCE
16,161 Abaddon,Abaddon,Custom,abaddon:abaddon,49,Storage Complex,StorageComplex,Custom,DIRECT_LLL_UNIVERSAL_TAG_OVERRIDE,VIABLE_EQUAL_100,ACTIVE_LLL_TAG_OVERRIDE_CUSTOM_100_PLUS_ACCEPTED_NORMALIZER
16,161 Abaddon,Abaddon,Custom,abaddon:abaddon,50,Studio Floor,StudioFlow,Custom,OWNER_ASSET_MATCHING_NO_DIRECT_LLL_CONFIG,NOT_YET_PROVEN,NO_PAIRING_SPECIFIC_EVIDENCE
16,161 Abaddon,Abaddon,Custom,abaddon:abaddon,51,Sub Systems,SubSysFlow,Custom,OWNER_ASSET_MATCHING_NO_DIRECT_LLL_CONFIG,NOT_YET_PROVEN,NO_PAIRING_SPECIFIC_EVIDENCE
16,161 Abaddon,Abaddon,Custom,abaddon:abaddon,52,Rubber Rooms,RubberRoomsFlow,Custom,DIRECT_LLL_UNIVERSAL_TAG_OVERRIDE,VIABLE_EQUAL_100,ACTIVE_LLL_TAG_OVERRIDE_CUSTOM_100_PLUS_ACCEPTED_NORMALIZER
16,161 Abaddon,Abaddon,Custom,abaddon:abaddon,53,Toy Store,ToystoreFlow,Custom,DIRECT_LLL_UNIVERSAL_TAG_OVERRIDE,VIABLE_EQUAL_100,ACTIVE_LLL_TAG_OVERRIDE_CUSTOM_100_PLUS_ACCEPTED_NORMALIZER
17,198 Cabal,Cabal,Custom,cabal:cabal,1,Facility,Level1Flow,Vanilla,VANILLA_NATIVE_LLL_MATCHING,NOT_YET_PROVEN,NO_PAIRING_SPECIFIC_EVIDENCE
17,198 Cabal,Cabal,Custom,cabal:cabal,2,Haunted Mansion,Level2Flow,Vanilla,VANILLA_NATIVE_LLL_MATCHING,NOT_YET_PROVEN,NO_PAIRING_SPECIFIC_EVIDENCE
17,198 Cabal,Cabal,Custom,cabal:cabal,3,Mineshaft,Level3Flow,Vanilla,VANILLA_NATIVE_LLL_MATCHING,NOT_YET_PROVEN,NO_PAIRING_SPECIFIC_EVIDENCE
17,198 Cabal,Cabal,Custom,cabal:cabal,4,Black Mesa,Black Mesa,External,DAWNLIB_NATIVE_BLACK_MESA_WEIGHT_RULE,VIABLE_EQUAL_100,BLACK_MESA_NATIVE_DAWNLIB_CUSTOM_100_PLUS_ACCEPTED_NORMALIZER
17,198 Cabal,Cabal,Custom,cabal:cabal,5,Abandoned Foundry,FoundryFlow,Custom,OWNER_ASSET_MATCHING_NO_DIRECT_LLL_CONFIG,NOT_YET_PROVEN,NO_PAIRING_SPECIFIC_EVIDENCE
17,198 Cabal,Cabal,Custom,cabal:cabal,6,ACF Site,ResearchStationFlow,Custom,OWNER_ASSET_MATCHING_NO_DIRECT_LLL_CONFIG,NOT_YET_PROVEN,NO_PAIRING_SPECIFIC_EVIDENCE
17,198 Cabal,Cabal,Custom,cabal:cabal,7,DeepcoreMines,deepmines,Custom,OWNER_ASSET_MATCHING_NO_DIRECT_LLL_CONFIG,NOT_YET_PROVEN,NO_PAIRING_SPECIFIC_EVIDENCE
17,198 Cabal,Cabal,Custom,cabal:cabal,8,LiminalHouse,LiminalHouseFlow,Custom,OWNER_ASSET_MATCHING_NO_DIRECT_LLL_CONFIG,NOT_YET_PROVEN,NO_PAIRING_SPECIFIC_EVIDENCE
17,198 Cabal,Cabal,Custom,cabal:cabal,9,Supermarket,Supermarket,Custom,OWNER_ASSET_MATCHING_NO_DIRECT_LLL_CONFIG,NOT_YET_PROVEN,NO_PAIRING_SPECIFIC_EVIDENCE
17,198 Cabal,Cabal,Custom,cabal:cabal,10,Bunker,BunkerFlow,Custom,DIRECT_LLL_UNIVERSAL_TAG_OVERRIDE,VIABLE_EQUAL_100,ACTIVE_LLL_TAG_OVERRIDE_CUSTOM_100_PLUS_ACCEPTED_NORMALIZER
17,198 Cabal,Cabal,Custom,cabal:cabal,11,Drains,DrainsFlow,Custom,DIRECT_LLL_UNIVERSAL_TAG_OVERRIDE,VIABLE_EQUAL_100,ACTIVE_LLL_TAG_OVERRIDE_CUSTOM_100_PLUS_ACCEPTED_NORMALIZER
17,198 Cabal,Cabal,Custom,cabal:cabal,12,Substation,SubstationFlow,Custom,DIRECT_LLL_UNIVERSAL_TAG_OVERRIDE,VIABLE_EQUAL_100,ACTIVE_LLL_TAG_OVERRIDE_CUSTOM_100_PLUS_ACCEPTED_NORMALIZER
17,198 Cabal,Cabal,Custom,cabal:cabal,13,Liminal Facility,BackroomsFlow,Custom,DIRECT_LLL_UNIVERSAL_TAG_OVERRIDE,VIABLE_EQUAL_100,ACTIVE_LLL_TAG_OVERRIDE_CUSTOM_100_PLUS_ACCEPTED_NORMALIZER
17,198 Cabal,Cabal,Custom,cabal:cabal,14,Storehouse,SHFlow,Custom,DIRECT_LLL_UNIVERSAL_TAG_OVERRIDE,VIABLE_EQUAL_100,ACTIVE_LLL_TAG_OVERRIDE_CUSTOM_100_PLUS_ACCEPTED_NORMALIZER
17,198 Cabal,Cabal,Custom,cabal:cabal,15,Tower,TowerFlow,Custom,DIRECT_LLL_UNIVERSAL_TAG_OVERRIDE,VIABLE_EQUAL_100,ACTIVE_LLL_TAG_OVERRIDE_CUSTOM_100_PLUS_ACCEPTED_NORMALIZER
17,198 Cabal,Cabal,Custom,cabal:cabal,16,Gray Apartments,GrayApartmentsFlow,Custom,OWNER_ASSET_MATCHING_NO_DIRECT_LLL_CONFIG,NOT_YET_PROVEN,NO_PAIRING_SPECIFIC_EVIDENCE
17,198 Cabal,Cabal,Custom,cabal:cabal,17,Zeranos Gray Apartments,GrayApartmentsFlowZ,Custom,OWNER_ASSET_MATCHING_NO_DIRECT_LLL_CONFIG,NOT_YET_PROVEN,NO_PAIRING_SPECIFIC_EVIDENCE
17,198 Cabal,Cabal,Custom,cabal:cabal,18,junkrooms,junkrooms,Custom,OWNER_ASSET_MATCHING_NO_DIRECT_LLL_CONFIG,NOT_YET_PROVEN,NO_PAIRING_SPECIFIC_EVIDENCE
17,198 Cabal,Cabal,Custom,cabal:cabal,19,LC Office,OfficeDungeonFlow,Custom,OWNER_ASSET_MATCHING_NO_DIRECT_LLL_CONFIG,NOT_YET_PROVEN,NO_PAIRING_SPECIFIC_EVIDENCE
17,198 Cabal,Cabal,Custom,cabal:cabal,20,Belleville Appartements,BellevilleApp,Custom,OWNER_ASSET_MATCHING_NO_DIRECT_LLL_CONFIG,NOT_YET_PROVEN,NO_PAIRING_SPECIFIC_EVIDENCE
17,198 Cabal,Cabal,Custom,cabal:cabal,21,Crimson Keep,CrimsonKeep,Custom,OWNER_ASSET_MATCHING_NO_DIRECT_LLL_CONFIG,NOT_YET_PROVEN,NO_PAIRING_SPECIFIC_EVIDENCE
17,198 Cabal,Cabal,Custom,cabal:cabal,22,Treatement Amenity,DungeonTreatementAnemity,Custom,OWNER_ASSET_MATCHING_NO_DIRECT_LLL_CONFIG,NOT_YET_PROVEN,NO_PAIRING_SPECIFIC_EVIDENCE
17,198 Cabal,Cabal,Custom,cabal:cabal,23,Goldstay Hotel,GoldenHotel,Custom,OWNER_ASSET_MATCHING_NO_DIRECT_LLL_CONFIG,NOT_YET_PROVEN,NO_PAIRING_SPECIFIC_EVIDENCE
17,198 Cabal,Cabal,Custom,cabal:cabal,24,Lead Factory,LeadFactory,Custom,OWNER_ASSET_MATCHING_NO_DIRECT_LLL_CONFIG,NOT_YET_PROVEN,NO_PAIRING_SPECIFIC_EVIDENCE
17,198 Cabal,Cabal,Custom,cabal:cabal,25,Lantern Manor,LanternManor,Custom,OWNER_ASSET_MATCHING_NO_DIRECT_LLL_CONFIG,NOT_YET_PROVEN,NO_PAIRING_SPECIFIC_EVIDENCE
17,198 Cabal,Cabal,Custom,cabal:cabal,26,Circus Facility,CircusFacilityFlow,Custom,DIRECT_LLL_UNIVERSAL_TAG_OVERRIDE,VIABLE_EQUAL_100,ACTIVE_LLL_TAG_OVERRIDE_CUSTOM_100_PLUS_ACCEPTED_NORMALIZER
17,198 Cabal,Cabal,Custom,cabal:cabal,27,Atlantean Citadel,AquaticDungeonFlow,Custom,DIRECT_LLL_UNIVERSAL_TAG_OVERRIDE,VIABLE_EQUAL_100,ACTIVE_LLL_TAG_OVERRIDE_CUSTOM_100_PLUS_ACCEPTED_NORMALIZER
17,198 Cabal,Cabal,Custom,cabal:cabal,28,Deep Sewers,DeepSewersFlow,Custom,DIRECT_LLL_UNIVERSAL_TAG_OVERRIDE,VIABLE_EQUAL_100,ACTIVE_LLL_TAG_OVERRIDE_CUSTOM_100_PLUS_ACCEPTED_NORMALIZER
17,198 Cabal,Cabal,Custom,cabal:cabal,29,Fractured Complex,FracturedComplexFlow,Custom,DIRECT_LLL_UNIVERSAL_TAG_OVERRIDE,VIABLE_EQUAL_100,ACTIVE_LLL_TAG_OVERRIDE_CUSTOM_100_PLUS_ACCEPTED_NORMALIZER
17,198 Cabal,Cabal,Custom,cabal:cabal,30,Greenhouse,GreenhouseFlow,Custom,DIRECT_LLL_UNIVERSAL_TAG_OVERRIDE,VIABLE_EQUAL_100,ACTIVE_LLL_TAG_OVERRIDE_CUSTOM_100_PLUS_ACCEPTED_NORMALIZER
17,198 Cabal,Cabal,Custom,cabal:cabal,31,Art Gallery,MuseumInteriorFlow,Custom,DIRECT_LLL_UNIVERSAL_TAG_OVERRIDE,VIABLE_EQUAL_100,ACTIVE_LLL_TAG_OVERRIDE_CUSTOM_100_PLUS_ACCEPTED_NORMALIZER
17,198 Cabal,Cabal,Custom,cabal:cabal,32,Decrepit store,StoreFlow,Custom,DIRECT_LLL_UNIVERSAL_TAG_OVERRIDE,VIABLE_EQUAL_100,ACTIVE_LLL_TAG_OVERRIDE_CUSTOM_100_PLUS_ACCEPTED_NORMALIZER
17,198 Cabal,Cabal,Custom,cabal:cabal,33,Expanded facility,ExpandedFacility,Custom,DIRECT_LLL_UNIVERSAL_TAG_OVERRIDE,VIABLE_EQUAL_100,ACTIVE_LLL_TAG_OVERRIDE_CUSTOM_100_PLUS_ACCEPTED_NORMALIZER
17,198 Cabal,Cabal,Custom,cabal:cabal,34,Expanded Mineshaft,Level3ButCoolFlow,Custom,DIRECT_LLL_UNIVERSAL_TAG_OVERRIDE,VIABLE_EQUAL_100,ACTIVE_LLL_TAG_OVERRIDE_CUSTOM_100_PLUS_ACCEPTED_NORMALIZER
17,198 Cabal,Cabal,Custom,cabal:cabal,35,Grand Armory,GrandArmoryFlow,Custom,DIRECT_LLL_UNIVERSAL_TAG_OVERRIDE,VIABLE_EQUAL_100,ACTIVE_LLL_TAG_OVERRIDE_CUSTOM_100_PLUS_ACCEPTED_NORMALIZER
17,198 Cabal,Cabal,Custom,cabal:cabal,36,Spooky manor,SpookyManorFlow,Custom,DIRECT_LLL_UNIVERSAL_TAG_OVERRIDE,VIABLE_EQUAL_100,ACTIVE_LLL_TAG_OVERRIDE_CUSTOM_100_PLUS_ACCEPTED_NORMALIZER
17,198 Cabal,Cabal,Custom,cabal:cabal,37,Mausoleum,MelanieMausoleum,Custom,OWNER_ASSET_MATCHING_NO_DIRECT_LLL_CONFIG,NOT_YET_PROVEN,NO_PAIRING_SPECIFIC_EVIDENCE
17,198 Cabal,Cabal,Custom,cabal:cabal,38,Museum,MelanieMuseum,Custom,OWNER_ASSET_MATCHING_NO_DIRECT_LLL_CONFIG,NOT_YET_PROVEN,NO_PAIRING_SPECIFIC_EVIDENCE
17,198 Cabal,Cabal,Custom,cabal:cabal,39,Raven Manor,RavenFlow,Custom,OWNER_ASSET_MATCHING_NO_DIRECT_LLL_CONFIG,NOT_YET_PROVEN,NO_PAIRING_SPECIFIC_EVIDENCE
17,198 Cabal,Cabal,Custom,cabal:cabal,40,ScoopyCastle,CastleFlow,Custom,DIRECT_LLL_UNIVERSAL_TAG_OVERRIDE,VIABLE_EQUAL_100,ACTIVE_LLL_TAG_OVERRIDE_CUSTOM_100_PLUS_ACCEPTED_NORMALIZER
17,198 Cabal,Cabal,Custom,cabal:cabal,41,Shatteredrooms,shatteredrooms,Custom,OWNER_ASSET_MATCHING_NO_DIRECT_LLL_CONFIG,NOT_YET_PROVEN,NO_PAIRING_SPECIFIC_EVIDENCE
17,198 Cabal,Cabal,Custom,cabal:cabal,42,Slaughterhouse,SlaughterhouseFlow,Custom,DIRECT_LLL_UNIVERSAL_TAG_OVERRIDE,VIABLE_EQUAL_100,ACTIVE_LLL_TAG_OVERRIDE_CUSTOM_100_PLUS_ACCEPTED_NORMALIZER
17,198 Cabal,Cabal,Custom,cabal:cabal,43,Spelunkers Caverns (Random),Spelunk_RandomFlow,Custom,OWNER_ASSET_MATCHING_NO_DIRECT_LLL_CONFIG,NOT_YET_PROVEN,NO_PAIRING_SPECIFIC_EVIDENCE
17,198 Cabal,Cabal,Custom,cabal:cabal,44,Spelunkers Caverns (Basic),Spelunk_BasicFlow,Custom,OWNER_ASSET_MATCHING_NO_DIRECT_LLL_CONFIG,NOT_YET_PROVEN,NO_PAIRING_SPECIFIC_EVIDENCE
17,198 Cabal,Cabal,Custom,cabal:cabal,45,Spelunkers Caverns (Crystal),Spelunk_CrystalFlow,Custom,OWNER_ASSET_MATCHING_NO_DIRECT_LLL_CONFIG,NOT_YET_PROVEN,NO_PAIRING_SPECIFIC_EVIDENCE
17,198 Cabal,Cabal,Custom,cabal:cabal,46,Spelunkers Caverns (Frozen),Spelunk_FrozenFlow,Custom,OWNER_ASSET_MATCHING_NO_DIRECT_LLL_CONFIG,NOT_YET_PROVEN,NO_PAIRING_SPECIFIC_EVIDENCE
17,198 Cabal,Cabal,Custom,cabal:cabal,47,Spelunkers Caverns (Magmatic),Spelunk_MagmaFlow,Custom,OWNER_ASSET_MATCHING_NO_DIRECT_LLL_CONFIG,NOT_YET_PROVEN,NO_PAIRING_SPECIFIC_EVIDENCE
17,198 Cabal,Cabal,Custom,cabal:cabal,48,Spelunkers Caverns (Overgrown),Spelunk_OvergrownFlow,Custom,OWNER_ASSET_MATCHING_NO_DIRECT_LLL_CONFIG,NOT_YET_PROVEN,NO_PAIRING_SPECIFIC_EVIDENCE
17,198 Cabal,Cabal,Custom,cabal:cabal,49,Storage Complex,StorageComplex,Custom,DIRECT_LLL_UNIVERSAL_TAG_OVERRIDE,VIABLE_EQUAL_100,ACTIVE_LLL_TAG_OVERRIDE_CUSTOM_100_PLUS_ACCEPTED_NORMALIZER
17,198 Cabal,Cabal,Custom,cabal:cabal,50,Studio Floor,StudioFlow,Custom,OWNER_ASSET_MATCHING_NO_DIRECT_LLL_CONFIG,NOT_YET_PROVEN,NO_PAIRING_SPECIFIC_EVIDENCE
17,198 Cabal,Cabal,Custom,cabal:cabal,51,Sub Systems,SubSysFlow,Custom,OWNER_ASSET_MATCHING_NO_DIRECT_LLL_CONFIG,NOT_YET_PROVEN,NO_PAIRING_SPECIFIC_EVIDENCE
17,198 Cabal,Cabal,Custom,cabal:cabal,52,Rubber Rooms,RubberRoomsFlow,Custom,DIRECT_LLL_UNIVERSAL_TAG_OVERRIDE,VIABLE_EQUAL_100,ACTIVE_LLL_TAG_OVERRIDE_CUSTOM_100_PLUS_ACCEPTED_NORMALIZER
17,198 Cabal,Cabal,Custom,cabal:cabal,53,Toy Store,ToystoreFlow,Custom,DIRECT_LLL_UNIVERSAL_TAG_OVERRIDE,VIABLE_EQUAL_100,ACTIVE_LLL_TAG_OVERRIDE_CUSTOM_100_PLUS_ACCEPTED_NORMALIZER
18,556 Flicker,Flicker,Custom,flicker:flicker,1,Facility,Level1Flow,Vanilla,VANILLA_NATIVE_LLL_MATCHING,NOT_YET_PROVEN,NO_PAIRING_SPECIFIC_EVIDENCE
18,556 Flicker,Flicker,Custom,flicker:flicker,2,Haunted Mansion,Level2Flow,Vanilla,VANILLA_NATIVE_LLL_MATCHING,NOT_YET_PROVEN,NO_PAIRING_SPECIFIC_EVIDENCE
18,556 Flicker,Flicker,Custom,flicker:flicker,3,Mineshaft,Level3Flow,Vanilla,VANILLA_NATIVE_LLL_MATCHING,NOT_YET_PROVEN,NO_PAIRING_SPECIFIC_EVIDENCE
18,556 Flicker,Flicker,Custom,flicker:flicker,4,Black Mesa,Black Mesa,External,DAWNLIB_NATIVE_BLACK_MESA_WEIGHT_RULE,VIABLE_EQUAL_100,BLACK_MESA_NATIVE_DAWNLIB_CUSTOM_100_PLUS_ACCEPTED_NORMALIZER
18,556 Flicker,Flicker,Custom,flicker:flicker,5,Abandoned Foundry,FoundryFlow,Custom,OWNER_ASSET_MATCHING_NO_DIRECT_LLL_CONFIG,NOT_YET_PROVEN,NO_PAIRING_SPECIFIC_EVIDENCE
18,556 Flicker,Flicker,Custom,flicker:flicker,6,ACF Site,ResearchStationFlow,Custom,OWNER_ASSET_MATCHING_NO_DIRECT_LLL_CONFIG,NOT_YET_PROVEN,NO_PAIRING_SPECIFIC_EVIDENCE
18,556 Flicker,Flicker,Custom,flicker:flicker,7,DeepcoreMines,deepmines,Custom,OWNER_ASSET_MATCHING_NO_DIRECT_LLL_CONFIG,NOT_YET_PROVEN,NO_PAIRING_SPECIFIC_EVIDENCE
18,556 Flicker,Flicker,Custom,flicker:flicker,8,LiminalHouse,LiminalHouseFlow,Custom,OWNER_ASSET_MATCHING_NO_DIRECT_LLL_CONFIG,NOT_YET_PROVEN,NO_PAIRING_SPECIFIC_EVIDENCE
18,556 Flicker,Flicker,Custom,flicker:flicker,9,Supermarket,Supermarket,Custom,OWNER_ASSET_MATCHING_NO_DIRECT_LLL_CONFIG,NOT_YET_PROVEN,NO_PAIRING_SPECIFIC_EVIDENCE
18,556 Flicker,Flicker,Custom,flicker:flicker,10,Bunker,BunkerFlow,Custom,DIRECT_LLL_UNIVERSAL_TAG_OVERRIDE,VIABLE_EQUAL_100,ACTIVE_LLL_TAG_OVERRIDE_CUSTOM_100_PLUS_ACCEPTED_NORMALIZER
18,556 Flicker,Flicker,Custom,flicker:flicker,11,Drains,DrainsFlow,Custom,DIRECT_LLL_UNIVERSAL_TAG_OVERRIDE,VIABLE_EQUAL_100,ACTIVE_LLL_TAG_OVERRIDE_CUSTOM_100_PLUS_ACCEPTED_NORMALIZER
18,556 Flicker,Flicker,Custom,flicker:flicker,12,Substation,SubstationFlow,Custom,DIRECT_LLL_UNIVERSAL_TAG_OVERRIDE,VIABLE_EQUAL_100,ACTIVE_LLL_TAG_OVERRIDE_CUSTOM_100_PLUS_ACCEPTED_NORMALIZER
18,556 Flicker,Flicker,Custom,flicker:flicker,13,Liminal Facility,BackroomsFlow,Custom,DIRECT_LLL_UNIVERSAL_TAG_OVERRIDE,VIABLE_EQUAL_100,ACTIVE_LLL_TAG_OVERRIDE_CUSTOM_100_PLUS_ACCEPTED_NORMALIZER
18,556 Flicker,Flicker,Custom,flicker:flicker,14,Storehouse,SHFlow,Custom,DIRECT_LLL_UNIVERSAL_TAG_OVERRIDE,VIABLE_EQUAL_100,ACTIVE_LLL_TAG_OVERRIDE_CUSTOM_100_PLUS_ACCEPTED_NORMALIZER
18,556 Flicker,Flicker,Custom,flicker:flicker,15,Tower,TowerFlow,Custom,DIRECT_LLL_UNIVERSAL_TAG_OVERRIDE,VIABLE_EQUAL_100,ACTIVE_LLL_TAG_OVERRIDE_CUSTOM_100_PLUS_ACCEPTED_NORMALIZER
18,556 Flicker,Flicker,Custom,flicker:flicker,16,Gray Apartments,GrayApartmentsFlow,Custom,OWNER_ASSET_MATCHING_NO_DIRECT_LLL_CONFIG,NOT_YET_PROVEN,NO_PAIRING_SPECIFIC_EVIDENCE
18,556 Flicker,Flicker,Custom,flicker:flicker,17,Zeranos Gray Apartments,GrayApartmentsFlowZ,Custom,OWNER_ASSET_MATCHING_NO_DIRECT_LLL_CONFIG,NOT_YET_PROVEN,NO_PAIRING_SPECIFIC_EVIDENCE
18,556 Flicker,Flicker,Custom,flicker:flicker,18,junkrooms,junkrooms,Custom,OWNER_ASSET_MATCHING_NO_DIRECT_LLL_CONFIG,NOT_YET_PROVEN,NO_PAIRING_SPECIFIC_EVIDENCE
18,556 Flicker,Flicker,Custom,flicker:flicker,19,LC Office,OfficeDungeonFlow,Custom,OWNER_ASSET_MATCHING_NO_DIRECT_LLL_CONFIG,NOT_YET_PROVEN,NO_PAIRING_SPECIFIC_EVIDENCE
18,556 Flicker,Flicker,Custom,flicker:flicker,20,Belleville Appartements,BellevilleApp,Custom,OWNER_ASSET_MATCHING_NO_DIRECT_LLL_CONFIG,NOT_YET_PROVEN,NO_PAIRING_SPECIFIC_EVIDENCE
18,556 Flicker,Flicker,Custom,flicker:flicker,21,Crimson Keep,CrimsonKeep,Custom,OWNER_ASSET_MATCHING_NO_DIRECT_LLL_CONFIG,NOT_YET_PROVEN,NO_PAIRING_SPECIFIC_EVIDENCE
18,556 Flicker,Flicker,Custom,flicker:flicker,22,Treatement Amenity,DungeonTreatementAnemity,Custom,OWNER_ASSET_MATCHING_NO_DIRECT_LLL_CONFIG,NOT_YET_PROVEN,NO_PAIRING_SPECIFIC_EVIDENCE
18,556 Flicker,Flicker,Custom,flicker:flicker,23,Goldstay Hotel,GoldenHotel,Custom,OWNER_ASSET_MATCHING_NO_DIRECT_LLL_CONFIG,NOT_YET_PROVEN,NO_PAIRING_SPECIFIC_EVIDENCE
18,556 Flicker,Flicker,Custom,flicker:flicker,24,Lead Factory,LeadFactory,Custom,OWNER_ASSET_MATCHING_NO_DIRECT_LLL_CONFIG,NOT_YET_PROVEN,NO_PAIRING_SPECIFIC_EVIDENCE
18,556 Flicker,Flicker,Custom,flicker:flicker,25,Lantern Manor,LanternManor,Custom,OWNER_ASSET_MATCHING_NO_DIRECT_LLL_CONFIG,NOT_YET_PROVEN,NO_PAIRING_SPECIFIC_EVIDENCE
18,556 Flicker,Flicker,Custom,flicker:flicker,26,Circus Facility,CircusFacilityFlow,Custom,DIRECT_LLL_UNIVERSAL_TAG_OVERRIDE,VIABLE_EQUAL_100,ACTIVE_LLL_TAG_OVERRIDE_CUSTOM_100_PLUS_ACCEPTED_NORMALIZER
18,556 Flicker,Flicker,Custom,flicker:flicker,27,Atlantean Citadel,AquaticDungeonFlow,Custom,DIRECT_LLL_UNIVERSAL_TAG_OVERRIDE,VIABLE_EQUAL_100,ACTIVE_LLL_TAG_OVERRIDE_CUSTOM_100_PLUS_ACCEPTED_NORMALIZER
18,556 Flicker,Flicker,Custom,flicker:flicker,28,Deep Sewers,DeepSewersFlow,Custom,DIRECT_LLL_UNIVERSAL_TAG_OVERRIDE,VIABLE_EQUAL_100,ACTIVE_LLL_TAG_OVERRIDE_CUSTOM_100_PLUS_ACCEPTED_NORMALIZER
18,556 Flicker,Flicker,Custom,flicker:flicker,29,Fractured Complex,FracturedComplexFlow,Custom,DIRECT_LLL_UNIVERSAL_TAG_OVERRIDE,VIABLE_EQUAL_100,ACTIVE_LLL_TAG_OVERRIDE_CUSTOM_100_PLUS_ACCEPTED_NORMALIZER
18,556 Flicker,Flicker,Custom,flicker:flicker,30,Greenhouse,GreenhouseFlow,Custom,DIRECT_LLL_UNIVERSAL_TAG_OVERRIDE,VIABLE_EQUAL_100,ACTIVE_LLL_TAG_OVERRIDE_CUSTOM_100_PLUS_ACCEPTED_NORMALIZER
18,556 Flicker,Flicker,Custom,flicker:flicker,31,Art Gallery,MuseumInteriorFlow,Custom,DIRECT_LLL_UNIVERSAL_TAG_OVERRIDE,VIABLE_EQUAL_100,ACTIVE_LLL_TAG_OVERRIDE_CUSTOM_100_PLUS_ACCEPTED_NORMALIZER
18,556 Flicker,Flicker,Custom,flicker:flicker,32,Decrepit store,StoreFlow,Custom,DIRECT_LLL_UNIVERSAL_TAG_OVERRIDE,VIABLE_EQUAL_100,ACTIVE_LLL_TAG_OVERRIDE_CUSTOM_100_PLUS_ACCEPTED_NORMALIZER
18,556 Flicker,Flicker,Custom,flicker:flicker,33,Expanded facility,ExpandedFacility,Custom,DIRECT_LLL_UNIVERSAL_TAG_OVERRIDE,VIABLE_EQUAL_100,ACTIVE_LLL_TAG_OVERRIDE_CUSTOM_100_PLUS_ACCEPTED_NORMALIZER
18,556 Flicker,Flicker,Custom,flicker:flicker,34,Expanded Mineshaft,Level3ButCoolFlow,Custom,DIRECT_LLL_UNIVERSAL_TAG_OVERRIDE,VIABLE_EQUAL_100,ACTIVE_LLL_TAG_OVERRIDE_CUSTOM_100_PLUS_ACCEPTED_NORMALIZER
18,556 Flicker,Flicker,Custom,flicker:flicker,35,Grand Armory,GrandArmoryFlow,Custom,DIRECT_LLL_UNIVERSAL_TAG_OVERRIDE,VIABLE_EQUAL_100,ACTIVE_LLL_TAG_OVERRIDE_CUSTOM_100_PLUS_ACCEPTED_NORMALIZER
18,556 Flicker,Flicker,Custom,flicker:flicker,36,Spooky manor,SpookyManorFlow,Custom,DIRECT_LLL_UNIVERSAL_TAG_OVERRIDE,VIABLE_EQUAL_100,ACTIVE_LLL_TAG_OVERRIDE_CUSTOM_100_PLUS_ACCEPTED_NORMALIZER
18,556 Flicker,Flicker,Custom,flicker:flicker,37,Mausoleum,MelanieMausoleum,Custom,OWNER_ASSET_MATCHING_NO_DIRECT_LLL_CONFIG,NOT_YET_PROVEN,NO_PAIRING_SPECIFIC_EVIDENCE
18,556 Flicker,Flicker,Custom,flicker:flicker,38,Museum,MelanieMuseum,Custom,OWNER_ASSET_MATCHING_NO_DIRECT_LLL_CONFIG,NOT_YET_PROVEN,NO_PAIRING_SPECIFIC_EVIDENCE
18,556 Flicker,Flicker,Custom,flicker:flicker,39,Raven Manor,RavenFlow,Custom,OWNER_ASSET_MATCHING_NO_DIRECT_LLL_CONFIG,NOT_YET_PROVEN,NO_PAIRING_SPECIFIC_EVIDENCE
18,556 Flicker,Flicker,Custom,flicker:flicker,40,ScoopyCastle,CastleFlow,Custom,DIRECT_LLL_UNIVERSAL_TAG_OVERRIDE,VIABLE_EQUAL_100,ACTIVE_LLL_TAG_OVERRIDE_CUSTOM_100_PLUS_ACCEPTED_NORMALIZER
18,556 Flicker,Flicker,Custom,flicker:flicker,41,Shatteredrooms,shatteredrooms,Custom,OWNER_ASSET_MATCHING_NO_DIRECT_LLL_CONFIG,NOT_YET_PROVEN,NO_PAIRING_SPECIFIC_EVIDENCE
18,556 Flicker,Flicker,Custom,flicker:flicker,42,Slaughterhouse,SlaughterhouseFlow,Custom,DIRECT_LLL_UNIVERSAL_TAG_OVERRIDE,VIABLE_EQUAL_100,ACTIVE_LLL_TAG_OVERRIDE_CUSTOM_100_PLUS_ACCEPTED_NORMALIZER
18,556 Flicker,Flicker,Custom,flicker:flicker,43,Spelunkers Caverns (Random),Spelunk_RandomFlow,Custom,OWNER_ASSET_MATCHING_NO_DIRECT_LLL_CONFIG,NOT_YET_PROVEN,NO_PAIRING_SPECIFIC_EVIDENCE
18,556 Flicker,Flicker,Custom,flicker:flicker,44,Spelunkers Caverns (Basic),Spelunk_BasicFlow,Custom,OWNER_ASSET_MATCHING_NO_DIRECT_LLL_CONFIG,NOT_YET_PROVEN,NO_PAIRING_SPECIFIC_EVIDENCE
18,556 Flicker,Flicker,Custom,flicker:flicker,45,Spelunkers Caverns (Crystal),Spelunk_CrystalFlow,Custom,OWNER_ASSET_MATCHING_NO_DIRECT_LLL_CONFIG,NOT_YET_PROVEN,NO_PAIRING_SPECIFIC_EVIDENCE
18,556 Flicker,Flicker,Custom,flicker:flicker,46,Spelunkers Caverns (Frozen),Spelunk_FrozenFlow,Custom,OWNER_ASSET_MATCHING_NO_DIRECT_LLL_CONFIG,NOT_YET_PROVEN,NO_PAIRING_SPECIFIC_EVIDENCE
18,556 Flicker,Flicker,Custom,flicker:flicker,47,Spelunkers Caverns (Magmatic),Spelunk_MagmaFlow,Custom,OWNER_ASSET_MATCHING_NO_DIRECT_LLL_CONFIG,NOT_YET_PROVEN,NO_PAIRING_SPECIFIC_EVIDENCE
18,556 Flicker,Flicker,Custom,flicker:flicker,48,Spelunkers Caverns (Overgrown),Spelunk_OvergrownFlow,Custom,OWNER_ASSET_MATCHING_NO_DIRECT_LLL_CONFIG,NOT_YET_PROVEN,NO_PAIRING_SPECIFIC_EVIDENCE
18,556 Flicker,Flicker,Custom,flicker:flicker,49,Storage Complex,StorageComplex,Custom,DIRECT_LLL_UNIVERSAL_TAG_OVERRIDE,VIABLE_EQUAL_100,ACTIVE_LLL_TAG_OVERRIDE_CUSTOM_100_PLUS_ACCEPTED_NORMALIZER
18,556 Flicker,Flicker,Custom,flicker:flicker,50,Studio Floor,StudioFlow,Custom,OWNER_ASSET_MATCHING_NO_DIRECT_LLL_CONFIG,NOT_YET_PROVEN,NO_PAIRING_SPECIFIC_EVIDENCE
18,556 Flicker,Flicker,Custom,flicker:flicker,51,Sub Systems,SubSysFlow,Custom,OWNER_ASSET_MATCHING_NO_DIRECT_LLL_CONFIG,NOT_YET_PROVEN,NO_PAIRING_SPECIFIC_EVIDENCE
18,556 Flicker,Flicker,Custom,flicker:flicker,52,Rubber Rooms,RubberRoomsFlow,Custom,DIRECT_LLL_UNIVERSAL_TAG_OVERRIDE,VIABLE_EQUAL_100,ACTIVE_LLL_TAG_OVERRIDE_CUSTOM_100_PLUS_ACCEPTED_NORMALIZER
18,556 Flicker,Flicker,Custom,flicker:flicker,53,Toy Store,ToystoreFlow,Custom,DIRECT_LLL_UNIVERSAL_TAG_OVERRIDE,VIABLE_EQUAL_100,ACTIVE_LLL_TAG_OVERRIDE_CUSTOM_100_PLUS_ACCEPTED_NORMALIZER
19,The Iris,The Iris,Custom,geminimoon:the_iris,1,Facility,Level1Flow,Vanilla,VANILLA_NATIVE_LLL_MATCHING,NOT_YET_PROVEN,NO_PAIRING_SPECIFIC_EVIDENCE
19,The Iris,The Iris,Custom,geminimoon:the_iris,2,Haunted Mansion,Level2Flow,Vanilla,VANILLA_NATIVE_LLL_MATCHING,NOT_YET_PROVEN,NO_PAIRING_SPECIFIC_EVIDENCE
19,The Iris,The Iris,Custom,geminimoon:the_iris,3,Mineshaft,Level3Flow,Vanilla,VANILLA_NATIVE_LLL_MATCHING,NOT_YET_PROVEN,NO_PAIRING_SPECIFIC_EVIDENCE
19,The Iris,The Iris,Custom,geminimoon:the_iris,4,Black Mesa,Black Mesa,External,DAWNLIB_NATIVE_BLACK_MESA_WEIGHT_RULE,VIABLE_EQUAL_100,BLACK_MESA_NATIVE_DAWNLIB_CUSTOM_100_PLUS_ACCEPTED_NORMALIZER
19,The Iris,The Iris,Custom,geminimoon:the_iris,5,Abandoned Foundry,FoundryFlow,Custom,OWNER_ASSET_MATCHING_NO_DIRECT_LLL_CONFIG,NOT_YET_PROVEN,NO_PAIRING_SPECIFIC_EVIDENCE
19,The Iris,The Iris,Custom,geminimoon:the_iris,6,ACF Site,ResearchStationFlow,Custom,OWNER_ASSET_MATCHING_NO_DIRECT_LLL_CONFIG,NOT_YET_PROVEN,NO_PAIRING_SPECIFIC_EVIDENCE
19,The Iris,The Iris,Custom,geminimoon:the_iris,7,DeepcoreMines,deepmines,Custom,OWNER_ASSET_MATCHING_NO_DIRECT_LLL_CONFIG,NOT_YET_PROVEN,NO_PAIRING_SPECIFIC_EVIDENCE
19,The Iris,The Iris,Custom,geminimoon:the_iris,8,LiminalHouse,LiminalHouseFlow,Custom,OWNER_ASSET_MATCHING_NO_DIRECT_LLL_CONFIG,NOT_YET_PROVEN,NO_PAIRING_SPECIFIC_EVIDENCE
19,The Iris,The Iris,Custom,geminimoon:the_iris,9,Supermarket,Supermarket,Custom,OWNER_ASSET_MATCHING_NO_DIRECT_LLL_CONFIG,NOT_YET_PROVEN,NO_PAIRING_SPECIFIC_EVIDENCE
19,The Iris,The Iris,Custom,geminimoon:the_iris,10,Bunker,BunkerFlow,Custom,DIRECT_LLL_UNIVERSAL_TAG_OVERRIDE,VIABLE_EQUAL_100,ACTIVE_LLL_TAG_OVERRIDE_CUSTOM_100_PLUS_ACCEPTED_NORMALIZER
19,The Iris,The Iris,Custom,geminimoon:the_iris,11,Drains,DrainsFlow,Custom,DIRECT_LLL_UNIVERSAL_TAG_OVERRIDE,VIABLE_EQUAL_100,ACTIVE_LLL_TAG_OVERRIDE_CUSTOM_100_PLUS_ACCEPTED_NORMALIZER
19,The Iris,The Iris,Custom,geminimoon:the_iris,12,Substation,SubstationFlow,Custom,DIRECT_LLL_UNIVERSAL_TAG_OVERRIDE,VIABLE_EQUAL_100,ACTIVE_LLL_TAG_OVERRIDE_CUSTOM_100_PLUS_ACCEPTED_NORMALIZER
19,The Iris,The Iris,Custom,geminimoon:the_iris,13,Liminal Facility,BackroomsFlow,Custom,DIRECT_LLL_UNIVERSAL_TAG_OVERRIDE,VIABLE_EQUAL_100,ACTIVE_LLL_TAG_OVERRIDE_CUSTOM_100_PLUS_ACCEPTED_NORMALIZER
19,The Iris,The Iris,Custom,geminimoon:the_iris,14,Storehouse,SHFlow,Custom,DIRECT_LLL_UNIVERSAL_TAG_OVERRIDE,VIABLE_EQUAL_100,ACTIVE_LLL_TAG_OVERRIDE_CUSTOM_100_PLUS_ACCEPTED_NORMALIZER
19,The Iris,The Iris,Custom,geminimoon:the_iris,15,Tower,TowerFlow,Custom,DIRECT_LLL_UNIVERSAL_TAG_OVERRIDE,VIABLE_EQUAL_100,ACTIVE_LLL_TAG_OVERRIDE_CUSTOM_100_PLUS_ACCEPTED_NORMALIZER
19,The Iris,The Iris,Custom,geminimoon:the_iris,16,Gray Apartments,GrayApartmentsFlow,Custom,OWNER_ASSET_MATCHING_NO_DIRECT_LLL_CONFIG,NOT_YET_PROVEN,NO_PAIRING_SPECIFIC_EVIDENCE
19,The Iris,The Iris,Custom,geminimoon:the_iris,17,Zeranos Gray Apartments,GrayApartmentsFlowZ,Custom,OWNER_ASSET_MATCHING_NO_DIRECT_LLL_CONFIG,NOT_YET_PROVEN,NO_PAIRING_SPECIFIC_EVIDENCE
19,The Iris,The Iris,Custom,geminimoon:the_iris,18,junkrooms,junkrooms,Custom,OWNER_ASSET_MATCHING_NO_DIRECT_LLL_CONFIG,NOT_YET_PROVEN,NO_PAIRING_SPECIFIC_EVIDENCE
19,The Iris,The Iris,Custom,geminimoon:the_iris,19,LC Office,OfficeDungeonFlow,Custom,OWNER_ASSET_MATCHING_NO_DIRECT_LLL_CONFIG,NOT_YET_PROVEN,NO_PAIRING_SPECIFIC_EVIDENCE
19,The Iris,The Iris,Custom,geminimoon:the_iris,20,Belleville Appartements,BellevilleApp,Custom,OWNER_ASSET_MATCHING_NO_DIRECT_LLL_CONFIG,NOT_YET_PROVEN,NO_PAIRING_SPECIFIC_EVIDENCE
19,The Iris,The Iris,Custom,geminimoon:the_iris,21,Crimson Keep,CrimsonKeep,Custom,OWNER_ASSET_MATCHING_NO_DIRECT_LLL_CONFIG,NOT_YET_PROVEN,NO_PAIRING_SPECIFIC_EVIDENCE
19,The Iris,The Iris,Custom,geminimoon:the_iris,22,Treatement Amenity,DungeonTreatementAnemity,Custom,OWNER_ASSET_MATCHING_NO_DIRECT_LLL_CONFIG,NOT_YET_PROVEN,NO_PAIRING_SPECIFIC_EVIDENCE
19,The Iris,The Iris,Custom,geminimoon:the_iris,23,Goldstay Hotel,GoldenHotel,Custom,OWNER_ASSET_MATCHING_NO_DIRECT_LLL_CONFIG,NOT_YET_PROVEN,NO_PAIRING_SPECIFIC_EVIDENCE
19,The Iris,The Iris,Custom,geminimoon:the_iris,24,Lead Factory,LeadFactory,Custom,OWNER_ASSET_MATCHING_NO_DIRECT_LLL_CONFIG,NOT_YET_PROVEN,NO_PAIRING_SPECIFIC_EVIDENCE
19,The Iris,The Iris,Custom,geminimoon:the_iris,25,Lantern Manor,LanternManor,Custom,OWNER_ASSET_MATCHING_NO_DIRECT_LLL_CONFIG,NOT_YET_PROVEN,NO_PAIRING_SPECIFIC_EVIDENCE
19,The Iris,The Iris,Custom,geminimoon:the_iris,26,Circus Facility,CircusFacilityFlow,Custom,DIRECT_LLL_UNIVERSAL_TAG_OVERRIDE,VIABLE_EQUAL_100,ACTIVE_LLL_TAG_OVERRIDE_CUSTOM_100_PLUS_ACCEPTED_NORMALIZER
19,The Iris,The Iris,Custom,geminimoon:the_iris,27,Atlantean Citadel,AquaticDungeonFlow,Custom,DIRECT_LLL_UNIVERSAL_TAG_OVERRIDE,VIABLE_EQUAL_100,ACTIVE_LLL_TAG_OVERRIDE_CUSTOM_100_PLUS_ACCEPTED_NORMALIZER
19,The Iris,The Iris,Custom,geminimoon:the_iris,28,Deep Sewers,DeepSewersFlow,Custom,DIRECT_LLL_UNIVERSAL_TAG_OVERRIDE,VIABLE_EQUAL_100,ACTIVE_LLL_TAG_OVERRIDE_CUSTOM_100_PLUS_ACCEPTED_NORMALIZER
19,The Iris,The Iris,Custom,geminimoon:the_iris,29,Fractured Complex,FracturedComplexFlow,Custom,DIRECT_LLL_UNIVERSAL_TAG_OVERRIDE,VIABLE_EQUAL_100,ACTIVE_LLL_TAG_OVERRIDE_CUSTOM_100_PLUS_ACCEPTED_NORMALIZER
19,The Iris,The Iris,Custom,geminimoon:the_iris,30,Greenhouse,GreenhouseFlow,Custom,DIRECT_LLL_UNIVERSAL_TAG_OVERRIDE,VIABLE_EQUAL_100,ACTIVE_LLL_TAG_OVERRIDE_CUSTOM_100_PLUS_ACCEPTED_NORMALIZER
19,The Iris,The Iris,Custom,geminimoon:the_iris,31,Art Gallery,MuseumInteriorFlow,Custom,DIRECT_LLL_UNIVERSAL_TAG_OVERRIDE,VIABLE_EQUAL_100,ACTIVE_LLL_TAG_OVERRIDE_CUSTOM_100_PLUS_ACCEPTED_NORMALIZER
19,The Iris,The Iris,Custom,geminimoon:the_iris,32,Decrepit store,StoreFlow,Custom,DIRECT_LLL_UNIVERSAL_TAG_OVERRIDE,VIABLE_EQUAL_100,ACTIVE_LLL_TAG_OVERRIDE_CUSTOM_100_PLUS_ACCEPTED_NORMALIZER
19,The Iris,The Iris,Custom,geminimoon:the_iris,33,Expanded facility,ExpandedFacility,Custom,DIRECT_LLL_UNIVERSAL_TAG_OVERRIDE,VIABLE_EQUAL_100,ACTIVE_LLL_TAG_OVERRIDE_CUSTOM_100_PLUS_ACCEPTED_NORMALIZER
19,The Iris,The Iris,Custom,geminimoon:the_iris,34,Expanded Mineshaft,Level3ButCoolFlow,Custom,DIRECT_LLL_UNIVERSAL_TAG_OVERRIDE,VIABLE_EQUAL_100,ACTIVE_LLL_TAG_OVERRIDE_CUSTOM_100_PLUS_ACCEPTED_NORMALIZER
19,The Iris,The Iris,Custom,geminimoon:the_iris,35,Grand Armory,GrandArmoryFlow,Custom,DIRECT_LLL_UNIVERSAL_TAG_OVERRIDE,VIABLE_EQUAL_100,ACTIVE_LLL_TAG_OVERRIDE_CUSTOM_100_PLUS_ACCEPTED_NORMALIZER
19,The Iris,The Iris,Custom,geminimoon:the_iris,36,Spooky manor,SpookyManorFlow,Custom,DIRECT_LLL_UNIVERSAL_TAG_OVERRIDE,VIABLE_EQUAL_100,ACTIVE_LLL_TAG_OVERRIDE_CUSTOM_100_PLUS_ACCEPTED_NORMALIZER
19,The Iris,The Iris,Custom,geminimoon:the_iris,37,Mausoleum,MelanieMausoleum,Custom,OWNER_ASSET_MATCHING_NO_DIRECT_LLL_CONFIG,NOT_YET_PROVEN,NO_PAIRING_SPECIFIC_EVIDENCE
19,The Iris,The Iris,Custom,geminimoon:the_iris,38,Museum,MelanieMuseum,Custom,OWNER_ASSET_MATCHING_NO_DIRECT_LLL_CONFIG,NOT_YET_PROVEN,NO_PAIRING_SPECIFIC_EVIDENCE
19,The Iris,The Iris,Custom,geminimoon:the_iris,39,Raven Manor,RavenFlow,Custom,OWNER_ASSET_MATCHING_NO_DIRECT_LLL_CONFIG,NOT_YET_PROVEN,NO_PAIRING_SPECIFIC_EVIDENCE
19,The Iris,The Iris,Custom,geminimoon:the_iris,40,ScoopyCastle,CastleFlow,Custom,DIRECT_LLL_UNIVERSAL_TAG_OVERRIDE,VIABLE_EQUAL_100,ACTIVE_LLL_TAG_OVERRIDE_CUSTOM_100_PLUS_ACCEPTED_NORMALIZER
19,The Iris,The Iris,Custom,geminimoon:the_iris,41,Shatteredrooms,shatteredrooms,Custom,OWNER_ASSET_MATCHING_NO_DIRECT_LLL_CONFIG,NOT_YET_PROVEN,NO_PAIRING_SPECIFIC_EVIDENCE
19,The Iris,The Iris,Custom,geminimoon:the_iris,42,Slaughterhouse,SlaughterhouseFlow,Custom,DIRECT_LLL_UNIVERSAL_TAG_OVERRIDE,VIABLE_EQUAL_100,ACTIVE_LLL_TAG_OVERRIDE_CUSTOM_100_PLUS_ACCEPTED_NORMALIZER
19,The Iris,The Iris,Custom,geminimoon:the_iris,43,Spelunkers Caverns (Random),Spelunk_RandomFlow,Custom,OWNER_ASSET_MATCHING_NO_DIRECT_LLL_CONFIG,NOT_YET_PROVEN,NO_PAIRING_SPECIFIC_EVIDENCE
19,The Iris,The Iris,Custom,geminimoon:the_iris,44,Spelunkers Caverns (Basic),Spelunk_BasicFlow,Custom,OWNER_ASSET_MATCHING_NO_DIRECT_LLL_CONFIG,NOT_YET_PROVEN,NO_PAIRING_SPECIFIC_EVIDENCE
19,The Iris,The Iris,Custom,geminimoon:the_iris,45,Spelunkers Caverns (Crystal),Spelunk_CrystalFlow,Custom,OWNER_ASSET_MATCHING_NO_DIRECT_LLL_CONFIG,NOT_YET_PROVEN,NO_PAIRING_SPECIFIC_EVIDENCE
19,The Iris,The Iris,Custom,geminimoon:the_iris,46,Spelunkers Caverns (Frozen),Spelunk_FrozenFlow,Custom,OWNER_ASSET_MATCHING_NO_DIRECT_LLL_CONFIG,NOT_YET_PROVEN,NO_PAIRING_SPECIFIC_EVIDENCE
19,The Iris,The Iris,Custom,geminimoon:the_iris,47,Spelunkers Caverns (Magmatic),Spelunk_MagmaFlow,Custom,OWNER_ASSET_MATCHING_NO_DIRECT_LLL_CONFIG,NOT_YET_PROVEN,NO_PAIRING_SPECIFIC_EVIDENCE
19,The Iris,The Iris,Custom,geminimoon:the_iris,48,Spelunkers Caverns (Overgrown),Spelunk_OvergrownFlow,Custom,OWNER_ASSET_MATCHING_NO_DIRECT_LLL_CONFIG,NOT_YET_PROVEN,NO_PAIRING_SPECIFIC_EVIDENCE
19,The Iris,The Iris,Custom,geminimoon:the_iris,49,Storage Complex,StorageComplex,Custom,DIRECT_LLL_UNIVERSAL_TAG_OVERRIDE,VIABLE_EQUAL_100,ACTIVE_LLL_TAG_OVERRIDE_CUSTOM_100_PLUS_ACCEPTED_NORMALIZER
19,The Iris,The Iris,Custom,geminimoon:the_iris,50,Studio Floor,StudioFlow,Custom,OWNER_ASSET_MATCHING_NO_DIRECT_LLL_CONFIG,NOT_YET_PROVEN,NO_PAIRING_SPECIFIC_EVIDENCE
19,The Iris,The Iris,Custom,geminimoon:the_iris,51,Sub Systems,SubSysFlow,Custom,OWNER_ASSET_MATCHING_NO_DIRECT_LLL_CONFIG,NOT_YET_PROVEN,NO_PAIRING_SPECIFIC_EVIDENCE
19,The Iris,The Iris,Custom,geminimoon:the_iris,52,Rubber Rooms,RubberRoomsFlow,Custom,DIRECT_LLL_UNIVERSAL_TAG_OVERRIDE,VIABLE_EQUAL_100,ACTIVE_LLL_TAG_OVERRIDE_CUSTOM_100_PLUS_ACCEPTED_NORMALIZER
19,The Iris,The Iris,Custom,geminimoon:the_iris,53,Toy Store,ToystoreFlow,Custom,DIRECT_LLL_UNIVERSAL_TAG_OVERRIDE,VIABLE_EQUAL_100,ACTIVE_LLL_TAG_OVERRIDE_CUSTOM_100_PLUS_ACCEPTED_NORMALIZER
20,551 Lament,Lament,Custom,lament:lament,1,Facility,Level1Flow,Vanilla,VANILLA_NATIVE_LLL_MATCHING,NOT_YET_PROVEN,NO_PAIRING_SPECIFIC_EVIDENCE
20,551 Lament,Lament,Custom,lament:lament,2,Haunted Mansion,Level2Flow,Vanilla,VANILLA_NATIVE_LLL_MATCHING,NOT_YET_PROVEN,NO_PAIRING_SPECIFIC_EVIDENCE
20,551 Lament,Lament,Custom,lament:lament,3,Mineshaft,Level3Flow,Vanilla,VANILLA_NATIVE_LLL_MATCHING,NOT_YET_PROVEN,NO_PAIRING_SPECIFIC_EVIDENCE
20,551 Lament,Lament,Custom,lament:lament,4,Black Mesa,Black Mesa,External,DAWNLIB_NATIVE_BLACK_MESA_WEIGHT_RULE,VIABLE_EQUAL_100,BLACK_MESA_NATIVE_DAWNLIB_CUSTOM_100_PLUS_ACCEPTED_NORMALIZER
20,551 Lament,Lament,Custom,lament:lament,5,Abandoned Foundry,FoundryFlow,Custom,OWNER_ASSET_MATCHING_NO_DIRECT_LLL_CONFIG,NOT_YET_PROVEN,NO_PAIRING_SPECIFIC_EVIDENCE
20,551 Lament,Lament,Custom,lament:lament,6,ACF Site,ResearchStationFlow,Custom,OWNER_ASSET_MATCHING_NO_DIRECT_LLL_CONFIG,NOT_YET_PROVEN,NO_PAIRING_SPECIFIC_EVIDENCE
20,551 Lament,Lament,Custom,lament:lament,7,DeepcoreMines,deepmines,Custom,OWNER_ASSET_MATCHING_NO_DIRECT_LLL_CONFIG,NOT_YET_PROVEN,NO_PAIRING_SPECIFIC_EVIDENCE
20,551 Lament,Lament,Custom,lament:lament,8,LiminalHouse,LiminalHouseFlow,Custom,OWNER_ASSET_MATCHING_NO_DIRECT_LLL_CONFIG,NOT_YET_PROVEN,NO_PAIRING_SPECIFIC_EVIDENCE
20,551 Lament,Lament,Custom,lament:lament,9,Supermarket,Supermarket,Custom,OWNER_ASSET_MATCHING_NO_DIRECT_LLL_CONFIG,NOT_YET_PROVEN,NO_PAIRING_SPECIFIC_EVIDENCE
20,551 Lament,Lament,Custom,lament:lament,10,Bunker,BunkerFlow,Custom,DIRECT_LLL_UNIVERSAL_TAG_OVERRIDE,VIABLE_EQUAL_100,ACTIVE_LLL_TAG_OVERRIDE_CUSTOM_100_PLUS_ACCEPTED_NORMALIZER
20,551 Lament,Lament,Custom,lament:lament,11,Drains,DrainsFlow,Custom,DIRECT_LLL_UNIVERSAL_TAG_OVERRIDE,VIABLE_EQUAL_100,ACTIVE_LLL_TAG_OVERRIDE_CUSTOM_100_PLUS_ACCEPTED_NORMALIZER
20,551 Lament,Lament,Custom,lament:lament,12,Substation,SubstationFlow,Custom,DIRECT_LLL_UNIVERSAL_TAG_OVERRIDE,VIABLE_EQUAL_100,ACTIVE_LLL_TAG_OVERRIDE_CUSTOM_100_PLUS_ACCEPTED_NORMALIZER
20,551 Lament,Lament,Custom,lament:lament,13,Liminal Facility,BackroomsFlow,Custom,DIRECT_LLL_UNIVERSAL_TAG_OVERRIDE,VIABLE_EQUAL_100,ACTIVE_LLL_TAG_OVERRIDE_CUSTOM_100_PLUS_ACCEPTED_NORMALIZER
20,551 Lament,Lament,Custom,lament:lament,14,Storehouse,SHFlow,Custom,DIRECT_LLL_UNIVERSAL_TAG_OVERRIDE,VIABLE_EQUAL_100,ACTIVE_LLL_TAG_OVERRIDE_CUSTOM_100_PLUS_ACCEPTED_NORMALIZER
20,551 Lament,Lament,Custom,lament:lament,15,Tower,TowerFlow,Custom,DIRECT_LLL_UNIVERSAL_TAG_OVERRIDE,VIABLE_EQUAL_100,ACTIVE_LLL_TAG_OVERRIDE_CUSTOM_100_PLUS_ACCEPTED_NORMALIZER
20,551 Lament,Lament,Custom,lament:lament,16,Gray Apartments,GrayApartmentsFlow,Custom,OWNER_ASSET_MATCHING_NO_DIRECT_LLL_CONFIG,NOT_YET_PROVEN,NO_PAIRING_SPECIFIC_EVIDENCE
20,551 Lament,Lament,Custom,lament:lament,17,Zeranos Gray Apartments,GrayApartmentsFlowZ,Custom,OWNER_ASSET_MATCHING_NO_DIRECT_LLL_CONFIG,NOT_YET_PROVEN,NO_PAIRING_SPECIFIC_EVIDENCE
20,551 Lament,Lament,Custom,lament:lament,18,junkrooms,junkrooms,Custom,OWNER_ASSET_MATCHING_NO_DIRECT_LLL_CONFIG,NOT_YET_PROVEN,NO_PAIRING_SPECIFIC_EVIDENCE
20,551 Lament,Lament,Custom,lament:lament,19,LC Office,OfficeDungeonFlow,Custom,OWNER_ASSET_MATCHING_NO_DIRECT_LLL_CONFIG,NOT_YET_PROVEN,NO_PAIRING_SPECIFIC_EVIDENCE
20,551 Lament,Lament,Custom,lament:lament,20,Belleville Appartements,BellevilleApp,Custom,OWNER_ASSET_MATCHING_NO_DIRECT_LLL_CONFIG,NOT_YET_PROVEN,NO_PAIRING_SPECIFIC_EVIDENCE
20,551 Lament,Lament,Custom,lament:lament,21,Crimson Keep,CrimsonKeep,Custom,OWNER_ASSET_MATCHING_NO_DIRECT_LLL_CONFIG,NOT_YET_PROVEN,NO_PAIRING_SPECIFIC_EVIDENCE
20,551 Lament,Lament,Custom,lament:lament,22,Treatement Amenity,DungeonTreatementAnemity,Custom,OWNER_ASSET_MATCHING_NO_DIRECT_LLL_CONFIG,NOT_YET_PROVEN,NO_PAIRING_SPECIFIC_EVIDENCE
20,551 Lament,Lament,Custom,lament:lament,23,Goldstay Hotel,GoldenHotel,Custom,OWNER_ASSET_MATCHING_NO_DIRECT_LLL_CONFIG,NOT_YET_PROVEN,NO_PAIRING_SPECIFIC_EVIDENCE
20,551 Lament,Lament,Custom,lament:lament,24,Lead Factory,LeadFactory,Custom,OWNER_ASSET_MATCHING_NO_DIRECT_LLL_CONFIG,NOT_YET_PROVEN,NO_PAIRING_SPECIFIC_EVIDENCE
20,551 Lament,Lament,Custom,lament:lament,25,Lantern Manor,LanternManor,Custom,OWNER_ASSET_MATCHING_NO_DIRECT_LLL_CONFIG,NOT_YET_PROVEN,NO_PAIRING_SPECIFIC_EVIDENCE
20,551 Lament,Lament,Custom,lament:lament,26,Circus Facility,CircusFacilityFlow,Custom,DIRECT_LLL_UNIVERSAL_TAG_OVERRIDE,VIABLE_EQUAL_100,ACTIVE_LLL_TAG_OVERRIDE_CUSTOM_100_PLUS_ACCEPTED_NORMALIZER
20,551 Lament,Lament,Custom,lament:lament,27,Atlantean Citadel,AquaticDungeonFlow,Custom,DIRECT_LLL_UNIVERSAL_TAG_OVERRIDE,VIABLE_EQUAL_100,ACTIVE_LLL_TAG_OVERRIDE_CUSTOM_100_PLUS_ACCEPTED_NORMALIZER
20,551 Lament,Lament,Custom,lament:lament,28,Deep Sewers,DeepSewersFlow,Custom,DIRECT_LLL_UNIVERSAL_TAG_OVERRIDE,VIABLE_EQUAL_100,ACTIVE_LLL_TAG_OVERRIDE_CUSTOM_100_PLUS_ACCEPTED_NORMALIZER
20,551 Lament,Lament,Custom,lament:lament,29,Fractured Complex,FracturedComplexFlow,Custom,DIRECT_LLL_UNIVERSAL_TAG_OVERRIDE,VIABLE_EQUAL_100,ACTIVE_LLL_TAG_OVERRIDE_CUSTOM_100_PLUS_ACCEPTED_NORMALIZER
20,551 Lament,Lament,Custom,lament:lament,30,Greenhouse,GreenhouseFlow,Custom,DIRECT_LLL_UNIVERSAL_TAG_OVERRIDE,VIABLE_EQUAL_100,ACTIVE_LLL_TAG_OVERRIDE_CUSTOM_100_PLUS_ACCEPTED_NORMALIZER
20,551 Lament,Lament,Custom,lament:lament,31,Art Gallery,MuseumInteriorFlow,Custom,DIRECT_LLL_UNIVERSAL_TAG_OVERRIDE,VIABLE_EQUAL_100,ACTIVE_LLL_TAG_OVERRIDE_CUSTOM_100_PLUS_ACCEPTED_NORMALIZER
20,551 Lament,Lament,Custom,lament:lament,32,Decrepit store,StoreFlow,Custom,DIRECT_LLL_UNIVERSAL_TAG_OVERRIDE,VIABLE_EQUAL_100,ACTIVE_LLL_TAG_OVERRIDE_CUSTOM_100_PLUS_ACCEPTED_NORMALIZER
20,551 Lament,Lament,Custom,lament:lament,33,Expanded facility,ExpandedFacility,Custom,DIRECT_LLL_UNIVERSAL_TAG_OVERRIDE,VIABLE_EQUAL_100,ACTIVE_LLL_TAG_OVERRIDE_CUSTOM_100_PLUS_ACCEPTED_NORMALIZER
20,551 Lament,Lament,Custom,lament:lament,34,Expanded Mineshaft,Level3ButCoolFlow,Custom,DIRECT_LLL_UNIVERSAL_TAG_OVERRIDE,VIABLE_EQUAL_100,ACTIVE_LLL_TAG_OVERRIDE_CUSTOM_100_PLUS_ACCEPTED_NORMALIZER
20,551 Lament,Lament,Custom,lament:lament,35,Grand Armory,GrandArmoryFlow,Custom,DIRECT_LLL_UNIVERSAL_TAG_OVERRIDE,VIABLE_EQUAL_100,ACTIVE_LLL_TAG_OVERRIDE_CUSTOM_100_PLUS_ACCEPTED_NORMALIZER
20,551 Lament,Lament,Custom,lament:lament,36,Spooky manor,SpookyManorFlow,Custom,DIRECT_LLL_UNIVERSAL_TAG_OVERRIDE,VIABLE_EQUAL_100,ACTIVE_LLL_TAG_OVERRIDE_CUSTOM_100_PLUS_ACCEPTED_NORMALIZER
20,551 Lament,Lament,Custom,lament:lament,37,Mausoleum,MelanieMausoleum,Custom,OWNER_ASSET_MATCHING_NO_DIRECT_LLL_CONFIG,NOT_YET_PROVEN,NO_PAIRING_SPECIFIC_EVIDENCE
20,551 Lament,Lament,Custom,lament:lament,38,Museum,MelanieMuseum,Custom,OWNER_ASSET_MATCHING_NO_DIRECT_LLL_CONFIG,NOT_YET_PROVEN,NO_PAIRING_SPECIFIC_EVIDENCE
20,551 Lament,Lament,Custom,lament:lament,39,Raven Manor,RavenFlow,Custom,OWNER_ASSET_MATCHING_NO_DIRECT_LLL_CONFIG,NOT_YET_PROVEN,NO_PAIRING_SPECIFIC_EVIDENCE
20,551 Lament,Lament,Custom,lament:lament,40,ScoopyCastle,CastleFlow,Custom,DIRECT_LLL_UNIVERSAL_TAG_OVERRIDE,VIABLE_EQUAL_100,ACTIVE_LLL_TAG_OVERRIDE_CUSTOM_100_PLUS_ACCEPTED_NORMALIZER
20,551 Lament,Lament,Custom,lament:lament,41,Shatteredrooms,shatteredrooms,Custom,OWNER_ASSET_MATCHING_NO_DIRECT_LLL_CONFIG,NOT_YET_PROVEN,NO_PAIRING_SPECIFIC_EVIDENCE
20,551 Lament,Lament,Custom,lament:lament,42,Slaughterhouse,SlaughterhouseFlow,Custom,DIRECT_LLL_UNIVERSAL_TAG_OVERRIDE,VIABLE_EQUAL_100,ACTIVE_LLL_TAG_OVERRIDE_CUSTOM_100_PLUS_ACCEPTED_NORMALIZER
20,551 Lament,Lament,Custom,lament:lament,43,Spelunkers Caverns (Random),Spelunk_RandomFlow,Custom,OWNER_ASSET_MATCHING_NO_DIRECT_LLL_CONFIG,NOT_YET_PROVEN,NO_PAIRING_SPECIFIC_EVIDENCE
20,551 Lament,Lament,Custom,lament:lament,44,Spelunkers Caverns (Basic),Spelunk_BasicFlow,Custom,OWNER_ASSET_MATCHING_NO_DIRECT_LLL_CONFIG,NOT_YET_PROVEN,NO_PAIRING_SPECIFIC_EVIDENCE
20,551 Lament,Lament,Custom,lament:lament,45,Spelunkers Caverns (Crystal),Spelunk_CrystalFlow,Custom,OWNER_ASSET_MATCHING_NO_DIRECT_LLL_CONFIG,NOT_YET_PROVEN,NO_PAIRING_SPECIFIC_EVIDENCE
20,551 Lament,Lament,Custom,lament:lament,46,Spelunkers Caverns (Frozen),Spelunk_FrozenFlow,Custom,OWNER_ASSET_MATCHING_NO_DIRECT_LLL_CONFIG,NOT_YET_PROVEN,NO_PAIRING_SPECIFIC_EVIDENCE
20,551 Lament,Lament,Custom,lament:lament,47,Spelunkers Caverns (Magmatic),Spelunk_MagmaFlow,Custom,OWNER_ASSET_MATCHING_NO_DIRECT_LLL_CONFIG,NOT_YET_PROVEN,NO_PAIRING_SPECIFIC_EVIDENCE
20,551 Lament,Lament,Custom,lament:lament,48,Spelunkers Caverns (Overgrown),Spelunk_OvergrownFlow,Custom,OWNER_ASSET_MATCHING_NO_DIRECT_LLL_CONFIG,NOT_YET_PROVEN,NO_PAIRING_SPECIFIC_EVIDENCE
20,551 Lament,Lament,Custom,lament:lament,49,Storage Complex,StorageComplex,Custom,DIRECT_LLL_UNIVERSAL_TAG_OVERRIDE,VIABLE_EQUAL_100,ACTIVE_LLL_TAG_OVERRIDE_CUSTOM_100_PLUS_ACCEPTED_NORMALIZER
20,551 Lament,Lament,Custom,lament:lament,50,Studio Floor,StudioFlow,Custom,OWNER_ASSET_MATCHING_NO_DIRECT_LLL_CONFIG,NOT_YET_PROVEN,NO_PAIRING_SPECIFIC_EVIDENCE
20,551 Lament,Lament,Custom,lament:lament,51,Sub Systems,SubSysFlow,Custom,OWNER_ASSET_MATCHING_NO_DIRECT_LLL_CONFIG,NOT_YET_PROVEN,NO_PAIRING_SPECIFIC_EVIDENCE
20,551 Lament,Lament,Custom,lament:lament,52,Rubber Rooms,RubberRoomsFlow,Custom,DIRECT_LLL_UNIVERSAL_TAG_OVERRIDE,VIABLE_EQUAL_100,ACTIVE_LLL_TAG_OVERRIDE_CUSTOM_100_PLUS_ACCEPTED_NORMALIZER
20,551 Lament,Lament,Custom,lament:lament,53,Toy Store,ToystoreFlow,Custom,DIRECT_LLL_UNIVERSAL_TAG_OVERRIDE,VIABLE_EQUAL_100,ACTIVE_LLL_TAG_OVERRIDE_CUSTOM_100_PLUS_ACCEPTED_NORMALIZER
21,823 Bozoros,Bozoros,Custom,lethalmattsmod:bozoros,1,Facility,Level1Flow,Vanilla,VANILLA_NATIVE_LLL_MATCHING,NOT_YET_PROVEN,NO_PAIRING_SPECIFIC_EVIDENCE
21,823 Bozoros,Bozoros,Custom,lethalmattsmod:bozoros,2,Haunted Mansion,Level2Flow,Vanilla,VANILLA_NATIVE_LLL_MATCHING,NOT_YET_PROVEN,NO_PAIRING_SPECIFIC_EVIDENCE
21,823 Bozoros,Bozoros,Custom,lethalmattsmod:bozoros,3,Mineshaft,Level3Flow,Vanilla,VANILLA_NATIVE_LLL_MATCHING,NOT_YET_PROVEN,NO_PAIRING_SPECIFIC_EVIDENCE
21,823 Bozoros,Bozoros,Custom,lethalmattsmod:bozoros,4,Black Mesa,Black Mesa,External,DAWNLIB_NATIVE_BLACK_MESA_WEIGHT_RULE,VIABLE_EQUAL_100,BLACK_MESA_NATIVE_DAWNLIB_CUSTOM_100_PLUS_ACCEPTED_NORMALIZER
21,823 Bozoros,Bozoros,Custom,lethalmattsmod:bozoros,5,Abandoned Foundry,FoundryFlow,Custom,OWNER_ASSET_MATCHING_NO_DIRECT_LLL_CONFIG,NOT_YET_PROVEN,NO_PAIRING_SPECIFIC_EVIDENCE
21,823 Bozoros,Bozoros,Custom,lethalmattsmod:bozoros,6,ACF Site,ResearchStationFlow,Custom,OWNER_ASSET_MATCHING_NO_DIRECT_LLL_CONFIG,NOT_YET_PROVEN,NO_PAIRING_SPECIFIC_EVIDENCE
21,823 Bozoros,Bozoros,Custom,lethalmattsmod:bozoros,7,DeepcoreMines,deepmines,Custom,OWNER_ASSET_MATCHING_NO_DIRECT_LLL_CONFIG,NOT_YET_PROVEN,NO_PAIRING_SPECIFIC_EVIDENCE
21,823 Bozoros,Bozoros,Custom,lethalmattsmod:bozoros,8,LiminalHouse,LiminalHouseFlow,Custom,OWNER_ASSET_MATCHING_NO_DIRECT_LLL_CONFIG,NOT_YET_PROVEN,NO_PAIRING_SPECIFIC_EVIDENCE
21,823 Bozoros,Bozoros,Custom,lethalmattsmod:bozoros,9,Supermarket,Supermarket,Custom,OWNER_ASSET_MATCHING_NO_DIRECT_LLL_CONFIG,NOT_YET_PROVEN,NO_PAIRING_SPECIFIC_EVIDENCE
21,823 Bozoros,Bozoros,Custom,lethalmattsmod:bozoros,10,Bunker,BunkerFlow,Custom,DIRECT_LLL_UNIVERSAL_TAG_OVERRIDE,VIABLE_EQUAL_100,ACTIVE_LLL_TAG_OVERRIDE_CUSTOM_100_PLUS_ACCEPTED_NORMALIZER
21,823 Bozoros,Bozoros,Custom,lethalmattsmod:bozoros,11,Drains,DrainsFlow,Custom,DIRECT_LLL_UNIVERSAL_TAG_OVERRIDE,VIABLE_EQUAL_100,ACTIVE_LLL_TAG_OVERRIDE_CUSTOM_100_PLUS_ACCEPTED_NORMALIZER
21,823 Bozoros,Bozoros,Custom,lethalmattsmod:bozoros,12,Substation,SubstationFlow,Custom,DIRECT_LLL_UNIVERSAL_TAG_OVERRIDE,VIABLE_EQUAL_100,ACTIVE_LLL_TAG_OVERRIDE_CUSTOM_100_PLUS_ACCEPTED_NORMALIZER
21,823 Bozoros,Bozoros,Custom,lethalmattsmod:bozoros,13,Liminal Facility,BackroomsFlow,Custom,DIRECT_LLL_UNIVERSAL_TAG_OVERRIDE,VIABLE_EQUAL_100,ACTIVE_LLL_TAG_OVERRIDE_CUSTOM_100_PLUS_ACCEPTED_NORMALIZER
21,823 Bozoros,Bozoros,Custom,lethalmattsmod:bozoros,14,Storehouse,SHFlow,Custom,DIRECT_LLL_UNIVERSAL_TAG_OVERRIDE,VIABLE_EQUAL_100,ACTIVE_LLL_TAG_OVERRIDE_CUSTOM_100_PLUS_ACCEPTED_NORMALIZER
21,823 Bozoros,Bozoros,Custom,lethalmattsmod:bozoros,15,Tower,TowerFlow,Custom,DIRECT_LLL_UNIVERSAL_TAG_OVERRIDE,VIABLE_EQUAL_100,ACTIVE_LLL_TAG_OVERRIDE_CUSTOM_100_PLUS_ACCEPTED_NORMALIZER
21,823 Bozoros,Bozoros,Custom,lethalmattsmod:bozoros,16,Gray Apartments,GrayApartmentsFlow,Custom,OWNER_ASSET_MATCHING_NO_DIRECT_LLL_CONFIG,NOT_YET_PROVEN,NO_PAIRING_SPECIFIC_EVIDENCE
21,823 Bozoros,Bozoros,Custom,lethalmattsmod:bozoros,17,Zeranos Gray Apartments,GrayApartmentsFlowZ,Custom,OWNER_ASSET_MATCHING_NO_DIRECT_LLL_CONFIG,NOT_YET_PROVEN,NO_PAIRING_SPECIFIC_EVIDENCE
21,823 Bozoros,Bozoros,Custom,lethalmattsmod:bozoros,18,junkrooms,junkrooms,Custom,OWNER_ASSET_MATCHING_NO_DIRECT_LLL_CONFIG,NOT_YET_PROVEN,NO_PAIRING_SPECIFIC_EVIDENCE
21,823 Bozoros,Bozoros,Custom,lethalmattsmod:bozoros,19,LC Office,OfficeDungeonFlow,Custom,OWNER_ASSET_MATCHING_NO_DIRECT_LLL_CONFIG,NOT_YET_PROVEN,NO_PAIRING_SPECIFIC_EVIDENCE
21,823 Bozoros,Bozoros,Custom,lethalmattsmod:bozoros,20,Belleville Appartements,BellevilleApp,Custom,OWNER_ASSET_MATCHING_NO_DIRECT_LLL_CONFIG,NOT_YET_PROVEN,NO_PAIRING_SPECIFIC_EVIDENCE
21,823 Bozoros,Bozoros,Custom,lethalmattsmod:bozoros,21,Crimson Keep,CrimsonKeep,Custom,OWNER_ASSET_MATCHING_NO_DIRECT_LLL_CONFIG,NOT_YET_PROVEN,NO_PAIRING_SPECIFIC_EVIDENCE
21,823 Bozoros,Bozoros,Custom,lethalmattsmod:bozoros,22,Treatement Amenity,DungeonTreatementAnemity,Custom,OWNER_ASSET_MATCHING_NO_DIRECT_LLL_CONFIG,NOT_YET_PROVEN,NO_PAIRING_SPECIFIC_EVIDENCE
21,823 Bozoros,Bozoros,Custom,lethalmattsmod:bozoros,23,Goldstay Hotel,GoldenHotel,Custom,OWNER_ASSET_MATCHING_NO_DIRECT_LLL_CONFIG,NOT_YET_PROVEN,NO_PAIRING_SPECIFIC_EVIDENCE
21,823 Bozoros,Bozoros,Custom,lethalmattsmod:bozoros,24,Lead Factory,LeadFactory,Custom,OWNER_ASSET_MATCHING_NO_DIRECT_LLL_CONFIG,NOT_YET_PROVEN,NO_PAIRING_SPECIFIC_EVIDENCE
21,823 Bozoros,Bozoros,Custom,lethalmattsmod:bozoros,25,Lantern Manor,LanternManor,Custom,OWNER_ASSET_MATCHING_NO_DIRECT_LLL_CONFIG,NOT_YET_PROVEN,NO_PAIRING_SPECIFIC_EVIDENCE
21,823 Bozoros,Bozoros,Custom,lethalmattsmod:bozoros,26,Circus Facility,CircusFacilityFlow,Custom,DIRECT_LLL_UNIVERSAL_TAG_OVERRIDE,VIABLE_EQUAL_100,ACTIVE_LLL_TAG_OVERRIDE_CUSTOM_100_PLUS_ACCEPTED_NORMALIZER
21,823 Bozoros,Bozoros,Custom,lethalmattsmod:bozoros,27,Atlantean Citadel,AquaticDungeonFlow,Custom,DIRECT_LLL_UNIVERSAL_TAG_OVERRIDE,VIABLE_EQUAL_100,ACTIVE_LLL_TAG_OVERRIDE_CUSTOM_100_PLUS_ACCEPTED_NORMALIZER
21,823 Bozoros,Bozoros,Custom,lethalmattsmod:bozoros,28,Deep Sewers,DeepSewersFlow,Custom,DIRECT_LLL_UNIVERSAL_TAG_OVERRIDE,VIABLE_EQUAL_100,ACTIVE_LLL_TAG_OVERRIDE_CUSTOM_100_PLUS_ACCEPTED_NORMALIZER
21,823 Bozoros,Bozoros,Custom,lethalmattsmod:bozoros,29,Fractured Complex,FracturedComplexFlow,Custom,DIRECT_LLL_UNIVERSAL_TAG_OVERRIDE,VIABLE_EQUAL_100,ACTIVE_LLL_TAG_OVERRIDE_CUSTOM_100_PLUS_ACCEPTED_NORMALIZER
21,823 Bozoros,Bozoros,Custom,lethalmattsmod:bozoros,30,Greenhouse,GreenhouseFlow,Custom,DIRECT_LLL_UNIVERSAL_TAG_OVERRIDE,VIABLE_EQUAL_100,ACTIVE_LLL_TAG_OVERRIDE_CUSTOM_100_PLUS_ACCEPTED_NORMALIZER
21,823 Bozoros,Bozoros,Custom,lethalmattsmod:bozoros,31,Art Gallery,MuseumInteriorFlow,Custom,DIRECT_LLL_UNIVERSAL_TAG_OVERRIDE,VIABLE_EQUAL_100,ACTIVE_LLL_TAG_OVERRIDE_CUSTOM_100_PLUS_ACCEPTED_NORMALIZER
21,823 Bozoros,Bozoros,Custom,lethalmattsmod:bozoros,32,Decrepit store,StoreFlow,Custom,DIRECT_LLL_UNIVERSAL_TAG_OVERRIDE,VIABLE_EQUAL_100,ACTIVE_LLL_TAG_OVERRIDE_CUSTOM_100_PLUS_ACCEPTED_NORMALIZER
21,823 Bozoros,Bozoros,Custom,lethalmattsmod:bozoros,33,Expanded facility,ExpandedFacility,Custom,DIRECT_LLL_UNIVERSAL_TAG_OVERRIDE,VIABLE_EQUAL_100,ACTIVE_LLL_TAG_OVERRIDE_CUSTOM_100_PLUS_ACCEPTED_NORMALIZER
21,823 Bozoros,Bozoros,Custom,lethalmattsmod:bozoros,34,Expanded Mineshaft,Level3ButCoolFlow,Custom,DIRECT_LLL_UNIVERSAL_TAG_OVERRIDE,VIABLE_EQUAL_100,ACTIVE_LLL_TAG_OVERRIDE_CUSTOM_100_PLUS_ACCEPTED_NORMALIZER
21,823 Bozoros,Bozoros,Custom,lethalmattsmod:bozoros,35,Grand Armory,GrandArmoryFlow,Custom,DIRECT_LLL_UNIVERSAL_TAG_OVERRIDE,VIABLE_EQUAL_100,ACTIVE_LLL_TAG_OVERRIDE_CUSTOM_100_PLUS_ACCEPTED_NORMALIZER
21,823 Bozoros,Bozoros,Custom,lethalmattsmod:bozoros,36,Spooky manor,SpookyManorFlow,Custom,DIRECT_LLL_UNIVERSAL_TAG_OVERRIDE,VIABLE_EQUAL_100,ACTIVE_LLL_TAG_OVERRIDE_CUSTOM_100_PLUS_ACCEPTED_NORMALIZER
21,823 Bozoros,Bozoros,Custom,lethalmattsmod:bozoros,37,Mausoleum,MelanieMausoleum,Custom,OWNER_ASSET_MATCHING_NO_DIRECT_LLL_CONFIG,NOT_YET_PROVEN,NO_PAIRING_SPECIFIC_EVIDENCE
21,823 Bozoros,Bozoros,Custom,lethalmattsmod:bozoros,38,Museum,MelanieMuseum,Custom,OWNER_ASSET_MATCHING_NO_DIRECT_LLL_CONFIG,NOT_YET_PROVEN,NO_PAIRING_SPECIFIC_EVIDENCE
21,823 Bozoros,Bozoros,Custom,lethalmattsmod:bozoros,39,Raven Manor,RavenFlow,Custom,OWNER_ASSET_MATCHING_NO_DIRECT_LLL_CONFIG,NOT_YET_PROVEN,NO_PAIRING_SPECIFIC_EVIDENCE
21,823 Bozoros,Bozoros,Custom,lethalmattsmod:bozoros,40,ScoopyCastle,CastleFlow,Custom,DIRECT_LLL_UNIVERSAL_TAG_OVERRIDE,VIABLE_EQUAL_100,ACTIVE_LLL_TAG_OVERRIDE_CUSTOM_100_PLUS_ACCEPTED_NORMALIZER
21,823 Bozoros,Bozoros,Custom,lethalmattsmod:bozoros,41,Shatteredrooms,shatteredrooms,Custom,OWNER_ASSET_MATCHING_NO_DIRECT_LLL_CONFIG,NOT_YET_PROVEN,NO_PAIRING_SPECIFIC_EVIDENCE
21,823 Bozoros,Bozoros,Custom,lethalmattsmod:bozoros,42,Slaughterhouse,SlaughterhouseFlow,Custom,DIRECT_LLL_UNIVERSAL_TAG_OVERRIDE,VIABLE_EQUAL_100,ACTIVE_LLL_TAG_OVERRIDE_CUSTOM_100_PLUS_ACCEPTED_NORMALIZER
21,823 Bozoros,Bozoros,Custom,lethalmattsmod:bozoros,43,Spelunkers Caverns (Random),Spelunk_RandomFlow,Custom,OWNER_ASSET_MATCHING_NO_DIRECT_LLL_CONFIG,NOT_YET_PROVEN,NO_PAIRING_SPECIFIC_EVIDENCE
21,823 Bozoros,Bozoros,Custom,lethalmattsmod:bozoros,44,Spelunkers Caverns (Basic),Spelunk_BasicFlow,Custom,OWNER_ASSET_MATCHING_NO_DIRECT_LLL_CONFIG,NOT_YET_PROVEN,NO_PAIRING_SPECIFIC_EVIDENCE
21,823 Bozoros,Bozoros,Custom,lethalmattsmod:bozoros,45,Spelunkers Caverns (Crystal),Spelunk_CrystalFlow,Custom,OWNER_ASSET_MATCHING_NO_DIRECT_LLL_CONFIG,NOT_YET_PROVEN,NO_PAIRING_SPECIFIC_EVIDENCE
21,823 Bozoros,Bozoros,Custom,lethalmattsmod:bozoros,46,Spelunkers Caverns (Frozen),Spelunk_FrozenFlow,Custom,OWNER_ASSET_MATCHING_NO_DIRECT_LLL_CONFIG,NOT_YET_PROVEN,NO_PAIRING_SPECIFIC_EVIDENCE
21,823 Bozoros,Bozoros,Custom,lethalmattsmod:bozoros,47,Spelunkers Caverns (Magmatic),Spelunk_MagmaFlow,Custom,OWNER_ASSET_MATCHING_NO_DIRECT_LLL_CONFIG,NOT_YET_PROVEN,NO_PAIRING_SPECIFIC_EVIDENCE
21,823 Bozoros,Bozoros,Custom,lethalmattsmod:bozoros,48,Spelunkers Caverns (Overgrown),Spelunk_OvergrownFlow,Custom,OWNER_ASSET_MATCHING_NO_DIRECT_LLL_CONFIG,NOT_YET_PROVEN,NO_PAIRING_SPECIFIC_EVIDENCE
21,823 Bozoros,Bozoros,Custom,lethalmattsmod:bozoros,49,Storage Complex,StorageComplex,Custom,DIRECT_LLL_UNIVERSAL_TAG_OVERRIDE,VIABLE_EQUAL_100,ACTIVE_LLL_TAG_OVERRIDE_CUSTOM_100_PLUS_ACCEPTED_NORMALIZER
21,823 Bozoros,Bozoros,Custom,lethalmattsmod:bozoros,50,Studio Floor,StudioFlow,Custom,OWNER_ASSET_MATCHING_NO_DIRECT_LLL_CONFIG,NOT_YET_PROVEN,NO_PAIRING_SPECIFIC_EVIDENCE
21,823 Bozoros,Bozoros,Custom,lethalmattsmod:bozoros,51,Sub Systems,SubSysFlow,Custom,OWNER_ASSET_MATCHING_NO_DIRECT_LLL_CONFIG,NOT_YET_PROVEN,NO_PAIRING_SPECIFIC_EVIDENCE
21,823 Bozoros,Bozoros,Custom,lethalmattsmod:bozoros,52,Rubber Rooms,RubberRoomsFlow,Custom,DIRECT_LLL_UNIVERSAL_TAG_OVERRIDE,VIABLE_EQUAL_100,ACTIVE_LLL_TAG_OVERRIDE_CUSTOM_100_PLUS_ACCEPTED_NORMALIZER
21,823 Bozoros,Bozoros,Custom,lethalmattsmod:bozoros,53,Toy Store,ToystoreFlow,Custom,DIRECT_LLL_UNIVERSAL_TAG_OVERRIDE,VIABLE_EQUAL_100,ACTIVE_LLL_TAG_OVERRIDE_CUSTOM_100_PLUS_ACCEPTED_NORMALIZER
22,559 Pareidolia,Pareidolia,Custom,pareidolia:pareidolia,1,Facility,Level1Flow,Vanilla,VANILLA_NATIVE_LLL_MATCHING,NOT_YET_PROVEN,NO_PAIRING_SPECIFIC_EVIDENCE
22,559 Pareidolia,Pareidolia,Custom,pareidolia:pareidolia,2,Haunted Mansion,Level2Flow,Vanilla,VANILLA_NATIVE_LLL_MATCHING,NOT_YET_PROVEN,NO_PAIRING_SPECIFIC_EVIDENCE
22,559 Pareidolia,Pareidolia,Custom,pareidolia:pareidolia,3,Mineshaft,Level3Flow,Vanilla,VANILLA_NATIVE_LLL_MATCHING,NOT_YET_PROVEN,NO_PAIRING_SPECIFIC_EVIDENCE
22,559 Pareidolia,Pareidolia,Custom,pareidolia:pareidolia,4,Black Mesa,Black Mesa,External,DAWNLIB_NATIVE_BLACK_MESA_WEIGHT_RULE,VIABLE_EQUAL_100,BLACK_MESA_NATIVE_DAWNLIB_CUSTOM_100_PLUS_ACCEPTED_NORMALIZER
22,559 Pareidolia,Pareidolia,Custom,pareidolia:pareidolia,5,Abandoned Foundry,FoundryFlow,Custom,OWNER_ASSET_MATCHING_NO_DIRECT_LLL_CONFIG,NOT_YET_PROVEN,NO_PAIRING_SPECIFIC_EVIDENCE
22,559 Pareidolia,Pareidolia,Custom,pareidolia:pareidolia,6,ACF Site,ResearchStationFlow,Custom,OWNER_ASSET_MATCHING_NO_DIRECT_LLL_CONFIG,NOT_YET_PROVEN,NO_PAIRING_SPECIFIC_EVIDENCE
22,559 Pareidolia,Pareidolia,Custom,pareidolia:pareidolia,7,DeepcoreMines,deepmines,Custom,OWNER_ASSET_MATCHING_NO_DIRECT_LLL_CONFIG,NOT_YET_PROVEN,NO_PAIRING_SPECIFIC_EVIDENCE
22,559 Pareidolia,Pareidolia,Custom,pareidolia:pareidolia,8,LiminalHouse,LiminalHouseFlow,Custom,OWNER_ASSET_MATCHING_NO_DIRECT_LLL_CONFIG,NOT_YET_PROVEN,NO_PAIRING_SPECIFIC_EVIDENCE
22,559 Pareidolia,Pareidolia,Custom,pareidolia:pareidolia,9,Supermarket,Supermarket,Custom,OWNER_ASSET_MATCHING_NO_DIRECT_LLL_CONFIG,NOT_YET_PROVEN,NO_PAIRING_SPECIFIC_EVIDENCE
22,559 Pareidolia,Pareidolia,Custom,pareidolia:pareidolia,10,Bunker,BunkerFlow,Custom,DIRECT_LLL_UNIVERSAL_TAG_OVERRIDE,VIABLE_EQUAL_100,ACTIVE_LLL_TAG_OVERRIDE_CUSTOM_100_PLUS_ACCEPTED_NORMALIZER
22,559 Pareidolia,Pareidolia,Custom,pareidolia:pareidolia,11,Drains,DrainsFlow,Custom,DIRECT_LLL_UNIVERSAL_TAG_OVERRIDE,VIABLE_EQUAL_100,ACTIVE_LLL_TAG_OVERRIDE_CUSTOM_100_PLUS_ACCEPTED_NORMALIZER
22,559 Pareidolia,Pareidolia,Custom,pareidolia:pareidolia,12,Substation,SubstationFlow,Custom,DIRECT_LLL_UNIVERSAL_TAG_OVERRIDE,VIABLE_EQUAL_100,ACTIVE_LLL_TAG_OVERRIDE_CUSTOM_100_PLUS_ACCEPTED_NORMALIZER
22,559 Pareidolia,Pareidolia,Custom,pareidolia:pareidolia,13,Liminal Facility,BackroomsFlow,Custom,DIRECT_LLL_UNIVERSAL_TAG_OVERRIDE,VIABLE_EQUAL_100,ACTIVE_LLL_TAG_OVERRIDE_CUSTOM_100_PLUS_ACCEPTED_NORMALIZER
22,559 Pareidolia,Pareidolia,Custom,pareidolia:pareidolia,14,Storehouse,SHFlow,Custom,DIRECT_LLL_UNIVERSAL_TAG_OVERRIDE,VIABLE_EQUAL_100,ACTIVE_LLL_TAG_OVERRIDE_CUSTOM_100_PLUS_ACCEPTED_NORMALIZER
22,559 Pareidolia,Pareidolia,Custom,pareidolia:pareidolia,15,Tower,TowerFlow,Custom,DIRECT_LLL_UNIVERSAL_TAG_OVERRIDE,VIABLE_EQUAL_100,ACTIVE_LLL_TAG_OVERRIDE_CUSTOM_100_PLUS_ACCEPTED_NORMALIZER
22,559 Pareidolia,Pareidolia,Custom,pareidolia:pareidolia,16,Gray Apartments,GrayApartmentsFlow,Custom,OWNER_ASSET_MATCHING_NO_DIRECT_LLL_CONFIG,NOT_YET_PROVEN,NO_PAIRING_SPECIFIC_EVIDENCE
22,559 Pareidolia,Pareidolia,Custom,pareidolia:pareidolia,17,Zeranos Gray Apartments,GrayApartmentsFlowZ,Custom,OWNER_ASSET_MATCHING_NO_DIRECT_LLL_CONFIG,NOT_YET_PROVEN,NO_PAIRING_SPECIFIC_EVIDENCE
22,559 Pareidolia,Pareidolia,Custom,pareidolia:pareidolia,18,junkrooms,junkrooms,Custom,OWNER_ASSET_MATCHING_NO_DIRECT_LLL_CONFIG,NOT_YET_PROVEN,NO_PAIRING_SPECIFIC_EVIDENCE
22,559 Pareidolia,Pareidolia,Custom,pareidolia:pareidolia,19,LC Office,OfficeDungeonFlow,Custom,OWNER_ASSET_MATCHING_NO_DIRECT_LLL_CONFIG,NOT_YET_PROVEN,NO_PAIRING_SPECIFIC_EVIDENCE
22,559 Pareidolia,Pareidolia,Custom,pareidolia:pareidolia,20,Belleville Appartements,BellevilleApp,Custom,OWNER_ASSET_MATCHING_NO_DIRECT_LLL_CONFIG,NOT_YET_PROVEN,NO_PAIRING_SPECIFIC_EVIDENCE
22,559 Pareidolia,Pareidolia,Custom,pareidolia:pareidolia,21,Crimson Keep,CrimsonKeep,Custom,OWNER_ASSET_MATCHING_NO_DIRECT_LLL_CONFIG,NOT_YET_PROVEN,NO_PAIRING_SPECIFIC_EVIDENCE
22,559 Pareidolia,Pareidolia,Custom,pareidolia:pareidolia,22,Treatement Amenity,DungeonTreatementAnemity,Custom,OWNER_ASSET_MATCHING_NO_DIRECT_LLL_CONFIG,NOT_YET_PROVEN,NO_PAIRING_SPECIFIC_EVIDENCE
22,559 Pareidolia,Pareidolia,Custom,pareidolia:pareidolia,23,Goldstay Hotel,GoldenHotel,Custom,OWNER_ASSET_MATCHING_NO_DIRECT_LLL_CONFIG,NOT_YET_PROVEN,NO_PAIRING_SPECIFIC_EVIDENCE
22,559 Pareidolia,Pareidolia,Custom,pareidolia:pareidolia,24,Lead Factory,LeadFactory,Custom,OWNER_ASSET_MATCHING_NO_DIRECT_LLL_CONFIG,NOT_YET_PROVEN,NO_PAIRING_SPECIFIC_EVIDENCE
22,559 Pareidolia,Pareidolia,Custom,pareidolia:pareidolia,25,Lantern Manor,LanternManor,Custom,OWNER_ASSET_MATCHING_NO_DIRECT_LLL_CONFIG,NOT_YET_PROVEN,NO_PAIRING_SPECIFIC_EVIDENCE
22,559 Pareidolia,Pareidolia,Custom,pareidolia:pareidolia,26,Circus Facility,CircusFacilityFlow,Custom,DIRECT_LLL_UNIVERSAL_TAG_OVERRIDE,VIABLE_EQUAL_100,ACTIVE_LLL_TAG_OVERRIDE_CUSTOM_100_PLUS_ACCEPTED_NORMALIZER
22,559 Pareidolia,Pareidolia,Custom,pareidolia:pareidolia,27,Atlantean Citadel,AquaticDungeonFlow,Custom,DIRECT_LLL_UNIVERSAL_TAG_OVERRIDE,VIABLE_EQUAL_100,ACTIVE_LLL_TAG_OVERRIDE_CUSTOM_100_PLUS_ACCEPTED_NORMALIZER
22,559 Pareidolia,Pareidolia,Custom,pareidolia:pareidolia,28,Deep Sewers,DeepSewersFlow,Custom,DIRECT_LLL_UNIVERSAL_TAG_OVERRIDE,VIABLE_EQUAL_100,ACTIVE_LLL_TAG_OVERRIDE_CUSTOM_100_PLUS_ACCEPTED_NORMALIZER
22,559 Pareidolia,Pareidolia,Custom,pareidolia:pareidolia,29,Fractured Complex,FracturedComplexFlow,Custom,DIRECT_LLL_UNIVERSAL_TAG_OVERRIDE,VIABLE_EQUAL_100,ACTIVE_LLL_TAG_OVERRIDE_CUSTOM_100_PLUS_ACCEPTED_NORMALIZER
22,559 Pareidolia,Pareidolia,Custom,pareidolia:pareidolia,30,Greenhouse,GreenhouseFlow,Custom,DIRECT_LLL_UNIVERSAL_TAG_OVERRIDE,VIABLE_EQUAL_100,ACTIVE_LLL_TAG_OVERRIDE_CUSTOM_100_PLUS_ACCEPTED_NORMALIZER
22,559 Pareidolia,Pareidolia,Custom,pareidolia:pareidolia,31,Art Gallery,MuseumInteriorFlow,Custom,DIRECT_LLL_UNIVERSAL_TAG_OVERRIDE,VIABLE_EQUAL_100,ACTIVE_LLL_TAG_OVERRIDE_CUSTOM_100_PLUS_ACCEPTED_NORMALIZER
22,559 Pareidolia,Pareidolia,Custom,pareidolia:pareidolia,32,Decrepit store,StoreFlow,Custom,DIRECT_LLL_UNIVERSAL_TAG_OVERRIDE,VIABLE_EQUAL_100,ACTIVE_LLL_TAG_OVERRIDE_CUSTOM_100_PLUS_ACCEPTED_NORMALIZER
22,559 Pareidolia,Pareidolia,Custom,pareidolia:pareidolia,33,Expanded facility,ExpandedFacility,Custom,DIRECT_LLL_UNIVERSAL_TAG_OVERRIDE,VIABLE_EQUAL_100,ACTIVE_LLL_TAG_OVERRIDE_CUSTOM_100_PLUS_ACCEPTED_NORMALIZER
22,559 Pareidolia,Pareidolia,Custom,pareidolia:pareidolia,34,Expanded Mineshaft,Level3ButCoolFlow,Custom,DIRECT_LLL_UNIVERSAL_TAG_OVERRIDE,VIABLE_EQUAL_100,ACTIVE_LLL_TAG_OVERRIDE_CUSTOM_100_PLUS_ACCEPTED_NORMALIZER
22,559 Pareidolia,Pareidolia,Custom,pareidolia:pareidolia,35,Grand Armory,GrandArmoryFlow,Custom,DIRECT_LLL_UNIVERSAL_TAG_OVERRIDE,VIABLE_EQUAL_100,ACTIVE_LLL_TAG_OVERRIDE_CUSTOM_100_PLUS_ACCEPTED_NORMALIZER
22,559 Pareidolia,Pareidolia,Custom,pareidolia:pareidolia,36,Spooky manor,SpookyManorFlow,Custom,DIRECT_LLL_UNIVERSAL_TAG_OVERRIDE,VIABLE_EQUAL_100,ACTIVE_LLL_TAG_OVERRIDE_CUSTOM_100_PLUS_ACCEPTED_NORMALIZER
22,559 Pareidolia,Pareidolia,Custom,pareidolia:pareidolia,37,Mausoleum,MelanieMausoleum,Custom,OWNER_ASSET_MATCHING_NO_DIRECT_LLL_CONFIG,NOT_YET_PROVEN,NO_PAIRING_SPECIFIC_EVIDENCE
22,559 Pareidolia,Pareidolia,Custom,pareidolia:pareidolia,38,Museum,MelanieMuseum,Custom,OWNER_ASSET_MATCHING_NO_DIRECT_LLL_CONFIG,NOT_YET_PROVEN,NO_PAIRING_SPECIFIC_EVIDENCE
22,559 Pareidolia,Pareidolia,Custom,pareidolia:pareidolia,39,Raven Manor,RavenFlow,Custom,OWNER_ASSET_MATCHING_NO_DIRECT_LLL_CONFIG,NOT_YET_PROVEN,NO_PAIRING_SPECIFIC_EVIDENCE
22,559 Pareidolia,Pareidolia,Custom,pareidolia:pareidolia,40,ScoopyCastle,CastleFlow,Custom,DIRECT_LLL_UNIVERSAL_TAG_OVERRIDE,VIABLE_EQUAL_100,ACTIVE_LLL_TAG_OVERRIDE_CUSTOM_100_PLUS_ACCEPTED_NORMALIZER
22,559 Pareidolia,Pareidolia,Custom,pareidolia:pareidolia,41,Shatteredrooms,shatteredrooms,Custom,OWNER_ASSET_MATCHING_NO_DIRECT_LLL_CONFIG,NOT_YET_PROVEN,NO_PAIRING_SPECIFIC_EVIDENCE
22,559 Pareidolia,Pareidolia,Custom,pareidolia:pareidolia,42,Slaughterhouse,SlaughterhouseFlow,Custom,DIRECT_LLL_UNIVERSAL_TAG_OVERRIDE,VIABLE_EQUAL_100,ACTIVE_LLL_TAG_OVERRIDE_CUSTOM_100_PLUS_ACCEPTED_NORMALIZER
22,559 Pareidolia,Pareidolia,Custom,pareidolia:pareidolia,43,Spelunkers Caverns (Random),Spelunk_RandomFlow,Custom,OWNER_ASSET_MATCHING_NO_DIRECT_LLL_CONFIG,NOT_YET_PROVEN,NO_PAIRING_SPECIFIC_EVIDENCE
22,559 Pareidolia,Pareidolia,Custom,pareidolia:pareidolia,44,Spelunkers Caverns (Basic),Spelunk_BasicFlow,Custom,OWNER_ASSET_MATCHING_NO_DIRECT_LLL_CONFIG,NOT_YET_PROVEN,NO_PAIRING_SPECIFIC_EVIDENCE
22,559 Pareidolia,Pareidolia,Custom,pareidolia:pareidolia,45,Spelunkers Caverns (Crystal),Spelunk_CrystalFlow,Custom,OWNER_ASSET_MATCHING_NO_DIRECT_LLL_CONFIG,NOT_YET_PROVEN,NO_PAIRING_SPECIFIC_EVIDENCE
22,559 Pareidolia,Pareidolia,Custom,pareidolia:pareidolia,46,Spelunkers Caverns (Frozen),Spelunk_FrozenFlow,Custom,OWNER_ASSET_MATCHING_NO_DIRECT_LLL_CONFIG,NOT_YET_PROVEN,NO_PAIRING_SPECIFIC_EVIDENCE
22,559 Pareidolia,Pareidolia,Custom,pareidolia:pareidolia,47,Spelunkers Caverns (Magmatic),Spelunk_MagmaFlow,Custom,OWNER_ASSET_MATCHING_NO_DIRECT_LLL_CONFIG,NOT_YET_PROVEN,NO_PAIRING_SPECIFIC_EVIDENCE
22,559 Pareidolia,Pareidolia,Custom,pareidolia:pareidolia,48,Spelunkers Caverns (Overgrown),Spelunk_OvergrownFlow,Custom,OWNER_ASSET_MATCHING_NO_DIRECT_LLL_CONFIG,NOT_YET_PROVEN,NO_PAIRING_SPECIFIC_EVIDENCE
22,559 Pareidolia,Pareidolia,Custom,pareidolia:pareidolia,49,Storage Complex,StorageComplex,Custom,DIRECT_LLL_UNIVERSAL_TAG_OVERRIDE,VIABLE_EQUAL_100,ACTIVE_LLL_TAG_OVERRIDE_CUSTOM_100_PLUS_ACCEPTED_NORMALIZER
22,559 Pareidolia,Pareidolia,Custom,pareidolia:pareidolia,50,Studio Floor,StudioFlow,Custom,OWNER_ASSET_MATCHING_NO_DIRECT_LLL_CONFIG,NOT_YET_PROVEN,NO_PAIRING_SPECIFIC_EVIDENCE
22,559 Pareidolia,Pareidolia,Custom,pareidolia:pareidolia,51,Sub Systems,SubSysFlow,Custom,OWNER_ASSET_MATCHING_NO_DIRECT_LLL_CONFIG,NOT_YET_PROVEN,NO_PAIRING_SPECIFIC_EVIDENCE
22,559 Pareidolia,Pareidolia,Custom,pareidolia:pareidolia,52,Rubber Rooms,RubberRoomsFlow,Custom,DIRECT_LLL_UNIVERSAL_TAG_OVERRIDE,VIABLE_EQUAL_100,ACTIVE_LLL_TAG_OVERRIDE_CUSTOM_100_PLUS_ACCEPTED_NORMALIZER
22,559 Pareidolia,Pareidolia,Custom,pareidolia:pareidolia,53,Toy Store,ToystoreFlow,Custom,DIRECT_LLL_UNIVERSAL_TAG_OVERRIDE,VIABLE_EQUAL_100,ACTIVE_LLL_TAG_OVERRIDE_CUSTOM_100_PLUS_ACCEPTED_NORMALIZER
23,556 Shutter,Shutter,Custom,shutter:shutter,1,Facility,Level1Flow,Vanilla,VANILLA_NATIVE_LLL_MATCHING,NOT_YET_PROVEN,NO_PAIRING_SPECIFIC_EVIDENCE
23,556 Shutter,Shutter,Custom,shutter:shutter,2,Haunted Mansion,Level2Flow,Vanilla,VANILLA_NATIVE_LLL_MATCHING,NOT_YET_PROVEN,NO_PAIRING_SPECIFIC_EVIDENCE
23,556 Shutter,Shutter,Custom,shutter:shutter,3,Mineshaft,Level3Flow,Vanilla,VANILLA_NATIVE_LLL_MATCHING,NOT_YET_PROVEN,NO_PAIRING_SPECIFIC_EVIDENCE
23,556 Shutter,Shutter,Custom,shutter:shutter,4,Black Mesa,Black Mesa,External,DAWNLIB_NATIVE_BLACK_MESA_WEIGHT_RULE,VIABLE_EQUAL_100,BLACK_MESA_NATIVE_DAWNLIB_CUSTOM_100_PLUS_ACCEPTED_NORMALIZER
23,556 Shutter,Shutter,Custom,shutter:shutter,5,Abandoned Foundry,FoundryFlow,Custom,OWNER_ASSET_MATCHING_NO_DIRECT_LLL_CONFIG,NOT_YET_PROVEN,NO_PAIRING_SPECIFIC_EVIDENCE
23,556 Shutter,Shutter,Custom,shutter:shutter,6,ACF Site,ResearchStationFlow,Custom,OWNER_ASSET_MATCHING_NO_DIRECT_LLL_CONFIG,NOT_YET_PROVEN,NO_PAIRING_SPECIFIC_EVIDENCE
23,556 Shutter,Shutter,Custom,shutter:shutter,7,DeepcoreMines,deepmines,Custom,OWNER_ASSET_MATCHING_NO_DIRECT_LLL_CONFIG,NOT_YET_PROVEN,NO_PAIRING_SPECIFIC_EVIDENCE
23,556 Shutter,Shutter,Custom,shutter:shutter,8,LiminalHouse,LiminalHouseFlow,Custom,OWNER_ASSET_MATCHING_NO_DIRECT_LLL_CONFIG,NOT_YET_PROVEN,NO_PAIRING_SPECIFIC_EVIDENCE
23,556 Shutter,Shutter,Custom,shutter:shutter,9,Supermarket,Supermarket,Custom,OWNER_ASSET_MATCHING_NO_DIRECT_LLL_CONFIG,NOT_YET_PROVEN,NO_PAIRING_SPECIFIC_EVIDENCE
23,556 Shutter,Shutter,Custom,shutter:shutter,10,Bunker,BunkerFlow,Custom,DIRECT_LLL_UNIVERSAL_TAG_OVERRIDE,VIABLE_EQUAL_100,ACTIVE_LLL_TAG_OVERRIDE_CUSTOM_100_PLUS_ACCEPTED_NORMALIZER
23,556 Shutter,Shutter,Custom,shutter:shutter,11,Drains,DrainsFlow,Custom,DIRECT_LLL_UNIVERSAL_TAG_OVERRIDE,VIABLE_EQUAL_100,ACTIVE_LLL_TAG_OVERRIDE_CUSTOM_100_PLUS_ACCEPTED_NORMALIZER
23,556 Shutter,Shutter,Custom,shutter:shutter,12,Substation,SubstationFlow,Custom,DIRECT_LLL_UNIVERSAL_TAG_OVERRIDE,VIABLE_EQUAL_100,ACTIVE_LLL_TAG_OVERRIDE_CUSTOM_100_PLUS_ACCEPTED_NORMALIZER
23,556 Shutter,Shutter,Custom,shutter:shutter,13,Liminal Facility,BackroomsFlow,Custom,DIRECT_LLL_UNIVERSAL_TAG_OVERRIDE,VIABLE_EQUAL_100,ACTIVE_LLL_TAG_OVERRIDE_CUSTOM_100_PLUS_ACCEPTED_NORMALIZER
23,556 Shutter,Shutter,Custom,shutter:shutter,14,Storehouse,SHFlow,Custom,DIRECT_LLL_UNIVERSAL_TAG_OVERRIDE,VIABLE_EQUAL_100,ACTIVE_LLL_TAG_OVERRIDE_CUSTOM_100_PLUS_ACCEPTED_NORMALIZER
23,556 Shutter,Shutter,Custom,shutter:shutter,15,Tower,TowerFlow,Custom,DIRECT_LLL_UNIVERSAL_TAG_OVERRIDE,VIABLE_EQUAL_100,ACTIVE_LLL_TAG_OVERRIDE_CUSTOM_100_PLUS_ACCEPTED_NORMALIZER
23,556 Shutter,Shutter,Custom,shutter:shutter,16,Gray Apartments,GrayApartmentsFlow,Custom,OWNER_ASSET_MATCHING_NO_DIRECT_LLL_CONFIG,NOT_YET_PROVEN,NO_PAIRING_SPECIFIC_EVIDENCE
23,556 Shutter,Shutter,Custom,shutter:shutter,17,Zeranos Gray Apartments,GrayApartmentsFlowZ,Custom,OWNER_ASSET_MATCHING_NO_DIRECT_LLL_CONFIG,NOT_YET_PROVEN,NO_PAIRING_SPECIFIC_EVIDENCE
23,556 Shutter,Shutter,Custom,shutter:shutter,18,junkrooms,junkrooms,Custom,OWNER_ASSET_MATCHING_NO_DIRECT_LLL_CONFIG,NOT_YET_PROVEN,NO_PAIRING_SPECIFIC_EVIDENCE
23,556 Shutter,Shutter,Custom,shutter:shutter,19,LC Office,OfficeDungeonFlow,Custom,OWNER_ASSET_MATCHING_NO_DIRECT_LLL_CONFIG,NOT_YET_PROVEN,NO_PAIRING_SPECIFIC_EVIDENCE
23,556 Shutter,Shutter,Custom,shutter:shutter,20,Belleville Appartements,BellevilleApp,Custom,OWNER_ASSET_MATCHING_NO_DIRECT_LLL_CONFIG,NOT_YET_PROVEN,NO_PAIRING_SPECIFIC_EVIDENCE
23,556 Shutter,Shutter,Custom,shutter:shutter,21,Crimson Keep,CrimsonKeep,Custom,OWNER_ASSET_MATCHING_NO_DIRECT_LLL_CONFIG,NOT_YET_PROVEN,NO_PAIRING_SPECIFIC_EVIDENCE
23,556 Shutter,Shutter,Custom,shutter:shutter,22,Treatement Amenity,DungeonTreatementAnemity,Custom,OWNER_ASSET_MATCHING_NO_DIRECT_LLL_CONFIG,NOT_YET_PROVEN,NO_PAIRING_SPECIFIC_EVIDENCE
23,556 Shutter,Shutter,Custom,shutter:shutter,23,Goldstay Hotel,GoldenHotel,Custom,OWNER_ASSET_MATCHING_NO_DIRECT_LLL_CONFIG,NOT_YET_PROVEN,NO_PAIRING_SPECIFIC_EVIDENCE
23,556 Shutter,Shutter,Custom,shutter:shutter,24,Lead Factory,LeadFactory,Custom,OWNER_ASSET_MATCHING_NO_DIRECT_LLL_CONFIG,NOT_YET_PROVEN,NO_PAIRING_SPECIFIC_EVIDENCE
23,556 Shutter,Shutter,Custom,shutter:shutter,25,Lantern Manor,LanternManor,Custom,OWNER_ASSET_MATCHING_NO_DIRECT_LLL_CONFIG,NOT_YET_PROVEN,NO_PAIRING_SPECIFIC_EVIDENCE
23,556 Shutter,Shutter,Custom,shutter:shutter,26,Circus Facility,CircusFacilityFlow,Custom,DIRECT_LLL_UNIVERSAL_TAG_OVERRIDE,VIABLE_EQUAL_100,ACTIVE_LLL_TAG_OVERRIDE_CUSTOM_100_PLUS_ACCEPTED_NORMALIZER
23,556 Shutter,Shutter,Custom,shutter:shutter,27,Atlantean Citadel,AquaticDungeonFlow,Custom,DIRECT_LLL_UNIVERSAL_TAG_OVERRIDE,VIABLE_EQUAL_100,ACTIVE_LLL_TAG_OVERRIDE_CUSTOM_100_PLUS_ACCEPTED_NORMALIZER
23,556 Shutter,Shutter,Custom,shutter:shutter,28,Deep Sewers,DeepSewersFlow,Custom,DIRECT_LLL_UNIVERSAL_TAG_OVERRIDE,VIABLE_EQUAL_100,ACTIVE_LLL_TAG_OVERRIDE_CUSTOM_100_PLUS_ACCEPTED_NORMALIZER
23,556 Shutter,Shutter,Custom,shutter:shutter,29,Fractured Complex,FracturedComplexFlow,Custom,DIRECT_LLL_UNIVERSAL_TAG_OVERRIDE,VIABLE_EQUAL_100,ACTIVE_LLL_TAG_OVERRIDE_CUSTOM_100_PLUS_ACCEPTED_NORMALIZER
23,556 Shutter,Shutter,Custom,shutter:shutter,30,Greenhouse,GreenhouseFlow,Custom,DIRECT_LLL_UNIVERSAL_TAG_OVERRIDE,VIABLE_EQUAL_100,ACTIVE_LLL_TAG_OVERRIDE_CUSTOM_100_PLUS_ACCEPTED_NORMALIZER
23,556 Shutter,Shutter,Custom,shutter:shutter,31,Art Gallery,MuseumInteriorFlow,Custom,DIRECT_LLL_UNIVERSAL_TAG_OVERRIDE,VIABLE_EQUAL_100,ACTIVE_LLL_TAG_OVERRIDE_CUSTOM_100_PLUS_ACCEPTED_NORMALIZER
23,556 Shutter,Shutter,Custom,shutter:shutter,32,Decrepit store,StoreFlow,Custom,DIRECT_LLL_UNIVERSAL_TAG_OVERRIDE,VIABLE_EQUAL_100,ACTIVE_LLL_TAG_OVERRIDE_CUSTOM_100_PLUS_ACCEPTED_NORMALIZER
23,556 Shutter,Shutter,Custom,shutter:shutter,33,Expanded facility,ExpandedFacility,Custom,DIRECT_LLL_UNIVERSAL_TAG_OVERRIDE,VIABLE_EQUAL_100,ACTIVE_LLL_TAG_OVERRIDE_CUSTOM_100_PLUS_ACCEPTED_NORMALIZER
23,556 Shutter,Shutter,Custom,shutter:shutter,34,Expanded Mineshaft,Level3ButCoolFlow,Custom,DIRECT_LLL_UNIVERSAL_TAG_OVERRIDE,VIABLE_EQUAL_100,ACTIVE_LLL_TAG_OVERRIDE_CUSTOM_100_PLUS_ACCEPTED_NORMALIZER
23,556 Shutter,Shutter,Custom,shutter:shutter,35,Grand Armory,GrandArmoryFlow,Custom,DIRECT_LLL_UNIVERSAL_TAG_OVERRIDE,VIABLE_EQUAL_100,ACTIVE_LLL_TAG_OVERRIDE_CUSTOM_100_PLUS_ACCEPTED_NORMALIZER
23,556 Shutter,Shutter,Custom,shutter:shutter,36,Spooky manor,SpookyManorFlow,Custom,DIRECT_LLL_UNIVERSAL_TAG_OVERRIDE,VIABLE_EQUAL_100,ACTIVE_LLL_TAG_OVERRIDE_CUSTOM_100_PLUS_ACCEPTED_NORMALIZER
23,556 Shutter,Shutter,Custom,shutter:shutter,37,Mausoleum,MelanieMausoleum,Custom,OWNER_ASSET_MATCHING_NO_DIRECT_LLL_CONFIG,NOT_YET_PROVEN,NO_PAIRING_SPECIFIC_EVIDENCE
23,556 Shutter,Shutter,Custom,shutter:shutter,38,Museum,MelanieMuseum,Custom,OWNER_ASSET_MATCHING_NO_DIRECT_LLL_CONFIG,NOT_YET_PROVEN,NO_PAIRING_SPECIFIC_EVIDENCE
23,556 Shutter,Shutter,Custom,shutter:shutter,39,Raven Manor,RavenFlow,Custom,OWNER_ASSET_MATCHING_NO_DIRECT_LLL_CONFIG,NOT_YET_PROVEN,NO_PAIRING_SPECIFIC_EVIDENCE
23,556 Shutter,Shutter,Custom,shutter:shutter,40,ScoopyCastle,CastleFlow,Custom,DIRECT_LLL_UNIVERSAL_TAG_OVERRIDE,VIABLE_EQUAL_100,ACTIVE_LLL_TAG_OVERRIDE_CUSTOM_100_PLUS_ACCEPTED_NORMALIZER
23,556 Shutter,Shutter,Custom,shutter:shutter,41,Shatteredrooms,shatteredrooms,Custom,OWNER_ASSET_MATCHING_NO_DIRECT_LLL_CONFIG,NOT_YET_PROVEN,NO_PAIRING_SPECIFIC_EVIDENCE
23,556 Shutter,Shutter,Custom,shutter:shutter,42,Slaughterhouse,SlaughterhouseFlow,Custom,DIRECT_LLL_UNIVERSAL_TAG_OVERRIDE,VIABLE_EQUAL_100,ACTIVE_LLL_TAG_OVERRIDE_CUSTOM_100_PLUS_ACCEPTED_NORMALIZER
23,556 Shutter,Shutter,Custom,shutter:shutter,43,Spelunkers Caverns (Random),Spelunk_RandomFlow,Custom,OWNER_ASSET_MATCHING_NO_DIRECT_LLL_CONFIG,NOT_YET_PROVEN,NO_PAIRING_SPECIFIC_EVIDENCE
23,556 Shutter,Shutter,Custom,shutter:shutter,44,Spelunkers Caverns (Basic),Spelunk_BasicFlow,Custom,OWNER_ASSET_MATCHING_NO_DIRECT_LLL_CONFIG,NOT_YET_PROVEN,NO_PAIRING_SPECIFIC_EVIDENCE
23,556 Shutter,Shutter,Custom,shutter:shutter,45,Spelunkers Caverns (Crystal),Spelunk_CrystalFlow,Custom,OWNER_ASSET_MATCHING_NO_DIRECT_LLL_CONFIG,NOT_YET_PROVEN,NO_PAIRING_SPECIFIC_EVIDENCE
23,556 Shutter,Shutter,Custom,shutter:shutter,46,Spelunkers Caverns (Frozen),Spelunk_FrozenFlow,Custom,OWNER_ASSET_MATCHING_NO_DIRECT_LLL_CONFIG,NOT_YET_PROVEN,NO_PAIRING_SPECIFIC_EVIDENCE
23,556 Shutter,Shutter,Custom,shutter:shutter,47,Spelunkers Caverns (Magmatic),Spelunk_MagmaFlow,Custom,OWNER_ASSET_MATCHING_NO_DIRECT_LLL_CONFIG,NOT_YET_PROVEN,NO_PAIRING_SPECIFIC_EVIDENCE
23,556 Shutter,Shutter,Custom,shutter:shutter,48,Spelunkers Caverns (Overgrown),Spelunk_OvergrownFlow,Custom,OWNER_ASSET_MATCHING_NO_DIRECT_LLL_CONFIG,NOT_YET_PROVEN,NO_PAIRING_SPECIFIC_EVIDENCE
23,556 Shutter,Shutter,Custom,shutter:shutter,49,Storage Complex,StorageComplex,Custom,DIRECT_LLL_UNIVERSAL_TAG_OVERRIDE,VIABLE_EQUAL_100,ACTIVE_LLL_TAG_OVERRIDE_CUSTOM_100_PLUS_ACCEPTED_NORMALIZER
23,556 Shutter,Shutter,Custom,shutter:shutter,50,Studio Floor,StudioFlow,Custom,OWNER_ASSET_MATCHING_NO_DIRECT_LLL_CONFIG,NOT_YET_PROVEN,NO_PAIRING_SPECIFIC_EVIDENCE
23,556 Shutter,Shutter,Custom,shutter:shutter,51,Sub Systems,SubSysFlow,Custom,OWNER_ASSET_MATCHING_NO_DIRECT_LLL_CONFIG,NOT_YET_PROVEN,NO_PAIRING_SPECIFIC_EVIDENCE
23,556 Shutter,Shutter,Custom,shutter:shutter,52,Rubber Rooms,RubberRoomsFlow,Custom,DIRECT_LLL_UNIVERSAL_TAG_OVERRIDE,VIABLE_EQUAL_100,ACTIVE_LLL_TAG_OVERRIDE_CUSTOM_100_PLUS_ACCEPTED_NORMALIZER
23,556 Shutter,Shutter,Custom,shutter:shutter,53,Toy Store,ToystoreFlow,Custom,DIRECT_LLL_UNIVERSAL_TAG_OVERRIDE,VIABLE_EQUAL_100,ACTIVE_LLL_TAG_OVERRIDE_CUSTOM_100_PLUS_ACCEPTED_NORMALIZER
24,32 Argent,Argent,Custom,toliansmod:argent,1,Facility,Level1Flow,Vanilla,VANILLA_NATIVE_LLL_MATCHING,NOT_YET_PROVEN,NO_PAIRING_SPECIFIC_EVIDENCE
24,32 Argent,Argent,Custom,toliansmod:argent,2,Haunted Mansion,Level2Flow,Vanilla,VANILLA_NATIVE_LLL_MATCHING,NOT_YET_PROVEN,NO_PAIRING_SPECIFIC_EVIDENCE
24,32 Argent,Argent,Custom,toliansmod:argent,3,Mineshaft,Level3Flow,Vanilla,VANILLA_NATIVE_LLL_MATCHING,NOT_YET_PROVEN,NO_PAIRING_SPECIFIC_EVIDENCE
24,32 Argent,Argent,Custom,toliansmod:argent,4,Black Mesa,Black Mesa,External,DAWNLIB_NATIVE_BLACK_MESA_WEIGHT_RULE,VIABLE_EQUAL_100,BLACK_MESA_NATIVE_DAWNLIB_CUSTOM_100_PLUS_ACCEPTED_NORMALIZER
24,32 Argent,Argent,Custom,toliansmod:argent,5,Abandoned Foundry,FoundryFlow,Custom,OWNER_ASSET_MATCHING_NO_DIRECT_LLL_CONFIG,NOT_YET_PROVEN,NO_PAIRING_SPECIFIC_EVIDENCE
24,32 Argent,Argent,Custom,toliansmod:argent,6,ACF Site,ResearchStationFlow,Custom,OWNER_ASSET_MATCHING_NO_DIRECT_LLL_CONFIG,NOT_YET_PROVEN,NO_PAIRING_SPECIFIC_EVIDENCE
24,32 Argent,Argent,Custom,toliansmod:argent,7,DeepcoreMines,deepmines,Custom,OWNER_ASSET_MATCHING_NO_DIRECT_LLL_CONFIG,NOT_YET_PROVEN,NO_PAIRING_SPECIFIC_EVIDENCE
24,32 Argent,Argent,Custom,toliansmod:argent,8,LiminalHouse,LiminalHouseFlow,Custom,OWNER_ASSET_MATCHING_NO_DIRECT_LLL_CONFIG,NOT_YET_PROVEN,NO_PAIRING_SPECIFIC_EVIDENCE
24,32 Argent,Argent,Custom,toliansmod:argent,9,Supermarket,Supermarket,Custom,OWNER_ASSET_MATCHING_NO_DIRECT_LLL_CONFIG,NOT_YET_PROVEN,NO_PAIRING_SPECIFIC_EVIDENCE
24,32 Argent,Argent,Custom,toliansmod:argent,10,Bunker,BunkerFlow,Custom,DIRECT_LLL_UNIVERSAL_TAG_OVERRIDE,VIABLE_EQUAL_100,ACTIVE_LLL_TAG_OVERRIDE_CUSTOM_100_PLUS_ACCEPTED_NORMALIZER
24,32 Argent,Argent,Custom,toliansmod:argent,11,Drains,DrainsFlow,Custom,DIRECT_LLL_UNIVERSAL_TAG_OVERRIDE,VIABLE_EQUAL_100,ACTIVE_LLL_TAG_OVERRIDE_CUSTOM_100_PLUS_ACCEPTED_NORMALIZER
24,32 Argent,Argent,Custom,toliansmod:argent,12,Substation,SubstationFlow,Custom,DIRECT_LLL_UNIVERSAL_TAG_OVERRIDE,VIABLE_EQUAL_100,ACTIVE_LLL_TAG_OVERRIDE_CUSTOM_100_PLUS_ACCEPTED_NORMALIZER
24,32 Argent,Argent,Custom,toliansmod:argent,13,Liminal Facility,BackroomsFlow,Custom,DIRECT_LLL_UNIVERSAL_TAG_OVERRIDE,VIABLE_EQUAL_100,ACTIVE_LLL_TAG_OVERRIDE_CUSTOM_100_PLUS_ACCEPTED_NORMALIZER
24,32 Argent,Argent,Custom,toliansmod:argent,14,Storehouse,SHFlow,Custom,DIRECT_LLL_UNIVERSAL_TAG_OVERRIDE,VIABLE_EQUAL_100,ACTIVE_LLL_TAG_OVERRIDE_CUSTOM_100_PLUS_ACCEPTED_NORMALIZER
24,32 Argent,Argent,Custom,toliansmod:argent,15,Tower,TowerFlow,Custom,DIRECT_LLL_UNIVERSAL_TAG_OVERRIDE,VIABLE_EQUAL_100,ACTIVE_LLL_TAG_OVERRIDE_CUSTOM_100_PLUS_ACCEPTED_NORMALIZER
24,32 Argent,Argent,Custom,toliansmod:argent,16,Gray Apartments,GrayApartmentsFlow,Custom,OWNER_ASSET_MATCHING_NO_DIRECT_LLL_CONFIG,NOT_YET_PROVEN,NO_PAIRING_SPECIFIC_EVIDENCE
24,32 Argent,Argent,Custom,toliansmod:argent,17,Zeranos Gray Apartments,GrayApartmentsFlowZ,Custom,OWNER_ASSET_MATCHING_NO_DIRECT_LLL_CONFIG,NOT_YET_PROVEN,NO_PAIRING_SPECIFIC_EVIDENCE
24,32 Argent,Argent,Custom,toliansmod:argent,18,junkrooms,junkrooms,Custom,OWNER_ASSET_MATCHING_NO_DIRECT_LLL_CONFIG,NOT_YET_PROVEN,NO_PAIRING_SPECIFIC_EVIDENCE
24,32 Argent,Argent,Custom,toliansmod:argent,19,LC Office,OfficeDungeonFlow,Custom,OWNER_ASSET_MATCHING_NO_DIRECT_LLL_CONFIG,NOT_YET_PROVEN,NO_PAIRING_SPECIFIC_EVIDENCE
24,32 Argent,Argent,Custom,toliansmod:argent,20,Belleville Appartements,BellevilleApp,Custom,OWNER_ASSET_MATCHING_NO_DIRECT_LLL_CONFIG,NOT_YET_PROVEN,NO_PAIRING_SPECIFIC_EVIDENCE
24,32 Argent,Argent,Custom,toliansmod:argent,21,Crimson Keep,CrimsonKeep,Custom,OWNER_ASSET_MATCHING_NO_DIRECT_LLL_CONFIG,NOT_YET_PROVEN,NO_PAIRING_SPECIFIC_EVIDENCE
24,32 Argent,Argent,Custom,toliansmod:argent,22,Treatement Amenity,DungeonTreatementAnemity,Custom,OWNER_ASSET_MATCHING_NO_DIRECT_LLL_CONFIG,NOT_YET_PROVEN,NO_PAIRING_SPECIFIC_EVIDENCE
24,32 Argent,Argent,Custom,toliansmod:argent,23,Goldstay Hotel,GoldenHotel,Custom,OWNER_ASSET_MATCHING_NO_DIRECT_LLL_CONFIG,NOT_YET_PROVEN,NO_PAIRING_SPECIFIC_EVIDENCE
24,32 Argent,Argent,Custom,toliansmod:argent,24,Lead Factory,LeadFactory,Custom,OWNER_ASSET_MATCHING_NO_DIRECT_LLL_CONFIG,NOT_YET_PROVEN,NO_PAIRING_SPECIFIC_EVIDENCE
24,32 Argent,Argent,Custom,toliansmod:argent,25,Lantern Manor,LanternManor,Custom,OWNER_ASSET_MATCHING_NO_DIRECT_LLL_CONFIG,NOT_YET_PROVEN,NO_PAIRING_SPECIFIC_EVIDENCE
24,32 Argent,Argent,Custom,toliansmod:argent,26,Circus Facility,CircusFacilityFlow,Custom,DIRECT_LLL_UNIVERSAL_TAG_OVERRIDE,VIABLE_EQUAL_100,ACTIVE_LLL_TAG_OVERRIDE_CUSTOM_100_PLUS_ACCEPTED_NORMALIZER
24,32 Argent,Argent,Custom,toliansmod:argent,27,Atlantean Citadel,AquaticDungeonFlow,Custom,DIRECT_LLL_UNIVERSAL_TAG_OVERRIDE,VIABLE_EQUAL_100,ACTIVE_LLL_TAG_OVERRIDE_CUSTOM_100_PLUS_ACCEPTED_NORMALIZER
24,32 Argent,Argent,Custom,toliansmod:argent,28,Deep Sewers,DeepSewersFlow,Custom,DIRECT_LLL_UNIVERSAL_TAG_OVERRIDE,VIABLE_EQUAL_100,ACTIVE_LLL_TAG_OVERRIDE_CUSTOM_100_PLUS_ACCEPTED_NORMALIZER
24,32 Argent,Argent,Custom,toliansmod:argent,29,Fractured Complex,FracturedComplexFlow,Custom,DIRECT_LLL_UNIVERSAL_TAG_OVERRIDE,VIABLE_EQUAL_100,ACTIVE_LLL_TAG_OVERRIDE_CUSTOM_100_PLUS_ACCEPTED_NORMALIZER
24,32 Argent,Argent,Custom,toliansmod:argent,30,Greenhouse,GreenhouseFlow,Custom,DIRECT_LLL_UNIVERSAL_TAG_OVERRIDE,VIABLE_EQUAL_100,ACTIVE_LLL_TAG_OVERRIDE_CUSTOM_100_PLUS_ACCEPTED_NORMALIZER
24,32 Argent,Argent,Custom,toliansmod:argent,31,Art Gallery,MuseumInteriorFlow,Custom,DIRECT_LLL_UNIVERSAL_TAG_OVERRIDE,VIABLE_EQUAL_100,ACTIVE_LLL_TAG_OVERRIDE_CUSTOM_100_PLUS_ACCEPTED_NORMALIZER
24,32 Argent,Argent,Custom,toliansmod:argent,32,Decrepit store,StoreFlow,Custom,DIRECT_LLL_UNIVERSAL_TAG_OVERRIDE,VIABLE_EQUAL_100,ACTIVE_LLL_TAG_OVERRIDE_CUSTOM_100_PLUS_ACCEPTED_NORMALIZER
24,32 Argent,Argent,Custom,toliansmod:argent,33,Expanded facility,ExpandedFacility,Custom,DIRECT_LLL_UNIVERSAL_TAG_OVERRIDE,VIABLE_EQUAL_100,ACTIVE_LLL_TAG_OVERRIDE_CUSTOM_100_PLUS_ACCEPTED_NORMALIZER
24,32 Argent,Argent,Custom,toliansmod:argent,34,Expanded Mineshaft,Level3ButCoolFlow,Custom,DIRECT_LLL_UNIVERSAL_TAG_OVERRIDE,VIABLE_EQUAL_100,ACTIVE_LLL_TAG_OVERRIDE_CUSTOM_100_PLUS_ACCEPTED_NORMALIZER
24,32 Argent,Argent,Custom,toliansmod:argent,35,Grand Armory,GrandArmoryFlow,Custom,DIRECT_LLL_UNIVERSAL_TAG_OVERRIDE,VIABLE_EQUAL_100,ACTIVE_LLL_TAG_OVERRIDE_CUSTOM_100_PLUS_ACCEPTED_NORMALIZER
24,32 Argent,Argent,Custom,toliansmod:argent,36,Spooky manor,SpookyManorFlow,Custom,DIRECT_LLL_UNIVERSAL_TAG_OVERRIDE,VIABLE_EQUAL_100,ACTIVE_LLL_TAG_OVERRIDE_CUSTOM_100_PLUS_ACCEPTED_NORMALIZER
24,32 Argent,Argent,Custom,toliansmod:argent,37,Mausoleum,MelanieMausoleum,Custom,OWNER_ASSET_MATCHING_NO_DIRECT_LLL_CONFIG,NOT_YET_PROVEN,NO_PAIRING_SPECIFIC_EVIDENCE
24,32 Argent,Argent,Custom,toliansmod:argent,38,Museum,MelanieMuseum,Custom,OWNER_ASSET_MATCHING_NO_DIRECT_LLL_CONFIG,NOT_YET_PROVEN,NO_PAIRING_SPECIFIC_EVIDENCE
24,32 Argent,Argent,Custom,toliansmod:argent,39,Raven Manor,RavenFlow,Custom,OWNER_ASSET_MATCHING_NO_DIRECT_LLL_CONFIG,NOT_YET_PROVEN,NO_PAIRING_SPECIFIC_EVIDENCE
24,32 Argent,Argent,Custom,toliansmod:argent,40,ScoopyCastle,CastleFlow,Custom,DIRECT_LLL_UNIVERSAL_TAG_OVERRIDE,VIABLE_EQUAL_100,ACTIVE_LLL_TAG_OVERRIDE_CUSTOM_100_PLUS_ACCEPTED_NORMALIZER
24,32 Argent,Argent,Custom,toliansmod:argent,41,Shatteredrooms,shatteredrooms,Custom,OWNER_ASSET_MATCHING_NO_DIRECT_LLL_CONFIG,NOT_YET_PROVEN,NO_PAIRING_SPECIFIC_EVIDENCE
24,32 Argent,Argent,Custom,toliansmod:argent,42,Slaughterhouse,SlaughterhouseFlow,Custom,DIRECT_LLL_UNIVERSAL_TAG_OVERRIDE,VIABLE_EQUAL_100,ACTIVE_LLL_TAG_OVERRIDE_CUSTOM_100_PLUS_ACCEPTED_NORMALIZER
24,32 Argent,Argent,Custom,toliansmod:argent,43,Spelunkers Caverns (Random),Spelunk_RandomFlow,Custom,OWNER_ASSET_MATCHING_NO_DIRECT_LLL_CONFIG,NOT_YET_PROVEN,NO_PAIRING_SPECIFIC_EVIDENCE
24,32 Argent,Argent,Custom,toliansmod:argent,44,Spelunkers Caverns (Basic),Spelunk_BasicFlow,Custom,OWNER_ASSET_MATCHING_NO_DIRECT_LLL_CONFIG,NOT_YET_PROVEN,NO_PAIRING_SPECIFIC_EVIDENCE
24,32 Argent,Argent,Custom,toliansmod:argent,45,Spelunkers Caverns (Crystal),Spelunk_CrystalFlow,Custom,OWNER_ASSET_MATCHING_NO_DIRECT_LLL_CONFIG,NOT_YET_PROVEN,NO_PAIRING_SPECIFIC_EVIDENCE
24,32 Argent,Argent,Custom,toliansmod:argent,46,Spelunkers Caverns (Frozen),Spelunk_FrozenFlow,Custom,OWNER_ASSET_MATCHING_NO_DIRECT_LLL_CONFIG,NOT_YET_PROVEN,NO_PAIRING_SPECIFIC_EVIDENCE
24,32 Argent,Argent,Custom,toliansmod:argent,47,Spelunkers Caverns (Magmatic),Spelunk_MagmaFlow,Custom,OWNER_ASSET_MATCHING_NO_DIRECT_LLL_CONFIG,NOT_YET_PROVEN,NO_PAIRING_SPECIFIC_EVIDENCE
24,32 Argent,Argent,Custom,toliansmod:argent,48,Spelunkers Caverns (Overgrown),Spelunk_OvergrownFlow,Custom,OWNER_ASSET_MATCHING_NO_DIRECT_LLL_CONFIG,NOT_YET_PROVEN,NO_PAIRING_SPECIFIC_EVIDENCE
24,32 Argent,Argent,Custom,toliansmod:argent,49,Storage Complex,StorageComplex,Custom,DIRECT_LLL_UNIVERSAL_TAG_OVERRIDE,VIABLE_EQUAL_100,ACTIVE_LLL_TAG_OVERRIDE_CUSTOM_100_PLUS_ACCEPTED_NORMALIZER
24,32 Argent,Argent,Custom,toliansmod:argent,50,Studio Floor,StudioFlow,Custom,OWNER_ASSET_MATCHING_NO_DIRECT_LLL_CONFIG,NOT_YET_PROVEN,NO_PAIRING_SPECIFIC_EVIDENCE
24,32 Argent,Argent,Custom,toliansmod:argent,51,Sub Systems,SubSysFlow,Custom,OWNER_ASSET_MATCHING_NO_DIRECT_LLL_CONFIG,NOT_YET_PROVEN,NO_PAIRING_SPECIFIC_EVIDENCE
24,32 Argent,Argent,Custom,toliansmod:argent,52,Rubber Rooms,RubberRoomsFlow,Custom,DIRECT_LLL_UNIVERSAL_TAG_OVERRIDE,VIABLE_EQUAL_100,ACTIVE_LLL_TAG_OVERRIDE_CUSTOM_100_PLUS_ACCEPTED_NORMALIZER
24,32 Argent,Argent,Custom,toliansmod:argent,53,Toy Store,ToystoreFlow,Custom,DIRECT_LLL_UNIVERSAL_TAG_OVERRIDE,VIABLE_EQUAL_100,ACTIVE_LLL_TAG_OVERRIDE_CUSTOM_100_PLUS_ACCEPTED_NORMALIZER
25,111 PsychSanctum,PsychSanctum,Custom,toliansmod:psychsanctum,1,Facility,Level1Flow,Vanilla,VANILLA_NATIVE_LLL_MATCHING,NOT_YET_PROVEN,NO_PAIRING_SPECIFIC_EVIDENCE
25,111 PsychSanctum,PsychSanctum,Custom,toliansmod:psychsanctum,2,Haunted Mansion,Level2Flow,Vanilla,VANILLA_NATIVE_LLL_MATCHING,NOT_YET_PROVEN,NO_PAIRING_SPECIFIC_EVIDENCE
25,111 PsychSanctum,PsychSanctum,Custom,toliansmod:psychsanctum,3,Mineshaft,Level3Flow,Vanilla,VANILLA_NATIVE_LLL_MATCHING,NOT_YET_PROVEN,NO_PAIRING_SPECIFIC_EVIDENCE
25,111 PsychSanctum,PsychSanctum,Custom,toliansmod:psychsanctum,4,Black Mesa,Black Mesa,External,DAWNLIB_NATIVE_BLACK_MESA_WEIGHT_RULE,VIABLE_EQUAL_100,BLACK_MESA_NATIVE_DAWNLIB_CUSTOM_100_PLUS_ACCEPTED_NORMALIZER
25,111 PsychSanctum,PsychSanctum,Custom,toliansmod:psychsanctum,5,Abandoned Foundry,FoundryFlow,Custom,OWNER_ASSET_MATCHING_NO_DIRECT_LLL_CONFIG,NOT_YET_PROVEN,NO_PAIRING_SPECIFIC_EVIDENCE
25,111 PsychSanctum,PsychSanctum,Custom,toliansmod:psychsanctum,6,ACF Site,ResearchStationFlow,Custom,OWNER_ASSET_MATCHING_NO_DIRECT_LLL_CONFIG,NOT_YET_PROVEN,NO_PAIRING_SPECIFIC_EVIDENCE
25,111 PsychSanctum,PsychSanctum,Custom,toliansmod:psychsanctum,7,DeepcoreMines,deepmines,Custom,OWNER_ASSET_MATCHING_NO_DIRECT_LLL_CONFIG,NOT_YET_PROVEN,NO_PAIRING_SPECIFIC_EVIDENCE
25,111 PsychSanctum,PsychSanctum,Custom,toliansmod:psychsanctum,8,LiminalHouse,LiminalHouseFlow,Custom,OWNER_ASSET_MATCHING_NO_DIRECT_LLL_CONFIG,NOT_YET_PROVEN,NO_PAIRING_SPECIFIC_EVIDENCE
25,111 PsychSanctum,PsychSanctum,Custom,toliansmod:psychsanctum,9,Supermarket,Supermarket,Custom,OWNER_ASSET_MATCHING_NO_DIRECT_LLL_CONFIG,NOT_YET_PROVEN,NO_PAIRING_SPECIFIC_EVIDENCE
25,111 PsychSanctum,PsychSanctum,Custom,toliansmod:psychsanctum,10,Bunker,BunkerFlow,Custom,DIRECT_LLL_UNIVERSAL_TAG_OVERRIDE,VIABLE_EQUAL_100,ACTIVE_LLL_TAG_OVERRIDE_CUSTOM_100_PLUS_ACCEPTED_NORMALIZER
25,111 PsychSanctum,PsychSanctum,Custom,toliansmod:psychsanctum,11,Drains,DrainsFlow,Custom,DIRECT_LLL_UNIVERSAL_TAG_OVERRIDE,VIABLE_EQUAL_100,ACTIVE_LLL_TAG_OVERRIDE_CUSTOM_100_PLUS_ACCEPTED_NORMALIZER
25,111 PsychSanctum,PsychSanctum,Custom,toliansmod:psychsanctum,12,Substation,SubstationFlow,Custom,DIRECT_LLL_UNIVERSAL_TAG_OVERRIDE,VIABLE_EQUAL_100,ACTIVE_LLL_TAG_OVERRIDE_CUSTOM_100_PLUS_ACCEPTED_NORMALIZER
25,111 PsychSanctum,PsychSanctum,Custom,toliansmod:psychsanctum,13,Liminal Facility,BackroomsFlow,Custom,DIRECT_LLL_UNIVERSAL_TAG_OVERRIDE,VIABLE_EQUAL_100,ACTIVE_LLL_TAG_OVERRIDE_CUSTOM_100_PLUS_ACCEPTED_NORMALIZER
25,111 PsychSanctum,PsychSanctum,Custom,toliansmod:psychsanctum,14,Storehouse,SHFlow,Custom,DIRECT_LLL_UNIVERSAL_TAG_OVERRIDE,VIABLE_EQUAL_100,ACTIVE_LLL_TAG_OVERRIDE_CUSTOM_100_PLUS_ACCEPTED_NORMALIZER
25,111 PsychSanctum,PsychSanctum,Custom,toliansmod:psychsanctum,15,Tower,TowerFlow,Custom,DIRECT_LLL_UNIVERSAL_TAG_OVERRIDE,VIABLE_EQUAL_100,ACTIVE_LLL_TAG_OVERRIDE_CUSTOM_100_PLUS_ACCEPTED_NORMALIZER
25,111 PsychSanctum,PsychSanctum,Custom,toliansmod:psychsanctum,16,Gray Apartments,GrayApartmentsFlow,Custom,OWNER_ASSET_MATCHING_NO_DIRECT_LLL_CONFIG,NOT_YET_PROVEN,NO_PAIRING_SPECIFIC_EVIDENCE
25,111 PsychSanctum,PsychSanctum,Custom,toliansmod:psychsanctum,17,Zeranos Gray Apartments,GrayApartmentsFlowZ,Custom,OWNER_ASSET_MATCHING_NO_DIRECT_LLL_CONFIG,NOT_YET_PROVEN,NO_PAIRING_SPECIFIC_EVIDENCE
25,111 PsychSanctum,PsychSanctum,Custom,toliansmod:psychsanctum,18,junkrooms,junkrooms,Custom,OWNER_ASSET_MATCHING_NO_DIRECT_LLL_CONFIG,NOT_YET_PROVEN,NO_PAIRING_SPECIFIC_EVIDENCE
25,111 PsychSanctum,PsychSanctum,Custom,toliansmod:psychsanctum,19,LC Office,OfficeDungeonFlow,Custom,OWNER_ASSET_MATCHING_NO_DIRECT_LLL_CONFIG,NOT_YET_PROVEN,NO_PAIRING_SPECIFIC_EVIDENCE
25,111 PsychSanctum,PsychSanctum,Custom,toliansmod:psychsanctum,20,Belleville Appartements,BellevilleApp,Custom,OWNER_ASSET_MATCHING_NO_DIRECT_LLL_CONFIG,NOT_YET_PROVEN,NO_PAIRING_SPECIFIC_EVIDENCE
25,111 PsychSanctum,PsychSanctum,Custom,toliansmod:psychsanctum,21,Crimson Keep,CrimsonKeep,Custom,OWNER_ASSET_MATCHING_NO_DIRECT_LLL_CONFIG,NOT_YET_PROVEN,NO_PAIRING_SPECIFIC_EVIDENCE
25,111 PsychSanctum,PsychSanctum,Custom,toliansmod:psychsanctum,22,Treatement Amenity,DungeonTreatementAnemity,Custom,OWNER_ASSET_MATCHING_NO_DIRECT_LLL_CONFIG,NOT_YET_PROVEN,NO_PAIRING_SPECIFIC_EVIDENCE
25,111 PsychSanctum,PsychSanctum,Custom,toliansmod:psychsanctum,23,Goldstay Hotel,GoldenHotel,Custom,OWNER_ASSET_MATCHING_NO_DIRECT_LLL_CONFIG,NOT_YET_PROVEN,NO_PAIRING_SPECIFIC_EVIDENCE
25,111 PsychSanctum,PsychSanctum,Custom,toliansmod:psychsanctum,24,Lead Factory,LeadFactory,Custom,OWNER_ASSET_MATCHING_NO_DIRECT_LLL_CONFIG,NOT_YET_PROVEN,NO_PAIRING_SPECIFIC_EVIDENCE
25,111 PsychSanctum,PsychSanctum,Custom,toliansmod:psychsanctum,25,Lantern Manor,LanternManor,Custom,OWNER_ASSET_MATCHING_NO_DIRECT_LLL_CONFIG,NOT_YET_PROVEN,NO_PAIRING_SPECIFIC_EVIDENCE
25,111 PsychSanctum,PsychSanctum,Custom,toliansmod:psychsanctum,26,Circus Facility,CircusFacilityFlow,Custom,DIRECT_LLL_UNIVERSAL_TAG_OVERRIDE,VIABLE_EQUAL_100,ACTIVE_LLL_TAG_OVERRIDE_CUSTOM_100_PLUS_ACCEPTED_NORMALIZER
25,111 PsychSanctum,PsychSanctum,Custom,toliansmod:psychsanctum,27,Atlantean Citadel,AquaticDungeonFlow,Custom,DIRECT_LLL_UNIVERSAL_TAG_OVERRIDE,VIABLE_EQUAL_100,ACTIVE_LLL_TAG_OVERRIDE_CUSTOM_100_PLUS_ACCEPTED_NORMALIZER
25,111 PsychSanctum,PsychSanctum,Custom,toliansmod:psychsanctum,28,Deep Sewers,DeepSewersFlow,Custom,DIRECT_LLL_UNIVERSAL_TAG_OVERRIDE,VIABLE_EQUAL_100,ACTIVE_LLL_TAG_OVERRIDE_CUSTOM_100_PLUS_ACCEPTED_NORMALIZER
25,111 PsychSanctum,PsychSanctum,Custom,toliansmod:psychsanctum,29,Fractured Complex,FracturedComplexFlow,Custom,DIRECT_LLL_UNIVERSAL_TAG_OVERRIDE,VIABLE_EQUAL_100,ACTIVE_LLL_TAG_OVERRIDE_CUSTOM_100_PLUS_ACCEPTED_NORMALIZER
25,111 PsychSanctum,PsychSanctum,Custom,toliansmod:psychsanctum,30,Greenhouse,GreenhouseFlow,Custom,DIRECT_LLL_UNIVERSAL_TAG_OVERRIDE,VIABLE_EQUAL_100,ACTIVE_LLL_TAG_OVERRIDE_CUSTOM_100_PLUS_ACCEPTED_NORMALIZER
25,111 PsychSanctum,PsychSanctum,Custom,toliansmod:psychsanctum,31,Art Gallery,MuseumInteriorFlow,Custom,DIRECT_LLL_UNIVERSAL_TAG_OVERRIDE,VIABLE_EQUAL_100,ACTIVE_LLL_TAG_OVERRIDE_CUSTOM_100_PLUS_ACCEPTED_NORMALIZER
25,111 PsychSanctum,PsychSanctum,Custom,toliansmod:psychsanctum,32,Decrepit store,StoreFlow,Custom,DIRECT_LLL_UNIVERSAL_TAG_OVERRIDE,VIABLE_EQUAL_100,ACTIVE_LLL_TAG_OVERRIDE_CUSTOM_100_PLUS_ACCEPTED_NORMALIZER
25,111 PsychSanctum,PsychSanctum,Custom,toliansmod:psychsanctum,33,Expanded facility,ExpandedFacility,Custom,DIRECT_LLL_UNIVERSAL_TAG_OVERRIDE,VIABLE_EQUAL_100,ACTIVE_LLL_TAG_OVERRIDE_CUSTOM_100_PLUS_ACCEPTED_NORMALIZER
25,111 PsychSanctum,PsychSanctum,Custom,toliansmod:psychsanctum,34,Expanded Mineshaft,Level3ButCoolFlow,Custom,DIRECT_LLL_UNIVERSAL_TAG_OVERRIDE,VIABLE_EQUAL_100,ACTIVE_LLL_TAG_OVERRIDE_CUSTOM_100_PLUS_ACCEPTED_NORMALIZER
25,111 PsychSanctum,PsychSanctum,Custom,toliansmod:psychsanctum,35,Grand Armory,GrandArmoryFlow,Custom,DIRECT_LLL_UNIVERSAL_TAG_OVERRIDE,VIABLE_EQUAL_100,ACTIVE_LLL_TAG_OVERRIDE_CUSTOM_100_PLUS_ACCEPTED_NORMALIZER
25,111 PsychSanctum,PsychSanctum,Custom,toliansmod:psychsanctum,36,Spooky manor,SpookyManorFlow,Custom,DIRECT_LLL_UNIVERSAL_TAG_OVERRIDE,VIABLE_EQUAL_100,ACTIVE_LLL_TAG_OVERRIDE_CUSTOM_100_PLUS_ACCEPTED_NORMALIZER
25,111 PsychSanctum,PsychSanctum,Custom,toliansmod:psychsanctum,37,Mausoleum,MelanieMausoleum,Custom,OWNER_ASSET_MATCHING_NO_DIRECT_LLL_CONFIG,NOT_YET_PROVEN,NO_PAIRING_SPECIFIC_EVIDENCE
25,111 PsychSanctum,PsychSanctum,Custom,toliansmod:psychsanctum,38,Museum,MelanieMuseum,Custom,OWNER_ASSET_MATCHING_NO_DIRECT_LLL_CONFIG,NOT_YET_PROVEN,NO_PAIRING_SPECIFIC_EVIDENCE
25,111 PsychSanctum,PsychSanctum,Custom,toliansmod:psychsanctum,39,Raven Manor,RavenFlow,Custom,OWNER_ASSET_MATCHING_NO_DIRECT_LLL_CONFIG,NOT_YET_PROVEN,NO_PAIRING_SPECIFIC_EVIDENCE
25,111 PsychSanctum,PsychSanctum,Custom,toliansmod:psychsanctum,40,ScoopyCastle,CastleFlow,Custom,DIRECT_LLL_UNIVERSAL_TAG_OVERRIDE,VIABLE_EQUAL_100,ACTIVE_LLL_TAG_OVERRIDE_CUSTOM_100_PLUS_ACCEPTED_NORMALIZER
25,111 PsychSanctum,PsychSanctum,Custom,toliansmod:psychsanctum,41,Shatteredrooms,shatteredrooms,Custom,OWNER_ASSET_MATCHING_NO_DIRECT_LLL_CONFIG,NOT_YET_PROVEN,NO_PAIRING_SPECIFIC_EVIDENCE
25,111 PsychSanctum,PsychSanctum,Custom,toliansmod:psychsanctum,42,Slaughterhouse,SlaughterhouseFlow,Custom,DIRECT_LLL_UNIVERSAL_TAG_OVERRIDE,VIABLE_EQUAL_100,ACTIVE_LLL_TAG_OVERRIDE_CUSTOM_100_PLUS_ACCEPTED_NORMALIZER
25,111 PsychSanctum,PsychSanctum,Custom,toliansmod:psychsanctum,43,Spelunkers Caverns (Random),Spelunk_RandomFlow,Custom,OWNER_ASSET_MATCHING_NO_DIRECT_LLL_CONFIG,NOT_YET_PROVEN,NO_PAIRING_SPECIFIC_EVIDENCE
25,111 PsychSanctum,PsychSanctum,Custom,toliansmod:psychsanctum,44,Spelunkers Caverns (Basic),Spelunk_BasicFlow,Custom,OWNER_ASSET_MATCHING_NO_DIRECT_LLL_CONFIG,NOT_YET_PROVEN,NO_PAIRING_SPECIFIC_EVIDENCE
25,111 PsychSanctum,PsychSanctum,Custom,toliansmod:psychsanctum,45,Spelunkers Caverns (Crystal),Spelunk_CrystalFlow,Custom,OWNER_ASSET_MATCHING_NO_DIRECT_LLL_CONFIG,NOT_YET_PROVEN,NO_PAIRING_SPECIFIC_EVIDENCE
25,111 PsychSanctum,PsychSanctum,Custom,toliansmod:psychsanctum,46,Spelunkers Caverns (Frozen),Spelunk_FrozenFlow,Custom,OWNER_ASSET_MATCHING_NO_DIRECT_LLL_CONFIG,NOT_YET_PROVEN,NO_PAIRING_SPECIFIC_EVIDENCE
25,111 PsychSanctum,PsychSanctum,Custom,toliansmod:psychsanctum,47,Spelunkers Caverns (Magmatic),Spelunk_MagmaFlow,Custom,OWNER_ASSET_MATCHING_NO_DIRECT_LLL_CONFIG,NOT_YET_PROVEN,NO_PAIRING_SPECIFIC_EVIDENCE
25,111 PsychSanctum,PsychSanctum,Custom,toliansmod:psychsanctum,48,Spelunkers Caverns (Overgrown),Spelunk_OvergrownFlow,Custom,OWNER_ASSET_MATCHING_NO_DIRECT_LLL_CONFIG,NOT_YET_PROVEN,NO_PAIRING_SPECIFIC_EVIDENCE
25,111 PsychSanctum,PsychSanctum,Custom,toliansmod:psychsanctum,49,Storage Complex,StorageComplex,Custom,DIRECT_LLL_UNIVERSAL_TAG_OVERRIDE,VIABLE_EQUAL_100,ACTIVE_LLL_TAG_OVERRIDE_CUSTOM_100_PLUS_ACCEPTED_NORMALIZER
25,111 PsychSanctum,PsychSanctum,Custom,toliansmod:psychsanctum,50,Studio Floor,StudioFlow,Custom,OWNER_ASSET_MATCHING_NO_DIRECT_LLL_CONFIG,NOT_YET_PROVEN,NO_PAIRING_SPECIFIC_EVIDENCE
25,111 PsychSanctum,PsychSanctum,Custom,toliansmod:psychsanctum,51,Sub Systems,SubSysFlow,Custom,OWNER_ASSET_MATCHING_NO_DIRECT_LLL_CONFIG,NOT_YET_PROVEN,NO_PAIRING_SPECIFIC_EVIDENCE
25,111 PsychSanctum,PsychSanctum,Custom,toliansmod:psychsanctum,52,Rubber Rooms,RubberRoomsFlow,Custom,DIRECT_LLL_UNIVERSAL_TAG_OVERRIDE,VIABLE_EQUAL_100,ACTIVE_LLL_TAG_OVERRIDE_CUSTOM_100_PLUS_ACCEPTED_NORMALIZER
25,111 PsychSanctum,PsychSanctum,Custom,toliansmod:psychsanctum,53,Toy Store,ToystoreFlow,Custom,DIRECT_LLL_UNIVERSAL_TAG_OVERRIDE,VIABLE_EQUAL_100,ACTIVE_LLL_TAG_OVERRIDE_CUSTOM_100_PLUS_ACCEPTED_NORMALIZER
26,Sanguine,Sanguine,Custom,toliansmod:sanguine,1,Facility,Level1Flow,Vanilla,VANILLA_NATIVE_LLL_MATCHING,NOT_YET_PROVEN,NO_PAIRING_SPECIFIC_EVIDENCE
26,Sanguine,Sanguine,Custom,toliansmod:sanguine,2,Haunted Mansion,Level2Flow,Vanilla,VANILLA_NATIVE_LLL_MATCHING,NOT_YET_PROVEN,NO_PAIRING_SPECIFIC_EVIDENCE
26,Sanguine,Sanguine,Custom,toliansmod:sanguine,3,Mineshaft,Level3Flow,Vanilla,VANILLA_NATIVE_LLL_MATCHING,NOT_YET_PROVEN,NO_PAIRING_SPECIFIC_EVIDENCE
26,Sanguine,Sanguine,Custom,toliansmod:sanguine,4,Black Mesa,Black Mesa,External,DAWNLIB_NATIVE_BLACK_MESA_WEIGHT_RULE,VIABLE_EQUAL_100,BLACK_MESA_NATIVE_DAWNLIB_CUSTOM_100_PLUS_ACCEPTED_NORMALIZER
26,Sanguine,Sanguine,Custom,toliansmod:sanguine,5,Abandoned Foundry,FoundryFlow,Custom,OWNER_ASSET_MATCHING_NO_DIRECT_LLL_CONFIG,NOT_YET_PROVEN,NO_PAIRING_SPECIFIC_EVIDENCE
26,Sanguine,Sanguine,Custom,toliansmod:sanguine,6,ACF Site,ResearchStationFlow,Custom,OWNER_ASSET_MATCHING_NO_DIRECT_LLL_CONFIG,NOT_YET_PROVEN,NO_PAIRING_SPECIFIC_EVIDENCE
26,Sanguine,Sanguine,Custom,toliansmod:sanguine,7,DeepcoreMines,deepmines,Custom,OWNER_ASSET_MATCHING_NO_DIRECT_LLL_CONFIG,NOT_YET_PROVEN,NO_PAIRING_SPECIFIC_EVIDENCE
26,Sanguine,Sanguine,Custom,toliansmod:sanguine,8,LiminalHouse,LiminalHouseFlow,Custom,OWNER_ASSET_MATCHING_NO_DIRECT_LLL_CONFIG,NOT_YET_PROVEN,NO_PAIRING_SPECIFIC_EVIDENCE
26,Sanguine,Sanguine,Custom,toliansmod:sanguine,9,Supermarket,Supermarket,Custom,OWNER_ASSET_MATCHING_NO_DIRECT_LLL_CONFIG,NOT_YET_PROVEN,NO_PAIRING_SPECIFIC_EVIDENCE
26,Sanguine,Sanguine,Custom,toliansmod:sanguine,10,Bunker,BunkerFlow,Custom,DIRECT_LLL_UNIVERSAL_TAG_OVERRIDE,VIABLE_EQUAL_100,ACTIVE_LLL_TAG_OVERRIDE_CUSTOM_100_PLUS_ACCEPTED_NORMALIZER
26,Sanguine,Sanguine,Custom,toliansmod:sanguine,11,Drains,DrainsFlow,Custom,DIRECT_LLL_UNIVERSAL_TAG_OVERRIDE,VIABLE_EQUAL_100,ACTIVE_LLL_TAG_OVERRIDE_CUSTOM_100_PLUS_ACCEPTED_NORMALIZER
26,Sanguine,Sanguine,Custom,toliansmod:sanguine,12,Substation,SubstationFlow,Custom,DIRECT_LLL_UNIVERSAL_TAG_OVERRIDE,VIABLE_EQUAL_100,ACTIVE_LLL_TAG_OVERRIDE_CUSTOM_100_PLUS_ACCEPTED_NORMALIZER
26,Sanguine,Sanguine,Custom,toliansmod:sanguine,13,Liminal Facility,BackroomsFlow,Custom,DIRECT_LLL_UNIVERSAL_TAG_OVERRIDE,VIABLE_EQUAL_100,ACTIVE_LLL_TAG_OVERRIDE_CUSTOM_100_PLUS_ACCEPTED_NORMALIZER
26,Sanguine,Sanguine,Custom,toliansmod:sanguine,14,Storehouse,SHFlow,Custom,DIRECT_LLL_UNIVERSAL_TAG_OVERRIDE,VIABLE_EQUAL_100,ACTIVE_LLL_TAG_OVERRIDE_CUSTOM_100_PLUS_ACCEPTED_NORMALIZER
26,Sanguine,Sanguine,Custom,toliansmod:sanguine,15,Tower,TowerFlow,Custom,DIRECT_LLL_UNIVERSAL_TAG_OVERRIDE,VIABLE_EQUAL_100,ACTIVE_LLL_TAG_OVERRIDE_CUSTOM_100_PLUS_ACCEPTED_NORMALIZER
26,Sanguine,Sanguine,Custom,toliansmod:sanguine,16,Gray Apartments,GrayApartmentsFlow,Custom,OWNER_ASSET_MATCHING_NO_DIRECT_LLL_CONFIG,NOT_YET_PROVEN,NO_PAIRING_SPECIFIC_EVIDENCE
26,Sanguine,Sanguine,Custom,toliansmod:sanguine,17,Zeranos Gray Apartments,GrayApartmentsFlowZ,Custom,OWNER_ASSET_MATCHING_NO_DIRECT_LLL_CONFIG,NOT_YET_PROVEN,NO_PAIRING_SPECIFIC_EVIDENCE
26,Sanguine,Sanguine,Custom,toliansmod:sanguine,18,junkrooms,junkrooms,Custom,OWNER_ASSET_MATCHING_NO_DIRECT_LLL_CONFIG,NOT_YET_PROVEN,NO_PAIRING_SPECIFIC_EVIDENCE
26,Sanguine,Sanguine,Custom,toliansmod:sanguine,19,LC Office,OfficeDungeonFlow,Custom,OWNER_ASSET_MATCHING_NO_DIRECT_LLL_CONFIG,NOT_YET_PROVEN,NO_PAIRING_SPECIFIC_EVIDENCE
26,Sanguine,Sanguine,Custom,toliansmod:sanguine,20,Belleville Appartements,BellevilleApp,Custom,OWNER_ASSET_MATCHING_NO_DIRECT_LLL_CONFIG,NOT_YET_PROVEN,NO_PAIRING_SPECIFIC_EVIDENCE
26,Sanguine,Sanguine,Custom,toliansmod:sanguine,21,Crimson Keep,CrimsonKeep,Custom,OWNER_ASSET_MATCHING_NO_DIRECT_LLL_CONFIG,NOT_YET_PROVEN,NO_PAIRING_SPECIFIC_EVIDENCE
26,Sanguine,Sanguine,Custom,toliansmod:sanguine,22,Treatement Amenity,DungeonTreatementAnemity,Custom,OWNER_ASSET_MATCHING_NO_DIRECT_LLL_CONFIG,NOT_YET_PROVEN,NO_PAIRING_SPECIFIC_EVIDENCE
26,Sanguine,Sanguine,Custom,toliansmod:sanguine,23,Goldstay Hotel,GoldenHotel,Custom,OWNER_ASSET_MATCHING_NO_DIRECT_LLL_CONFIG,NOT_YET_PROVEN,NO_PAIRING_SPECIFIC_EVIDENCE
26,Sanguine,Sanguine,Custom,toliansmod:sanguine,24,Lead Factory,LeadFactory,Custom,OWNER_ASSET_MATCHING_NO_DIRECT_LLL_CONFIG,NOT_YET_PROVEN,NO_PAIRING_SPECIFIC_EVIDENCE
26,Sanguine,Sanguine,Custom,toliansmod:sanguine,25,Lantern Manor,LanternManor,Custom,OWNER_ASSET_MATCHING_NO_DIRECT_LLL_CONFIG,NOT_YET_PROVEN,NO_PAIRING_SPECIFIC_EVIDENCE
26,Sanguine,Sanguine,Custom,toliansmod:sanguine,26,Circus Facility,CircusFacilityFlow,Custom,DIRECT_LLL_UNIVERSAL_TAG_OVERRIDE,VIABLE_EQUAL_100,ACTIVE_LLL_TAG_OVERRIDE_CUSTOM_100_PLUS_ACCEPTED_NORMALIZER
26,Sanguine,Sanguine,Custom,toliansmod:sanguine,27,Atlantean Citadel,AquaticDungeonFlow,Custom,DIRECT_LLL_UNIVERSAL_TAG_OVERRIDE,VIABLE_EQUAL_100,ACTIVE_LLL_TAG_OVERRIDE_CUSTOM_100_PLUS_ACCEPTED_NORMALIZER
26,Sanguine,Sanguine,Custom,toliansmod:sanguine,28,Deep Sewers,DeepSewersFlow,Custom,DIRECT_LLL_UNIVERSAL_TAG_OVERRIDE,VIABLE_EQUAL_100,ACTIVE_LLL_TAG_OVERRIDE_CUSTOM_100_PLUS_ACCEPTED_NORMALIZER
26,Sanguine,Sanguine,Custom,toliansmod:sanguine,29,Fractured Complex,FracturedComplexFlow,Custom,DIRECT_LLL_UNIVERSAL_TAG_OVERRIDE,VIABLE_EQUAL_100,ACTIVE_LLL_TAG_OVERRIDE_CUSTOM_100_PLUS_ACCEPTED_NORMALIZER
26,Sanguine,Sanguine,Custom,toliansmod:sanguine,30,Greenhouse,GreenhouseFlow,Custom,DIRECT_LLL_UNIVERSAL_TAG_OVERRIDE,VIABLE_EQUAL_100,ACTIVE_LLL_TAG_OVERRIDE_CUSTOM_100_PLUS_ACCEPTED_NORMALIZER
26,Sanguine,Sanguine,Custom,toliansmod:sanguine,31,Art Gallery,MuseumInteriorFlow,Custom,DIRECT_LLL_UNIVERSAL_TAG_OVERRIDE,VIABLE_EQUAL_100,ACTIVE_LLL_TAG_OVERRIDE_CUSTOM_100_PLUS_ACCEPTED_NORMALIZER
26,Sanguine,Sanguine,Custom,toliansmod:sanguine,32,Decrepit store,StoreFlow,Custom,DIRECT_LLL_UNIVERSAL_TAG_OVERRIDE,VIABLE_EQUAL_100,ACTIVE_LLL_TAG_OVERRIDE_CUSTOM_100_PLUS_ACCEPTED_NORMALIZER
26,Sanguine,Sanguine,Custom,toliansmod:sanguine,33,Expanded facility,ExpandedFacility,Custom,DIRECT_LLL_UNIVERSAL_TAG_OVERRIDE,VIABLE_EQUAL_100,ACTIVE_LLL_TAG_OVERRIDE_CUSTOM_100_PLUS_ACCEPTED_NORMALIZER
26,Sanguine,Sanguine,Custom,toliansmod:sanguine,34,Expanded Mineshaft,Level3ButCoolFlow,Custom,DIRECT_LLL_UNIVERSAL_TAG_OVERRIDE,VIABLE_EQUAL_100,ACTIVE_LLL_TAG_OVERRIDE_CUSTOM_100_PLUS_ACCEPTED_NORMALIZER
26,Sanguine,Sanguine,Custom,toliansmod:sanguine,35,Grand Armory,GrandArmoryFlow,Custom,DIRECT_LLL_UNIVERSAL_TAG_OVERRIDE,VIABLE_EQUAL_100,ACTIVE_LLL_TAG_OVERRIDE_CUSTOM_100_PLUS_ACCEPTED_NORMALIZER
26,Sanguine,Sanguine,Custom,toliansmod:sanguine,36,Spooky manor,SpookyManorFlow,Custom,DIRECT_LLL_UNIVERSAL_TAG_OVERRIDE,VIABLE_EQUAL_100,ACTIVE_LLL_TAG_OVERRIDE_CUSTOM_100_PLUS_ACCEPTED_NORMALIZER
26,Sanguine,Sanguine,Custom,toliansmod:sanguine,37,Mausoleum,MelanieMausoleum,Custom,OWNER_ASSET_MATCHING_NO_DIRECT_LLL_CONFIG,NOT_YET_PROVEN,NO_PAIRING_SPECIFIC_EVIDENCE
26,Sanguine,Sanguine,Custom,toliansmod:sanguine,38,Museum,MelanieMuseum,Custom,OWNER_ASSET_MATCHING_NO_DIRECT_LLL_CONFIG,NOT_YET_PROVEN,NO_PAIRING_SPECIFIC_EVIDENCE
26,Sanguine,Sanguine,Custom,toliansmod:sanguine,39,Raven Manor,RavenFlow,Custom,OWNER_ASSET_MATCHING_NO_DIRECT_LLL_CONFIG,NOT_YET_PROVEN,NO_PAIRING_SPECIFIC_EVIDENCE
26,Sanguine,Sanguine,Custom,toliansmod:sanguine,40,ScoopyCastle,CastleFlow,Custom,DIRECT_LLL_UNIVERSAL_TAG_OVERRIDE,VIABLE_EQUAL_100,ACTIVE_LLL_TAG_OVERRIDE_CUSTOM_100_PLUS_ACCEPTED_NORMALIZER
26,Sanguine,Sanguine,Custom,toliansmod:sanguine,41,Shatteredrooms,shatteredrooms,Custom,OWNER_ASSET_MATCHING_NO_DIRECT_LLL_CONFIG,NOT_YET_PROVEN,NO_PAIRING_SPECIFIC_EVIDENCE
26,Sanguine,Sanguine,Custom,toliansmod:sanguine,42,Slaughterhouse,SlaughterhouseFlow,Custom,DIRECT_LLL_UNIVERSAL_TAG_OVERRIDE,VIABLE_EQUAL_100,ACTIVE_LLL_TAG_OVERRIDE_CUSTOM_100_PLUS_ACCEPTED_NORMALIZER
26,Sanguine,Sanguine,Custom,toliansmod:sanguine,43,Spelunkers Caverns (Random),Spelunk_RandomFlow,Custom,OWNER_ASSET_MATCHING_NO_DIRECT_LLL_CONFIG,NOT_YET_PROVEN,NO_PAIRING_SPECIFIC_EVIDENCE
26,Sanguine,Sanguine,Custom,toliansmod:sanguine,44,Spelunkers Caverns (Basic),Spelunk_BasicFlow,Custom,OWNER_ASSET_MATCHING_NO_DIRECT_LLL_CONFIG,NOT_YET_PROVEN,NO_PAIRING_SPECIFIC_EVIDENCE
26,Sanguine,Sanguine,Custom,toliansmod:sanguine,45,Spelunkers Caverns (Crystal),Spelunk_CrystalFlow,Custom,OWNER_ASSET_MATCHING_NO_DIRECT_LLL_CONFIG,NOT_YET_PROVEN,NO_PAIRING_SPECIFIC_EVIDENCE
26,Sanguine,Sanguine,Custom,toliansmod:sanguine,46,Spelunkers Caverns (Frozen),Spelunk_FrozenFlow,Custom,OWNER_ASSET_MATCHING_NO_DIRECT_LLL_CONFIG,NOT_YET_PROVEN,NO_PAIRING_SPECIFIC_EVIDENCE
26,Sanguine,Sanguine,Custom,toliansmod:sanguine,47,Spelunkers Caverns (Magmatic),Spelunk_MagmaFlow,Custom,OWNER_ASSET_MATCHING_NO_DIRECT_LLL_CONFIG,NOT_YET_PROVEN,NO_PAIRING_SPECIFIC_EVIDENCE
26,Sanguine,Sanguine,Custom,toliansmod:sanguine,48,Spelunkers Caverns (Overgrown),Spelunk_OvergrownFlow,Custom,OWNER_ASSET_MATCHING_NO_DIRECT_LLL_CONFIG,NOT_YET_PROVEN,NO_PAIRING_SPECIFIC_EVIDENCE
26,Sanguine,Sanguine,Custom,toliansmod:sanguine,49,Storage Complex,StorageComplex,Custom,DIRECT_LLL_UNIVERSAL_TAG_OVERRIDE,VIABLE_EQUAL_100,ACTIVE_LLL_TAG_OVERRIDE_CUSTOM_100_PLUS_ACCEPTED_NORMALIZER
26,Sanguine,Sanguine,Custom,toliansmod:sanguine,50,Studio Floor,StudioFlow,Custom,OWNER_ASSET_MATCHING_NO_DIRECT_LLL_CONFIG,NOT_YET_PROVEN,NO_PAIRING_SPECIFIC_EVIDENCE
26,Sanguine,Sanguine,Custom,toliansmod:sanguine,51,Sub Systems,SubSysFlow,Custom,OWNER_ASSET_MATCHING_NO_DIRECT_LLL_CONFIG,NOT_YET_PROVEN,NO_PAIRING_SPECIFIC_EVIDENCE
26,Sanguine,Sanguine,Custom,toliansmod:sanguine,52,Rubber Rooms,RubberRoomsFlow,Custom,DIRECT_LLL_UNIVERSAL_TAG_OVERRIDE,VIABLE_EQUAL_100,ACTIVE_LLL_TAG_OVERRIDE_CUSTOM_100_PLUS_ACCEPTED_NORMALIZER
26,Sanguine,Sanguine,Custom,toliansmod:sanguine,53,Toy Store,ToystoreFlow,Custom,DIRECT_LLL_UNIVERSAL_TAG_OVERRIDE,VIABLE_EQUAL_100,ACTIVE_LLL_TAG_OVERRIDE_CUSTOM_100_PLUS_ACCEPTED_NORMALIZER
27,Spectralis,Spectralis,Custom,toliansmod:spectralis,1,Facility,Level1Flow,Vanilla,VANILLA_NATIVE_LLL_MATCHING,NOT_YET_PROVEN,NO_PAIRING_SPECIFIC_EVIDENCE
27,Spectralis,Spectralis,Custom,toliansmod:spectralis,2,Haunted Mansion,Level2Flow,Vanilla,VANILLA_NATIVE_LLL_MATCHING,NOT_YET_PROVEN,NO_PAIRING_SPECIFIC_EVIDENCE
27,Spectralis,Spectralis,Custom,toliansmod:spectralis,3,Mineshaft,Level3Flow,Vanilla,VANILLA_NATIVE_LLL_MATCHING,NOT_YET_PROVEN,NO_PAIRING_SPECIFIC_EVIDENCE
27,Spectralis,Spectralis,Custom,toliansmod:spectralis,4,Black Mesa,Black Mesa,External,DAWNLIB_NATIVE_BLACK_MESA_WEIGHT_RULE,VIABLE_EQUAL_100,BLACK_MESA_NATIVE_DAWNLIB_CUSTOM_100_PLUS_ACCEPTED_NORMALIZER
27,Spectralis,Spectralis,Custom,toliansmod:spectralis,5,Abandoned Foundry,FoundryFlow,Custom,OWNER_ASSET_MATCHING_NO_DIRECT_LLL_CONFIG,NOT_YET_PROVEN,NO_PAIRING_SPECIFIC_EVIDENCE
27,Spectralis,Spectralis,Custom,toliansmod:spectralis,6,ACF Site,ResearchStationFlow,Custom,OWNER_ASSET_MATCHING_NO_DIRECT_LLL_CONFIG,NOT_YET_PROVEN,NO_PAIRING_SPECIFIC_EVIDENCE
27,Spectralis,Spectralis,Custom,toliansmod:spectralis,7,DeepcoreMines,deepmines,Custom,OWNER_ASSET_MATCHING_NO_DIRECT_LLL_CONFIG,NOT_YET_PROVEN,NO_PAIRING_SPECIFIC_EVIDENCE
27,Spectralis,Spectralis,Custom,toliansmod:spectralis,8,LiminalHouse,LiminalHouseFlow,Custom,OWNER_ASSET_MATCHING_NO_DIRECT_LLL_CONFIG,NOT_YET_PROVEN,NO_PAIRING_SPECIFIC_EVIDENCE
27,Spectralis,Spectralis,Custom,toliansmod:spectralis,9,Supermarket,Supermarket,Custom,OWNER_ASSET_MATCHING_NO_DIRECT_LLL_CONFIG,NOT_YET_PROVEN,NO_PAIRING_SPECIFIC_EVIDENCE
27,Spectralis,Spectralis,Custom,toliansmod:spectralis,10,Bunker,BunkerFlow,Custom,DIRECT_LLL_UNIVERSAL_TAG_OVERRIDE,VIABLE_EQUAL_100,ACTIVE_LLL_TAG_OVERRIDE_CUSTOM_100_PLUS_ACCEPTED_NORMALIZER
27,Spectralis,Spectralis,Custom,toliansmod:spectralis,11,Drains,DrainsFlow,Custom,DIRECT_LLL_UNIVERSAL_TAG_OVERRIDE,VIABLE_EQUAL_100,ACTIVE_LLL_TAG_OVERRIDE_CUSTOM_100_PLUS_ACCEPTED_NORMALIZER
27,Spectralis,Spectralis,Custom,toliansmod:spectralis,12,Substation,SubstationFlow,Custom,DIRECT_LLL_UNIVERSAL_TAG_OVERRIDE,VIABLE_EQUAL_100,ACTIVE_LLL_TAG_OVERRIDE_CUSTOM_100_PLUS_ACCEPTED_NORMALIZER
27,Spectralis,Spectralis,Custom,toliansmod:spectralis,13,Liminal Facility,BackroomsFlow,Custom,DIRECT_LLL_UNIVERSAL_TAG_OVERRIDE,VIABLE_EQUAL_100,ACTIVE_LLL_TAG_OVERRIDE_CUSTOM_100_PLUS_ACCEPTED_NORMALIZER
27,Spectralis,Spectralis,Custom,toliansmod:spectralis,14,Storehouse,SHFlow,Custom,DIRECT_LLL_UNIVERSAL_TAG_OVERRIDE,VIABLE_EQUAL_100,ACTIVE_LLL_TAG_OVERRIDE_CUSTOM_100_PLUS_ACCEPTED_NORMALIZER
27,Spectralis,Spectralis,Custom,toliansmod:spectralis,15,Tower,TowerFlow,Custom,DIRECT_LLL_UNIVERSAL_TAG_OVERRIDE,VIABLE_EQUAL_100,ACTIVE_LLL_TAG_OVERRIDE_CUSTOM_100_PLUS_ACCEPTED_NORMALIZER
27,Spectralis,Spectralis,Custom,toliansmod:spectralis,16,Gray Apartments,GrayApartmentsFlow,Custom,OWNER_ASSET_MATCHING_NO_DIRECT_LLL_CONFIG,NOT_YET_PROVEN,NO_PAIRING_SPECIFIC_EVIDENCE
27,Spectralis,Spectralis,Custom,toliansmod:spectralis,17,Zeranos Gray Apartments,GrayApartmentsFlowZ,Custom,OWNER_ASSET_MATCHING_NO_DIRECT_LLL_CONFIG,NOT_YET_PROVEN,NO_PAIRING_SPECIFIC_EVIDENCE
27,Spectralis,Spectralis,Custom,toliansmod:spectralis,18,junkrooms,junkrooms,Custom,OWNER_ASSET_MATCHING_NO_DIRECT_LLL_CONFIG,NOT_YET_PROVEN,NO_PAIRING_SPECIFIC_EVIDENCE
27,Spectralis,Spectralis,Custom,toliansmod:spectralis,19,LC Office,OfficeDungeonFlow,Custom,OWNER_ASSET_MATCHING_NO_DIRECT_LLL_CONFIG,NOT_YET_PROVEN,NO_PAIRING_SPECIFIC_EVIDENCE
27,Spectralis,Spectralis,Custom,toliansmod:spectralis,20,Belleville Appartements,BellevilleApp,Custom,OWNER_ASSET_MATCHING_NO_DIRECT_LLL_CONFIG,NOT_YET_PROVEN,NO_PAIRING_SPECIFIC_EVIDENCE
27,Spectralis,Spectralis,Custom,toliansmod:spectralis,21,Crimson Keep,CrimsonKeep,Custom,OWNER_ASSET_MATCHING_NO_DIRECT_LLL_CONFIG,NOT_YET_PROVEN,NO_PAIRING_SPECIFIC_EVIDENCE
27,Spectralis,Spectralis,Custom,toliansmod:spectralis,22,Treatement Amenity,DungeonTreatementAnemity,Custom,OWNER_ASSET_MATCHING_NO_DIRECT_LLL_CONFIG,NOT_YET_PROVEN,NO_PAIRING_SPECIFIC_EVIDENCE
27,Spectralis,Spectralis,Custom,toliansmod:spectralis,23,Goldstay Hotel,GoldenHotel,Custom,OWNER_ASSET_MATCHING_NO_DIRECT_LLL_CONFIG,NOT_YET_PROVEN,NO_PAIRING_SPECIFIC_EVIDENCE
27,Spectralis,Spectralis,Custom,toliansmod:spectralis,24,Lead Factory,LeadFactory,Custom,OWNER_ASSET_MATCHING_NO_DIRECT_LLL_CONFIG,NOT_YET_PROVEN,NO_PAIRING_SPECIFIC_EVIDENCE
27,Spectralis,Spectralis,Custom,toliansmod:spectralis,25,Lantern Manor,LanternManor,Custom,OWNER_ASSET_MATCHING_NO_DIRECT_LLL_CONFIG,NOT_YET_PROVEN,NO_PAIRING_SPECIFIC_EVIDENCE
27,Spectralis,Spectralis,Custom,toliansmod:spectralis,26,Circus Facility,CircusFacilityFlow,Custom,DIRECT_LLL_UNIVERSAL_TAG_OVERRIDE,VIABLE_EQUAL_100,ACTIVE_LLL_TAG_OVERRIDE_CUSTOM_100_PLUS_ACCEPTED_NORMALIZER
27,Spectralis,Spectralis,Custom,toliansmod:spectralis,27,Atlantean Citadel,AquaticDungeonFlow,Custom,DIRECT_LLL_UNIVERSAL_TAG_OVERRIDE,VIABLE_EQUAL_100,ACTIVE_LLL_TAG_OVERRIDE_CUSTOM_100_PLUS_ACCEPTED_NORMALIZER
27,Spectralis,Spectralis,Custom,toliansmod:spectralis,28,Deep Sewers,DeepSewersFlow,Custom,DIRECT_LLL_UNIVERSAL_TAG_OVERRIDE,VIABLE_EQUAL_100,ACTIVE_LLL_TAG_OVERRIDE_CUSTOM_100_PLUS_ACCEPTED_NORMALIZER
27,Spectralis,Spectralis,Custom,toliansmod:spectralis,29,Fractured Complex,FracturedComplexFlow,Custom,DIRECT_LLL_UNIVERSAL_TAG_OVERRIDE,VIABLE_EQUAL_100,ACTIVE_LLL_TAG_OVERRIDE_CUSTOM_100_PLUS_ACCEPTED_NORMALIZER
27,Spectralis,Spectralis,Custom,toliansmod:spectralis,30,Greenhouse,GreenhouseFlow,Custom,DIRECT_LLL_UNIVERSAL_TAG_OVERRIDE,VIABLE_EQUAL_100,ACTIVE_LLL_TAG_OVERRIDE_CUSTOM_100_PLUS_ACCEPTED_NORMALIZER
27,Spectralis,Spectralis,Custom,toliansmod:spectralis,31,Art Gallery,MuseumInteriorFlow,Custom,DIRECT_LLL_UNIVERSAL_TAG_OVERRIDE,VIABLE_EQUAL_100,ACTIVE_LLL_TAG_OVERRIDE_CUSTOM_100_PLUS_ACCEPTED_NORMALIZER
27,Spectralis,Spectralis,Custom,toliansmod:spectralis,32,Decrepit store,StoreFlow,Custom,DIRECT_LLL_UNIVERSAL_TAG_OVERRIDE,VIABLE_EQUAL_100,ACTIVE_LLL_TAG_OVERRIDE_CUSTOM_100_PLUS_ACCEPTED_NORMALIZER
27,Spectralis,Spectralis,Custom,toliansmod:spectralis,33,Expanded facility,ExpandedFacility,Custom,DIRECT_LLL_UNIVERSAL_TAG_OVERRIDE,VIABLE_EQUAL_100,ACTIVE_LLL_TAG_OVERRIDE_CUSTOM_100_PLUS_ACCEPTED_NORMALIZER
27,Spectralis,Spectralis,Custom,toliansmod:spectralis,34,Expanded Mineshaft,Level3ButCoolFlow,Custom,DIRECT_LLL_UNIVERSAL_TAG_OVERRIDE,VIABLE_EQUAL_100,ACTIVE_LLL_TAG_OVERRIDE_CUSTOM_100_PLUS_ACCEPTED_NORMALIZER
27,Spectralis,Spectralis,Custom,toliansmod:spectralis,35,Grand Armory,GrandArmoryFlow,Custom,DIRECT_LLL_UNIVERSAL_TAG_OVERRIDE,VIABLE_EQUAL_100,ACTIVE_LLL_TAG_OVERRIDE_CUSTOM_100_PLUS_ACCEPTED_NORMALIZER
27,Spectralis,Spectralis,Custom,toliansmod:spectralis,36,Spooky manor,SpookyManorFlow,Custom,DIRECT_LLL_UNIVERSAL_TAG_OVERRIDE,VIABLE_EQUAL_100,ACTIVE_LLL_TAG_OVERRIDE_CUSTOM_100_PLUS_ACCEPTED_NORMALIZER
27,Spectralis,Spectralis,Custom,toliansmod:spectralis,37,Mausoleum,MelanieMausoleum,Custom,OWNER_ASSET_MATCHING_NO_DIRECT_LLL_CONFIG,NOT_YET_PROVEN,NO_PAIRING_SPECIFIC_EVIDENCE
27,Spectralis,Spectralis,Custom,toliansmod:spectralis,38,Museum,MelanieMuseum,Custom,OWNER_ASSET_MATCHING_NO_DIRECT_LLL_CONFIG,NOT_YET_PROVEN,NO_PAIRING_SPECIFIC_EVIDENCE
27,Spectralis,Spectralis,Custom,toliansmod:spectralis,39,Raven Manor,RavenFlow,Custom,OWNER_ASSET_MATCHING_NO_DIRECT_LLL_CONFIG,NOT_YET_PROVEN,NO_PAIRING_SPECIFIC_EVIDENCE
27,Spectralis,Spectralis,Custom,toliansmod:spectralis,40,ScoopyCastle,CastleFlow,Custom,DIRECT_LLL_UNIVERSAL_TAG_OVERRIDE,VIABLE_EQUAL_100,ACTIVE_LLL_TAG_OVERRIDE_CUSTOM_100_PLUS_ACCEPTED_NORMALIZER
27,Spectralis,Spectralis,Custom,toliansmod:spectralis,41,Shatteredrooms,shatteredrooms,Custom,OWNER_ASSET_MATCHING_NO_DIRECT_LLL_CONFIG,NOT_YET_PROVEN,NO_PAIRING_SPECIFIC_EVIDENCE
27,Spectralis,Spectralis,Custom,toliansmod:spectralis,42,Slaughterhouse,SlaughterhouseFlow,Custom,DIRECT_LLL_UNIVERSAL_TAG_OVERRIDE,VIABLE_EQUAL_100,ACTIVE_LLL_TAG_OVERRIDE_CUSTOM_100_PLUS_ACCEPTED_NORMALIZER
27,Spectralis,Spectralis,Custom,toliansmod:spectralis,43,Spelunkers Caverns (Random),Spelunk_RandomFlow,Custom,OWNER_ASSET_MATCHING_NO_DIRECT_LLL_CONFIG,NOT_YET_PROVEN,NO_PAIRING_SPECIFIC_EVIDENCE
27,Spectralis,Spectralis,Custom,toliansmod:spectralis,44,Spelunkers Caverns (Basic),Spelunk_BasicFlow,Custom,OWNER_ASSET_MATCHING_NO_DIRECT_LLL_CONFIG,NOT_YET_PROVEN,NO_PAIRING_SPECIFIC_EVIDENCE
27,Spectralis,Spectralis,Custom,toliansmod:spectralis,45,Spelunkers Caverns (Crystal),Spelunk_CrystalFlow,Custom,OWNER_ASSET_MATCHING_NO_DIRECT_LLL_CONFIG,NOT_YET_PROVEN,NO_PAIRING_SPECIFIC_EVIDENCE
27,Spectralis,Spectralis,Custom,toliansmod:spectralis,46,Spelunkers Caverns (Frozen),Spelunk_FrozenFlow,Custom,OWNER_ASSET_MATCHING_NO_DIRECT_LLL_CONFIG,NOT_YET_PROVEN,NO_PAIRING_SPECIFIC_EVIDENCE
27,Spectralis,Spectralis,Custom,toliansmod:spectralis,47,Spelunkers Caverns (Magmatic),Spelunk_MagmaFlow,Custom,OWNER_ASSET_MATCHING_NO_DIRECT_LLL_CONFIG,NOT_YET_PROVEN,NO_PAIRING_SPECIFIC_EVIDENCE
27,Spectralis,Spectralis,Custom,toliansmod:spectralis,48,Spelunkers Caverns (Overgrown),Spelunk_OvergrownFlow,Custom,OWNER_ASSET_MATCHING_NO_DIRECT_LLL_CONFIG,NOT_YET_PROVEN,NO_PAIRING_SPECIFIC_EVIDENCE
27,Spectralis,Spectralis,Custom,toliansmod:spectralis,49,Storage Complex,StorageComplex,Custom,DIRECT_LLL_UNIVERSAL_TAG_OVERRIDE,VIABLE_EQUAL_100,ACTIVE_LLL_TAG_OVERRIDE_CUSTOM_100_PLUS_ACCEPTED_NORMALIZER
27,Spectralis,Spectralis,Custom,toliansmod:spectralis,50,Studio Floor,StudioFlow,Custom,OWNER_ASSET_MATCHING_NO_DIRECT_LLL_CONFIG,NOT_YET_PROVEN,NO_PAIRING_SPECIFIC_EVIDENCE
27,Spectralis,Spectralis,Custom,toliansmod:spectralis,51,Sub Systems,SubSysFlow,Custom,OWNER_ASSET_MATCHING_NO_DIRECT_LLL_CONFIG,NOT_YET_PROVEN,NO_PAIRING_SPECIFIC_EVIDENCE
27,Spectralis,Spectralis,Custom,toliansmod:spectralis,52,Rubber Rooms,RubberRoomsFlow,Custom,DIRECT_LLL_UNIVERSAL_TAG_OVERRIDE,VIABLE_EQUAL_100,ACTIVE_LLL_TAG_OVERRIDE_CUSTOM_100_PLUS_ACCEPTED_NORMALIZER
27,Spectralis,Spectralis,Custom,toliansmod:spectralis,53,Toy Store,ToystoreFlow,Custom,DIRECT_LLL_UNIVERSAL_TAG_OVERRIDE,VIABLE_EQUAL_100,ACTIVE_LLL_TAG_OVERRIDE_CUSTOM_100_PLUS_ACCEPTED_NORMALIZER
28,37 Zenit,Zenit,Custom,toliansmod:zenit,1,Facility,Level1Flow,Vanilla,VANILLA_NATIVE_LLL_MATCHING,NOT_YET_PROVEN,NO_PAIRING_SPECIFIC_EVIDENCE
28,37 Zenit,Zenit,Custom,toliansmod:zenit,2,Haunted Mansion,Level2Flow,Vanilla,VANILLA_NATIVE_LLL_MATCHING,NOT_YET_PROVEN,NO_PAIRING_SPECIFIC_EVIDENCE
28,37 Zenit,Zenit,Custom,toliansmod:zenit,3,Mineshaft,Level3Flow,Vanilla,VANILLA_NATIVE_LLL_MATCHING,NOT_YET_PROVEN,NO_PAIRING_SPECIFIC_EVIDENCE
28,37 Zenit,Zenit,Custom,toliansmod:zenit,4,Black Mesa,Black Mesa,External,DAWNLIB_NATIVE_BLACK_MESA_WEIGHT_RULE,VIABLE_EQUAL_100,BLACK_MESA_NATIVE_DAWNLIB_CUSTOM_100_PLUS_ACCEPTED_NORMALIZER
28,37 Zenit,Zenit,Custom,toliansmod:zenit,5,Abandoned Foundry,FoundryFlow,Custom,OWNER_ASSET_MATCHING_NO_DIRECT_LLL_CONFIG,NOT_YET_PROVEN,NO_PAIRING_SPECIFIC_EVIDENCE
28,37 Zenit,Zenit,Custom,toliansmod:zenit,6,ACF Site,ResearchStationFlow,Custom,OWNER_ASSET_MATCHING_NO_DIRECT_LLL_CONFIG,NOT_YET_PROVEN,NO_PAIRING_SPECIFIC_EVIDENCE
28,37 Zenit,Zenit,Custom,toliansmod:zenit,7,DeepcoreMines,deepmines,Custom,OWNER_ASSET_MATCHING_NO_DIRECT_LLL_CONFIG,NOT_YET_PROVEN,NO_PAIRING_SPECIFIC_EVIDENCE
28,37 Zenit,Zenit,Custom,toliansmod:zenit,8,LiminalHouse,LiminalHouseFlow,Custom,OWNER_ASSET_MATCHING_NO_DIRECT_LLL_CONFIG,NOT_YET_PROVEN,NO_PAIRING_SPECIFIC_EVIDENCE
28,37 Zenit,Zenit,Custom,toliansmod:zenit,9,Supermarket,Supermarket,Custom,OWNER_ASSET_MATCHING_NO_DIRECT_LLL_CONFIG,NOT_YET_PROVEN,NO_PAIRING_SPECIFIC_EVIDENCE
28,37 Zenit,Zenit,Custom,toliansmod:zenit,10,Bunker,BunkerFlow,Custom,DIRECT_LLL_UNIVERSAL_TAG_OVERRIDE,VIABLE_EQUAL_100,ACTIVE_LLL_TAG_OVERRIDE_CUSTOM_100_PLUS_ACCEPTED_NORMALIZER
28,37 Zenit,Zenit,Custom,toliansmod:zenit,11,Drains,DrainsFlow,Custom,DIRECT_LLL_UNIVERSAL_TAG_OVERRIDE,VIABLE_EQUAL_100,ACTIVE_LLL_TAG_OVERRIDE_CUSTOM_100_PLUS_ACCEPTED_NORMALIZER
28,37 Zenit,Zenit,Custom,toliansmod:zenit,12,Substation,SubstationFlow,Custom,DIRECT_LLL_UNIVERSAL_TAG_OVERRIDE,VIABLE_EQUAL_100,ACTIVE_LLL_TAG_OVERRIDE_CUSTOM_100_PLUS_ACCEPTED_NORMALIZER
28,37 Zenit,Zenit,Custom,toliansmod:zenit,13,Liminal Facility,BackroomsFlow,Custom,DIRECT_LLL_UNIVERSAL_TAG_OVERRIDE,VIABLE_EQUAL_100,ACTIVE_LLL_TAG_OVERRIDE_CUSTOM_100_PLUS_ACCEPTED_NORMALIZER
28,37 Zenit,Zenit,Custom,toliansmod:zenit,14,Storehouse,SHFlow,Custom,DIRECT_LLL_UNIVERSAL_TAG_OVERRIDE,VIABLE_EQUAL_100,ACTIVE_LLL_TAG_OVERRIDE_CUSTOM_100_PLUS_ACCEPTED_NORMALIZER
28,37 Zenit,Zenit,Custom,toliansmod:zenit,15,Tower,TowerFlow,Custom,DIRECT_LLL_UNIVERSAL_TAG_OVERRIDE,VIABLE_EQUAL_100,ACTIVE_LLL_TAG_OVERRIDE_CUSTOM_100_PLUS_ACCEPTED_NORMALIZER
28,37 Zenit,Zenit,Custom,toliansmod:zenit,16,Gray Apartments,GrayApartmentsFlow,Custom,OWNER_ASSET_MATCHING_NO_DIRECT_LLL_CONFIG,NOT_YET_PROVEN,NO_PAIRING_SPECIFIC_EVIDENCE
28,37 Zenit,Zenit,Custom,toliansmod:zenit,17,Zeranos Gray Apartments,GrayApartmentsFlowZ,Custom,OWNER_ASSET_MATCHING_NO_DIRECT_LLL_CONFIG,NOT_YET_PROVEN,NO_PAIRING_SPECIFIC_EVIDENCE
28,37 Zenit,Zenit,Custom,toliansmod:zenit,18,junkrooms,junkrooms,Custom,OWNER_ASSET_MATCHING_NO_DIRECT_LLL_CONFIG,NOT_YET_PROVEN,NO_PAIRING_SPECIFIC_EVIDENCE
28,37 Zenit,Zenit,Custom,toliansmod:zenit,19,LC Office,OfficeDungeonFlow,Custom,OWNER_ASSET_MATCHING_NO_DIRECT_LLL_CONFIG,NOT_YET_PROVEN,NO_PAIRING_SPECIFIC_EVIDENCE
28,37 Zenit,Zenit,Custom,toliansmod:zenit,20,Belleville Appartements,BellevilleApp,Custom,OWNER_ASSET_MATCHING_NO_DIRECT_LLL_CONFIG,NOT_YET_PROVEN,NO_PAIRING_SPECIFIC_EVIDENCE
28,37 Zenit,Zenit,Custom,toliansmod:zenit,21,Crimson Keep,CrimsonKeep,Custom,OWNER_ASSET_MATCHING_NO_DIRECT_LLL_CONFIG,NOT_YET_PROVEN,NO_PAIRING_SPECIFIC_EVIDENCE
28,37 Zenit,Zenit,Custom,toliansmod:zenit,22,Treatement Amenity,DungeonTreatementAnemity,Custom,OWNER_ASSET_MATCHING_NO_DIRECT_LLL_CONFIG,NOT_YET_PROVEN,NO_PAIRING_SPECIFIC_EVIDENCE
28,37 Zenit,Zenit,Custom,toliansmod:zenit,23,Goldstay Hotel,GoldenHotel,Custom,OWNER_ASSET_MATCHING_NO_DIRECT_LLL_CONFIG,NOT_YET_PROVEN,NO_PAIRING_SPECIFIC_EVIDENCE
28,37 Zenit,Zenit,Custom,toliansmod:zenit,24,Lead Factory,LeadFactory,Custom,OWNER_ASSET_MATCHING_NO_DIRECT_LLL_CONFIG,NOT_YET_PROVEN,NO_PAIRING_SPECIFIC_EVIDENCE
28,37 Zenit,Zenit,Custom,toliansmod:zenit,25,Lantern Manor,LanternManor,Custom,OWNER_ASSET_MATCHING_NO_DIRECT_LLL_CONFIG,NOT_YET_PROVEN,NO_PAIRING_SPECIFIC_EVIDENCE
28,37 Zenit,Zenit,Custom,toliansmod:zenit,26,Circus Facility,CircusFacilityFlow,Custom,DIRECT_LLL_UNIVERSAL_TAG_OVERRIDE,VIABLE_EQUAL_100,ACTIVE_LLL_TAG_OVERRIDE_CUSTOM_100_PLUS_ACCEPTED_NORMALIZER
28,37 Zenit,Zenit,Custom,toliansmod:zenit,27,Atlantean Citadel,AquaticDungeonFlow,Custom,DIRECT_LLL_UNIVERSAL_TAG_OVERRIDE,VIABLE_EQUAL_100,ACTIVE_LLL_TAG_OVERRIDE_CUSTOM_100_PLUS_ACCEPTED_NORMALIZER
28,37 Zenit,Zenit,Custom,toliansmod:zenit,28,Deep Sewers,DeepSewersFlow,Custom,DIRECT_LLL_UNIVERSAL_TAG_OVERRIDE,VIABLE_EQUAL_100,ACTIVE_LLL_TAG_OVERRIDE_CUSTOM_100_PLUS_ACCEPTED_NORMALIZER
28,37 Zenit,Zenit,Custom,toliansmod:zenit,29,Fractured Complex,FracturedComplexFlow,Custom,DIRECT_LLL_UNIVERSAL_TAG_OVERRIDE,VIABLE_EQUAL_100,ACTIVE_LLL_TAG_OVERRIDE_CUSTOM_100_PLUS_ACCEPTED_NORMALIZER
28,37 Zenit,Zenit,Custom,toliansmod:zenit,30,Greenhouse,GreenhouseFlow,Custom,DIRECT_LLL_UNIVERSAL_TAG_OVERRIDE,VIABLE_EQUAL_100,ACTIVE_LLL_TAG_OVERRIDE_CUSTOM_100_PLUS_ACCEPTED_NORMALIZER
28,37 Zenit,Zenit,Custom,toliansmod:zenit,31,Art Gallery,MuseumInteriorFlow,Custom,DIRECT_LLL_UNIVERSAL_TAG_OVERRIDE,VIABLE_EQUAL_100,ACTIVE_LLL_TAG_OVERRIDE_CUSTOM_100_PLUS_ACCEPTED_NORMALIZER
28,37 Zenit,Zenit,Custom,toliansmod:zenit,32,Decrepit store,StoreFlow,Custom,DIRECT_LLL_UNIVERSAL_TAG_OVERRIDE,VIABLE_EQUAL_100,ACTIVE_LLL_TAG_OVERRIDE_CUSTOM_100_PLUS_ACCEPTED_NORMALIZER
28,37 Zenit,Zenit,Custom,toliansmod:zenit,33,Expanded facility,ExpandedFacility,Custom,DIRECT_LLL_UNIVERSAL_TAG_OVERRIDE,VIABLE_EQUAL_100,ACTIVE_LLL_TAG_OVERRIDE_CUSTOM_100_PLUS_ACCEPTED_NORMALIZER
28,37 Zenit,Zenit,Custom,toliansmod:zenit,34,Expanded Mineshaft,Level3ButCoolFlow,Custom,DIRECT_LLL_UNIVERSAL_TAG_OVERRIDE,VIABLE_EQUAL_100,ACTIVE_LLL_TAG_OVERRIDE_CUSTOM_100_PLUS_ACCEPTED_NORMALIZER
28,37 Zenit,Zenit,Custom,toliansmod:zenit,35,Grand Armory,GrandArmoryFlow,Custom,DIRECT_LLL_UNIVERSAL_TAG_OVERRIDE,VIABLE_EQUAL_100,ACTIVE_LLL_TAG_OVERRIDE_CUSTOM_100_PLUS_ACCEPTED_NORMALIZER
28,37 Zenit,Zenit,Custom,toliansmod:zenit,36,Spooky manor,SpookyManorFlow,Custom,DIRECT_LLL_UNIVERSAL_TAG_OVERRIDE,VIABLE_EQUAL_100,ACTIVE_LLL_TAG_OVERRIDE_CUSTOM_100_PLUS_ACCEPTED_NORMALIZER
28,37 Zenit,Zenit,Custom,toliansmod:zenit,37,Mausoleum,MelanieMausoleum,Custom,OWNER_ASSET_MATCHING_NO_DIRECT_LLL_CONFIG,NOT_YET_PROVEN,NO_PAIRING_SPECIFIC_EVIDENCE
28,37 Zenit,Zenit,Custom,toliansmod:zenit,38,Museum,MelanieMuseum,Custom,OWNER_ASSET_MATCHING_NO_DIRECT_LLL_CONFIG,NOT_YET_PROVEN,NO_PAIRING_SPECIFIC_EVIDENCE
28,37 Zenit,Zenit,Custom,toliansmod:zenit,39,Raven Manor,RavenFlow,Custom,OWNER_ASSET_MATCHING_NO_DIRECT_LLL_CONFIG,NOT_YET_PROVEN,NO_PAIRING_SPECIFIC_EVIDENCE
28,37 Zenit,Zenit,Custom,toliansmod:zenit,40,ScoopyCastle,CastleFlow,Custom,DIRECT_LLL_UNIVERSAL_TAG_OVERRIDE,VIABLE_EQUAL_100,ACTIVE_LLL_TAG_OVERRIDE_CUSTOM_100_PLUS_ACCEPTED_NORMALIZER
28,37 Zenit,Zenit,Custom,toliansmod:zenit,41,Shatteredrooms,shatteredrooms,Custom,OWNER_ASSET_MATCHING_NO_DIRECT_LLL_CONFIG,NOT_YET_PROVEN,NO_PAIRING_SPECIFIC_EVIDENCE
28,37 Zenit,Zenit,Custom,toliansmod:zenit,42,Slaughterhouse,SlaughterhouseFlow,Custom,DIRECT_LLL_UNIVERSAL_TAG_OVERRIDE,VIABLE_EQUAL_100,ACTIVE_LLL_TAG_OVERRIDE_CUSTOM_100_PLUS_ACCEPTED_NORMALIZER
28,37 Zenit,Zenit,Custom,toliansmod:zenit,43,Spelunkers Caverns (Random),Spelunk_RandomFlow,Custom,OWNER_ASSET_MATCHING_NO_DIRECT_LLL_CONFIG,NOT_YET_PROVEN,NO_PAIRING_SPECIFIC_EVIDENCE
28,37 Zenit,Zenit,Custom,toliansmod:zenit,44,Spelunkers Caverns (Basic),Spelunk_BasicFlow,Custom,OWNER_ASSET_MATCHING_NO_DIRECT_LLL_CONFIG,NOT_YET_PROVEN,NO_PAIRING_SPECIFIC_EVIDENCE
28,37 Zenit,Zenit,Custom,toliansmod:zenit,45,Spelunkers Caverns (Crystal),Spelunk_CrystalFlow,Custom,OWNER_ASSET_MATCHING_NO_DIRECT_LLL_CONFIG,NOT_YET_PROVEN,NO_PAIRING_SPECIFIC_EVIDENCE
28,37 Zenit,Zenit,Custom,toliansmod:zenit,46,Spelunkers Caverns (Frozen),Spelunk_FrozenFlow,Custom,OWNER_ASSET_MATCHING_NO_DIRECT_LLL_CONFIG,NOT_YET_PROVEN,NO_PAIRING_SPECIFIC_EVIDENCE
28,37 Zenit,Zenit,Custom,toliansmod:zenit,47,Spelunkers Caverns (Magmatic),Spelunk_MagmaFlow,Custom,OWNER_ASSET_MATCHING_NO_DIRECT_LLL_CONFIG,NOT_YET_PROVEN,NO_PAIRING_SPECIFIC_EVIDENCE
28,37 Zenit,Zenit,Custom,toliansmod:zenit,48,Spelunkers Caverns (Overgrown),Spelunk_OvergrownFlow,Custom,OWNER_ASSET_MATCHING_NO_DIRECT_LLL_CONFIG,NOT_YET_PROVEN,NO_PAIRING_SPECIFIC_EVIDENCE
28,37 Zenit,Zenit,Custom,toliansmod:zenit,49,Storage Complex,StorageComplex,Custom,DIRECT_LLL_UNIVERSAL_TAG_OVERRIDE,VIABLE_EQUAL_100,ACTIVE_LLL_TAG_OVERRIDE_CUSTOM_100_PLUS_ACCEPTED_NORMALIZER
28,37 Zenit,Zenit,Custom,toliansmod:zenit,50,Studio Floor,StudioFlow,Custom,OWNER_ASSET_MATCHING_NO_DIRECT_LLL_CONFIG,NOT_YET_PROVEN,NO_PAIRING_SPECIFIC_EVIDENCE
28,37 Zenit,Zenit,Custom,toliansmod:zenit,51,Sub Systems,SubSysFlow,Custom,OWNER_ASSET_MATCHING_NO_DIRECT_LLL_CONFIG,NOT_YET_PROVEN,NO_PAIRING_SPECIFIC_EVIDENCE
28,37 Zenit,Zenit,Custom,toliansmod:zenit,52,Rubber Rooms,RubberRoomsFlow,Custom,DIRECT_LLL_UNIVERSAL_TAG_OVERRIDE,VIABLE_EQUAL_100,ACTIVE_LLL_TAG_OVERRIDE_CUSTOM_100_PLUS_ACCEPTED_NORMALIZER
28,37 Zenit,Zenit,Custom,toliansmod:zenit,53,Toy Store,ToystoreFlow,Custom,DIRECT_LLL_UNIVERSAL_TAG_OVERRIDE,VIABLE_EQUAL_100,ACTIVE_LLL_TAG_OVERRIDE_CUSTOM_100_PLUS_ACCEPTED_NORMALIZER
29,607 Vigilance,Vigilance,Custom,vigilance:vigilance,1,Facility,Level1Flow,Vanilla,VANILLA_NATIVE_LLL_MATCHING,NOT_YET_PROVEN,NO_PAIRING_SPECIFIC_EVIDENCE
29,607 Vigilance,Vigilance,Custom,vigilance:vigilance,2,Haunted Mansion,Level2Flow,Vanilla,VANILLA_NATIVE_LLL_MATCHING,NOT_YET_PROVEN,NO_PAIRING_SPECIFIC_EVIDENCE
29,607 Vigilance,Vigilance,Custom,vigilance:vigilance,3,Mineshaft,Level3Flow,Vanilla,VANILLA_NATIVE_LLL_MATCHING,NOT_YET_PROVEN,NO_PAIRING_SPECIFIC_EVIDENCE
29,607 Vigilance,Vigilance,Custom,vigilance:vigilance,4,Black Mesa,Black Mesa,External,DAWNLIB_NATIVE_BLACK_MESA_WEIGHT_RULE,VIABLE_EQUAL_100,BLACK_MESA_NATIVE_DAWNLIB_CUSTOM_100_PLUS_ACCEPTED_NORMALIZER
29,607 Vigilance,Vigilance,Custom,vigilance:vigilance,5,Abandoned Foundry,FoundryFlow,Custom,OWNER_ASSET_MATCHING_NO_DIRECT_LLL_CONFIG,NOT_YET_PROVEN,NO_PAIRING_SPECIFIC_EVIDENCE
29,607 Vigilance,Vigilance,Custom,vigilance:vigilance,6,ACF Site,ResearchStationFlow,Custom,OWNER_ASSET_MATCHING_NO_DIRECT_LLL_CONFIG,NOT_YET_PROVEN,NO_PAIRING_SPECIFIC_EVIDENCE
29,607 Vigilance,Vigilance,Custom,vigilance:vigilance,7,DeepcoreMines,deepmines,Custom,OWNER_ASSET_MATCHING_NO_DIRECT_LLL_CONFIG,NOT_YET_PROVEN,NO_PAIRING_SPECIFIC_EVIDENCE
29,607 Vigilance,Vigilance,Custom,vigilance:vigilance,8,LiminalHouse,LiminalHouseFlow,Custom,OWNER_ASSET_MATCHING_NO_DIRECT_LLL_CONFIG,NOT_YET_PROVEN,NO_PAIRING_SPECIFIC_EVIDENCE
29,607 Vigilance,Vigilance,Custom,vigilance:vigilance,9,Supermarket,Supermarket,Custom,OWNER_ASSET_MATCHING_NO_DIRECT_LLL_CONFIG,NOT_YET_PROVEN,NO_PAIRING_SPECIFIC_EVIDENCE
29,607 Vigilance,Vigilance,Custom,vigilance:vigilance,10,Bunker,BunkerFlow,Custom,DIRECT_LLL_UNIVERSAL_TAG_OVERRIDE,VIABLE_EQUAL_100,ACTIVE_LLL_TAG_OVERRIDE_CUSTOM_100_PLUS_ACCEPTED_NORMALIZER
29,607 Vigilance,Vigilance,Custom,vigilance:vigilance,11,Drains,DrainsFlow,Custom,DIRECT_LLL_UNIVERSAL_TAG_OVERRIDE,VIABLE_EQUAL_100,ACTIVE_LLL_TAG_OVERRIDE_CUSTOM_100_PLUS_ACCEPTED_NORMALIZER
29,607 Vigilance,Vigilance,Custom,vigilance:vigilance,12,Substation,SubstationFlow,Custom,DIRECT_LLL_UNIVERSAL_TAG_OVERRIDE,VIABLE_EQUAL_100,ACTIVE_LLL_TAG_OVERRIDE_CUSTOM_100_PLUS_ACCEPTED_NORMALIZER
29,607 Vigilance,Vigilance,Custom,vigilance:vigilance,13,Liminal Facility,BackroomsFlow,Custom,DIRECT_LLL_UNIVERSAL_TAG_OVERRIDE,VIABLE_EQUAL_100,ACTIVE_LLL_TAG_OVERRIDE_CUSTOM_100_PLUS_ACCEPTED_NORMALIZER
29,607 Vigilance,Vigilance,Custom,vigilance:vigilance,14,Storehouse,SHFlow,Custom,DIRECT_LLL_UNIVERSAL_TAG_OVERRIDE,VIABLE_EQUAL_100,ACTIVE_LLL_TAG_OVERRIDE_CUSTOM_100_PLUS_ACCEPTED_NORMALIZER
29,607 Vigilance,Vigilance,Custom,vigilance:vigilance,15,Tower,TowerFlow,Custom,DIRECT_LLL_UNIVERSAL_TAG_OVERRIDE,VIABLE_EQUAL_100,ACTIVE_LLL_TAG_OVERRIDE_CUSTOM_100_PLUS_ACCEPTED_NORMALIZER
29,607 Vigilance,Vigilance,Custom,vigilance:vigilance,16,Gray Apartments,GrayApartmentsFlow,Custom,OWNER_ASSET_MATCHING_NO_DIRECT_LLL_CONFIG,NOT_YET_PROVEN,NO_PAIRING_SPECIFIC_EVIDENCE
29,607 Vigilance,Vigilance,Custom,vigilance:vigilance,17,Zeranos Gray Apartments,GrayApartmentsFlowZ,Custom,OWNER_ASSET_MATCHING_NO_DIRECT_LLL_CONFIG,NOT_YET_PROVEN,NO_PAIRING_SPECIFIC_EVIDENCE
29,607 Vigilance,Vigilance,Custom,vigilance:vigilance,18,junkrooms,junkrooms,Custom,OWNER_ASSET_MATCHING_NO_DIRECT_LLL_CONFIG,NOT_YET_PROVEN,NO_PAIRING_SPECIFIC_EVIDENCE
29,607 Vigilance,Vigilance,Custom,vigilance:vigilance,19,LC Office,OfficeDungeonFlow,Custom,OWNER_ASSET_MATCHING_NO_DIRECT_LLL_CONFIG,NOT_YET_PROVEN,NO_PAIRING_SPECIFIC_EVIDENCE
29,607 Vigilance,Vigilance,Custom,vigilance:vigilance,20,Belleville Appartements,BellevilleApp,Custom,OWNER_ASSET_MATCHING_NO_DIRECT_LLL_CONFIG,NOT_YET_PROVEN,NO_PAIRING_SPECIFIC_EVIDENCE
29,607 Vigilance,Vigilance,Custom,vigilance:vigilance,21,Crimson Keep,CrimsonKeep,Custom,OWNER_ASSET_MATCHING_NO_DIRECT_LLL_CONFIG,NOT_YET_PROVEN,NO_PAIRING_SPECIFIC_EVIDENCE
29,607 Vigilance,Vigilance,Custom,vigilance:vigilance,22,Treatement Amenity,DungeonTreatementAnemity,Custom,OWNER_ASSET_MATCHING_NO_DIRECT_LLL_CONFIG,NOT_YET_PROVEN,NO_PAIRING_SPECIFIC_EVIDENCE
29,607 Vigilance,Vigilance,Custom,vigilance:vigilance,23,Goldstay Hotel,GoldenHotel,Custom,OWNER_ASSET_MATCHING_NO_DIRECT_LLL_CONFIG,NOT_YET_PROVEN,NO_PAIRING_SPECIFIC_EVIDENCE
29,607 Vigilance,Vigilance,Custom,vigilance:vigilance,24,Lead Factory,LeadFactory,Custom,OWNER_ASSET_MATCHING_NO_DIRECT_LLL_CONFIG,NOT_YET_PROVEN,NO_PAIRING_SPECIFIC_EVIDENCE
29,607 Vigilance,Vigilance,Custom,vigilance:vigilance,25,Lantern Manor,LanternManor,Custom,OWNER_ASSET_MATCHING_NO_DIRECT_LLL_CONFIG,NOT_YET_PROVEN,NO_PAIRING_SPECIFIC_EVIDENCE
29,607 Vigilance,Vigilance,Custom,vigilance:vigilance,26,Circus Facility,CircusFacilityFlow,Custom,DIRECT_LLL_UNIVERSAL_TAG_OVERRIDE,VIABLE_EQUAL_100,ACTIVE_LLL_TAG_OVERRIDE_CUSTOM_100_PLUS_ACCEPTED_NORMALIZER
29,607 Vigilance,Vigilance,Custom,vigilance:vigilance,27,Atlantean Citadel,AquaticDungeonFlow,Custom,DIRECT_LLL_UNIVERSAL_TAG_OVERRIDE,VIABLE_EQUAL_100,ACTIVE_LLL_TAG_OVERRIDE_CUSTOM_100_PLUS_ACCEPTED_NORMALIZER
29,607 Vigilance,Vigilance,Custom,vigilance:vigilance,28,Deep Sewers,DeepSewersFlow,Custom,DIRECT_LLL_UNIVERSAL_TAG_OVERRIDE,VIABLE_EQUAL_100,ACTIVE_LLL_TAG_OVERRIDE_CUSTOM_100_PLUS_ACCEPTED_NORMALIZER
29,607 Vigilance,Vigilance,Custom,vigilance:vigilance,29,Fractured Complex,FracturedComplexFlow,Custom,DIRECT_LLL_UNIVERSAL_TAG_OVERRIDE,VIABLE_EQUAL_100,ACTIVE_LLL_TAG_OVERRIDE_CUSTOM_100_PLUS_ACCEPTED_NORMALIZER
29,607 Vigilance,Vigilance,Custom,vigilance:vigilance,30,Greenhouse,GreenhouseFlow,Custom,DIRECT_LLL_UNIVERSAL_TAG_OVERRIDE,VIABLE_EQUAL_100,ACTIVE_LLL_TAG_OVERRIDE_CUSTOM_100_PLUS_ACCEPTED_NORMALIZER
29,607 Vigilance,Vigilance,Custom,vigilance:vigilance,31,Art Gallery,MuseumInteriorFlow,Custom,DIRECT_LLL_UNIVERSAL_TAG_OVERRIDE,VIABLE_EQUAL_100,ACTIVE_LLL_TAG_OVERRIDE_CUSTOM_100_PLUS_ACCEPTED_NORMALIZER
29,607 Vigilance,Vigilance,Custom,vigilance:vigilance,32,Decrepit store,StoreFlow,Custom,DIRECT_LLL_UNIVERSAL_TAG_OVERRIDE,VIABLE_EQUAL_100,ACTIVE_LLL_TAG_OVERRIDE_CUSTOM_100_PLUS_ACCEPTED_NORMALIZER
29,607 Vigilance,Vigilance,Custom,vigilance:vigilance,33,Expanded facility,ExpandedFacility,Custom,DIRECT_LLL_UNIVERSAL_TAG_OVERRIDE,VIABLE_EQUAL_100,ACTIVE_LLL_TAG_OVERRIDE_CUSTOM_100_PLUS_ACCEPTED_NORMALIZER
29,607 Vigilance,Vigilance,Custom,vigilance:vigilance,34,Expanded Mineshaft,Level3ButCoolFlow,Custom,DIRECT_LLL_UNIVERSAL_TAG_OVERRIDE,VIABLE_EQUAL_100,ACTIVE_LLL_TAG_OVERRIDE_CUSTOM_100_PLUS_ACCEPTED_NORMALIZER
29,607 Vigilance,Vigilance,Custom,vigilance:vigilance,35,Grand Armory,GrandArmoryFlow,Custom,DIRECT_LLL_UNIVERSAL_TAG_OVERRIDE,VIABLE_EQUAL_100,ACTIVE_LLL_TAG_OVERRIDE_CUSTOM_100_PLUS_ACCEPTED_NORMALIZER
29,607 Vigilance,Vigilance,Custom,vigilance:vigilance,36,Spooky manor,SpookyManorFlow,Custom,DIRECT_LLL_UNIVERSAL_TAG_OVERRIDE,VIABLE_EQUAL_100,ACTIVE_LLL_TAG_OVERRIDE_CUSTOM_100_PLUS_ACCEPTED_NORMALIZER
29,607 Vigilance,Vigilance,Custom,vigilance:vigilance,37,Mausoleum,MelanieMausoleum,Custom,OWNER_ASSET_MATCHING_NO_DIRECT_LLL_CONFIG,NOT_YET_PROVEN,NO_PAIRING_SPECIFIC_EVIDENCE
29,607 Vigilance,Vigilance,Custom,vigilance:vigilance,38,Museum,MelanieMuseum,Custom,OWNER_ASSET_MATCHING_NO_DIRECT_LLL_CONFIG,NOT_YET_PROVEN,NO_PAIRING_SPECIFIC_EVIDENCE
29,607 Vigilance,Vigilance,Custom,vigilance:vigilance,39,Raven Manor,RavenFlow,Custom,OWNER_ASSET_MATCHING_NO_DIRECT_LLL_CONFIG,NOT_YET_PROVEN,NO_PAIRING_SPECIFIC_EVIDENCE
29,607 Vigilance,Vigilance,Custom,vigilance:vigilance,40,ScoopyCastle,CastleFlow,Custom,DIRECT_LLL_UNIVERSAL_TAG_OVERRIDE,VIABLE_EQUAL_100,ACTIVE_LLL_TAG_OVERRIDE_CUSTOM_100_PLUS_ACCEPTED_NORMALIZER
29,607 Vigilance,Vigilance,Custom,vigilance:vigilance,41,Shatteredrooms,shatteredrooms,Custom,OWNER_ASSET_MATCHING_NO_DIRECT_LLL_CONFIG,NOT_YET_PROVEN,NO_PAIRING_SPECIFIC_EVIDENCE
29,607 Vigilance,Vigilance,Custom,vigilance:vigilance,42,Slaughterhouse,SlaughterhouseFlow,Custom,DIRECT_LLL_UNIVERSAL_TAG_OVERRIDE,VIABLE_EQUAL_100,ACTIVE_LLL_TAG_OVERRIDE_CUSTOM_100_PLUS_ACCEPTED_NORMALIZER
29,607 Vigilance,Vigilance,Custom,vigilance:vigilance,43,Spelunkers Caverns (Random),Spelunk_RandomFlow,Custom,OWNER_ASSET_MATCHING_NO_DIRECT_LLL_CONFIG,NOT_YET_PROVEN,NO_PAIRING_SPECIFIC_EVIDENCE
29,607 Vigilance,Vigilance,Custom,vigilance:vigilance,44,Spelunkers Caverns (Basic),Spelunk_BasicFlow,Custom,OWNER_ASSET_MATCHING_NO_DIRECT_LLL_CONFIG,NOT_YET_PROVEN,NO_PAIRING_SPECIFIC_EVIDENCE
29,607 Vigilance,Vigilance,Custom,vigilance:vigilance,45,Spelunkers Caverns (Crystal),Spelunk_CrystalFlow,Custom,OWNER_ASSET_MATCHING_NO_DIRECT_LLL_CONFIG,NOT_YET_PROVEN,NO_PAIRING_SPECIFIC_EVIDENCE
29,607 Vigilance,Vigilance,Custom,vigilance:vigilance,46,Spelunkers Caverns (Frozen),Spelunk_FrozenFlow,Custom,OWNER_ASSET_MATCHING_NO_DIRECT_LLL_CONFIG,NOT_YET_PROVEN,NO_PAIRING_SPECIFIC_EVIDENCE
29,607 Vigilance,Vigilance,Custom,vigilance:vigilance,47,Spelunkers Caverns (Magmatic),Spelunk_MagmaFlow,Custom,OWNER_ASSET_MATCHING_NO_DIRECT_LLL_CONFIG,NOT_YET_PROVEN,NO_PAIRING_SPECIFIC_EVIDENCE
29,607 Vigilance,Vigilance,Custom,vigilance:vigilance,48,Spelunkers Caverns (Overgrown),Spelunk_OvergrownFlow,Custom,OWNER_ASSET_MATCHING_NO_DIRECT_LLL_CONFIG,NOT_YET_PROVEN,NO_PAIRING_SPECIFIC_EVIDENCE
29,607 Vigilance,Vigilance,Custom,vigilance:vigilance,49,Storage Complex,StorageComplex,Custom,DIRECT_LLL_UNIVERSAL_TAG_OVERRIDE,VIABLE_EQUAL_100,ACTIVE_LLL_TAG_OVERRIDE_CUSTOM_100_PLUS_ACCEPTED_NORMALIZER
29,607 Vigilance,Vigilance,Custom,vigilance:vigilance,50,Studio Floor,StudioFlow,Custom,OWNER_ASSET_MATCHING_NO_DIRECT_LLL_CONFIG,NOT_YET_PROVEN,NO_PAIRING_SPECIFIC_EVIDENCE
29,607 Vigilance,Vigilance,Custom,vigilance:vigilance,51,Sub Systems,SubSysFlow,Custom,OWNER_ASSET_MATCHING_NO_DIRECT_LLL_CONFIG,NOT_YET_PROVEN,NO_PAIRING_SPECIFIC_EVIDENCE
29,607 Vigilance,Vigilance,Custom,vigilance:vigilance,52,Rubber Rooms,RubberRoomsFlow,Custom,DIRECT_LLL_UNIVERSAL_TAG_OVERRIDE,VIABLE_EQUAL_100,ACTIVE_LLL_TAG_OVERRIDE_CUSTOM_100_PLUS_ACCEPTED_NORMALIZER
29,607 Vigilance,Vigilance,Custom,vigilance:vigilance,53,Toy Store,ToystoreFlow,Custom,DIRECT_LLL_UNIVERSAL_TAG_OVERRIDE,VIABLE_EQUAL_100,ACTIVE_LLL_TAG_OVERRIDE_CUSTOM_100_PLUS_ACCEPTED_NORMALIZER
30,Black Mesa,Black Mesa,External,black_mesa:black_mesa,1,Facility,Level1Flow,Vanilla,VANILLA_NATIVE_LLL_MATCHING,NOT_YET_PROVEN,NO_PAIRING_SPECIFIC_EVIDENCE
30,Black Mesa,Black Mesa,External,black_mesa:black_mesa,2,Haunted Mansion,Level2Flow,Vanilla,VANILLA_NATIVE_LLL_MATCHING,NOT_YET_PROVEN,NO_PAIRING_SPECIFIC_EVIDENCE
30,Black Mesa,Black Mesa,External,black_mesa:black_mesa,3,Mineshaft,Level3Flow,Vanilla,VANILLA_NATIVE_LLL_MATCHING,NOT_YET_PROVEN,NO_PAIRING_SPECIFIC_EVIDENCE
30,Black Mesa,Black Mesa,External,black_mesa:black_mesa,4,Black Mesa,Black Mesa,External,DAWNLIB_NATIVE_BLACK_MESA_WEIGHT_RULE,NOT_YET_PROVEN,NO_PAIRING_SPECIFIC_EVIDENCE
30,Black Mesa,Black Mesa,External,black_mesa:black_mesa,5,Abandoned Foundry,FoundryFlow,Custom,OWNER_ASSET_MATCHING_NO_DIRECT_LLL_CONFIG,NOT_YET_PROVEN,NO_PAIRING_SPECIFIC_EVIDENCE
30,Black Mesa,Black Mesa,External,black_mesa:black_mesa,6,ACF Site,ResearchStationFlow,Custom,OWNER_ASSET_MATCHING_NO_DIRECT_LLL_CONFIG,NOT_YET_PROVEN,NO_PAIRING_SPECIFIC_EVIDENCE
30,Black Mesa,Black Mesa,External,black_mesa:black_mesa,7,DeepcoreMines,deepmines,Custom,OWNER_ASSET_MATCHING_NO_DIRECT_LLL_CONFIG,NOT_YET_PROVEN,NO_PAIRING_SPECIFIC_EVIDENCE
30,Black Mesa,Black Mesa,External,black_mesa:black_mesa,8,LiminalHouse,LiminalHouseFlow,Custom,OWNER_ASSET_MATCHING_NO_DIRECT_LLL_CONFIG,NOT_YET_PROVEN,NO_PAIRING_SPECIFIC_EVIDENCE
30,Black Mesa,Black Mesa,External,black_mesa:black_mesa,9,Supermarket,Supermarket,Custom,OWNER_ASSET_MATCHING_NO_DIRECT_LLL_CONFIG,NOT_YET_PROVEN,NO_PAIRING_SPECIFIC_EVIDENCE
30,Black Mesa,Black Mesa,External,black_mesa:black_mesa,10,Bunker,BunkerFlow,Custom,DIRECT_LLL_UNIVERSAL_TAG_OVERRIDE,NOT_YET_PROVEN,NO_PAIRING_SPECIFIC_EVIDENCE
30,Black Mesa,Black Mesa,External,black_mesa:black_mesa,11,Drains,DrainsFlow,Custom,DIRECT_LLL_UNIVERSAL_TAG_OVERRIDE,NOT_YET_PROVEN,NO_PAIRING_SPECIFIC_EVIDENCE
30,Black Mesa,Black Mesa,External,black_mesa:black_mesa,12,Substation,SubstationFlow,Custom,DIRECT_LLL_UNIVERSAL_TAG_OVERRIDE,NOT_YET_PROVEN,NO_PAIRING_SPECIFIC_EVIDENCE
30,Black Mesa,Black Mesa,External,black_mesa:black_mesa,13,Liminal Facility,BackroomsFlow,Custom,DIRECT_LLL_UNIVERSAL_TAG_OVERRIDE,NOT_YET_PROVEN,NO_PAIRING_SPECIFIC_EVIDENCE
30,Black Mesa,Black Mesa,External,black_mesa:black_mesa,14,Storehouse,SHFlow,Custom,DIRECT_LLL_UNIVERSAL_TAG_OVERRIDE,NOT_YET_PROVEN,NO_PAIRING_SPECIFIC_EVIDENCE
30,Black Mesa,Black Mesa,External,black_mesa:black_mesa,15,Tower,TowerFlow,Custom,DIRECT_LLL_UNIVERSAL_TAG_OVERRIDE,NOT_YET_PROVEN,NO_PAIRING_SPECIFIC_EVIDENCE
30,Black Mesa,Black Mesa,External,black_mesa:black_mesa,16,Gray Apartments,GrayApartmentsFlow,Custom,OWNER_ASSET_MATCHING_NO_DIRECT_LLL_CONFIG,NOT_YET_PROVEN,NO_PAIRING_SPECIFIC_EVIDENCE
30,Black Mesa,Black Mesa,External,black_mesa:black_mesa,17,Zeranos Gray Apartments,GrayApartmentsFlowZ,Custom,OWNER_ASSET_MATCHING_NO_DIRECT_LLL_CONFIG,NOT_YET_PROVEN,NO_PAIRING_SPECIFIC_EVIDENCE
30,Black Mesa,Black Mesa,External,black_mesa:black_mesa,18,junkrooms,junkrooms,Custom,OWNER_ASSET_MATCHING_NO_DIRECT_LLL_CONFIG,NOT_YET_PROVEN,NO_PAIRING_SPECIFIC_EVIDENCE
30,Black Mesa,Black Mesa,External,black_mesa:black_mesa,19,LC Office,OfficeDungeonFlow,Custom,OWNER_ASSET_MATCHING_NO_DIRECT_LLL_CONFIG,NOT_YET_PROVEN,NO_PAIRING_SPECIFIC_EVIDENCE
30,Black Mesa,Black Mesa,External,black_mesa:black_mesa,20,Belleville Appartements,BellevilleApp,Custom,OWNER_ASSET_MATCHING_NO_DIRECT_LLL_CONFIG,NOT_YET_PROVEN,NO_PAIRING_SPECIFIC_EVIDENCE
30,Black Mesa,Black Mesa,External,black_mesa:black_mesa,21,Crimson Keep,CrimsonKeep,Custom,OWNER_ASSET_MATCHING_NO_DIRECT_LLL_CONFIG,NOT_YET_PROVEN,NO_PAIRING_SPECIFIC_EVIDENCE
30,Black Mesa,Black Mesa,External,black_mesa:black_mesa,22,Treatement Amenity,DungeonTreatementAnemity,Custom,OWNER_ASSET_MATCHING_NO_DIRECT_LLL_CONFIG,NOT_YET_PROVEN,NO_PAIRING_SPECIFIC_EVIDENCE
30,Black Mesa,Black Mesa,External,black_mesa:black_mesa,23,Goldstay Hotel,GoldenHotel,Custom,OWNER_ASSET_MATCHING_NO_DIRECT_LLL_CONFIG,NOT_YET_PROVEN,NO_PAIRING_SPECIFIC_EVIDENCE
30,Black Mesa,Black Mesa,External,black_mesa:black_mesa,24,Lead Factory,LeadFactory,Custom,OWNER_ASSET_MATCHING_NO_DIRECT_LLL_CONFIG,NOT_YET_PROVEN,NO_PAIRING_SPECIFIC_EVIDENCE
30,Black Mesa,Black Mesa,External,black_mesa:black_mesa,25,Lantern Manor,LanternManor,Custom,OWNER_ASSET_MATCHING_NO_DIRECT_LLL_CONFIG,NOT_YET_PROVEN,NO_PAIRING_SPECIFIC_EVIDENCE
30,Black Mesa,Black Mesa,External,black_mesa:black_mesa,26,Circus Facility,CircusFacilityFlow,Custom,DIRECT_LLL_UNIVERSAL_TAG_OVERRIDE,NOT_YET_PROVEN,NO_PAIRING_SPECIFIC_EVIDENCE
30,Black Mesa,Black Mesa,External,black_mesa:black_mesa,27,Atlantean Citadel,AquaticDungeonFlow,Custom,DIRECT_LLL_UNIVERSAL_TAG_OVERRIDE,NOT_YET_PROVEN,NO_PAIRING_SPECIFIC_EVIDENCE
30,Black Mesa,Black Mesa,External,black_mesa:black_mesa,28,Deep Sewers,DeepSewersFlow,Custom,DIRECT_LLL_UNIVERSAL_TAG_OVERRIDE,NOT_YET_PROVEN,NO_PAIRING_SPECIFIC_EVIDENCE
30,Black Mesa,Black Mesa,External,black_mesa:black_mesa,29,Fractured Complex,FracturedComplexFlow,Custom,DIRECT_LLL_UNIVERSAL_TAG_OVERRIDE,NOT_YET_PROVEN,NO_PAIRING_SPECIFIC_EVIDENCE
30,Black Mesa,Black Mesa,External,black_mesa:black_mesa,30,Greenhouse,GreenhouseFlow,Custom,DIRECT_LLL_UNIVERSAL_TAG_OVERRIDE,NOT_YET_PROVEN,NO_PAIRING_SPECIFIC_EVIDENCE
30,Black Mesa,Black Mesa,External,black_mesa:black_mesa,31,Art Gallery,MuseumInteriorFlow,Custom,DIRECT_LLL_UNIVERSAL_TAG_OVERRIDE,NOT_YET_PROVEN,NO_PAIRING_SPECIFIC_EVIDENCE
30,Black Mesa,Black Mesa,External,black_mesa:black_mesa,32,Decrepit store,StoreFlow,Custom,DIRECT_LLL_UNIVERSAL_TAG_OVERRIDE,NOT_YET_PROVEN,NO_PAIRING_SPECIFIC_EVIDENCE
30,Black Mesa,Black Mesa,External,black_mesa:black_mesa,33,Expanded facility,ExpandedFacility,Custom,DIRECT_LLL_UNIVERSAL_TAG_OVERRIDE,NOT_YET_PROVEN,NO_PAIRING_SPECIFIC_EVIDENCE
30,Black Mesa,Black Mesa,External,black_mesa:black_mesa,34,Expanded Mineshaft,Level3ButCoolFlow,Custom,DIRECT_LLL_UNIVERSAL_TAG_OVERRIDE,NOT_YET_PROVEN,NO_PAIRING_SPECIFIC_EVIDENCE
30,Black Mesa,Black Mesa,External,black_mesa:black_mesa,35,Grand Armory,GrandArmoryFlow,Custom,DIRECT_LLL_UNIVERSAL_TAG_OVERRIDE,NOT_YET_PROVEN,NO_PAIRING_SPECIFIC_EVIDENCE
30,Black Mesa,Black Mesa,External,black_mesa:black_mesa,36,Spooky manor,SpookyManorFlow,Custom,DIRECT_LLL_UNIVERSAL_TAG_OVERRIDE,NOT_YET_PROVEN,NO_PAIRING_SPECIFIC_EVIDENCE
30,Black Mesa,Black Mesa,External,black_mesa:black_mesa,37,Mausoleum,MelanieMausoleum,Custom,OWNER_ASSET_MATCHING_NO_DIRECT_LLL_CONFIG,NOT_YET_PROVEN,NO_PAIRING_SPECIFIC_EVIDENCE
30,Black Mesa,Black Mesa,External,black_mesa:black_mesa,38,Museum,MelanieMuseum,Custom,OWNER_ASSET_MATCHING_NO_DIRECT_LLL_CONFIG,NOT_YET_PROVEN,NO_PAIRING_SPECIFIC_EVIDENCE
30,Black Mesa,Black Mesa,External,black_mesa:black_mesa,39,Raven Manor,RavenFlow,Custom,OWNER_ASSET_MATCHING_NO_DIRECT_LLL_CONFIG,NOT_YET_PROVEN,NO_PAIRING_SPECIFIC_EVIDENCE
30,Black Mesa,Black Mesa,External,black_mesa:black_mesa,40,ScoopyCastle,CastleFlow,Custom,DIRECT_LLL_UNIVERSAL_TAG_OVERRIDE,NOT_YET_PROVEN,NO_PAIRING_SPECIFIC_EVIDENCE
30,Black Mesa,Black Mesa,External,black_mesa:black_mesa,41,Shatteredrooms,shatteredrooms,Custom,OWNER_ASSET_MATCHING_NO_DIRECT_LLL_CONFIG,NOT_YET_PROVEN,NO_PAIRING_SPECIFIC_EVIDENCE
30,Black Mesa,Black Mesa,External,black_mesa:black_mesa,42,Slaughterhouse,SlaughterhouseFlow,Custom,DIRECT_LLL_UNIVERSAL_TAG_OVERRIDE,NOT_YET_PROVEN,NO_PAIRING_SPECIFIC_EVIDENCE
30,Black Mesa,Black Mesa,External,black_mesa:black_mesa,43,Spelunkers Caverns (Random),Spelunk_RandomFlow,Custom,OWNER_ASSET_MATCHING_NO_DIRECT_LLL_CONFIG,NOT_YET_PROVEN,NO_PAIRING_SPECIFIC_EVIDENCE
30,Black Mesa,Black Mesa,External,black_mesa:black_mesa,44,Spelunkers Caverns (Basic),Spelunk_BasicFlow,Custom,OWNER_ASSET_MATCHING_NO_DIRECT_LLL_CONFIG,NOT_YET_PROVEN,NO_PAIRING_SPECIFIC_EVIDENCE
30,Black Mesa,Black Mesa,External,black_mesa:black_mesa,45,Spelunkers Caverns (Crystal),Spelunk_CrystalFlow,Custom,OWNER_ASSET_MATCHING_NO_DIRECT_LLL_CONFIG,NOT_YET_PROVEN,NO_PAIRING_SPECIFIC_EVIDENCE
30,Black Mesa,Black Mesa,External,black_mesa:black_mesa,46,Spelunkers Caverns (Frozen),Spelunk_FrozenFlow,Custom,OWNER_ASSET_MATCHING_NO_DIRECT_LLL_CONFIG,NOT_YET_PROVEN,NO_PAIRING_SPECIFIC_EVIDENCE
30,Black Mesa,Black Mesa,External,black_mesa:black_mesa,47,Spelunkers Caverns (Magmatic),Spelunk_MagmaFlow,Custom,OWNER_ASSET_MATCHING_NO_DIRECT_LLL_CONFIG,NOT_YET_PROVEN,NO_PAIRING_SPECIFIC_EVIDENCE
30,Black Mesa,Black Mesa,External,black_mesa:black_mesa,48,Spelunkers Caverns (Overgrown),Spelunk_OvergrownFlow,Custom,OWNER_ASSET_MATCHING_NO_DIRECT_LLL_CONFIG,NOT_YET_PROVEN,NO_PAIRING_SPECIFIC_EVIDENCE
30,Black Mesa,Black Mesa,External,black_mesa:black_mesa,49,Storage Complex,StorageComplex,Custom,DIRECT_LLL_UNIVERSAL_TAG_OVERRIDE,NOT_YET_PROVEN,NO_PAIRING_SPECIFIC_EVIDENCE
30,Black Mesa,Black Mesa,External,black_mesa:black_mesa,50,Studio Floor,StudioFlow,Custom,OWNER_ASSET_MATCHING_NO_DIRECT_LLL_CONFIG,NOT_YET_PROVEN,NO_PAIRING_SPECIFIC_EVIDENCE
30,Black Mesa,Black Mesa,External,black_mesa:black_mesa,51,Sub Systems,SubSysFlow,Custom,OWNER_ASSET_MATCHING_NO_DIRECT_LLL_CONFIG,NOT_YET_PROVEN,NO_PAIRING_SPECIFIC_EVIDENCE
30,Black Mesa,Black Mesa,External,black_mesa:black_mesa,52,Rubber Rooms,RubberRoomsFlow,Custom,DIRECT_LLL_UNIVERSAL_TAG_OVERRIDE,NOT_YET_PROVEN,NO_PAIRING_SPECIFIC_EVIDENCE
30,Black Mesa,Black Mesa,External,black_mesa:black_mesa,53,Toy Store,ToystoreFlow,Custom,DIRECT_LLL_UNIVERSAL_TAG_OVERRIDE,NOT_YET_PROVEN,NO_PAIRING_SPECIFIC_EVIDENCE
31,745 Oxyde,Oxyde,External,code_rebirth:oxyde,1,Facility,Level1Flow,Vanilla,VANILLA_NATIVE_LLL_MATCHING,NOT_YET_PROVEN,NO_PAIRING_SPECIFIC_EVIDENCE
31,745 Oxyde,Oxyde,External,code_rebirth:oxyde,2,Haunted Mansion,Level2Flow,Vanilla,VANILLA_NATIVE_LLL_MATCHING,NOT_YET_PROVEN,NO_PAIRING_SPECIFIC_EVIDENCE
31,745 Oxyde,Oxyde,External,code_rebirth:oxyde,3,Mineshaft,Level3Flow,Vanilla,VANILLA_NATIVE_LLL_MATCHING,NOT_YET_PROVEN,NO_PAIRING_SPECIFIC_EVIDENCE
31,745 Oxyde,Oxyde,External,code_rebirth:oxyde,4,Black Mesa,Black Mesa,External,DAWNLIB_NATIVE_BLACK_MESA_WEIGHT_RULE,NOT_YET_PROVEN,NO_PAIRING_SPECIFIC_EVIDENCE
31,745 Oxyde,Oxyde,External,code_rebirth:oxyde,5,Abandoned Foundry,FoundryFlow,Custom,OWNER_ASSET_MATCHING_NO_DIRECT_LLL_CONFIG,NOT_YET_PROVEN,NO_PAIRING_SPECIFIC_EVIDENCE
31,745 Oxyde,Oxyde,External,code_rebirth:oxyde,6,ACF Site,ResearchStationFlow,Custom,OWNER_ASSET_MATCHING_NO_DIRECT_LLL_CONFIG,NOT_YET_PROVEN,NO_PAIRING_SPECIFIC_EVIDENCE
31,745 Oxyde,Oxyde,External,code_rebirth:oxyde,7,DeepcoreMines,deepmines,Custom,OWNER_ASSET_MATCHING_NO_DIRECT_LLL_CONFIG,NOT_YET_PROVEN,NO_PAIRING_SPECIFIC_EVIDENCE
31,745 Oxyde,Oxyde,External,code_rebirth:oxyde,8,LiminalHouse,LiminalHouseFlow,Custom,OWNER_ASSET_MATCHING_NO_DIRECT_LLL_CONFIG,NOT_YET_PROVEN,NO_PAIRING_SPECIFIC_EVIDENCE
31,745 Oxyde,Oxyde,External,code_rebirth:oxyde,9,Supermarket,Supermarket,Custom,OWNER_ASSET_MATCHING_NO_DIRECT_LLL_CONFIG,NOT_YET_PROVEN,NO_PAIRING_SPECIFIC_EVIDENCE
31,745 Oxyde,Oxyde,External,code_rebirth:oxyde,10,Bunker,BunkerFlow,Custom,DIRECT_LLL_UNIVERSAL_TAG_OVERRIDE,NOT_YET_PROVEN,NO_PAIRING_SPECIFIC_EVIDENCE
31,745 Oxyde,Oxyde,External,code_rebirth:oxyde,11,Drains,DrainsFlow,Custom,DIRECT_LLL_UNIVERSAL_TAG_OVERRIDE,NOT_YET_PROVEN,NO_PAIRING_SPECIFIC_EVIDENCE
31,745 Oxyde,Oxyde,External,code_rebirth:oxyde,12,Substation,SubstationFlow,Custom,DIRECT_LLL_UNIVERSAL_TAG_OVERRIDE,NOT_YET_PROVEN,NO_PAIRING_SPECIFIC_EVIDENCE
31,745 Oxyde,Oxyde,External,code_rebirth:oxyde,13,Liminal Facility,BackroomsFlow,Custom,DIRECT_LLL_UNIVERSAL_TAG_OVERRIDE,NOT_YET_PROVEN,NO_PAIRING_SPECIFIC_EVIDENCE
31,745 Oxyde,Oxyde,External,code_rebirth:oxyde,14,Storehouse,SHFlow,Custom,DIRECT_LLL_UNIVERSAL_TAG_OVERRIDE,NOT_YET_PROVEN,NO_PAIRING_SPECIFIC_EVIDENCE
31,745 Oxyde,Oxyde,External,code_rebirth:oxyde,15,Tower,TowerFlow,Custom,DIRECT_LLL_UNIVERSAL_TAG_OVERRIDE,NOT_YET_PROVEN,NO_PAIRING_SPECIFIC_EVIDENCE
31,745 Oxyde,Oxyde,External,code_rebirth:oxyde,16,Gray Apartments,GrayApartmentsFlow,Custom,OWNER_ASSET_MATCHING_NO_DIRECT_LLL_CONFIG,NOT_YET_PROVEN,NO_PAIRING_SPECIFIC_EVIDENCE
31,745 Oxyde,Oxyde,External,code_rebirth:oxyde,17,Zeranos Gray Apartments,GrayApartmentsFlowZ,Custom,OWNER_ASSET_MATCHING_NO_DIRECT_LLL_CONFIG,NOT_YET_PROVEN,NO_PAIRING_SPECIFIC_EVIDENCE
31,745 Oxyde,Oxyde,External,code_rebirth:oxyde,18,junkrooms,junkrooms,Custom,OWNER_ASSET_MATCHING_NO_DIRECT_LLL_CONFIG,NOT_YET_PROVEN,NO_PAIRING_SPECIFIC_EVIDENCE
31,745 Oxyde,Oxyde,External,code_rebirth:oxyde,19,LC Office,OfficeDungeonFlow,Custom,OWNER_ASSET_MATCHING_NO_DIRECT_LLL_CONFIG,NOT_YET_PROVEN,NO_PAIRING_SPECIFIC_EVIDENCE
31,745 Oxyde,Oxyde,External,code_rebirth:oxyde,20,Belleville Appartements,BellevilleApp,Custom,OWNER_ASSET_MATCHING_NO_DIRECT_LLL_CONFIG,NOT_YET_PROVEN,NO_PAIRING_SPECIFIC_EVIDENCE
31,745 Oxyde,Oxyde,External,code_rebirth:oxyde,21,Crimson Keep,CrimsonKeep,Custom,OWNER_ASSET_MATCHING_NO_DIRECT_LLL_CONFIG,NOT_YET_PROVEN,NO_PAIRING_SPECIFIC_EVIDENCE
31,745 Oxyde,Oxyde,External,code_rebirth:oxyde,22,Treatement Amenity,DungeonTreatementAnemity,Custom,OWNER_ASSET_MATCHING_NO_DIRECT_LLL_CONFIG,NOT_YET_PROVEN,NO_PAIRING_SPECIFIC_EVIDENCE
31,745 Oxyde,Oxyde,External,code_rebirth:oxyde,23,Goldstay Hotel,GoldenHotel,Custom,OWNER_ASSET_MATCHING_NO_DIRECT_LLL_CONFIG,NOT_YET_PROVEN,NO_PAIRING_SPECIFIC_EVIDENCE
31,745 Oxyde,Oxyde,External,code_rebirth:oxyde,24,Lead Factory,LeadFactory,Custom,OWNER_ASSET_MATCHING_NO_DIRECT_LLL_CONFIG,NOT_YET_PROVEN,NO_PAIRING_SPECIFIC_EVIDENCE
31,745 Oxyde,Oxyde,External,code_rebirth:oxyde,25,Lantern Manor,LanternManor,Custom,OWNER_ASSET_MATCHING_NO_DIRECT_LLL_CONFIG,NOT_YET_PROVEN,NO_PAIRING_SPECIFIC_EVIDENCE
31,745 Oxyde,Oxyde,External,code_rebirth:oxyde,26,Circus Facility,CircusFacilityFlow,Custom,DIRECT_LLL_UNIVERSAL_TAG_OVERRIDE,NOT_YET_PROVEN,NO_PAIRING_SPECIFIC_EVIDENCE
31,745 Oxyde,Oxyde,External,code_rebirth:oxyde,27,Atlantean Citadel,AquaticDungeonFlow,Custom,DIRECT_LLL_UNIVERSAL_TAG_OVERRIDE,NOT_YET_PROVEN,NO_PAIRING_SPECIFIC_EVIDENCE
31,745 Oxyde,Oxyde,External,code_rebirth:oxyde,28,Deep Sewers,DeepSewersFlow,Custom,DIRECT_LLL_UNIVERSAL_TAG_OVERRIDE,NOT_YET_PROVEN,NO_PAIRING_SPECIFIC_EVIDENCE
31,745 Oxyde,Oxyde,External,code_rebirth:oxyde,29,Fractured Complex,FracturedComplexFlow,Custom,DIRECT_LLL_UNIVERSAL_TAG_OVERRIDE,NOT_YET_PROVEN,NO_PAIRING_SPECIFIC_EVIDENCE
31,745 Oxyde,Oxyde,External,code_rebirth:oxyde,30,Greenhouse,GreenhouseFlow,Custom,DIRECT_LLL_UNIVERSAL_TAG_OVERRIDE,NOT_YET_PROVEN,NO_PAIRING_SPECIFIC_EVIDENCE
31,745 Oxyde,Oxyde,External,code_rebirth:oxyde,31,Art Gallery,MuseumInteriorFlow,Custom,DIRECT_LLL_UNIVERSAL_TAG_OVERRIDE,NOT_YET_PROVEN,NO_PAIRING_SPECIFIC_EVIDENCE
31,745 Oxyde,Oxyde,External,code_rebirth:oxyde,32,Decrepit store,StoreFlow,Custom,DIRECT_LLL_UNIVERSAL_TAG_OVERRIDE,NOT_YET_PROVEN,NO_PAIRING_SPECIFIC_EVIDENCE
31,745 Oxyde,Oxyde,External,code_rebirth:oxyde,33,Expanded facility,ExpandedFacility,Custom,DIRECT_LLL_UNIVERSAL_TAG_OVERRIDE,NOT_YET_PROVEN,NO_PAIRING_SPECIFIC_EVIDENCE
31,745 Oxyde,Oxyde,External,code_rebirth:oxyde,34,Expanded Mineshaft,Level3ButCoolFlow,Custom,DIRECT_LLL_UNIVERSAL_TAG_OVERRIDE,NOT_YET_PROVEN,NO_PAIRING_SPECIFIC_EVIDENCE
31,745 Oxyde,Oxyde,External,code_rebirth:oxyde,35,Grand Armory,GrandArmoryFlow,Custom,DIRECT_LLL_UNIVERSAL_TAG_OVERRIDE,NOT_YET_PROVEN,NO_PAIRING_SPECIFIC_EVIDENCE
31,745 Oxyde,Oxyde,External,code_rebirth:oxyde,36,Spooky manor,SpookyManorFlow,Custom,DIRECT_LLL_UNIVERSAL_TAG_OVERRIDE,NOT_YET_PROVEN,NO_PAIRING_SPECIFIC_EVIDENCE
31,745 Oxyde,Oxyde,External,code_rebirth:oxyde,37,Mausoleum,MelanieMausoleum,Custom,OWNER_ASSET_MATCHING_NO_DIRECT_LLL_CONFIG,NOT_YET_PROVEN,NO_PAIRING_SPECIFIC_EVIDENCE
31,745 Oxyde,Oxyde,External,code_rebirth:oxyde,38,Museum,MelanieMuseum,Custom,OWNER_ASSET_MATCHING_NO_DIRECT_LLL_CONFIG,NOT_YET_PROVEN,NO_PAIRING_SPECIFIC_EVIDENCE
31,745 Oxyde,Oxyde,External,code_rebirth:oxyde,39,Raven Manor,RavenFlow,Custom,OWNER_ASSET_MATCHING_NO_DIRECT_LLL_CONFIG,NOT_YET_PROVEN,NO_PAIRING_SPECIFIC_EVIDENCE
31,745 Oxyde,Oxyde,External,code_rebirth:oxyde,40,ScoopyCastle,CastleFlow,Custom,DIRECT_LLL_UNIVERSAL_TAG_OVERRIDE,NOT_YET_PROVEN,NO_PAIRING_SPECIFIC_EVIDENCE
31,745 Oxyde,Oxyde,External,code_rebirth:oxyde,41,Shatteredrooms,shatteredrooms,Custom,OWNER_ASSET_MATCHING_NO_DIRECT_LLL_CONFIG,NOT_YET_PROVEN,NO_PAIRING_SPECIFIC_EVIDENCE
31,745 Oxyde,Oxyde,External,code_rebirth:oxyde,42,Slaughterhouse,SlaughterhouseFlow,Custom,DIRECT_LLL_UNIVERSAL_TAG_OVERRIDE,NOT_YET_PROVEN,NO_PAIRING_SPECIFIC_EVIDENCE
31,745 Oxyde,Oxyde,External,code_rebirth:oxyde,43,Spelunkers Caverns (Random),Spelunk_RandomFlow,Custom,OWNER_ASSET_MATCHING_NO_DIRECT_LLL_CONFIG,NOT_YET_PROVEN,NO_PAIRING_SPECIFIC_EVIDENCE
31,745 Oxyde,Oxyde,External,code_rebirth:oxyde,44,Spelunkers Caverns (Basic),Spelunk_BasicFlow,Custom,OWNER_ASSET_MATCHING_NO_DIRECT_LLL_CONFIG,NOT_YET_PROVEN,NO_PAIRING_SPECIFIC_EVIDENCE
31,745 Oxyde,Oxyde,External,code_rebirth:oxyde,45,Spelunkers Caverns (Crystal),Spelunk_CrystalFlow,Custom,OWNER_ASSET_MATCHING_NO_DIRECT_LLL_CONFIG,NOT_YET_PROVEN,NO_PAIRING_SPECIFIC_EVIDENCE
31,745 Oxyde,Oxyde,External,code_rebirth:oxyde,46,Spelunkers Caverns (Frozen),Spelunk_FrozenFlow,Custom,OWNER_ASSET_MATCHING_NO_DIRECT_LLL_CONFIG,NOT_YET_PROVEN,NO_PAIRING_SPECIFIC_EVIDENCE
31,745 Oxyde,Oxyde,External,code_rebirth:oxyde,47,Spelunkers Caverns (Magmatic),Spelunk_MagmaFlow,Custom,OWNER_ASSET_MATCHING_NO_DIRECT_LLL_CONFIG,NOT_YET_PROVEN,NO_PAIRING_SPECIFIC_EVIDENCE
31,745 Oxyde,Oxyde,External,code_rebirth:oxyde,48,Spelunkers Caverns (Overgrown),Spelunk_OvergrownFlow,Custom,OWNER_ASSET_MATCHING_NO_DIRECT_LLL_CONFIG,NOT_YET_PROVEN,NO_PAIRING_SPECIFIC_EVIDENCE
31,745 Oxyde,Oxyde,External,code_rebirth:oxyde,49,Storage Complex,StorageComplex,Custom,DIRECT_LLL_UNIVERSAL_TAG_OVERRIDE,NOT_YET_PROVEN,NO_PAIRING_SPECIFIC_EVIDENCE
31,745 Oxyde,Oxyde,External,code_rebirth:oxyde,50,Studio Floor,StudioFlow,Custom,OWNER_ASSET_MATCHING_NO_DIRECT_LLL_CONFIG,NOT_YET_PROVEN,NO_PAIRING_SPECIFIC_EVIDENCE
31,745 Oxyde,Oxyde,External,code_rebirth:oxyde,51,Sub Systems,SubSysFlow,Custom,OWNER_ASSET_MATCHING_NO_DIRECT_LLL_CONFIG,NOT_YET_PROVEN,NO_PAIRING_SPECIFIC_EVIDENCE
31,745 Oxyde,Oxyde,External,code_rebirth:oxyde,52,Rubber Rooms,RubberRoomsFlow,Custom,DIRECT_LLL_UNIVERSAL_TAG_OVERRIDE,NOT_YET_PROVEN,NO_PAIRING_SPECIFIC_EVIDENCE
31,745 Oxyde,Oxyde,External,code_rebirth:oxyde,53,Toy Store,ToystoreFlow,Custom,DIRECT_LLL_UNIVERSAL_TAG_OVERRIDE,NOT_YET_PROVEN,NO_PAIRING_SPECIFIC_EVIDENCE
