[Message:   BepInEx] BepInEx 5.4.23.5 - Lethal Company (8/21/2026 3:33:04 PM)
[Info   :   BepInEx] Running under Unity v2022.3.62.7762112
[Info   :   BepInEx] CLR runtime version: 4.0.30319.42000
[Info   :   BepInEx] Supports SRE: True
[Info   :   BepInEx] System platform: Bits64, Windows
[Message:   BepInEx] Preloader started
[Info   :   BepInEx] Loaded 1 patcher method from [BepInEx.Preloader 5.4.23.5]
[Info   :   BepInEx] Loaded 1 patcher method from [BepInEx.MonoMod.AutoHookGenPatcher 1.1.1.0]
[Info   :   BepInEx] Loaded 1 patcher method from [Hamunii.DetourContext.Dispose_Fix 1.0.9.0]
[Info   :   BepInEx] Loaded 1 patcher method from [com.github.Hamunii.TypeLoadExceptionFixer 1.0.4.0]
[Info   :   BepInEx] Loaded 1 patcher method from [LethalLevelLoader.Patcher 1.0.0.0]
[Info   :   BepInEx] Loaded 1 patcher method from [AsyncLoggers 2.2.3.0]
[Info   :   BepInEx] Loaded 1 patcher method from [MonkeyInjectionLibrary 1.0.2.0]
[Info   :   BepInEx] Loaded 1 patcher method from [0.com.github.MonoDetour.BepInEx.5 0.7.15.0]
[Info   :   BepInEx] Loaded 1 patcher method from [ReXuvination.Preloader 1.1.0.0]
[Info   :   BepInEx] Loaded 1 patcher method from [DunGenReferenceFixer 0.0.1.0]
[Info   :   BepInEx] Loaded 1 patcher method from [HarmonyXTranspilerFix 0.0.0.0]
[Info   :   BepInEx] Loaded 1 patcher method from [LethalPerformance.Patcher 1.2.6.0]
[Info   :   BepInEx] Loaded 1 patcher method from [FixPluginTypesSerialization 1.0.0.0]
[Info   :   BepInEx] Loaded 1 patcher method from [BepInEx.MonoMod.HookGenPatcher 1.2.1.0]
[Info   :   BepInEx] Loaded 1 patcher method from [LCOfficeV81Preloader 1.0.0.0]
[Info   :   BepInEx] 15 patcher plugins loaded
[Info   :AsyncLoggers] AsyncLoggers:2.2.3 Prepatcher Started
[Info   :HookGenPatcher] Previous MMHOOK location found. Using that location to save instead.
[Info   :HookGenPatcher] Already ran for this version, reusing that file.
[Info   :HookGenPatcher] Previous MMHOOK location found. Using that location to save instead.
[Info   :HookGenPatcher] Already ran for this version, reusing that file.
[Info   :HookGenPatcher] Previous MMHOOK location found. Using that location to save instead.
[Info   :HookGenPatcher] Already ran for this version, reusing that file.
[Info   :HookGenPatcher] Previous MMHOOK location found. Using that location to save instead.
[Info   :HookGenPatcher] Already ran for this version, reusing that file.
[Info   :HookGenPatcher] Previous MMHOOK location found. Using that location to save instead.
[Info   :HookGenPatcher] Already ran for this version, reusing that file.
[Info   :HookGenPatcher] Previous MMHOOK location found. Using that location to save instead.
[Info   :HookGenPatcher] Already ran for this version, reusing that file.
[Info   :FixPluginTypesSerialization] Running under Unity v2022.3.62
[Debug  :FixPluginTypesSerialization] Unity version obtained from main application module.
[Info   :FixPluginTypesSerialization] Found offsets for current version, using them.
[Info   :LCOfficeV81Preloader] ==========================================
[Info   :LCOfficeV81Preloader] [LCOfficeV81Preloader] Initialize reached.
[Info   :LCOfficeV81Preloader] [LCOfficeV81Preloader] Searching for original LCOffice.dll...
[Info   :LCOfficeV81Preloader] ==========================================
[Info   :LCOfficeV81Preloader] [LCOfficeV81Preloader] Found LCOffice.dll: C:\Users\Milan\AppData\Roaming\com.kesomannen.gale\lethal-company\profiles\LC V1 S1.42AK-LFD1\BepInEx\plugins\Piggy-LC_Office\LCOffice.dll
[Warning:LCOfficeV81Preloader] [LCOfficeV81Preloader] No old DunGen type references were found.
[Warning:LCOfficeV81Preloader] [LCOfficeV81Preloader] DLL may already be patched.
[Info   :     Trace] [LethalLevelLoader.Patcher] Initializing...
[Info   :InjectionLibrary] Preloader Started
[Info   :ReXuvination] Prepatcher Started
[Info   :   BepInEx] Patching [UnityEngine.CoreModule] with [BepInEx.Chainloader]
[Info   :   BepInEx] Patching [Unity.InputSystem] with [TypeLoadExceptionFixer.Patcher]
[Info   :   BepInEx] Patching [Assembly-CSharp] with [LethalPerformance.Patcher.LethalPerformancePatcher]
[Info   :   BepInEx] Patching [Assembly-CSharp-firstpass] with [LethalPerformance.Patcher.LethalPerformancePatcher]
[Debug  :InjectionLibrary] Assembly com.github.darmuh.suitsTerminal Wants to inject something
[Debug  :InjectionLibrary] Found suitsTerminal.Interfaces.IUnlockableSuit
[Debug  :InjectionLibrary] Assembly AdditionalNetworking Wants to inject something
[Debug  :InjectionLibrary] Found AdditionalNetworking.Interfaces.INetworkAnimatedItem
[Debug  :InjectionLibrary] Found AdditionalNetworking.Interfaces.INetworkBoomboxItem
[Debug  :InjectionLibrary] Found AdditionalNetworking.Interfaces.INetworkGrabbableObject
[Debug  :InjectionLibrary] Found AdditionalNetworking.Interfaces.INetworkPlayerControllerB
[Debug  :InjectionLibrary] Found AdditionalNetworking.Interfaces.INetworkRoundManager
[Debug  :InjectionLibrary] Found AdditionalNetworking.Interfaces.INetworkShotgunItem
[Debug  :InjectionLibrary] Found AdditionalNetworking.Interfaces.INetworkStartOfRound
[Debug  :InjectionLibrary] Assembly Matty's Fixes Wants to inject something
[Debug  :InjectionLibrary] Found MattyFixes.Interfaces.IInjectedItem
[Debug  :InjectionLibrary] Found MattyFixes.Interfaces.InjectedStormyWeather
[Warning:InjectionLibrary] Skipping plugins\qwbarch-MirageCore\onnxruntime.dll because it's not a valid .NET assembly. Full error: Format of the executable (.exe) or library (.dll) is invalid.
[Warning:InjectionLibrary] Skipping plugins\qwbarch-MirageCore\onnxruntime_providers_shared.dll because it's not a valid .NET assembly. Full error: Format of the executable (.exe) or library (.dll) is invalid.
[Warning:InjectionLibrary] Skipping plugins\qwbarch-MirageCore\SileroVAD.API.dll because it's not a valid .NET assembly. Full error: Format of the executable (.exe) or library (.dll) is invalid.
[Warning:InjectionLibrary] Skipping plugins\qwbarch-OpusDotNet\opus.dll because it's not a valid .NET assembly. Full error: Format of the executable (.exe) or library (.dll) is invalid.
[Debug  :InjectionLibrary] Assembly com.github.teamxiaolan.dawnlib.interfaces Wants to inject something
[Debug  :InjectionLibrary] Found Dawn.ITerminal
[Debug  :InjectionLibrary] Found Dawn.ITerminalKeyword
[Debug  :InjectionLibrary] Found Dawn.ITerminalNode
[Debug  :InjectionLibrary] Found Dawn.Interfaces.IAwakeMethod
[Debug  :InjectionLibrary] Found Dawn.Interfaces.ICurrentEntityReplacement
[Debug  :InjectionLibrary] Found Dawn.Interfaces.IDawnObject
[Debug  :InjectionLibrary] Found Dawn.Interfaces.IDawnPlayerAnimationEvents
[Debug  :InjectionLibrary] Found Dawn.Interfaces.IDawnSaveData
[Debug  :InjectionLibrary] Found Dawn.Interfaces.IDawnScanNode
[Debug  :InjectionLibrary] Found Dawn.Interfaces.IDawnSurface
[Debug  :InjectionLibrary] Found Dawn.Interfaces.IOnDestroyMethod
[Debug  :InjectionLibrary] Assembly CodeRebirth Wants to inject something
[Debug  :InjectionLibrary] Found CodeRebirth.src.Util.PreloaderInjections.IOnDestroyMethod
[Info   :InjectionLibrary] Found 5 assemblies that require Injections
[Info   :   BepInEx] Patching [Assembly-CSharp] with [InjectionLibrary.Preloader]
[Info   :InjectionLibrary] Patching Assembly-CSharp.dll
[Debug  :InjectionLibrary] Injecting 'AdditionalNetworking.Interfaces.INetworkAnimatedItem' into AnimatedItem'
[Debug  :InjectionLibrary] Adding Property  'AdditionalNetworking_Changed' to AnimatedItem'
[Debug  :InjectionLibrary] Adding getter of 'AdditionalNetworking_Changed' to AnimatedItem'
[Debug  :InjectionLibrary] Adding setter of 'AdditionalNetworking_Changed' to AnimatedItem'
[Debug  :InjectionLibrary] Injecting 'Dawn.Interfaces.IAwakeMethod' into EnemyAINestSpawnObject'
[Debug  :InjectionLibrary] Adding Method    'Awake' to EnemyAINestSpawnObject'
[Debug  :InjectionLibrary] Injecting 'Dawn.Interfaces.ICurrentEntityReplacement' into EnemyAINestSpawnObject'
[Debug  :InjectionLibrary] Adding Property  'CurrentEntityReplacement' to EnemyAINestSpawnObject'
[Debug  :InjectionLibrary] Adding getter of 'CurrentEntityReplacement' to EnemyAINestSpawnObject'
[Debug  :InjectionLibrary] Adding setter of 'CurrentEntityReplacement' to EnemyAINestSpawnObject'
[Debug  :InjectionLibrary] Injecting 'CodeRebirth.src.Util.PreloaderInjections.IOnDestroyMethod' into EntranceTeleport'
[Debug  :InjectionLibrary] Adding Method    'OnDestroy' to EntranceTeleport'
[Debug  :InjectionLibrary] Injecting 'Dawn.Interfaces.IAwakeMethod' into HauntedMaskItem'
[Debug  :InjectionLibrary] Adding Method    'Awake' to HauntedMaskItem'
[Debug  :InjectionLibrary] Injecting 'Dawn.Interfaces.IDawnSurface' into MaskedPlayerEnemy'
[Debug  :InjectionLibrary] Adding Property  'CurrentDawnSurface' to MaskedPlayerEnemy'
[Debug  :InjectionLibrary] Adding getter of 'CurrentDawnSurface' to MaskedPlayerEnemy'
[Debug  :InjectionLibrary] Adding setter of 'CurrentDawnSurface' to MaskedPlayerEnemy'
[Debug  :InjectionLibrary] Injecting 'Dawn.Interfaces.IDawnScanNode' into ScanNodeProperties'
[Debug  :InjectionLibrary] Adding Property  'RectTransformInfo' to ScanNodeProperties'
[Debug  :InjectionLibrary] Adding getter of 'RectTransformInfo' to ScanNodeProperties'
[Debug  :InjectionLibrary] Adding setter of 'RectTransformInfo' to ScanNodeProperties'
[Debug  :InjectionLibrary] Injecting 'Dawn.Interfaces.IDawnObject' into WeatherEffect'
[Debug  :InjectionLibrary] Adding Property  'DawnInfo' to WeatherEffect'
[Debug  :InjectionLibrary] Adding getter of 'DawnInfo' to WeatherEffect'
[Debug  :InjectionLibrary] Adding setter of 'DawnInfo' to WeatherEffect'
[Debug  :InjectionLibrary] Injecting 'Dawn.Interfaces.ICurrentEntityReplacement' into EnemyAI'
[Debug  :InjectionLibrary] Adding Property  'CurrentEntityReplacement' to EnemyAI'
[Debug  :InjectionLibrary] Adding getter of 'CurrentEntityReplacement' to EnemyAI'
[Debug  :InjectionLibrary] Adding setter of 'CurrentEntityReplacement' to EnemyAI'
[Debug  :InjectionLibrary] Injecting 'Dawn.Interfaces.IDawnObject' into EnemyType'
[Debug  :InjectionLibrary] Adding Property  'DawnInfo' to EnemyType'
[Debug  :InjectionLibrary] Adding getter of 'DawnInfo' to EnemyType'
[Debug  :InjectionLibrary] Adding setter of 'DawnInfo' to EnemyType'
[Debug  :InjectionLibrary] Injecting 'AdditionalNetworking.Interfaces.INetworkGrabbableObject' into GrabbableObject'
[Debug  :InjectionLibrary] Adding Property  'AdditionalNetworking_IsInitialized' to GrabbableObject'
[Debug  :InjectionLibrary] Adding getter of 'AdditionalNetworking_IsInitialized' to GrabbableObject'
[Debug  :InjectionLibrary] Adding setter of 'AdditionalNetworking_IsInitialized' to GrabbableObject'
[Debug  :InjectionLibrary] Adding Property  'AdditionalNetworking_RequestedSync' to GrabbableObject'
[Debug  :InjectionLibrary] Adding getter of 'AdditionalNetworking_RequestedSync' to GrabbableObject'
[Debug  :InjectionLibrary] Adding setter of 'AdditionalNetworking_RequestedSync' to GrabbableObject'
[Debug  :InjectionLibrary] Injecting 'Dawn.Interfaces.ICurrentEntityReplacement' into GrabbableObject'
[Debug  :InjectionLibrary] Adding Property  'CurrentEntityReplacement' to GrabbableObject'
[Debug  :InjectionLibrary] Adding getter of 'CurrentEntityReplacement' to GrabbableObject'
[Debug  :InjectionLibrary] Adding setter of 'CurrentEntityReplacement' to GrabbableObject'
[Debug  :InjectionLibrary] Injecting 'Dawn.Interfaces.IDawnSaveData' into GrabbableObject'
[Debug  :InjectionLibrary] Adding Method    'GetDawnDataToSave' to GrabbableObject'
[Debug  :InjectionLibrary] Adding Method    'LoadDawnSaveData' to GrabbableObject'
[Debug  :InjectionLibrary] Injecting 'Dawn.Interfaces.IDawnObject' into IndoorMapHazardType'
[Debug  :InjectionLibrary] Adding Property  'DawnInfo' to IndoorMapHazardType'
[Debug  :InjectionLibrary] Adding getter of 'DawnInfo' to IndoorMapHazardType'
[Debug  :InjectionLibrary] Adding setter of 'DawnInfo' to IndoorMapHazardType'
[Debug  :InjectionLibrary] Injecting 'Dawn.Interfaces.IAwakeMethod' into PlaceableShipObject'
[Debug  :InjectionLibrary] Adding Method    'Awake' to PlaceableShipObject'
[Debug  :InjectionLibrary] Injecting 'Dawn.Interfaces.IOnDestroyMethod' into PlaceableShipObject'
[Debug  :InjectionLibrary] Adding Method    'OnDestroy' to PlaceableShipObject'
[Debug  :InjectionLibrary] Injecting 'Dawn.Interfaces.IAwakeMethod' into RandomMapObject'
[Debug  :InjectionLibrary] Adding Method    'Awake' to RandomMapObject'
[Debug  :InjectionLibrary] Injecting 'AdditionalNetworking.Interfaces.INetworkRoundManager' into RoundManager'
[Debug  :InjectionLibrary] Adding Property  'AdditionalNetworking_ScrapPendingSync' to RoundManager'
[Debug  :InjectionLibrary] Adding getter of 'AdditionalNetworking_ScrapPendingSync' to RoundManager'
[Debug  :InjectionLibrary] Adding setter of 'AdditionalNetworking_ScrapPendingSync' to RoundManager'
[Debug  :InjectionLibrary] Injecting 'Dawn.Interfaces.IDawnObject' into FootstepSurface'
[Debug  :InjectionLibrary] Adding Property  'DawnInfo' to FootstepSurface'
[Debug  :InjectionLibrary] Adding getter of 'DawnInfo' to FootstepSurface'
[Debug  :InjectionLibrary] Adding setter of 'DawnInfo' to FootstepSurface'
[Debug  :InjectionLibrary] Injecting 'AdditionalNetworking.Interfaces.INetworkStartOfRound' into StartOfRound'
[Debug  :InjectionLibrary] Adding Property  'AdditionalNetworking_ValuablesSynced' to StartOfRound'
[Debug  :InjectionLibrary] Adding getter of 'AdditionalNetworking_ValuablesSynced' to StartOfRound'
[Debug  :InjectionLibrary] Adding setter of 'AdditionalNetworking_ValuablesSynced' to StartOfRound'
[Debug  :InjectionLibrary] Injecting 'AdditionalNetworking.Interfaces.INetworkBoomboxItem' into BoomboxItem'
[Debug  :InjectionLibrary] Adding Property  'AdditionalNetworking_Changed' to BoomboxItem'
[Debug  :InjectionLibrary] Adding getter of 'AdditionalNetworking_Changed' to BoomboxItem'
[Debug  :InjectionLibrary] Adding setter of 'AdditionalNetworking_Changed' to BoomboxItem'
[Debug  :InjectionLibrary] Injecting 'MattyFixes.Interfaces.IInjectedItem' into Item'
[Debug  :InjectionLibrary] Adding Property  'MattyFixes_IsRegistered' to Item'
[Debug  :InjectionLibrary] Adding getter of 'MattyFixes_IsRegistered' to Item'
[Debug  :InjectionLibrary] Adding setter of 'MattyFixes_IsRegistered' to Item'
[Debug  :InjectionLibrary] Adding Property  'MattyFixes_HasComputedOffset' to Item'
[Debug  :InjectionLibrary] Adding getter of 'MattyFixes_HasComputedOffset' to Item'
[Debug  :InjectionLibrary] Adding setter of 'MattyFixes_HasComputedOffset' to Item'
[Debug  :InjectionLibrary] Adding Property  'MattyFixes_ItemType' to Item'
[Debug  :InjectionLibrary] Adding getter of 'MattyFixes_ItemType' to Item'
[Debug  :InjectionLibrary] Adding setter of 'MattyFixes_ItemType' to Item'
[Debug  :InjectionLibrary] Adding Property  'MattyFixes_Path' to Item'
[Debug  :InjectionLibrary] Adding getter of 'MattyFixes_Path' to Item'
[Debug  :InjectionLibrary] Adding setter of 'MattyFixes_Path' to Item'
[Debug  :InjectionLibrary] Adding Method    'Awake' to Item'
[Debug  :InjectionLibrary] Injecting 'Dawn.Interfaces.IDawnObject' into Item'
[Debug  :InjectionLibrary] Adding Property  'DawnInfo' to Item'
[Debug  :InjectionLibrary] Adding getter of 'DawnInfo' to Item'
[Debug  :InjectionLibrary] Adding setter of 'DawnInfo' to Item'
[Debug  :InjectionLibrary] Injecting 'Dawn.Interfaces.IDawnObject' into SelectableLevel'
[Debug  :InjectionLibrary] Adding Property  'DawnInfo' to SelectableLevel'
[Debug  :InjectionLibrary] Adding getter of 'DawnInfo' to SelectableLevel'
[Debug  :InjectionLibrary] Adding setter of 'DawnInfo' to SelectableLevel'
[Debug  :InjectionLibrary] Injecting 'Dawn.Interfaces.IDawnObject' into SpawnableOutsideObject'
[Debug  :InjectionLibrary] Adding Property  'DawnInfo' to SpawnableOutsideObject'
[Debug  :InjectionLibrary] Adding getter of 'DawnInfo' to SpawnableOutsideObject'
[Debug  :InjectionLibrary] Adding setter of 'DawnInfo' to SpawnableOutsideObject'
[Debug  :InjectionLibrary] Injecting 'Dawn.Interfaces.IDawnPlayerAnimationEvents' into PlayerAnimationEvents'
[Debug  :InjectionLibrary] Adding Method    'PlayCrouchFootstepSound' to PlayerAnimationEvents'
[Debug  :InjectionLibrary] Injecting 'Dawn.ITerminal' into Terminal'
[Debug  :InjectionLibrary] Adding Property  'DawnLastCommand' to Terminal'
[Debug  :InjectionLibrary] Adding getter of 'DawnLastCommand' to Terminal'
[Debug  :InjectionLibrary] Adding setter of 'DawnLastCommand' to Terminal'
[Debug  :InjectionLibrary] Adding Property  'DawnLastNoun' to Terminal'
[Debug  :InjectionLibrary] Adding getter of 'DawnLastNoun' to Terminal'
[Debug  :InjectionLibrary] Adding setter of 'DawnLastNoun' to Terminal'
[Debug  :InjectionLibrary] Adding Property  'DawnLastVerb' to Terminal'
[Debug  :InjectionLibrary] Adding getter of 'DawnLastVerb' to Terminal'
[Debug  :InjectionLibrary] Adding setter of 'DawnLastVerb' to Terminal'
[Debug  :InjectionLibrary] Injecting 'Dawn.Interfaces.IDawnObject' into BuyableVehicle'
[Debug  :InjectionLibrary] Adding Property  'DawnInfo' to BuyableVehicle'
[Debug  :InjectionLibrary] Adding getter of 'DawnInfo' to BuyableVehicle'
[Debug  :InjectionLibrary] Adding setter of 'DawnInfo' to BuyableVehicle'
[Debug  :InjectionLibrary] Injecting 'Dawn.ITerminalKeyword' into TerminalKeyword'
[Debug  :InjectionLibrary] Adding Property  'DawnKeywordPriority' to TerminalKeyword'
[Debug  :InjectionLibrary] Adding getter of 'DawnKeywordPriority' to TerminalKeyword'
[Debug  :InjectionLibrary] Adding setter of 'DawnKeywordPriority' to TerminalKeyword'
[Debug  :InjectionLibrary] Adding Property  'DawnAcceptAdditionalText' to TerminalKeyword'
[Debug  :InjectionLibrary] Adding getter of 'DawnAcceptAdditionalText' to TerminalKeyword'
[Debug  :InjectionLibrary] Adding setter of 'DawnAcceptAdditionalText' to TerminalKeyword'
[Debug  :InjectionLibrary] Adding Property  'DawnKeywordDescription' to TerminalKeyword'
[Debug  :InjectionLibrary] Adding getter of 'DawnKeywordDescription' to TerminalKeyword'
[Debug  :InjectionLibrary] Adding setter of 'DawnKeywordDescription' to TerminalKeyword'
[Debug  :InjectionLibrary] Adding Property  'DawnKeywordCategory' to TerminalKeyword'
[Debug  :InjectionLibrary] Adding getter of 'DawnKeywordCategory' to TerminalKeyword'
[Debug  :InjectionLibrary] Adding setter of 'DawnKeywordCategory' to TerminalKeyword'
[Debug  :InjectionLibrary] Injecting 'Dawn.ITerminalNode' into TerminalNode'
[Debug  :InjectionLibrary] Adding Property  'DynamicDisplayText' to TerminalNode'
[Debug  :InjectionLibrary] Adding getter of 'DynamicDisplayText' to TerminalNode'
[Debug  :InjectionLibrary] Adding setter of 'DynamicDisplayText' to TerminalNode'
[Debug  :InjectionLibrary] Injecting 'Dawn.Interfaces.IDawnObject' into TerminalNode'
[Debug  :InjectionLibrary] Adding Property  'DawnInfo' to TerminalNode'
[Debug  :InjectionLibrary] Adding getter of 'DawnInfo' to TerminalNode'
[Debug  :InjectionLibrary] Adding setter of 'DawnInfo' to TerminalNode'
[Debug  :InjectionLibrary] Injecting 'Dawn.Interfaces.IDawnObject' into UnlockableItem'
[Debug  :InjectionLibrary] Adding Property  'DawnInfo' to UnlockableItem'
[Debug  :InjectionLibrary] Adding getter of 'DawnInfo' to UnlockableItem'
[Debug  :InjectionLibrary] Adding setter of 'DawnInfo' to UnlockableItem'
[Debug  :InjectionLibrary] Injecting 'AdditionalNetworking.Interfaces.INetworkShotgunItem' into ShotgunItem'
[Debug  :InjectionLibrary] Adding Property  'AdditionalNetworking_AmmoCountChanged' to ShotgunItem'
[Debug  :InjectionLibrary] Adding getter of 'AdditionalNetworking_AmmoCountChanged' to ShotgunItem'
[Debug  :InjectionLibrary] Adding setter of 'AdditionalNetworking_AmmoCountChanged' to ShotgunItem'
[Debug  :InjectionLibrary] Adding Property  'AdditionalNetworking_SafetyChanged' to ShotgunItem'
[Debug  :InjectionLibrary] Adding getter of 'AdditionalNetworking_SafetyChanged' to ShotgunItem'
[Debug  :InjectionLibrary] Adding setter of 'AdditionalNetworking_SafetyChanged' to ShotgunItem'
[Debug  :InjectionLibrary] Injecting 'MattyFixes.Interfaces.InjectedStormyWeather' into StormyWeather'
[Debug  :InjectionLibrary] Adding Method    'Start' to StormyWeather'
[Debug  :InjectionLibrary] Injecting 'suitsTerminal.Interfaces.IUnlockableSuit' into UnlockableSuit'
[Debug  :InjectionLibrary] Adding Property  'SuitsTerminalAttributes' to UnlockableSuit'
[Debug  :InjectionLibrary] Adding getter of 'SuitsTerminalAttributes' to UnlockableSuit'
[Debug  :InjectionLibrary] Adding setter of 'SuitsTerminalAttributes' to UnlockableSuit'
[Debug  :InjectionLibrary] Adding Method    'Start' to UnlockableSuit'
[Debug  :InjectionLibrary] Injecting 'AdditionalNetworking.Interfaces.INetworkPlayerControllerB' into GameNetcodeStuff.PlayerControllerB'
[Debug  :InjectionLibrary] Adding Property  'AdditionalNetworking_InventoryChanged' to GameNetcodeStuff.PlayerControllerB'
[Debug  :InjectionLibrary] Adding getter of 'AdditionalNetworking_InventoryChanged' to GameNetcodeStuff.PlayerControllerB'
[Debug  :InjectionLibrary] Adding setter of 'AdditionalNetworking_InventoryChanged' to GameNetcodeStuff.PlayerControllerB'
[Debug  :InjectionLibrary] Adding Property  'AdditionalNetworking_SlotChanged' to GameNetcodeStuff.PlayerControllerB'
[Debug  :InjectionLibrary] Adding getter of 'AdditionalNetworking_SlotChanged' to GameNetcodeStuff.PlayerControllerB'
[Debug  :InjectionLibrary] Adding setter of 'AdditionalNetworking_SlotChanged' to GameNetcodeStuff.PlayerControllerB'
[Debug  :InjectionLibrary] Injecting 'Dawn.Interfaces.IDawnSurface' into GameNetcodeStuff.PlayerControllerB'
[Debug  :InjectionLibrary] Adding Property  'CurrentDawnSurface' to GameNetcodeStuff.PlayerControllerB'
[Debug  :InjectionLibrary] Adding getter of 'CurrentDawnSurface' to GameNetcodeStuff.PlayerControllerB'
[Debug  :InjectionLibrary] Adding setter of 'CurrentDawnSurface' to GameNetcodeStuff.PlayerControllerB'
[Info   :   BepInEx] Patching [DunGen] with [InjectionLibrary.Preloader]
[Info   :InjectionLibrary] Patching DunGen.dll
[Debug  :InjectionLibrary] Injecting 'Dawn.Interfaces.IDawnObject' into DunGen.DungeonArchetype'
[Debug  :InjectionLibrary] Adding Property  'DawnInfo' to DunGen.DungeonArchetype'
[Debug  :InjectionLibrary] Adding getter of 'DawnInfo' to DunGen.DungeonArchetype'
[Debug  :InjectionLibrary] Adding setter of 'DawnInfo' to DunGen.DungeonArchetype'
[Debug  :InjectionLibrary] Injecting 'Dawn.Interfaces.IDawnObject' into DunGen.TileSet'
[Debug  :InjectionLibrary] Adding Property  'DawnInfo' to DunGen.TileSet'
[Debug  :InjectionLibrary] Adding getter of 'DawnInfo' to DunGen.TileSet'
[Debug  :InjectionLibrary] Adding setter of 'DawnInfo' to DunGen.TileSet'
[Debug  :InjectionLibrary] Injecting 'Dawn.Interfaces.IDawnObject' into DunGen.Graph.DungeonFlow'
[Debug  :InjectionLibrary] Adding Property  'DawnInfo' to DunGen.Graph.DungeonFlow'
[Debug  :InjectionLibrary] Adding getter of 'DawnInfo' to DunGen.Graph.DungeonFlow'
[Debug  :InjectionLibrary] Adding setter of 'DawnInfo' to DunGen.Graph.DungeonFlow'
[Info   :   BepInEx] Patching [Assembly-CSharp] with [ReXuvination.Preloader.src.ReXuvination]
[Warning:ReXuvination] Patching Assembly-CSharp
[Info   :AsyncLoggers] Found SQLite library 3.53.4
[Debug  :AsyncLoggers] creating db
[Debug  :AsyncLoggers] db existed and was 1773568 bytes
[Debug  :AsyncLoggers] ExecutionID is 2
[Info   :AsyncLoggers] AsyncLoggers:2.2.3 Prepatcher Finished
[Info   :     Trace] [LethalLevelLoader.Patcher] Patching...
[Info   :     Trace] [LethalLevelLoader.Patcher] Done!
[Info   :InjectionLibrary] Preloader Finished
[Info   :ReXuvination] Prepatcher Finished
[Message:   BepInEx] Preloader finished
[Message:   BepInEx] Chainloader ready
[Info   :     Trace] [LethalLevelLoader.Patcher] Found Method 'HarmonyLib.Internal.Patching.ILManipulator+<>c__DisplayClass14_0/<ReadBody>g__ReadInstruction|0'!
[Info   :DunGenReferenceFixer] Patched MonoManager::GetMonoClassWithAssemblyName() to fix DunGen references.
[11:07:36.3515903] [Message:   BepInEx] Chainloader started
[11:07:36.3690062] [Debug  :   BepInEx] Skipping loading C:\Users\Milan\AppData\Roaming\com.kesomannen.gale\lethal-company\profiles\LC V1 S1.42AK-LFD1\BepInEx\plugins\qwbarch-MirageCore\onnxruntime.dll because it's not a valid .NET assembly. Full error: Format of the executable (.exe) or library (.dll) is invalid.
[11:07:36.3690062] [Debug  :   BepInEx] Skipping loading C:\Users\Milan\AppData\Roaming\com.kesomannen.gale\lethal-company\profiles\LC V1 S1.42AK-LFD1\BepInEx\plugins\qwbarch-MirageCore\onnxruntime_providers_shared.dll because it's not a valid .NET assembly. Full error: Format of the executable (.exe) or library (.dll) is invalid.
[11:07:36.3690062] [Debug  :   BepInEx] Skipping loading C:\Users\Milan\AppData\Roaming\com.kesomannen.gale\lethal-company\profiles\LC V1 S1.42AK-LFD1\BepInEx\plugins\qwbarch-MirageCore\SileroVAD.API.dll because it's not a valid .NET assembly. Full error: Format of the executable (.exe) or library (.dll) is invalid.
[11:07:36.3690062] [Debug  :   BepInEx] Skipping loading C:\Users\Milan\AppData\Roaming\com.kesomannen.gale\lethal-company\profiles\LC V1 S1.42AK-LFD1\BepInEx\plugins\qwbarch-OpusDotNet\opus.dll because it's not a valid .NET assembly. Full error: Format of the executable (.exe) or library (.dll) is invalid.
[11:07:36.3813910] [Info   :   BepInEx] 165 plugins to load
[11:07:36.3843895] [Warning:   BepInEx] Skipping [Ambient Toggle Mod 0.0.1] because a newer version exists (AmbientToggle 0.0.1)
[11:07:36.3863902] [Info   :   BepInEx] Loading [LCMaxSoundsFix 1.2.0]
[11:07:36.3909022] [Info   :LCMaxSoundsFix] Plugin LCMaxSoundsFix is loaded!
[11:07:36.3949010] [Debug  :LCMaxSoundsFix] Binding audio config...
[11:07:36.3959015] [Debug  :LCMaxSoundsFix] Applying audio settings...
[11:07:36.4609113] [Info   :LCMaxSoundsFix] Audio settings (numRealVoices=128; numVirtualVoices=1024) are applied.
[11:07:36.4609113] [Info   :   BepInEx] Loading [Terminal Api 1.5.6]
[11:07:36.4629153] [Info   :Terminal Api] Plugin TerminalApi is loaded!
[11:07:36.4943566] [Info   :   BepInEx] Loading [EnemyScan 1.2.1]
[11:07:36.4968659] [Info   :   BepInEx] Loading [No_Console_Spam 1.0.0]
[11:07:36.8020514] [Info   :   BepInEx] Loading [LethalConfig 1.4.6]
[11:07:36.8489523] [Debug  :ainavt.lc.lethalconfig] Registered config "LethalConfig/General/SectionsDefaultClosed"
[11:07:36.8559511] [Debug  :ainavt.lc.lethalconfig] Registered config "LethalConfig/General/HideSearchBars"
[11:07:36.8600722] [Debug  :ainavt.lc.lethalconfig] Registered config "LethalConfig/Example/Int Slider"
[11:07:36.8610731] [Debug  :ainavt.lc.lethalconfig] Registered config "LethalConfig/Example/Float Slider"
[11:07:36.8610731] [Debug  :ainavt.lc.lethalconfig] Registered config "LethalConfig/Example/Float Step Slider"
[11:07:36.8610731] [Debug  :ainavt.lc.lethalconfig] Registered config "LethalConfig/Example/Bool Checkbox"
[11:07:36.8610731] [Debug  :ainavt.lc.lethalconfig] Registered config "LethalConfig/Example/Enum Dropdown"
[11:07:36.8620762] [Debug  :ainavt.lc.lethalconfig] Registered config "LethalConfig/Example/Text Input"
[11:07:36.8620762] [Debug  :ainavt.lc.lethalconfig] Registered config "LethalConfig/Example/Multiline Text Input"
[11:07:36.8620762] [Debug  :ainavt.lc.lethalconfig] Registered config "LethalConfig/Example/Text Input Dropdown"
[11:07:36.8620762] [Debug  :ainavt.lc.lethalconfig] Registered config "LethalConfig/Example/Hex Color Input"
[11:07:36.8620762] [Debug  :ainavt.lc.lethalconfig] Registered config "LethalConfig/Example/Int Input"
[11:07:36.8620762] [Debug  :ainavt.lc.lethalconfig] Registered config "LethalConfig/Example/Float Input"
[11:07:36.8630727] [Debug  :ainavt.lc.lethalconfig] Registered config "LethalConfig.ConfigItems.GenericButtonConfigItem"
[11:07:36.8890340] [Debug  :ainavt.lc.lethalconfig] Finished loading assets.
[11:07:36.9040493] [Info   :ainavt.lc.lethalconfig] LethalConfig loaded!
[11:07:36.9040493] [Info   :   BepInEx] Loading [EnemySkinRegistry 1.4.6]
[11:07:37.1830196] [Debug  :ainavt.lc.lethalconfig] Registered config "LethalConfig.ConfigItems.GenericButtonConfigItem"
[11:07:37.1830196] [Debug  :ainavt.lc.lethalconfig] Registered config "EnemySkinRegistry/Profile Sync/AttemptSync"
[11:07:37.1830196] [Debug  :ainavt.lc.lethalconfig] Registered config "EnemySkinRegistry/Profile Sync/AllowSync"
[11:07:37.1830196] [Debug  :ainavt.lc.lethalconfig] Registered config "EnemySkinRegistry/Indoor and Outdoor Configuration/IndoorOutdoor"
[11:07:37.1840197] [Debug  :ainavt.lc.lethalconfig] Registered config "EnemySkinRegistry/Logging/LogLevel"
[11:07:37.1840197] [Info   :   BepInEx] Loading [ArcadiaMoonPlugin 1.4.0]
[11:07:37.1850193] [Info   :ArcadiaMoonPlugin] Plugin ArcadiaMoonPlugin is loaded!
[11:07:37.2519970] [Info   :ArcadiaMoonPlugin] Plugin ArcadiaMoonPlugin patched PlayerControllerB!
[11:07:37.2519970] [Info   :   BepInEx] Loading [Jester Free 2.0.0]
[11:07:37.2539982] [Info   :Jester Free] [JESTER] Mod pret. Les sons seront charges au premier spawn.
[11:07:37.2645513] [Info   :   BepInEx] Loading [Lethal Company Input Utils 0.7.13]
[11:07:37.2721205] [Debug  :ainavt.lc.lethalconfig] Registered config "Lethal Company Input Utils/General/Locale"
[11:07:37.9680191] [Info   :Lethal Company Input Utils] Registered InputUtilsExtendedMouse Layout Override!
[11:07:37.9725445] [Info   :Lethal Company Input Utils] InputUtils 0.7.13 has finished loading!
[11:07:37.9725445] [Info   :   BepInEx] Loading [BetterSprayPaint 2.1.0]
[11:07:37.9921514] [Info   :BetterSprayPaint] Loading taffyko.BetterSprayPaint
[11:07:38.1410589] [Info   :   BepInEx] Loading [BetterSprayPaint v80 Fix 1.0.0]
[11:07:38.1420596] [Info   :BetterSprayPaint v80 Fix] BetterSprayPaint v80 Fix loaded
[11:07:38.1552082] [Info   :   BepInEx] Loading [Starlancer AI Fix 3.13.2]
[11:07:38.1577136] [Info   :Starlancer AI Fix] Starlancer AI Fix Online.
[11:07:38.2148527] [Info   :   BepInEx] Loading [PizzaTowerEscapeMusic 2.4.0]
[11:07:38.2378967] [Info   :PizzaTowerEscapeMusic ScriptManager] Script (Default) loaded as addon
[11:07:38.2421199] [Info   :PizzaTowerEscapeMusic ScriptManager] Done loading scripts
[11:07:38.2421199] [Info   :PizzaTowerEscapeMusic] Plugin bgn.pizzatowerescapemusic is loaded!
[11:07:38.2516346] [Info   :   BepInEx] Loading [Spawn Cycle Fixes 1.2.2]
[11:07:38.2591484] [Debug  :Spawn Cycle Fixes] Transpiler (Radiation warning): Add Old Bird values after spawning
[11:07:38.2701687] [Debug  :Spawn Cycle Fixes] Transpiler (Spawner): Correct time of day
[11:07:38.2776801] [Debug  :Spawn Cycle Fixes] Transpiler (Outside spawner): Post process probabilities
[11:07:38.2917177] [Debug  :Spawn Cycle Fixes] Transpiler (Inside spawns): Correct time of day
[11:07:38.2917177] [Debug  :Spawn Cycle Fixes] Transpiler (Inside spawns): Use IndoorEnemySpawnPlacementRandom
[11:07:38.3037881] [Debug  :Spawn Cycle Fixes] Transpiler (Outside spawns): Correct time of day
[11:07:38.3052961] [Debug  :Spawn Cycle Fixes] Transpiler (Daytime spawns): Correct time of day
[11:07:38.3063038] [Debug  :Spawn Cycle Fixes] Transpiler (Weed spawns): Correct time of day
[11:07:38.3148188] [Info   :Spawn Cycle Fixes] Spawn Cycle Fixes v1.2.2 loaded
[11:07:38.3148188] [Info   :   BepInEx] Loading [Barber Fixes 1.3.1]
[11:07:38.3158193] [Info   :Barber Fixes] CROSS-COMPATIBILITY - Spawn Cycle Fixes detected
[11:07:38.3249574] [Debug  :Barber Fixes] Transpiler (ListenToMasterSurgeon): Allow when "listeningToMasterSurgeon" is already true
[11:07:38.3249574] [Debug  :Barber Fixes] Transpiler (ListenToMasterSurgeon): Don't destroy "musicAudio2" (causes NRE)
[11:07:38.3279572] [Debug  :Barber Fixes] Transpiler (SyncMasterClaySurgeonClientRpc): Don't add listener to "onHourChanged"
[11:07:38.3284655] [Debug  :Barber Fixes] Transpiler (SyncMasterClaySurgeonClientRpc): Use new "DanceClock"
[11:07:38.3284655] [Debug  :Barber Fixes] Transpiler (SyncMasterClaySurgeonClientRpc): Don't destroy "musicAudio2" (causes NRE)
[11:07:38.3304706] [Debug  :Barber Fixes] Transpiler (ClaySurgeonAI.OnDestroy): Don't remove listener from "onHourChanged"
[11:07:38.3304706] [Debug  :Barber Fixes] Transpiler (ClaySurgeonAI.OnDestroy): Use new "DanceClock"
[11:07:38.3355774] [Debug  :Barber Fixes] Transpiler (ClaySurgeonAI.OnCollideWithPlayer): Set cooldown for local client immediately
[11:07:38.3365781] [Info   :Barber Fixes] Barber Fixes v1.3.1 loaded
[11:07:38.3365781] [Info   :   BepInEx] Loading [CruiserImproved 1.6.3]
[11:07:38.6256183] [Info   :   BepInEx] Loading [LethalLevelLoader 1.7.12]
[11:07:38.6332346] [Info   :LethalLevelLoader] Config Level Set As: User
[11:07:38.7722192] [Debug  :Spawn Cycle Fixes] Transpiler (Outside spawner): Post process probabilities
[11:07:38.8577759] [Info   :LethalLevelLoader] LethalBundleManager: Starting!
[11:07:38.8587814] [Info   :LethalLevelLoader] LethalBundleManger: Now Loading Bundles!
[11:07:38.8820332] [Info   :LethalLevelLoader] Skipping streaming bundle 'abaddonscene.lethalbundle', as it will be loaded later!
[11:07:38.8830376] [Info   :LethalLevelLoader] Skipping streaming bundle 'cabalscene.lethalbundle', as it will be loaded later!
[11:07:38.8830376] [Info   :LethalLevelLoader] Skipping streaming bundle 'flickerscene.lethalbundle', as it will be loaded later!
[11:07:38.8830376] [Info   :LethalLevelLoader] Skipping streaming bundle 'geminiscene.lethalbundle', as it will be loaded later!
[11:07:38.8830376] [Info   :LethalLevelLoader] Skipping streaming bundle 'lamentscene.lethalbundle', as it will be loaded later!
[11:07:38.8830376] [Info   :LethalLevelLoader] Skipping streaming bundle 'pareidoliascene.lethalbundle', as it will be loaded later!
[11:07:38.8830376] [Info   :LethalLevelLoader] Skipping streaming bundle 'shutterscene.lethalbundle', as it will be loaded later!
[11:07:38.8845409] [Info   :LethalLevelLoader] Skipping streaming bundle 'vigilancescene.lethalbundle', as it will be loaded later!
[11:07:38.8845409] [Info   :LethalLevelLoader] Skipping streaming bundle 'egyptscene.lethalbundle', as it will be loaded later!
[11:07:38.8845409] [Info   :LethalLevelLoader] Skipping streaming bundle 'arcadiascene.lethalbundle', as it will be loaded later!
[11:07:38.8845409] [Info   :LethalLevelLoader] Skipping streaming bundle 'argentscene.lethalbundle', as it will be loaded later!
[11:07:38.8855452] [Info   :LethalLevelLoader] Skipping streaming bundle 'psychsanctumscene.lethalbundle', as it will be loaded later!
[11:07:38.8855452] [Info   :LethalLevelLoader] Skipping streaming bundle 'sanguinescene.lethalbundle', as it will be loaded later!
[11:07:38.8855452] [Info   :LethalLevelLoader] Skipping streaming bundle 'spectralisscene.lethalbundle', as it will be loaded later!
[11:07:38.8855452] [Info   :LethalLevelLoader] Skipping streaming bundle 'zenitscene.lethalbundle', as it will be loaded later!
[11:07:38.8855452] [Info   :LethalLevelLoader] Skipping streaming bundle 'bozorosscene.lethalbundle', as it will be loaded later!
[11:07:38.8865450] [Info   :LethalLevelLoader] LethalLevelLoader loaded!!
[11:07:38.8865450] [Info   :   BepInEx] Loading [JLL 1.10.1]
[11:07:38.8920581] [Info   :JacobG5.JLL] Netcode Successfully Patched!
[11:07:38.9015709] [Info   :JacobG5.JLL] JLL Logging Level set to: User
[11:07:38.9150832] [Debug  :ainavt.lc.lethalconfig] Registered config "JLL/Logging/LoggingLevel"
[11:07:38.9150832] [Debug  :ainavt.lc.lethalconfig] Registered config "JLL/Logging/PurgeWesley"
[11:07:38.9806914] [Info   :JacobG5.JLL] [User] Searching for Bundles and JSONs....
[11:07:39.1078511] [Info   :JacobG5.JLL] [User] Finished reading 2 files.
[11:07:39.1088570] [Info   :   BepInEx] Loading [ScandalsTweaks 1.4.4]
[11:07:39.1108610] [Debug  :ScandalsTweaks] Patching...
[11:07:39.1253701] [Debug  :ScandalsTweaks] CROSS-COMPATIBILITY - CruiserImproved detected
[11:07:39.1278772] [Debug  :ScandalsTweaks] Attempting to transpile 'OnTriggerStay' for 'JBlowerFan'
[11:07:39.1348896] [Debug  :ScandalsTweaks] CROSS-COMPATIBILITY - JLL detected
[11:07:39.1424006] [Debug  :ScandalsTweaks] Attempting to transpile 'DoAIInterval' for 'BaboonBirdAI'
[11:07:39.1634229] [Debug  :ScandalsTweaks] Attempting to transpile 'DoLOSCheck' for 'BaboonBirdAI'
[11:07:39.2300272] [Debug  :ScandalsTweaks] Attempting to transpile 'Update' for 'BushWolfEnemy'
[11:07:39.2660630] [Debug  :ScandalsTweaks] Attempting to transpile 'CancelReelingPlayerIn' for 'BushWolfEnemy'
[11:07:39.2695726] [Debug  :ScandalsTweaks] Attempting to transpile 'CheckLineOfSightForPosition' for 'EnemyAI'
[11:07:39.2770807] [Debug  :ScandalsTweaks] Attempting to transpile 'CurrentSearchCoroutine' for 'EnemyAI'
[11:07:39.2931052] [Debug  :ScandalsTweaks] Attempting to transpile 'OnCollideWithPlayer' for 'ForestGiantAI'
[11:07:39.3056198] [Debug  :ScandalsTweaks] Attempting to transpile 'NavigateTowardsTargetPlayer' for 'GiantKiwiAI'
[11:07:39.3121340] [Debug  :ScandalsTweaks] Attempting to transpile 'OnCollideWithPlayer' for 'MouthDogAI'
[11:07:39.3241581] [Debug  :ScandalsTweaks] Attempting to transpile 'EnterLunge' for 'MouthDogAI'
[11:07:39.3316744] [Debug  :ScandalsTweaks] Attempting to transpile 'CheckSightForThreat' for 'RadMechAI'
[11:07:39.3431874] [Debug  :ScandalsTweaks] Skipping Landmine transpiler as CruiserImproved is present
[11:07:39.3542059] [Debug  :ScandalsTweaks] Attempting to transpile 'Crouch' for 'PlayerControllerB'
[11:07:39.3597170] [Debug  :ScandalsTweaks] Finished patching!
[11:07:39.3597170] [Info   :ScandalsTweaks] scandal.scandalstweaks v1.4.4 has loaded!
[11:07:39.3597170] [Info   :   BepInEx] Loading [ButteRyBalance 0.7.0]
[11:07:39.3667208] [Info   :ButteRyBalance] CROSS-COMPATIBILITY - Barber Fixes detected
[11:07:39.3727394] [Info   :ButteRyBalance] CROSS-COMPATIBILITY - Spawn Cycle Fixes detected
[11:07:39.3727394] [Info   :ButteRyBalance] CROSS-COMPATIBILITY - CruiserImproved detected
[11:07:39.4333482] [Debug  :Spawn Cycle Fixes] Transpiler (Inside spawns): Correct time of day
[11:07:39.4333482] [Debug  :Spawn Cycle Fixes] Transpiler (Inside spawns): Use IndoorEnemySpawnPlacementRandom
[11:07:39.4363534] [Debug  :Spawn Cycle Fixes] Transpiler (Outside spawns): Correct time of day
[11:07:39.4503824] [Debug  :ButteRyBalance] Transpiler (Locked doors): Post process key spawns
[11:07:39.4614053] [Debug  :ButteRyBalance] Transpiler (Destroy tree): Send signal to Cruiser
[11:07:39.4809479] [Debug  :ButteRyBalance] Transpiler (Vain shrouds): Dynamic chances
[11:07:39.4869471] [Debug  :ButteRyBalance] Transpiler (Terminal): Fix discount calculations
[11:07:39.5210000] [Debug  :ButteRyBalance] Transpiler (Cruiser): Dynamic regen/meter
[11:07:39.5305143] [Debug  :ButteRyBalance] Transpiler (Cruiser): Extra crash damage
[11:07:39.5370252] [Debug  :ScandalsTweaks] Attempting to transpile 'OnCollideWithPlayer' for 'ForestGiantAI'
[11:07:39.5370252] [Debug  :ButteRyBalance] Transpiler (ForestGiantAI.OnCollideWithPlayer): Patch backdoor protection
[11:07:39.5415352] [Debug  :ScandalsTweaks] Attempting to transpile 'OnCollideWithPlayer' for 'MouthDogAI'
[11:07:39.5415352] [Debug  :ButteRyBalance] Transpiler (MouthDogAI.OnCollideWithPlayer): Patch backdoor protection
[11:07:39.5465342] [Debug  :ButteRyBalance] Transpiler (Cruiser): Dynamic turbo
[11:07:39.5520461] [Debug  :ButteRyBalance] Transpiler (Cruiser): Don't heal in orbit
[11:07:39.5720924] [Debug  :ButteRyBalance] Transpiler (Jetpack): Dynamic inertia
[11:07:39.5826058] [Debug  :ButteRyBalance] Transpiler (Knife): Dynamic cooldown
[11:07:39.9450867] [Debug  :ButteRyBalance] Transpiler (Spray paint): Dynamic damage
[11:07:40.0091949] [Debug  :ButteRyBalance] Transpiler (Girl): Turn off breakers
[11:07:40.0893158] [Debug  :ScandalsTweaks] Attempting to transpile 'Update' for 'BushWolfEnemy'
[11:07:40.0903190] [Debug  :ButteRyBalance] Transpiler (Kidnapper fox): Patch backdoor protection
[11:07:40.1864522] [Debug  :ButteRyBalance] Transpiler (Maneater): Max scale after eating 3 items
[11:07:40.1899697] [Info   :ButteRyBalance] CROSS-COMPATIBILITY - Scandals Tweaks detected
[11:07:40.1919695] [Info   :ButteRyBalance] ButteRyBalance v0.7.0 loaded
[11:07:40.1919695] [Info   :   BepInEx] Loading [PathfindingLib 2.4.1]
[11:07:40.2886012] [Info   :   BepInEx] Loading [DawnLib 0.9.25]
[11:07:40.2946102] [Debug  :   DawnLib] no DebugLogSource for ReplaceThis.
[11:07:40.3011236] [Debug  :   DawnLib] no DebugLogSource for Configs.
[11:07:40.3011236] [Debug  :   DawnLib] no DebugLogSource for EntityReplacements.
[11:07:40.3011236] [Debug  :   DawnLib] no DebugLogSource for Sounds.
[11:07:40.3011236] [Debug  :   DawnLib] no DebugLogSource for Weathers.
[11:07:40.3011236] [Debug  :   DawnLib] no DebugLogSource for Enemies.
[11:07:40.3011236] [Debug  :   DawnLib] no DebugLogSource for Moons.
[11:07:40.3011236] [Debug  :   DawnLib] no DebugLogSource for Items.
[11:07:40.3011236] [Debug  :   DawnLib] no DebugLogSource for MapObjects.
[11:07:40.3011236] [Debug  :   DawnLib] no DebugLogSource for Unlockables.
[11:07:40.3011236] [Debug  :   DawnLib] no DebugLogSource for AssetLoading.
[11:07:40.3011236] [Debug  :   DawnLib] no DebugLogSource for Weights.
[11:07:40.3011236] [Debug  :   DawnLib] no DebugLogSource for Achievements.
[11:07:40.3011236] [Debug  :   DawnLib] no DebugLogSource for Dusk.
[11:07:40.3011236] [Debug  :   DawnLib] no DebugLogSource for Progressive.
[11:07:40.3011236] [Debug  :   DawnLib] no DebugLogSource for ExtendedTOML.
[11:07:40.3011236] [Debug  :   DawnLib] no DebugLogSource for LethalConfig.
[11:07:40.3021220] [Debug  :   DawnLib] no DebugLogSource for Pathfinding.
[11:07:40.3021220] [Debug  :   DawnLib] no DebugLogSource for Tags.
[11:07:40.3021220] [Debug  :   DawnLib] no DebugLogSource for Dungeons.
[11:07:40.3021220] [Debug  :   DawnLib] no DebugLogSource for Patching.
[11:07:40.3021220] [Debug  :   DawnLib] no DebugLogSource for PersistentDataContainer.
[11:07:40.3021220] [Debug  :   DawnLib] no DebugLogSource for SceneManager.
[11:07:40.3021220] [Debug  :   DawnLib] no DebugLogSource for SaveManager.
[11:07:40.3021220] [Debug  :   DawnLib] no DebugLogSource for NamespacedKeys.
[11:07:40.3021220] [Debug  :   DawnLib] no DebugLogSource for StoryLogs.
[11:07:40.3021220] [Debug  :   DawnLib] no DebugLogSource for Terminal.
[11:07:40.3096345] [Info   :   DawnLib] [ExtendedTOML] Registered converter for 'BoundedRange'
[11:07:40.3096345] [Info   :   DawnLib] [ExtendedTOML] Registered converter for 'AnimationCurve'
[11:07:40.3096345] [Info   :   DawnLib] [ExtendedTOML] Registered converter for 'NamespacedKey'
[11:07:40.7007278] [Debug  :Spawn Cycle Fixes] Transpiler (Spawner): Correct time of day
[11:07:40.7077291] [Debug  :Spawn Cycle Fixes] Transpiler (Outside spawner): Post process probabilities
[11:07:40.8434491] [Debug  :   DawnLib] transpiling Terminal::TextPostProcess with UseFailedNameResults. instructions: 821
[11:07:40.9050415] [Debug  :ButteRyBalance] Transpiler (Knife): Dynamic cooldown
[11:07:41.0062107] [Info   :   BepInEx] Loading [DawnLib.DuskMod 0.9.25]
[11:07:41.0192359] [Info   :DawnLib.DuskMod] Doing patches
[11:07:41.0662923] [Info   :DawnLib.DuskMod] Running transpiler 'DynamicallyReplaceAudioClips', this transpiler runs on a lot of functions, so this may take a second!
[11:07:41.1985109] [Info   :DawnLib.DuskMod] Running transpiler 'DynamicallyReplaceItemProperties', this transpiler runs on a lot of functions, so this may take a second!
[11:07:41.3257059] [Info   :DawnLib.DuskMod] Done 'DynamicallyReplaceAudioClips' patching!
[11:07:41.3477335] [Info   :DawnLib.DuskMod] Loading assets
[11:07:41.3887971] [Info   :DawnLib.DuskMod] Registering auto DuskMods!
[11:07:41.4108271] [Info   :   DawnLib] AuthorName: 347956, ModName: JPOGRaptor, Version: 1.0.6
[11:07:41.4128272] [Debug  :347956.JPOGRaptor] Trying to register bundle: JPOGRaptorContentContainer with 1 assets.
[11:07:41.6711626] [Debug  :PathfindingLib] Changed prefabbed NavMeshAgent JPOGRaptor's area mask from 0x000006FD to 0x020006FD to allow traversal of non-smart off-mesh links.
[11:07:41.6917056] [Info   :   DawnLib] AuthorName: 347956, ModName: JPOGTrex, Version: 1.1.6
[11:07:41.6927065] [Debug  :347956.JPOGTrex] Trying to register bundle: JPOGTrexContentContainer with 1 assets.
[11:07:41.8700454] [Debug  :PathfindingLib] Changed prefabbed NavMeshAgent JPOGTrex's area mask from 0x0000020F to 0x0200020F to allow traversal of non-smart off-mesh links.
[11:07:41.8730473] [Info   :   DawnLib] AuthorName: HQ_Team, ModName: LethalThingsReloaded, Version: 0.11.7
[11:07:41.8745502] [Debug  :HQ_Team.LethalThingsReloaded] Trying to register bundle: LethalThingsContent with 6 assets.
[11:07:41.9591604] [Debug  :PathfindingLib] Changed prefabbed NavMeshAgent Boomba's area mask from 0x00000001 to 0x02000001 to allow traversal of non-smart off-mesh links.
[11:07:42.0497617] [Debug  :PathfindingLib] Changed prefabbed NavMeshAgent CrystalRay's area mask from 0xFFFFFFFF to 0xFFFFFFFF to allow traversal of non-smart off-mesh links.
[11:07:42.4637034] [Info   :   DawnLib] AuthorName: MrHat, ModName: MisideItems, Version: 0.3.9
[11:07:42.4667070] [Debug  :MrHat.MisideItems] Trying to register bundle: MisideItemsContainer with 111 assets.
[11:07:45.8364382] [Info   :   DawnLib] AuthorName: Black Mesa Team, ModName: Black Mesa Half Life Moon Interior, Version: 3.4.1
[11:07:45.8379519] [Debug  :Black Mesa Team.Black Mesa Half Life Moon Interior] Trying to register bundle: BlackMesaContentContainer with 3 assets.
[11:07:46.5632431] [Info   :DawnLib.DuskMod] com.github.teamxiaolan.dawnlib.dusk v0.9.25 has loaded!
[11:07:46.5632431] [Info   :   BepInEx] Loading [LethalLib 1.2.0]
[11:07:46.5652432] [Info   : LethalLib] LethalLib loaded!!
[11:07:46.6227935] [Info   :   BepInEx] Loading [MoreCompany 1.14.0]
[11:07:46.7028568] [Debug  :ScandalsTweaks] Attempting to transpile 'Update' for 'BushWolfEnemy'
[11:07:46.7038678] [Debug  :ButteRyBalance] Transpiler (Kidnapper fox): Patch backdoor protection
[11:07:46.8672278] [Info   :MoreCompany] Loading MoreCompany...
[11:07:46.8723195] [Info   :MoreCompany] Loading SETTINGS...
[11:07:46.8723195] [Info   :MoreCompany] Checking: C:\Users\Milan\AppData\Roaming\com.kesomannen.gale\lethal-company\profiles\LC V1 S1.42AK-LFD1\BepInEx\plugins/MoreCompanyCosmetics
[11:07:46.8723195] [Info   :MoreCompany] Loading COSMETICS...
[11:07:46.8723195] [Info   :MoreCompany] Loading DEFAULT COSMETICS...
[11:07:47.1281535] [Info   :MoreCompany] Loaded cosmetic: builtin.3dglasses from bundle: morecompany.cosmetics
[11:07:47.1281535] [Info   :MoreCompany] Loaded cosmetic: builtin.bunnyears from bundle: morecompany.cosmetics
[11:07:47.1291574] [Info   :MoreCompany] Loaded cosmetic: builtin.denimhat from bundle: morecompany.cosmetics
[11:07:47.1291574] [Info   :MoreCompany] Loaded cosmetic: builtin.fancyglasses from bundle: morecompany.cosmetics
[11:07:47.1301606] [Info   :MoreCompany] Loaded cosmetic: builtin.partyglasses from bundle: morecompany.cosmetics
[11:07:47.1301606] [Info   :MoreCompany] Loaded cosmetic: builtin.gunholster from bundle: morecompany.cosmetics
[11:07:47.1311616] [Info   :MoreCompany] Loaded cosmetic: builtin.hardhat from bundle: morecompany.cosmetics
[11:07:47.1311616] [Info   :MoreCompany] Loaded cosmetic: builtin.jesterhat from bundle: morecompany.cosmetics
[11:07:47.1321624] [Info   :MoreCompany] Loaded cosmetic: builtin.kittyears from bundle: morecompany.cosmetics
[11:07:47.1341611] [Info   :MoreCompany] Loaded cosmetic: builtin.mimemask from bundle: morecompany.cosmetics
[11:07:47.1341611] [Info   :MoreCompany] Loaded cosmetic: builtin.fancypants from bundle: morecompany.cosmetics
[11:07:47.1356681] [Info   :MoreCompany] Loaded cosmetic: builtin.outoforder from bundle: morecompany.cosmetics
[11:07:47.1366730] [Info   :MoreCompany] Loaded cosmetic: builtin.partyhat from bundle: morecompany.cosmetics
[11:07:47.1366730] [Info   :MoreCompany] Loaded cosmetic: builtin.plaguemask from bundle: morecompany.cosmetics
[11:07:47.1366730] [Info   :MoreCompany] Loaded cosmetic: builtin.propellerhat from bundle: morecompany.cosmetics
[11:07:47.1401881] [Info   :MoreCompany] Loaded cosmetic: builtin.eyeballs from bundle: morecompany.cosmetics
[11:07:47.1401881] [Info   :MoreCompany] Loaded cosmetic: builtin.rudolph from bundle: morecompany.cosmetics
[11:07:47.1411853] [Info   :MoreCompany] Loaded cosmetic: builtin.santahat from bundle: morecompany.cosmetics
[11:07:47.1411853] [Info   :MoreCompany] Loaded cosmetic: builtin.slimething from bundle: morecompany.cosmetics
[11:07:47.1421839] [Info   :MoreCompany] Loaded cosmetic: builtin.tophat from bundle: morecompany.cosmetics
[11:07:47.1431845] [Info   :MoreCompany] Loaded cosmetic: builtin.watch from bundle: morecompany.cosmetics
[11:07:47.1431845] [Info   :MoreCompany] Loading USER COSMETICS...
[11:07:47.3239230] [Info   :MoreCompany] Loaded MoreCompany FULLY
[11:07:47.3239230] [Info   :   BepInEx] Loading [TooManyEmotes 2.3.17]
[11:07:47.3269229] [Info   :TooManyEmotes-2.3.17] BindingConfigs
[11:07:47.3410633] [Info   :TooManyEmotes-2.3.17] Initializing custom emote hotkeys.
[11:07:47.4091430] [Info   :TooManyEmotes-2.3.17] Successfully loaded 29 animation clips from asset bundle: Assets/emotes_complementary
[11:07:47.7400905] [Info   :TooManyEmotes-2.3.17] Successfully loaded 106 animation clips from asset bundle: Assets/emotes_0
[11:07:48.4216416] [Info   :TooManyEmotes-2.3.17] Successfully loaded 190 animation clips from asset bundle: Assets/emotes_1
[11:07:48.8771285] [Info   :TooManyEmotes-2.3.17] Successfully loaded 116 animation clips from asset bundle: Assets/emotes_2
[11:07:48.9387062] [Info   :TooManyEmotes-2.3.17] Successfully loaded 8 animation clips from asset bundle: Assets/emotes_3
[11:07:49.0219551] [Info   :TooManyEmotes-2.3.17] Successfully loaded 11 animation clips from asset bundle: Assets/emotes_special
[11:07:49.0529831] [Info   :TooManyEmotes-2.3.17] Successfully loaded radial menu asset.
[11:07:51.6879506] [Info   :TooManyEmotes-2.3.17] Loaded 27 emote props.
[11:07:51.7134787] [Info   :TooManyEmotes-2.3.17] Loading 144 dmca-free audio clips.
[11:07:51.7144796] [Info   :TooManyEmotes-2.3.17] Loading 241 dmca audio clips.
[11:07:51.8922778] [Debug  :   DawnLib] transpiling Terminal::TextPostProcess with UseFailedNameResults. instructions: 821
[11:07:52.0413628] [Info   :TooManyEmotes-2.3.17] TooManyEmotes finished loading!
[11:07:52.0413628] [Info   :   BepInEx] Loading [ModelReplacementAPI 2.4.20]
[11:07:52.1862571] [Info   :meow.ModelReplacementAPI] Plugin meow.ModelReplacementAPI is loaded!
[11:07:52.1957654] [Info   :   BepInEx] Loading [OpenBodyCams 3.0.12]
[11:07:52.2228447] [Info   :OpenBodyCams] Successfully loaded OpenBodyCams assets.
[11:07:52.2353558] [Info   :OpenBodyCams] Last config version is 3.0.12.
[11:07:52.3822126] [Info   :OpenBodyCams] Patched MoreCompany to spawn cosmetics on the local player.
[11:07:52.3837174] [Info   :OpenBodyCams] MoreCompany compatibility mode is enabled.
[11:07:52.3867240] [Info   :OpenBodyCams] ModelReplacementAPI compatibility mode is enabled.
[11:07:52.3867240] [Info   :   BepInEx] Loading [CodeRebirth 1.6.9]
[11:07:52.4931510] [Debug  :ScandalsTweaks] Skipping Landmine transpiler as CruiserImproved is present
[11:07:53.0327608] [Debug  :PathfindingLib] Changed prefabbed NavMeshAgent CacatusGiant's area mask from 0x000007DD to 0x020007DD to allow traversal of non-smart off-mesh links.
[11:07:53.0993673] [Debug  :PathfindingLib] Changed prefabbed NavMeshAgent Magician's area mask from 0xFFFFFFFF to 0xFFFFFFFF to allow traversal of non-smart off-mesh links.
[11:07:53.2608375] [Debug  :PathfindingLib] Changed prefabbed NavMeshAgent Peacekeeper's area mask from 0xFFFFFFFF to 0xFFFFFFFF to allow traversal of non-smart off-mesh links.
[11:07:53.5151641] [Debug  :PathfindingLib] Changed prefabbed NavMeshAgent PuppeteerPuppet's area mask from 0xFFFFFFFF to 0xFFFFFFFF to allow traversal of non-smart off-mesh links.
[11:07:53.5609387] [Debug  :PathfindingLib] Changed prefabbed NavMeshAgent ManorLord's area mask from 0xFFFFFFFF to 0xFFFFFFFF to allow traversal of non-smart off-mesh links.
[11:07:53.8121743] [Debug  :PathfindingLib] Changed prefabbed NavMeshAgent Janitor's area mask from 0xFFFFFFFF to 0xFFFFFFFF to allow traversal of non-smart off-mesh links.
[11:07:53.9641496] [Debug  :PathfindingLib] Changed prefabbed NavMeshAgent DriftwoodMenace's area mask from 0x000007DD to 0x020007DD to allow traversal of non-smart off-mesh links.
[11:07:54.0632558] [Debug  :PathfindingLib] Changed prefabbed NavMeshAgent Nancy's area mask from 0xFFFFFFFF to 0xFFFFFFFF to allow traversal of non-smart off-mesh links.
[11:07:54.2539936] [Debug  :PathfindingLib] Changed prefabbed NavMeshAgent Monarch's area mask from 0xFFFFFFFF to 0xFFFFFFFF to allow traversal of non-smart off-mesh links.
[11:07:54.2539936] [Debug  :PathfindingLib] Changed prefabbed NavMeshAgent CutieFly's area mask from 0xFFFFFFFF to 0xFFFFFFFF to allow traversal of non-smart off-mesh links.
[11:07:54.3851275] [Debug  :PathfindingLib] Changed prefabbed NavMeshAgent Mistress's area mask from 0xFFFFFFFF to 0xFFFFFFFF to allow traversal of non-smart off-mesh links.
[11:07:54.6626555] [Debug  :PathfindingLib] Changed prefabbed NavMeshAgent RedwoodTitan's area mask from 0x0000039F to 0x0200039F to allow traversal of non-smart off-mesh links.
[11:07:54.6935726] [Debug  :PathfindingLib] Changed prefabbed NavMeshAgent SnailCatRe's area mask from 0xFFFFFFFF to 0xFFFFFFFF to allow traversal of non-smart off-mesh links.
[11:07:54.6935726] [Debug  :PathfindingLib] Changed prefabbed NavMeshAgent Fake SnailCatRe's area mask from 0xFFFFFFFF to 0xFFFFFFFF to allow traversal of non-smart off-mesh links.
[11:07:54.9382959] [Debug  :PathfindingLib] Changed prefabbed NavMeshAgent DuckEnemy's area mask from 0xFFFFFFFF to 0xFFFFFFFF to allow traversal of non-smart off-mesh links.
[11:07:55.0854493] [Debug  :PathfindingLib] Changed prefabbed NavMeshAgent Transporter's area mask from 0x000007FD to 0x020007FD to allow traversal of non-smart off-mesh links.
[11:07:55.5072208] [Debug  :PathfindingLib] Changed prefabbed NavMeshAgent RodFollower's area mask from 0xFFFFFFFF to 0xFFFFFFFF to allow traversal of non-smart off-mesh links.
[11:07:57.1682614] [Debug  :PathfindingLib] Changed prefabbed NavMeshAgent Jimifice's area mask from 0xFFFFFFFF to 0xFFFFFFFF to allow traversal of non-smart off-mesh links.
[11:07:58.6549787] [Debug  :PathfindingLib] Changed prefabbed NavMeshAgent DebtCollector's area mask from 0xFFFFFFFF to 0xFFFFFFFF to allow traversal of non-smart off-mesh links.
[11:07:58.6549787] [Debug  :PathfindingLib] Changed prefabbed NavMeshAgent OrbitalRunner's area mask from 0xFFFFFFFF to 0xFFFFFFFF to allow traversal of non-smart off-mesh links.
[11:07:58.6549787] [Debug  :PathfindingLib] Changed prefabbed NavMeshAgent LoyalGuardsman's area mask from 0x000007CD to 0x020007CD to allow traversal of non-smart off-mesh links.
[11:07:59.2582185] [Debug  :PathfindingLib] Changed prefabbed NavMeshAgent FunctionalMicrowave's area mask from 0xFFFFFFFF to 0xFFFFFFFF to allow traversal of non-smart off-mesh links.
[11:08:00.6944052] [Debug  :PathfindingLib] Changed prefabbed NavMeshAgent ShockwaveDrone's area mask from 0xFFFFFFFF to 0xFFFFFFFF to allow traversal of non-smart off-mesh links.
[11:08:00.6944052] [Debug  :PathfindingLib] Changed prefabbed NavMeshAgent ShockwaveDrone's area mask from 0xFFFFFFFF to 0xFFFFFFFF to allow traversal of non-smart off-mesh links.
[11:08:01.0044703] [Debug  :PathfindingLib] Changed prefabbed NavMeshAgent TerminalGalDaisy's area mask from 0xFFFFFFFF to 0xFFFFFFFF to allow traversal of non-smart off-mesh links.
[11:08:01.0044703] [Debug  :PathfindingLib] Changed prefabbed NavMeshAgent TerminalGalDaisy's area mask from 0xFFFFFFFF to 0xFFFFFFFF to allow traversal of non-smart off-mesh links.
[11:08:01.3705827] [Debug  :PathfindingLib] Changed prefabbed NavMeshAgent CruiserGal's area mask from 0xFFFFFFFF to 0xFFFFFFFF to allow traversal of non-smart off-mesh links.
[11:08:01.3705827] [Debug  :PathfindingLib] Changed prefabbed NavMeshAgent CruiserGal's area mask from 0xFFFFFFFF to 0xFFFFFFFF to allow traversal of non-smart off-mesh links.
[11:08:01.7460376] [Debug  :PathfindingLib] Changed prefabbed NavMeshAgent SeamineGal's area mask from 0xFFFFFFFF to 0xFFFFFFFF to allow traversal of non-smart off-mesh links.
[11:08:01.7470374] [Debug  :PathfindingLib] Changed prefabbed NavMeshAgent SeamineGal's area mask from 0xFFFFFFFF to 0xFFFFFFFF to allow traversal of non-smart off-mesh links.
[11:08:01.8155468] [Warning:CodeRebirth] Weather Registry not found, skipping weather content registration.
[11:08:01.8236965] [Info   :CodeRebirth] Registering CodeRebirth content.
[11:08:01.8266983] [Info   :CodeRebirth] Plugin CodeRebirth is loaded!
[11:08:01.8266983] [Info   :   BepInEx] Loading [GeneralImprovements 1.5.5]
[11:08:01.8332069] [Debug  :GeneralImprovements] CodeRebirth Detected
[11:08:01.8362059] [Debug  :GeneralImprovements] Reserved Item Slot Core Detected
[11:08:01.9193754] [Info   :GeneralImprovements] Loading assets...
[11:08:01.9426454] [Info   :GeneralImprovements] Configuration Initialized.
[11:08:01.9486466] [Debug  :GeneralImprovements] Patching ILManipulator.WriteTo to fix unexpected transpiler behavior.
[11:08:01.9520829] [Info   :GeneralImprovements] ILManipulator patched (fixes rare cases where transpilers do not emit the expected IL code.
[11:08:01.9570812] [Debug  :GeneralImprovements] Patching AudioReverbTrigger.ChangeAudioReverbForPlayer to optimize code.
[11:08:01.9625927] [Info   :GeneralImprovements] AudioReverbTrigger patched.
[11:08:01.9645931] [Info   :GeneralImprovements] AutoParentToShip patched.
[11:08:01.9675926] [Info   :GeneralImprovements] DepositItemsDesk patched.
[11:08:01.9699192] [Debug  :GeneralImprovements] Patching DoorLock Update() to update hovertip when a key is in inventory.
[11:08:01.9719210] [Info   :GeneralImprovements] DoorLock patched.
[11:08:01.9749226] [Info   :GeneralImprovements] EnemyAI patched.
[11:08:01.9759227] [Info   :GeneralImprovements] EntranceTeleport patched.
[11:08:01.9784245] [Debug  :GeneralImprovements] Patched FlashlightItem.EquipItem
[11:08:01.9844289] [Info   :GeneralImprovements] FlashlightItem patched.
[11:08:01.9910151] [Debug  :GeneralImprovements] Patching SaveItemsInShip to include item rotations.
[11:08:02.0015308] [Debug  :GeneralImprovements] Patching GameNetworkManager.ResetSavedGameValues to keep ship unlockable positions.
[11:08:02.0065318] [Info   :GeneralImprovements] GameNetworkManager patched.
[11:08:02.0130445] [Debug  :GeneralImprovements] Patching key activate (in KeyItem.ItemActivate) to call DestroyItemInSlot instead of DespawnHeldObject.
[11:08:02.0170448] [Info   :GeneralImprovements] GrabbableObjects patched.
[11:08:02.0185518] [Info   :GeneralImprovements] HangarShipDoor patched.
[11:08:02.0298544] [Debug  :GeneralImprovements] Patching HudManager.UpdateScanNodes to hide subtext when needed.
[11:08:02.0587115] [Debug  :GeneralImprovements] Patching HUDManager.Update to use kg instead of lb.
[11:08:02.0637152] [Info   :GeneralImprovements] HUDManager patched.
[11:08:02.0647134] [Info   :GeneralImprovements] ItemDropship patched.
[11:08:02.0657158] [Info   :GeneralImprovements] Landmine patched.
[11:08:02.0667139] [Info   :GeneralImprovements] LungProp patched.
[11:08:02.0722267] [Info   :GeneralImprovements] ManualCameraRenderer patched.
[11:08:02.0792996] [Info   :GeneralImprovements] MaskedPlayerEnemy patched.
[11:08:02.0903341] [Info   :GeneralImprovements] Menu patched.
[11:08:02.1494808] [Debug  :GeneralImprovements] Patching PlayerControllerB.SetHoverTipAndCurrentInteractionTrigger to remove grab notification when not needed.
[11:08:02.2424204] [Info   :GeneralImprovements] PlayerControllerB patched.
[11:08:02.2434208] [Info   :GeneralImprovements] RadarBoosterItem patched.
[11:08:02.2632054] [Info   :GeneralImprovements] RoundManager patched.
[11:08:02.2798486] [Info   :GeneralImprovements] ShipBuildModeManager patched.
[11:08:02.2848478] [Debug  :GeneralImprovements] Patching ShipTeleporter.beamUpPlayer to include radar boosters.
[11:08:02.2858464] [Debug  :GeneralImprovements] Patching ShipTeleporter.beamUpPlayer to drop dead bodies properly.
[11:08:02.2913577] [Debug  :GeneralImprovements] Patching ShipTeleporter.beamOutPlayer to include radar boosters.
[11:08:02.2988604] [Info   :GeneralImprovements] ShipTeleporter patched.
[11:08:02.2998633] [Debug  :GeneralImprovements] Patching out old spray can random color assignment.
[11:08:02.3008650] [Info   :GeneralImprovements] SprayPaintItem patched.
[11:08:02.3018648] [Info   :GeneralImprovements] StartMatchLever patched.
[11:08:02.3182927] [Debug  :GeneralImprovements] Patching StartOfRound.TravelToLevelEffects to allow AllowPreGameLeverPullAsClient to work properly.
[11:08:02.3624420] [Debug  :GeneralImprovements] Patching StartOfRound.ResetShipFurniture to save furniture state.
[11:08:02.3674440] [Debug  :GeneralImprovements] Patching StartOfRound.EndOfGame to prevent a new quota from being set every day if there is rollover profit.
[11:08:02.3925950] [Debug  :GeneralImprovements] Patching LoadShipGrabbableItems to include item rotations.
[11:08:02.4061287] [Info   :GeneralImprovements] StartOfRound patched.
[11:08:02.4071291] [Info   :GeneralImprovements] StormyWeather patched.
[11:08:02.4086368] [Info   :GeneralImprovements] TerminalAccessibleObject patched.
[11:08:02.4216636] [Debug  :GeneralImprovements] Patching Terminal.ParsePlayerSentence to set dropship item limit to 24.
[11:08:02.4276635] [Debug  :GeneralImprovements] Patching Terminal.LoadNewNodeIfAffordable to set dropship item limit to 24.
[11:08:02.4318668] [Debug  :   DawnLib] transpiling Terminal::TextPostProcess with UseFailedNameResults. instructions: 821
[11:08:02.4385521] [Debug  :   DawnLib] transpiling Terminal::TextPostProcess with UseFailedNameResults. instructions: 821
[11:08:02.4405577] [Debug  :GeneralImprovements] Patching Terminal.TextPostProcess to remove \nn typo.
[11:08:02.4455588] [Debug  :ButteRyBalance] Transpiler (Terminal): Fix discount calculations
[11:08:02.4606433] [Info   :GeneralImprovements] Terminal patched.
[11:08:02.4697394] [Debug  :GeneralImprovements] Patching TimeOfDay.SetNewProfitQuota to use sold scrap only for overtime bonus.
[11:08:02.4767391] [Info   :GeneralImprovements] TimeOfDay patched.
[11:08:02.4792524] [Debug  :GeneralImprovements] Patching UnlockableSuit.SwitchSuitClientRpc to allow hosts to send suit info on join.
[11:08:02.4812508] [Info   :GeneralImprovements] UnlockableSuit patched.
[11:08:02.4907586] [Debug  :GeneralImprovements] Patched CodeRebirth.KeyItemPatch.CustomPickableObjects to work with custom key functionality.
[11:08:02.4907586] [Info   :GeneralImprovements] GeneralImprovements v1.5.5 fully loaded.
[11:08:02.4907586] [Info   :   BepInEx] Loading [LethalFixes 1.3.3]
[11:08:02.5054603] [Debug  :   DawnLib] transpiling Terminal::TextPostProcess with UseFailedNameResults. instructions: 821
[11:08:02.5098432] [Debug  :   DawnLib] transpiling Terminal::TextPostProcess with UseFailedNameResults. instructions: 821
[11:08:02.5118415] [Debug  :GeneralImprovements] Patching Terminal.TextPostProcess to remove \nn typo.
[11:08:02.5158434] [Warning:LethalFixes] KickPlayer failed to add reason
[11:08:02.5752963] [Info   :LethalFixes] Patches Loaded
[11:08:02.5752963] [Info   :   BepInEx] Loading [Buttery Fixes 1.17.16]
[11:08:02.5783001] [Info   :Buttery Fixes] CROSS-COMPATIBILITY - GeneralImprovements detected
[11:08:02.5853877] [Info   :Buttery Fixes] CROSS-COMPATIBILITY - Spray paint patches will be disabled
[11:08:02.5853877] [Info   :Buttery Fixes] CROSS-COMPATIBILITY - More Company detected
[11:08:02.5853877] [Info   :Buttery Fixes] CROSS-COMPATIBILITY - Price text patch will be disabled
[11:08:02.5853877] [Info   :Buttery Fixes] CROSS-COMPATIBILITY - Purchase cap patch (x12) will be disabled
[11:08:02.5904914] [Debug  :Buttery Fixes] Transpiler (Kill trigger): Use correct cause of death
[11:08:02.7612990] [Debug  :Buttery Fixes] Transpiler (Cruiser effects): Fix 2 audible noises at once
[11:08:02.7672966] [Debug  :Buttery Fixes] Transpiler (Cruiser collect): Auto-collect trigger colliders, for Teeth
[11:08:02.7672966] [Debug  :Buttery Fixes] Transpiler (Cruiser collect): Credit last driver for collected scrap
[11:08:02.7953582] [Debug  :ScandalsTweaks] Attempting to transpile 'Update' for 'BushWolfEnemy'
[11:08:02.7953582] [Debug  :ButteRyBalance] Transpiler (Kidnapper fox): Patch backdoor protection
[11:08:02.7963606] [Debug  :Buttery Fixes] Transpiler (BushWolfEnemy.Update): Cache Cruiser script
[11:08:02.8194675] [Debug  :Buttery Fixes] Transpiler (CadaverBloomAI.GetPhysicsParentAtEnemyPosition): Cache Cruiser script
[11:08:02.8224644] [Debug  :Buttery Fixes] Transpiler (ClipboardItem.Update): Cache Cruiser script
[11:08:02.8234673] [Debug  :ScandalsTweaks] Attempting to transpile 'OnCollideWithPlayer' for 'ForestGiantAI'
[11:08:02.8234673] [Debug  :ButteRyBalance] Transpiler (ForestGiantAI.OnCollideWithPlayer): Patch backdoor protection
[11:08:02.8234673] [Debug  :Buttery Fixes] Transpiler (ForestGiantAI.OnCollideWithPlayer): Cache Cruiser script
[11:08:02.8264645] [Debug  :Buttery Fixes] Transpiler (GiantKiwiAI.AttackIfThreatened): Cache Cruiser script
[11:08:02.8305305] [Debug  :Buttery Fixes] Transpiler (GiantKiwiAI.CheckLOSForCreatures): Cache Cruiser script
[11:08:02.8375296] [Debug  :Buttery Fixes] Transpiler (GiantKiwiAI.IsEggInsideClosedTruck): Cache Cruiser script
[11:08:02.8419172] [Debug  :ScandalsTweaks] Attempting to transpile 'NavigateTowardsTargetPlayer' for 'GiantKiwiAI'
[11:08:02.8419172] [Debug  :Buttery Fixes] Transpiler (GiantKiwiAI.NavigateTowardsTargetPlayer): Cache Cruiser script
[11:08:02.8524267] [Debug  :ScandalsTweaks] Skipping Landmine transpiler as CruiserImproved is present
[11:08:02.8524267] [Debug  :Buttery Fixes] Transpiler (Landmine.SpawnExplosion): Cache Cruiser script
[11:08:02.8569647] [Debug  :ScandalsTweaks] Attempting to transpile 'OnCollideWithPlayer' for 'MouthDogAI'
[11:08:02.8569647] [Debug  :ButteRyBalance] Transpiler (MouthDogAI.OnCollideWithPlayer): Patch backdoor protection
[11:08:02.8569647] [Debug  :Buttery Fixes] Transpiler (MouthDogAI.OnCollideWithPlayer): Cache Cruiser script
[11:08:02.8674759] [Debug  :Buttery Fixes] Transpiler (StartOfRound.SyncShipUnlockablesClientRpc): Cache Cruiser script
[11:08:02.8834938] [Debug  :GeneralImprovements] Patching Terminal.LoadNewNodeIfAffordable to set dropship item limit to 24.
[11:08:02.8834938] [Debug  :Buttery Fixes] Transpiler (Terminal.LoadNewNodeIfAffordable): Cache Cruiser script
[11:08:02.8884934] [Debug  :ButteRyBalance] Transpiler (Cruiser): Don't heal in orbit
[11:08:02.9064770] [Debug  :Buttery Fixes] Transpiler (CadaverBloomAI.GetPhysicsParentAtEnemyPosition): Cache Cruiser script
[11:08:02.9075941] [Debug  :Buttery Fixes] Transpiler (CadaverBloomAI.GetPhysicsParentAtEnemyPosition): Cache elevator script
[11:08:02.9101033] [Debug  :Buttery Fixes] Transpiler (ManualCameraRenderer.SetLineToExitFromRadarTarget): Cache elevator script
[11:08:02.9216255] [Debug  :GeneralImprovements] Patched FlashlightItem.EquipItem
[11:08:02.9301353] [Debug  :Buttery Fixes] Transpiler (Gift box server): Handle scrap tracker
[11:08:02.9331403] [Debug  :Buttery Fixes] Transpiler (Gift box client): Handle scrap tracker
[11:08:02.9466522] [Debug  :Buttery Fixes] Transpiler (RedLocustBees.SpawnHiveClientRpc): Fix "VALUE"
[11:08:02.9501653] [Debug  :Buttery Fixes] Transpiler (GiantKiwiAI.SpawnEggsClientRpc): Fix "VALUE"
[11:08:02.9992385] [Debug  :GeneralImprovements] Patching out old spray can random color assignment.
[11:08:03.0574833] [Debug  :ScandalsTweaks] Attempting to transpile 'Update' for 'BushWolfEnemy'
[11:08:03.0574833] [Debug  :ButteRyBalance] Transpiler (Kidnapper fox): Patch backdoor protection
[11:08:03.0574833] [Debug  :Buttery Fixes] Transpiler (BushWolfEnemy.Update): Cache Cruiser script
[11:08:03.0815046] [Debug  :Buttery Fixes] Transpiler (GameNetworkManager.SaveGameValues): Cache mold manager
[11:08:03.0815046] [Debug  :Buttery Fixes] Transpiler (GameNetworkManager.SaveGameValues): Cache mold manager
[11:08:03.0890099] [Debug  :Buttery Fixes] Transpiler (RoundManager.GenerateNewLevelClientRpc): Cache mold manager
[11:08:03.0890099] [Debug  :Buttery Fixes] Transpiler (RoundManager.GenerateNewLevelClientRpc): Cache mold manager
[11:08:03.0950196] [Debug  :Buttery Fixes] Transpiler (RoundManager+<LoadNewLevelWait>d__167.MoveNext): Cache mold manager
[11:08:03.1015310] [Debug  :Buttery Fixes] Transpiler (RoundManager.ResetEnemyVariables): Cache mold manager
[11:08:03.1025302] [Debug  :Spawn Cycle Fixes] Transpiler (Weed spawns): Correct time of day
[11:08:03.1025302] [Debug  :Buttery Fixes] Transpiler (RoundManager.SpawnWeedEnemies): Cache mold manager
[11:08:03.1095741] [Debug  :Spawn Cycle Fixes] Transpiler (Outside spawner): Post process probabilities
[11:08:03.1095741] [Debug  :Buttery Fixes] Transpiler (RoundManager.SpawnRandomOutsideEnemy): Cache mold manager
[11:08:03.1155880] [Debug  :GeneralImprovements] Patching StartOfRound.EndOfGame to prevent a new quota from being set every day if there is rollover profit.
[11:08:03.1155880] [Debug  :Buttery Fixes] Transpiler (StartOfRound+<EndOfGame>d__322.MoveNext): Cache mold manager
[11:08:03.1199013] [Debug  :Buttery Fixes] Transpiler (StartOfRound.ResetMoldStates): Cache mold manager
[11:08:03.1756297] [Debug  :Buttery Fixes] Transpiler (Radar): Hide arrow when players are out of bounds
[11:08:03.2056273] [Debug  :Buttery Fixes] Transpiler (ManualCameraRenderer.SetLineToExitFromRadarTarget): Cache elevator script
[11:08:03.2969675] [Debug  :GeneralImprovements] Patching StartOfRound.ResetShipFurniture to save furniture state.
[11:08:03.3034798] [Debug  :GeneralImprovements] Patching LoadShipGrabbableItems to include item rotations.
[11:08:03.3285022] [Debug  :Buttery Fixes] Transpiler (Magnet): Don't pull local player when disabled
[11:08:03.3306706] [Debug  :ButteRyBalance] Transpiler (Vain shrouds): Dynamic chances
[11:08:03.3450344] [Debug  :   DawnLib] transpiling Terminal::TextPostProcess with UseFailedNameResults. instructions: 821
[11:08:03.3495423] [Debug  :   DawnLib] transpiling Terminal::TextPostProcess with UseFailedNameResults. instructions: 821
[11:08:03.3505494] [Debug  :GeneralImprovements] Patching Terminal.TextPostProcess to remove \nn typo.
[11:08:03.3555491] [Debug  :GeneralImprovements] Patching Terminal.ParsePlayerSentence to set dropship item limit to 24.
[11:08:03.3626026] [Debug  :GeneralImprovements] Patching Terminal.LoadNewNodeIfAffordable to set dropship item limit to 24.
[11:08:03.3626026] [Debug  :Buttery Fixes] Transpiler (Terminal.LoadNewNodeIfAffordable): Cache Cruiser script
[11:08:03.3636035] [Debug  :Buttery Fixes] Transpiler (Survival kit): Stun grenade -> shovel
[11:08:03.3636035] [Debug  :Buttery Fixes] Transpiler (Survival kit): Boomboxes -> walkie-talkies
[11:08:03.3776249] [Debug  :Buttery Fixes] Transpiler (Terminal sync): Always sync bestiary/SIGURD
[11:08:03.3891644] [Debug  :ScandalsTweaks] Attempting to transpile 'DoAIInterval' for 'BaboonBirdAI'
[11:08:03.4139418] [Debug  :Buttery Fixes] Transpiler (Baboon hawk): Replace "Unknown" with "Stabbing"
[11:08:03.4176644] [Debug  :Buttery Fixes] Transpiler (Bee spawn): Hook custom price function
[11:08:03.4209373] [Debug  :Buttery Fixes] Transpiler (RedLocustBees.SpawnHiveClientRpc): Fix "VALUE"
[11:08:03.4239375] [Debug  :Buttery Fixes] Transpiler (Bracken damage): Remove aggro on hit (replace with postfix)
[11:08:03.4386349] [Debug  :Buttery Fixes] Transpiler (CadaverBloomAI.Start): Cache Cadaver script
[11:08:03.4431491] [Debug  :Buttery Fixes] Transpiler (Cadaver voice): Restore spore cough
[11:08:03.4536659] [Debug  :Buttery Fixes] Transpiler (CadaverBloomAI+<DoBurstAnimation>d__55.MoveNext): Cache Cadaver script
[11:08:03.4576644] [Debug  :Buttery Fixes] Transpiler (QuickMenuManager.Debug_SetWeedCount): Cache Cadaver script
[11:08:03.4591675] [Debug  :Buttery Fixes] Transpiler (QuickMenuManager.Debug_CadaverBloomBurstPlayer): Cache Cadaver script
[11:08:03.4611776] [Debug  :Buttery Fixes] Transpiler (ShowerTrigger.AddPlayerToShower): Cache Cadaver script
[11:08:03.4621778] [Debug  :Buttery Fixes] Transpiler (ShowerTrigger.RemovePlayerFromShower): Cache Cadaver script
[11:08:03.4641765] [Debug  :Buttery Fixes] Transpiler (ShowerTrigger.Update): Cache Cadaver script
[11:08:03.4656804] [Debug  :Buttery Fixes] Transpiler (StartOfRound+<bloomPlayerOnDelay>d__385.MoveNext): Cache Cadaver script
[11:08:03.4809802] [Debug  :Buttery Fixes] Transpiler (Forest giant death): No longer crush players in the ship
[11:08:03.4809802] [Debug  :Buttery Fixes] Transpiler (Forest giant death): Replace "Gravity" with "Crushing"
[11:08:03.4839764] [Debug  :Buttery Fixes] Transpiler (Gunkfish damage): Die at 0 HP
[11:08:03.4900224] [Debug  :Buttery Fixes] Transpiler (Nutcracker sight): Ignore triggers when spotting player
[11:08:03.4970222] [Debug  :Buttery Fixes] Transpiler (Old Bird stomp): Don't damage players in ship
[11:08:03.5025406] [Debug  :Buttery Fixes] Transpiler (Sapsucker eggs): Replace random with seeded random
[11:08:03.5055405] [Debug  :Buttery Fixes] Transpiler (GiantKiwiAI.SpawnEggsClientRpc): Fix "VALUE"
[11:08:03.5100497] [Info   :Buttery Fixes] Buttery Fixes v1.17.16 loaded
[11:08:03.5100497] [Info   :   BepInEx] Loading [loaforcsSoundAPI 2.0.12]
[11:08:03.5120544] [Info   :me.loaforc.soundapi] Setting up config
[11:08:03.5175639] [Debug  :me.loaforc.soundapi] no DebugLogSource for AudioSourceAdditionalData.
[11:08:03.5175639] [Debug  :me.loaforc.soundapi] no DebugLogSource for SoundReplacementLoader.
[11:08:03.5175639] [Debug  :me.loaforc.soundapi] no DebugLogSource for SoundReplacementHandler.
[11:08:03.5175639] [Debug  :me.loaforc.soundapi] no DebugLogSource for MatchStrings.
[11:08:03.5175639] [Debug  :me.loaforc.soundapi] no DebugLogSource for ConditionsInfo.
[11:08:03.5175639] [Debug  :me.loaforc.soundapi] no DebugLogSource for UpdateEveryFrame.
[11:08:03.5175639] [Debug  :me.loaforc.soundapi] no DebugLogSource for AudioClipSpoofing.
[11:08:03.5175639] [Debug  :me.loaforc.soundapi] no DebugLogSource for NativeBackend.
[11:08:03.5185684] [Info   :me.loaforc.soundapi] Running patches
[11:08:03.5715798] [Info   :me.loaforc.soundapi] Native backend is supported on 2022.3.62f2!
[11:08:03.5715798] [Info   :me.loaforc.soundapi] Registering data
[11:08:03.5725837] [Info   :me.loaforc.soundapi] Starting AudioManager.
[11:08:03.5735817] [Info   :me.loaforc.soundapi] me.loaforc.soundapi by loaforc has loaded :3
[11:08:03.5735817] [Info   :   BepInEx] Loading [Enemy Sound Fixes 1.9.14]
[11:08:03.5755801] [Info   :Enemy Sound Fixes] CROSS-COMPATIBILITY - loaforcsSoundAPI detected
[11:08:03.5882771] [Debug  :Enemy Sound Fixes] Transpiler (Cruiser): Reset engine rev sounds
[11:08:03.5954506] [Debug  :Enemy Sound Fixes] Transpiler (Cruiser): Reset engine rev sounds
[11:08:03.6009596] [Debug  :Enemy Sound Fixes] Transpiler (Cruiser): Reset engine rev sounds
[11:08:03.6184679] [Debug  :Enemy Sound Fixes] Transpiler (Door): Don't stop SFX
[11:08:03.6184679] [Debug  :Enemy Sound Fixes] Transpiler (Door): Don't play unlock SFX
[11:08:03.6219746] [Debug  :Enemy Sound Fixes] Transpiler (MouthDogAI.OnCollideWithEnemy): Don't play hit sound when attacking dead enemy
[11:08:03.6239757] [Debug  :Enemy Sound Fixes] Transpiler (BushWolfEnemy.OnCollideWithEnemy): Don't play hit sound when attacking dead enemy
[11:08:03.6259784] [Debug  :Enemy Sound Fixes] Transpiler (Stormy weather): No "Hey" when ship is struck
[11:08:03.6510265] [Debug  :Enemy Sound Fixes] Transpiler (Players): Melee weapons don't stack hit sounds
[11:08:03.6560258] [Debug  :Enemy Sound Fixes] Transpiler (Baboon hawk): Don't play hit sound when attacking dead enemy (A)
[11:08:03.6560258] [Debug  :Enemy Sound Fixes] Transpiler (Baboon hawk): Don't play hit sound when attacking dead enemy (B)
[11:08:03.6595411] [Debug  :Buttery Fixes] Transpiler (Bracken damage): Remove aggro on hit (replace with postfix)
[11:08:03.6916320] [Debug  :Enemy Sound Fixes] Transpiler (Eyeless dog): Fix overlapping breathing
[11:08:03.6956323] [Debug  :Buttery Fixes] Transpiler (RoundManager.ResetEnemyVariables): Cache mold manager
[11:08:03.7037178] [Debug  :Enemy Sound Fixes] Transpiler (Forest Keeper): Don't interrupt voice
[11:08:03.7057199] [Debug  :Enemy Sound Fixes] Transpiler (Forest Keeper): Don't interrupt voice
[11:08:03.7092268] [Debug  :Buttery Fixes] Transpiler (Forest giant death): No longer crush players in the ship
[11:08:03.7092268] [Debug  :Buttery Fixes] Transpiler (Forest giant death): Replace "Gravity" with "Crushing"
[11:08:03.7782972] [Debug  :ScandalsTweaks] Attempting to transpile 'Update' for 'BushWolfEnemy'
[11:08:03.7782972] [Debug  :ButteRyBalance] Transpiler (Kidnapper fox): Patch backdoor protection
[11:08:03.7793018] [Debug  :Buttery Fixes] Transpiler (BushWolfEnemy.Update): Cache Cruiser script
[11:08:03.8023578] [Debug  :ScandalsTweaks] Attempting to transpile 'CancelReelingPlayerIn' for 'BushWolfEnemy'
[11:08:03.8043568] [Debug  :Enemy Sound Fixes] Transpiler (Kidnapper fox): Don't cry when dead
[11:08:03.8138047] [Debug  :Enemy Sound Fixes] Transpiler (Mimic teleport): Remove old sound code
[11:08:03.8183083] [Debug  :Enemy Sound Fixes] Transpiler (Snare flea): Don't shriek when dead (A)
[11:08:03.8268211] [Debug  :Enemy Sound Fixes] Transpiler (Snare flea): Don't shriek when dead (B)
[11:08:03.8488642] [Debug  :Enemy Sound Fixes] Transpiler (Tulip snake): Remove wingflap from chuckle pool
[11:08:03.8508729] [Info   :Enemy Sound Fixes] Enemy Sound Fixes v1.9.14 loaded
[11:08:03.8508729] [Info   :   BepInEx] Loading [Jetpack Fixes 1.6.3]
[11:08:03.8583831] [Debug  :ButteRyBalance] Transpiler (Jetpack): Dynamic inertia
[11:08:03.8593901] [Debug  :Jetpack Fixes] Transpiler: Reverse jetpackPower comparison on isGrounded check (allows for sliding)
[11:08:03.8633887] [Debug  :Jetpack Fixes] Transpiler: Reduce raycast range from 25 to 4
[11:08:03.8633887] [Debug  :Jetpack Fixes] Transpiler: Replace layer mask with custom
[11:08:03.8633887] [Debug  :Jetpack Fixes] Transpiler: Remove 4 unit distance check (redundant)
[11:08:03.8633887] [Debug  :Jetpack Fixes] Transpiler: Replace "Gravity" with "Inertia"
[11:08:03.8955055] [Debug  :Jetpack Fixes] Transpiler: No shake when disabling jetpack
[11:08:03.9324563] [Debug  :Jetpack Fixes] Transpiler: Replace "Gravity" with "Inertia"
[11:08:03.9324563] [Debug  :Jetpack Fixes] Transpiler: Replace "Gravity" with "Inertia"
[11:08:03.9324563] [Debug  :Jetpack Fixes] Transpiler: Replace "Gravity" with "Inertia"
[11:08:03.9599941] [Info   :Jetpack Fixes] Jetpack Fixes v1.6.3 loaded
[11:08:03.9599941] [Info   :   BepInEx] Loading [SmartEnemyPathfinding 0.0.4]
[11:08:03.9805246] [Info   :   BepInEx] Loading [Mask Fixes 1.6.2]
[11:08:03.9815234] [Info   :Mask Fixes] CROSS-COMPATIBILITY - EnableEnemyMesh patch will be disabled
[11:08:03.9865234] [Info   :Mask Fixes] CROSS-COMPATIBILITY - SmartEnemyPathfinding detected
[11:08:04.0111394] [Debug  :Mask Fixes] Transpiler (Mimic stun): Roll 40% chance to sprint only once
[11:08:04.0515278] [Debug  :Mask Fixes] Transpiler (Mimic kill): Spawn body
[11:08:04.0555249] [Info   :Mask Fixes] Mask Fixes v1.6.2 loaded
[11:08:04.0555249] [Info   :   BepInEx] Loading [SirenHead 2.0.3]
[11:08:04.3671098] [Debug  :PathfindingLib] Changed prefabbed NavMeshAgent SirenHead's area mask from 0x0000004D to 0x0200004D to allow traversal of non-smart off-mesh links.
[11:08:04.3686139] [Info   : Unity Log] sirenheadspot (UnityEngine.AudioClip)
[11:08:04.3728006] [Info   : Unity Log] sirenheadspot1 (UnityEngine.AudioClip)
[11:08:04.3738003] [Info   : Unity Log] sirenheadspot10 (UnityEngine.AudioClip)
[11:08:04.3738003] [Info   : Unity Log] sirenheadspot11 (UnityEngine.AudioClip)
[11:08:04.3738003] [Info   : Unity Log] sirenheadspot2 (UnityEngine.AudioClip)
[11:08:04.3738003] [Info   : Unity Log] sirenheadspot3 (UnityEngine.AudioClip)
[11:08:04.3738003] [Info   : Unity Log] sirenheadspot4 (UnityEngine.AudioClip)
[11:08:04.3738003] [Info   : Unity Log] sirenheadspot5 (UnityEngine.AudioClip)
[11:08:04.3738003] [Info   : Unity Log] sirenheadspot6 (UnityEngine.AudioClip)
[11:08:04.3738003] [Info   : Unity Log] sirenheadspot7 (UnityEngine.AudioClip)
[11:08:04.3738003] [Info   : Unity Log] sirenheadspot8 (UnityEngine.AudioClip)
[11:08:04.3738003] [Info   : Unity Log] sirenheadspot9 (UnityEngine.AudioClip)
[11:08:04.3738003] [Info   : Unity Log] Sirenfoot1 (UnityEngine.AudioClip)
[11:08:04.3738003] [Info   : Unity Log] Sirenfoot2 (UnityEngine.AudioClip)
[11:08:04.3738003] [Info   : Unity Log] sirenfoot3 (UnityEngine.AudioClip)
[11:08:04.3738003] [Info   : Unity Log] Sirenfoot4 (UnityEngine.AudioClip)
[11:08:04.3738003] [Info   : Unity Log] Sirenfoot5 (UnityEngine.AudioClip)
[11:08:04.3738003] [Info   : Unity Log] Sirenchatter1 (UnityEngine.AudioClip)
[11:08:04.3738003] [Info   : Unity Log] Sirenchatter10 (UnityEngine.AudioClip)
[11:08:04.3738003] [Info   : Unity Log] Sirenchatter11 (UnityEngine.AudioClip)
[11:08:04.3738003] [Info   : Unity Log] Sirenchatter12 (UnityEngine.AudioClip)
[11:08:04.3738003] [Info   : Unity Log] Sirenchatter13 (UnityEngine.AudioClip)
[11:08:04.3738003] [Info   : Unity Log] Sirenchatter14 (UnityEngine.AudioClip)
[11:08:04.3738003] [Info   : Unity Log] Sirenchatter15 (UnityEngine.AudioClip)
[11:08:04.3738003] [Info   : Unity Log] Sirenchatter16 (UnityEngine.AudioClip)
[11:08:04.3738003] [Info   : Unity Log] Sirenchatter17 (UnityEngine.AudioClip)
[11:08:04.3738003] [Info   : Unity Log] Sirenchatter18 (UnityEngine.AudioClip)
[11:08:04.3738003] [Info   : Unity Log] Sirenchatter2 (UnityEngine.AudioClip)
[11:08:04.3738003] [Info   : Unity Log] Sirenchatter3 (UnityEngine.AudioClip)
[11:08:04.3738003] [Info   : Unity Log] Sirenchatter4 (UnityEngine.AudioClip)
[11:08:04.3738003] [Info   : Unity Log] Sirenchatter5 (UnityEngine.AudioClip)
[11:08:04.3738003] [Info   : Unity Log] Sirenchatter6 (UnityEngine.AudioClip)
[11:08:04.3738003] [Info   : Unity Log] Sirenchatter7 (UnityEngine.AudioClip)
[11:08:04.3738003] [Info   : Unity Log] Sirenchatter8 (UnityEngine.AudioClip)
[11:08:04.3738003] [Info   : Unity Log] Sirenchatter9 (UnityEngine.AudioClip)
[11:08:04.3747986] [Info   : SirenHead] Registered spawn rate for level type VowLevel to 60
[11:08:04.3833066] [Info   : SirenHead] Registered spawn rate for level type MarchLevel to 100
[11:08:04.3833066] [Info   : SirenHead] Registered spawn rate for level type OffenseLevel to 30
[11:08:04.3833066] [Info   : SirenHead] Registered spawn rate for level type ExperimentationLevel to 1
[11:08:04.3833066] [Info   : SirenHead] Registered spawn rate for level type AssuranceLevel to 10
[11:08:04.3833066] [Info   : SirenHead] Registered spawn rate for level type TitanLevel to 25
[11:08:04.3833066] [Info   : SirenHead] SirenHead 2.0.3 loaded.
[11:08:04.3853063] [Info   :   BepInEx] Loading [Celestial Tint 1.5.2]
[11:08:04.3888088] [Info   : Unity Log] [Celestial Tint] Loading complete
[11:08:05.1315375] [Info   :   BepInEx] Loading [CSync 5.0.1]
[11:08:05.1375380] [Info   :     CSync] CSync successfully applied patches.
[11:08:05.1427088] [Info   :   BepInEx] Loading [Poltergeist 1.2.12]
[11:08:05.1519248] [Debug  :     CSync] Successfully registered config instance InstanceKey { Guid = coderCleric.Poltergeist, AssemblyQualifiedName = Poltergeist.PoltergeistConfig, Poltergeist, Version=1.0.0.0, Culture=neutral, PublicKeyToken=null }.
[11:08:05.3065801] [Info   :Poltergeist] Plugin coderCleric.Poltergeist v1.2.12 is loaded!
[11:08:05.3117707] [Info   :   BepInEx] Loading [StaticNetcodeLib 1.1.1]
[11:08:05.3137660] [Debug  :StaticNetcodeLib] Patching...
[11:08:05.3296485] [Debug  :StaticNetcodeLib] Finished patching!
[11:08:05.3296485] [Info   :StaticNetcodeLib] Xilophor.StaticNetcodeLib v1.1.1 has loaded!
[11:08:05.3296485] [Info   :   BepInEx] Loading [Coroner 2.3.0]
[11:08:05.3357101] [Debug  :Buttery Fixes] Transpiler (Baboon hawk): Replace "Unknown" with "Stabbing"
[11:08:05.3695786] [Debug  :Buttery Fixes] Transpiler (Old Bird stomp): Don't damage players in ship
[11:08:05.3986358] [Debug  :ButteRyBalance] Transpiler (Spray paint): Dynamic damage
[11:08:05.4161595] [Debug  :Enemy Sound Fixes] Transpiler (Players): Melee weapons don't stack hit sounds
[11:08:05.4171592] [Debug  :   Coroner] Injecting patch into PlayerControllerB.DamagePlayerFromOtherClientClientRpc...
[11:08:05.4216668] [Debug  :   Coroner] Done.
[11:08:05.4216668] [Debug  :   Coroner] Done with all PlayerControllerBDamagePlayerFromOtherClientClientRpcPatch patches.
[11:08:05.4352654] [Debug  :Barber Fixes] Transpiler (ClaySurgeonAI.OnCollideWithPlayer): Set cooldown for local client immediately
[11:08:05.4407759] [Debug  :ButteRyBalance] Transpiler (Jetpack): Dynamic inertia
[11:08:05.4407759] [Debug  :Jetpack Fixes] Transpiler: Reverse jetpackPower comparison on isGrounded check (allows for sliding)
[11:08:05.4407759] [Debug  :Jetpack Fixes] Transpiler: Reduce raycast range from 25 to 4
[11:08:05.4407759] [Debug  :Jetpack Fixes] Transpiler: Replace layer mask with custom
[11:08:05.4407759] [Debug  :Jetpack Fixes] Transpiler: Remove 4 unit distance check (redundant)
[11:08:05.4407759] [Debug  :Jetpack Fixes] Transpiler: Replace "Gravity" with "Inertia"
[11:08:05.4572884] [Debug  :Buttery Fixes] Transpiler (Forest giant death): No longer crush players in the ship
[11:08:05.4572884] [Debug  :Buttery Fixes] Transpiler (Forest giant death): Replace "Gravity" with "Crushing"
[11:08:05.4663416] [Debug  :ScandalsTweaks] Skipping Landmine transpiler as CruiserImproved is present
[11:08:05.4663416] [Debug  :Buttery Fixes] Transpiler (Landmine.SpawnExplosion): Cache Cruiser script
[11:08:05.4673423] [Debug  :   Coroner] Injecting patch #1 into Landmine.SpawnExplosion...
[11:08:05.4673423] [Debug  :   Coroner]   Success.
[11:08:05.4673423] [Debug  :   Coroner] Injecting patch #2 into Landmine.SpawnExplosion...
[11:08:05.4673423] [Debug  :   Coroner]   Success.
[11:08:05.4673423] [Debug  :   Coroner] Landmine.SpawnExplosion() injected patches successfully.
[11:08:05.4783537] [Debug  :   Coroner] Injecting patch into Turret.Update...
[11:08:05.4783537] [Debug  :   Coroner] Done.
[11:08:05.4889369] [Debug  :Buttery Fixes] Transpiler (Kill trigger): Use correct cause of death
[11:08:05.5019003] [Info   :   Coroner] Plugin Coroner (com.elitemastereric.coroner) is loaded!
[11:08:05.5019003] [Info   :   Coroner] Coroner loading language support: en-us
[11:08:05.5029013] [Info   :   Coroner] Loading language data from config folder: C:\Users\Milan\AppData\Roaming\com.kesomannen.gale\lethal-company\profiles\LC V1 S1.42AK-LFD1\BepInEx\config/EliteMasterEric-Coroner
[11:08:05.5049004] [Info   :   Coroner] Loading 0 additional language data files from config folder
[11:08:05.5059011] [Info   :   Coroner] Success, loaded 89 types of language tags with 342 total entries.
[11:08:05.5059011] [Info   :   Coroner] Coroner loading fallback language support: en-us
[11:08:05.5059011] [Info   :   Coroner] Loading language data from config folder: C:\Users\Milan\AppData\Roaming\com.kesomannen.gale\lethal-company\profiles\LC V1 S1.42AK-LFD1\BepInEx\config/EliteMasterEric-Coroner
[11:08:05.5068992] [Info   :   Coroner] Loading 0 additional language data files from config folder
[11:08:05.5068992] [Info   :   Coroner] Success, loaded 89 types of language tags with 342 total entries.
[11:08:05.5068992] [Info   :   BepInEx] Loading [CullFactory 2.0.7]
[11:08:05.5287492] [Debug  :Buttery Fixes] Transpiler (RoundManager.GenerateNewLevelClientRpc): Cache mold manager
[11:08:05.5287492] [Debug  :Buttery Fixes] Transpiler (RoundManager.GenerateNewLevelClientRpc): Cache mold manager
[11:08:05.5805976] [Info   :CullFactory] Loaded CullFactory's Burst assembly.
[11:08:05.5912851] [Info   :   BepInEx] Loading [Biodiversity 0.2.9]
[11:08:05.5937938] [Debug  :Biodiversity|0.2.9] Setting up localization...
[11:08:05.5983302] [Info   :Biodiversity|0.2.9] --- Dumping All Embedded Resource Names ---
[11:08:05.5983302] [Info   :Biodiversity|0.2.9] Found resource: Biodiversity.Core.Lang.languages.en.json
[11:08:05.5983302] [Info   :Biodiversity|0.2.9] -------------------------------------------
[11:08:05.5983302] [Debug  :Biodiversity|0.2.9] Creating base biodiversity config...
[11:08:05.6053363] [Info   :Biodiversity|0.2.9] Language set to English (default).
[11:08:05.6126280] [Info   :Biodiversity|0.2.9] com.github.biodiversitylc.Biodiversity:0.2.9 has setup in 19ms.
[11:08:05.6126280] [Info   :   BepInEx] Loading [OpenLib 0.4.3]
[11:08:05.6146315] [Info   :   OpenLib] OpenLib is loading with version 0.4.3!
This mod has been compiled for v80 of Lethal Company and may not work with earlier versions!
[11:08:05.6197273] [Info   :   OpenLib] Binding configuration settings
[11:08:05.6444924] [Debug  :GeneralImprovements] Patching TimeOfDay.SetNewProfitQuota to use sold scrap only for overtime bonus.
[11:08:05.6884376] [Debug  :Jetpack Fixes] Transpiler: Replace "Gravity" with "Inertia"
[11:08:05.6884376] [Debug  :Jetpack Fixes] Transpiler: Replace "Gravity" with "Inertia"
[11:08:05.6884376] [Debug  :Jetpack Fixes] Transpiler: Replace "Gravity" with "Inertia"
[11:08:05.7334911] [Debug  :GeneralImprovements] Patching Terminal.LoadNewNodeIfAffordable to set dropship item limit to 24.
[11:08:05.7334911] [Debug  :Buttery Fixes] Transpiler (Terminal.LoadNewNodeIfAffordable): Cache Cruiser script
[11:08:05.7334911] [Debug  :Buttery Fixes] Transpiler (Survival kit): Stun grenade -> shovel
[11:08:05.7334911] [Debug  :Buttery Fixes] Transpiler (Survival kit): Boomboxes -> walkie-talkies
[11:08:05.7534338] [Debug  :GeneralImprovements] Patching Terminal.ParsePlayerSentence to set dropship item limit to 24.
[11:08:05.7669429] [Info   :   OpenLib] OpenLib load complete!
[11:08:05.7669429] [Info   :   BepInEx] Loading [suitsTerminal 1.8.1]
[11:08:05.7694586] [Message:suitsTerminal] Plugin suitsTerminal is loaded with version 1.8.1!
[11:08:05.7862409] [Info   :suitsTerminal] Built on v73 of Lethal Company ;)
[11:08:05.7862409] [Message:suitsTerminal] Current logging level is Info
[11:08:05.7862409] [Info   :   BepInEx] Loading [LCUltrawide_Community 1.3.1]
[11:08:05.7872383] [Info   :LCUltrawide_Community] Plugin com.github.lethalcompanymodding.LCUltrawide is loaded!
[11:08:05.8017807] [Debug  :GeneralImprovements] Patching HudManager.UpdateScanNodes to hide subtext when needed.
[11:08:05.8067790] [Info   :   BepInEx] Loading [VertexLibrary 1.1.0]
[11:08:05.8082877] [Info   :   BepInEx] Loading [DawnLib.Compatibility 0.9.25]
[11:08:05.8092963] [Info   :DawnLib.Compatibility] com.github.teamxiaolan.dawnlib.compatibility v0.9.25 has loaded!
[11:08:05.8142954] [Info   :   BepInEx] Loading [SellMyScrap v73+ 1.15.3]
[11:08:05.8162963] [Info   :com.github.zehsteam.SellMyScrap] SellMyScrap v73+ has awoken!
[11:08:05.8468055] [Debug  :GeneralImprovements] Patching Terminal.ParsePlayerSentence to set dropship item limit to 24.
[11:08:06.9331553] [Debug  :ainavt.lc.lethalconfig] Registered config "SellMyScrap v73+/General/ExtendedLogging"
[11:08:06.9331553] [Debug  :ainavt.lc.lethalconfig] Registered config "SellMyScrap v73+/Sell/SellGifts"
[11:08:06.9341556] [Debug  :ainavt.lc.lethalconfig] Registered config "SellMyScrap v73+/Sell/SellShotguns"
[11:08:06.9341556] [Debug  :ainavt.lc.lethalconfig] Registered config "SellMyScrap v73+/Sell/SellAmmo"
[11:08:06.9341556] [Debug  :ainavt.lc.lethalconfig] Registered config "SellMyScrap v73+/Sell/SellKnives"
[11:08:06.9341556] [Debug  :ainavt.lc.lethalconfig] Registered config "SellMyScrap v73+/Sell/SellPickles"
[11:08:06.9351553] [Debug  :ainavt.lc.lethalconfig] Registered config "SellMyScrap v73+/Advanced Sell/SellScrapWorthZero"
[11:08:06.9351553] [Debug  :ainavt.lc.lethalconfig] Registered config "SellMyScrap v73+/Advanced Sell/OnlySellScrapOnFloor"
[11:08:06.9361579] [Debug  :ainavt.lc.lethalconfig] Registered config "SellMyScrap v73+/Advanced Sell/PrioritySellList"
[11:08:06.9361579] [Debug  :ainavt.lc.lethalconfig] Registered config "SellMyScrap v73+/Advanced Sell/DontSellList"
[11:08:06.9361579] [Debug  :ainavt.lc.lethalconfig] Registered config "SellMyScrap v73+/Advanced Sell/SellList"
[11:08:06.9371567] [Debug  :ainavt.lc.lethalconfig] Registered config "SellMyScrap v73+/Terminal/OverrideWelcomeMessage"
[11:08:06.9371567] [Debug  :ainavt.lc.lethalconfig] Registered config "SellMyScrap v73+/Terminal/OverrideHelpMessage"
[11:08:06.9371567] [Debug  :ainavt.lc.lethalconfig] Registered config "SellMyScrap v73+/Terminal/ShowFoundItems"
[11:08:06.9371567] [Debug  :ainavt.lc.lethalconfig] Registered config "SellMyScrap v73+/Terminal/SortFoundItemsPrice"
[11:08:06.9371567] [Debug  :ainavt.lc.lethalconfig] Registered config "SellMyScrap v73+/Terminal/AlignFoundItemsPrice"
[11:08:06.9371567] [Debug  :ainavt.lc.lethalconfig] Registered config "SellMyScrap v73+/Misc/SpeakInShip"
[11:08:06.9386637] [Debug  :ainavt.lc.lethalconfig] Registered config "SellMyScrap v73+/Misc/RareVoiceLineChance"
[11:08:06.9386637] [Debug  :ainavt.lc.lethalconfig] Registered config "SellMyScrap v73+/Misc/ShowQuotaWarning"
[11:08:06.9396712] [Debug  :ainavt.lc.lethalconfig] Registered config "SellMyScrap v73+/Scrap Eater/ScrapEaterChance"
[11:08:06.9396712] [Debug  :ainavt.lc.lethalconfig] Registered config "SellMyScrap v73+/Scrap Eater/OctolarSpawnWeight"
[11:08:06.9396712] [Debug  :ainavt.lc.lethalconfig] Registered config "SellMyScrap v73+/Scrap Eater/TakeySpawnWeight"
[11:08:06.9406699] [Debug  :ainavt.lc.lethalconfig] Registered config "SellMyScrap v73+/Scrap Eater/MaxwellSpawnWeight"
[11:08:06.9406699] [Debug  :ainavt.lc.lethalconfig] Registered config "SellMyScrap v73+/Scrap Eater/YippeeSpawnWeight"
[11:08:06.9406699] [Debug  :ainavt.lc.lethalconfig] Registered config "SellMyScrap v73+/Scrap Eater/CookieFumoSpawnWeight"
[11:08:06.9416713] [Debug  :ainavt.lc.lethalconfig] Registered config "SellMyScrap v73+/Scrap Eater/PsychoSpawnWeight"
[11:08:06.9416713] [Debug  :ainavt.lc.lethalconfig] Registered config "SellMyScrap v73+/Scrap Eater/ZombiesSpawnWeight"
[11:08:06.9416713] [Debug  :ainavt.lc.lethalconfig] Registered config "SellMyScrap v73+/Scrap Eater/WolfySpawnWeight"
[11:08:06.9416713] [Debug  :ainavt.lc.lethalconfig] Registered config "SellMyScrap v73+/Scrap Eater/GlitchSpawnWeight"
[11:08:07.0174591] [Warning:SellMyScrap v73+] Error processing method GetValidItemsFromProxies in type ShipInventoryProxy: Could not load file or assembly 'ShipInventoryUpdated, Version=2.0.0.0, Culture=neutral, PublicKeyToken=null' or one of its dependencies.
[11:08:07.0227518] [Warning:SellMyScrap v73+] Error processing method <GetItemsAsProxies>b__11_0 in type <>c: Could not load file or assembly 'ShipInventoryUpdated, Version=2.0.0.0, Culture=neutral, PublicKeyToken=null' or one of its dependencies.
[11:08:07.0227518] [Warning:SellMyScrap v73+] Error processing method set_Instance in type ChuteRetrievePatch: Could not load file or assembly 'ShipInventoryUpdated, Version=2.0.0.0, Culture=neutral, PublicKeyToken=null' or one of its dependencies.
[11:08:07.0227518] [Warning:SellMyScrap v73+] Error processing method AwakePatch in type ChuteRetrievePatch: Could not load file or assembly 'ShipInventoryUpdated, Version=2.0.0.0, Culture=neutral, PublicKeyToken=null' or one of its dependencies.
[11:08:07.0227518] [Warning:SellMyScrap v73+] Error processing method SpawnItemServerPatch in type ChuteRetrievePatch: Could not load file or assembly 'ShipInventoryUpdated, Version=2.0.0.0, Culture=neutral, PublicKeyToken=null' or one of its dependencies.
[11:08:07.0237525] [Info   :   BepInEx] Loading [SellMyScrap v40-v72 1.15.3]
[11:08:07.0247511] [Warning:com.github.zehsteam.SellMyScrap.v40-v72] Skipping SellMyScrap v40-v72 because it targets a different version of Unity (2022.3.9)
[11:08:07.0320012] [Info   :   BepInEx] Loading [LethalCasino 1.1.3]
[11:08:07.0395161] [Info   :mrgrm7.LethalCasino] Using master config difficulty=FUN
[11:08:12.5605634] [Info   :mrgrm7.LethalCasino] Asset bundle loaded successfully
[11:08:12.7187511] [Debug  :LethalCasino] Patching...
[11:08:12.8029928] [Debug  :Jetpack Fixes] Transpiler: Replace "Gravity" with "Inertia"
[11:08:12.8029928] [Debug  :Jetpack Fixes] Transpiler: Replace "Gravity" with "Inertia"
[11:08:12.8029928] [Debug  :Jetpack Fixes] Transpiler: Replace "Gravity" with "Inertia"
[11:08:12.8297095] [Debug  :GeneralImprovements] Patching PlayerControllerB.SetHoverTipAndCurrentInteractionTrigger to remove grab notification when not needed.
[11:08:12.8347115] [Debug  :LethalCasino] Finished Patching!
[11:08:12.8347115] [Info   :LethalCasino] mrgrm7.LethalCasino v1.1.3 has loaded!
[11:08:12.8347115] [Info   :   BepInEx] Loading [Lethal Casino v81 Patch 1.0.0]
[11:08:12.8357112] [Info   :Lethal Casino v81 Patch] Initializing Lethal Casino v81 Patch plugin
[11:08:13.0660627] [Info   :Lethal Casino v81 Patch] Harmony patches applied
[11:08:13.0660627] [Info   :   BepInEx] Loading [Interactive Terminal API 1.3.3]
[11:08:13.0745700] [Debug  :GeneralImprovements] Patching Terminal.ParsePlayerSentence to set dropship item limit to 24.
[11:08:13.0785697] [Info   :Interactive Terminal API] Game managers have been patched
[11:08:13.0839612] [Info   :Interactive Terminal API] Interactive Terminal API 1.3.3 has been loaded successfully.
[11:08:13.0839612] [Info   :   BepInEx] Loading [HotbarPlus 1.8.5]
[11:08:13.0869635] [Info   :HotbarPlus-1.8.5] BindingConfigs
[11:08:13.1060054] [Debug  :Buttery Fixes] Transpiler (GameNetworkManager.SaveGameValues): Cache mold manager
[11:08:13.1060054] [Debug  :Buttery Fixes] Transpiler (GameNetworkManager.SaveGameValues): Cache mold manager
[11:08:13.1940447] [Debug  :GeneralImprovements] Patching Terminal.ParsePlayerSentence to set dropship item limit to 24.
[11:08:13.2056917] [Info   :HotbarPlus-1.8.5] HotbarPlus loaded
[11:08:13.2056917] [Info   :   BepInEx] Loading [BrutalCompanyMinusExtraReborn 1.71.0]
[11:08:14.0926874] [Debug  :Jetpack Fixes] Transpiler: Replace "Gravity" with "Inertia"
[11:08:14.0926874] [Debug  :Jetpack Fixes] Transpiler: Replace "Gravity" with "Inertia"
[11:08:14.0926874] [Debug  :Jetpack Fixes] Transpiler: Replace "Gravity" with "Inertia"
[11:08:14.1542427] [Debug  :GeneralImprovements] Patching TimeOfDay.SetNewProfitQuota to use sold scrap only for overtime bonus.
[11:08:14.1775875] [Debug  :   DawnLib] transpiling Terminal::TextPostProcess with UseFailedNameResults. instructions: 821
[11:08:14.1819320] [Debug  :   DawnLib] transpiling Terminal::TextPostProcess with UseFailedNameResults. instructions: 821
[11:08:14.1829346] [Debug  :GeneralImprovements] Patching Terminal.TextPostProcess to remove \nn typo.
[11:08:14.2563027] [Debug  :ScandalsTweaks] Skipping Landmine transpiler as CruiserImproved is present
[11:08:14.2563027] [Debug  :Buttery Fixes] Transpiler (Landmine.SpawnExplosion): Cache Cruiser script
[11:08:14.2563027] [Debug  :   Coroner] Injecting patch #1 into Landmine.SpawnExplosion...
[11:08:14.2563027] [Debug  :   Coroner]   Success.
[11:08:14.2563027] [Debug  :   Coroner] Injecting patch #2 into Landmine.SpawnExplosion...
[11:08:14.2563027] [Debug  :   Coroner]   Success.
[11:08:14.2563027] [Debug  :   Coroner] Landmine.SpawnExplosion() injected patches successfully.
[11:08:14.2905775] [Debug  :   Coroner] Injecting patch into Turret.Update...
[11:08:14.2905775] [Debug  :   Coroner] Done.
[11:08:14.3310481] [Debug  :ScandalsTweaks] Skipping Landmine transpiler as CruiserImproved is present
[11:08:14.3310481] [Debug  :Buttery Fixes] Transpiler (Landmine.SpawnExplosion): Cache Cruiser script
[11:08:14.3320478] [Debug  :   Coroner] Injecting patch #1 into Landmine.SpawnExplosion...
[11:08:14.3320478] [Debug  :   Coroner]   Success.
[11:08:14.3320478] [Debug  :   Coroner] Injecting patch #2 into Landmine.SpawnExplosion...
[11:08:14.3320478] [Debug  :   Coroner]   Success.
[11:08:14.3320478] [Debug  :   Coroner] Landmine.SpawnExplosion() injected patches successfully.
[11:08:14.3525242] [Debug  :Spawn Cycle Fixes] Transpiler (Spawner): Correct time of day
[11:08:14.3636244] [Debug  :ButteRyBalance] Transpiler (Jetpack): Dynamic inertia
[11:08:14.3636244] [Debug  :Jetpack Fixes] Transpiler: Reverse jetpackPower comparison on isGrounded check (allows for sliding)
[11:08:14.3636244] [Debug  :Jetpack Fixes] Transpiler: Reduce raycast range from 25 to 4
[11:08:14.3636244] [Debug  :Jetpack Fixes] Transpiler: Replace layer mask with custom
[11:08:14.3636244] [Debug  :Jetpack Fixes] Transpiler: Remove 4 unit distance check (redundant)
[11:08:14.3636244] [Debug  :Jetpack Fixes] Transpiler: Replace "Gravity" with "Inertia"
[11:08:14.4256210] [Debug  :Spawn Cycle Fixes] Transpiler (Spawner): Correct time of day
[11:08:14.4505778] [Debug  :GeneralImprovements] Patching Terminal.ParsePlayerSentence to set dropship item limit to 24.
[11:08:14.4725959] [Debug  :Buttery Fixes] Transpiler (RedLocustBees.SpawnHiveClientRpc): Fix "VALUE"
[11:08:14.5309868] [Debug  :Jetpack Fixes] Transpiler: Replace "Gravity" with "Inertia"
[11:08:14.5309868] [Debug  :Jetpack Fixes] Transpiler: Replace "Gravity" with "Inertia"
[11:08:14.5309868] [Debug  :Jetpack Fixes] Transpiler: Replace "Gravity" with "Inertia"
[11:08:14.5648332] [Debug  :   Coroner] Injecting patch into Turret.Update...
[11:08:14.5648332] [Debug  :   Coroner] Done.
[11:08:14.5779338] [Debug  :BrutalCompanyMinusExtraReborn] Patched Section     PlayerControllerB.BeginGrabObject()
[11:08:14.5874473] [Info   :BrutalCompanyMinusExtraReborn] FlipMods.HotbarPlus is present. 
[11:08:14.5889525] [Info   :BrutalCompanyMinusExtraReborn] Successfully patched SyncManager.currentHotbarSize.
[11:08:14.5889525] [Info   :BrutalCompanyMinusExtraReborn] AudioKnight.StarlancerAIFix is present. 
[11:08:14.5889525] [Info   :BrutalCompanyMinusExtraReborn] BrutalCompanyMinusExtraReborn 1.71.0 is done patching.
[11:08:14.5889525] [Info   :BrutalCompanyMinusExtraReborn] Time adjustment is enabled.
[11:08:14.5899566] [Info   :   BepInEx] Loading [More Ship Upgrades 3.14.1]
[11:08:14.6492696] [Debug  :     CSync] Successfully registered config instance InstanceKey { Guid = com.malco.lethalcompany.moreshipupgrades, AssemblyQualifiedName = MoreShipUpgrades.Configuration.LategameConfiguration, MoreShipUpgrades, Version=0.0.0.0, Culture=neutral, PublicKeyToken=null }.
[11:08:15.5997514] [Info   :More Ship Upgrades] Registed sample for the enemy "centipede"...
[11:08:15.6107714] [Info   :More Ship Upgrades] Registed sample for the enemy "bunker spider"...
[11:08:15.6137684] [Info   :More Ship Upgrades] Registed sample for the enemy "hoarding bug"...
[11:08:15.6157678] [Info   :More Ship Upgrades] Registed sample for the enemy "flowerman"...
[11:08:15.6167675] [Info   :More Ship Upgrades] Registed sample for the enemy "mouthdog"...
[11:08:15.6177673] [Info   :More Ship Upgrades] Registed sample for the enemy "baboon hawk"...
[11:08:15.6202728] [Info   :More Ship Upgrades] Registed sample for the enemy "crawler"...
[11:08:15.6212770] [Info   :More Ship Upgrades] Registed sample for the enemy "forestgiant"...
[11:08:15.6232763] [Info   :More Ship Upgrades] Registed sample for the enemy "manticoil"...
[11:08:15.6242764] [Info   :More Ship Upgrades] Registed sample for the enemy "tulip snake"...
[11:08:15.6262757] [Info   :More Ship Upgrades] Registed sample for the enemy "bush wolf"...
[11:08:15.6272763] [Info   :More Ship Upgrades] Registed sample for the enemy "puffer"...
[11:08:15.6297907] [Info   :More Ship Upgrades] Registed sample for the enemy "maneater"...
[11:08:15.6317885] [Info   :More Ship Upgrades] Registed sample for the enemy "giantkiwi"...
[11:08:15.6357892] [Info   :More Ship Upgrades] Items have been setup
[11:08:15.6357892] [Info   :More Ship Upgrades] Commands have been setup
[11:08:15.6571300] [Info   :More Ship Upgrades] Upgrades have been setup
[11:08:15.7218568] [Debug  :Buttery Fixes] Transpiler (RedLocustBees.SpawnHiveClientRpc): Fix "VALUE"
[11:08:15.7268548] [Info   :More Ship Upgrades] Enemies have been patched
[11:08:15.7487968] [Info   :More Ship Upgrades] HUD has been patched
[11:08:15.7513116] [Debug  :GeneralImprovements] Patching DoorLock Update() to update hovertip when a key is in inventory.
[11:08:15.7739291] [Debug  :GeneralImprovements] Patching ShipTeleporter.beamUpPlayer to include radar boosters.
[11:08:15.7739291] [Debug  :GeneralImprovements] Patching ShipTeleporter.beamUpPlayer to drop dead bodies properly.
[11:08:15.7794325] [Debug  :GeneralImprovements] Patching ShipTeleporter.beamOutPlayer to include radar boosters.
[11:08:15.7930256] [Debug  :ScandalsTweaks] Skipping Landmine transpiler as CruiserImproved is present
[11:08:15.7930256] [Debug  :Buttery Fixes] Transpiler (Landmine.SpawnExplosion): Cache Cruiser script
[11:08:15.7930256] [Debug  :   Coroner] Injecting patch #1 into Landmine.SpawnExplosion...
[11:08:15.7930256] [Debug  :   Coroner]   Success.
[11:08:15.7930256] [Debug  :   Coroner] Injecting patch #2 into Landmine.SpawnExplosion...
[11:08:15.7930256] [Debug  :   Coroner]   Success.
[11:08:15.7930256] [Debug  :   Coroner] Landmine.SpawnExplosion() injected patches successfully.
[11:08:15.7985285] [Debug  :   Coroner] Injecting patch into Turret.Update...
[11:08:15.7985285] [Debug  :   Coroner] Done.
[11:08:15.8060414] [Info   :More Ship Upgrades] Interactables have been patched
[11:08:15.8250703] [Debug  :ButteRyBalance] Transpiler (Knife): Dynamic cooldown
[11:08:15.8939164] [Debug  :ButteRyBalance] Transpiler (Jetpack): Dynamic inertia
[11:08:15.8939164] [Debug  :Jetpack Fixes] Transpiler: Reverse jetpackPower comparison on isGrounded check (allows for sliding)
[11:08:15.8939164] [Debug  :Jetpack Fixes] Transpiler: Reduce raycast range from 25 to 4
[11:08:15.8939164] [Debug  :Jetpack Fixes] Transpiler: Replace layer mask with custom
[11:08:15.8939164] [Debug  :Jetpack Fixes] Transpiler: Remove 4 unit distance check (redundant)
[11:08:15.8939164] [Debug  :Jetpack Fixes] Transpiler: Replace "Gravity" with "Inertia"
[11:08:15.8978978] [Info   :More Ship Upgrades] Items have been patched
[11:08:15.9211575] [Debug  :BrutalCompanyMinusExtraReborn] Patched Section     PlayerControllerB.BeginGrabObject()
[11:08:15.9838547] [Debug  :Jetpack Fixes] Transpiler: Replace "Gravity" with "Inertia"
[11:08:15.9838547] [Debug  :Jetpack Fixes] Transpiler: Replace "Gravity" with "Inertia"
[11:08:15.9838547] [Debug  :Jetpack Fixes] Transpiler: Replace "Gravity" with "Inertia"
[11:08:16.0509359] [Debug  :GeneralImprovements] Patching PlayerControllerB.SetHoverTipAndCurrentInteractionTrigger to remove grab notification when not needed.
[11:08:16.0767569] [Debug  :Buttery Fixes] Transpiler (RoundManager.GenerateNewLevelClientRpc): Cache mold manager
[11:08:16.0767569] [Debug  :Buttery Fixes] Transpiler (RoundManager.GenerateNewLevelClientRpc): Cache mold manager
[11:08:16.0957786] [Debug  :GeneralImprovements] Patching LoadShipGrabbableItems to include item rotations.
[11:08:16.1343254] [Debug  :GeneralImprovements] Patching TimeOfDay.SetNewProfitQuota to use sold scrap only for overtime bonus.
[11:08:16.1468797] [Debug  :GeneralImprovements] Patching Terminal.ParsePlayerSentence to set dropship item limit to 24.
[11:08:16.1549702] [Debug  :ButteRyBalance] Transpiler (Terminal): Fix discount calculations
[11:08:16.1654705] [Debug  :GeneralImprovements] Patching Terminal.LoadNewNodeIfAffordable to set dropship item limit to 24.
[11:08:16.1654705] [Debug  :Buttery Fixes] Transpiler (Terminal.LoadNewNodeIfAffordable): Cache Cruiser script
[11:08:16.1654705] [Debug  :Buttery Fixes] Transpiler (Survival kit): Stun grenade -> shovel
[11:08:16.1654705] [Debug  :Buttery Fixes] Transpiler (Survival kit): Boomboxes -> walkie-talkies
[11:08:16.1920352] [Info   :More Ship Upgrades] Game managers have been patched
[11:08:16.1990492] [Info   :More Ship Upgrades] Weathers have been patched
[11:08:16.2000569] [Info   :More Ship Upgrades] Brutal Company Minus Extra has been detected. Proceeding to patch...
[11:08:16.2260850] [Info   :More Ship Upgrades] Patched Brutal Company Minus Extra mod related components for correct behaviour on Midas Touch upgrade for scrap that is spawned by Brutal's events/ScrapAmount multiplier stat. If any issues arise related to the scrap value calculation when both LGU and BCME mods are present, report to LGU first.
[11:08:16.2260850] [Info   :More Ship Upgrades] More Ship Upgrades 3.14.1 has been loaded successfully.
[11:08:16.2270879] [Info   :   BepInEx] Loading [S1.42AK Black Mesa Deep Sewers Size Fix 1.0.0]
[11:08:16.2901148] [Info   :S1.42AK Black Mesa Deep Sewers Size Fix] [BMDSFIX1] ARMED exact LethalLevelLoader 1.7.12 GetClampedDungeonSize postfix; target=Black Mesa/DeepSewersFlow; clamp=1.0
[11:08:16.2951185] [Info   :   BepInEx] Loading [AmbientToggle 0.0.1]
[11:08:16.2971182] [Info   :   BepInEx] Loading [LethalSettings 1.4.1]
[11:08:16.3972337] [Info   :   BepInEx] Loading [Locker 1.6.3]
[11:08:16.4759790] [Info   :    Locker] Loaded asset bundle from path: C:\Users\Milan\AppData\Roaming\com.kesomannen.gale\lethal-company\profiles\LC V1 S1.42AK-LFD1\BepInEx\plugins\zealsprince-Locker\Locker
[11:08:16.4814045] [Debug  :    Locker] Found asset: assets/exported/locker/enemies/locker.prefab
[11:08:16.4814045] [Debug  :    Locker] Found asset: assets/exported/locker/enemies/lockerenemy.asset
[11:08:16.4814045] [Debug  :    Locker] Found asset: assets/exported/locker/enemies/lockerkeyword.asset
[11:08:16.4814045] [Debug  :    Locker] Found asset: assets/exported/locker/enemies/lockerterminalnode.asset
[11:08:16.4874019] [Debug  :PathfindingLib] Changed prefabbed NavMeshAgent Locker's area mask from 0x0000064F to 0x0200064F to allow traversal of non-smart off-mesh links.
[11:08:16.4941226] [Info   :   BepInEx] Loading [darmuhsTerminalStuff 3.10.1]
[11:08:16.4961225] [Info   :darmuhsTerminalStuff] darmuhsTerminalStuff is loaded with version 3.10.1!
Upgrading your terminal!!!
[11:08:16.5151171] [Message:darmuhsTerminalStuff] MoonsPlus Default Styling: Weather, Price
[11:08:16.5256281] [Warning:darmuhsTerminalStuff] Unable to load video files from path configuration: darmuh-darmuhsTerminalVideos
[11:08:16.5319471] [Debug  :   DawnLib] transpiling Terminal::TextPostProcess with UseFailedNameResults. instructions: 821
[11:08:16.5359454] [Debug  :   DawnLib] transpiling Terminal::TextPostProcess with UseFailedNameResults. instructions: 821
[11:08:16.5369475] [Debug  :GeneralImprovements] Patching Terminal.TextPostProcess to remove \nn typo.
[11:08:16.5454295] [Info   :darmuhsTerminalStuff] BeginUsingTerminal Transpiler Initialized
[11:08:16.5604880] [Info   :darmuhsTerminalStuff] BeginUsingTerminal - Transpiler removed matching instruction
[ 1 ] lines changed
[11:08:16.5604880] [Info   :darmuhsTerminalStuff] BeginUsingTerminal - Transpiler removed matching instruction
[ 2 ] lines changed
[11:08:16.5604880] [Info   :darmuhsTerminalStuff] BeginUsingTerminal - Transpiler removed matching instruction
[ 3 ] lines changed
[11:08:16.5654941] [Info   :darmuhsTerminalStuff] BuyItemsServerRpc Transpiler Initialized
[11:08:16.5654941] [Info   :darmuhsTerminalStuff] BuyItemsServerRpc - Transpiler success!
[ 1 ] lines changed
[11:08:16.5710004] [Debug  :GeneralImprovements] Patching Terminal.LoadNewNodeIfAffordable to set dropship item limit to 24.
[11:08:16.5710004] [Debug  :Buttery Fixes] Transpiler (Terminal.LoadNewNodeIfAffordable): Cache Cruiser script
[11:08:16.5710004] [Debug  :Buttery Fixes] Transpiler (Survival kit): Stun grenade -> shovel
[11:08:16.5710004] [Debug  :Buttery Fixes] Transpiler (Survival kit): Boomboxes -> walkie-talkies
[11:08:16.5720010] [Info   :darmuhsTerminalStuff] LoadNewNodeIfAffordable Transpiler Initialized
[11:08:16.5770036] [Info   :darmuhsTerminalStuff] SyncBoughtItemsWithServer Transpiler Initialized
[11:08:16.5770036] [Info   :darmuhsTerminalStuff] SyncBoughtItemsWithServer replaced 12 in favor of maxitems config!
[ 1 ] lines changed
[11:08:16.5801026] [Debug  :GeneralImprovements] Patching Terminal.ParsePlayerSentence to set dropship item limit to 24.
[11:08:16.5811039] [Info   :darmuhsTerminalStuff] ParsePlayerSentence Transpiler Initialized
[11:08:16.5811039] [Info   :darmuhsTerminalStuff] ParsePlayerSentence patched in favor of maxitems config!
[ 1 ] lines changed
[11:08:16.6257273] [Info   :   BepInEx] Loading [More Suits 1.5.4]
[11:08:16.6312396] [Info   :More Suits] Plugin More Suits is loaded!
[11:08:16.6362402] [Info   :   BepInEx] Loading [45x Anime Models 1.5.1]
[11:08:16.6372391] [Info   :dev.45x.45xanimemodels] Loading Plugin: dev.45x.45xanimemodels
[11:08:16.6460471] [Info   :   Console] 45x_Anime_Models.modelBundle
[11:08:24.0652586] [Info   :meow.ModelReplacementAPI] Registering body replacement type ffxanimemodels.YaeNeonModel to suit name yaesakura[neonshade].
[11:08:24.0652586] [Info   :meow.ModelReplacementAPI] Registering body replacement type ffxanimemodels.TheresaLunarModel to suit name theresa[lunarvow].
[11:08:24.0652586] [Info   :meow.ModelReplacementAPI] Registering body replacement type ffxanimemodels.WeedyModel to suit name weedy.
[11:08:24.0652586] [Info   :meow.ModelReplacementAPI] Registering body replacement type ffxanimemodels.RolandModel to suit name roland.
[11:08:24.0652586] [Info   :meow.ModelReplacementAPI] Registering body replacement type ffxanimemodels.AnbyModel to suit name anby.
[11:08:24.0652586] [Info   :meow.ModelReplacementAPI] Registering body replacement type ffxanimemodels.SparkleModel to suit name sparkle.
[11:08:24.0652586] [Info   :meow.ModelReplacementAPI] Registering body replacement type ffxanimemodels.RubyModel to suit name rubyrose.
[11:08:24.0652586] [Info   :meow.ModelReplacementAPI] Registering body replacement type ffxanimemodels.RubyTimeskipModel to suit name rubyrose[timeskip].
[11:08:24.0652586] [Info   :meow.ModelReplacementAPI] Registering body replacement type ffxanimemodels.YangModel to suit name yangxiaolong.
[11:08:24.0652586] [Info   :meow.ModelReplacementAPI] Registering body replacement type ffxanimemodels.YangTimeskipModel to suit name yangxiaolong[timeskip].
[11:08:24.0652586] [Info   :meow.ModelReplacementAPI] Registering body replacement type ffxanimemodels.WeissModel to suit name weissschnee.
[11:08:24.0652586] [Info   :meow.ModelReplacementAPI] Registering body replacement type ffxanimemodels.WeissTimeskipModel to suit name weissschnee[timeskip].
[11:08:24.0652586] [Info   :meow.ModelReplacementAPI] Registering body replacement type ffxanimemodels.BlakeModel to suit name blakebelladonna.
[11:08:24.0652586] [Info   :meow.ModelReplacementAPI] Registering body replacement type ffxanimemodels.BlakeTimeskipModel to suit name blakebelladonna[timeskip].
[11:08:24.0652586] [Info   :meow.ModelReplacementAPI] Registering body replacement type ffxanimemodels.MostimaModel to suit name mostima.
[11:08:24.0652586] [Info   :meow.ModelReplacementAPI] Registering body replacement type ffxanimemodels.MostimaMaidModel to suit name mostima[maid].
[11:08:24.0652586] [Info   :meow.ModelReplacementAPI] Registering body replacement type ffxanimemodels.ZeroTwoModel to suit name zerotwo.
[11:08:24.0652586] [Info   :meow.ModelReplacementAPI] Registering body replacement type ffxanimemodels.ZeroTwoRedSuitModel to suit name zerotwo[redsuit].
[11:08:24.0652586] [Info   :meow.ModelReplacementAPI] Registering body replacement type ffxanimemodels.ZeroTwoWhiteSuitModel to suit name zerotwo[whitesuit].
[11:08:24.0652586] [Info   :meow.ModelReplacementAPI] Registering body replacement type ffxanimemodels.ZeroTwoSchoolModel to suit name zerotwo[school].
[11:08:24.0652586] [Info   :meow.ModelReplacementAPI] Registering body replacement type ffxanimemodels.KianaModel to suit name kiana.
[11:08:24.0652586] [Info   :meow.ModelReplacementAPI] Registering body replacement type ffxanimemodels.KianaFinalityModel to suit name kiana[finality].
[11:08:24.0652586] [Info   :meow.ModelReplacementAPI] Registering body replacement type ffxanimemodels.MayanoModel to suit name mayanotopgun.
[11:08:24.0652586] [Info   :meow.ModelReplacementAPI] Registering body replacement type ffxanimemodels.MayanoSchoolModel to suit name mayanotopgun[school].
[11:08:24.0662575] [Info   :meow.ModelReplacementAPI] Registering body replacement type ffxanimemodels.SuzukaModel to suit name silencesuzuka.
[11:08:24.0662575] [Info   :meow.ModelReplacementAPI] Registering body replacement type ffxanimemodels.SuzukaSchoolModel to suit name silencesuzuka[school].
[11:08:24.0662575] [Info   :meow.ModelReplacementAPI] Registering body replacement type ffxanimemodels.MejiroModel to suit name mejiromcqueen.
[11:08:24.0662575] [Info   :meow.ModelReplacementAPI] Registering body replacement type ffxanimemodels.MejiroSchoolModel to suit name mejiromcqueen[school].
[11:08:24.0662575] [Info   :meow.ModelReplacementAPI] Registering body replacement type ffxanimemodels.ChevalModel to suit name chevalgrand.
[11:08:24.0662575] [Info   :meow.ModelReplacementAPI] Registering body replacement type ffxanimemodels.ChevalSchoolModel to suit name chevalgrand[school].
[11:08:24.0662575] [Info   :meow.ModelReplacementAPI] Registering body replacement type ffxanimemodels.FaustModel to suit name faust.
[11:08:24.0662575] [Info   :dev.45x.45xanimemodels] Plugin dev.45x.45xanimemodels is loaded! Took 7420ms
[11:08:24.0662575] [Info   :   BepInEx] Loading [ImmortalSnailFork 0.1.0]
[11:08:24.0697683] [Info   :ImmortalSnailFork] Loading a mod by swAAn

                                    _
                                ,-"" "".
                              ,'  ____  `.
                            ,'  ,'    `.  `._
   (`.         _..--.._   ,'  ,'        \    \
  (`-.\    .-""        ""'   /          (  d _b
 (`._  `-"" ,._             (            `-(   \
 <_  `     (  <`<            \              `-._\
  <`-       (__< <           :
   (__        (_<_<          ;
    `~~~~~~~~~~~~~~~~~~~~~~~~~~~~~~~~~~~~~~~~~~~~~~~~~~~
[11:08:24.0757698] [Info   :ImmortalSnailFork] 
         __,._
        /  _  \
       |  6 \  \  oo
        \___/ .|__||
 __,..=" ^  . , "  ,\
<.__________________/
[11:08:24.1113372] [Debug  :PathfindingLib] Changed prefabbed NavMeshAgent default_snail's area mask from 0xFFFFFFFF to 0xFFFFFFFF to allow traversal of non-smart off-mesh links.
[11:08:24.1113372] [Info   :ImmortalSnailFork] Configuring Snail.
[11:08:24.1123390] [Info   :ImmortalSnailFork] Applying User-Defined Configuration Settings
[11:08:24.1123390] [Info   :ImmortalSnailFork] Registering Snail as Enemy
[11:08:24.1123390] [Info   :   BepInEx] Loading [NavMeshInCompany 1.0.3]
[11:08:24.1188421] [Warning: Unity Log] The referenced script (NodeHelper) on this Behaviour is missing!
[11:08:24.1188421] [Warning: Unity Log] The referenced script on this Behaviour (Game Object 'CompanyNavSurface') is missing!
[11:08:24.1228461] [Info   :   BepInEx] Loading [Dungeon Generation Plus 1.5.1]
[11:08:24.1238458] [Info   :dev.ladyalice.dungenplus] Plugin Dungeon Generation Plus has been added!
[11:08:24.2390474] [Debug  :dev.ladyalice.dungenplus] Loading resource DunGenPlus.dungen
[11:08:24.2700886] [Debug  :dev.ladyalice.dungenplus] Loading asset DevDebug
[11:08:24.2700886] [Info   :   BepInEx] Loading [BetterStamina 1.5.7]
[11:08:24.2730885] [Info   :BetterStamina-1.5.7] Binding Configs
[11:08:24.3341717] [Debug  :Jetpack Fixes] Transpiler: Replace "Gravity" with "Inertia"
[11:08:24.3341717] [Debug  :Jetpack Fixes] Transpiler: Replace "Gravity" with "Inertia"
[11:08:24.3341717] [Debug  :Jetpack Fixes] Transpiler: Replace "Gravity" with "Inertia"
[11:08:24.4121553] [Debug  :Jetpack Fixes] Transpiler: Replace "Gravity" with "Inertia"
[11:08:24.4121553] [Debug  :Jetpack Fixes] Transpiler: Replace "Gravity" with "Inertia"
[11:08:24.4121553] [Debug  :Jetpack Fixes] Transpiler: Replace "Gravity" with "Inertia"
[11:08:24.4731644] [Info   :BetterStamina-1.5.7] BetterStamina loaded
[11:08:24.4741654] [Info   :   BepInEx] Loading [CompanyBuildingEnhancements 2.6.0]
[11:08:24.5371403] [Debug  :Jetpack Fixes] Transpiler: Replace "Gravity" with "Inertia"
[11:08:24.5371403] [Debug  :Jetpack Fixes] Transpiler: Replace "Gravity" with "Inertia"
[11:08:24.5371403] [Debug  :Jetpack Fixes] Transpiler: Replace "Gravity" with "Inertia"
[11:08:24.5898140] [Debug  :GeneralImprovements] Patching Terminal.ParsePlayerSentence to set dropship item limit to 24.
[11:08:24.5898140] [Info   :darmuhsTerminalStuff] ParsePlayerSentence Transpiler Initialized
[11:08:24.5898140] [Info   :darmuhsTerminalStuff] ParsePlayerSentence patched in favor of maxitems config!
[ 1 ] lines changed
[11:08:24.5948147] [Info   :Dreamweave.CompanyBuildingEnhancements] Company Building Enhancements loaded successfully
[11:08:24.5999251] [Info   :   BepInEx] Loading [Lethal Doors Fixed 1.2.0]
[11:08:24.6035086] [Info   :Lethal Doors Fixed] Lethal Doors Fixed Loaded
[11:08:24.6090181] [Info   :   BepInEx] Loading [Sell Bodies 1.14.0]
[11:08:27.3553412] [Info   :Sell Bodies] Set Hoarding bug to drop Dead Hoarder Bug
[11:08:27.3618496] [Info   :Sell Bodies] Set Bunker Spider to drop Dead Bunker Spider
[11:08:27.3638510] [Info   :Sell Bodies] Set Crawler to drop Dead Thumper
[11:08:27.3658505] [Info   :Sell Bodies] Set Centipede to drop Dead Snare Flea
[11:08:27.3668493] [Info   :Sell Bodies] Set Nutcracker to drop Dead Nutcracker
[11:08:27.3678515] [Info   :Sell Bodies] Set Flowerman to drop Bracken Remains
[11:08:27.3688505] [Info   :Sell Bodies] Set Baboon hawk to drop Dead Baboon Hawk
[11:08:27.3698917] [Info   :Sell Bodies] Set MouthDog to drop Eyeless Dog Teeth
[11:08:27.3744011] [Info   :Sell Bodies] Set Spring to drop Coil-Head Core
[11:08:27.3773984] [Info   :Sell Bodies] Set Girl to drop Vials of Ectoplasm
[11:08:27.3819099] [Info   :Sell Bodies] Set ForestGiant to drop Forest Keeper Sapling
[11:08:27.3829071] [Info   :Sell Bodies] Set Jester to drop Jester Box
[11:08:27.3839068] [Info   :Sell Bodies] Set Blob to drop Dead Hygrodere
[11:08:27.3839068] [Info   :Sell Bodies] Set Puffer to drop Dead Spore Lizard
[11:08:27.3849095] [Info   :Sell Bodies] Set Manticoil to drop Dead Manticoil
[11:08:27.3889074] [Info   :Sell Bodies] Set RadMech to drop Old Bird Core
[11:08:27.3899534] [Info   :Sell Bodies] Set Tulip Snake to drop Dead Tulip Snake
[11:08:27.3899534] [Info   :Sell Bodies] Set Clay Surgeon to drop Clay Surgeon Scissors
[11:08:27.3909553] [Info   :Sell Bodies] Set Bush Wolf to drop Kidnapper Fox Tail
[11:08:27.3919538] [Info   :Sell Bodies] Set Maneater to drop Dead Maneater
[11:08:27.3949555] [Info   :Sell Bodies] Set Stingray to drop Dead Backwater Gunkfish
[11:08:27.3969528] [Info   :Sell Bodies] Set Cadaver Bloom to drop Cadaver Flower
[11:08:27.3989558] [Info   :Sell Bodies] Set Feiopar to drop Feiopar Head
[11:08:27.4009987] [Info   :Sell Bodies] Set ModdedEnemyPowerLevel1 to drop Common Enemy Remains
[11:08:27.4019976] [Info   :Sell Bodies] Set ModdedEnemyPowerLevel2 to drop Rare Enemy Remains
[11:08:27.4039983] [Info   :Sell Bodies] Set ModdedEnemyPowerLevel3 to drop UltraRare Enemy Remains
[11:08:27.4168460] [Info   :Sell Bodies] Sell Bodies is patched!
[11:08:27.4168460] [Info   :   BepInEx] Loading [SpiderPositionFix 1.6.5]
[11:08:27.4193547] [Debug  :SpiderPositionFix] Patching spider position fix...
[11:08:27.4429391] [Warning:SpiderPositionFix] Fired Transpiller
[11:08:27.4439428] [Warning:SpiderPositionFix] Transpiller Finished
[11:08:27.4479392] [Debug  :SpiderPositionFix] Finished patching!
[11:08:27.4489406] [Info   :SpiderPositionFix] fandovec03.SpiderPositionFix v1.6.5 has loaded!
[11:08:27.4489406] [Info   :   BepInEx] Loading [FasterItemDropship 1.3.1]
[11:08:27.4510431] [Info   :FasterItemDropship] BindingConfigs
[11:08:27.4675579] [Info   :FasterItemDropship] FasterItemDropship loaded
[11:08:27.4675579] [Info   :   BepInEx] Loading [ReservedItemSlotCore 2.0.41]
[11:08:27.4700677] [Info   :ReservedItemSlotCore-2.0.41] BindingConfigs
[11:08:27.5072380] [Debug  :Buttery Fixes] Transpiler (GameNetworkManager.SaveGameValues): Cache mold manager
[11:08:27.5072380] [Debug  :Buttery Fixes] Transpiler (GameNetworkManager.SaveGameValues): Cache mold manager
[11:08:27.6047461] [Debug  :BrutalCompanyMinusExtraReborn] Patched Section     PlayerControllerB.BeginGrabObject()
[11:08:27.6474861] [Info   :darmuhsTerminalStuff] BeginUsingTerminal Transpiler Initialized
[11:08:27.6632412] [Info   :darmuhsTerminalStuff] BeginUsingTerminal - Transpiler removed matching instruction
[ 1 ] lines changed
[11:08:27.6632412] [Info   :darmuhsTerminalStuff] BeginUsingTerminal - Transpiler removed matching instruction
[ 2 ] lines changed
[11:08:27.6632412] [Info   :darmuhsTerminalStuff] BeginUsingTerminal - Transpiler removed matching instruction
[ 3 ] lines changed
[11:08:27.6672392] [Debug  :   DawnLib] transpiling Terminal::TextPostProcess with UseFailedNameResults. instructions: 821
[11:08:27.6712744] [Debug  :   DawnLib] transpiling Terminal::TextPostProcess with UseFailedNameResults. instructions: 821
[11:08:27.6732753] [Debug  :GeneralImprovements] Patching Terminal.TextPostProcess to remove \nn typo.
[11:08:27.6793252] [Debug  :GeneralImprovements] Patching Terminal.ParsePlayerSentence to set dropship item limit to 24.
[11:08:27.6793252] [Info   :darmuhsTerminalStuff] ParsePlayerSentence Transpiler Initialized
[11:08:27.6793252] [Info   :darmuhsTerminalStuff] ParsePlayerSentence patched in favor of maxitems config!
[ 1 ] lines changed
[11:08:27.7109738] [Info   :ReservedItemSlotCore-2.0.41] ReservedItemSlotCore loaded
[11:08:27.7109738] [Info   :   BepInEx] Loading [ReservedFlashlightSlot 2.0.10]
[11:08:27.7139812] [Info   :ReservedFlashlightSlot-2.0.10] BindingConfigs
[11:08:27.7220232] [Info   :ReservedItemSlotCore-2.0.41] Created ReservedItemSlotData for: flashlight. Slot priority: 200
[11:08:27.7275384] [Debug  :GeneralImprovements] Patched FlashlightItem.EquipItem
[11:08:27.7380550] [Info   :ReservedFlashlightSlot-2.0.10] ReservedFlashlightSlot loaded
[11:08:27.7380550] [Info   :   BepInEx] Loading [ReservedSprayPaintSlot 1.1.3]
[11:08:27.7401760] [Info   :ReservedSprayPaintSlot-1.1.3] BindingConfigs
[11:08:27.7471715] [Info   :ReservedItemSlotCore-2.0.41] Created ReservedItemSlotData for: spray_paint. Slot priority: 25
[11:08:27.7491731] [Debug  :GeneralImprovements] Patching out old spray can random color assignment.
[11:08:27.7573673] [Info   :ReservedSprayPaintSlot-1.1.3] ReservedSprayPaintSlot loaded
[11:08:27.7573673] [Info   :   BepInEx] Loading [ReservedUtilitySlot 1.0.7]
[11:08:27.7588728] [Info   :ReservedUtilitySlot-1.0.7] BindingConfigs
[11:08:27.7678798] [Info   :ReservedItemSlotCore-2.0.41] Created ReservedItemSlotData for: utility. Slot priority: 80
[11:08:27.7678798] [Info   :ReservedItemSlotCore-2.0.41] Created ReservedItemSlotData for: key_slot. Slot priority: -50
[11:08:27.7749791] [Info   :ReservedUtilitySlot-1.0.7] ReservedUtilitySlot loaded
[11:08:27.7749791] [Info   :   BepInEx] Loading [ReservedWalkieSlot 2.0.7]
[11:08:27.7770448] [Info   :ReservedWalkieSlot-2.0.7] BindingConfigs
[11:08:27.7835563] [Info   :ReservedItemSlotCore-2.0.41] Created ReservedItemSlotData for: walkie_talkie. Slot priority: 150
[11:08:27.7950656] [Info   :ReservedWalkieSlot-2.0.7] ReservedWalkieSlot loaded
[11:08:27.7950656] [Info   :   BepInEx] Loading [ReservedWeaponSlot 1.1.5]
[11:08:27.7970632] [Info   :ReservedWeaponSlot-1.1.5] BindingConfigs
[11:08:27.8062810] [Info   :ReservedItemSlotCore-2.0.41] Created ReservedItemSlotData for: weapons. Slot priority: 100
[11:08:27.8062810] [Info   :ReservedItemSlotCore-2.0.41] Created ReservedItemSlotData for: ammo. Slot priority: -10
[11:08:27.8150240] [Info   :ReservedWeaponSlot-1.1.5] ReservedWeaponSlot loaded
[11:08:27.8165278] [Info   :   BepInEx] Loading [ManuLib 1.0.0]
[11:08:27.8175346] [Info   :   ManuLib] ManuLib loaded. Printing Stewie.
[11:08:27.8290749] [Info   :   ManuLib]  
[11:08:27.8290749] [Info   :   ManuLib]                        gggÞÇÇ6ÞÇÇÞggg   
[11:08:27.8290749] [Info   :   ManuLib]                  ggGÞü3llll****l****‡63Þg    
[11:08:27.8290749] [Info   :   ManuLib]                GÞ6‡‡l*******************lüGg    
[11:08:27.8290749] [Info   :   ManuLib]              gÞ3ül************************llÞg    
[11:08:27.8290749] [Info   :   ManuLib]            gG3‡l***3l************************3g   
[11:08:27.8290749] [Info   :   ManuLib]           g6‡‡l*******‡‡ü3*******************l*üg 
[11:08:27.8290749] [Info   :   ManuLib]         G6ü3‡l***‡üül*363**************3üü3‡ll**lG   
[11:08:27.8290749] [Info   :   ManuLib]         Þü6‡‡l**ü‡l*****l6*************‡6l*l6‡***üÞ  
[11:08:27.8290749] [Info   :   ManuLib]         ggÞ3‡l*lü***6GÞÞÇ63***********ü‡*****l6***6g 
[11:08:27.8290749] [Info   :   ManuLib]           G3‡l**6**¯¯¯¯¯¯ül******ül**lü‡l‡Þ33üÇl***3Ç
[11:08:27.8290749] [Info   :   ManuLib]            Þ3‡l**ü‡¯¯¯¯*3l*******lü***3*¯¯¯¯¯¯6l**‡3Ç
[11:08:27.8290749] [Info   :   ManuLib]             g63l***l33‡******‡***3l***l6l¯¯¯lü***3G  
[11:08:27.8290749] [Info   :   ManuLib]               gÇ‡l************l3Þ63******lll***lÞg   
[11:08:27.8290749] [Info   :   ManuLib]                 gÞül*************************lÇG   
[11:08:27.8290749] [Info   :   ManuLib]                    gÞ63l******************‡üÞg       
[11:08:27.8290749] [Info   :   ManuLib]                      g63üÞÇü3‡‡‡ll‡‡‡3ü6Gg           
[11:08:27.8290749] [Info   :   ManuLib]                      Þ‡‡‡3ÞÇÞ‡36üÞÇÇ**‡G      
[11:08:27.8290749] [Info   :   ManuLib]                     gü‡l***3‡***6Ç63l**Ç        
[11:08:27.8290749] [Info   :   ManuLib]                     g3‡‡*******‡Ç‡*****Þ    
[11:08:27.8290749] [Info   :   ManuLib]                     g63663‡l‡üÇÇÞ‡ll‡üÞ     
[11:08:27.8290749] [Info   :   ManuLib]                     GÞÞÞÇÇÞÞÇÇÇÇÇÇÇÇÇÇg    
[11:08:27.8290749] [Info   :   ManuLib]                     GÇÇÇÇÇÇÇÇÇÇÇÇÇÇÇÇ6g   
[11:08:27.8290749] [Info   :   ManuLib]                     GÞÇÇÇÇÇÇÇÇÇÇÇÇÇÇ66g 
[11:08:27.8290749] [Info   :   ManuLib]                     gGÇÞÇÇÇÇÇÇÇÇÇÇÇÇüG    
[11:08:27.8290749] [Info   :   ManuLib]                      gÞÇÇÇÇÇÇÇÇÞÇÇÇÇÇg   
[11:08:27.8290749] [Info   :   ManuLib]                      gÞÞÇÇÇÇÇ6ÞÇÇÇÇÇÇg   
[11:08:27.8290749] [Info   :   ManuLib]                      gÞÞÞÞÇ6üü6ÞÇ63‡llüG       
[11:08:27.8290749] [Info   :   ManuLib]                      Þ333‡llllll6‡lllllüg    
[11:08:27.8290749] [Info   :   ManuLib]                      gÞü3l‡ll‡‡3Þgggggg  
[11:08:27.8290749] [Info   :   ManuLib]  
[11:08:27.8290749] [Info   :   ManuLib] Print sucessful. Enjoy your Stewie.
[11:08:27.8290749] [Info   :   BepInEx] Loading [Generic interior modifications 1.0.0]
[11:08:27.8325688] [Info   :       Cat] Meow?
[11:08:27.8460807] [Info   :   BepInEx] Loading [Fair AI 1.6.0]
[11:08:27.8553608] [Info   :GoldenKitten.FairAI] [RPC-INIT-DIAG] Invoking initializer: __GEN.NetworkVariableSerializationHelper.InitializeSerialization
[11:08:27.8618695] [Info   :GoldenKitten.FairAI] NetcodePatcher RPC initializers invoked. (1 total)
[11:08:27.8859453] [Debug  :Buttery Fixes] Transpiler (Bracken damage): Remove aggro on hit (replace with postfix)
[11:08:27.8998575] [Debug  :   Coroner] Injecting patch into Turret.Update...
[11:08:27.8998575] [Debug  :   Coroner] Done.
[11:08:27.9188857] [Debug  :ScandalsTweaks] Skipping Landmine transpiler as CruiserImproved is present
[11:08:27.9188857] [Debug  :Buttery Fixes] Transpiler (Landmine.SpawnExplosion): Cache Cruiser script
[11:08:27.9188857] [Debug  :   Coroner] Injecting patch #1 into Landmine.SpawnExplosion...
[11:08:27.9188857] [Debug  :   Coroner]   Success.
[11:08:27.9188857] [Debug  :   Coroner] Injecting patch #2 into Landmine.SpawnExplosion...
[11:08:27.9188857] [Debug  :   Coroner]   Success.
[11:08:27.9188857] [Debug  :   Coroner] Landmine.SpawnExplosion() injected patches successfully.
[11:08:27.9278374] [Info   :   BepInEx] Loading [HatLib 0.0.4]
[11:08:27.9353495] [Debug  :GeneralImprovements] Patching AudioReverbTrigger.ChangeAudioReverbForPlayer to optimize code.
[11:08:27.9531966] [Debug  :Enemy Sound Fixes] Transpiler (Stormy weather): No "Hey" when ship is struck
[11:08:27.9940547] [Debug  :GeneralImprovements] Patching LoadShipGrabbableItems to include item rotations.
[11:08:28.0003419] [Debug  :Buttery Fixes] Transpiler (StartOfRound.SyncShipUnlockablesClientRpc): Cache Cruiser script
[11:08:28.0203823] [Info   : MrHat.Lib] HatLib loaded
[11:08:28.0253868] [Info   :   BepInEx] Loading [LethalThingsReloaded 0.11.7]
[11:08:28.0650990] [Debug  :LethalThingsReloaded] Unlockable patches skipped because the asset bundle is disabled
[11:08:28.0746056] [Info   :LethalThingsReloaded] LethalThingsReloaded loaded
[11:08:28.0746056] [Info   :   BepInEx] Loading [ImmersiveScrap 1.4.2]
[11:08:28.0791811] [Info   :ImmersiveScrap] Setting up config for ImmersiveScrap plugin...
[11:08:28.0851859] [Info   :ImmersiveScrap] Plugin ImmersiveScrap is loaded!
[11:08:28.0851859] [Info   :   BepInEx] Loading [NoJumpDelay 1.1.0]
[11:08:28.0892006] [Info   :NoJumpDelay] Boing boing!
[11:08:28.0942093] [Info   :   BepInEx] Loading [DestroyItemInSlotFix 1.0.0]
[11:08:28.0997177] [Info   :JacobG5.DestroyItemInSlotFix] found 0 in GameNetcodeStuff.PlayerControllerB | 1
[11:08:28.1073985] [Info   :   BepInEx] Loading [JLLItemModule 1.3.7]
[11:08:28.1139104] [Info   :JacobG5.JLL] Netcode Successfully Patched!
[11:08:28.1179119] [Info   :   BepInEx] Loading [WesleyMoonScripts 1.1.7]
[11:08:28.1219899] [Info   :JacobG5.WesleyMoonScripts] Netcode Successfully Patched!
[11:08:28.1490800] [Info   :   BepInEx] Loading [Needy Cats 1.2.5]
[11:08:28.6691716] [Info   :Jordo.NeedyCats] Initialized Needy Cats
[11:08:28.6752960] [Info   :   BepInEx] Loading [JPOGRaptor 1.0.6]
[11:08:28.6762953] [Info   :JPOGRaptor] Plugin JPOGRaptor is loaded!
[11:08:28.6857085] [Info   :   BepInEx] Loading [JPOGTrex 1.1.6]
[11:08:28.6877088] [Info   :  JPOGTrex] Plugin [JPOGTrex] is loaded!
[11:08:28.6942208] [Info   :   BepInEx] Loading [Remnants 1.4.4]
[11:08:28.6972196] [Info   :KawaiiBone.Remnants] modGUID has started
[11:08:28.7152660] [Info   :KawaiiBone.Remnants] LethalConfig found, creating lethal config items
[11:08:28.7198770] [Debug  :ainavt.lc.lethalconfig] Registered config "Remnants/General/Min remnant item rarity"
[11:08:28.7198770] [Debug  :ainavt.lc.lethalconfig] Registered config "Remnants/General/Max remnant item rarity"
[11:08:28.7198770] [Debug  :ainavt.lc.lethalconfig] Registered config "Remnants/General/Min remnant battery charge"
[11:08:28.7198770] [Debug  :ainavt.lc.lethalconfig] Registered config "Remnants/General/Max remnant battery charge"
[11:08:28.7198770] [Debug  :ainavt.lc.lethalconfig] Registered config "Remnants/General/Remnant item min scrap cost percentage"
[11:08:28.7198770] [Debug  :ainavt.lc.lethalconfig] Registered config "Remnants/General/Remnant item max scrap cost percentage"
[11:08:28.7198770] [Debug  :ainavt.lc.lethalconfig] Registered config "Remnants/GeneralBody/Should bodies be scrap"
[11:08:28.7198770] [Debug  :ainavt.lc.lethalconfig] Registered config "Remnants/GeneralBody/Body spawn rarity"
[11:08:28.7198770] [Debug  :ainavt.lc.lethalconfig] Registered config "Remnants/GeneralBody/Body spawn modifier per moon risk level"
[11:08:28.7210301] [Debug  :ainavt.lc.lethalconfig] Registered config "Remnants/GeneralBody/Min scrap value of the bodies"
[11:08:28.7210301] [Debug  :ainavt.lc.lethalconfig] Registered config "Remnants/GeneralBody/Max scrap value of the bodies"
[11:08:28.7210301] [Debug  :ainavt.lc.lethalconfig] Registered config "Remnants/Spawning/Minimum remnant items spawned on a moon"
[11:08:28.7210301] [Debug  :ainavt.lc.lethalconfig] Registered config "Remnants/Spawning/Maximum remnant items spawned on a moon"
[11:08:28.7210301] [Debug  :ainavt.lc.lethalconfig] Registered config "Remnants/Spawning/Remnant items spawn modifier"
[11:08:28.7210301] [Debug  :ainavt.lc.lethalconfig] Registered config "Remnants/Spawning/Maximum duplicates can spawn"
[11:08:28.7210301] [Debug  :ainavt.lc.lethalconfig] Registered config "Remnants/Spawning/Minimum remnant items found on a body"
[11:08:28.7210301] [Debug  :ainavt.lc.lethalconfig] Registered config "Remnants/Spawning/Maximum remnant items found on a body"
[11:08:28.7210301] [Debug  :ainavt.lc.lethalconfig] Registered config "Remnants/SpawningLegacy/Use legacy spawning"
[11:08:28.7220295] [Debug  :ainavt.lc.lethalconfig] Registered config "Remnants/SpawningLegacy/Max increase scrap spawn pool"
[11:08:28.7220295] [Debug  :ainavt.lc.lethalconfig] Registered config "Remnants/Save/load/Despawn remnant items on party wipe"
[11:08:28.7220295] [Debug  :ainavt.lc.lethalconfig] Registered config "Remnants/Save/load/Item list banned from saving"
[11:08:28.7220295] [Debug  :ainavt.lc.lethalconfig] Registered config "Remnants/Other/Max value to calculate rarity"
[11:08:28.7220295] [Debug  :ainavt.lc.lethalconfig] Registered config "Remnants/Other/Item list banned from registering as scrap"
[11:08:28.7220295] [Debug  :ainavt.lc.lethalconfig] Registered config "Remnants/Other/Scrap item list to be used as remnant items"
[11:08:28.7220295] [Debug  :ainavt.lc.lethalconfig] Registered config "Remnants/Other/Beltbag can store remnant items"
[11:08:28.7220295] [Debug  :ainavt.lc.lethalconfig] Registered config "Remnants/Other/Use end of round score fix"
[11:08:28.7220295] [Debug  :ainavt.lc.lethalconfig] Registered config "Remnants/Other/Remnant item list banned from the utility slot"
[11:08:28.7220295] [Debug  :ainavt.lc.lethalconfig] Registered config "Remnants/Remnants/TpButton"
[11:08:28.7220295] [Debug  :ainavt.lc.lethalconfig] Registered config "Remnants/Remnants/NightVisionItem"
[11:08:28.7220295] [Debug  :ainavt.lc.lethalconfig] Registered config "Remnants/Remnants/MedKitMapItem"
[11:08:28.7230306] [Debug  :ainavt.lc.lethalconfig] Registered config "Remnants/Remnants/HelmetItem"
[11:08:28.7230306] [Debug  :ainavt.lc.lethalconfig] Registered config "Remnants/Remnants/StoreWheelbarrowItem"
[11:08:28.7230306] [Debug  :ainavt.lc.lethalconfig] Registered config "Remnants/Remnants/coilHead"
[11:08:28.7230306] [Debug  :ainavt.lc.lethalconfig] Registered config "Remnants/Remnants/TpButtonAdv"
[11:08:28.7230306] [Debug  :ainavt.lc.lethalconfig] Registered config "Remnants/Remnants/DivingKitItem"
[11:08:28.7230306] [Debug  :ainavt.lc.lethalconfig] Registered config "Remnants/Remnants/HandheldRadar"
[11:08:28.7230306] [Debug  :ainavt.lc.lethalconfig] Registered config "Remnants/Remnants/HackingTool"
[11:08:28.7230306] [Debug  :ainavt.lc.lethalconfig] Registered config "Remnants/Remnants/RocketLauncher"
[11:08:28.7230306] [Debug  :ainavt.lc.lethalconfig] Registered config "Remnants/Remnants/PingTool"
[11:08:28.7230306] [Debug  :ainavt.lc.lethalconfig] Registered config "Remnants/Remnants/Dart"
[11:08:28.7240302] [Debug  :ainavt.lc.lethalconfig] Registered config "Remnants/Remnants/Pouch"
[11:08:28.7240302] [Debug  :ainavt.lc.lethalconfig] Registered config "Remnants/Remnants/FlaregunAmmo"
[11:08:28.7240302] [Debug  :ainavt.lc.lethalconfig] Registered config "Remnants/Remnants/Flaregun"
[11:08:28.7240302] [Debug  :ainavt.lc.lethalconfig] Registered config "Remnants/Remnants/Boombox"
[11:08:28.7240302] [Debug  :ainavt.lc.lethalconfig] Registered config "Remnants/Remnants/ExtensionLadder"
[11:08:28.7240302] [Debug  :ainavt.lc.lethalconfig] Registered config "Remnants/Remnants/Flashlight"
[11:08:28.7250306] [Debug  :ainavt.lc.lethalconfig] Registered config "Remnants/Remnants/Jetpack"
[11:08:28.7250306] [Debug  :ainavt.lc.lethalconfig] Registered config "Remnants/Remnants/LockPicker"
[11:08:28.7250306] [Debug  :ainavt.lc.lethalconfig] Registered config "Remnants/Remnants/ProFlashlight"
[11:08:28.7250306] [Debug  :ainavt.lc.lethalconfig] Registered config "Remnants/Remnants/RadarBooster"
[11:08:28.7250306] [Debug  :ainavt.lc.lethalconfig] Registered config "Remnants/Remnants/Shovel"
[11:08:28.7250306] [Debug  :ainavt.lc.lethalconfig] Registered config "Remnants/Remnants/SprayPaint"
[11:08:28.7250306] [Debug  :ainavt.lc.lethalconfig] Registered config "Remnants/Remnants/StunGrenade"
[11:08:28.7260290] [Debug  :ainavt.lc.lethalconfig] Registered config "Remnants/Remnants/TZPInhalant"
[11:08:28.7260290] [Debug  :ainavt.lc.lethalconfig] Registered config "Remnants/Remnants/WalkieTalkie"
[11:08:28.7260290] [Debug  :ainavt.lc.lethalconfig] Registered config "Remnants/Remnants/ZapGun"
[11:08:28.7260290] [Debug  :ainavt.lc.lethalconfig] Registered config "Remnants/Remnants/GeigerCounterItemDef"
[11:08:28.7260290] [Debug  :ainavt.lc.lethalconfig] Registered config "Remnants/Remnants/Advanced Portable Teleporter"
[11:08:28.7260290] [Debug  :ainavt.lc.lethalconfig] Registered config "Remnants/Remnants/Portable Teleporter"
[11:08:28.7260290] [Debug  :ainavt.lc.lethalconfig] Registered config "Remnants/Remnants/Peeper"
[11:08:28.7260290] [Debug  :ainavt.lc.lethalconfig] Registered config "Remnants/Remnants/Warm Ultra Flashlight"
[11:08:28.7270295] [Debug  :ainavt.lc.lethalconfig] Registered config "Remnants/Remnants/Cold Ultra Flashlight"
[11:08:28.7270295] [Debug  :ainavt.lc.lethalconfig] Registered config "Remnants/Remnants/Night Vision Goggles"
[11:08:28.7270295] [Debug  :ainavt.lc.lethalconfig] Registered config "Remnants/Remnants/Medic Bag"
[11:08:28.7270295] [Debug  :ainavt.lc.lethalconfig] Registered config "Remnants/Remnants/Remote Radar"
[11:08:28.7270295] [Debug  :ainavt.lc.lethalconfig] Registered config "Remnants/Remnants/Hacking Tool"
[11:08:28.7270295] [Debug  :ainavt.lc.lethalconfig] Registered config "Remnants/Remnants/Rocket Launcher"
[11:08:28.7270295] [Debug  :ainavt.lc.lethalconfig] Registered config "Remnants/Remnants/Toy Hammer"
[11:08:28.7270295] [Debug  :ainavt.lc.lethalconfig] Registered config "Remnants/Remnants/Pinger"
[11:08:28.7270295] [Debug  :ainavt.lc.lethalconfig] Registered config "Remnants/Remnants/Utility Belt"
[11:08:28.7270295] [Debug  :ainavt.lc.lethalconfig] Registered config "Remnants/Remnants/Emergency Flare (ammo)"
[11:08:28.7270295] [Debug  :ainavt.lc.lethalconfig] Registered config "Remnants/Remnants/Whistle"
[11:08:28.7270295] [Debug  :ainavt.lc.lethalconfig] Registered config "Remnants/Remnants/Handheld TV"
[11:08:28.7280314] [Debug  :ainavt.lc.lethalconfig] Registered config "Remnants/Remnants/clipboard_blackmesa"
[11:08:28.7280314] [Debug  :ainavt.lc.lethalconfig] Registered config "Remnants/Remnants/Belt bag"
[11:08:28.7280314] [Debug  :ainavt.lc.lethalconfig] Registered config "Remnants/Remnants/Extension ladder"
[11:08:28.7280314] [Debug  :ainavt.lc.lethalconfig] Registered config "Remnants/Remnants/Lockpicker"
[11:08:28.7280314] [Debug  :ainavt.lc.lethalconfig] Registered config "Remnants/Remnants/Pro-flashlight"
[11:08:28.7280314] [Debug  :ainavt.lc.lethalconfig] Registered config "Remnants/Remnants/Radar-booster"
[11:08:28.7280314] [Debug  :ainavt.lc.lethalconfig] Registered config "Remnants/Remnants/Spray paint"
[11:08:28.7280314] [Debug  :ainavt.lc.lethalconfig] Registered config "Remnants/Remnants/Stun grenade"
[11:08:28.7280314] [Debug  :ainavt.lc.lethalconfig] Registered config "Remnants/Remnants/TZP-Inhalant"
[11:08:28.7280314] [Debug  :ainavt.lc.lethalconfig] Registered config "Remnants/Remnants/Walkie-talkie"
[11:08:28.7290287] [Debug  :ainavt.lc.lethalconfig] Registered config "Remnants/Remnants/Weed killer"
[11:08:28.7290287] [Debug  :ainavt.lc.lethalconfig] Registered config "Remnants/Remnants/Zap gun"
[11:08:28.7290287] [Debug  :ainavt.lc.lethalconfig] Registered config "Remnants/Remnants/Shells"
[11:08:28.7290287] [Debug  :ainavt.lc.lethalconfig] Registered config "Remnants/Remnants/Shotgun"
[11:08:28.7290287] [Debug  :ainavt.lc.lethalconfig] Registered config "Remnants/Remnants/PluckAPhone"
[11:08:28.7290287] [Debug  :ainavt.lc.lethalconfig] Registered config "Remnants/Remnants/Glow Seed"
[11:08:28.7290287] [Debug  :ainavt.lc.lethalconfig] Registered config "Remnants/Remnants/Cat Food"
[11:08:28.7290287] [Debug  :ainavt.lc.lethalconfig] Registered config "Remnants/Remnants/Geiger counter"
[11:08:28.7290287] [Debug  :ainavt.lc.lethalconfig] Registered config "Remnants/Remnants/Jar"
[11:08:28.7290287] [Debug  :ainavt.lc.lethalconfig] Registered config "Remnants/Remnants/Missile"
[11:08:28.7290287] [Debug  :ainavt.lc.lethalconfig] Registered config "Remnants/Levels/Use level specific rarities"
[11:08:28.7301116] [Debug  :ainavt.lc.lethalconfig] Registered config "Remnants/Levels/ExperimentationLevel min remnant rarity"
[11:08:28.7301116] [Debug  :ainavt.lc.lethalconfig] Registered config "Remnants/Levels/ExperimentationLevel max remnant rarity"
[11:08:28.7301116] [Debug  :ainavt.lc.lethalconfig] Registered config "Remnants/Levels/AssuranceLevel min remnant rarity"
[11:08:28.7301116] [Debug  :ainavt.lc.lethalconfig] Registered config "Remnants/Levels/AssuranceLevel max remnant rarity"
[11:08:28.7301116] [Debug  :ainavt.lc.lethalconfig] Registered config "Remnants/Levels/VowLevel min remnant rarity"
[11:08:28.7301116] [Debug  :ainavt.lc.lethalconfig] Registered config "Remnants/Levels/VowLevel max remnant rarity"
[11:08:28.7301116] [Debug  :ainavt.lc.lethalconfig] Registered config "Remnants/Levels/OffenseLevel min remnant rarity"
[11:08:28.7301116] [Debug  :ainavt.lc.lethalconfig] Registered config "Remnants/Levels/OffenseLevel max remnant rarity"
[11:08:28.7301116] [Debug  :ainavt.lc.lethalconfig] Registered config "Remnants/Levels/MarchLevel min remnant rarity"
[11:08:28.7311103] [Debug  :ainavt.lc.lethalconfig] Registered config "Remnants/Levels/MarchLevel max remnant rarity"
[11:08:28.7311103] [Debug  :ainavt.lc.lethalconfig] Registered config "Remnants/Levels/RendLevel min remnant rarity"
[11:08:28.7311103] [Debug  :ainavt.lc.lethalconfig] Registered config "Remnants/Levels/RendLevel max remnant rarity"
[11:08:28.7311103] [Debug  :ainavt.lc.lethalconfig] Registered config "Remnants/Levels/DineLevel min remnant rarity"
[11:08:28.7311103] [Debug  :ainavt.lc.lethalconfig] Registered config "Remnants/Levels/DineLevel max remnant rarity"
[11:08:28.7311103] [Debug  :ainavt.lc.lethalconfig] Registered config "Remnants/Levels/TitanLevel min remnant rarity"
[11:08:28.7311103] [Debug  :ainavt.lc.lethalconfig] Registered config "Remnants/Levels/TitanLevel max remnant rarity"
[11:08:28.7311103] [Debug  :ainavt.lc.lethalconfig] Registered config "Remnants/Levels/AdamanceLevel min remnant rarity"
[11:08:28.7321099] [Debug  :ainavt.lc.lethalconfig] Registered config "Remnants/Levels/AdamanceLevel max remnant rarity"
[11:08:28.7321099] [Debug  :ainavt.lc.lethalconfig] Registered config "Remnants/Levels/ArtificeLevel min remnant rarity"
[11:08:28.7321099] [Debug  :ainavt.lc.lethalconfig] Registered config "Remnants/Levels/ArtificeLevel max remnant rarity"
[11:08:28.7321099] [Debug  :ainavt.lc.lethalconfig] Registered config "Remnants/Levels/EmbrionLevel min remnant rarity"
[11:08:28.7321099] [Debug  :ainavt.lc.lethalconfig] Registered config "Remnants/Levels/EmbrionLevel max remnant rarity"
[11:08:28.7321099] [Debug  :ainavt.lc.lethalconfig] Registered config "Remnants/ModdedLevels/20 Adamance min remnant rarity"
[11:08:28.7326167] [Debug  :ainavt.lc.lethalconfig] Registered config "Remnants/ModdedLevels/20 Adamance max remnant rarity"
[11:08:28.7326167] [Debug  :ainavt.lc.lethalconfig] Registered config "Remnants/ModdedLevels/68 Artifice min remnant rarity"
[11:08:28.7326167] [Debug  :ainavt.lc.lethalconfig] Registered config "Remnants/ModdedLevels/68 Artifice max remnant rarity"
[11:08:28.7326167] [Debug  :ainavt.lc.lethalconfig] Registered config "Remnants/ModdedLevels/44 Liquidation min remnant rarity"
[11:08:28.7326167] [Debug  :ainavt.lc.lethalconfig] Registered config "Remnants/ModdedLevels/44 Liquidation max remnant rarity"
[11:08:28.7326167] [Debug  :ainavt.lc.lethalconfig] Registered config "Remnants/ModdedLevels/5 Embrion min remnant rarity"
[11:08:28.7326167] [Debug  :ainavt.lc.lethalconfig] Registered config "Remnants/ModdedLevels/5 Embrion max remnant rarity"
[11:08:28.7336185] [Debug  :ainavt.lc.lethalconfig] Registered config "Remnants/ModdedLevels/Kokiri Village min remnant rarity"
[11:08:28.7336185] [Debug  :ainavt.lc.lethalconfig] Registered config "Remnants/ModdedLevels/Kokiri Village max remnant rarity"
[11:08:28.7336185] [Debug  :ainavt.lc.lethalconfig] Registered config "Remnants/ModdedLevels/Silent Town min remnant rarity"
[11:08:28.7336185] [Debug  :ainavt.lc.lethalconfig] Registered config "Remnants/ModdedLevels/Silent Town max remnant rarity"
[11:08:28.7336185] [Debug  :ainavt.lc.lethalconfig] Registered config "Remnants/ModdedLevels/E1M1 min remnant rarity"
[11:08:28.7336185] [Debug  :ainavt.lc.lethalconfig] Registered config "Remnants/ModdedLevels/E1M1 max remnant rarity"
[11:08:28.7336185] [Debug  :ainavt.lc.lethalconfig] Registered config "Remnants/ModdedLevels/Lobby min remnant rarity"
[11:08:28.7336185] [Debug  :ainavt.lc.lethalconfig] Registered config "Remnants/ModdedLevels/Lobby max remnant rarity"
[11:08:28.7336185] [Debug  :ainavt.lc.lethalconfig] Registered config "Remnants/ModdedLevels/Luke 78 min remnant rarity"
[11:08:28.7346178] [Debug  :ainavt.lc.lethalconfig] Registered config "Remnants/ModdedLevels/Luke 78 max remnant rarity"
[11:08:28.7346178] [Debug  :ainavt.lc.lethalconfig] Registered config "Remnants/ModdedLevels/Gods Tower min remnant rarity"
[11:08:28.7346178] [Debug  :ainavt.lc.lethalconfig] Registered config "Remnants/ModdedLevels/Gods Tower max remnant rarity"
[11:08:28.7346178] [Debug  :ainavt.lc.lethalconfig] Registered config "Remnants/ModdedLevels/Hyrule Field min remnant rarity"
[11:08:28.7346178] [Debug  :ainavt.lc.lethalconfig] Registered config "Remnants/ModdedLevels/Hyrule Field max remnant rarity"
[11:08:28.7346178] [Debug  :ainavt.lc.lethalconfig] Registered config "Remnants/ModdedLevels/Windfallfall Island min remnant rarity"
[11:08:28.7346178] [Debug  :ainavt.lc.lethalconfig] Registered config "Remnants/ModdedLevels/Windfallfall Island max remnant rarity"
[11:08:28.7346178] [Debug  :ainavt.lc.lethalconfig] Registered config "Remnants/ModdedLevels/Town Square min remnant rarity"
[11:08:28.7346178] [Debug  :ainavt.lc.lethalconfig] Registered config "Remnants/ModdedLevels/Town Square max remnant rarity"
[11:08:28.7356175] [Debug  :ainavt.lc.lethalconfig] Registered config "Remnants/ModdedLevels/Chao Garden min remnant rarity"
[11:08:28.7356175] [Debug  :ainavt.lc.lethalconfig] Registered config "Remnants/ModdedLevels/Chao Garden max remnant rarity"
[11:08:28.7356175] [Debug  :ainavt.lc.lethalconfig] Registered config "Remnants/ModdedLevels/Circus min remnant rarity"
[11:08:28.7356175] [Debug  :ainavt.lc.lethalconfig] Registered config "Remnants/ModdedLevels/Circus max remnant rarity"
[11:08:28.7356175] [Debug  :ainavt.lc.lethalconfig] Registered config "Remnants/ModdedLevels/Bright Moon Cottage min remnant rarity"
[11:08:28.7356175] [Debug  :ainavt.lc.lethalconfig] Registered config "Remnants/ModdedLevels/Bright Moon Cottage max remnant rarity"
[11:08:28.7356175] [Debug  :ainavt.lc.lethalconfig] Registered config "Remnants/ModdedLevels/The Moon min remnant rarity"
[11:08:28.7356175] [Debug  :ainavt.lc.lethalconfig] Registered config "Remnants/ModdedLevels/The Moon max remnant rarity"
[11:08:28.7356175] [Debug  :ainavt.lc.lethalconfig] Registered config "Remnants/ModdedLevels/Violence District min remnant rarity"
[11:08:28.7356175] [Debug  :ainavt.lc.lethalconfig] Registered config "Remnants/ModdedLevels/Violence District max remnant rarity"
[11:08:28.7366196] [Debug  :ainavt.lc.lethalconfig] Registered config "Remnants/ModdedLevels/Happy Town min remnant rarity"
[11:08:28.7366196] [Debug  :ainavt.lc.lethalconfig] Registered config "Remnants/ModdedLevels/Happy Town max remnant rarity"
[11:08:28.7366196] [Debug  :ainavt.lc.lethalconfig] Registered config "Remnants/ModdedLevels/Pizza Tower min remnant rarity"
[11:08:28.7366196] [Debug  :ainavt.lc.lethalconfig] Registered config "Remnants/ModdedLevels/Pizza Tower max remnant rarity"
[11:08:28.7366196] [Debug  :ainavt.lc.lethalconfig] Registered config "Remnants/ModdedLevels/Mayhem Temple min remnant rarity"
[11:08:28.7366196] [Debug  :ainavt.lc.lethalconfig] Registered config "Remnants/ModdedLevels/Mayhem Temple max remnant rarity"
[11:08:28.7366196] [Debug  :ainavt.lc.lethalconfig] Registered config "Remnants/ModdedLevels/Egg Carrier min remnant rarity"
[11:08:28.7366196] [Debug  :ainavt.lc.lethalconfig] Registered config "Remnants/ModdedLevels/Egg Carrier max remnant rarity"
[11:08:28.7366196] [Debug  :ainavt.lc.lethalconfig] Registered config "Remnants/ModdedLevels/Outset Island min remnant rarity"
[11:08:28.7366196] [Debug  :ainavt.lc.lethalconfig] Registered config "Remnants/ModdedLevels/Outset Island max remnant rarity"
[11:08:28.7376219] [Debug  :ainavt.lc.lethalconfig] Registered config "Remnants/ModdedLevels/Kyoto min remnant rarity"
[11:08:28.7376219] [Debug  :ainavt.lc.lethalconfig] Registered config "Remnants/ModdedLevels/Kyoto max remnant rarity"
[11:08:28.7376219] [Debug  :ainavt.lc.lethalconfig] Registered config "Remnants/ModdedLevels/Clock Town min remnant rarity"
[11:08:28.7376219] [Debug  :ainavt.lc.lethalconfig] Registered config "Remnants/ModdedLevels/Clock Town max remnant rarity"
[11:08:28.7376219] [Debug  :ainavt.lc.lethalconfig] Registered config "Remnants/ModdedLevels/Dragon Roost Island min remnant rarity"
[11:08:28.7376219] [Debug  :ainavt.lc.lethalconfig] Registered config "Remnants/ModdedLevels/Dragon Roost Island max remnant rarity"
[11:08:28.7376219] [Debug  :ainavt.lc.lethalconfig] Registered config "Remnants/ModdedLevels/Spacestation min remnant rarity"
[11:08:28.7376219] [Debug  :ainavt.lc.lethalconfig] Registered config "Remnants/ModdedLevels/Spacestation max remnant rarity"
[11:08:28.7376219] [Debug  :ainavt.lc.lethalconfig] Registered config "Remnants/ModdedLevels/TestLevel min remnant rarity"
[11:08:28.7376219] [Debug  :ainavt.lc.lethalconfig] Registered config "Remnants/ModdedLevels/TestLevel max remnant rarity"
[11:08:28.7376219] [Debug  :ainavt.lc.lethalconfig] Registered config "Remnants/ModdedLevels/64-Helios min remnant rarity"
[11:08:28.7376219] [Debug  :ainavt.lc.lethalconfig] Registered config "Remnants/ModdedLevels/64-Helios max remnant rarity"
[11:08:28.7376219] [Debug  :ainavt.lc.lethalconfig] Registered config "Remnants/ModdedLevels/58 Hyve min remnant rarity"
[11:08:28.7391290] [Debug  :ainavt.lc.lethalconfig] Registered config "Remnants/ModdedLevels/58 Hyve max remnant rarity"
[11:08:28.7391290] [Debug  :ainavt.lc.lethalconfig] Registered config "Remnants/ModdedLevels/240 Alcatras min remnant rarity"
[11:08:28.7391290] [Debug  :ainavt.lc.lethalconfig] Registered config "Remnants/ModdedLevels/240 Alcatras max remnant rarity"
[11:08:28.7391290] [Debug  :ainavt.lc.lethalconfig] Registered config "Remnants/ModdedLevels/44 Atlantica min remnant rarity"
[11:08:28.7391290] [Debug  :ainavt.lc.lethalconfig] Registered config "Remnants/ModdedLevels/44 Atlantica max remnant rarity"
[11:08:28.7391290] [Debug  :ainavt.lc.lethalconfig] Registered config "Remnants/ModdedLevels/57 Asteroid-13 min remnant rarity"
[11:08:28.7391290] [Debug  :ainavt.lc.lethalconfig] Registered config "Remnants/ModdedLevels/57 Asteroid-13 max remnant rarity"
[11:08:28.7391290] [Debug  :ainavt.lc.lethalconfig] Registered config "Remnants/ModdedLevels/42 Cosmocos min remnant rarity"
[11:08:28.7401350] [Debug  :ainavt.lc.lethalconfig] Registered config "Remnants/ModdedLevels/42 Cosmocos max remnant rarity"
[11:08:28.7401350] [Debug  :ainavt.lc.lethalconfig] Registered config "Remnants/ModdedLevels/235 Calist min remnant rarity"
[11:08:28.7401350] [Debug  :ainavt.lc.lethalconfig] Registered config "Remnants/ModdedLevels/235 Calist max remnant rarity"
[11:08:28.7401350] [Debug  :ainavt.lc.lethalconfig] Registered config "Remnants/ModdedLevels/537 Cubatres min remnant rarity"
[11:08:28.7401350] [Debug  :ainavt.lc.lethalconfig] Registered config "Remnants/ModdedLevels/537 Cubatres max remnant rarity"
[11:08:28.7401350] [Debug  :ainavt.lc.lethalconfig] Registered config "Remnants/ModdedLevels/354 Demetrica min remnant rarity"
[11:08:28.7401350] [Debug  :ainavt.lc.lethalconfig] Registered config "Remnants/ModdedLevels/354 Demetrica max remnant rarity"
[11:08:28.7401350] [Debug  :ainavt.lc.lethalconfig] Registered config "Remnants/ModdedLevels/555 Empra min remnant rarity"
[11:08:28.7401350] [Debug  :ainavt.lc.lethalconfig] Registered config "Remnants/ModdedLevels/555 Empra max remnant rarity"
[11:08:28.7411345] [Debug  :ainavt.lc.lethalconfig] Registered config "Remnants/ModdedLevels/154 Etern min remnant rarity"
[11:08:28.7411345] [Debug  :ainavt.lc.lethalconfig] Registered config "Remnants/ModdedLevels/154 Etern max remnant rarity"
[11:08:28.7411345] [Debug  :ainavt.lc.lethalconfig] Registered config "Remnants/ModdedLevels/141 Filitrios min remnant rarity"
[11:08:28.7411345] [Debug  :ainavt.lc.lethalconfig] Registered config "Remnants/ModdedLevels/141 Filitrios max remnant rarity"
[11:08:28.7411345] [Debug  :ainavt.lc.lethalconfig] Registered config "Remnants/ModdedLevels/48 Desolation min remnant rarity"
[11:08:28.7411345] [Debug  :ainavt.lc.lethalconfig] Registered config "Remnants/ModdedLevels/48 Desolation max remnant rarity"
[11:08:28.7411345] [Debug  :ainavt.lc.lethalconfig] Registered config "Remnants/ModdedLevels/25 Fission-C min remnant rarity"
[11:08:28.7411345] [Debug  :ainavt.lc.lethalconfig] Registered config "Remnants/ModdedLevels/25 Fission-C max remnant rarity"
[11:08:28.7411345] [Debug  :ainavt.lc.lethalconfig] Registered config "Remnants/ModdedLevels/36 Gloom min remnant rarity"
[11:08:28.7411345] [Debug  :ainavt.lc.lethalconfig] Registered config "Remnants/ModdedLevels/36 Gloom max remnant rarity"
[11:08:28.7421350] [Debug  :ainavt.lc.lethalconfig] Registered config "Remnants/ModdedLevels/4 Thalasso min remnant rarity"
[11:08:28.7421350] [Debug  :ainavt.lc.lethalconfig] Registered config "Remnants/ModdedLevels/4 Thalasso max remnant rarity"
[11:08:28.7421350] [Debug  :ainavt.lc.lethalconfig] Registered config "Remnants/ModdedLevels/46 Infernis min remnant rarity"
[11:08:28.7421350] [Debug  :ainavt.lc.lethalconfig] Registered config "Remnants/ModdedLevels/46 Infernis max remnant rarity"
[11:08:28.7421350] [Debug  :ainavt.lc.lethalconfig] Registered config "Remnants/ModdedLevels/147 Gratar min remnant rarity"
[11:08:28.7421350] [Debug  :ainavt.lc.lethalconfig] Registered config "Remnants/ModdedLevels/147 Gratar max remnant rarity"
[11:08:28.7421350] [Debug  :ainavt.lc.lethalconfig] Registered config "Remnants/ModdedLevels/84 Junic min remnant rarity"
[11:08:28.7421350] [Debug  :ainavt.lc.lethalconfig] Registered config "Remnants/ModdedLevels/84 Junic max remnant rarity"
[11:08:28.7421350] [Debug  :ainavt.lc.lethalconfig] Registered config "Remnants/ModdedLevels/35 Lecaro min remnant rarity"
[11:08:28.7431344] [Debug  :ainavt.lc.lethalconfig] Registered config "Remnants/ModdedLevels/35 Lecaro max remnant rarity"
[11:08:28.7431344] [Debug  :ainavt.lc.lethalconfig] Registered config "Remnants/ModdedLevels/134 Oldred min remnant rarity"
[11:08:28.7431344] [Debug  :ainavt.lc.lethalconfig] Registered config "Remnants/ModdedLevels/134 Oldred max remnant rarity"
[11:08:28.7431344] [Debug  :ainavt.lc.lethalconfig] Registered config "Remnants/ModdedLevels/234 Motra min remnant rarity"
[11:08:28.7431344] [Debug  :ainavt.lc.lethalconfig] Registered config "Remnants/ModdedLevels/234 Motra max remnant rarity"
[11:08:28.7431344] [Debug  :ainavt.lc.lethalconfig] Registered config "Remnants/ModdedLevels/94 Polarus min remnant rarity"
[11:08:28.7431344] [Debug  :ainavt.lc.lethalconfig] Registered config "Remnants/ModdedLevels/94 Polarus max remnant rarity"
[11:08:28.7431344] [Debug  :ainavt.lc.lethalconfig] Registered config "Remnants/ModdedLevels/-42 Hyx min remnant rarity"
[11:08:28.7431344] [Debug  :ainavt.lc.lethalconfig] Registered config "Remnants/ModdedLevels/-42 Hyx max remnant rarity"
[11:08:28.7431344] [Debug  :ainavt.lc.lethalconfig] Registered config "Remnants/ModdedLevels/98 Galetry min remnant rarity"
[11:08:28.7441346] [Debug  :ainavt.lc.lethalconfig] Registered config "Remnants/ModdedLevels/98 Galetry max remnant rarity"
[11:08:28.7441346] [Debug  :ainavt.lc.lethalconfig] Registered config "Remnants/ModdedLevels/76 Acidir min remnant rarity"
[11:08:28.7441346] [Debug  :ainavt.lc.lethalconfig] Registered config "Remnants/ModdedLevels/76 Acidir max remnant rarity"
[11:08:28.7441346] [Debug  :ainavt.lc.lethalconfig] Registered config "Remnants/ModdedLevels/132 Trite min remnant rarity"
[11:08:28.7441346] [Debug  :ainavt.lc.lethalconfig] Registered config "Remnants/ModdedLevels/132 Trite max remnant rarity"
[11:08:28.7441346] [Debug  :ainavt.lc.lethalconfig] Registered config "Remnants/ModdedLevels/Black Mesa min remnant rarity"
[11:08:28.7441346] [Debug  :ainavt.lc.lethalconfig] Registered config "Remnants/ModdedLevels/Black Mesa max remnant rarity"
[11:08:28.7441346] [Debug  :ainavt.lc.lethalconfig] Registered config "Remnants/ModdedLevels/823 Bozoros min remnant rarity"
[11:08:28.7441346] [Debug  :ainavt.lc.lethalconfig] Registered config "Remnants/ModdedLevels/823 Bozoros max remnant rarity"
[11:08:28.7441346] [Debug  :ainavt.lc.lethalconfig] Registered config "Remnants/ModdedLevels/67 Utril min remnant rarity"
[11:08:28.7451337] [Debug  :ainavt.lc.lethalconfig] Registered config "Remnants/ModdedLevels/67 Utril max remnant rarity"
[11:08:28.7451337] [Debug  :ainavt.lc.lethalconfig] Registered config "Remnants/ModdedLevels/13 Kast min remnant rarity"
[11:08:28.7451337] [Debug  :ainavt.lc.lethalconfig] Registered config "Remnants/ModdedLevels/13 Kast max remnant rarity"
[11:08:28.7451337] [Debug  :ainavt.lc.lethalconfig] Registered config "Remnants/ModdedLevels/52-Desperation min remnant rarity"
[11:08:28.7451337] [Debug  :ainavt.lc.lethalconfig] Registered config "Remnants/ModdedLevels/52-Desperation max remnant rarity"
[11:08:28.7451337] [Debug  :ainavt.lc.lethalconfig] Registered config "Remnants/ModdedLevels/23-Symbiosis min remnant rarity"
[11:08:28.7451337] [Debug  :ainavt.lc.lethalconfig] Registered config "Remnants/ModdedLevels/23-Symbiosis max remnant rarity"
[11:08:28.7451337] [Debug  :ainavt.lc.lethalconfig] Registered config "Remnants/ModdedLevels/93 Thallasic min remnant rarity"
[11:08:28.7451337] [Debug  :ainavt.lc.lethalconfig] Registered config "Remnants/ModdedLevels/93 Thallasic max remnant rarity"
[11:08:28.7451337] [Debug  :ainavt.lc.lethalconfig] Registered config "Remnants/ModdedLevels/85 Reign min remnant rarity"
[11:08:28.7461384] [Debug  :ainavt.lc.lethalconfig] Registered config "Remnants/ModdedLevels/85 Reign max remnant rarity"
[11:08:28.7461384] [Debug  :ainavt.lc.lethalconfig] Registered config "Remnants/ModdedLevels/74 Veld min remnant rarity"
[11:08:28.7461384] [Debug  :ainavt.lc.lethalconfig] Registered config "Remnants/ModdedLevels/74 Veld max remnant rarity"
[11:08:28.7461384] [Debug  :ainavt.lc.lethalconfig] Registered config "Remnants/ModdedLevels/23 Symbiosis min remnant rarity"
[11:08:28.7461384] [Debug  :ainavt.lc.lethalconfig] Registered config "Remnants/ModdedLevels/23 Symbiosis max remnant rarity"
[11:08:28.7461384] [Debug  :ainavt.lc.lethalconfig] Registered config "Remnants/ModdedLevels/93 Hadal min remnant rarity"
[11:08:28.7461384] [Debug  :ainavt.lc.lethalconfig] Registered config "Remnants/ModdedLevels/93 Hadal max remnant rarity"
[11:08:28.7461384] [Debug  :ainavt.lc.lethalconfig] Registered config "Remnants/ModdedLevels/135 Duckstroid-14 min remnant rarity"
[11:08:28.7461384] [Debug  :ainavt.lc.lethalconfig] Registered config "Remnants/ModdedLevels/135 Duckstroid-14 max remnant rarity"
[11:08:28.7471374] [Debug  :ainavt.lc.lethalconfig] Registered config "Remnants/ModdedLevels/52 Desperation min remnant rarity"
[11:08:28.7471374] [Debug  :ainavt.lc.lethalconfig] Registered config "Remnants/ModdedLevels/52 Desperation max remnant rarity"
[11:08:28.7471374] [Debug  :ainavt.lc.lethalconfig] Registered config "Remnants/ModdedLevels/Last Known Position of Cosmocos min remnant rarity"
[11:08:28.7471374] [Debug  :ainavt.lc.lethalconfig] Registered config "Remnants/ModdedLevels/Last Known Position of Cosmocos max remnant rarity"
[11:08:28.7471374] [Debug  :ainavt.lc.lethalconfig] Registered config "Remnants/ModdedLevels/745-Oxyde min remnant rarity"
[11:08:28.7471374] [Debug  :ainavt.lc.lethalconfig] Registered config "Remnants/ModdedLevels/745-Oxyde max remnant rarity"
[11:08:28.7471374] [Debug  :ainavt.lc.lethalconfig] Registered config "Remnants/ModdedLevels/745 Oxyde min remnant rarity"
[11:08:28.7471374] [Debug  :ainavt.lc.lethalconfig] Registered config "Remnants/ModdedLevels/745 Oxyde max remnant rarity"
[11:08:28.7481355] [Debug  :ainavt.lc.lethalconfig] Registered config "Remnants/ModdedLevels/161 Abaddon min remnant rarity"
[11:08:28.7481355] [Debug  :ainavt.lc.lethalconfig] Registered config "Remnants/ModdedLevels/161 Abaddon max remnant rarity"
[11:08:28.7481355] [Debug  :ainavt.lc.lethalconfig] Registered config "Remnants/ModdedLevels/198 Cabal min remnant rarity"
[11:08:28.7481355] [Debug  :ainavt.lc.lethalconfig] Registered config "Remnants/ModdedLevels/198 Cabal max remnant rarity"
[11:08:28.7481355] [Debug  :ainavt.lc.lethalconfig] Registered config "Remnants/ModdedLevels/556 Flicker min remnant rarity"
[11:08:28.7481355] [Debug  :ainavt.lc.lethalconfig] Registered config "Remnants/ModdedLevels/556 Flicker max remnant rarity"
[11:08:28.7481355] [Debug  :ainavt.lc.lethalconfig] Registered config "Remnants/ModdedLevels/The Iris min remnant rarity"
[11:08:28.7481355] [Debug  :ainavt.lc.lethalconfig] Registered config "Remnants/ModdedLevels/The Iris max remnant rarity"
[11:08:28.7481355] [Debug  :ainavt.lc.lethalconfig] Registered config "Remnants/ModdedLevels/551 Lament min remnant rarity"
[11:08:28.7491344] [Debug  :ainavt.lc.lethalconfig] Registered config "Remnants/ModdedLevels/551 Lament max remnant rarity"
[11:08:28.7491344] [Debug  :ainavt.lc.lethalconfig] Registered config "Remnants/ModdedLevels/559 Pareidolia min remnant rarity"
[11:08:28.7491344] [Debug  :ainavt.lc.lethalconfig] Registered config "Remnants/ModdedLevels/559 Pareidolia max remnant rarity"
[11:08:28.7491344] [Debug  :ainavt.lc.lethalconfig] Registered config "Remnants/ModdedLevels/556 Shutter min remnant rarity"
[11:08:28.7491344] [Debug  :ainavt.lc.lethalconfig] Registered config "Remnants/ModdedLevels/556 Shutter max remnant rarity"
[11:08:28.7491344] [Debug  :ainavt.lc.lethalconfig] Registered config "Remnants/ModdedLevels/607 Vigilance min remnant rarity"
[11:08:28.7491344] [Debug  :ainavt.lc.lethalconfig] Registered config "Remnants/ModdedLevels/607 Vigilance max remnant rarity"
[11:08:28.7491344] [Debug  :ainavt.lc.lethalconfig] Registered config "Remnants/ModdedLevels/10 EGypt min remnant rarity"
[11:08:28.7491344] [Debug  :ainavt.lc.lethalconfig] Registered config "Remnants/ModdedLevels/10 EGypt max remnant rarity"
[11:08:28.7502235] [Debug  :ainavt.lc.lethalconfig] Registered config "Remnants/ModdedLevels/31 Arcadia min remnant rarity"
[11:08:28.7502235] [Debug  :ainavt.lc.lethalconfig] Registered config "Remnants/ModdedLevels/31 Arcadia max remnant rarity"
[11:08:28.7502235] [Debug  :ainavt.lc.lethalconfig] Registered config "Remnants/ModdedLevels/32 Argent min remnant rarity"
[11:08:28.7502235] [Debug  :ainavt.lc.lethalconfig] Registered config "Remnants/ModdedLevels/32 Argent max remnant rarity"
[11:08:28.7502235] [Debug  :ainavt.lc.lethalconfig] Registered config "Remnants/ModdedLevels/111 PsychSanctum min remnant rarity"
[11:08:28.7502235] [Debug  :ainavt.lc.lethalconfig] Registered config "Remnants/ModdedLevels/111 PsychSanctum max remnant rarity"
[11:08:28.7502235] [Debug  :ainavt.lc.lethalconfig] Registered config "Remnants/ModdedLevels/Sanguine min remnant rarity"
[11:08:28.7502235] [Debug  :ainavt.lc.lethalconfig] Registered config "Remnants/ModdedLevels/Sanguine max remnant rarity"
[11:08:28.7502235] [Debug  :ainavt.lc.lethalconfig] Registered config "Remnants/ModdedLevels/Spectralis min remnant rarity"
[11:08:28.7512225] [Debug  :ainavt.lc.lethalconfig] Registered config "Remnants/ModdedLevels/Spectralis max remnant rarity"
[11:08:28.7512225] [Debug  :ainavt.lc.lethalconfig] Registered config "Remnants/ModdedLevels/37 Zenit min remnant rarity"
[11:08:28.7512225] [Debug  :ainavt.lc.lethalconfig] Registered config "Remnants/ModdedLevels/37 Zenit max remnant rarity"
[11:08:28.7889829] [Info   :KawaiiBone.Remnants] Transpiler succes with function: ItemInteractLeftRight for BeltBagItem.
[11:08:28.7919921] [Info   :KawaiiBone.Remnants] Transpiler succes with function: FirstEmptyItemSlot for remnant flashlight item slot.
[11:08:28.7949906] [Warning:KawaiiBone.Remnants] Despawm remnant items on party wipe feature disabled, remnant items will now despawn on party wipe like scrap on the ship.
[11:08:28.7989915] [Info   :KawaiiBone.Remnants] modGUID has loaded
[11:08:28.7989915] [Info   :   BepInEx] Loading [FootballEntity 1.1.14]
[11:08:29.1592717] [Info   : Unity Log] Compatibility initialized for Lethal Config.
[11:08:29.1642760] [Debug  :PathfindingLib] Changed prefabbed NavMeshAgent FootballPref's area mask from 0xFFFFFFFF to 0xFFFFFFFF to allow traversal of non-smart off-mesh links.
[11:08:29.1723712] [Debug  :ainavt.lc.lethalconfig] Registered config "FootballEntity/General/Language Key"
[11:08:29.1723712] [Debug  :ainavt.lc.lethalconfig] Registered config "LethalConfig.ConfigItems.GenericButtonConfigItem"
[11:08:29.1723712] [Debug  :ainavt.lc.lethalconfig] Registered config "FootballEntity/General/Streamer Mode"
[11:08:29.1733737] [Debug  :ainavt.lc.lethalconfig] Registered config "FootballEntity/Spawn Rarity Per Risk Level/Risk Level D"
[11:08:29.1733737] [Debug  :ainavt.lc.lethalconfig] Registered config "FootballEntity/Spawn Rarity Per Risk Level/Risk Level C"
[11:08:29.1733737] [Debug  :ainavt.lc.lethalconfig] Registered config "FootballEntity/Spawn Rarity Per Risk Level/Risk Level B"
[11:08:29.1733737] [Debug  :ainavt.lc.lethalconfig] Registered config "FootballEntity/Spawn Rarity Per Risk Level/Risk Level A"
[11:08:29.1733737] [Debug  :ainavt.lc.lethalconfig] Registered config "FootballEntity/Spawn Rarity Per Risk Level/Risk Level S"
[11:08:29.1733737] [Debug  :ainavt.lc.lethalconfig] Registered config "FootballEntity/Spawn Rarity Per Risk Level/Risk Level S+"
[11:08:29.1733737] [Debug  :ainavt.lc.lethalconfig] Registered config "FootballEntity/Spawn Rarity Per Risk Level/Risk Level SSS"
[11:08:29.1743716] [Debug  :ainavt.lc.lethalconfig] Registered config "FootballEntity/Spawn Rarity Per Risk Level/Risk Level Other"
[11:08:29.1914596] [Info   : Unity Log] [F] Loaded.
[11:08:29.1914596] [Info   :   BepInEx] Loading [HerobrineMod 1.3.9]
[11:08:29.3268502] [Info   : Unity Log] Compatibility initialized for Lethal Config.
[11:08:29.3268502] [Info   :HerobrineMod] Contains Company Navigation: True
[11:08:29.3401765] [Debug  :PathfindingLib] Changed prefabbed NavMeshAgent Herobrine's area mask from 0xFFFFFFFF to 0xFFFFFFFF to allow traversal of non-smart off-mesh links.
[11:08:29.3481776] [Debug  :ainavt.lc.lethalconfig] Registered config "HerobrineMod/Configuration/Redstone Torch Value Min"
[11:08:29.3481776] [Debug  :ainavt.lc.lethalconfig] Registered config "HerobrineMod/Configuration/Redstone Torch Value Max"
[11:08:29.3481776] [Debug  :ainavt.lc.lethalconfig] Registered config "HerobrineMod/Configuration/Minecraft Moon Multiplier"
[11:08:29.3481776] [Debug  :ainavt.lc.lethalconfig] Registered config "HerobrineMod/Minecraft Skin/Use Player Skin Chance"
[11:08:29.3481776] [Debug  :ainavt.lc.lethalconfig] Registered config "HerobrineMod/Minecraft Skin/Ragdoll Skin Texture"
[11:08:29.3491756] [Debug  :ainavt.lc.lethalconfig] Registered config "HerobrineMod/Minecraft Skin/Receive Skin Textures"
[11:08:29.3491756] [Debug  :ainavt.lc.lethalconfig] Registered config "HerobrineMod/Minecraft Skin/Minecraft Username Override"
[11:08:29.3491756] [Debug  :ainavt.lc.lethalconfig] Registered config "HerobrineMod/Spawn Rarity Per Risk Level/Risk Level D"
[11:08:29.3491756] [Debug  :ainavt.lc.lethalconfig] Registered config "HerobrineMod/Spawn Rarity Per Risk Level/Risk Level C"
[11:08:29.3491756] [Debug  :ainavt.lc.lethalconfig] Registered config "HerobrineMod/Spawn Rarity Per Risk Level/Risk Level B"
[11:08:29.3491756] [Debug  :ainavt.lc.lethalconfig] Registered config "HerobrineMod/Spawn Rarity Per Risk Level/Risk Level A"
[11:08:29.3491756] [Debug  :ainavt.lc.lethalconfig] Registered config "HerobrineMod/Spawn Rarity Per Risk Level/Risk Level S"
[11:08:29.3491756] [Debug  :ainavt.lc.lethalconfig] Registered config "HerobrineMod/Spawn Rarity Per Risk Level/Risk Level S+"
[11:08:29.3504819] [Debug  :ainavt.lc.lethalconfig] Registered config "HerobrineMod/Spawn Rarity Per Risk Level/Risk Level SSS"
[11:08:29.3504819] [Debug  :ainavt.lc.lethalconfig] Registered config "HerobrineMod/Spawn Rarity Per Risk Level/Risk Level Other"
[11:08:29.3689977] [Info   : Unity Log] [!] Removed Herobrine
[11:08:29.3689977] [Info   :   BepInEx] Loading [LC Office v81 Compatibility Test 0.0.2]
[11:08:29.3711425] [Info   :LC Office v81 Compatibility Test] ==========================================
[11:08:29.3761416] [Info   :LC Office v81 Compatibility Test] [LCOfficeV81Compat] Compatibility plugin Awake reached.
[11:08:29.3761416] [Info   :LC Office v81 Compatibility Test] [LCOfficeV81Compat] Beginning original Awake interception test.
[11:08:29.3761416] [Info   :LC Office v81 Compatibility Test] ==========================================
[11:08:29.3761416] [Info   :LC Office v81 Compatibility Test] [LCOfficeV81Compat] HarmonyX instance created successfully.
[11:08:29.3761416] [Info   :LC Office v81 Compatibility Test] [LCOfficeV81Compat] Searching for LCOffice.Plugin...
[11:08:29.4360917] [Info   :LC Office v81 Compatibility Test] [LCOfficeV81Compat] Found original plugin type: LCOffice.Plugin
[11:08:29.4360917] [Info   :LC Office v81 Compatibility Test] [LCOfficeV81Compat] Found original Awake method: Void Awake()
[11:08:29.4541841] [Info   :LC Office v81 Compatibility Test] [LCOfficeV81Compat] Harmony patch applied to original LCOffice Awake().
[11:08:29.4541841] [Info   :   BepInEx] Loading [LC Sound Tool 1.5.1]
[11:08:29.4581838] [Info   :LCSoundTool] Plugin LCSoundTool is loaded!
[11:08:29.4676936] [Info   :   BepInEx] Loading [LethalCompanyHarpGhost 1.3.24]
[11:08:30.2257685] [Debug  :PathfindingLib] Changed prefabbed NavMeshAgent HarpGhost's area mask from 0xFFFFFFFF to 0xFFFFFFFF to allow traversal of non-smart off-mesh links.
[11:08:30.2312757] [Debug  :PathfindingLib] Changed prefabbed NavMeshAgent BagpipesGhost's area mask from 0xFFFFFFFF to 0xFFFFFFFF to allow traversal of non-smart off-mesh links.
[11:08:30.2372760] [Debug  :PathfindingLib] Changed prefabbed NavMeshAgent EnforcerGhost's area mask from 0xFFFFFFFF to 0xFFFFFFFF to allow traversal of non-smart off-mesh links.
[11:08:30.2789139] [Info   :HauntedHarpist|1.3.24] Plugin Lethal Company Haunted Harpist Mod is loaded!
[11:08:30.2849193] [Info   :   BepInEx] Loading [Project1 1.0.0]
[11:08:30.2859201] [Debug  :  Project1] Patching...
[11:08:30.2936492] [Debug  :  Project1] Finished patching!
[11:08:30.2936492] [Info   :  Project1] LethalGravityControl v1.0.0 has loaded!
[11:08:30.2936492] [Info   :   BepInEx] Loading [LethalHUD 1.5.2]
[11:08:30.3259600] [Info   : LethalHUD] Registered HealthBar: Minimal (from LethalHUD)
[11:08:30.3330883] [Info   : LethalHUD] Registered HealthBar: Scifi (from LethalHUD)
[11:08:30.3330883] [Info   : LethalHUD] Registered HealthBar: Shapes (from LethalHUD)
[11:08:30.3330883] [Info   : LethalHUD] Registered HealthBar: Minimal (from LethalHUD)
[11:08:30.3330883] [Info   : LethalHUD] Registered HealthBar: Scifi (from LethalHUD)
[11:08:30.3330883] [Info   : LethalHUD] Registered HealthBar: Shapes (from LethalHUD)
[11:08:30.3330883] [Info   : LethalHUD] Registered HealthBar: Minimal (from LethalHUD)
[11:08:30.3330883] [Info   : LethalHUD] Registered HealthBar: Scifi (from LethalHUD)
[11:08:30.3330883] [Info   : LethalHUD] Registered HealthBar: Shapes (from LethalHUD)
[11:08:30.3350902] [Info   : LethalHUD] Registered Scanline: Scanline_Bol (from LethalHUD)
[11:08:30.3350902] [Info   : LethalHUD] Registered Scanline: Scanline_Chu (from LethalHUD)
[11:08:30.3350902] [Info   : LethalHUD] Registered Scanline: Scanline_Circles (from LethalHUD)
[11:08:30.3350902] [Info   : LethalHUD] Registered Scanline: Scanline_Circuit (from LethalHUD)
[11:08:30.3350902] [Info   : LethalHUD] Registered Scanline: Scanline_Hexagons (from LethalHUD)
[11:08:30.3350902] [Info   : LethalHUD] Registered Scanline: Scanline_Noisy (from LethalHUD)
[11:08:30.3350902] [Info   : LethalHUD] Registered Scanline: Scanline_Scifi (from LethalHUD)
[11:08:30.3360906] [Info   : LethalHUD] Registered ScanNode: Idk (from LethalHUD)
[11:08:30.3360906] [Info   : LethalHUD] Registered ScanNode: Target (from LethalHUD)
[11:08:30.3360906] [Info   : LethalHUD] Registered ScanNode: Triangle (from LethalHUD)
[11:08:30.3360906] [Info   : LethalHUD] Registered ScanNode: Web (from LethalHUD)
[11:08:30.3360906] [Info   : LethalHUD] Loaded LethalHUD bundle: lethalhudbasic.lethalhudbundle
[11:08:30.3555755] [Debug  :ainavt.lc.lethalconfig] Registered config "LethalHUD/Main/Main Color"
[11:08:30.3565769] [Debug  :ainavt.lc.lethalconfig] Registered config "LethalHUD/Custom UI/Custom Health Bar"
[11:08:30.3565769] [Debug  :ainavt.lc.lethalconfig] Registered config "LethalHUD/Custom UI/Custom Health Bar Color"
[11:08:30.3565769] [Debug  :ainavt.lc.lethalconfig] Registered config "LethalHUD/Custom UI/Custom Stamina Bar"
[11:08:30.3575755] [Debug  :ainavt.lc.lethalconfig] Registered config "LethalHUD/Custom UI/Custom Stamina Bar Color"
[11:08:30.3575755] [Debug  :ainavt.lc.lethalconfig] Registered config "LethalHUD/Custom UI/Custom Battery Bar"
[11:08:30.3575755] [Debug  :ainavt.lc.lethalconfig] Registered config "LethalHUD/Custom UI/Custom Battery Color"
[11:08:30.3575755] [Debug  :ainavt.lc.lethalconfig] Registered config "LethalHUD/Custom UI/Custom Inventory Frames"
[11:08:30.3575755] [Debug  :ainavt.lc.lethalconfig] Registered config "LethalHUD/Custom UI/Custom Frame Shader Color"
[11:08:30.3600870] [Debug  :ainavt.lc.lethalconfig] Registered config "LethalHUD/Scan/Scan Mode"
[11:08:30.3610875] [Debug  :ainavt.lc.lethalconfig] Registered config "LethalHUD/Scan/Fade Out"
[11:08:30.3610875] [Debug  :ainavt.lc.lethalconfig] Registered config "LethalHUD/Scan/Recolor Scan Lines"
[11:08:30.3610875] [Debug  :ainavt.lc.lethalconfig] Registered config "LethalHUD/Scan/Scanline"
[11:08:30.3620877] [Debug  :ainavt.lc.lethalconfig] Registered config "LethalHUD/Scan/Scanline Intensity"
[11:08:30.3620877] [Debug  :ainavt.lc.lethalconfig] Registered config "LethalHUD/Scan/Scan Color"
[11:08:30.3620877] [Debug  :ainavt.lc.lethalconfig] Registered config "LethalHUD/Scan/Alpha"
[11:08:30.3630851] [Debug  :ainavt.lc.lethalconfig] Registered config "LethalHUD/Scan/Vignette Intensity"
[11:08:30.3630851] [Debug  :ainavt.lc.lethalconfig] Registered config "LethalHUD/Scan/Scrap Counter Visual"
[11:08:30.3630851] [Debug  :ainavt.lc.lethalconfig] Registered config "LethalHUD/Scan/Ship Loot"
[11:08:30.3630851] [Debug  :ainavt.lc.lethalconfig] Registered config "LethalHUD/Scan/Ship Loot Display Time"
[11:08:30.3630851] [Debug  :ainavt.lc.lethalconfig] Registered config "LethalHUD/Scan/Loot Color"
[11:08:30.3640848] [Debug  :ainavt.lc.lethalconfig] Registered config "LethalHUD/Scan/Loot Position X"
[11:08:30.3640848] [Debug  :ainavt.lc.lethalconfig] Registered config "LethalHUD/Scan/Loot Position Y"
[11:08:30.3640848] [Debug  :ainavt.lc.lethalconfig] Registered config "LethalHUD/ScanNodes/Fade Away"
[11:08:30.3640848] [Debug  :ainavt.lc.lethalconfig] Registered config "LethalHUD/ScanNodes/Lifetime"
[11:08:30.3650848] [Debug  :ainavt.lc.lethalconfig] Registered config "LethalHUD/ScanNodes/Fade Duration"
[11:08:30.3650848] [Debug  :ainavt.lc.lethalconfig] Registered config "LethalHUD/ScanNodes/Default Shape"
[11:08:30.3650848] [Debug  :ainavt.lc.lethalconfig] Registered config "LethalHUD/ScanNodes/Scrap Shape"
[11:08:30.3650848] [Debug  :ainavt.lc.lethalconfig] Registered config "LethalHUD/ScanNodes/Creature Shape"
[11:08:30.3660867] [Debug  :ainavt.lc.lethalconfig] Registered config "LethalHUD/ScanNodes/Default Color"
[11:08:30.3660867] [Debug  :ainavt.lc.lethalconfig] Registered config "LethalHUD/ScanNodes/Scrap Color"
[11:08:30.3660867] [Debug  :ainavt.lc.lethalconfig] Registered config "LethalHUD/ScanNodes/Creature Color"
[11:08:30.3660867] [Debug  :ainavt.lc.lethalconfig] Registered config "LethalHUD/Inventory/Inventory Fade"
[11:08:30.3660867] [Debug  :ainavt.lc.lethalconfig] Registered config "LethalHUD/Inventory/Inventory Fade Delay"
[11:08:30.3670842] [Debug  :ainavt.lc.lethalconfig] Registered config "LethalHUD/Inventory/Frame Color"
[11:08:30.3680849] [Debug  :ainavt.lc.lethalconfig] Registered config "LethalHUD/Inventory/Rainbow Frames"
[11:08:30.3680849] [Debug  :ainavt.lc.lethalconfig] Registered config "LethalHUD/Inventory/Gradient Color A"
[11:08:30.3680849] [Debug  :ainavt.lc.lethalconfig] Registered config "LethalHUD/Inventory/Gradient Color B"
[11:08:30.3690845] [Debug  :ainavt.lc.lethalconfig] Registered config "LethalHUD/Inventory/Hands Full Color"
[11:08:30.3690845] [Debug  :ainavt.lc.lethalconfig] Registered config "LethalHUD/Inventory/Show Item Value"
[11:08:30.3690845] [Debug  :ainavt.lc.lethalconfig] Registered config "LethalHUD/Inventory/Show Total Inventory Value"
[11:08:30.3690845] [Debug  :ainavt.lc.lethalconfig] Registered config "LethalHUD/Inventory/Show Total Delta"
[11:08:30.3711514] [Debug  :ainavt.lc.lethalconfig] Registered config "LethalHUD/Inventory/Total Prefix"
[11:08:30.3721507] [Debug  :ainavt.lc.lethalconfig] Registered config "LethalHUD/Inventory/Change Currency"
[11:08:30.3721507] [Debug  :ainavt.lc.lethalconfig] Registered config "LethalHUD/Inventory/Total Value Offset X"
[11:08:30.3731471] [Debug  :ainavt.lc.lethalconfig] Registered config "LethalHUD/Inventory/Total Value Offset Y"
[11:08:30.3731471] [Debug  :ainavt.lc.lethalconfig] Registered config "LethalHUD/Chat/Chat Fade Delay"
[11:08:30.3731471] [Debug  :ainavt.lc.lethalconfig] Registered config "LethalHUD/Chat/Colored Names"
[11:08:30.3731471] [Debug  :ainavt.lc.lethalconfig] Registered config "LethalHUD/Chat/Gradient Name Color A"
[11:08:30.3741476] [Debug  :ainavt.lc.lethalconfig] Registered config "LethalHUD/Chat/Gradient Name Color B"
[11:08:30.3741476] [Debug  :ainavt.lc.lethalconfig] Registered config "LethalHUD/Chat/Chat Input Text"
[11:08:30.3741476] [Debug  :ainavt.lc.lethalconfig] Registered config "LethalHUD/Chat/Chat Message Color"
[11:08:30.3751507] [Debug  :ainavt.lc.lethalconfig] Registered config "LethalHUD/Chat/Gradient Message Color A"
[11:08:30.3751507] [Debug  :ainavt.lc.lethalconfig] Registered config "LethalHUD/Chat/Gradient Message Color B"
[11:08:30.3761470] [Debug  :ainavt.lc.lethalconfig] Registered config "LethalHUD/Health/Stamina/Weight/Health Indicator"
[11:08:30.3771471] [Debug  :ainavt.lc.lethalconfig] Registered config "LethalHUD/Health/Stamina/Weight/Health Format"
[11:08:30.3781499] [Debug  :ainavt.lc.lethalconfig] Registered config "LethalHUD/Health/Stamina/Weight/Health Size"
[11:08:30.3781499] [Debug  :ainavt.lc.lethalconfig] Registered config "LethalHUD/Health/Stamina/Weight/Health Rotation"
[11:08:30.3781499] [Debug  :ainavt.lc.lethalconfig] Registered config "LethalHUD/Health/Stamina/Weight/Health Color"
[11:08:30.3781499] [Debug  :ainavt.lc.lethalconfig] Registered config "LethalHUD/Health/Stamina/Weight/HP Indicator X"
[11:08:30.3791475] [Debug  :ainavt.lc.lethalconfig] Registered config "LethalHUD/Health/Stamina/Weight/HP Indicator Y"
[11:08:30.3791475] [Debug  :ainavt.lc.lethalconfig] Registered config "LethalHUD/Health/Stamina/Weight/Sprint Meter"
[11:08:30.3803961] [Debug  :ainavt.lc.lethalconfig] Registered config "LethalHUD/Health/Stamina/Weight/Sprint Meter Style"
[11:08:30.3803961] [Debug  :ainavt.lc.lethalconfig] Registered config "LethalHUD/Health/Stamina/Weight/Sprint Meter Color"
[11:08:30.3823947] [Debug  :ainavt.lc.lethalconfig] Registered config "LethalHUD/Health/Stamina/Weight/Weight Unit"
[11:08:30.3833956] [Debug  :ainavt.lc.lethalconfig] Registered config "LethalHUD/Health/Stamina/Weight/Weight Decimal Format"
[11:08:30.3843973] [Debug  :ainavt.lc.lethalconfig] Registered config "LethalHUD/Health/Stamina/Weight/Weight Unit Display"
[11:08:30.3843973] [Debug  :ainavt.lc.lethalconfig] Registered config "LethalHUD/Health/Stamina/Weight/WeightColor"
[11:08:30.3853959] [Debug  :ainavt.lc.lethalconfig] Registered config "LethalHUD/Health/Stamina/Weight/Battery Color"
[11:08:30.3853959] [Debug  :ainavt.lc.lethalconfig] Registered config "LethalHUD/Compass/Compass Invert Mask"
[11:08:30.3853959] [Debug  :ainavt.lc.lethalconfig] Registered config "LethalHUD/Compass/Compass Invert Outsides"
[11:08:30.3853959] [Debug  :ainavt.lc.lethalconfig] Registered config "LethalHUD/Compass/Compass Alpha"
[11:08:30.3863945] [Debug  :ainavt.lc.lethalconfig] Registered config "LethalHUD/Clock/24 Hour Clock"
[11:08:30.3873938] [Debug  :ainavt.lc.lethalconfig] Registered config "LethalHUD/Clock/Clock Format"
[11:08:30.3883970] [Debug  :ainavt.lc.lethalconfig] Registered config "LethalHUD/Clock/Realtime Clock"
[11:08:30.3883970] [Debug  :ainavt.lc.lethalconfig] Registered config "LethalHUD/Clock/Clock Size Multiplier"
[11:08:30.3883970] [Debug  :ainavt.lc.lethalconfig] Registered config "LethalHUD/Clock/Clock Number Color"
[11:08:30.3883970] [Debug  :ainavt.lc.lethalconfig] Registered config "LethalHUD/Clock/Clock Box Color"
[11:08:30.3893963] [Debug  :ainavt.lc.lethalconfig] Registered config "LethalHUD/Clock/Clock Icon Color"
[11:08:30.3893963] [Debug  :ainavt.lc.lethalconfig] Registered config "LethalHUD/Clock/Clock Ship Leave Color"
[11:08:30.3893963] [Debug  :ainavt.lc.lethalconfig] Registered config "LethalHUD/Clock/Show Clock In Ship"
[11:08:30.3893963] [Debug  :ainavt.lc.lethalconfig] Registered config "LethalHUD/Clock/Show Clock Inside"
[11:08:30.3893963] [Debug  :ainavt.lc.lethalconfig] Registered config "LethalHUD/Clock/Clock Visibility In Ship"
[11:08:30.3904969] [Debug  :ainavt.lc.lethalconfig] Registered config "LethalHUD/Clock/Clock Visibility Inside"
[11:08:30.3904969] [Debug  :ainavt.lc.lethalconfig] Registered config "LethalHUD/Signal Translator/Center Transmitter Text"
[11:08:30.3904969] [Debug  :ainavt.lc.lethalconfig] Registered config "LethalHUD/Signal Translator/Signal Message Color"
[11:08:30.3904969] [Debug  :ainavt.lc.lethalconfig] Registered config "LethalHUD/Signal Translator/Signal BackgroundMessage Color"
[11:08:30.3904969] [Debug  :ainavt.lc.lethalconfig] Registered config "LethalHUD/Signal Translator/Signal Background Color"
[11:08:30.3914977] [Debug  :ainavt.lc.lethalconfig] Registered config "LethalHUD/Signal Translator/Signal Message Background Color"
[11:08:30.3914977] [Debug  :ainavt.lc.lethalconfig] Registered config "LethalHUD/Signal Translator/Signal Letter Display"
[11:08:30.3914977] [Debug  :ainavt.lc.lethalconfig] Registered config "LethalHUD/More Display/Loading Screen Color"
[11:08:30.3914977] [Debug  :ainavt.lc.lethalconfig] Registered config "LethalHUD/More Display/Planet Summary Color"
[11:08:30.3914977] [Debug  :ainavt.lc.lethalconfig] Registered config "LethalHUD/More Display/Planet Header Color"
[11:08:30.3926512] [Debug  :ainavt.lc.lethalconfig] Registered config "LethalHUD/More Display/Planet Risk Color"
[11:08:30.3926512] [Debug  :ainavt.lc.lethalconfig] Registered config "LethalHUD/Spectator/Tip Text Color"
[11:08:30.3926512] [Debug  :ainavt.lc.lethalconfig] Registered config "LethalHUD/Spectator/Spectating Player Text Color"
[11:08:30.3926512] [Debug  :ainavt.lc.lethalconfig] Registered config "LethalHUD/Spectator/Hold To End Game Text Color"
[11:08:30.3936496] [Debug  :ainavt.lc.lethalconfig] Registered config "LethalHUD/Spectator/Hold To End Game Votes Text Color"
[11:08:30.3936496] [Debug  :ainavt.lc.lethalconfig] Registered config "LethalHUD/Misc/Billboard Gradient Color"
[11:08:30.3946525] [Debug  :ainavt.lc.lethalconfig] Registered config "LethalHUD/Misc/Billboard Layout"
[11:08:30.3966511] [Debug  :ainavt.lc.lethalconfig] Registered config "LethalHUD/Misc/Billboard Gradient Mode"
[11:08:30.3976533] [Debug  :ainavt.lc.lethalconfig] Registered config "LethalHUD/Misc/Player Icon"
[11:08:30.3976533] [Debug  :ainavt.lc.lethalconfig] Registered config "LethalHUD/Misc/Terminal Fade Delay"
[11:08:30.3976533] [Debug  :ainavt.lc.lethalconfig] Registered config "LethalHUD/Misc/FPS Counter"
[11:08:30.3976533] [Debug  :ainavt.lc.lethalconfig] Registered config "LethalHUD/Misc/Ping Counter"
[11:08:30.3976533] [Debug  :ainavt.lc.lethalconfig] Registered config "LethalHUD/Misc/Seed Display"
[11:08:30.4001626] [Debug  :ainavt.lc.lethalconfig] Registered config "LethalHUD/Misc/Layout options"
[11:08:30.4001626] [Debug  :ainavt.lc.lethalconfig] Registered config "LethalHUD/Misc/Layout position X"
[11:08:30.4001626] [Debug  :ainavt.lc.lethalconfig] Registered config "LethalHUD/Misc/Layout position Y"
[11:08:30.4021658] [Debug  :ainavt.lc.lethalconfig] Registered config "LethalHUD/Misc/Control Tip Color Mode"
[11:08:30.4021658] [Debug  :ainavt.lc.lethalconfig] Registered config "LethalHUD/Misc/Separate Additional Misc Tool Colors"
[11:08:30.4021658] [Debug  :ainavt.lc.lethalconfig] Registered config "LethalHUD/Misc/Additional Misc Tools Color"
[11:08:30.4021658] [Debug  :ainavt.lc.lethalconfig] Registered config "LethalHUD/Misc/Misc Tools Gradient Color A"
[11:08:30.4021658] [Debug  :ainavt.lc.lethalconfig] Registered config "LethalHUD/Misc/Misc Tools Gradient Color B"
[11:08:30.4041658] [Debug  :ainavt.lc.lethalconfig] Registered config "LethalHUD/Keybinds/Hide HUD Button"
[11:08:30.4429551] [Debug  :GeneralImprovements] Patching HudManager.UpdateScanNodes to hide subtext when needed.
[11:08:30.4602375] [Debug  :BrutalCompanyMinusExtraReborn] Patched Section     PlayerControllerB.BeginGrabObject()
[11:08:30.4773993] [Info   :JacobG5.DestroyItemInSlotFix] found 0 in GameNetcodeStuff.PlayerControllerB | 1
[11:08:30.5020086] [Info   :darmuhsTerminalStuff] BeginUsingTerminal Transpiler Initialized
[11:08:30.5161457] [Info   :darmuhsTerminalStuff] BeginUsingTerminal - Transpiler removed matching instruction
[ 1 ] lines changed
[11:08:30.5161457] [Info   :darmuhsTerminalStuff] BeginUsingTerminal - Transpiler removed matching instruction
[ 2 ] lines changed
[11:08:30.5161457] [Info   :darmuhsTerminalStuff] BeginUsingTerminal - Transpiler removed matching instruction
[ 3 ] lines changed
[11:08:30.5242410] [Info   : LethalHUD] Plugin LethalHUD loaded!
[11:08:30.5242410] [Info   :   BepInEx] Loading [itolib 0.9.3]
[11:08:30.5312853] [Info   :    itolib] itolib v0.9.3 loaded!
[11:08:30.5362893] [Info   :   BepInEx] Loading [BozorosPlugin 2.9.3]
[11:08:30.5525374] [Debug  :Buttery Fixes] Transpiler (CadaverBloomAI.Start): Cache Cadaver script
[11:08:30.5600513] [Info   :BozorosPlugin] 'BozorosPlugin' loaded!
[11:08:30.5660516] [Info   :   BepInEx] Loading [LethalNetworkAPI 3.4.2]
[11:08:30.5753076] [Info   :LethalNetworkAPI] LethalNetworkAPI v3.4.2 has Loaded.
[11:08:30.5805343] [Info   :   BepInEx] Loading [LethalPerformance 1.2.6]
[11:08:30.7083535] [Info   :LethalPerformance] Disabled StopNan and enabled DepthPrepassWithDeferredRendering globally
[11:08:30.7154219] [Info   :LethalPerformance] Initialized static void LethalPerformance.Utilities.HDRenderPipelineAssetOptimizer::Initialize()
[11:08:30.7164233] [Info   :LethalPerformance] Initialized static void LethalPerformance.Utilities.OpenLogsFolderKeybind::Initialize()
[11:08:30.7174251] [Info   :LethalPerformance] Initialized static void LethalPerformance.Caching.References.NetworkBehaviourCaching::Initialize()
[11:08:30.7174251] [Info   :   BepInEx] Loading [LethalSponge 1.4.3]
[11:08:30.7199360] [Info   :LethalSponge] Loading LethalSponge Version 1.4.3
[11:08:30.7332713] [Info   :LethalSponge] Applying base patches...
[11:08:30.7579643] [Debug  :Buttery Fixes] Transpiler (Radar): Hide arrow when players are out of bounds
[11:08:30.7889954] [Info   :LethalSponge] Input Actions Patched
[11:08:30.8020191] [Info   :LethalSponge] Base patches applied
[11:08:31.0630132] [Info   :   BepInEx] Loading [AdditionalNetworking 2.4.1]
[11:08:31.0660140] [Info   :AdditionalNetworking] Initializing Configs
[11:08:31.0750844] [Debug  :ainavt.lc.lethalconfig] Registered config "AdditionalNetworking/Inventory/InventoryChange"
[11:08:31.0750844] [Debug  :ainavt.lc.lethalconfig] Registered config "AdditionalNetworking/Inventory/SlotChange"
[11:08:31.0760857] [Debug  :ainavt.lc.lethalconfig] Registered config "AdditionalNetworking/Item state/Animated Item"
[11:08:31.0760857] [Debug  :ainavt.lc.lethalconfig] Registered config "AdditionalNetworking/Item state/Boombox"
[11:08:31.0760857] [Debug  :ainavt.lc.lethalconfig] Registered config "AdditionalNetworking/Item state/Shotgun"
[11:08:31.0760857] [Debug  :ainavt.lc.lethalconfig] Registered config "AdditionalNetworking/Item Values/Enabled"
[11:08:31.0770849] [Debug  :ainavt.lc.lethalconfig] Registered config "AdditionalNetworking/Item Values/SkipVanillaGrabbablesSync"
[11:08:31.0770849] [Debug  :ainavt.lc.lethalconfig] Registered config "AdditionalNetworking/Item Values/Ignored Scan Nodes"
[11:08:31.0770849] [Debug  :ainavt.lc.lethalconfig] Registered config "AdditionalNetworking/Misc/Username"
[11:08:31.0780852] [Debug  :ainavt.lc.lethalconfig] Registered config "AdditionalNetworking/Debug/Verbose"
[11:08:31.0780852] [Info   :AdditionalNetworking] Patching Methods
[11:08:31.0855934] [Debug  :Buttery Fixes] Transpiler (RoundManager.GenerateNewLevelClientRpc): Cache mold manager
[11:08:31.0855934] [Debug  :Buttery Fixes] Transpiler (RoundManager.GenerateNewLevelClientRpc): Cache mold manager
[11:08:31.0966104] [Debug  :Buttery Fixes] Transpiler (StartOfRound.SyncShipUnlockablesClientRpc): Cache Cruiser script
[11:08:31.1979194] [Info   :AdditionalNetworking] AdditionalNetworking v2.4.1 Loaded!
[11:08:31.1979194] [Info   :   BepInEx] Loading [LobbyControl 2.5.12]
[11:08:31.2014330] [Info   :LobbyControl] Initializing Configs
[11:08:31.2149438] [Debug  :ainavt.lc.lethalconfig] Registered config "LobbyControl/SaveLimit/enabled"
[11:08:31.2149438] [Debug  :ainavt.lc.lethalconfig] Registered config "LobbyControl/SteamLobby/auto_lobby"
[11:08:31.2149438] [Debug  :ainavt.lc.lethalconfig] Registered config "LobbyControl/LogSpam/enabled"
[11:08:31.2149438] [Debug  :ainavt.lc.lethalconfig] Registered config "LobbyControl/LogSpam/CalculatePolygonPath"
[11:08:31.2149438] [Debug  :ainavt.lc.lethalconfig] Registered config "LobbyControl/JoinQueue/enabled"
[11:08:31.2159435] [Debug  :ainavt.lc.lethalconfig] Registered config "LobbyControl/JoinQueue/max_size"
[11:08:31.2159435] [Debug  :ainavt.lc.lethalconfig] Registered config "LobbyControl/JoinQueue/connection_timeout_ms"
[11:08:31.2159435] [Debug  :ainavt.lc.lethalconfig] Registered config "LobbyControl/JoinQueue/timeout_notification"
[11:08:31.2159435] [Debug  :ainavt.lc.lethalconfig] Registered config "LobbyControl/JoinQueue/connection_notification"
[11:08:31.2159435] [Debug  :ainavt.lc.lethalconfig] Registered config "LobbyControl/JoinQueue/pre-lobby_channel"
[11:08:31.2159435] [Debug  :ainavt.lc.lethalconfig] Registered config "LobbyControl/Networking/enabled"
[11:08:31.2159435] [Debug  :ainavt.lc.lethalconfig] Registered config "LobbyControl/Networking/sync_radar_names"
[11:08:31.2159435] [Debug  :ainavt.lc.lethalconfig] Registered config "LobbyControl/Networking/reset_player_values"
[11:08:31.2194532] [Debug  :LobbyControl] Rpc Id found for ReturnUnlockableFromStorageClientRpc: 1076853239U
[11:08:31.2204597] [Debug  :LobbyControl] Rpc Id found for OnPlayerConnectedClientRpc: 886676601U
[11:08:31.2204597] [Info   :LobbyControl] Patching Methods
[11:08:31.2856180] [Debug  :LobbyControl] Rpc Id found for SyncAlreadyHeldObjectsServerRpc: 682230258U
[11:08:31.2891288] [Debug  :LobbyControl] Rpc Id found for SendNewPlayerValuesServerRpc: 2504133785U
[11:08:31.2911375] [Debug  :LobbyControl] Rpc Id found for SyncAllPlayerLevelsServerRpc: 4217433937U
[11:08:31.3372433] [Debug  :Buttery Fixes] Transpiler (StartOfRound.SyncShipUnlockablesClientRpc): Cache Cruiser script
[11:08:31.3668185] [Debug  :GeneralImprovements] Patching SaveItemsInShip to include item rotations.
[11:08:31.3942844] [Debug  :Buttery Fixes] Transpiler (GameNetworkManager.SaveGameValues): Cache mold manager
[11:08:31.3942844] [Debug  :Buttery Fixes] Transpiler (GameNetworkManager.SaveGameValues): Cache mold manager
[11:08:31.4124462] [Debug  :GeneralImprovements] Patching GameNetworkManager.ResetSavedGameValues to keep ship unlockable positions.
[11:08:31.4319808] [Debug  :GeneralImprovements] Patching Terminal.ParsePlayerSentence to set dropship item limit to 24.
[11:08:31.4329800] [Info   :darmuhsTerminalStuff] ParsePlayerSentence Transpiler Initialized
[11:08:31.4329800] [Info   :darmuhsTerminalStuff] ParsePlayerSentence patched in favor of maxitems config!
[ 1 ] lines changed
[11:08:31.4480050] [Info   :LobbyControl] LobbyControl v2.5.12 Loaded!
[11:08:31.4480050] [Info   :   BepInEx] Loading [Matty's Fixes 1.1.41]
[11:08:31.4502484] [Info   :Matty's Fixes] Initializing Configs
[11:08:31.4635855] [Debug  :ainavt.lc.lethalconfig] Registered config "LethalConfig.ConfigItems.GenericButtonConfigItem"
[11:08:31.4635855] [Debug  :ainavt.lc.lethalconfig] Registered config "Matty's Fixes/ReadableMeshes/enabled"
[11:08:31.4635855] [Debug  :ainavt.lc.lethalconfig] Registered config "Matty's Fixes/Particles/lightning"
[11:08:31.4645869] [Debug  :ainavt.lc.lethalconfig] Registered config "Matty's Fixes/Particles/flies"
[11:08:31.4645869] [Debug  :ainavt.lc.lethalconfig] Registered config "Matty's Fixes/BadgeFixes/enabled"
[11:08:31.4645869] [Debug  :ainavt.lc.lethalconfig] Registered config "Matty's Fixes/CupBoard/enabled"
[11:08:31.4645869] [Debug  :ainavt.lc.lethalconfig] Registered config "Matty's Fixes/CupBoard/tolerance"
[11:08:31.4645869] [Debug  :ainavt.lc.lethalconfig] Registered config "Matty's Fixes/CupBoard/shift"
[11:08:31.4645869] [Debug  :ainavt.lc.lethalconfig] Registered config "Matty's Fixes/Radar/enabled"
[11:08:31.4645869] [Debug  :ainavt.lc.lethalconfig] Registered config "Matty's Fixes/Radar/deleted_scrap"
[11:08:31.4655832] [Debug  :ainavt.lc.lethalconfig] Registered config "Matty's Fixes/Radar/ship_loot"
[11:08:31.4655832] [Debug  :ainavt.lc.lethalconfig] Registered config "Matty's Fixes/ItemClipping/enabled"
[11:08:31.4655832] [Debug  :ainavt.lc.lethalconfig] Registered config "Matty's Fixes/ItemClipping/rotate_on_spawn"
[11:08:31.4655832] [Debug  :ainavt.lc.lethalconfig] Registered config "Matty's Fixes/ItemClipping/vertical_offset"
[11:08:31.4655832] [Debug  :ainavt.lc.lethalconfig] Registered config "Matty's Fixes/ItemClipping/manual_offsets"
[11:08:31.4655832] [Debug  :ainavt.lc.lethalconfig] Registered config "Matty's Fixes/OutOfBounds/enabled"
[11:08:31.4655832] [Debug  :ainavt.lc.lethalconfig] Registered config "Matty's Fixes/OutOfBounds/vertical_offset"
[11:08:31.4655832] [Debug  :ainavt.lc.lethalconfig] Registered config "Matty's Fixes/OutOfBounds/spawn_in_furniture"
[11:08:31.4665838] [Debug  :ainavt.lc.lethalconfig] Registered config "Matty's Fixes/Debug/Mesh Verbosity Level"
[11:08:31.4665838] [Debug  :ainavt.lc.lethalconfig] Registered config "Matty's Fixes/Debug/Cupboard Verbosity Level"
[11:08:31.4665838] [Debug  :ainavt.lc.lethalconfig] Registered config "Matty's Fixes/Debug/Item Verbosity Level"
[11:08:31.4665838] [Info   :Matty's Fixes] Patching Methods
[11:08:31.4851244] [Debug  :Buttery Fixes] Transpiler (StartOfRound.SyncShipUnlockablesClientRpc): Cache Cruiser script
[11:08:31.4991829] [Debug  :GeneralImprovements] Patching LoadShipGrabbableItems to include item rotations.
[11:08:31.5072979] [Debug  :Matty's Fixes] GrabbableObject.Start patched!
[11:08:31.5223164] [Warning:KawaiiBone.Remnants] Despawm remnant items on party wipe feature disabled, remnant items will now despawn on party wipe like scrap on the ship.
[11:08:31.5263130] [Debug  :GeneralImprovements] Patching SaveItemsInShip to include item rotations.
[11:08:31.5273134] [Debug  :Matty's Fixes] SaveItemsInShip Patched
[11:08:31.5358234] [Debug  :Matty's Fixes] RoundManager.SpawnScrapInLevel patched
[11:08:31.5423372] [Debug  :Matty's Fixes] SyncAllPlayerLevelsClientRpc patched!
[11:08:31.5518401] [Debug  :Matty's Fixes] StormyWeather.SetStaticElectricityWarning patched!
[11:08:31.5563533] [Debug  :Matty's Fixes] RandomFlyParticle.InitializeAfterPositioning patched!
[11:08:31.5648591] [Info   :Matty's Fixes] Matty's Fixes v1.1.41 Loaded!
[11:08:31.5648591] [Info   :   BepInEx] Loading [MaxWasUnavailable.LethalModDataLib 1.2.2]
[11:08:31.5658611] [Debug  :MaxWasUnavailable.LethalModDataLib] Patching...
[11:08:31.5753662] [Debug  :GeneralImprovements] Patching GameNetworkManager.ResetSavedGameValues to keep ship unlockable positions.
[11:08:31.5827821] [Debug  :MaxWasUnavailable.LethalModDataLib] Patched!
[11:08:31.5827821] [Info   :MaxWasUnavailable.LethalModDataLib] Plugin MaxWasUnavailable.LethalModDataLib is loaded!
[11:08:31.5827821] [Info   :   BepInEx] Loading [loaforcsSoundAPI.LethalCompany 1.0.2]
[11:08:31.5857853] [Info   :me.loaforc.soundapi.lethalcompany] LethalLevelLoader found, registering conditions on SoundAPI side.
[11:08:31.5942952] [Debug  :GeneralImprovements] Patching AudioReverbTrigger.ChangeAudioReverbForPlayer to optimize code.
[11:08:31.6073134] [Info   :me.loaforc.soundapi.lethalcompany] Done.
[11:08:31.6073134] [Info   :   BepInEx] Loading [Melanie Melicious - Furniture Pack 1 2.0.5]
[11:08:31.7508950] [Info   :   BepInEx] Loading [Melanie Melicious - Interiors 1.2.1]
[11:08:31.8822436] [Warning: Unity Log] LethalLevelLoader.ExtendedItem must be instantiated using the ScriptableObject.CreateInstance method instead of new ExtendedItem.
[11:08:31.8832455] [Warning: Unity Log] LethalLevelLoader.ExtendedItem must be instantiated using the ScriptableObject.CreateInstance method instead of new ExtendedItem.
[11:08:31.8832455] [Warning: Unity Log] LethalLevelLoader.ExtendedItem must be instantiated using the ScriptableObject.CreateInstance method instead of new ExtendedItem.
[11:08:31.8832455] [Warning: Unity Log] LethalLevelLoader.ExtendedItem must be instantiated using the ScriptableObject.CreateInstance method instead of new ExtendedItem.
[11:08:31.8832455] [Warning: Unity Log] LethalLevelLoader.ExtendedItem must be instantiated using the ScriptableObject.CreateInstance method instead of new ExtendedItem.
[11:08:31.8832455] [Warning: Unity Log] LethalLevelLoader.ExtendedItem must be instantiated using the ScriptableObject.CreateInstance method instead of new ExtendedItem.
[11:08:31.8832455] [Warning: Unity Log] LethalLevelLoader.ExtendedItem must be instantiated using the ScriptableObject.CreateInstance method instead of new ExtendedItem.
[11:08:31.8832455] [Warning: Unity Log] LethalLevelLoader.ExtendedItem must be instantiated using the ScriptableObject.CreateInstance method instead of new ExtendedItem.
[11:08:31.8832455] [Warning: Unity Log] LethalLevelLoader.ExtendedItem must be instantiated using the ScriptableObject.CreateInstance method instead of new ExtendedItem.
[11:08:31.8832455] [Warning: Unity Log] LethalLevelLoader.ExtendedItem must be instantiated using the ScriptableObject.CreateInstance method instead of new ExtendedItem.
[11:08:31.8832455] [Warning: Unity Log] LethalLevelLoader.ExtendedItem must be instantiated using the ScriptableObject.CreateInstance method instead of new ExtendedItem.
[11:08:31.8832455] [Warning: Unity Log] LethalLevelLoader.ExtendedItem must be instantiated using the ScriptableObject.CreateInstance method instead of new ExtendedItem.
[11:08:31.8832455] [Warning: Unity Log] LethalLevelLoader.ExtendedItem must be instantiated using the ScriptableObject.CreateInstance method instead of new ExtendedItem.
[11:08:31.8832455] [Warning: Unity Log] LethalLevelLoader.ExtendedItem must be instantiated using the ScriptableObject.CreateInstance method instead of new ExtendedItem.
[11:08:31.9578943] [Warning: Unity Log] LethalLevelLoader.ExtendedItem must be instantiated using the ScriptableObject.CreateInstance method instead of new ExtendedItem.
[11:08:31.9594004] [Warning: Unity Log] LethalLevelLoader.ExtendedItem must be instantiated using the ScriptableObject.CreateInstance method instead of new ExtendedItem.
[11:08:31.9594004] [Warning: Unity Log] LethalLevelLoader.ExtendedItem must be instantiated using the ScriptableObject.CreateInstance method instead of new ExtendedItem.
[11:08:31.9594004] [Warning: Unity Log] LethalLevelLoader.ExtendedItem must be instantiated using the ScriptableObject.CreateInstance method instead of new ExtendedItem.
[11:08:31.9604076] [Info   :LethalLevelLoader] Found ExtendedMod: MelanieInteriors
[11:08:31.9659203] [Info   :   BepInEx] Loading [MoreBattery 1.2.6]
[11:08:31.9679203] [Debug  :     CSync] Successfully registered config instance InstanceKey { Guid = MoreBattery, AssemblyQualifiedName = MoreBatteryMod.MoreBatteryConfig, MoreBattery, Version=0.0.0.0, Culture=neutral, PublicKeyToken=null }.
[11:08:31.9679203] [Info   :MoreBattery] ShowDebugUI bound. Value = False
[11:08:31.9754375] [Info   :MoreBattery] ForceAntiCheatTest bound. Value = False
[11:08:31.9806811] [Debug  :Matty's Fixes] GrabbableObject.Start patched!
[11:08:31.9826801] [Info   :MoreBattery] MoreBattery v1.2.6 with CSync networking support loaded successfully!
[11:08:31.9836810] [Info   :   BepInEx] Loading [BasedDecorPlacement 0.0.8]
[11:08:31.9981975] [Debug  :MrHat.BasedDecorPlacement] Removing GeneralImprovements patches that conflict with build mode
[11:08:32.0084305] [Debug  :MrHat.BasedDecorPlacement] Removed ShaosilGaming.GeneralImprovements ShipBuildModeManager.Awake postfix
[11:08:32.0130588] [Debug  :MrHat.BasedDecorPlacement] Removed ShaosilGaming.GeneralImprovements ShipBuildModeManager.CreateGhostObjectAndHighlight postfix
[11:08:32.0264664] [Debug  :MrHat.BasedDecorPlacement] Removed ShaosilGaming.GeneralImprovements ShipBuildModeManager.Update postfix
[11:08:32.0339780] [Debug  :MrHat.BasedDecorPlacement] Removed ShaosilGaming.GeneralImprovements ShipBuildModeManager.PlaceShipObject postfix
[11:08:32.0414842] [Debug  :MrHat.BasedDecorPlacement] Removed ShaosilGaming.GeneralImprovements AutoParentToShip.Awake prefix
[11:08:32.0414842] [Info   :MrHat.BasedDecorPlacement] GeneralImprovements compatibility enabled
[11:08:32.0474872] [Info   :MrHat.BasedDecorPlacement] ReservedItemSlotCore compatibility enabled
[11:08:32.1352441] [Debug  :GeneralImprovements] Patching LoadShipGrabbableItems to include item rotations.
[11:08:32.1427500] [Debug  :Buttery Fixes] Transpiler (StartOfRound.SyncShipUnlockablesClientRpc): Cache Cruiser script
[11:08:32.1662789] [Info   :MrHat.BasedDecorPlacement] BasedDecorPlacement loaded
[11:08:32.1662789] [Info   :   BepInEx] Loading [BasedItemSaving 0.0.1]
[11:08:32.1707867] [Info   :MrHat.BasedItemSaving] BasedItemSaving 0.0.1 loaded
[11:08:32.1777871] [Info   :   BepInEx] Loading [MisideItems 0.3.9]
[11:08:32.2143423] [Info   :MrHat.MisideItems.Internals] Running house patches
[11:08:32.2779203] [Debug  :Jetpack Fixes] Transpiler: Replace "Gravity" with "Inertia"
[11:08:32.2779203] [Debug  :Jetpack Fixes] Transpiler: Replace "Gravity" with "Inertia"
[11:08:32.2779203] [Debug  :Jetpack Fixes] Transpiler: Replace "Gravity" with "Inertia"
[11:08:32.3543350] [Debug  :MrHat.MisideItems.Internals] Celestial Tint lighting compatibility enabled
[11:08:32.3614802] [Info   :MrHat.MisideItems.Internals] BasedItemSaving compatibility enabled
[11:08:32.3614802] [Info   :   BepInEx] Loading [LightsOut 0.2.1]
[11:08:32.3725033] [Debug  :GeneralImprovements] Patching LoadShipGrabbableItems to include item rotations.
[11:08:32.3800099] [Debug  :Buttery Fixes] Transpiler (StartOfRound.SyncShipUnlockablesClientRpc): Cache Cruiser script
[11:08:32.3925201] [Info   : LightsOut] Plugin mrov.LightsOut 0.2.1 is loaded!
[11:08:32.3990277] [Info   :   BepInEx] Loading [Wesley's interior shenanigans 1.0.0]
[11:08:32.4000342] [Warning: Unity Log] The script 'WesleysInteriorShenanigans.InteriorModifier' could not be instantiated!
[11:08:32.4000342] [Info   :   BepInEx] Loading [Slaughterhouse Scripts 1.2.0]
[11:08:32.4020324] [Debug  :Slaughterhouse Scripts] Patching...
[11:08:32.4173221] [Debug  :Slaughterhouse Scripts] Finished patching!
[11:08:32.4173221] [Info   :Slaughterhouse Scripts] Nikki.Slaughterhouse v1.2.0 has loaded!
[11:08:32.4173221] [Info   :   BepInEx] Loading [Rolling Giant 2.6.3]
[11:08:32.4238330] [Info   :Rolling Giant] Config reloaded.
[11:08:32.4303371] [Message:Rolling Giant] Settings version is up to date (11 == 11)
[11:08:32.7647125] [Debug  :PathfindingLib] Changed prefabbed NavMeshAgent RollingGiant's area mask from 0xFFFFFFFF to 0xFFFFFFFF to allow traversal of non-smart off-mesh links.
[11:08:32.7657193] [Debug  :PathfindingLib] Changed prefabbed NavMeshAgent RollingGiant_Outside's area mask from 0xFFFFFFFF to 0xFFFFFFFF to allow traversal of non-smart off-mesh links.
[11:08:32.7667194] [Debug  :PathfindingLib] Changed prefabbed NavMeshAgent RollingGiant_Outside_Daytime's area mask from 0xFFFFFFFF to 0xFFFFFFFF to allow traversal of non-smart off-mesh links.
[11:08:32.8195257] [Info   :Rolling Giant] Plugin nomnomab.rollinggiant is loaded!
[11:08:32.8195257] [Info   :   BepInEx] Loading [LCOffice 2.3.4]
[11:08:32.8215309] [Warning:LCOfficeV81Compat] [LCOfficeV81Compat] Original LCOffice Awake intercepted.
[11:08:32.8275292] [Info   :LCOfficeV81Compat] [LCOfficeV81Compat] CompatBootstrap.Initialize reached.
[11:08:32.8405023] [Info   :LCOfficeV81Compat] [LCOfficeV81Compat] Found original lcoffice bundle:
[11:08:32.8405023] [Info   :LCOfficeV81Compat] [LCOfficeV81Compat] C:\Users\Milan\AppData\Roaming\com.kesomannen.gale\lethal-company\profiles\LC V1 S1.42AK-LFD1\BepInEx\plugins\Piggy-LC_Office\lcoffice
[11:08:32.8405023] [Info   :LCOfficeV81Compat] [LCOfficeV81Compat] Bundle size: 30051686 bytes
[11:08:32.8425052] [Info   :LCOfficeV81Compat] [LCOfficeV81Compat] Local bundle patching starting.
[11:08:32.8425052] [Info   :LCOfficeV81Compat] [LCOfficeV81Compat] Original bundle:
[11:08:32.8425052] [Info   :LCOfficeV81Compat] [LCOfficeV81Compat] C:\Users\Milan\AppData\Roaming\com.kesomannen.gale\lethal-company\profiles\LC V1 S1.42AK-LFD1\BepInEx\plugins\Piggy-LC_Office\lcoffice
[11:08:32.8425052] [Info   :LCOfficeV81Compat] [LCOfficeV81Compat] Patched bundle target:
[11:08:32.8425052] [Info   :LCOfficeV81Compat] [LCOfficeV81Compat] C:\Users\Milan\AppData\Roaming\com.kesomannen.gale\lethal-company\profiles\LC V1 S1.42AK-LFD1\BepInEx\cache\LCOfficeV81Compat\lcoffice_patched
[11:08:32.8435069] [Warning:LCOfficeV81Compat] [LCOfficeV81Compat] Patched bundle cache hit.
[11:08:32.8435069] [Info   :LCOfficeV81Compat] [LCOfficeV81Compat] Reusing cached patched bundle:
[11:08:32.8435069] [Info   :LCOfficeV81Compat] [LCOfficeV81Compat] C:\Users\Milan\AppData\Roaming\com.kesomannen.gale\lethal-company\profiles\LC V1 S1.42AK-LFD1\BepInEx\cache\LCOfficeV81Compat\lcoffice_patched
[11:08:32.8435069] [Info   :LCOfficeV81Compat] [LCOfficeV81Compat] Local bundle patching succeeded.
[11:08:32.8435069] [Info   :LCOfficeV81Compat] [LCOfficeV81Compat] Patched bundle ready at:
[11:08:32.8435069] [Info   :LCOfficeV81Compat] [LCOfficeV81Compat] C:\Users\Milan\AppData\Roaming\com.kesomannen.gale\lethal-company\profiles\LC V1 S1.42AK-LFD1\BepInEx\cache\LCOfficeV81Compat\lcoffice_patched
[11:08:32.8435069] [Info   :LCOfficeV81Compat] [LCOfficeV81Compat] Patched bundle runtime load test starting.
[11:08:32.8565238] [Warning:LCOfficeV81Compat] [LCOfficeV81Compat] Patched AssetBundle loaded successfully.
[11:08:32.9146018] [Info   :LCOfficeV81Compat] [LCOfficeV81Compat] Resolved ExtendedDungeonFlow type: LethalLevelLoader.ExtendedDungeonFlow
[11:08:33.1141543] [Warning: Unity Log] The referenced script on this Behaviour (Game Object '') is missing!
[11:08:33.1161541] [Warning: Unity Log] The referenced script on this Behaviour (Game Object '') is missing!
[11:08:33.1192218] [Warning: Unity Log] The referenced script on this Behaviour (Game Object '') is missing!
[11:08:33.1192218] [Warning: Unity Log] The referenced script on this Behaviour (Game Object '') is missing!
[11:08:33.1192218] [Warning: Unity Log] The referenced script on this Behaviour (Game Object 'BreakerSwitch1') is missing!
[11:08:33.1216328] [Warning: Unity Log] The referenced script on this Behaviour (Game Object '') is missing!
[11:08:33.1552996] [Warning: Unity Log] The referenced script on this Behaviour (Game Object '') is missing!
[11:08:33.1633947] [Warning: Unity Log] The referenced script on this Behaviour (Game Object 'BreakerSwitch1') is missing!
[11:08:33.1730715] [Warning: Unity Log] The referenced script on this Behaviour (Game Object '') is missing!
[11:08:33.1730715] [Warning: Unity Log] The referenced script on this Behaviour (Game Object '') is missing!
[11:08:33.1740716] [Warning: Unity Log] The referenced script on this Behaviour (Game Object 'Cube (1)') is missing!
[11:08:33.2059971] [Warning: Unity Log] The referenced script on this Behaviour (Game Object '') is missing!
[11:08:33.2125671] [Warning: Unity Log] The referenced script on this Behaviour (Game Object '') is missing!
[11:08:33.2175686] [Warning: Unity Log] The referenced script on this Behaviour (Game Object 'BreakerSwitch3') is missing!
[11:08:33.2365936] [Warning: Unity Log] The referenced script on this Behaviour (Game Object '') is missing!
[11:08:33.2401021] [Warning: Unity Log] The referenced script on this Behaviour (Game Object '') is missing!
[11:08:33.2411023] [Warning: Unity Log] The referenced script on this Behaviour (Game Object 'BreakerSwitch2') is missing!
[11:08:33.2421000] [Warning: Unity Log] The referenced script on this Behaviour (Game Object 'PowerBoxDoor') is missing!
[11:08:33.2441008] [Warning: Unity Log] The referenced script on this Behaviour (Game Object 'Cube (1)') is missing!
[11:08:33.3533951] [Warning:LCOfficeV81Compat] [LCOfficeV81Compat] ExtendedOfficeFlow.asset loaded successfully.
[11:08:33.3533951] [Info   :LCOfficeV81Compat] [LCOfficeV81Compat] Loaded asset runtime type: LethalLevelLoader.ExtendedDungeonFlow
[11:08:33.3533951] [Info   :LCOfficeV81Compat] [LCOfficeV81Compat] Reading DungeonFlow property.
[11:08:33.3533951] [Warning:LCOfficeV81Compat] [LCOfficeV81Compat] ExtendedOfficeFlow.DungeonFlow is NON-NULL.
[11:08:33.3533951] [Info   :LCOfficeV81Compat] [LCOfficeV81Compat] DungeonFlow runtime type: DunGen.Graph.DungeonFlow
[11:08:33.3533951] [Warning:LCOfficeV81Compat] [LCOfficeV81Compat] Patched bundle runtime validation succeeded.
[11:08:33.3533951] [Warning:LCOfficeV81Compat] [LCOfficeV81Compat] Patched bundle runtime load test succeeded.
[11:08:33.3543957] [Info   :LCOfficeV81Compat] [LCOfficeV81Compat] Minimal LC Office registration starting.
[11:08:33.3543957] [Info   :LCOfficeV81Compat] [LCOfficeV81Compat] Creating ExtendedMod: LC Office / Piggy
[11:08:33.3543957] [Info   :LCOfficeV81Compat] [LCOfficeV81Compat] Adding ExtendedOfficeFlow to ExtendedMod.
[11:08:33.3543957] [Info   :LCOfficeV81Compat] [LCOfficeV81Compat] Loading OfficeExtender.asset.
[11:08:33.3772628] [Warning:LCOfficeV81Compat] [LCOfficeV81Compat] OfficeExtender.asset loaded successfully.
[11:08:33.3772628] [Info   :LCOfficeV81Compat] [LCOfficeV81Compat] OfficeExtender.DungeonFlow assigned.
[11:08:33.3772628] [Info   :LCOfficeV81Compat] [LCOfficeV81Compat] Registering DunGenPlus extender.
[11:08:33.3782630] [Info   :dev.ladyalice.dungenplus] Added DunGenExtender asset for OfficeDungeonFlow
[11:08:33.3782630] [Info   :LCOfficeV81Compat] [LCOfficeV81Compat] Registering LC Office ExtendedMod with LethalLevelLoader.
[11:08:33.3782630] [Info   :LethalLevelLoader] Found ExtendedMod: LC OfficeMod
[11:08:33.3782630] [Warning:LCOfficeV81Compat] [LCOfficeV81Compat] Minimal LC Office registration succeeded.
[11:08:33.3782630] [Info   :LCOfficeV81Compat] [LCOfficeV81Compat] Registered dungeon flow: ExtendedOfficeFlow
[11:08:33.3782630] [Info   :LCOfficeV81Compat] [LCOfficeV81Compat] DungeonFlow runtime type: DunGen.Graph.DungeonFlow
[11:08:33.3782630] [Warning:LCOfficeV81Compat] [LCOfficeV81Compat] Minimal LC Office registration succeeded.
[11:08:33.3782630] [Info   :LCOfficeV81Compat] [LCOfficeV81Compat] Restoring original LCOffice runtime state.
[11:08:33.4464851] [Info   :LCOfficeV81Compat] [LCOfficeV81Compat] Restored static field: musicVolume
[11:08:33.4464851] [Info   :LCOfficeV81Compat] [LCOfficeV81Compat] Restored static field: elevatorMusicPitchdown
[11:08:33.4464851] [Info   :LCOfficeV81Compat] [LCOfficeV81Compat] Restored static field: cameraDisable
[11:08:33.4464851] [Info   :LCOfficeV81Compat] [LCOfficeV81Compat] Restored static field: controlRoomCameraDisable
[11:08:33.4464851] [Info   :LCOfficeV81Compat] [LCOfficeV81Compat] Restored static field: cameraFrameSpeed
[11:08:33.4464851] [Info   :LCOfficeV81Compat] [LCOfficeV81Compat] Restored static field: mls
[11:08:33.4464851] [Info   :LCOfficeV81Compat] [LCOfficeV81Compat] Restored static field: Bundle
[11:08:33.4464851] [Info   :LCOfficeV81Compat] [LCOfficeV81Compat] Restored static field: officeMod
[11:08:33.4464851] [Info   :LCOfficeV81Compat] [LCOfficeV81Compat] Restored static field: officeDungeon
[11:08:33.4464851] [Info   :LCOfficeV81Compat] [LCOfficeV81Compat] Restored static field: officeExtender
[11:08:33.4464851] [Info   :LCOfficeV81Compat] [LCOfficeV81Compat] Core LCOffice statics restored.
[11:08:33.4509945] [Info   :LCOfficeV81Compat] [LCOfficeV81Compat] Restored static field: ActualElevator
[11:08:33.4509945] [Info   :LCOfficeV81Compat] [LCOfficeV81Compat] Restored static field: StoragePrefab
[11:08:33.4509945] [Warning:LCOfficeV81Compat] [LCOfficeV81Compat] Elevator prefabs loaded successfully.
[11:08:33.4509945] [Warning:LCOfficeV81Compat] [LCOfficeV81Compat] JLL network prefab set registered.
[11:08:33.4529930] [Info   :LCOfficeV81Compat] [LCOfficeV81Compat] Restored static field: elevator1Node
[11:08:33.4529930] [Info   :LCOfficeV81Compat] [LCOfficeV81Compat] Restored static field: elevator2Node
[11:08:33.4529930] [Info   :LCOfficeV81Compat] [LCOfficeV81Compat] Restored static field: elevator3Node
[11:08:33.4529930] [Info   :LCOfficeV81Compat] [LCOfficeV81Compat] Restored static field: elevatorKeyword
[11:08:33.4529930] [Info   :LCOfficeV81Compat] [LCOfficeV81Compat] Restored static field: elevator1Keyword
[11:08:33.4529930] [Info   :LCOfficeV81Compat] [LCOfficeV81Compat] Restored static field: elevator2Keyword
[11:08:33.4529930] [Info   :LCOfficeV81Compat] [LCOfficeV81Compat] Restored static field: elevator3Keyword
[11:08:33.4529930] [Warning:LCOfficeV81Compat] [LCOfficeV81Compat] Terminal assets restored.
[11:08:33.4529930] [Info   :LCOfficeV81Compat] [LCOfficeV81Compat] Restoring remaining original LCOffice startup hooks.
[11:08:33.4529930] [Info   :LCOfficeV81Compat] [LCOfficeV81Compat] Restored static field: configEnableScraps
[11:08:33.6613678] [Warning:LCOfficeV81Compat] [LCOfficeV81Compat] Original LCOffice Harmony patches restored.
[11:08:33.6623725] [Info   :LCOfficeV81Compat] Netcode Successfully Patched!
[11:08:33.6623725] [Warning:LCOfficeV81Compat] [LCOfficeV81Compat] JLL netcode patch restored for original LCOffice assembly.
[11:08:33.6623725] [Warning:LCOfficeV81Compat] [LCOfficeV81Compat] Remaining original startup hooks restored.
[11:08:33.6623725] [Warning:LCOfficeV81Compat] [LCOfficeV81Compat] Runtime state restoration succeeded.
[11:08:33.6623725] [Warning:LCOfficeV81Compat] [LCOfficeV81Compat] Runtime state restoration succeeded.
[11:08:33.6623725] [Info   :LCOfficeV81Compat] [LCOfficeV81Compat] Compatibility bootstrap succeeded.
[11:08:33.6623725] [Warning:LCOfficeV81Compat] [LCOfficeV81Compat] Original LCOffice Awake skipped.
[11:08:33.6623725] [Info   :   BepInEx] Loading [LethalMin 1.1.0]
[11:08:33.6683679] [Info   : LethalMin] LethalMin: Initializing LethalMin
[11:08:33.6763820] [Info   : LethalMin] LethalMin: Netcode Patching
[11:08:33.7024715] [Debug  : LethalMin] Skipping method OnEnable4Real due to missing dependency: System.IO.FileNotFoundException: Could not load file or assembly 'NoteBoxz.LethalMinLibrary, Version=2.3.0.0, Culture=neutral, PublicKeyToken=null' or one of its dependencies.
File name: 'NoteBoxz.LethalMinLibrary, Version=2.3.0.0, Culture=neutral, PublicKeyToken=null'
  at (wrapper managed-to-native) System.Reflection.MonoMethodInfo.get_method_info(intptr,System.Reflection.MonoMethodInfo&)
  at System.Reflection.MonoMethodInfo.GetMethodInfo (System.IntPtr handle) [0x00000] in <1071a2cb0cb3433aae80a793c277a048>:IL_0000 
  at System.Reflection.RuntimeMethodInfo.GetPseudoCustomAttributes () [0x00002] in <1071a2cb0cb3433aae80a793c277a048>:IL_0002 
  at System.MonoCustomAttrs.GetPseudoCustomAttributes (System.Reflection.ICustomAttributeProvider obj, System.Type attributeType) [0x0000c] in <1071a2cb0cb3433aae80a793c277a048>:IL_000C 
  at System.MonoCustomAttrs.GetCustomAttributesBase (System.Reflection.ICustomAttributeProvider obj, System.Type attributeType, System.Boolean inheritedOnly) [0x00021] in <1071a2cb0cb3433aae80a793c277a048>:IL_0021 
  at System.MonoCustomAttrs.GetCustomAttributes (System.Reflection.ICustomAttributeProvider obj, System.Type attributeType, System.Boolean inherit) [0x00037] in <1071a2cb0cb3433aae80a793c277a048>:IL_0037 
  at System.Reflection.RuntimeMethodInfo.GetCustomAttributes (System.Type attributeType, System.Boolean inherit) [0x00000] in <1071a2cb0cb3433aae80a793c277a048>:IL_0000 
  at LethalMin.LethalMin.NetcodePatcher () [0x00037] in ./LethalMin.cs:1222 
[11:08:33.7024715] [Debug  : LethalMin] Skipping method OnEnable4Real due to missing dependency: System.IO.FileNotFoundException: Could not load file or assembly 'NoteBoxz.LethalMinLibrary, Version=2.3.0.0, Culture=neutral, PublicKeyToken=null' or one of its dependencies.
File name: 'NoteBoxz.LethalMinLibrary, Version=2.3.0.0, Culture=neutral, PublicKeyToken=null'
  at (wrapper managed-to-native) System.Reflection.MonoMethodInfo.get_method_info(intptr,System.Reflection.MonoMethodInfo&)
  at System.Reflection.MonoMethodInfo.GetMethodInfo (System.IntPtr handle) [0x00000] in <1071a2cb0cb3433aae80a793c277a048>:IL_0000 
  at System.Reflection.RuntimeMethodInfo.GetPseudoCustomAttributes () [0x00002] in <1071a2cb0cb3433aae80a793c277a048>:IL_0002 
  at System.MonoCustomAttrs.GetPseudoCustomAttributes (System.Reflection.ICustomAttributeProvider obj, System.Type attributeType) [0x0000c] in <1071a2cb0cb3433aae80a793c277a048>:IL_000C 
  at System.MonoCustomAttrs.GetCustomAttributesBase (System.Reflection.ICustomAttributeProvider obj, System.Type attributeType, System.Boolean inheritedOnly) [0x00021] in <1071a2cb0cb3433aae80a793c277a048>:IL_0021 
  at System.MonoCustomAttrs.GetCustomAttributes (System.Reflection.ICustomAttributeProvider obj, System.Type attributeType, System.Boolean inherit) [0x00037] in <1071a2cb0cb3433aae80a793c277a048>:IL_0037 
  at System.Reflection.RuntimeMethodInfo.GetCustomAttributes (System.Type attributeType, System.Boolean inherit) [0x00000] in <1071a2cb0cb3433aae80a793c277a048>:IL_0000 
  at LethalMin.LethalMin.NetcodePatcher () [0x00037] in ./LethalMin.cs:1222 
[11:08:33.7024715] [Debug  : LethalMin] Skipping method Init4Real due to missing dependency: System.IO.FileNotFoundException: Could not load file or assembly 'NoteBoxz.LethalMinLibrary, Version=2.3.0.0, Culture=neutral, PublicKeyToken=null' or one of its dependencies.
File name: 'NoteBoxz.LethalMinLibrary, Version=2.3.0.0, Culture=neutral, PublicKeyToken=null'
  at (wrapper managed-to-native) System.Reflection.MonoMethodInfo.get_method_info(intptr,System.Reflection.MonoMethodInfo&)
  at System.Reflection.MonoMethodInfo.GetMethodInfo (System.IntPtr handle) [0x00000] in <1071a2cb0cb3433aae80a793c277a048>:IL_0000 
  at System.Reflection.RuntimeMethodInfo.GetPseudoCustomAttributes () [0x00002] in <1071a2cb0cb3433aae80a793c277a048>:IL_0002 
  at System.MonoCustomAttrs.GetPseudoCustomAttributes (System.Reflection.ICustomAttributeProvider obj, System.Type attributeType) [0x0000c] in <1071a2cb0cb3433aae80a793c277a048>:IL_000C 
  at System.MonoCustomAttrs.GetCustomAttributesBase (System.Reflection.ICustomAttributeProvider obj, System.Type attributeType, System.Boolean inheritedOnly) [0x00021] in <1071a2cb0cb3433aae80a793c277a048>:IL_0021 
  at System.MonoCustomAttrs.GetCustomAttributes (System.Reflection.ICustomAttributeProvider obj, System.Type attributeType, System.Boolean inherit) [0x00037] in <1071a2cb0cb3433aae80a793c277a048>:IL_0037 
  at System.Reflection.RuntimeMethodInfo.GetCustomAttributes (System.Type attributeType, System.Boolean inherit) [0x00000] in <1071a2cb0cb3433aae80a793c277a048>:IL_0000 
  at LethalMin.LethalMin.NetcodePatcher () [0x00037] in ./LethalMin.cs:1222 
[11:08:33.8135408] [Debug  : LethalMin] Skipping method UpdateDisguisePostfix due to missing dependency: System.IO.FileNotFoundException: Could not load file or assembly 'DontTouchMe, Version=1.0.0.0, Culture=neutral, PublicKeyToken=null' or one of its dependencies.
File name: 'DontTouchMe, Version=1.0.0.0, Culture=neutral, PublicKeyToken=null'
  at (wrapper managed-to-native) System.Reflection.MonoMethodInfo.get_method_info(intptr,System.Reflection.MonoMethodInfo&)
  at System.Reflection.MonoMethodInfo.GetMethodInfo (System.IntPtr handle) [0x00000] in <1071a2cb0cb3433aae80a793c277a048>:IL_0000 
  at System.Reflection.RuntimeMethodInfo.GetPseudoCustomAttributes () [0x00002] in <1071a2cb0cb3433aae80a793c277a048>:IL_0002 
  at System.MonoCustomAttrs.GetPseudoCustomAttributes (System.Reflection.ICustomAttributeProvider obj, System.Type attributeType) [0x0000c] in <1071a2cb0cb3433aae80a793c277a048>:IL_000C 
  at System.MonoCustomAttrs.GetCustomAttributesBase (System.Reflection.ICustomAttributeProvider obj, System.Type attributeType, System.Boolean inheritedOnly) [0x00021] in <1071a2cb0cb3433aae80a793c277a048>:IL_0021 
  at System.MonoCustomAttrs.GetCustomAttributes (System.Reflection.ICustomAttributeProvider obj, System.Type attributeType, System.Boolean inherit) [0x00037] in <1071a2cb0cb3433aae80a793c277a048>:IL_0037 
  at System.Reflection.RuntimeMethodInfo.GetCustomAttributes (System.Type attributeType, System.Boolean inherit) [0x00000] in <1071a2cb0cb3433aae80a793c277a048>:IL_0000 
  at LethalMin.LethalMin.NetcodePatcher () [0x00037] in ./LethalMin.cs:1222 
[11:08:33.8135408] [Debug  : LethalMin] Skipping method AttackClientRpcPostfix due to missing dependency: System.IO.FileNotFoundException: Could not load file or assembly 'DontTouchMe, Version=1.0.0.0, Culture=neutral, PublicKeyToken=null' or one of its dependencies.
File name: 'DontTouchMe, Version=1.0.0.0, Culture=neutral, PublicKeyToken=null'
  at (wrapper managed-to-native) System.Reflection.MonoMethodInfo.get_method_info(intptr,System.Reflection.MonoMethodInfo&)
  at System.Reflection.MonoMethodInfo.GetMethodInfo (System.IntPtr handle) [0x00000] in <1071a2cb0cb3433aae80a793c277a048>:IL_0000 
  at System.Reflection.RuntimeMethodInfo.GetPseudoCustomAttributes () [0x00002] in <1071a2cb0cb3433aae80a793c277a048>:IL_0002 
  at System.MonoCustomAttrs.GetPseudoCustomAttributes (System.Reflection.ICustomAttributeProvider obj, System.Type attributeType) [0x0000c] in <1071a2cb0cb3433aae80a793c277a048>:IL_000C 
  at System.MonoCustomAttrs.GetCustomAttributesBase (System.Reflection.ICustomAttributeProvider obj, System.Type attributeType, System.Boolean inheritedOnly) [0x00021] in <1071a2cb0cb3433aae80a793c277a048>:IL_0021 
  at System.MonoCustomAttrs.GetCustomAttributes (System.Reflection.ICustomAttributeProvider obj, System.Type attributeType, System.Boolean inherit) [0x00037] in <1071a2cb0cb3433aae80a793c277a048>:IL_0037 
  at System.Reflection.RuntimeMethodInfo.GetCustomAttributes (System.Type attributeType, System.Boolean inherit) [0x00000] in <1071a2cb0cb3433aae80a793c277a048>:IL_0000 
  at LethalMin.LethalMin.NetcodePatcher () [0x00037] in ./LethalMin.cs:1222 
[11:08:33.8135408] [Debug  : LethalMin] Skipping method PikminAttackAnimation due to missing dependency: System.IO.FileNotFoundException: Could not load file or assembly 'Mimics, Version=2.7.4.0, Culture=neutral, PublicKeyToken=null' or one of its dependencies.
File name: 'Mimics, Version=2.7.4.0, Culture=neutral, PublicKeyToken=null'
  at (wrapper managed-to-native) System.Reflection.MonoMethodInfo.get_method_info(intptr,System.Reflection.MonoMethodInfo&)
  at System.Reflection.MonoMethodInfo.GetMethodInfo (System.IntPtr handle) [0x00000] in <1071a2cb0cb3433aae80a793c277a048>:IL_0000 
  at System.Reflection.RuntimeMethodInfo.GetPseudoCustomAttributes () [0x00002] in <1071a2cb0cb3433aae80a793c277a048>:IL_0002 
  at System.MonoCustomAttrs.GetPseudoCustomAttributes (System.Reflection.ICustomAttributeProvider obj, System.Type attributeType) [0x0000c] in <1071a2cb0cb3433aae80a793c277a048>:IL_000C 
  at System.MonoCustomAttrs.GetCustomAttributesBase (System.Reflection.ICustomAttributeProvider obj, System.Type attributeType, System.Boolean inheritedOnly) [0x00021] in <1071a2cb0cb3433aae80a793c277a048>:IL_0021 
  at System.MonoCustomAttrs.GetCustomAttributes (System.Reflection.ICustomAttributeProvider obj, System.Type attributeType, System.Boolean inherit) [0x00037] in <1071a2cb0cb3433aae80a793c277a048>:IL_0037 
  at System.Reflection.RuntimeMethodInfo.GetCustomAttributes (System.Type attributeType, System.Boolean inherit) [0x00000] in <1071a2cb0cb3433aae80a793c277a048>:IL_0000 
  at LethalMin.LethalMin.NetcodePatcher () [0x00037] in ./LethalMin.cs:1222 
[11:08:33.8932419] [Debug  : LethalMin] Skipping method GenerateItemsPostfix due to missing dependency: System.IO.FileNotFoundException: Could not load file or assembly 'giosuel.Imperium, Version=1.0.0.0, Culture=neutral, PublicKeyToken=null' or one of its dependencies.
File name: 'giosuel.Imperium, Version=1.0.0.0, Culture=neutral, PublicKeyToken=null'
  at (wrapper managed-to-native) System.Reflection.MonoMethodInfo.get_method_info(intptr,System.Reflection.MonoMethodInfo&)
  at System.Reflection.MonoMethodInfo.GetMethodInfo (System.IntPtr handle) [0x00000] in <1071a2cb0cb3433aae80a793c277a048>:IL_0000 
  at System.Reflection.RuntimeMethodInfo.GetPseudoCustomAttributes () [0x00002] in <1071a2cb0cb3433aae80a793c277a048>:IL_0002 
  at System.MonoCustomAttrs.GetPseudoCustomAttributes (System.Reflection.ICustomAttributeProvider obj, System.Type attributeType) [0x0000c] in <1071a2cb0cb3433aae80a793c277a048>:IL_000C 
  at System.MonoCustomAttrs.GetCustomAttributesBase (System.Reflection.ICustomAttributeProvider obj, System.Type attributeType, System.Boolean inheritedOnly) [0x00021] in <1071a2cb0cb3433aae80a793c277a048>:IL_0021 
  at System.MonoCustomAttrs.GetCustomAttributes (System.Reflection.ICustomAttributeProvider obj, System.Type attributeType, System.Boolean inherit) [0x00037] in <1071a2cb0cb3433aae80a793c277a048>:IL_0037 
  at System.Reflection.RuntimeMethodInfo.GetCustomAttributes (System.Type attributeType, System.Boolean inherit) [0x00000] in <1071a2cb0cb3433aae80a793c277a048>:IL_0000 
  at LethalMin.LethalMin.NetcodePatcher () [0x00037] in ./LethalMin.cs:1222 
[11:08:33.8932419] [Debug  : LethalMin] Skipping method OnMimicAttackClientRpc due to missing dependency: System.IO.FileNotFoundException: Could not load file or assembly 'Mimics, Version=2.7.4.0, Culture=neutral, PublicKeyToken=null' or one of its dependencies.
File name: 'Mimics, Version=2.7.4.0, Culture=neutral, PublicKeyToken=null'
  at (wrapper managed-to-native) System.Reflection.MonoMethodInfo.get_method_info(intptr,System.Reflection.MonoMethodInfo&)
  at System.Reflection.MonoMethodInfo.GetMethodInfo (System.IntPtr handle) [0x00000] in <1071a2cb0cb3433aae80a793c277a048>:IL_0000 
  at System.Reflection.RuntimeMethodInfo.GetPseudoCustomAttributes () [0x00002] in <1071a2cb0cb3433aae80a793c277a048>:IL_0002 
  at System.MonoCustomAttrs.GetPseudoCustomAttributes (System.Reflection.ICustomAttributeProvider obj, System.Type attributeType) [0x0000c] in <1071a2cb0cb3433aae80a793c277a048>:IL_000C 
  at System.MonoCustomAttrs.GetCustomAttributesBase (System.Reflection.ICustomAttributeProvider obj, System.Type attributeType, System.Boolean inheritedOnly) [0x00021] in <1071a2cb0cb3433aae80a793c277a048>:IL_0021 
  at System.MonoCustomAttrs.GetCustomAttributes (System.Reflection.ICustomAttributeProvider obj, System.Type attributeType, System.Boolean inherit) [0x00037] in <1071a2cb0cb3433aae80a793c277a048>:IL_0037 
  at System.Reflection.RuntimeMethodInfo.GetCustomAttributes (System.Type attributeType, System.Boolean inherit) [0x00000] in <1071a2cb0cb3433aae80a793c277a048>:IL_0000 
  at LethalMin.LethalMin.NetcodePatcher () [0x00037] in ./LethalMin.cs:1222 
[11:08:33.9693356] [Debug  : LethalMin] Skipping method OnTriggerStayPatch due to missing dependency: System.IO.FileNotFoundException: Could not load file or assembly 'PiggyVarietyMod, Version=1.0.0.0, Culture=neutral, PublicKeyToken=null' or one of its dependencies.
File name: 'PiggyVarietyMod, Version=1.0.0.0, Culture=neutral, PublicKeyToken=null'
  at (wrapper managed-to-native) System.Reflection.MonoMethodInfo.get_method_info(intptr,System.Reflection.MonoMethodInfo&)
  at System.Reflection.MonoMethodInfo.GetMethodInfo (System.IntPtr handle) [0x00000] in <1071a2cb0cb3433aae80a793c277a048>:IL_0000 
  at System.Reflection.RuntimeMethodInfo.GetPseudoCustomAttributes () [0x00002] in <1071a2cb0cb3433aae80a793c277a048>:IL_0002 
  at System.MonoCustomAttrs.GetPseudoCustomAttributes (System.Reflection.ICustomAttributeProvider obj, System.Type attributeType) [0x0000c] in <1071a2cb0cb3433aae80a793c277a048>:IL_000C 
  at System.MonoCustomAttrs.GetCustomAttributesBase (System.Reflection.ICustomAttributeProvider obj, System.Type attributeType, System.Boolean inheritedOnly) [0x00021] in <1071a2cb0cb3433aae80a793c277a048>:IL_0021 
  at System.MonoCustomAttrs.GetCustomAttributes (System.Reflection.ICustomAttributeProvider obj, System.Type attributeType, System.Boolean inherit) [0x00037] in <1071a2cb0cb3433aae80a793c277a048>:IL_0037 
  at System.Reflection.RuntimeMethodInfo.GetCustomAttributes (System.Type attributeType, System.Boolean inherit) [0x00000] in <1071a2cb0cb3433aae80a793c277a048>:IL_0000 
  at LethalMin.LethalMin.NetcodePatcher () [0x00037] in ./LethalMin.cs:1222 
[11:08:33.9693356] [Debug  : LethalMin] Skipping method WaitRespawnPikmin due to missing dependency: System.IO.FileNotFoundException: Could not load file or assembly 'kite.ZelevatorCode, Version=1.0.0.0, Culture=neutral, PublicKeyToken=null' or one of its dependencies.
File name: 'kite.ZelevatorCode, Version=1.0.0.0, Culture=neutral, PublicKeyToken=null'
  at (wrapper managed-to-native) System.Reflection.MonoMethodInfo.get_method_info(intptr,System.Reflection.MonoMethodInfo&)
  at System.Reflection.MonoMethodInfo.GetMethodInfo (System.IntPtr handle) [0x00000] in <1071a2cb0cb3433aae80a793c277a048>:IL_0000 
  at System.Reflection.RuntimeMethodInfo.GetPseudoCustomAttributes () [0x00002] in <1071a2cb0cb3433aae80a793c277a048>:IL_0002 
  at System.MonoCustomAttrs.GetPseudoCustomAttributes (System.Reflection.ICustomAttributeProvider obj, System.Type attributeType) [0x0000c] in <1071a2cb0cb3433aae80a793c277a048>:IL_000C 
  at System.MonoCustomAttrs.GetCustomAttributesBase (System.Reflection.ICustomAttributeProvider obj, System.Type attributeType, System.Boolean inheritedOnly) [0x00021] in <1071a2cb0cb3433aae80a793c277a048>:IL_0021 
  at System.MonoCustomAttrs.GetCustomAttributes (System.Reflection.ICustomAttributeProvider obj, System.Type attributeType, System.Boolean inherit) [0x00037] in <1071a2cb0cb3433aae80a793c277a048>:IL_0037 
  at System.Reflection.RuntimeMethodInfo.GetCustomAttributes (System.Type attributeType, System.Boolean inherit) [0x00000] in <1071a2cb0cb3433aae80a793c277a048>:IL_0000 
  at LethalMin.LethalMin.NetcodePatcher () [0x00037] in ./LethalMin.cs:1222 
[11:08:33.9693356] [Debug  : LethalMin] Skipping method WaitWarpOnElevatorStop due to missing dependency: System.IO.FileNotFoundException: Could not load file or assembly 'kite.ZelevatorCode, Version=1.0.0.0, Culture=neutral, PublicKeyToken=null' or one of its dependencies.
File name: 'kite.ZelevatorCode, Version=1.0.0.0, Culture=neutral, PublicKeyToken=null'
  at (wrapper managed-to-native) System.Reflection.MonoMethodInfo.get_method_info(intptr,System.Reflection.MonoMethodInfo&)
  at System.Reflection.MonoMethodInfo.GetMethodInfo (System.IntPtr handle) [0x00000] in <1071a2cb0cb3433aae80a793c277a048>:IL_0000 
  at System.Reflection.RuntimeMethodInfo.GetPseudoCustomAttributes () [0x00002] in <1071a2cb0cb3433aae80a793c277a048>:IL_0002 
  at System.MonoCustomAttrs.GetPseudoCustomAttributes (System.Reflection.ICustomAttributeProvider obj, System.Type attributeType) [0x0000c] in <1071a2cb0cb3433aae80a793c277a048>:IL_000C 
  at System.MonoCustomAttrs.GetCustomAttributesBase (System.Reflection.ICustomAttributeProvider obj, System.Type attributeType, System.Boolean inheritedOnly) [0x00021] in <1071a2cb0cb3433aae80a793c277a048>:IL_0021 
  at System.MonoCustomAttrs.GetCustomAttributes (System.Reflection.ICustomAttributeProvider obj, System.Type attributeType, System.Boolean inherit) [0x00037] in <1071a2cb0cb3433aae80a793c277a048>:IL_0037 
  at System.Reflection.RuntimeMethodInfo.GetCustomAttributes (System.Type attributeType, System.Boolean inherit) [0x00000] in <1071a2cb0cb3433aae80a793c277a048>:IL_0000 
  at LethalMin.LethalMin.NetcodePatcher () [0x00037] in ./LethalMin.cs:1222 
[11:08:33.9703428] [Info   : LethalMin] LethalMin: Patching
[11:08:33.9703428] [Debug  : LethalMin] Patching...
[11:08:34.1430187] [Debug  :Matty's Fixes] GrabbableObject.Start patched!
[11:08:34.1490186] [Debug  :GeneralImprovements] Patching HudManager.UpdateScanNodes to hide subtext when needed.
[11:08:34.1737659] [Debug  :ScandalsTweaks] Skipping Landmine transpiler as CruiserImproved is present
[11:08:34.1737659] [Debug  :Buttery Fixes] Transpiler (Landmine.SpawnExplosion): Cache Cruiser script
[11:08:34.1737659] [Debug  :   Coroner] Injecting patch #1 into Landmine.SpawnExplosion...
[11:08:34.1737659] [Debug  :   Coroner]   Success.
[11:08:34.1737659] [Debug  :   Coroner] Injecting patch #2 into Landmine.SpawnExplosion...
[11:08:34.1737659] [Debug  :   Coroner]   Success.
[11:08:34.1737659] [Debug  :   Coroner] Landmine.SpawnExplosion() injected patches successfully.
[11:08:34.2136499] [Debug  :Matty's Fixes] RoundManager.SpawnScrapInLevel patched
[11:08:34.2543132] [Debug  :   DawnLib] transpiling Terminal::TextPostProcess with UseFailedNameResults. instructions: 821
[11:08:34.2593127] [Debug  :   DawnLib] transpiling Terminal::TextPostProcess with UseFailedNameResults. instructions: 821
[11:08:34.2608193] [Debug  :GeneralImprovements] Patching Terminal.TextPostProcess to remove \nn typo.
[11:08:34.2678232] [Debug  :   Coroner] Injecting patch into Turret.Update...
[11:08:34.2678232] [Debug  :   Coroner] Done.
[11:08:34.2890673] [Debug  :Enemy Sound Fixes] Transpiler (Baboon hawk): Don't play hit sound when attacking dead enemy (A)
[11:08:34.2890673] [Debug  :Enemy Sound Fixes] Transpiler (Baboon hawk): Don't play hit sound when attacking dead enemy (B)
[11:08:34.3035845] [Debug  :Enemy Sound Fixes] Transpiler (Forest Keeper): Don't interrupt voice
[11:08:34.3090911] [Debug  :Enemy Sound Fixes] Transpiler (MouthDogAI.OnCollideWithEnemy): Don't play hit sound when attacking dead enemy
[11:08:34.3226863] [Message: LethalMin] CodeRebirth detected, Patching LethalMin.Compats.AirControlUnityPatch
[11:08:34.3323529] [Message: LethalMin] CodeRebirth detected, Patching LethalMin.Compats.AirUnitBulletPatch
[11:08:34.3373525] [Message: LethalMin] CodeRebirth detected, Patching LethalMin.Compats.AutonomousCranePatch
[11:08:34.3542013] [Message: LethalMin] CodeRebirth detected, Patching LethalMin.Compats.CompactorTobyPatch
[11:08:34.3597028] [Message: LethalMin] CodeRebirth detected, Patching LethalMin.Compats.FlashTurretPatch
[11:08:34.3637119] [Message: LethalMin] CodeRebirth detected, Patching LethalMin.Compats.FunctionalMicrowavePatch
[11:08:34.3792376] [Message: LethalMin] CodeRebirth detected, Patching LethalMin.Compats.IndustrialFanPatch
[11:08:34.3822457] [Message: LethalMin] CodeRebirth detected, Patching LethalMin.Compats.LaserTurretPatch
[11:08:34.3852433] [Message: LethalMin] CodeRebirth detected, Patching LethalMin.Compats.OxydideStrategyPatch
[11:08:34.3892428] [Message: LethalMin] CodeRebirth detected, Patching LethalMin.Compats.SellingSallyPatch
[11:08:34.4042653] [Message: LethalMin] CodeRebirth detected, Patching LethalMin.Compats.TornadosPatch
[11:08:34.4072667] [Message: LethalMin] Piggy.LCOffice detected, Patching LethalMin.Compats.PiggyElevatorSystemPatch
[11:08:34.4107748] [Message: LethalMin] Piggy.LCOffice detected, Patching LethalMin.Compats.PiggyMetalDetectorPatch
[11:08:34.4173165] [Error  : LethalMin] Error patching type LethalMin.Compats.PiggyMetalDetectorPatch: HarmonyLib.HarmonyException: IL Compile Error (unknown location) ---> HarmonyLib.HarmonyException: IL Compile Error (unknown location) ---> System.Exception: ILHook failed to apply and was disabled. ---> System.NullReferenceException: Unexpected null in System.Void DMD<LCOffice.Components.MetalDetector::OnTriggerStay>?-1141567796::LCOffice.Components.MetalDetector::OnTriggerStay(LCOffice.Components.MetalDetector,UnityEngine.Collider) @ IL_0071: callvirt System.Void GameNetcodeStuff.PlayerControllerB::KillPlayer(UnityEngine.Vector3,System.Boolean,CauseOfDeath,System.Int32,UnityEngine.Vector3)
  at MonoMod.Utils._DMDEmit.Generate (MonoMod.Utils.DynamicMethodDefinition dmd, System.Reflection.MethodBase _mb, System.Reflection.Emit.ILGenerator il) [0x007b5] in <6733e342b5b549bba815373898724469>:IL_07B5 
  at MonoMod.Utils.DMDEmitDynamicMethodGenerator._Generate (MonoMod.Utils.DynamicMethodDefinition dmd, System.Object context) [0x00332] in <6733e342b5b549bba815373898724469>:IL_0332 
  at MonoMod.Utils.DMDGenerator`1[TSelf].Generate (MonoMod.Utils.DynamicMethodDefinition dmd, System.Object context) [0x00013] in <6733e342b5b549bba815373898724469>:IL_0013 
  at MonoMod.Utils.DynamicMethodDefinition.Generate (System.Object context) [0x0013a] in <6733e342b5b549bba815373898724469>:IL_013A 
  at MonoMod.Utils.DynamicMethodDefinition.Generate () [0x00000] in <6733e342b5b549bba815373898724469>:IL_0000 
  at (wrapper dynamic-method) MonoMod.RuntimeDetour.ILHook+Context.DMD<MonoMod.RuntimeDetour.ILHook+Context::Refresh>(MonoMod.RuntimeDetour.ILHook/Context)
  at (wrapper dynamic-method) MonoMod.Utils.DynamicMethodDefinition.Trampoline<MonoMod.RuntimeDetour.ILHook+Context::Refresh>?895157676(object)
  at HarmonyLib.Internal.RuntimeFixes.StackTraceFixes.OnILChainRefresh (System.Object self) [0x00000] in <474744d65d8e460fa08cd5fd82b5d65f>:IL_0000 
  at (wrapper dynamic-method) MonoMod.RuntimeDetour.ILHook.DMD<MonoMod.RuntimeDetour.ILHook::Apply>(MonoMod.RuntimeDetour.ILHook)
   --- End of inner exception stack trace ---
  at MonoDetour.Interop.RuntimeDetour.LegacyILHookAntiExploder.UndoFailedILHook (System.Exception ex, MonoMod.RuntimeDetour.ILHook ilHook) [0x00031] in ./src/MonoDetour/Interop/RuntimeDetour/LegacyILHookAntiExploder.cs:109 
  at (wrapper dynamic-method) MonoMod.RuntimeDetour.ILHook.DMD<MonoMod.RuntimeDetour.ILHook::Apply>(MonoMod.RuntimeDetour.ILHook)
  at (wrapper dynamic-method) HarmonyLib.Public.Patching.ManagedMethodPatcher.DMD<HarmonyLib.Public.Patching.ManagedMethodPatcher::DetourTo>(HarmonyLib.Public.Patching.ManagedMethodPatcher,System.Reflection.MethodBase)
   --- End of inner exception stack trace ---
  at (wrapper dynamic-method) HarmonyLib.Public.Patching.ManagedMethodPatcher.DMD<HarmonyLib.Public.Patching.ManagedMethodPatcher::DetourTo>(HarmonyLib.Public.Patching.ManagedMethodPatcher,System.Reflection.MethodBase)
  at HarmonyLib.PatchFunctions.UpdateWrapper (System.Reflection.MethodBase original, HarmonyLib.PatchInfo patchInfo) [0x00033] in <474744d65d8e460fa08cd5fd82b5d65f>:IL_0033 
   --- End of inner exception stack trace ---
  at HarmonyLib.PatchClassProcessor.ReportException (System.Exception exception, System.Reflection.MethodBase original) [0x00045] in <474744d65d8e460fa08cd5fd82b5d65f>:IL_0045 
  at HarmonyLib.PatchClassProcessor.Patch () [0x00095] in <474744d65d8e460fa08cd5fd82b5d65f>:IL_0095 
  at HarmonyLib.Harmony.PatchAll (System.Type type) [0x00008] in <474744d65d8e460fa08cd5fd82b5d65f>:IL_0008 
  at LethalMin.LethalMin.Patch () [0x000e1] in ./LethalMin.cs:1291 
[11:08:34.4173165] [Error  : LethalMin] Inner exception: IL Compile Error (unknown location)
[11:08:34.4183168] [Debug  : LethalMin] Finished patching!
[11:08:34.4183168] [Info   : LethalMin] LethalMin: Binding Configs
[11:08:34.4294239] [Debug  :ainavt.lc.lethalconfig] Registered config "LethalMin/General/Max Pikmin"
[11:08:34.4329353] [Debug  :ainavt.lc.lethalconfig] Registered config "LethalMin/General/Friendly Fire"
[11:08:34.4349360] [Debug  :ainavt.lc.lethalconfig] Registered config "LethalMin/General/Friendlyer Fire"
[11:08:34.4359359] [Debug  :ainavt.lc.lethalconfig] Registered config "LethalMin/General/Skip Pluck Animation"
[11:08:34.4404515] [Debug  :ainavt.lc.lethalconfig] Registered config "LethalMin/General/Whistle Volume"
[11:08:34.4414497] [Debug  :ainavt.lc.lethalconfig] Registered config "LethalMin/General/Allow Onions To Revive Players"
[11:08:34.4424510] [Debug  :ainavt.lc.lethalconfig] Registered config "LethalMin/General/Allow Onions To Revive Masked Players"
[11:08:34.4444510] [Debug  :ainavt.lc.lethalconfig] Registered config "LethalMin/General/Allow Onion Fusing"
[11:08:34.4454510] [Debug  :ainavt.lc.lethalconfig] Registered config "LethalMin/General/Convert Enemy Bodies To Items"
[11:08:34.4474492] [Debug  :ainavt.lc.lethalconfig] Registered config "LethalMin/General/Show Onions In Space"
[11:08:34.4519627] [Debug  :ainavt.lc.lethalconfig] Registered config "LethalMin/General/Space Onion Position"
[11:08:34.4549598] [Debug  :ainavt.lc.lethalconfig] Registered config "LethalMin/General/Dont Update Space Onion Position"
[11:08:34.4559607] [Debug  :ainavt.lc.lethalconfig] Registered config "LethalMin/General/Make Items Scanable"
[11:08:34.4579608] [Debug  :ainavt.lc.lethalconfig] Registered config "LethalMin/General/Make Pikmin Scanable"
[11:08:34.4594642] [Debug  :ainavt.lc.lethalconfig] Registered config "LethalMin/General/Make Sprouts Scanable"
[11:08:34.4604701] [Debug  :ainavt.lc.lethalconfig] Registered config "LethalMin/General/Trigger Landmines"
[11:08:34.4624698] [Debug  :ainavt.lc.lethalconfig] Registered config "LethalMin/General/Global Ghost SFX"
[11:08:34.4624698] [Debug  :ainavt.lc.lethalconfig] Registered config "LethalMin/General/Hide Custom Reports With More Players"
[11:08:34.4649817] [Debug  :ainavt.lc.lethalconfig] Registered config "LethalMin/General/Pikmin Die In Player Death Zones"
[11:08:34.4659817] [Debug  :ainavt.lc.lethalconfig] Registered config "LethalMin/General/Take Items From Pikmin"
[11:08:34.4679819] [Debug  :ainavt.lc.lethalconfig] Registered config "LethalMin/General/Teleport Pikmin Around Player When Entering Building"
[11:08:34.4694856] [Debug  :ainavt.lc.lethalconfig] Registered config "LethalMin/General/Patch Shotgun Array Size"
[11:08:34.4714962] [Debug  :ainavt.lc.lethalconfig] Registered config "LethalMin/Appearances/Pikmin Scale"
[11:08:34.4734955] [Debug  :ainavt.lc.lethalconfig] Registered config "LethalMin/Appearances/Sprout Scale"
[11:08:34.4744953] [Debug  :ainavt.lc.lethalconfig] Registered config "LethalMin/Appearances/Whistle Sound Index"
[11:08:34.4759980] [Debug  :ainavt.lc.lethalconfig] Registered config "LethalMin/Appearances/Big Eyes Enabled"
[11:08:34.4815164] [Debug  :ainavt.lc.lethalconfig] Registered config "LethalMin/Appearances/Pikmin Scan Node Color Type"
[11:08:34.4835155] [Debug  :ainavt.lc.lethalconfig] Registered config "LethalMin/Appearances/Pikmin Sprout Scan Node Color Type"
[11:08:34.4890197] [Debug  :ainavt.lc.lethalconfig] Registered config "LethalMin/Generations/Default Generation"
[11:08:34.4940242] [Debug  :ainavt.lc.lethalconfig] Registered config "LethalMin/Generations/Pikmin Model Generation"
[11:08:34.4950255] [Debug  :ainavt.lc.lethalconfig] Registered config "LethalMin/Generations/Sprout Model Generation"
[11:08:34.4970265] [Debug  :ainavt.lc.lethalconfig] Registered config "LethalMin/Generations/Pikmin Sound Generation"
[11:08:34.4980243] [Debug  :ainavt.lc.lethalconfig] Registered config "LethalMin/Generations/Soul Sprite Generation"
[11:08:34.4995278] [Debug  :ainavt.lc.lethalconfig] Registered config "LethalMin/Generations/Onion Model Generation"
[11:08:34.5015372] [Debug  :ainavt.lc.lethalconfig] Registered config "LethalMin/Generations/Onion Item Model Generation"
[11:08:34.5025357] [Debug  :ainavt.lc.lethalconfig] Registered config "LethalMin/Generations/Puffmin Generation"
[11:08:34.5075352] [Debug  :ainavt.lc.lethalconfig] Registered config "LethalMin/Controls/Throw Button"
[11:08:34.5090412] [Debug  :ainavt.lc.lethalconfig] Registered config "LethalMin/Controls/Throw Cancel Button"
[11:08:34.5110484] [Debug  :ainavt.lc.lethalconfig] Registered config "LethalMin/Controls/Switch Forward Button"
[11:08:34.5110484] [Debug  :ainavt.lc.lethalconfig] Registered config "LethalMin/Controls/Switch Backwards Button (hold)"
[11:08:34.5135576] [Debug  :ainavt.lc.lethalconfig] Registered config "LethalMin/Controls/Whistle Button"
[11:08:34.5145572] [Debug  :ainavt.lc.lethalconfig] Registered config "LethalMin/Controls/Dismiss Button"
[11:08:34.5165562] [Debug  :ainavt.lc.lethalconfig] Registered config "LethalMin/Controls/Switch Whistle Sound Button"
[11:08:34.5175568] [Debug  :ainavt.lc.lethalconfig] Registered config "LethalMin/Controls/Charge Button"
[11:08:34.5190603] [Debug  :ainavt.lc.lethalconfig] Registered config "LethalMin/Controls/Glowmob Button (hold)"
[11:08:34.5210638] [Debug  :ainavt.lc.lethalconfig] Registered config "LethalMin/Controls/Onion Menu 10-withdraw Button"
[11:08:34.5220669] [Debug  :ainavt.lc.lethalconfig] Registered config "LethalMin/Spawning/Indoor Pikmin Spawn Chance"
[11:08:34.5230678] [Debug  :ainavt.lc.lethalconfig] Registered config "LethalMin/Spawning/Outdoor Pikmin Spawn Chance"
[11:08:34.5240669] [Debug  :ainavt.lc.lethalconfig] Registered config "LethalMin/Spawning/Onion Spawn Chance"
[11:08:34.5265739] [Debug  :ainavt.lc.lethalconfig] Registered config "LethalMin/Spawning/Use Beta Onion Spawn System"
[11:08:34.5275737] [Debug  :ainavt.lc.lethalconfig] Registered config "LethalMin/Spawning/Avoid Water For Onion Spawning"
[11:08:34.5290764] [Debug  :ainavt.lc.lethalconfig] Registered config "LethalMin/Spawning/Avoid Behind-Ship Locations For Onion Spawning"
[11:08:34.5300800] [Debug  :ainavt.lc.lethalconfig] Registered config "LethalMin/Spawning/Use LC Spawn System"
[11:08:34.5320845] [Debug  :ainavt.lc.lethalconfig] Registered config "LethalMin/Spawning/Use Power Level For Sprouts"
[11:08:34.5330845] [Debug  :ainavt.lc.lethalconfig] Registered config "LethalMin/Spawning/Enable Wild Spawn Falloff"
[11:08:34.5340847] [Debug  :ainavt.lc.lethalconfig] Registered config "LethalMin/Spawning/Wild Spawn Falloff Max Count"
[11:08:34.5360841] [Debug  :ainavt.lc.lethalconfig] Registered config "LethalMin/Spawning/Wild Spawn Falloff Exponent"
[11:08:34.5370842] [Debug  :ainavt.lc.lethalconfig] Registered config "LethalMin/Spawning/No-Onion Group Spawn Threshold"
[11:08:34.5380844] [Debug  :ainavt.lc.lethalconfig] Registered config "LethalMin/Spawning/Scale Wild Spawn Amount By Suppressed Types"
[11:08:34.5395874] [Debug  :ainavt.lc.lethalconfig] Registered config "LethalMin/Spawning/Suppressed Type Falloff Threshold"
[11:08:34.5415952] [Debug  :ainavt.lc.lethalconfig] Registered config "LethalMin/Spawning/Outdoor Spawn Amount Scale At Max Suppressed Types"
[11:08:34.5425953] [Debug  :ainavt.lc.lethalconfig] Registered config "LethalMin/Spawning/Indoor Spawn Amount Scale At Max Suppressed Types"
[11:08:34.5445953] [Debug  :ainavt.lc.lethalconfig] Registered config "LethalMin/Spawning/Randomize By Day"
[11:08:34.5475972] [Debug  :ainavt.lc.lethalconfig] Registered config "LethalMin/Pikmin Behavior/Attack Blacklist"
[11:08:34.5501095] [Debug  :ainavt.lc.lethalconfig] Registered config "LethalMin/Pikmin Behavior/Item Blacklist"
[11:08:34.5511093] [Debug  :ainavt.lc.lethalconfig] Registered config "LethalMin/Pikmin Behavior/Enemy Body Convert Blacklist"
[11:08:34.5531086] [Debug  :ainavt.lc.lethalconfig] Registered config "LethalMin/Pikmin Behavior/Use Exits When Carrying Items"
[11:08:34.5581108] [Debug  :ainavt.lc.lethalconfig] Registered config "LethalMin/Pikmin Behavior/Follow Mode"
[11:08:34.5603088] [Debug  :ainavt.lc.lethalconfig] Registered config "LethalMin/Pikmin Behavior/Dont collide with other pikmin in elevators"
[11:08:34.5613095] [Debug  :ainavt.lc.lethalconfig] Registered config "LethalMin/Pikmin Behavior/Time Falling Fail Safe"
[11:08:34.5633084] [Debug  :ainavt.lc.lethalconfig] Registered config "LethalMin/Pikmin Behavior/Carry Non-Scrap Items To Company"
[11:08:34.5643090] [Debug  :ainavt.lc.lethalconfig] Registered config "LethalMin/Pikmin Behavior/Ignore Non-Scrap Items On Company"
[11:08:34.5663104] [Debug  :ainavt.lc.lethalconfig] Registered config "LethalMin/Pikmin Behavior/Take Items To Onion On Company"
[11:08:34.5673088] [Debug  :ainavt.lc.lethalconfig] Registered config "LethalMin/Pikmin Behavior/Take Items To The Car"
[11:08:34.5693099] [Debug  :ainavt.lc.lethalconfig] Registered config "LethalMin/Pikmin Behavior/Take Items To The Onion"
[11:08:34.5698161] [Debug  :ainavt.lc.lethalconfig] Registered config "LethalMin/Pikmin Behavior/Disperse When Dismissed"
[11:08:34.5718193] [Debug  :ainavt.lc.lethalconfig] Registered config "LethalMin/Pikmin Behavior/Allow On BoomBox to be Grabbed"
[11:08:34.5728187] [Debug  :ainavt.lc.lethalconfig] Registered config "LethalMin/Pikmin Behavior/Dismiss Windown Time"
[11:08:34.5748185] [Debug  :ainavt.lc.lethalconfig] Registered config "LethalMin/Pikmin Behavior/Non-Water Resistant Pikmin Avoid Water"
[11:08:34.5763247] [Debug  :ainavt.lc.lethalconfig] Registered config "LethalMin/Pikmin Behavior/Wild Pikmin Can Carry Items"
[11:08:34.5773271] [Debug  :ainavt.lc.lethalconfig] Registered config "LethalMin/Pikmin Behavior/Wild Pikmin Can Attack Enemies"
[11:08:34.5793252] [Debug  :ainavt.lc.lethalconfig] Registered config "LethalMin/Pikmin Behavior/Wild Pikmin Attack Does Damage"
[11:08:34.5798280] [Debug  :ainavt.lc.lethalconfig] Registered config "LethalMin/Pikmin Behavior/Wild Pikmin Dont Die"
[11:08:34.5818352] [Debug  :ainavt.lc.lethalconfig] Registered config "LethalMin/Enemy Behavior/Use Enemy Configs"
[11:08:34.5828347] [Debug  :ainavt.lc.lethalconfig] Registered config "LethalMin/Enemy Behavior/Barber Snip Cooldown"
[11:08:34.5838358] [Debug  :ainavt.lc.lethalconfig] Registered config "LethalMin/Enemy Behavior/Barber Snip Limit"
[11:08:34.5858341] [Debug  :ainavt.lc.lethalconfig] Registered config "LethalMin/Enemy Behavior/Thumper Bite Cooldown"
[11:08:34.5868346] [Debug  :ainavt.lc.lethalconfig] Registered config "LethalMin/Enemy Behavior/Thumper Bite Limit"
[11:08:34.5878350] [Debug  :ainavt.lc.lethalconfig] Registered config "LethalMin/Enemy Behavior/Bunker Spider Bite Cooldown"
[11:08:34.5893379] [Debug  :ainavt.lc.lethalconfig] Registered config "LethalMin/Enemy Behavior/Bunker Spider Bite Limit"
[11:08:34.5913457] [Debug  :ainavt.lc.lethalconfig] Registered config "LethalMin/Enemy Behavior/Hoarding Bug Bite Cooldown"
[11:08:34.5923456] [Debug  :ainavt.lc.lethalconfig] Registered config "LethalMin/Enemy Behavior/Hoarding Bug Bite Limit"
[11:08:34.5943470] [Debug  :ainavt.lc.lethalconfig] Registered config "LethalMin/Enemy Behavior/Hoarding Bug Aggro When Item Taken"
[11:08:34.5953473] [Debug  :ainavt.lc.lethalconfig] Registered config "LethalMin/Enemy Behavior/Eyeless Dog Bite Cooldown"
[11:08:34.5963481] [Debug  :ainavt.lc.lethalconfig] Registered config "LethalMin/Enemy Behavior/Eyeless Dog Bite Limit"
[11:08:34.5983480] [Debug  :ainavt.lc.lethalconfig] Registered config "LethalMin/Enemy Behavior/Hydrogere Traps Pikmin"
[11:08:34.5993486] [Debug  :ainavt.lc.lethalconfig] Registered config "LethalMin/Enemy Behavior/Hydrogere Kills Pikmin"
[11:08:34.6006458] [Debug  :ainavt.lc.lethalconfig] Registered config "LethalMin/Enemy Behavior/Circuit Bees Zap Cooldown"
[11:08:34.6026439] [Debug  :ainavt.lc.lethalconfig] Registered config "LethalMin/Enemy Behavior/Circuit Bees Zap Pikmin"
[11:08:34.6036440] [Debug  :ainavt.lc.lethalconfig] Registered config "LethalMin/Enemy Behavior/Circuit Bees Kill Pikmin"
[11:08:34.6046440] [Debug  :ainavt.lc.lethalconfig] Registered config "LethalMin/Enemy Behavior/Maneater Bite Cooldown"
[11:08:34.6066445] [Debug  :ainavt.lc.lethalconfig] Registered config "LethalMin/Enemy Behavior/Maneater Bite Limit"
[11:08:34.6076438] [Debug  :ainavt.lc.lethalconfig] Registered config "LethalMin/Enemy Behavior/Maneater Allow Carry"
[11:08:34.6091481] [Debug  :ainavt.lc.lethalconfig] Registered config "LethalMin/Enemy Behavior/Maneater Attack As Baby"
[11:08:34.6111530] [Debug  :ainavt.lc.lethalconfig] Registered config "LethalMin/Enemy Behavior/Old Bird Grab Limit"
[11:08:34.6126569] [Debug  :ainavt.lc.lethalconfig] Registered config "LethalMin/Enemy Behavior/Old Bird Grabs Pikmin"
[11:08:34.6146632] [Debug  :ainavt.lc.lethalconfig] Registered config "LethalMin/Enemy Behavior/Forest Keeper Grab Limit"
[11:08:34.6156614] [Debug  :ainavt.lc.lethalconfig] Registered config "LethalMin/Enemy Behavior/Forest Keeper Grabs Pikmin"
[11:08:34.6166627] [Debug  :ainavt.lc.lethalconfig] Registered config "LethalMin/Enemy Behavior/Jester Bite Cooldown"
[11:08:34.6176636] [Debug  :ainavt.lc.lethalconfig] Registered config "LethalMin/Enemy Behavior/Jester Bite Limit"
[11:08:34.6201766] [Debug  :ainavt.lc.lethalconfig] Registered config "LethalMin/Enemy Behavior/Butler Stab Cooldown"
[11:08:34.6211752] [Debug  :ainavt.lc.lethalconfig] Registered config "LethalMin/Enemy Behavior/Butler Stab Limit"
[11:08:34.6221773] [Debug  :ainavt.lc.lethalconfig] Registered config "LethalMin/Enemy Behavior/Baboon Hawk Bite Cooldown"
[11:08:34.6241748] [Debug  :ainavt.lc.lethalconfig] Registered config "LethalMin/Enemy Behavior/Feiopar Scratches Pikmin"
[11:08:34.6251751] [Debug  :ainavt.lc.lethalconfig] Registered config "LethalMin/Enemy Behavior/Masked Player Enemy Convert Pikmin"
[11:08:34.6271999] [Debug  :ainavt.lc.lethalconfig] Registered config "LethalMin/Enemy Behavior/Puffer Can Poison Pikmin"
[11:08:34.6282000] [Debug  :ainavt.lc.lethalconfig] Registered config "LethalMin/Enemy Behavior/Company Grabs Pikmin"
[11:08:34.6297036] [Debug  :ainavt.lc.lethalconfig] Registered config "LethalMin/Enemy Behavior/Company Hears Pikmin"
[11:08:34.6307083] [Debug  :ainavt.lc.lethalconfig] Registered config "LethalMin/Enemy Behavior/Backwater Gunkfish Carriers Trigger Spit"
