[09:25:43.5781360] [Debug  :ainavt.lc.lethalconfig] Registered config "Matty's Fixes/DawnLib|unknown_lib/Mausoleum Body Bag"
[09:25:43.5781360] [Debug  :ainavt.lc.lethalconfig] Registered config "Matty's Fixes/DawnLib|unknown_lib/Ankh Relic"
[09:25:43.5781360] [Debug  :ainavt.lc.lethalconfig] Registered config "Matty's Fixes/DawnLib|unknown_lib/Plushie Pajama"
[09:25:43.5781360] [Debug  :ainavt.lc.lethalconfig] Registered config "Matty's Fixes/DawnLib|unknown_lib/T-Rex Vertebrae"
[09:25:43.5791400] [Debug  :ainavt.lc.lethalconfig] Registered config "Matty's Fixes/DawnLib|unknown_lib/T-Rex Tail"
[09:25:43.5791400] [Debug  :ainavt.lc.lethalconfig] Registered config "Matty's Fixes/DawnLib|unknown_lib/T-Rex Spine"
[09:25:43.5791400] [Debug  :ainavt.lc.lethalconfig] Registered config "Matty's Fixes/DawnLib|unknown_lib/T-Rex Skull"
[09:25:43.5791400] [Debug  :ainavt.lc.lethalconfig] Registered config "Matty's Fixes/DawnLib|unknown_lib/T-Rex Ribcage"
[09:25:43.5791400] [Debug  :ainavt.lc.lethalconfig] Registered config "Matty's Fixes/DawnLib|unknown_lib/T-Rex Foot"
[09:25:43.5791400] [Debug  :ainavt.lc.lethalconfig] Registered config "Matty's Fixes/DawnLib|unknown_lib/T-Rex Bone"
[09:25:43.5791400] [Debug  :ainavt.lc.lethalconfig] Registered config "Matty's Fixes/DawnLib|unknown_lib/T-Rex Arm"
[09:25:43.5801397] [Debug  :ainavt.lc.lethalconfig] Registered config "Matty's Fixes/DawnLib|unknown_lib/Spooky Painting"
[09:25:43.5801397] [Debug  :ainavt.lc.lethalconfig] Registered config "Matty's Fixes/DawnLib|unknown_lib/Cat Painting"
[09:25:43.5801397] [Debug  :ainavt.lc.lethalconfig] Registered config "Matty's Fixes/DawnLib|unknown_lib/Dog Painting"
[09:25:43.5801397] [Debug  :ainavt.lc.lethalconfig] Registered config "Matty's Fixes/DawnLib|unknown_lib/Mausoleum Spine"
[09:25:43.5801397] [Debug  :ainavt.lc.lethalconfig] Registered config "Matty's Fixes/DawnLib|unknown_lib/Mausoleum Ribcage"
[09:25:43.5801397] [Debug  :ainavt.lc.lethalconfig] Registered config "Matty's Fixes/LethalLevelLoader|Raven Manor Interior/Necronomicon"
[09:25:43.5801397] [Debug  :ainavt.lc.lethalconfig] Registered config "Matty's Fixes/LethalLevelLoader|ScoopyCastle/CrownLApparatus"
[09:25:43.5801397] [Debug  :ainavt.lc.lethalconfig] Registered config "Matty's Fixes/LethalLevelLoader|ScoopyCastle/CrownApparatus"
[09:25:43.5811398] [Debug  :ainavt.lc.lethalconfig] Registered config "Matty's Fixes/LethalLevelLoader|Slaughterhouse/Meat cube"
[09:25:43.5811398] [Debug  :ainavt.lc.lethalconfig] Registered config "Matty's Fixes/LethalLevelLoader|The awesome doohickey blaster/The awesome doohickey blaster"
[09:25:43.5811398] [Debug  :ainavt.lc.lethalconfig] Registered config "Matty's Fixes/LethalLevelLoader|TheRubberRooms/Haunted apparatus"
[09:25:43.5811398] [Debug  :ainavt.lc.lethalconfig] Registered config "Matty's Fixes/LethalLevelLoader|TowerScrap/Elevator key"
[09:25:43.5811398] [Debug  :ainavt.lc.lethalconfig] Registered config "Matty's Fixes/LethalLevelLoader|Toy Store/Pink Apparatus"
[09:25:43.5811398] [Debug  :ainavt.lc.lethalconfig] Registered config "Matty's Fixes/DawnLib|unknown_lib/Cat Food"
[09:25:43.5811398] [Debug  :ainavt.lc.lethalconfig] Registered config "Matty's Fixes/DawnLib|unknown_lib/Cat"
[09:25:43.5821398] [Debug  :ainavt.lc.lethalconfig] Registered config "Matty's Fixes/DawnLib|unknown_lib/Rocket Launcher"
[09:25:43.5821398] [Debug  :ainavt.lc.lethalconfig] Registered config "Matty's Fixes/DawnLib|unknown_lib/Utility Belt"
[09:25:43.5821398] [Debug  :ainavt.lc.lethalconfig] Registered config "Matty's Fixes/DawnLib|unknown_lib/Missile"
[09:25:43.5821398] [Debug  :ainavt.lc.lethalconfig] Registered config "Matty's Fixes/DawnLib|unknown_lib/Emergency Flare (ammo)"
[09:25:43.5821398] [Debug  :ainavt.lc.lethalconfig] Registered config "Matty's Fixes/DawnLib|unknown_lib/Remote Radar"
[09:25:43.5821398] [Debug  :ainavt.lc.lethalconfig] Registered config "Matty's Fixes/DawnLib|unknown_lib/Toy Hammer"
[09:25:43.5831402] [Debug  :ainavt.lc.lethalconfig] Registered config "Matty's Fixes/DawnLib|unknown_lib/Flaregun"
[09:25:43.5831402] [Debug  :ainavt.lc.lethalconfig] Registered config "Matty's Fixes/DawnLib|unknown_lib/Hacking Tool"
[09:25:43.5831402] [Debug  :ainavt.lc.lethalconfig] Registered config "Matty's Fixes/DawnLib|unknown_lib/Pinger"
[09:25:43.5831402] [Debug  :ainavt.lc.lethalconfig] Registered config "Matty's Fixes/DawnLib|unknown_lib/Night Vision Goggles"
[09:25:43.5831402] [Debug  :ainavt.lc.lethalconfig] Registered config "Matty's Fixes/DawnLib|unknown_lib/Medic Bag"
[09:25:43.5831402] [Debug  :ainavt.lc.lethalconfig] Registered config "Matty's Fixes/Vanilla/Cat Food"
[09:25:43.5831402] [Debug  :ainavt.lc.lethalconfig] Registered config "Matty's Fixes/DawnLib|unknown_lib/Whistle"
[09:25:43.5841398] [Debug  :ainavt.lc.lethalconfig] Registered config "Matty's Fixes/DawnLib|unknown_lib/PluckAPhone"
[09:25:43.5841398] [Debug  :ainavt.lc.lethalconfig] Registered config "Matty's Fixes/DawnLib|unknown_lib/Glow Seed"
[09:25:43.5841398] [Warning:ainavt.lc.lethalconfig] Ignoring duplicated config "Matty's Fixes/Vanilla/Boombox"
[09:25:43.5841398] [Warning:ainavt.lc.lethalconfig] Ignoring duplicated config "Matty's Fixes/Vanilla/Belt bag"
[09:25:43.5841398] [Warning:ainavt.lc.lethalconfig] Ignoring duplicated config "Matty's Fixes/Vanilla/Extension ladder"
[09:25:43.5841398] [Warning:ainavt.lc.lethalconfig] Ignoring duplicated config "Matty's Fixes/Vanilla/Flashlight"
[09:25:43.5851399] [Warning:ainavt.lc.lethalconfig] Ignoring duplicated config "Matty's Fixes/Vanilla/Jetpack"
[09:25:43.5851399] [Warning:ainavt.lc.lethalconfig] Ignoring duplicated config "Matty's Fixes/Vanilla/Lockpicker"
[09:25:43.5851399] [Warning:ainavt.lc.lethalconfig] Ignoring duplicated config "Matty's Fixes/Vanilla/Pro-flashlight"
[09:25:43.5851399] [Warning:ainavt.lc.lethalconfig] Ignoring duplicated config "Matty's Fixes/Vanilla/Radar-booster"
[09:25:43.5851399] [Warning:ainavt.lc.lethalconfig] Ignoring duplicated config "Matty's Fixes/Vanilla/Shovel"
[09:25:43.5851399] [Warning:ainavt.lc.lethalconfig] Ignoring duplicated config "Matty's Fixes/Vanilla/Spray paint"
[09:25:43.5851399] [Warning:ainavt.lc.lethalconfig] Ignoring duplicated config "Matty's Fixes/Vanilla/Stun grenade"
[09:25:43.5851399] [Warning:ainavt.lc.lethalconfig] Ignoring duplicated config "Matty's Fixes/Vanilla/TZP-Inhalant"
[09:25:43.5851399] [Warning:ainavt.lc.lethalconfig] Ignoring duplicated config "Matty's Fixes/Vanilla/Walkie-talkie"
[09:25:43.5851399] [Warning:ainavt.lc.lethalconfig] Ignoring duplicated config "Matty's Fixes/Vanilla/Weed killer"
[09:25:43.5851399] [Warning:ainavt.lc.lethalconfig] Ignoring duplicated config "Matty's Fixes/Vanilla/Zap gun"
[09:25:43.5851399] [Debug  :ainavt.lc.lethalconfig] Registered config "Matty's Fixes/DawnLib|unknown_lib/Train"
[09:25:43.5851399] [Debug  :ainavt.lc.lethalconfig] Registered config "Matty's Fixes/DawnLib|unknown_lib/Redstone Torch"
[09:25:43.5866437] [Debug  :ainavt.lc.lethalconfig] Registered config "Matty's Fixes/DawnLib|unknown_lib/giant poster"
[09:25:43.5866437] [Debug  :ainavt.lc.lethalconfig] Registered config "Matty's Fixes/LethalLib|LethalCompanyHarpGhost/Harp"
[09:25:43.5866437] [Debug  :ainavt.lc.lethalconfig] Registered config "Matty's Fixes/LethalLib|LethalCompanyHarpGhost/Bagpipes"
[09:25:43.5866437] [Debug  :ainavt.lc.lethalconfig] Registered config "Matty's Fixes/LethalLib|LethalCompanyHarpGhost/Ghost Plushie"
[09:25:43.5866437] [Debug  :ainavt.lc.lethalconfig] Registered config "Matty's Fixes/LethalLib|MonsterPlushies/Bracken Plushie"
[09:25:43.5866437] [Debug  :ainavt.lc.lethalconfig] Registered config "Matty's Fixes/LethalLib|MonsterPlushies/Coil head Plushie"
[09:25:43.5876483] [Debug  :ainavt.lc.lethalconfig] Registered config "Matty's Fixes/LethalLib|MonsterPlushies/Comedy mask Plushie"
[09:25:43.5876483] [Debug  :ainavt.lc.lethalconfig] Registered config "Matty's Fixes/LethalLib|MonsterPlushies/Tragedy mask Plushie"
[09:25:43.5876483] [Debug  :ainavt.lc.lethalconfig] Registered config "Matty's Fixes/LethalLib|MonsterPlushies/Bunker Spider Plushie"
[09:25:43.5876483] [Debug  :ainavt.lc.lethalconfig] Registered config "Matty's Fixes/LethalLib|MonsterPlushies/Hoarding Bug Plushie"
[09:25:43.5876483] [Debug  :ainavt.lc.lethalconfig] Registered config "Matty's Fixes/LethalLib|MonsterPlushies/Jester Plushie"
[09:25:43.5876483] [Debug  :ainavt.lc.lethalconfig] Registered config "Matty's Fixes/LethalLib|MonsterPlushies/Forest Keeper Plushie"
[09:25:43.5876483] [Debug  :ainavt.lc.lethalconfig] Registered config "Matty's Fixes/LethalLib|MonsterPlushies/Nutcracker Plushie"
[09:25:43.5886520] [Debug  :ainavt.lc.lethalconfig] Registered config "Matty's Fixes/LethalLib|MonsterPlushies/Eyeless Dog Plushie"
[09:25:43.5886520] [Debug  :ainavt.lc.lethalconfig] Registered config "Matty's Fixes/LethalLib|MonsterPlushies/Thumper Plushie"
[09:25:43.5886520] [Debug  :ainavt.lc.lethalconfig] Registered config "Matty's Fixes/LethalLib|Scopophobia/ShyGuyPainting"
[09:25:43.5886520] [Debug  :ainavt.lc.lethalconfig] Registered config "Matty's Fixes/LethalLib|SlendermanMod/Page"
[09:25:43.5886520] [Warning:ainavt.lc.lethalconfig] Ignoring duplicated config "Matty's Fixes/LethalLib|SlendermanMod/Page"
[09:25:43.5886520] [Warning:ainavt.lc.lethalconfig] Ignoring duplicated config "Matty's Fixes/LethalLib|SlendermanMod/Page"
[09:25:43.5886520] [Warning:ainavt.lc.lethalconfig] Ignoring duplicated config "Matty's Fixes/LethalLib|SlendermanMod/Page"
[09:25:43.5896523] [Debug  :ainavt.lc.lethalconfig] Registered config "Matty's Fixes/LethalLib|SlendermanMod/Strange Page"
[09:25:43.5896523] [Debug  :ainavt.lc.lethalconfig] Registered config "Matty's Fixes/LethalLib|SlendermanMod/Missing Poster"
[09:25:43.5896523] [Debug  :ainavt.lc.lethalconfig] Registered config "Matty's Fixes/LethalLib|SlendermanMod/Dirty Page"
[09:25:43.5896523] [Debug  :ainavt.lc.lethalconfig] Registered config "Matty's Fixes/LethalLib|SlendermanMod/Mysterious Page"
[09:25:43.5896523] [Debug  :ainavt.lc.lethalconfig] Registered config "Matty's Fixes/LethalLib|PremiumScraps/Frieren"
[09:25:43.5896523] [Debug  :ainavt.lc.lethalconfig] Registered config "Matty's Fixes/LethalLib|PremiumScraps/Chocobo"
[09:25:43.5906522] [Debug  :ainavt.lc.lethalconfig] Registered config "Matty's Fixes/LethalLib|PremiumScraps/Ainz Ooal Gown"
[09:25:43.5906522] [Debug  :ainavt.lc.lethalconfig] Registered config "Matty's Fixes/LethalLib|PremiumScraps/Helm of Domination"
[09:25:43.5906522] [Debug  :ainavt.lc.lethalconfig] Registered config "Matty's Fixes/LethalLib|PremiumScraps/The King"
[09:25:43.5906522] [Debug  :ainavt.lc.lethalconfig] Registered config "Matty's Fixes/LethalLib|PremiumScraps/Harry Mason"
[09:25:43.5906522] [Debug  :ainavt.lc.lethalconfig] Registered config "Matty's Fixes/LethalLib|PremiumScraps/Mystic Cristal"
[09:25:43.5906522] [Debug  :ainavt.lc.lethalconfig] Registered config "Matty's Fixes/LethalLib|PremiumScraps/Puppy Shark"
[09:25:43.5906522] [Debug  :ainavt.lc.lethalconfig] Registered config "Matty's Fixes/LethalLib|PremiumScraps/Rupee"
[09:25:43.5916522] [Debug  :ainavt.lc.lethalconfig] Registered config "Matty's Fixes/LethalLib|PremiumScraps/Ea-Nasir Statue"
[09:25:43.5916522] [Debug  :ainavt.lc.lethalconfig] Registered config "Matty's Fixes/LethalLib|PremiumScraps/HearthStone Card"
[09:25:43.5916522] [Debug  :ainavt.lc.lethalconfig] Registered config "Matty's Fixes/LethalLib|PremiumScraps/SODA"
[09:25:43.5916522] [Debug  :ainavt.lc.lethalconfig] Registered config "Matty's Fixes/LethalLib|PremiumScraps/Comically Large Spoon"
[09:25:43.5916522] [Debug  :ainavt.lc.lethalconfig] Registered config "Matty's Fixes/LethalLib|PremiumScraps/crouton"
[09:25:43.5916522] [Debug  :ainavt.lc.lethalconfig] Registered config "Matty's Fixes/LethalLib|PremiumScraps/Airhorn"
[09:25:43.5916522] [Debug  :ainavt.lc.lethalconfig] Registered config "Matty's Fixes/LethalLib|PremiumScraps/Balan Statue"
[09:25:43.5926519] [Debug  :ainavt.lc.lethalconfig] Registered config "Matty's Fixes/LethalLib|PremiumScraps/Friendship ender"
[09:25:43.5926519] [Debug  :ainavt.lc.lethalconfig] Registered config "Matty's Fixes/LethalLib|PremiumScraps/Scroll of Town Portal"
[09:25:43.5926519] [Debug  :ainavt.lc.lethalconfig] Registered config "Matty's Fixes/LethalLib|PremiumScraps/Stick"
[09:25:43.5926519] [Debug  :ainavt.lc.lethalconfig] Registered config "Matty's Fixes/LethalLib|PremiumScraps/Basics of architecture"
[09:25:43.5926519] [Debug  :ainavt.lc.lethalconfig] Registered config "Matty's Fixes/LethalLib|PremiumScraps/Galvanized square steel"
[09:25:43.5926519] [Debug  :ainavt.lc.lethalconfig] Registered config "Matty's Fixes/LethalLib|PremiumScraps/Job application"
[09:25:43.5936526] [Debug  :ainavt.lc.lethalconfig] Registered config "Matty's Fixes/LethalLib|PremiumScraps/Moogle"
[09:25:43.5936526] [Debug  :ainavt.lc.lethalconfig] Registered config "Matty's Fixes/LethalLib|PremiumScraps/El Gazpacho"
[09:25:43.5936526] [Debug  :ainavt.lc.lethalconfig] Registered config "Matty's Fixes/LethalLib|PremiumScraps/The talking orb"
[09:25:43.5936526] [Debug  :ainavt.lc.lethalconfig] Registered config "Matty's Fixes/LethalLib|PremiumScraps/Bomb"
[09:25:43.5936526] [Debug  :ainavt.lc.lethalconfig] Registered config "Matty's Fixes/LethalLib|PremiumScraps/Controller"
[09:25:43.5936526] [Debug  :ainavt.lc.lethalconfig] Registered config "Matty's Fixes/LethalLib|PremiumScraps/Serpent of Ronka"
[09:25:43.5936526] [Debug  :ainavt.lc.lethalconfig] Registered config "Matty's Fixes/LethalLib|ChillaxScraps/Death Note"
[09:25:43.5946520] [Debug  :ainavt.lc.lethalconfig] Registered config "Matty's Fixes/LethalLib|ChillaxScraps/Boink"
[09:25:43.5946520] [Debug  :ainavt.lc.lethalconfig] Registered config "Matty's Fixes/LethalLib|ChillaxScraps/Eevee"
[09:25:43.5946520] [Debug  :ainavt.lc.lethalconfig] Registered config "Matty's Fixes/LethalLib|ChillaxScraps/Cup Noodle"
[09:25:43.5946520] [Debug  :ainavt.lc.lethalconfig] Registered config "Matty's Fixes/LethalLib|ChillaxScraps/Moai Statue"
[09:25:43.5946520] [Debug  :ainavt.lc.lethalconfig] Registered config "Matty's Fixes/LethalLib|ChillaxScraps/Uno Reverse Card"
[09:25:43.5946520] [Debug  :ainavt.lc.lethalconfig] Registered config "Matty's Fixes/LethalLib|ChillaxScraps/Froggy Chair"
[09:25:43.5946520] [Debug  :ainavt.lc.lethalconfig] Registered config "Matty's Fixes/LethalLib|ChillaxScraps/Emergency meeting"
[09:25:43.5956522] [Debug  :ainavt.lc.lethalconfig] Registered config "Matty's Fixes/LethalLib|ChillaxScraps/Super Sneakers"
[09:25:43.5956522] [Debug  :ainavt.lc.lethalconfig] Registered config "Matty's Fixes/LethalLib|ChillaxScraps/Master Sword"
[09:25:43.5956522] [Debug  :ainavt.lc.lethalconfig] Registered config "Matty's Fixes/LethalLib|ChillaxScraps/Ocarina"
[09:25:43.5956522] [Debug  :ainavt.lc.lethalconfig] Registered config "Matty's Fixes/LethalLib|ChillaxScraps/Totem of Undying"
[09:25:43.5956522] [Debug  :ainavt.lc.lethalconfig] Registered config "Matty's Fixes/LethalLib|ChillaxScraps/Dance Note"
[09:25:43.5956522] [Debug  :ainavt.lc.lethalconfig] Registered config "Matty's Fixes/LethalLib|ChillaxScraps/Nokia"
[09:25:43.5966524] [Debug  :ainavt.lc.lethalconfig] Registered config "Matty's Fixes/LethalLib|ChillaxScraps/Freddy Fazbear"
[09:25:43.5966524] [Debug  :ainavt.lc.lethalconfig] Registered config "Matty's Fixes/LethalLib|ChillaxScraps/Uno Reverse Card DX"
[09:25:43.5966524] [Debug  :ainavt.lc.lethalconfig] Registered config "Matty's Fixes/LethalLib|com.github.biodiversitylc.Biodiversity/Coil-shell"
[09:25:43.5966524] [Debug  :ainavt.lc.lethalconfig] Registered config "Matty's Fixes/LethalLib|com.github.biodiversitylc.Biodiversity/Nethersomes duck"
[09:25:43.5971557] [Debug  :ainavt.lc.lethalconfig] Registered config "Matty's Fixes/LethalLib|com.github.biodiversitylc.Biodiversity/Autumnis Iron Dog"
[09:25:43.5971557] [Debug  :ainavt.lc.lethalconfig] Registered config "Matty's Fixes/LethalLib|com.github.biodiversitylc.Biodiversity/Ccodes dog"
[09:25:43.5971557] [Debug  :ainavt.lc.lethalconfig] Registered config "Matty's Fixes/LethalLib|com.github.biodiversitylc.Biodiversity/Jacu dog"
[09:25:43.5971557] [Debug  :ainavt.lc.lethalconfig] Registered config "Matty's Fixes/LethalLib|MoreShipUpgrades/Medic Bag"
[09:25:43.5971557] [Debug  :ainavt.lc.lethalconfig] Registered config "Matty's Fixes/LethalLib|MoreShipUpgrades/Night Vision Goggles"
[09:25:43.5971557] [Debug  :ainavt.lc.lethalconfig] Registered config "Matty's Fixes/LethalLib|SellBodies/Strange Device"
[09:25:43.5981596] [Debug  :ainavt.lc.lethalconfig] Registered config "Matty's Fixes/LethalLib|NoteBoxz.LethalMin/Whistle"
[09:25:43.5981596] [Debug  :ainavt.lc.lethalconfig] Registered config "Matty's Fixes/LethalLib|NoteBoxz.LethalMin/PluckAPhone"
[09:25:43.5981596] [Debug  :ainavt.lc.lethalconfig] Registered config "Matty's Fixes/LethalLib|MoreShipUpgrades/Snare Flea Sample"
[09:25:43.5981596] [Debug  :ainavt.lc.lethalconfig] Registered config "Matty's Fixes/LethalLib|MoreShipUpgrades/Bunker Spider Sample"
[09:25:43.5981596] [Debug  :ainavt.lc.lethalconfig] Registered config "Matty's Fixes/LethalLib|MoreShipUpgrades/Hoarding Bug Sample"
[09:25:43.5991634] [Debug  :ainavt.lc.lethalconfig] Registered config "Matty's Fixes/LethalLib|MoreShipUpgrades/Bracken Sample"
[09:25:43.5991634] [Debug  :ainavt.lc.lethalconfig] Registered config "Matty's Fixes/LethalLib|MoreShipUpgrades/Eyeless Dog Sample"
[09:25:43.5991634] [Debug  :ainavt.lc.lethalconfig] Registered config "Matty's Fixes/LethalLib|MoreShipUpgrades/Baboon Hawk Sample"
[09:25:43.5991634] [Debug  :ainavt.lc.lethalconfig] Registered config "Matty's Fixes/LethalLib|MoreShipUpgrades/Thumper Sample"
[09:25:43.5991634] [Debug  :ainavt.lc.lethalconfig] Registered config "Matty's Fixes/LethalLib|MoreShipUpgrades/Forest Keeper Sample"
[09:25:43.5991634] [Debug  :ainavt.lc.lethalconfig] Registered config "Matty's Fixes/LethalLib|MoreShipUpgrades/Manticoil Sample"
[09:25:43.5991634] [Debug  :ainavt.lc.lethalconfig] Registered config "Matty's Fixes/LethalLib|MoreShipUpgrades/Tulip Snake Sample"
[09:25:43.6001626] [Debug  :ainavt.lc.lethalconfig] Registered config "Matty's Fixes/LethalLib|MoreShipUpgrades/Kidnapper Fox Sample"
[09:25:43.6001626] [Debug  :ainavt.lc.lethalconfig] Registered config "Matty's Fixes/LethalLib|MoreShipUpgrades/Spore Lizard Sample"
[09:25:43.6001626] [Debug  :ainavt.lc.lethalconfig] Registered config "Matty's Fixes/LethalLib|MoreShipUpgrades/Maneater Sample"
[09:25:43.6001626] [Debug  :ainavt.lc.lethalconfig] Registered config "Matty's Fixes/LethalLib|MoreShipUpgrades/Giant Sapsucker Sample"
[09:25:43.6001626] [Debug  :ainavt.lc.lethalconfig] Registered config "Matty's Fixes/LethalLib|MoreShipUpgrades/Lost Scavenger"
[09:25:43.6001626] [Debug  :ainavt.lc.lethalconfig] Registered config "Matty's Fixes/LethalLib|MoreShipUpgrades/Hoarder Bug Egg"
[09:25:43.6001626] [Debug  :ainavt.lc.lethalconfig] Registered config "Matty's Fixes/LethalLib|MoreShipUpgrades/Hoarding Bug Eggs"
[09:25:43.6011624] [Debug  :ainavt.lc.lethalconfig] Registered config "Matty's Fixes/LethalLib|MoreShipUpgrades/Data Disc"
[09:25:43.6011624] [Debug  :ainavt.lc.lethalconfig] Registered config "Matty's Fixes/LethalLib|MoreShipUpgrades/Data PC"
[09:25:43.6011624] [Debug  :ainavt.lc.lethalconfig] Registered config "Matty's Fixes/LethalLib|MoreShipUpgrades/Demonic Tome"
[09:25:43.6011624] [Debug  :ainavt.lc.lethalconfig] Registered config "Matty's Fixes/LethalLib|MoreShipUpgrades/Heart"
[09:25:43.6011624] [Debug  :ainavt.lc.lethalconfig] Registered config "Matty's Fixes/LethalLib|MoreShipUpgrades/Crucifix"
[09:25:43.6011624] [Debug  :ainavt.lc.lethalconfig] Registered config "Matty's Fixes/LethalLib|MoreShipUpgrades/Candelabra"
[09:25:43.6021626] [Debug  :ainavt.lc.lethalconfig] Registered config "Matty's Fixes/LethalLib|MoreShipUpgrades/Teddy Bear"
[09:25:43.6021626] [Debug  :ainavt.lc.lethalconfig] Registered config "Matty's Fixes/LethalLib|MoreShipUpgrades/Bones"
[09:25:43.6021626] [Debug  :ainavt.lc.lethalconfig] Registered config "Matty's Fixes/LethalLib|MoreShipUpgrades/Pentagram"
[09:25:43.6021626] [Debug  :ainavt.lc.lethalconfig] Registered config "Matty's Fixes/LethalLib|MoreShipUpgrades/Bomb"
[09:25:43.6021626] [Debug  :ainavt.lc.lethalconfig] Registered config "Matty's Fixes/LethalLib|SellBodies/Cartridge Racing into the Night"
[09:25:43.6021626] [Debug  :ainavt.lc.lethalconfig] Registered config "Matty's Fixes/LethalLib|SellBodies/Cartridge ReDreaming Angel"
[09:25:43.6021626] [Debug  :ainavt.lc.lethalconfig] Registered config "Matty's Fixes/LethalLib|SellBodies/Cartridge Glitched"
[09:25:43.6031632] [Debug  :ainavt.lc.lethalconfig] Registered config "Matty's Fixes/LethalLib|SellBodies/Dead Hoarder Bug"
[09:25:43.6031632] [Debug  :ainavt.lc.lethalconfig] Registered config "Matty's Fixes/LethalLib|SellBodies/Dead Bunker Spider"
[09:25:43.6031632] [Debug  :ainavt.lc.lethalconfig] Registered config "Matty's Fixes/LethalLib|SellBodies/Dead Thumper"
[09:25:43.6031632] [Debug  :ainavt.lc.lethalconfig] Registered config "Matty's Fixes/LethalLib|SellBodies/Dead Snare Flea"
[09:25:43.6031632] [Debug  :ainavt.lc.lethalconfig] Registered config "Matty's Fixes/LethalLib|SellBodies/Dead Nutcracker"
[09:25:43.6031632] [Debug  :ainavt.lc.lethalconfig] Registered config "Matty's Fixes/LethalLib|SellBodies/Bracken Remains"
[09:25:43.6041644] [Debug  :ainavt.lc.lethalconfig] Registered config "Matty's Fixes/LethalLib|SellBodies/Dead Baboon Hawk"
[09:25:43.6041644] [Debug  :ainavt.lc.lethalconfig] Registered config "Matty's Fixes/LethalLib|SellBodies/Eyeless Dog Teeth"
[09:25:43.6041644] [Debug  :ainavt.lc.lethalconfig] Registered config "Matty's Fixes/LethalLib|SellBodies/Coil-Head Core"
[09:25:43.6041644] [Debug  :ainavt.lc.lethalconfig] Registered config "Matty's Fixes/LethalLib|SellBodies/Vials of Ectoplasm"
[09:25:43.6051630] [Debug  :ainavt.lc.lethalconfig] Registered config "Matty's Fixes/LethalLib|SellBodies/Forest Keeper Sapling"
[09:25:43.6051630] [Debug  :ainavt.lc.lethalconfig] Registered config "Matty's Fixes/LethalLib|SellBodies/Jester Box"
[09:25:43.6051630] [Debug  :ainavt.lc.lethalconfig] Registered config "Matty's Fixes/LethalLib|SellBodies/Dead Hygrodere"
[09:25:43.6051630] [Debug  :ainavt.lc.lethalconfig] Registered config "Matty's Fixes/LethalLib|SellBodies/Dead Spore Lizard"
[09:25:43.6051630] [Debug  :ainavt.lc.lethalconfig] Registered config "Matty's Fixes/LethalLib|SellBodies/Dead Manticoil"
[09:25:43.6051630] [Debug  :ainavt.lc.lethalconfig] Registered config "Matty's Fixes/LethalLib|SellBodies/Old Bird Core"
[09:25:43.6051630] [Debug  :ainavt.lc.lethalconfig] Registered config "Matty's Fixes/LethalLib|SellBodies/Dead Tulip Snake"
[09:25:43.6051630] [Debug  :ainavt.lc.lethalconfig] Registered config "Matty's Fixes/LethalLib|SellBodies/Clay Surgeon Scissors"
[09:25:43.6066662] [Debug  :ainavt.lc.lethalconfig] Registered config "Matty's Fixes/LethalLib|SellBodies/Kidnapper Fox Tail"
[09:25:43.6066662] [Debug  :ainavt.lc.lethalconfig] Registered config "Matty's Fixes/LethalLib|SellBodies/Dead Maneater"
[09:25:43.6066662] [Debug  :ainavt.lc.lethalconfig] Registered config "Matty's Fixes/LethalLib|SellBodies/Dead Backwater Gunkfish"
[09:25:43.6066662] [Debug  :ainavt.lc.lethalconfig] Registered config "Matty's Fixes/LethalLib|SellBodies/Cadaver Flower"
[09:25:43.6066662] [Debug  :ainavt.lc.lethalconfig] Registered config "Matty's Fixes/LethalLib|SellBodies/Feiopar Head"
[09:25:43.6076710] [Debug  :ainavt.lc.lethalconfig] Registered config "Matty's Fixes/LethalLib|SellBodies/Common Enemy Remains"
[09:25:43.6076710] [Debug  :ainavt.lc.lethalconfig] Registered config "Matty's Fixes/LethalLib|SellBodies/Rare Enemy Remains"
[09:25:43.6076710] [Debug  :ainavt.lc.lethalconfig] Registered config "Matty's Fixes/LethalLib|SellBodies/UltraRare Enemy Remains"
[09:25:43.6076710] [Debug  :ainavt.lc.lethalconfig] Registered config "Matty's Fixes/LethalLib|NoteBoxz.LethalMin/Glow Seed"
[09:25:43.6076710] [Debug  :ainavt.lc.lethalconfig] Registered config "Matty's Fixes/LethalLib|Remnants/DefaultBody"
[09:25:43.6086714] [Debug  :ainavt.lc.lethalconfig] Registered config "Matty's Fixes/LethalLib|Remnants/HeadBurstBody"
[09:25:43.6086714] [Debug  :ainavt.lc.lethalconfig] Registered config "Matty's Fixes/LethalLib|Remnants/CoilBody"
[09:25:43.6086714] [Debug  :ainavt.lc.lethalconfig] Registered config "Matty's Fixes/LethalLib|Remnants/WebbedBody"
[09:25:43.6086714] [Debug  :ainavt.lc.lethalconfig] Registered config "Matty's Fixes/LethalLib|com.github.biodiversitylc.Biodiversity/Junk Radar"
[09:25:43.6086714] [Debug  :ainavt.lc.lethalconfig] Registered config "Matty's Fixes/LethalLib|com.github.biodiversitylc.Biodiversity/Old vase"
[09:25:43.6086714] [Debug  :ainavt.lc.lethalconfig] Registered config "Matty's Fixes/LethalLib|com.github.biodiversitylc.Biodiversity/Motherboard"
[09:25:43.6096718] [Debug  :ainavt.lc.lethalconfig] Registered config "Matty's Fixes/LethalLib|com.github.biodiversitylc.Biodiversity/Coil-crab"
[09:25:43.6096718] [Debug  :ainavt.lc.lethalconfig] Registered config "Matty's Fixes/LethalLib|com.github.biodiversitylc.Biodiversity/Baboon Skull"
[09:25:43.6096718] [Debug  :ainavt.lc.lethalconfig] Registered config "Matty's Fixes/LethalLib|com.github.biodiversitylc.Biodiversity/Skull"
[09:25:43.6096718] [Debug  :ainavt.lc.lethalconfig] Registered config "Matty's Fixes/LethalLib|com.github.biodiversitylc.Biodiversity/Masked Mug"
[09:25:43.6096718] [Debug  :ainavt.lc.lethalconfig] Registered config "Matty's Fixes/LethalLib|com.github.biodiversitylc.Biodiversity/Ogopogo Trophy"
[09:25:43.6106713] [Debug  :ainavt.lc.lethalconfig] Registered config "Matty's Fixes/DawnLib|unknown_lib/SlayerShotgun"
[09:25:43.6106713] [Debug  :ainavt.lc.lethalconfig] Registered config "Matty's Fixes/DawnLib|unknown_lib/Grabbable Turret"
[09:25:43.6106713] [Debug  :ainavt.lc.lethalconfig] Registered config "Matty's Fixes/DawnLib|unknown_lib/Grabbable Landmine"
[09:25:43.6106713] [Info   : Unity Log] 1107298560
[09:25:43.6106713] [Info   : Unity Log] 1107298560
[09:25:43.6637910] [Info   :LethalLevelLoader] Loading Previously Saved SelectableLevel: Black Mesa
[09:25:43.6637910] [Info   : Unity Log] level id: 29
[09:25:43.6637910] [Info   : Unity Log] Changing level
[09:25:43.6647954] [Info   :LethalLevelLoader] Refeshing Loaded Bundles Status!
[09:25:43.6647954] [Info   :LethalLevelLoader] Sending LoadedStatus: True To Server!
[09:25:43.6647954] [Info   :LethalLevelLoader] LoadedStatus Is Currently: (1 / 1)
[09:25:43.6647954] [Info   :LethalLevelLoader] Saving Current SelectableLevel: Black Mesa
[09:25:43.6673046] [Info   :GeneralImprovements] Updated fancy weather monitors
[09:25:43.6693048] [Info   :GeneralImprovements] Updated profit quota and deadline monitors
[09:25:43.6693048] [Info   : Unity Log] Loading from data: for 41 Experimentation: iterations at 0, starting at node #-1
[09:25:43.6693048] [Info   : Unity Log] Loading from data: for 220 Assurance: iterations at 0, starting at node #-1
[09:25:43.6693048] [Info   : Unity Log] Loading from data: for 56 Vow: iterations at 0, starting at node #-1
[09:25:43.6693048] [Info   : Unity Log] Loading from data: for 71 Gordion: iterations at 0, starting at node #-1
[09:25:43.6693048] [Info   : Unity Log] Loading from data: for 61 March: iterations at 0, starting at node #-1
[09:25:43.6693048] [Info   : Unity Log] Loading from data: for 20 Adamance: iterations at 11, starting at node #-1
[09:25:43.6693048] [Info   : Unity Log] Loading from data: for 85 Rend: iterations at 12, starting at node #-1
[09:25:43.6693048] [Info   : Unity Log] Loading from data: for 7 Dine: iterations at 0, starting at node #-1
[09:25:43.6693048] [Info   : Unity Log] Loading from data: for 21 Offense: iterations at 0, starting at node #-1
[09:25:43.6693048] [Info   : Unity Log] Loading from data: for 8 Titan: iterations at 0, starting at node #-1
[09:25:43.6693048] [Info   : Unity Log] Loading from data: for 68 Artifice: iterations at 0, starting at node #-1
[09:25:43.6693048] [Info   : Unity Log] Loading from data: for 44 Liquidation: iterations at 61, starting at node #-1
[09:25:43.6693048] [Info   : Unity Log] Loading from data: for 5 Embrion: iterations at 31, starting at node #-1
[09:25:43.6693048] [Info   : Unity Log] Loading from data: for 10 EGypt: iterations at 0, starting at node #-1
[09:25:43.6693048] [Info   : Unity Log] Loading from data: for 31 Arcadia: iterations at 20, starting at node #-1
[09:25:43.6693048] [Info   : Unity Log] Loading from data: for 161 Abaddon: iterations at 0, starting at node #-1
[09:25:43.6693048] [Info   : Unity Log] Loading from data: for 198 Cabal: iterations at 0, starting at node #-1
[09:25:43.6693048] [Info   : Unity Log] Loading from data: for 556 Flicker: iterations at 13, starting at node #-1
[09:25:43.6693048] [Info   : Unity Log] Loading from data: for The Iris: iterations at 0, starting at node #-1
[09:25:43.6693048] [Info   : Unity Log] Loading from data: for 551 Lament: iterations at 0, starting at node #-1
[09:25:43.6693048] [Info   : Unity Log] Loading from data: for 823 Bozoros: iterations at 0, starting at node #-1
[09:25:43.6693048] [Info   : Unity Log] Loading from data: for 559 Pareidolia: iterations at 0, starting at node #-1
[09:25:43.6693048] [Info   : Unity Log] Loading from data: for 556 Shutter: iterations at 0, starting at node #-1
[09:25:43.6693048] [Info   : Unity Log] Loading from data: for 32 Argent: iterations at 0, starting at node #-1
[09:25:43.6693048] [Info   : Unity Log] Loading from data: for 111 PsychSanctum: iterations at 0, starting at node #-1
[09:25:43.6693048] [Info   : Unity Log] Loading from data: for Sanguine: iterations at 0, starting at node #-1
[09:25:43.6693048] [Info   : Unity Log] Loading from data: for Spectralis: iterations at 0, starting at node #-1
[09:25:43.6693048] [Info   : Unity Log] Loading from data: for 37 Zenit: iterations at 0, starting at node #-1
[09:25:43.6693048] [Info   : Unity Log] Loading from data: for 607 Vigilance: iterations at 0, starting at node #-1
[09:25:43.6703043] [Info   : Unity Log] Loading from data: for Black Mesa: iterations at 0, starting at node #-1
[09:25:43.6703043] [Info   : Unity Log] Loading from data: for 745 Oxyde: iterations at 0, starting at node #-1
[09:25:43.6703043] [Info   : Unity Log] Weather chance: 0.4598988; 1
[09:25:43.6768093] [Info   : Unity Log] Item sales percentages #0: 0
[09:25:43.6768093] [Info   : Unity Log] Item sales percentages #1: 0
[09:25:43.6768093] [Info   : Unity Log] Item sales percentages #2: 0
[09:25:43.6768093] [Info   : Unity Log] Item sales percentages #3: 0
[09:25:43.6768093] [Info   : Unity Log] Item sales percentages #4: 0
[09:25:43.6768093] [Info   : Unity Log] Item sales percentages #5: 0
[09:25:43.6768093] [Info   : Unity Log] Item sales percentages #6: 0
[09:25:43.6768093] [Info   : Unity Log] Item sales percentages #7: 0
[09:25:43.6768093] [Info   : Unity Log] Item sales percentages #8: 0
[09:25:43.6768093] [Info   : Unity Log] Item sales percentages #9: 0
[09:25:43.6768093] [Info   : Unity Log] Item sales percentages #10: 0
[09:25:43.6768093] [Info   : Unity Log] Item sales percentages #11: 0
[09:25:43.6768093] [Info   : Unity Log] Item sales percentages #12: 0
[09:25:43.6768093] [Info   : Unity Log] Item sales percentages #13: 0
[09:25:43.6768093] [Info   : Unity Log] Item sales percentages #14: 0
[09:25:43.6768093] [Info   : Unity Log] Item sales percentages #15: 0
[09:25:43.6768093] [Info   : Unity Log] Item sales percentages #16: 0
[09:25:43.6768093] [Info   : Unity Log] Item sales percentages #17: 0
[09:25:43.6768093] [Info   : Unity Log] Item sales percentages #18: 0
[09:25:43.6768093] [Info   : Unity Log] Item sales percentages #19: 0
[09:25:43.6768093] [Info   : Unity Log] Item sales percentages #20: 0
[09:25:43.6768093] [Info   : Unity Log] Item sales percentages #21: 0
[09:25:43.6768093] [Info   : Unity Log] Item sales percentages #22: 0
[09:25:43.6768093] [Info   : Unity Log] Item sales percentages #23: 0
[09:25:43.6768093] [Info   : Unity Log] Item sales percentages #24: 0
[09:25:43.6768093] [Info   : Unity Log] Item sales percentages #25: 0
[09:25:43.6768093] [Info   : Unity Log] Item sales percentages #26: 0
[09:25:43.6768093] [Info   : Unity Log] Item sales percentages #27: 0
[09:25:43.6768093] [Info   : Unity Log] Item sales percentages #28: 0
[09:25:43.6783125] [Info   : Unity Log] Item sales percentages #29: 0
[09:25:43.6783125] [Info   : Unity Log] Item sales percentages #30: 0
[09:25:43.6783125] [Info   : Unity Log] Item sales percentages #31: 0
[09:25:43.6783125] [Info   :GeneralImprovements] Updated sales display.
[09:25:43.6823171] [Info   : Unity Log] unlockable index: 11; Light switch
[09:25:43.6823171] [Info   : Unity Log] Placing scene object at saved position: Light switch
[09:25:43.7118446] [Debug  :ScienceBirdTweaks] Parented furniture holder to ship!
[09:25:43.7118446] [Info   : Unity Log] unlockable index: 16; Terminal
[09:25:43.7118446] [Info   : Unity Log] Placing scene object at saved position: Terminal
[09:25:43.7323672] [Info   : Unity Log] use saved position data false; pos: (6.72, 1.94, -12.33); rot: (270.00, 181.80, 0.00)
[09:25:43.7323672] [Info   : Unity Log] Saving placed position as: (6.72, 1.94, -12.33)
[09:25:43.7333647] [Info   : Unity Log] unlockable index: 34; Med Station
[09:25:43.7333647] [Info   : Unity Log] Placing scene object at saved position: Med Station
[09:25:43.7504479] [Info   : Unity Log] unlockable index: 35; Item Charger
[09:25:43.7504479] [Info   : Unity Log] Placing scene object at saved position: Item Charger
[09:25:43.7675038] [Info   : Unity Log] unlockable index: 36; pikmin-container
[09:25:43.7675038] [Info   : Unity Log] Instantiating prefab for item pikmin-container
[09:25:43.7675038] [Info   : Unity Log] item awake: ShipOnion(Clone); id: -1
[09:25:43.7685060] [Info   : Unity Log] unlockable index: 262; Shutter
[09:25:43.7685060] [Info   : Unity Log] Instantiating prefab for item Shutter
[09:25:43.7685060] [Info   : Unity Log] item awake: PrefabShutterSwitch(Clone); id: 262
[09:25:43.7685060] [Info   : Unity Log] placedPosition: (0.00, 0.00, 0.00)
[09:25:43.7695098] [Info   : Unity Log] Luck calculated: 0
[09:25:43.7695098] [Info   : Unity Log] unlockable index: 0; Orange suit
[09:25:43.7695098] [Info   : Unity Log] item awake: ChangableSuit(Clone); id: -1
[09:25:43.7695098] [Warning: Unity Log] NetworkVariable is written to, but doesn't know its NetworkBehaviour yet. Are you modifying a NetworkVariable before the NetworkObject is spawned?
[09:25:43.7755105] [Debug  :ScienceBirdTweaks] Parenting suits to ship!
[09:25:43.7755105] [Info   : Unity Log] unlockable index: 265; Anby
[09:25:43.7755105] [Info   : Unity Log] item awake: ChangableSuit(Clone); id: -1
[09:25:43.7755105] [Warning: Unity Log] NetworkVariable is written to, but doesn't know its NetworkBehaviour yet. Are you modifying a NetworkVariable before the NetworkObject is spawned?
[09:25:43.7755105] [Debug  :ScienceBirdTweaks] Parenting suits to ship!
[09:25:43.7755105] [Info   : Unity Log] unlockable index: 266; Blake Belladonna [Timeskip]
[09:25:43.7755105] [Info   : Unity Log] item awake: ChangableSuit(Clone); id: -1
[09:25:43.7755105] [Warning: Unity Log] NetworkVariable is written to, but doesn't know its NetworkBehaviour yet. Are you modifying a NetworkVariable before the NetworkObject is spawned?
[09:25:43.7755105] [Debug  :ScienceBirdTweaks] Parenting suits to ship!
[09:25:43.7755105] [Info   : Unity Log] unlockable index: 267; Blake Belladonna
[09:25:43.7755105] [Info   : Unity Log] item awake: ChangableSuit(Clone); id: -1
[09:25:43.7755105] [Warning: Unity Log] NetworkVariable is written to, but doesn't know its NetworkBehaviour yet. Are you modifying a NetworkVariable before the NetworkObject is spawned?
[09:25:43.7765106] [Debug  :ScienceBirdTweaks] Parenting suits to ship!
[09:25:43.7765106] [Info   : Unity Log] unlockable index: 268; Cheval Grand [School]
[09:25:43.7765106] [Info   : Unity Log] item awake: ChangableSuit(Clone); id: -1
[09:25:43.7765106] [Warning: Unity Log] NetworkVariable is written to, but doesn't know its NetworkBehaviour yet. Are you modifying a NetworkVariable before the NetworkObject is spawned?
[09:25:43.7765106] [Debug  :ScienceBirdTweaks] Parenting suits to ship!
[09:25:43.7765106] [Info   : Unity Log] unlockable index: 269; Cheval Grand
[09:25:43.7765106] [Info   : Unity Log] item awake: ChangableSuit(Clone); id: -1
[09:25:43.7765106] [Warning: Unity Log] NetworkVariable is written to, but doesn't know its NetworkBehaviour yet. Are you modifying a NetworkVariable before the NetworkObject is spawned?
[09:25:43.7765106] [Debug  :ScienceBirdTweaks] Parenting suits to ship!
[09:25:43.7765106] [Info   : Unity Log] unlockable index: 270; Faust
[09:25:43.7765106] [Info   : Unity Log] item awake: ChangableSuit(Clone); id: -1
[09:25:43.7765106] [Warning: Unity Log] NetworkVariable is written to, but doesn't know its NetworkBehaviour yet. Are you modifying a NetworkVariable before the NetworkObject is spawned?
[09:25:43.7765106] [Debug  :ScienceBirdTweaks] Parenting suits to ship!
[09:25:43.7765106] [Info   : Unity Log] unlockable index: 271; Kiana [Finality]
[09:25:43.7776673] [Info   : Unity Log] item awake: ChangableSuit(Clone); id: -1
[09:25:43.7776673] [Warning: Unity Log] NetworkVariable is written to, but doesn't know its NetworkBehaviour yet. Are you modifying a NetworkVariable before the NetworkObject is spawned?
[09:25:43.7776673] [Debug  :ScienceBirdTweaks] Parenting suits to ship!
[09:25:43.7776673] [Info   : Unity Log] unlockable index: 272; Kiana
[09:25:43.7776673] [Info   : Unity Log] item awake: ChangableSuit(Clone); id: -1
[09:25:43.7776673] [Warning: Unity Log] NetworkVariable is written to, but doesn't know its NetworkBehaviour yet. Are you modifying a NetworkVariable before the NetworkObject is spawned?
[09:25:43.7776673] [Debug  :ScienceBirdTweaks] Parenting suits to ship!
[09:25:43.7776673] [Info   : Unity Log] unlockable index: 273; Mayano Top Gun [School]
[09:25:43.7776673] [Info   : Unity Log] item awake: ChangableSuit(Clone); id: -1
[09:25:43.7776673] [Warning: Unity Log] NetworkVariable is written to, but doesn't know its NetworkBehaviour yet. Are you modifying a NetworkVariable before the NetworkObject is spawned?
[09:25:43.7776673] [Debug  :ScienceBirdTweaks] Parenting suits to ship!
[09:25:43.7776673] [Info   : Unity Log] unlockable index: 274; Mayano Top Gun
[09:25:43.7776673] [Info   : Unity Log] item awake: ChangableSuit(Clone); id: -1
[09:25:43.7776673] [Warning: Unity Log] NetworkVariable is written to, but doesn't know its NetworkBehaviour yet. Are you modifying a NetworkVariable before the NetworkObject is spawned?
[09:25:43.7786662] [Debug  :ScienceBirdTweaks] Parenting suits to ship!
[09:25:43.7786662] [Info   : Unity Log] unlockable index: 275; Mejiro McQueen [School]
[09:25:43.7786662] [Info   : Unity Log] item awake: ChangableSuit(Clone); id: -1
[09:25:43.7786662] [Warning: Unity Log] NetworkVariable is written to, but doesn't know its NetworkBehaviour yet. Are you modifying a NetworkVariable before the NetworkObject is spawned?
[09:25:43.7786662] [Debug  :ScienceBirdTweaks] Parenting suits to ship!
[09:25:43.7786662] [Info   : Unity Log] unlockable index: 276; Mejiro McQueen
[09:25:43.7786662] [Info   : Unity Log] item awake: ChangableSuit(Clone); id: -1
[09:25:43.7786662] [Warning: Unity Log] NetworkVariable is written to, but doesn't know its NetworkBehaviour yet. Are you modifying a NetworkVariable before the NetworkObject is spawned?
[09:25:43.7786662] [Debug  :ScienceBirdTweaks] Parenting suits to ship!
[09:25:43.7786662] [Info   : Unity Log] unlockable index: 277; Mostima [Maid]
[09:25:43.7786662] [Info   : Unity Log] item awake: ChangableSuit(Clone); id: -1
[09:25:43.7786662] [Warning: Unity Log] NetworkVariable is written to, but doesn't know its NetworkBehaviour yet. Are you modifying a NetworkVariable before the NetworkObject is spawned?
[09:25:43.7786662] [Debug  :ScienceBirdTweaks] Parenting suits to ship!
[09:25:43.7786662] [Info   : Unity Log] unlockable index: 278; Mostima
[09:25:43.7786662] [Info   : Unity Log] item awake: ChangableSuit(Clone); id: -1
[09:25:43.7796936] [Warning: Unity Log] NetworkVariable is written to, but doesn't know its NetworkBehaviour yet. Are you modifying a NetworkVariable before the NetworkObject is spawned?
[09:25:43.7796936] [Debug  :ScienceBirdTweaks] Parenting suits to ship!
[09:25:43.7796936] [Info   : Unity Log] unlockable index: 279; Roland
[09:25:43.7796936] [Info   : Unity Log] item awake: ChangableSuit(Clone); id: -1
[09:25:43.7796936] [Warning: Unity Log] NetworkVariable is written to, but doesn't know its NetworkBehaviour yet. Are you modifying a NetworkVariable before the NetworkObject is spawned?
[09:25:43.7796936] [Debug  :ScienceBirdTweaks] Parenting suits to ship!
[09:25:43.7796936] [Info   : Unity Log] unlockable index: 280; Ruby Rose [Timeskip]
[09:25:43.7796936] [Info   : Unity Log] item awake: ChangableSuit(Clone); id: -1
[09:25:43.7796936] [Warning: Unity Log] NetworkVariable is written to, but doesn't know its NetworkBehaviour yet. Are you modifying a NetworkVariable before the NetworkObject is spawned?
[09:25:43.7796936] [Debug  :ScienceBirdTweaks] Parenting suits to ship!
[09:25:43.7796936] [Info   : Unity Log] unlockable index: 281; Ruby Rose
[09:25:43.7796936] [Info   : Unity Log] item awake: ChangableSuit(Clone); id: -1
[09:25:43.7796936] [Warning: Unity Log] NetworkVariable is written to, but doesn't know its NetworkBehaviour yet. Are you modifying a NetworkVariable before the NetworkObject is spawned?
[09:25:43.7796936] [Debug  :ScienceBirdTweaks] Parenting suits to ship!
[09:25:43.7806935] [Info   : Unity Log] unlockable index: 282; Silence Suzuka [School]
[09:25:43.7806935] [Info   : Unity Log] item awake: ChangableSuit(Clone); id: -1
[09:25:43.7806935] [Warning: Unity Log] NetworkVariable is written to, but doesn't know its NetworkBehaviour yet. Are you modifying a NetworkVariable before the NetworkObject is spawned?
[09:25:43.7806935] [Debug  :ScienceBirdTweaks] Parenting suits to ship!
[09:25:43.7806935] [Info   : Unity Log] unlockable index: 283; Silence Suzuka
[09:25:43.7806935] [Info   : Unity Log] item awake: ChangableSuit(Clone); id: -1
[09:25:43.7806935] [Warning: Unity Log] NetworkVariable is written to, but doesn't know its NetworkBehaviour yet. Are you modifying a NetworkVariable before the NetworkObject is spawned?
[09:25:43.7806935] [Debug  :ScienceBirdTweaks] Parenting suits to ship!
[09:25:43.7806935] [Info   : Unity Log] unlockable index: 284; Sparkle
[09:25:43.7806935] [Info   : Unity Log] item awake: ChangableSuit(Clone); id: -1
[09:25:43.7806935] [Warning: Unity Log] NetworkVariable is written to, but doesn't know its NetworkBehaviour yet. Are you modifying a NetworkVariable before the NetworkObject is spawned?
[09:25:43.7806935] [Debug  :ScienceBirdTweaks] Parenting suits to ship!
[09:25:43.7806935] [Info   : Unity Log] unlockable index: 285; Theresa [Lunar Vow]
[09:25:43.7806935] [Info   : Unity Log] item awake: ChangableSuit(Clone); id: -1
[09:25:43.7806935] [Warning: Unity Log] NetworkVariable is written to, but doesn't know its NetworkBehaviour yet. Are you modifying a NetworkVariable before the NetworkObject is spawned?
[09:25:43.7816951] [Debug  :ScienceBirdTweaks] Parenting suits to ship!
[09:25:43.7816951] [Info   : Unity Log] unlockable index: 286; Weedy
[09:25:43.7816951] [Info   : Unity Log] item awake: ChangableSuit(Clone); id: -1
[09:25:43.7816951] [Warning: Unity Log] NetworkVariable is written to, but doesn't know its NetworkBehaviour yet. Are you modifying a NetworkVariable before the NetworkObject is spawned?
[09:25:43.7816951] [Debug  :ScienceBirdTweaks] Parenting suits to ship!
[09:25:43.7816951] [Info   : Unity Log] unlockable index: 287; Weiss Schnee [Timeskip]
[09:25:43.7816951] [Info   : Unity Log] item awake: ChangableSuit(Clone); id: -1
[09:25:43.7816951] [Warning: Unity Log] NetworkVariable is written to, but doesn't know its NetworkBehaviour yet. Are you modifying a NetworkVariable before the NetworkObject is spawned?
[09:25:43.7816951] [Debug  :ScienceBirdTweaks] Parenting suits to ship!
[09:25:43.7816951] [Info   : Unity Log] unlockable index: 288; Weiss Schnee
[09:25:43.7816951] [Info   : Unity Log] item awake: ChangableSuit(Clone); id: -1
[09:25:43.7816951] [Warning: Unity Log] NetworkVariable is written to, but doesn't know its NetworkBehaviour yet. Are you modifying a NetworkVariable before the NetworkObject is spawned?
[09:25:43.7826939] [Debug  :ScienceBirdTweaks] Parenting suits to ship!
[09:25:43.7826939] [Info   : Unity Log] unlockable index: 289; Yae Sakura [Neon Shade]
[09:25:43.7826939] [Info   : Unity Log] item awake: ChangableSuit(Clone); id: -1
[09:25:43.7826939] [Warning: Unity Log] NetworkVariable is written to, but doesn't know its NetworkBehaviour yet. Are you modifying a NetworkVariable before the NetworkObject is spawned?
[09:25:43.7826939] [Debug  :ScienceBirdTweaks] Parenting suits to ship!
[09:25:43.7826939] [Info   : Unity Log] unlockable index: 290; Yang Xiao Long [Timeskip]
[09:25:43.7826939] [Info   : Unity Log] item awake: ChangableSuit(Clone); id: -1
[09:25:43.7826939] [Warning: Unity Log] NetworkVariable is written to, but doesn't know its NetworkBehaviour yet. Are you modifying a NetworkVariable before the NetworkObject is spawned?
[09:25:43.7826939] [Debug  :ScienceBirdTweaks] Parenting suits to ship!
[09:25:43.7826939] [Info   : Unity Log] unlockable index: 291; Yang Xiao Long
[09:25:43.7826939] [Info   : Unity Log] item awake: ChangableSuit(Clone); id: -1
[09:25:43.7826939] [Warning: Unity Log] NetworkVariable is written to, but doesn't know its NetworkBehaviour yet. Are you modifying a NetworkVariable before the NetworkObject is spawned?
[09:25:43.7826939] [Debug  :ScienceBirdTweaks] Parenting suits to ship!
[09:25:43.7826939] [Info   : Unity Log] unlockable index: 292; Zero Two [Red Suit]
[09:25:43.7836930] [Info   : Unity Log] item awake: ChangableSuit(Clone); id: -1
[09:25:43.7836930] [Warning: Unity Log] NetworkVariable is written to, but doesn't know its NetworkBehaviour yet. Are you modifying a NetworkVariable before the NetworkObject is spawned?
[09:25:43.7836930] [Debug  :ScienceBirdTweaks] Parenting suits to ship!
[09:25:43.7836930] [Info   : Unity Log] unlockable index: 293; Zero Two [School]
[09:25:43.7836930] [Info   : Unity Log] item awake: ChangableSuit(Clone); id: -1
[09:25:43.7836930] [Warning: Unity Log] NetworkVariable is written to, but doesn't know its NetworkBehaviour yet. Are you modifying a NetworkVariable before the NetworkObject is spawned?
[09:25:43.7836930] [Debug  :ScienceBirdTweaks] Parenting suits to ship!
[09:25:43.7836930] [Info   : Unity Log] unlockable index: 294; Zero Two [White Suit]
[09:25:43.7836930] [Info   : Unity Log] item awake: ChangableSuit(Clone); id: -1
[09:25:43.7836930] [Warning: Unity Log] NetworkVariable is written to, but doesn't know its NetworkBehaviour yet. Are you modifying a NetworkVariable before the NetworkObject is spawned?
[09:25:43.7836930] [Debug  :ScienceBirdTweaks] Parenting suits to ship!
[09:25:43.7836930] [Info   : Unity Log] unlockable index: 295; Zero Two
[09:25:43.7836930] [Info   : Unity Log] item awake: ChangableSuit(Clone); id: -1
[09:25:43.7836930] [Warning: Unity Log] NetworkVariable is written to, but doesn't know its NetworkBehaviour yet. Are you modifying a NetworkVariable before the NetworkObject is spawned?
[09:25:43.7846944] [Debug  :ScienceBirdTweaks] Parenting suits to ship!
[09:25:43.7846944] [Info   : Unity Log] unlockable index: 296; Glow
[09:25:43.7846944] [Info   : Unity Log] item awake: ChangableSuit(Clone); id: -1
[09:25:43.7846944] [Warning: Unity Log] NetworkVariable is written to, but doesn't know its NetworkBehaviour yet. Are you modifying a NetworkVariable before the NetworkObject is spawned?
[09:25:43.7846944] [Debug  :ScienceBirdTweaks] Parenting suits to ship!
[09:25:43.7846944] [Info   : Unity Log] unlockable index: 297; Kirby
[09:25:43.7846944] [Info   : Unity Log] item awake: ChangableSuit(Clone); id: -1
[09:25:43.7846944] [Warning: Unity Log] NetworkVariable is written to, but doesn't know its NetworkBehaviour yet. Are you modifying a NetworkVariable before the NetworkObject is spawned?
[09:25:43.7846944] [Debug  :ScienceBirdTweaks] Parenting suits to ship!
[09:25:43.7846944] [Info   : Unity Log] unlockable index: 298; Knuckles
[09:25:43.7846944] [Info   : Unity Log] item awake: ChangableSuit(Clone); id: -1
[09:25:43.7846944] [Warning: Unity Log] NetworkVariable is written to, but doesn't know its NetworkBehaviour yet. Are you modifying a NetworkVariable before the NetworkObject is spawned?
[09:25:43.7846944] [Debug  :ScienceBirdTweaks] Parenting suits to ship!
[09:25:43.7846944] [Info   : Unity Log] unlockable index: 299; Luigi
[09:25:43.7856945] [Info   : Unity Log] item awake: ChangableSuit(Clone); id: -1
[09:25:43.7856945] [Warning: Unity Log] NetworkVariable is written to, but doesn't know its NetworkBehaviour yet. Are you modifying a NetworkVariable before the NetworkObject is spawned?
[09:25:43.7856945] [Debug  :ScienceBirdTweaks] Parenting suits to ship!
[09:25:43.7856945] [Info   : Unity Log] unlockable index: 300; Mario
[09:25:43.7856945] [Info   : Unity Log] item awake: ChangableSuit(Clone); id: -1
[09:25:43.7856945] [Warning: Unity Log] NetworkVariable is written to, but doesn't know its NetworkBehaviour yet. Are you modifying a NetworkVariable before the NetworkObject is spawned?
[09:25:43.7856945] [Debug  :ScienceBirdTweaks] Parenting suits to ship!
[09:25:43.7856945] [Info   : Unity Log] unlockable index: 301; Minion
[09:25:43.7856945] [Info   : Unity Log] item awake: ChangableSuit(Clone); id: -1
[09:25:43.7856945] [Warning: Unity Log] NetworkVariable is written to, but doesn't know its NetworkBehaviour yet. Are you modifying a NetworkVariable before the NetworkObject is spawned?
[09:25:43.7856945] [Debug  :ScienceBirdTweaks] Parenting suits to ship!
[09:25:43.7856945] [Info   : Unity Log] unlockable index: 302; Skeleton
[09:25:43.7856945] [Info   : Unity Log] item awake: ChangableSuit(Clone); id: -1
[09:25:43.7856945] [Warning: Unity Log] NetworkVariable is written to, but doesn't know its NetworkBehaviour yet. Are you modifying a NetworkVariable before the NetworkObject is spawned?
[09:25:43.7866947] [Debug  :ScienceBirdTweaks] Parenting suits to ship!
[09:25:43.7866947] [Info   : Unity Log] unlockable index: 303; Slayer
[09:25:43.7866947] [Info   : Unity Log] item awake: ChangableSuit(Clone); id: -1
[09:25:43.7866947] [Warning: Unity Log] NetworkVariable is written to, but doesn't know its NetworkBehaviour yet. Are you modifying a NetworkVariable before the NetworkObject is spawned?
[09:25:43.7866947] [Debug  :ScienceBirdTweaks] Parenting suits to ship!
[09:25:43.7866947] [Info   : Unity Log] unlockable index: 304; Smile
[09:25:43.7866947] [Info   : Unity Log] item awake: ChangableSuit(Clone); id: -1
[09:25:43.7866947] [Warning: Unity Log] NetworkVariable is written to, but doesn't know its NetworkBehaviour yet. Are you modifying a NetworkVariable before the NetworkObject is spawned?
[09:25:43.7866947] [Debug  :ScienceBirdTweaks] Parenting suits to ship!
[09:25:43.7884077] [Info   :TooManyEmotes-2.3.17] Loading game values.
[09:25:43.7894122] [Info   :TooManyEmotes-2.3.17] Resetting unlocked emotes.
[09:25:43.7904110] [Info   :TooManyEmotes-2.3.17] Loading 0 unlocked emotes for player: MasaeAhmya
[09:25:43.7904110] [Info   :TooManyEmotes-2.3.17] Loading 100 emote credits for player: MasaeAhmya
[09:25:43.7904110] [Info   :TooManyEmotes-2.3.17] Loaded Seed: 838005065
[09:25:43.8165383] [Error  : Unity Log] Scan node is missing for item!: WeedKillerItem(Clone)
[09:25:43.8185764] [Info   :ReservedSprayPaintSlot-1.1.3] Loading spraypaint save data. Remaining capacity: 10
[09:25:43.8205775] [Error  : Unity Log] Scan node is missing for item!: ShovelItem(Clone)
[09:25:43.8210821] [Error  : Unity Log] Scan node is missing for item!: FlashlightItem(Clone)
[09:25:43.8210821] [Error  : Unity Log] Scan node is missing for item!: ShovelItem(Clone)
[09:25:43.8220878] [Debug  :ScienceBirdTweaks] Setting subtext...
[09:25:43.8290983] [Debug  :ScienceBirdTweaks] Setting subtext...
[09:25:43.8351030] [Error  : Unity Log] Scan node is missing for item!: JetpackItem(Clone)
[09:25:43.8571777] [Info   :GeneralImprovements] Updated ship scrap total monitors to $1259 (6 items).
[09:25:43.8825069] [Debug  :MrHat.BasedDecorPlacement] Ship out of bounds trigger expanded for furniture placement
[09:25:43.8835066] [Debug  : LightsOut] PhysicsProp has no light
[09:25:43.8835066] [Debug  : LightsOut] ClipboardItem is not a predefined type
[09:25:43.8835066] [Debug  : LightsOut] SprayPaintItem is not a predefined type
[09:25:43.8835066] [Debug  : LightsOut] Shovel is not a predefined type
[09:25:43.8835066] [Debug  : LightsOut] FlashlightItem is not a predefined type
[09:25:43.8835066] [Debug  : LightsOut] Shovel is not a predefined type
[09:25:43.8835066] [Debug  : LightsOut] Money is not a predefined type
[09:25:43.8835066] [Debug  : LightsOut] KeyItem is not a predefined type
[09:25:43.8835066] [Debug  : LightsOut] KeyItem is not a predefined type
[09:25:43.8835066] [Debug  : LightsOut] KeyItem is not a predefined type
[09:25:43.8835066] [Debug  : LightsOut] KeyItem is not a predefined type
[09:25:43.8835066] [Debug  : LightsOut] KeyItem is not a predefined type
[09:25:43.8835066] [Debug  : LightsOut] PhysicsProp has no light
[09:25:43.8835066] [Debug  : LightsOut] PhysicsProp has no light
[09:25:43.8835066] [Debug  : LightsOut] PhysicsProp has no light
[09:25:43.8835066] [Debug  : LightsOut] NoisemakerProp is not a predefined type
[09:25:43.8835066] [Debug  : LightsOut] PhysicsProp has no light
[09:25:43.8835066] [Debug  : LightsOut] JetpackItem is not a predefined type
[09:25:43.8885790] [Warning:qwbarch.Mirage] Failed to register a scrap item to the config: "Iron" Ingot
[09:25:43.8905790] [Warning:qwbarch.Mirage] Failed to register a scrap item to the config: Cartridge [Racing into the Night]
[09:25:43.8905790] [Warning:qwbarch.Mirage] Failed to register a scrap item to the config: Cartridge [ReDreaming Angel]
[09:25:43.8905790] [Warning:qwbarch.Mirage] Failed to register a scrap item to the config: Cartridge [Glitched]
[09:25:43.8905790] [Info   : Unity Log] Loaded vehicle ID: -1
[09:25:43.8935816] [Info   : Unity Log] april 1 date: Wednesday, April 1, 2026
[09:25:43.8935816] [Info   : Unity Log] DateTime.Today: Friday, September 25, 2026
[09:25:43.9026834] [Info   : Unity Log] item awake: TooManySuitsPageLabel; id: -1
[09:25:43.9036835] [Info   :JacobG5.JLL] [User] JLL Network Manager Initialized.
[09:25:43.9056825] [Info   :TooManyEmotes-2.3.17] Rotating emote selection in store. Seed: 838005065
[09:25:43.9071858] [Info   :OpenBodyCams] Using custom camera settings from MainCamera.
[09:25:43.9081894] [Debug  :Mask Fixes] Random suit list: Added "Orange suit"
[09:25:43.9081894] [Debug  :Mask Fixes] Random suit list: Added "Green suit"
[09:25:43.9081894] [Debug  :Mask Fixes] Random suit list: Added "Hazard suit"
[09:25:43.9081894] [Debug  :Mask Fixes] Random suit list: Added "Pajama suit"
[09:25:43.9081894] [Debug  :Mask Fixes] Random suit list: Added "Purple Suit"
[09:25:43.9081894] [Debug  :Mask Fixes] Random suit list: Added "Bee Suit"
[09:25:43.9081894] [Debug  :Mask Fixes] Random suit list: Added "Bunny Suit"
[09:25:43.9166976] [Info   :More Ship Upgrades] Registering key item under level 0 of Fusion Matter
[09:25:43.9166976] [Info   :More Ship Upgrades] Registering flashlight item under level 0 of Fusion Matter
[09:25:43.9166976] [Info   :More Ship Upgrades] Registering walkie-talkie item under level 0 of Fusion Matter
[09:25:43.9166976] [Info   :More Ship Upgrades] Registering shovel item under level 1 of Fusion Matter
[09:25:43.9166976] [Info   :More Ship Upgrades] Registering pro-flashlight item under level 1 of Fusion Matter
[09:25:43.9166976] [Info   :More Ship Upgrades] Registering belt bag item under level 2 of Fusion Matter
[09:25:43.9166976] [Info   :More Ship Upgrades] Registering radar-booster item under level 2 of Fusion Matter
[09:25:43.9177028] [Info   :More Ship Upgrades] [Hunter] Hoarding Bug set to be harvestable at level 1
[09:25:43.9177028] [Info   :More Ship Upgrades] [Hunter] Snare Flea set to be harvestable at level 1
[09:25:43.9177028] [Info   :More Ship Upgrades] [Hunter] Spore Lizard set to be harvestable at level 1
[09:25:43.9177028] [Info   :More Ship Upgrades] [Hunter] Bunker Spider set to be harvestable at level 2
[09:25:43.9177028] [Info   :More Ship Upgrades] [Hunter] Baboon Hawk set to be harvestable at level 2
[09:25:43.9177028] [Info   :More Ship Upgrades] [Hunter] Tulip Snake set to be harvestable at level 2
[09:25:43.9177028] [Info   :More Ship Upgrades] [Hunter] Kidnapper Fox set to be harvestable at level 2
[09:25:43.9177028] [Info   :More Ship Upgrades] [Hunter] Giant Kiwi set to be harvestable at level 2
[09:25:43.9177028] [Info   :More Ship Upgrades] [Hunter] Bracken set to be harvestable at level 3
[09:25:43.9177028] [Info   :More Ship Upgrades] [Hunter] Eyeless Dog set to be harvestable at level 3
[09:25:43.9177028] [Info   :More Ship Upgrades] [Hunter] Half/Thumper set to be harvestable at level 3
[09:25:43.9177028] [Info   :More Ship Upgrades] [Hunter] Manticoil set to be harvestable at level 3
[09:25:43.9177028] [Info   :More Ship Upgrades] [Hunter] Maneater set to be harvestable at level 3
[09:25:43.9177028] [Info   :More Ship Upgrades] [Hunter] Forest Giant set to be harvestable at level 4
[09:25:43.9177028] [Info   :More Ship Upgrades] [UpgradeBus] Successfully reconstructed with hosts config.
[09:25:43.9177028] [Info   :MoreBattery] MoreBattery: Configuration successfully synchronized with host!
[09:25:43.9217067] [Info   :BrutalCompanyMinusExtraReborn] Attempting to load randomizer data
[09:25:43.9329304] [Info   :KawaiiBone.Remnants] Patching register body suits.
[09:25:43.9339282] [Info   :KawaiiBone.Remnants] Registering suits data.
[09:25:43.9339282] [Info   :KawaiiBone.Remnants] Register suit data of: Orange suit
[09:25:43.9339282] [Info   :KawaiiBone.Remnants] Register suit data of: Green suit
[09:25:43.9339282] [Info   :KawaiiBone.Remnants] Register suit data of: Hazard suit
[09:25:43.9339282] [Info   :KawaiiBone.Remnants] Register suit data of: Pajama suit
[09:25:43.9339282] [Info   :KawaiiBone.Remnants] Register suit data of: Purple Suit
[09:25:43.9339282] [Info   :KawaiiBone.Remnants] Register suit data of: Bee Suit
[09:25:43.9339282] [Info   :KawaiiBone.Remnants] Register suit data of: Bunny Suit
[09:25:43.9339282] [Info   :KawaiiBone.Remnants] Register suit data of: Anby
[09:25:43.9339282] [Info   :KawaiiBone.Remnants] Register suit data of: Blake Belladonna
[09:25:43.9339282] [Info   :KawaiiBone.Remnants] Register suit data of: Cheval Grand
[09:25:43.9339282] [Info   :KawaiiBone.Remnants] Register suit data of: Faust
[09:25:43.9339282] [Info   :KawaiiBone.Remnants] Register suit data of: Kiana
[09:25:43.9339282] [Info   :KawaiiBone.Remnants] Register suit data of: Mayano Top Gun
[09:25:43.9339282] [Info   :KawaiiBone.Remnants] Register suit data of: Mejiro McQueen
[09:25:43.9339282] [Info   :KawaiiBone.Remnants] Register suit data of: Mostima
[09:25:43.9339282] [Info   :KawaiiBone.Remnants] Register suit data of: Roland
[09:25:43.9339282] [Info   :KawaiiBone.Remnants] Register suit data of: Ruby Rose
[09:25:43.9339282] [Info   :KawaiiBone.Remnants] Register suit data of: Silence Suzuka
[09:25:43.9339282] [Info   :KawaiiBone.Remnants] Register suit data of: Sparkle
[09:25:43.9339282] [Info   :KawaiiBone.Remnants] Register suit data of: Weedy
[09:25:43.9339282] [Info   :KawaiiBone.Remnants] Register suit data of: Weiss Schnee
[09:25:43.9339282] [Info   :KawaiiBone.Remnants] Register suit data of: Yang Xiao Long
[09:25:43.9339282] [Info   :KawaiiBone.Remnants] Register suit data of: Zero Two
[09:25:43.9339282] [Info   :KawaiiBone.Remnants] Register suit data of: Glow
[09:25:43.9339282] [Info   :KawaiiBone.Remnants] Register suit data of: Kirby
[09:25:43.9339282] [Info   :KawaiiBone.Remnants] Register suit data of: Knuckles
[09:25:43.9339282] [Info   :KawaiiBone.Remnants] Register suit data of: Luigi
[09:25:43.9339282] [Info   :KawaiiBone.Remnants] Register suit data of: Mario
[09:25:43.9339282] [Info   :KawaiiBone.Remnants] Register suit data of: Minion
[09:25:43.9339282] [Info   :KawaiiBone.Remnants] Register suit data of: Skeleton
[09:25:43.9339282] [Info   :KawaiiBone.Remnants] Register suit data of: Slayer
[09:25:43.9339282] [Info   :KawaiiBone.Remnants] Register suit data of: Smile
[09:25:43.9339282] [Info   :KawaiiBone.Remnants] Suits data registered.
[09:25:43.9349276] [Message:LethalSponge] ---
[09:25:43.9349276] [Message:LethalSponge] Initializing Sponge
[09:25:43.9349276] [Message:LethalSponge] Type '/sponge help' in chat for commands.
[09:25:43.9349276] [Message:LethalSponge] Sponge Initialised.
[09:25:43.9349276] [Message:LethalSponge] ---
[09:25:43.9454369] [Message:LethalSponge] Finding Ship cameras.
[09:25:43.9454369] [Message:LethalSponge] Ship cameras patched.
[09:25:44.3473459] [Info   : LethalMin] Created Item Arrival Zone of type Ship on object HangarShip
[09:25:44.3473459] [Info   : LethalMin] Creating PikminManager
[09:25:44.3784129] [Info   :ScienceBirdTweaks] ShipFloodlightController component added.
[09:25:44.3839217] [Debug  :ainavt.lc.lethalconfig] Registered config "Scopophobia/41 Experimentation Spawn Settings/SpawnWeight"
[09:25:44.3849209] [Debug  :ainavt.lc.lethalconfig] Registered config "Scopophobia/41 Experimentation Spawn Settings/MaxSpawnCount"
[09:25:44.3849209] [Debug  :ainavt.lc.lethalconfig] Registered config "Scopophobia/41 Experimentation Spawn Settings/SpawnInside"
[09:25:44.3849209] [Debug  :ainavt.lc.lethalconfig] Registered config "Scopophobia/41 Experimentation Spawn Settings/SpawnOutside"
[09:25:44.3849209] [Debug  :ainavt.lc.lethalconfig] Registered config "Scopophobia/220 Assurance Spawn Settings/SpawnWeight"
[09:25:44.3849209] [Debug  :ainavt.lc.lethalconfig] Registered config "Scopophobia/220 Assurance Spawn Settings/MaxSpawnCount"
[09:25:44.3849209] [Debug  :ainavt.lc.lethalconfig] Registered config "Scopophobia/220 Assurance Spawn Settings/SpawnInside"
[09:25:44.3864240] [Debug  :ainavt.lc.lethalconfig] Registered config "Scopophobia/220 Assurance Spawn Settings/SpawnOutside"
[09:25:44.3864240] [Debug  :ainavt.lc.lethalconfig] Registered config "Scopophobia/56 Vow Spawn Settings/SpawnWeight"
[09:25:44.3864240] [Debug  :ainavt.lc.lethalconfig] Registered config "Scopophobia/56 Vow Spawn Settings/MaxSpawnCount"
[09:25:44.3864240] [Debug  :ainavt.lc.lethalconfig] Registered config "Scopophobia/56 Vow Spawn Settings/SpawnInside"
[09:25:44.3874287] [Debug  :ainavt.lc.lethalconfig] Registered config "Scopophobia/56 Vow Spawn Settings/SpawnOutside"
[09:25:44.3874287] [Debug  :ainavt.lc.lethalconfig] Registered config "Scopophobia/61 March Spawn Settings/SpawnWeight"
[09:25:44.3874287] [Debug  :ainavt.lc.lethalconfig] Registered config "Scopophobia/61 March Spawn Settings/MaxSpawnCount"
[09:25:44.3884292] [Debug  :ainavt.lc.lethalconfig] Registered config "Scopophobia/61 March Spawn Settings/SpawnInside"
[09:25:44.3884292] [Debug  :ainavt.lc.lethalconfig] Registered config "Scopophobia/61 March Spawn Settings/SpawnOutside"
[09:25:44.3894300] [Debug  :ainavt.lc.lethalconfig] Registered config "Scopophobia/20 Adamance Spawn Settings/SpawnWeight"
[09:25:44.3894300] [Debug  :ainavt.lc.lethalconfig] Registered config "Scopophobia/20 Adamance Spawn Settings/MaxSpawnCount"
[09:25:44.3894300] [Debug  :ainavt.lc.lethalconfig] Registered config "Scopophobia/20 Adamance Spawn Settings/SpawnInside"
[09:25:44.3894300] [Debug  :ainavt.lc.lethalconfig] Registered config "Scopophobia/20 Adamance Spawn Settings/SpawnOutside"
[09:25:44.3904287] [Debug  :ainavt.lc.lethalconfig] Registered config "Scopophobia/85 Rend Spawn Settings/SpawnWeight"
[09:25:44.3904287] [Debug  :ainavt.lc.lethalconfig] Registered config "Scopophobia/85 Rend Spawn Settings/MaxSpawnCount"
[09:25:44.3904287] [Debug  :ainavt.lc.lethalconfig] Registered config "Scopophobia/85 Rend Spawn Settings/SpawnInside"
[09:25:44.3904287] [Debug  :ainavt.lc.lethalconfig] Registered config "Scopophobia/85 Rend Spawn Settings/SpawnOutside"
[09:25:44.3914288] [Debug  :ainavt.lc.lethalconfig] Registered config "Scopophobia/7 Dine Spawn Settings/SpawnWeight"
[09:25:44.3914288] [Debug  :ainavt.lc.lethalconfig] Registered config "Scopophobia/7 Dine Spawn Settings/MaxSpawnCount"
[09:25:44.3914288] [Debug  :ainavt.lc.lethalconfig] Registered config "Scopophobia/7 Dine Spawn Settings/SpawnInside"
[09:25:44.3914288] [Debug  :ainavt.lc.lethalconfig] Registered config "Scopophobia/7 Dine Spawn Settings/SpawnOutside"
[09:25:44.3914288] [Debug  :ainavt.lc.lethalconfig] Registered config "Scopophobia/21 Offense Spawn Settings/SpawnWeight"
[09:25:44.3914288] [Debug  :ainavt.lc.lethalconfig] Registered config "Scopophobia/21 Offense Spawn Settings/MaxSpawnCount"
[09:25:44.3929319] [Debug  :ainavt.lc.lethalconfig] Registered config "Scopophobia/21 Offense Spawn Settings/SpawnInside"
[09:25:44.3929319] [Debug  :ainavt.lc.lethalconfig] Registered config "Scopophobia/21 Offense Spawn Settings/SpawnOutside"
[09:25:44.3929319] [Debug  :ainavt.lc.lethalconfig] Registered config "Scopophobia/8 Titan Spawn Settings/SpawnWeight"
[09:25:44.3939368] [Debug  :ainavt.lc.lethalconfig] Registered config "Scopophobia/8 Titan Spawn Settings/MaxSpawnCount"
[09:25:44.3939368] [Debug  :ainavt.lc.lethalconfig] Registered config "Scopophobia/8 Titan Spawn Settings/SpawnInside"
[09:25:44.3939368] [Debug  :ainavt.lc.lethalconfig] Registered config "Scopophobia/8 Titan Spawn Settings/SpawnOutside"
[09:25:44.3949369] [Debug  :ainavt.lc.lethalconfig] Registered config "Scopophobia/68 Artifice Spawn Settings/SpawnWeight"
[09:25:44.3949369] [Debug  :ainavt.lc.lethalconfig] Registered config "Scopophobia/68 Artifice Spawn Settings/MaxSpawnCount"
[09:25:44.3949369] [Debug  :ainavt.lc.lethalconfig] Registered config "Scopophobia/68 Artifice Spawn Settings/SpawnInside"
[09:25:44.3949369] [Debug  :ainavt.lc.lethalconfig] Registered config "Scopophobia/68 Artifice Spawn Settings/SpawnOutside"
[09:25:44.3949369] [Debug  :ainavt.lc.lethalconfig] Registered config "Scopophobia/44 Liquidation Spawn Settings/SpawnWeight"
[09:25:44.3949369] [Debug  :ainavt.lc.lethalconfig] Registered config "Scopophobia/44 Liquidation Spawn Settings/MaxSpawnCount"
[09:25:44.3949369] [Debug  :ainavt.lc.lethalconfig] Registered config "Scopophobia/44 Liquidation Spawn Settings/SpawnInside"
[09:25:44.3964404] [Debug  :ainavt.lc.lethalconfig] Registered config "Scopophobia/44 Liquidation Spawn Settings/SpawnOutside"
[09:25:44.3964404] [Debug  :ainavt.lc.lethalconfig] Registered config "Scopophobia/5 Embrion Spawn Settings/SpawnWeight"
[09:25:44.3964404] [Debug  :ainavt.lc.lethalconfig] Registered config "Scopophobia/5 Embrion Spawn Settings/MaxSpawnCount"
[09:25:44.3974443] [Debug  :ainavt.lc.lethalconfig] Registered config "Scopophobia/5 Embrion Spawn Settings/SpawnInside"
[09:25:44.3974443] [Debug  :ainavt.lc.lethalconfig] Registered config "Scopophobia/5 Embrion Spawn Settings/SpawnOutside"
[09:25:44.3974443] [Debug  :ainavt.lc.lethalconfig] Registered config "Scopophobia/10 EGypt Spawn Settings/SpawnWeight"
[09:25:44.3984447] [Debug  :ainavt.lc.lethalconfig] Registered config "Scopophobia/10 EGypt Spawn Settings/MaxSpawnCount"
[09:25:44.3984447] [Debug  :ainavt.lc.lethalconfig] Registered config "Scopophobia/10 EGypt Spawn Settings/SpawnInside"
[09:25:44.3984447] [Debug  :ainavt.lc.lethalconfig] Registered config "Scopophobia/10 EGypt Spawn Settings/SpawnOutside"
[09:25:44.3984447] [Debug  :ainavt.lc.lethalconfig] Registered config "Scopophobia/31 Arcadia Spawn Settings/SpawnWeight"
[09:25:44.3994453] [Debug  :ainavt.lc.lethalconfig] Registered config "Scopophobia/31 Arcadia Spawn Settings/MaxSpawnCount"
[09:25:44.3994453] [Debug  :ainavt.lc.lethalconfig] Registered config "Scopophobia/31 Arcadia Spawn Settings/SpawnInside"
[09:25:44.3994453] [Debug  :ainavt.lc.lethalconfig] Registered config "Scopophobia/31 Arcadia Spawn Settings/SpawnOutside"
[09:25:44.4004462] [Debug  :ainavt.lc.lethalconfig] Registered config "Scopophobia/161 Abaddon Spawn Settings/SpawnWeight"
[09:25:44.4004462] [Debug  :ainavt.lc.lethalconfig] Registered config "Scopophobia/161 Abaddon Spawn Settings/MaxSpawnCount"
[09:25:44.4014457] [Debug  :ainavt.lc.lethalconfig] Registered config "Scopophobia/161 Abaddon Spawn Settings/SpawnInside"
[09:25:44.4014457] [Debug  :ainavt.lc.lethalconfig] Registered config "Scopophobia/161 Abaddon Spawn Settings/SpawnOutside"
[09:25:44.4024461] [Debug  :ainavt.lc.lethalconfig] Registered config "Scopophobia/198 Cabal Spawn Settings/SpawnWeight"
[09:25:44.4024461] [Debug  :ainavt.lc.lethalconfig] Registered config "Scopophobia/198 Cabal Spawn Settings/MaxSpawnCount"
[09:25:44.4024461] [Debug  :ainavt.lc.lethalconfig] Registered config "Scopophobia/198 Cabal Spawn Settings/SpawnInside"
[09:25:44.4024461] [Debug  :ainavt.lc.lethalconfig] Registered config "Scopophobia/198 Cabal Spawn Settings/SpawnOutside"
[09:25:44.4034442] [Debug  :ainavt.lc.lethalconfig] Registered config "Scopophobia/556 Flicker Spawn Settings/SpawnWeight"
[09:25:44.4034442] [Debug  :ainavt.lc.lethalconfig] Registered config "Scopophobia/556 Flicker Spawn Settings/MaxSpawnCount"
[09:25:44.4034442] [Debug  :ainavt.lc.lethalconfig] Registered config "Scopophobia/556 Flicker Spawn Settings/SpawnInside"
[09:25:44.4034442] [Debug  :ainavt.lc.lethalconfig] Registered config "Scopophobia/556 Flicker Spawn Settings/SpawnOutside"
[09:25:44.4044455] [Debug  :ainavt.lc.lethalconfig] Registered config "Scopophobia/The Iris Spawn Settings/SpawnWeight"
[09:25:44.4044455] [Debug  :ainavt.lc.lethalconfig] Registered config "Scopophobia/The Iris Spawn Settings/MaxSpawnCount"
[09:25:44.4044455] [Debug  :ainavt.lc.lethalconfig] Registered config "Scopophobia/The Iris Spawn Settings/SpawnInside"
[09:25:44.4054452] [Debug  :ainavt.lc.lethalconfig] Registered config "Scopophobia/The Iris Spawn Settings/SpawnOutside"
[09:25:44.4054452] [Debug  :ainavt.lc.lethalconfig] Registered config "Scopophobia/551 Lament Spawn Settings/SpawnWeight"
[09:25:44.4054452] [Debug  :ainavt.lc.lethalconfig] Registered config "Scopophobia/551 Lament Spawn Settings/MaxSpawnCount"
[09:25:44.4064457] [Debug  :ainavt.lc.lethalconfig] Registered config "Scopophobia/551 Lament Spawn Settings/SpawnInside"
[09:25:44.4064457] [Debug  :ainavt.lc.lethalconfig] Registered config "Scopophobia/551 Lament Spawn Settings/SpawnOutside"
[09:25:44.4064457] [Debug  :ainavt.lc.lethalconfig] Registered config "Scopophobia/823 Bozoros Spawn Settings/SpawnWeight"
[09:25:44.4074724] [Debug  :ainavt.lc.lethalconfig] Registered config "Scopophobia/823 Bozoros Spawn Settings/MaxSpawnCount"
[09:25:44.4074724] [Debug  :ainavt.lc.lethalconfig] Registered config "Scopophobia/823 Bozoros Spawn Settings/SpawnInside"
[09:25:44.4074724] [Debug  :ainavt.lc.lethalconfig] Registered config "Scopophobia/823 Bozoros Spawn Settings/SpawnOutside"
[09:25:44.4084715] [Debug  :ainavt.lc.lethalconfig] Registered config "Scopophobia/559 Pareidolia Spawn Settings/SpawnWeight"
[09:25:44.4084715] [Debug  :ainavt.lc.lethalconfig] Registered config "Scopophobia/559 Pareidolia Spawn Settings/MaxSpawnCount"
[09:25:44.4084715] [Debug  :ainavt.lc.lethalconfig] Registered config "Scopophobia/559 Pareidolia Spawn Settings/SpawnInside"
[09:25:44.4084715] [Debug  :ainavt.lc.lethalconfig] Registered config "Scopophobia/559 Pareidolia Spawn Settings/SpawnOutside"
[09:25:44.4094731] [Debug  :ainavt.lc.lethalconfig] Registered config "Scopophobia/32 Argent Spawn Settings/SpawnWeight"
[09:25:44.4094731] [Debug  :ainavt.lc.lethalconfig] Registered config "Scopophobia/32 Argent Spawn Settings/MaxSpawnCount"
[09:25:44.4094731] [Debug  :ainavt.lc.lethalconfig] Registered config "Scopophobia/32 Argent Spawn Settings/SpawnInside"
[09:25:44.4094731] [Debug  :ainavt.lc.lethalconfig] Registered config "Scopophobia/32 Argent Spawn Settings/SpawnOutside"
[09:25:44.4104715] [Debug  :ainavt.lc.lethalconfig] Registered config "Scopophobia/111 PsychSanctum Spawn Settings/SpawnWeight"
[09:25:44.4104715] [Debug  :ainavt.lc.lethalconfig] Registered config "Scopophobia/111 PsychSanctum Spawn Settings/MaxSpawnCount"
[09:25:44.4104715] [Debug  :ainavt.lc.lethalconfig] Registered config "Scopophobia/111 PsychSanctum Spawn Settings/SpawnInside"
[09:25:44.4104715] [Debug  :ainavt.lc.lethalconfig] Registered config "Scopophobia/111 PsychSanctum Spawn Settings/SpawnOutside"
[09:25:44.4114721] [Debug  :ainavt.lc.lethalconfig] Registered config "Scopophobia/Sanguine Spawn Settings/SpawnWeight"
[09:25:44.4114721] [Debug  :ainavt.lc.lethalconfig] Registered config "Scopophobia/Sanguine Spawn Settings/MaxSpawnCount"
[09:25:44.4114721] [Debug  :ainavt.lc.lethalconfig] Registered config "Scopophobia/Sanguine Spawn Settings/SpawnInside"
[09:25:44.4124714] [Debug  :ainavt.lc.lethalconfig] Registered config "Scopophobia/Sanguine Spawn Settings/SpawnOutside"
[09:25:44.4124714] [Debug  :ainavt.lc.lethalconfig] Registered config "Scopophobia/Spectralis Spawn Settings/SpawnWeight"
[09:25:44.4124714] [Debug  :ainavt.lc.lethalconfig] Registered config "Scopophobia/Spectralis Spawn Settings/MaxSpawnCount"
[09:25:44.4124714] [Debug  :ainavt.lc.lethalconfig] Registered config "Scopophobia/Spectralis Spawn Settings/SpawnInside"
[09:25:44.4134709] [Debug  :ainavt.lc.lethalconfig] Registered config "Scopophobia/Spectralis Spawn Settings/SpawnOutside"
[09:25:44.4134709] [Debug  :ainavt.lc.lethalconfig] Registered config "Scopophobia/37 Zenit Spawn Settings/SpawnWeight"
[09:25:44.4134709] [Debug  :ainavt.lc.lethalconfig] Registered config "Scopophobia/37 Zenit Spawn Settings/MaxSpawnCount"
[09:25:44.4144713] [Debug  :ainavt.lc.lethalconfig] Registered config "Scopophobia/37 Zenit Spawn Settings/SpawnInside"
[09:25:44.4144713] [Debug  :ainavt.lc.lethalconfig] Registered config "Scopophobia/37 Zenit Spawn Settings/SpawnOutside"
[09:25:44.4144713] [Debug  :ainavt.lc.lethalconfig] Registered config "Scopophobia/607 Vigilance Spawn Settings/SpawnWeight"
[09:25:44.4154721] [Debug  :ainavt.lc.lethalconfig] Registered config "Scopophobia/607 Vigilance Spawn Settings/MaxSpawnCount"
[09:25:44.4154721] [Debug  :ainavt.lc.lethalconfig] Registered config "Scopophobia/607 Vigilance Spawn Settings/SpawnInside"
[09:25:44.4154721] [Debug  :ainavt.lc.lethalconfig] Registered config "Scopophobia/607 Vigilance Spawn Settings/SpawnOutside"
[09:25:44.4164712] [Debug  :ainavt.lc.lethalconfig] Registered config "Scopophobia/Black Mesa Spawn Settings/SpawnWeight"
[09:25:44.4164712] [Debug  :ainavt.lc.lethalconfig] Registered config "Scopophobia/Black Mesa Spawn Settings/MaxSpawnCount"
[09:25:44.4164712] [Debug  :ainavt.lc.lethalconfig] Registered config "Scopophobia/Black Mesa Spawn Settings/SpawnInside"
[09:25:44.4164712] [Debug  :ainavt.lc.lethalconfig] Registered config "Scopophobia/Black Mesa Spawn Settings/SpawnOutside"
[09:25:44.4275733] [Info   :WaterAssetRestorer] Initializing water materials...
[09:25:44.4983078] [Debug  :WaterAssetRestorer] Found material 'Water_mat_04' in scene.
[09:25:44.4983078] [Info   :WaterAssetRestorer] Material 'Water_mat_04' search completed. Found: Yes
[09:25:44.9650031] [Debug  :WaterAssetRestorer] Found prefab 'CaveWaterTile'.
[09:25:44.9650031] [Debug  :WaterAssetRestorer] Found material 'CaveWater' in prefab 'CaveWaterTile'.
[09:25:44.9650031] [Info   :WaterAssetRestorer] Material 'CaveWater' search completed. Found: Yes
[09:25:45.5079172] [Debug  :WaterAssetRestorer] Found prefab 'PoolTile'.
[09:25:45.5079172] [Debug  :WaterAssetRestorer] Found material 'PoolWater' in prefab 'PoolTile'.
[09:25:45.5079172] [Info   :WaterAssetRestorer] Material 'PoolWater' search completed. Found: Yes
[09:25:45.5079172] [Info   :LethalThingsReloaded] Conductive charger messages registered
[09:25:45.5099200] [Warning:DawnLib.DuskMod] Unlockable: Light switch doesn't have a prefab nor does it spawn as one, this means that you cannot replace this unlockable.
[09:25:45.5099200] [Warning:DawnLib.DuskMod] Unlockable: Bunkbeds doesn't have a prefab nor does it spawn as one, this means that you cannot replace this unlockable.
[09:25:45.5099200] [Warning:DawnLib.DuskMod] Unlockable: File Cabinet doesn't have a prefab nor does it spawn as one, this means that you cannot replace this unlockable.
[09:25:45.5099200] [Warning:DawnLib.DuskMod] Unlockable: Cupboard doesn't have a prefab nor does it spawn as one, this means that you cannot replace this unlockable.
[09:25:45.5099200] [Warning:DawnLib.DuskMod] Unlockable: Terminal doesn't have a prefab nor does it spawn as one, this means that you cannot replace this unlockable.
[09:25:45.5139215] [Debug  :ButteRyBalance] ExperimentationLevel: ForestGiant - 20 => 0
[09:25:45.5139215] [Debug  :ButteRyBalance] AssuranceLevel.spawnableScrap: Large axle - 30 => 94
[09:25:45.5149209] [Debug  :ButteRyBalance] AssuranceLevel.spawnableScrap: V-type engine - 40 => 80
[09:25:45.5149209] [Debug  :ButteRyBalance] AssuranceLevel.spawnableScrap: Metal sheet - 23 => 65
[09:25:45.5149209] [Debug  :ButteRyBalance] AssuranceLevel.spawnableScrap: Big screw - 59 => 89
[09:25:45.5149209] [Debug  :ButteRyBalance] AssuranceLevel.spawnableScrap: Toy cube - 31 => 11
[09:25:45.5149209] [Debug  :ButteRyBalance] AssuranceLevel.spawnableScrap: Stop sign - 34 => 27
[09:25:45.5149209] [Debug  :ButteRyBalance] AssuranceLevel.spawnableScrap: Bottles - 111 => 67
[09:25:45.5149209] [Debug  :ButteRyBalance] AssuranceLevel.spawnableScrap: Yield sign - 17 => 28
[09:25:45.5149209] [Debug  :ButteRyBalance] AssuranceLevel.spawnableScrap: Homemade flashbang - 14 => 13
[09:25:45.5149209] [Debug  :ButteRyBalance] AssuranceLevel.spawnableScrap: Toilet paper - 19 => 18
[09:25:45.5149209] [Debug  :ButteRyBalance] AssuranceLevel.spawnableScrap: +(Candy, 3)
[09:25:45.5149209] [Debug  :ButteRyBalance] AssuranceLevel: Masked - 12 => 2
[09:25:45.5164247] [Debug  :ButteRyBalance] VowLevel.minScrap: 12 => 10
[09:25:45.5164247] [Debug  :ButteRyBalance] VowLevel.maxScrap: 15 => 13
[09:25:45.5164247] [Debug  :ButteRyBalance] VowLevel.spawnableScrap: Zed Dog - 1 => 5
[09:25:45.5164247] [Debug  :ButteRyBalance] VowLevel.maxOutsideEnemyPowerCount: 6 => 7
[09:25:45.5164247] [Debug  :ButteRyBalance] VowLevel: Spring - 4 => 0
[09:25:45.5164247] [Debug  :ButteRyBalance] AdamanceLevel.spawnableScrap: Easter egg - 50 => 71
[09:25:45.5164247] [Debug  :ButteRyBalance] AdamanceLevel: Butler - 10 => 10
[09:25:45.5164247] [Debug  :ButteRyBalance] AdamanceLevel: Masked - 5 => 0
[09:25:45.5164247] [Debug  :ButteRyBalance] RendLevel.spawnableScrap: Zed Dog - 2 => 8
[09:25:45.5174294] [Debug  :ButteRyBalance] DineLevel.minScrap: 200 => 38
[09:25:45.5174294] [Debug  :ButteRyBalance] DineLevel.maxScrap: 250 => 75
[09:25:45.5174294] [Debug  :ButteRyBalance] DineLevel.spawnableScrap: Whoopie cushion - 1 => 1
[09:25:45.5174294] [Debug  :ButteRyBalance] DineLevel.spawnableScrap: Easter egg - 1 => 1
[09:25:45.5174294] [Debug  :ButteRyBalance] DineLevel.spawnableScrap: Hand - 100 => 100
[09:25:45.5174294] [Debug  :ButteRyBalance] DineLevel.spawnableScrap: Bone - 79 => 79
[09:25:45.5174294] [Debug  :ButteRyBalance] DineLevel.spawnableScrap: Ribcage - 79 => 79
[09:25:45.5174294] [Debug  :ButteRyBalance] DineLevel.spawnableScrap: Ear - 41 => 41
[09:25:45.5174294] [Debug  :ButteRyBalance] DineLevel.spawnableScrap: Foot - 100 => 100
[09:25:45.5174294] [Debug  :ButteRyBalance] DineLevel.spawnableScrap: Knee - 55 => 55
[09:25:45.5174294] [Debug  :ButteRyBalance] DineLevel.spawnableScrap: Heart - 6 => 6
[09:25:45.5174294] [Debug  :ButteRyBalance] DineLevel.spawnableScrap: Tongue - 32 => 32
[09:25:45.5174294] [Debug  :ButteRyBalance] DineLevel.spawnableScrap: +(Zed Dog, 1)
[09:25:45.5174294] [Debug  :ButteRyBalance] DineLevel.maxEnemyPowerCount: 16 => 15
[09:25:45.5174294] [Debug  :ButteRyBalance] DineLevel.maxOutsideEnemyPowerCount: 9 => 10
[09:25:45.5174294] [Debug  :ButteRyBalance] DineLevel: ForestGiant - 100 => 28
[09:25:45.5174294] [Debug  :ButteRyBalance] DineLevel: RadMech - 3 => 13
[09:25:45.5189335] [Debug  :ButteRyBalance] OffenseLevel.indoorMapHazards.Landmines
[09:25:45.5189335] [Debug  :ButteRyBalance] OffenseLevel.indoorMapHazards.Turrets
[09:25:45.5189335] [Debug  :ButteRyBalance] OffenseLevel.indoorMapHazards.SpikeTraps
[09:25:45.5189335] [Debug  :ButteRyBalance] OffenseLevel.spawnableScrap: Large axle - 94 => 30
[09:25:45.5189335] [Debug  :ButteRyBalance] OffenseLevel.spawnableScrap: V-type engine - 80 => 40
[09:25:45.5189335] [Debug  :ButteRyBalance] OffenseLevel.spawnableScrap: Metal sheet - 65 => 23
[09:25:45.5189335] [Debug  :ButteRyBalance] OffenseLevel.spawnableScrap: Big screw - 89 => 59
[09:25:45.5189335] [Debug  :ButteRyBalance] OffenseLevel.spawnableScrap: Toy cube - 18 => 31
[09:25:45.5189335] [Debug  :ButteRyBalance] OffenseLevel.spawnableScrap: Stop sign - 27 => 40
[09:25:45.5189335] [Debug  :ButteRyBalance] OffenseLevel.spawnableScrap: Yield sign - 28 => 12
[09:25:45.5189335] [Debug  :ButteRyBalance] OffenseLevel.spawnableScrap: Homemade flashbang - 13 => 14
[09:25:45.5189335] [Debug  :ButteRyBalance] OffenseLevel.spawnableScrap: Toilet paper - 18 => 19
[09:25:45.5189335] [Debug  :ButteRyBalance] OffenseLevel.spawnableScrap: +(Gold bar, 4)
[09:25:45.5199379] [Debug  :ButteRyBalance] TitanLevel: Girl - 17 => 28
[09:25:45.5199379] [Debug  :ButteRyBalance] TitanLevel: RadMech - 7 => 13
[09:25:45.5199379] [Debug  :ButteRyBalance] TitanLevel: Blob - 20 => 41
[09:25:45.5199379] [Debug  :ButteRyBalance] TitanLevel: Hoarding bug - 38 => 55
[09:25:45.5199379] [Debug  :ButteRyBalance] ArtificeLevel.spawnableScrap: Gold bar - 32 => 36
[09:25:45.5209381] [Debug  :ButteRyBalance] Girl: Don't push
[09:25:45.5209381] [Debug  :ButteRyBalance] Coil-head: Power level 1 -> 2
[09:25:45.5209381] [Debug  :ButteRyBalance] Butler: Increased chance in manors
[09:25:45.5209381] [Debug  :ButteRyBalance] Maneater: Power level 2 -> 3
[09:25:45.5209381] [Debug  :ButteRyBalance] Cadavers: Power level 2 -> 4
[09:25:45.5209381] [Debug  :ButteRyBalance] Old Bird: See through fog
[09:25:45.5209381] [Debug  :ButteRyBalance] Jetpack.item.disallowUtilitySlot: False -> True
[09:25:45.5209381] [Debug  :ButteRyBalance] ProFlashlight.creditsWorth: $28 -> $32
[09:25:45.5209381] [Debug  :ButteRyBalance] ZapGun.creditsWorth: $400 -> $200
[09:25:45.5209381] [Debug  :ButteRyBalance] Jetpack.item.disallowUtilitySlot: False -> True
[09:25:45.5209381] [Debug  :ButteRyBalance] ProFlashlight.creditsWorth: $28 -> $32
[09:25:45.5209381] [Debug  :ButteRyBalance] ZapGun.creditsWorth: $400 -> $200
[09:25:45.5209381] [Debug  :ButteRyBalance] Thumper: Stun multiplier 0.4 -> 1
[09:25:45.5209381] [Debug  :ButteRyBalance] Hoarding bug: Stun multiplier 0.3 -> 0.5
[09:25:45.5209381] [Debug  :ButteRyBalance] Maneater: Add IVisibleThreat
[09:25:45.5219393] [Debug  :ButteRyBalance] Cadaver Bloom: Add IVisibleThreat
[09:25:45.5219393] [Debug  :ButteRyBalance] Cadaver Bloom: Add collider
[09:25:45.5219393] [Debug  :ButteRyBalance] Cruiser: Price $370 -> $700
[09:25:45.5219393] [Debug  :ButteRyBalance] Cruiser: Regen (16, 8) => (7, 16)
[09:25:45.5219393] [Debug  :ButteRyBalance] Cruiser: Crash (0.2, 28) => (0.35, 27)
[09:25:45.5219393] [Debug  :ButteRyBalance] Cruiser: Turbo 0 => 5
[09:25:45.5219393] [Debug  :ButteRyBalance] Weed killer: Damage 8 => 7
[09:25:45.5229392] [Message:com.github.zehsteam.SellMyScrap] Nyawr: Networking works! YIPPEE!
[09:25:45.5404578] [Info   :ReservedItemSlotCore-2.0.41] Initializing ReservedPlayerData for player: Player (1)
[09:25:45.5845224] [Debug  :PathfindingLib] Changed prefabbed NavMeshAgent PikminFormationTarget's area mask from 0xFFFFFFFF to 0xFFFFFFFF to allow traversal of non-smart off-mesh links.
[09:25:45.5845224] [Warning: Unity Log] Failed to create agent because there is no valid NavMesh
[09:25:45.5865225] [Info   :ReservedItemSlotCore-2.0.41] Initializing ReservedPlayerData for player: Player (3)
[09:25:45.5875292] [Warning: Unity Log] Failed to create agent because there is no valid NavMesh
[09:25:45.5885342] [Info   :ReservedItemSlotCore-2.0.41] Initializing ReservedPlayerData for player: Player (2)
[09:25:45.5895393] [Warning: Unity Log] Failed to create agent because there is no valid NavMesh
[09:25:45.5905386] [Info   :ReservedItemSlotCore-2.0.41] Initializing ReservedPlayerData for player: Player
[09:25:45.5905386] [Warning: Unity Log] Failed to create agent because there is no valid NavMesh
[09:25:45.6230783] [Warning:BrutalCompanyMinusExtraReborn] Net object Awake called
[09:25:45.6270933] [Info   :BrutalCompanyMinusExtraReborn] Added None Multiplier: BrutalCompanyMinus.Minus.Weather
[09:25:45.6270933] [Info   :BrutalCompanyMinusExtraReborn] Added DustCloud Multiplier: BrutalCompanyMinus.Minus.Weather
[09:25:45.6270933] [Info   :BrutalCompanyMinusExtraReborn] Added Rainy Multiplier: BrutalCompanyMinus.Minus.Weather
[09:25:45.6270933] [Info   :BrutalCompanyMinusExtraReborn] Added Stormy Multiplier: BrutalCompanyMinus.Minus.Weather
[09:25:45.6270933] [Info   :BrutalCompanyMinusExtraReborn] Added Foggy Multiplier: BrutalCompanyMinus.Minus.Weather
[09:25:45.6270933] [Info   :BrutalCompanyMinusExtraReborn] Added Flooded Multiplier: BrutalCompanyMinus.Minus.Weather
[09:25:45.6270933] [Info   :BrutalCompanyMinusExtraReborn] Added Eclipsed Multiplier: BrutalCompanyMinus.Minus.Weather
[09:25:45.6321034] [Info   : Unity Log] Group credits: 1391
[09:25:45.6341029] [Debug  :Buttery Fixes] Bestiary: Mask hornets
[09:25:45.6341029] [Debug  :Buttery Fixes] Price: Fridge
[09:25:45.6341029] [Debug  :Buttery Fixes] Terminal: Upgrades
[09:25:45.6607351] [Message:suitsTerminal] InitOneTime for BetterMenu stuff!
[09:25:45.7179602] [Debug  : LethalMin] Changed keyword 'pikmin-container' to 'pikmincontainer' for compatibility with LethalMin
[09:25:45.7179602] [Debug  : LethalMin] Changed keyword 'pikmin-signal' to 'pikminsignal' for compatibility with LethalMin
[09:25:45.7210111] [Debug  :   DawnLib] Registry 'Story Logs' (DawnStoryLogInfo) contains '18' entries.
[09:25:45.7210111] [Debug  :   DawnLib] lethal_company:first_log__aug_twotwo -> First Log - Aug 22
[09:25:45.7210111] [Debug  :   DawnLib] lethal_company:mummy__aug_twofour -> Mummy - Aug 24
[09:25:45.7210111] [Debug  :   DawnLib] lethal_company:swing_of_things__aug_twoseven -> Swing of things - Aug 27
[09:25:45.7210111] [Debug  :   DawnLib] lethal_company:autopilot__aug_threeone -> Autopilot - Aug 31
[09:25:45.7210111] [Debug  :   DawnLib] lethal_company:behind_the_wall__sep_four -> Behind The Wall - Sep 4
[09:25:45.7210111] [Debug  :   DawnLib] lethal_company:goodbye__sep_seven -> Goodbye - Sep 7
[09:25:45.7210111] [Debug  :   DawnLib] lethal_company:screams__sep_onethree -> Screams - Sep 13
[09:25:45.7210111] [Debug  :   DawnLib] lethal_company:golden_planet__sep_ -> Golden planet - Sep ??
[09:25:45.7210111] [Debug  :   DawnLib] lethal_company:idea__sep_oneeight -> Idea - Sep 18
[09:25:45.7210111] [Debug  :   DawnLib] lethal_company:nonsense__sep_twoseven -> Nonsense - Sep 27
[09:25:45.7210111] [Debug  :   DawnLib] lethal_company:hiding__sep_threezero -> Hiding - Sep 30
[09:25:45.7210111] [Debug  :   DawnLib] lethal_company:desmond__oct_seven -> Desmond - Oct 7
[09:25:45.7210111] [Debug  :   DawnLib] lethal_company:real_job__oct_one -> Real Job - Oct 1
[09:25:45.7210111] [Debug  :   DawnLib] lethal_company:team_synergy__oct_onezero -> Team Synergy - Oct 10
[09:25:45.7210111] [Debug  :   DawnLib] lethal_company:letter_of_resignation__oct_onethree -> Letter Of Resignation - Oct 13
[09:25:45.7210111] [Debug  :   DawnLib] lethal_company:work__oct_onefive -> Work - Oct 15
[09:25:45.7210111] [Debug  :   DawnLib] unknown_lib:breakthrough_and_breakdown__mar_seven,_oneninesixthree -> Breakthrough and Breakdown - Mar 7, 1963
[09:25:45.7210111] [Debug  :   DawnLib] unknown_lib:heat_and_hallucinations__sep_twothree -> Heat and Hallucinations - Sep 23
[09:25:45.7210111] [Debug  :   DawnLib] Registry 'Weathers' (DawnWeatherEffectInfo) contains '6' entries.
[09:25:45.7210111] [Debug  :   DawnLib] lethal_company:rolling_ground_fog -> rolling ground fog
[09:25:45.7210111] [Debug  :   DawnLib] lethal_company:rainy -> rainy
[09:25:45.7210111] [Debug  :   DawnLib] lethal_company:stormy -> stormy
[09:25:45.7210111] [Debug  :   DawnLib] lethal_company:foggy -> foggy
[09:25:45.7210111] [Debug  :   DawnLib] lethal_company:flooded -> flooded
[09:25:45.7210111] [Debug  :   DawnLib] lethal_company:eclipsed -> eclipsed
[09:25:45.7450950] [Info   :qwbarch.Mirage] This configuration will be synced with clients: {
  "enemies": [
    "Baboon hawk",
    "Bunker Spider",
    "Centipede",
    "Clay Surgeon",
    "Flowerman",
    "Hoarding bug",
    "IrisMaskVariant",
    "Masked",
    "MouthDog",
    "Puffer",
    "RollingGiant",
    "Spring"
  ],
  "totalItemWeights": 31,
  "storeItemWeights": {
    "Extension ladder": 1,
    "Pro-flashlight": 10,
    "Shovel": 15,
    "Spray paint": 1,
    "Stun grenade": 1,
    "Walkie-talkie": 3
  },
  "disabledScrapItems": [
    "Apparatus"
  ],
  "maskedMimicChance": 100,
  "nonMaskedMimicChance": 100,
  "minimumDelayMasked": 3000,
  "maximumDelayMasked": 12000,
  "minimumDelayNonMasked": 5000,
  "maximumDelayNonMasked": 12000,
  "maskedItemSpawnChance": 50,
  "storeItemRollChance": 30,
  "maskedDropStoreItemOnDeath": 50,
  "maskedDropScrapItemOnDeath": 100,
  "emitFlashlightChance": 100,
  "scrapValueMultiplier": 1.0,
  "enableMimicVoiceWhileAlive": true,
  "enableRecordVoiceWhileDead": true,
  "enableArmsOut": false,
  "enableMaskTexture": false,
  "enableRadarSpin": false,
  "mimicVoiceWhileHiding": false,
  "copyMaskedVisuals": true,
  "enablePlayerNames": true
}
[09:25:45.7506028] [Debug  :ainavt.lc.lethalconfig] Injecting mod config menu into quick menu...
[09:25:45.7526029] [Warning: Unity Log] Parent of RectTransform is being set with parent property. Consider using the SetParent method instead, with the worldPositionStays argument set to false. This will retain local orientation and scale rather than world orientation and scale, which can prevent common UI scaling issues.
[09:25:45.7566034] [Warning:Buttery Fixes] allEnemiesList: Tried to cache reference to "Jester" more than once
[09:25:45.7566034] [Warning:Buttery Fixes] allEnemiesList: Tried to cache reference to "Jester" more than once
[09:25:45.7571081] [Warning:Buttery Fixes] allEnemiesList: Tried to cache reference to "IrisSpecificMask" more than once
[09:25:45.7571081] [Warning:Buttery Fixes] allEnemiesList: Tried to cache reference to "MannequinA" more than once
[09:25:45.7571081] [Warning:Buttery Fixes] allEnemiesList: Tried to cache reference to "MannequinB" more than once
[09:25:45.7571081] [Warning:Buttery Fixes] allEnemiesList: Tried to cache reference to "MannequinC" more than once
[09:25:45.7571081] [Warning:Buttery Fixes] allEnemiesList: Tried to cache reference to "ArachnoheadEnemy" more than once
[09:25:45.7571081] [Warning:Buttery Fixes] allEnemiesList: Tried to cache reference to "DarkSpringMan" more than once
[09:25:45.7571081] [Warning:Buttery Fixes] allEnemiesList: Tried to cache reference to "Elder" more than once
[09:25:45.7571081] [Warning:Buttery Fixes] allEnemiesList: Tried to cache reference to "FloatingGirlHead" more than once
[09:25:45.7571081] [Warning:Buttery Fixes] allEnemiesList: Tried to cache reference to "HangedGirlEnemy" more than once
[09:25:45.7571081] [Warning:Buttery Fixes] allEnemiesList: Tried to cache reference to "JPOGRaptor" more than once
[09:25:45.7571081] [Warning:Buttery Fixes] allEnemiesList: Tried to cache reference to "JPOGTrexObj" more than once
[09:25:45.7571081] [Warning:Buttery Fixes] allEnemiesList: Tried to cache reference to "Boomba" more than once
[09:25:45.7571081] [Warning:Buttery Fixes] allEnemiesList: Tried to cache reference to "CrystalRay" more than once
[09:25:45.7571081] [Warning:Buttery Fixes] allEnemiesList: Tried to cache reference to "CactusBudlingObj" more than once
[09:25:45.7571081] [Warning:Buttery Fixes] allEnemiesList: Tried to cache reference to "RabbitMagicianObj" more than once
[09:25:45.7571081] [Warning:Buttery Fixes] allEnemiesList: Tried to cache reference to "PeaceKeeperObj" more than once
[09:25:45.7571081] [Warning:Buttery Fixes] allEnemiesList: Tried to cache reference to "ManorLordObj" more than once
[09:25:45.7571081] [Warning:Buttery Fixes] allEnemiesList: Tried to cache reference to "JanitorObj" more than once
[09:25:45.7571081] [Warning:Buttery Fixes] allEnemiesList: Tried to cache reference to "DriftwoodMenaceObj" more than once
[09:25:45.7571081] [Warning:Buttery Fixes] allEnemiesList: Tried to cache reference to "NancyObj" more than once
[09:25:45.7571081] [Warning:Buttery Fixes] allEnemiesList: Tried to cache reference to "CutieflyObj" more than once
[09:25:45.7571081] [Warning:Buttery Fixes] allEnemiesList: Tried to cache reference to "MonarchObj" more than once
[09:25:45.7571081] [Warning:Buttery Fixes] allEnemiesList: Tried to cache reference to "MistressObj" more than once
[09:25:45.7571081] [Warning:Buttery Fixes] allEnemiesList: Tried to cache reference to "RedwoodTitanObj" more than once
[09:25:45.7571081] [Warning:Buttery Fixes] allEnemiesList: Tried to cache reference to "SnailCatEnemyObj" more than once
[09:25:45.7571081] [Warning:Buttery Fixes] allEnemiesList: Tried to cache reference to "DuckObj" more than once
[09:25:45.7571081] [Warning:Buttery Fixes] allEnemiesList: Tried to cache reference to "TransporterObj" more than once
[09:25:45.7571081] [Warning:Buttery Fixes] allEnemiesList: Tried to cache reference to "DebtCollectorObj" more than once
[09:25:45.7571081] [Warning:Buttery Fixes] allEnemiesList: Tried to cache reference to "GuardsmanObj" more than once
[09:25:45.7571081] [Warning:Buttery Fixes] allEnemiesList: Tried to cache reference to "IrisSpecificMask" more than once
[09:25:45.7571081] [Warning:Buttery Fixes] allEnemiesList: Tried to cache reference to "MannequinA" more than once
[09:25:45.7571081] [Warning:Buttery Fixes] allEnemiesList: Tried to cache reference to "MannequinB" more than once
[09:25:45.7571081] [Warning:Buttery Fixes] allEnemiesList: Tried to cache reference to "MannequinC" more than once
[09:25:45.7571081] [Warning:Buttery Fixes] allEnemiesList: Tried to cache reference to "ArachnoheadEnemy" more than once
[09:25:45.7571081] [Warning:Buttery Fixes] allEnemiesList: Tried to cache reference to "DarkSpringMan" more than once
[09:25:45.7571081] [Warning:Buttery Fixes] allEnemiesList: Tried to cache reference to "Elder" more than once
[09:25:45.7571081] [Warning:Buttery Fixes] allEnemiesList: Tried to cache reference to "FloatingGirlHead" more than once
[09:25:45.7571081] [Warning:Buttery Fixes] allEnemiesList: Tried to cache reference to "HangedGirlEnemy" more than once
[09:25:45.7571081] [Warning:Buttery Fixes] allEnemiesList: Tried to cache reference to "JPOGRaptor" more than once
[09:25:45.7571081] [Warning:Buttery Fixes] allEnemiesList: Tried to cache reference to "JPOGTrexObj" more than once
[09:25:45.7571081] [Warning:Buttery Fixes] allEnemiesList: Tried to cache reference to "Boomba" more than once
[09:25:45.7571081] [Warning:Buttery Fixes] allEnemiesList: Tried to cache reference to "CrystalRay" more than once
[09:25:45.7571081] [Warning:Buttery Fixes] allEnemiesList: Tried to cache reference to "CactusBudlingObj" more than once
[09:25:45.7571081] [Warning:Buttery Fixes] allEnemiesList: Tried to cache reference to "RabbitMagicianObj" more than once
[09:25:45.7571081] [Warning:Buttery Fixes] allEnemiesList: Tried to cache reference to "PeaceKeeperObj" more than once
[09:25:45.7571081] [Warning:Buttery Fixes] allEnemiesList: Tried to cache reference to "ManorLordObj" more than once
[09:25:45.7571081] [Warning:Buttery Fixes] allEnemiesList: Tried to cache reference to "JanitorObj" more than once
[09:25:45.7571081] [Warning:Buttery Fixes] allEnemiesList: Tried to cache reference to "DriftwoodMenaceObj" more than once
[09:25:45.7571081] [Warning:Buttery Fixes] allEnemiesList: Tried to cache reference to "NancyObj" more than once
[09:25:45.7571081] [Warning:Buttery Fixes] allEnemiesList: Tried to cache reference to "CutieflyObj" more than once
[09:25:45.7571081] [Warning:Buttery Fixes] allEnemiesList: Tried to cache reference to "MonarchObj" more than once
[09:25:45.7571081] [Warning:Buttery Fixes] allEnemiesList: Tried to cache reference to "MistressObj" more than once
[09:25:45.7571081] [Warning:Buttery Fixes] allEnemiesList: Tried to cache reference to "RedwoodTitanObj" more than once
[09:25:45.7571081] [Warning:Buttery Fixes] allEnemiesList: Tried to cache reference to "SnailCatEnemyObj" more than once
[09:25:45.7571081] [Warning:Buttery Fixes] allEnemiesList: Tried to cache reference to "DuckObj" more than once
[09:25:45.7571081] [Warning:Buttery Fixes] allEnemiesList: Tried to cache reference to "TransporterObj" more than once
[09:25:45.7571081] [Warning:Buttery Fixes] allEnemiesList: Tried to cache reference to "DebtCollectorObj" more than once
[09:25:45.7571081] [Warning:Buttery Fixes] allEnemiesList: Tried to cache reference to "GuardsmanObj" more than once
[09:25:45.7581139] [Debug  :Buttery Fixes] Crawler: Fix radar appearance
[09:25:45.7581139] [Debug  :Buttery Fixes] Blob: Don't "die" when crushed by spike trap
[09:25:45.7581139] [Debug  :Buttery Fixes] Spring: Fix radar appearance
[09:25:45.7581139] [Debug  :Buttery Fixes] Butler: Fixed LOD fade for "MeshContainer"
[09:25:45.7581139] [Debug  :Buttery Fixes] Conductive: Maneater (False)
[09:25:45.7581139] [Debug  :Buttery Fixes] Aloe: Fixed LOD fade for "Body"
[09:25:45.7581139] [Debug  :Buttery Fixes] MouthDog: Fixed LOD fade for "MouthDogModel"
[09:25:45.7581139] [Debug  :Buttery Fixes] Earth Leviathan: Don't get eaten by other worms
[09:25:45.7581139] [Debug  :Buttery Fixes] ForestGiant: Rename scan node
[09:25:45.7581139] [Debug  :Buttery Fixes] Baboon hawk: Fixed LOD fade for "BaboonBirdModel"
[09:25:45.7581139] [Debug  :Buttery Fixes] RadMech: Scan on both sides
[09:25:45.7676197] [Debug  :Enemy Sound Fixes] Fix bracken stun sound
[09:25:45.7676197] [Debug  :Enemy Sound Fixes] Cached generic damage sound
[09:25:45.7676197] [Debug  :Enemy Sound Fixes] Remove thunder sound from thumper
[09:25:45.7676197] [Debug  :Enemy Sound Fixes] Loop snare flea walking and clinging
[09:25:45.7676197] [Debug  :Enemy Sound Fixes] Fix maneater clicking volume
[09:25:45.7676197] [Debug  :Enemy Sound Fixes] Adjust cadaver vent sounds
[09:25:45.7676197] [Debug  :Enemy Sound Fixes] Fix forest giant global audio volume
[09:25:45.7686198] [Debug  :Enemy Sound Fixes] Overwritten missing forest giant hit sound
[09:25:45.7686198] [Debug  :Enemy Sound Fixes] Fix forest giant burning volume fade
[09:25:45.7686198] [Debug  :Enemy Sound Fixes] Fix sapsucker death poof
[09:25:45.7686198] [Debug  :Enemy Sound Fixes] Overwritten missing eyeless dog hit sound
[09:25:45.7686198] [Debug  :Enemy Sound Fixes] Overwritten missing giant sapsucker hit sound
[09:25:45.8017525] [Debug  :UniversalRadar] Config processing complete (0.0265274s)
[09:25:45.8438747] [Error  : Unity Log] ArgumentException: Cannot use whitespace characters at start or end of section and key names
Parameter name: key
Stack trace:
LethalPerformance.Patcher.Patches.Patch_ConfigDefinition.CheckInvalidConfigCharsOptimized (System.String value, System.String name) (at /_/Patches/Patch_ConfigDefinition.cs:47)
(wrapper dynamic-method) BepInEx.Configuration.ConfigDefinition.DMD<BepInEx.Configuration.ConfigDefinition::CheckInvalidConfigChars>(string,string)
BepInEx.Configuration.ConfigDefinition..ctor (System.String section, System.String key) (at <d1b9206986c241dcad96bb21eee55a97>:IL_0011)
BepInEx.Configuration.ConfigFile.Bind[T] (System.String section, System.String key, T defaultValue, System.String description) (at <d1b9206986c241dcad96bb21eee55a97>:IL_0000)
SpectateEnemy.SpectateEnemies.PopulateSettings () (at <6a0cd69b1fb8434abb8f61ea4f46ad20>:IL_0076)
SpectateEnemy.Patches.QuickMenuManager_Patches.Postfix () (at <6a0cd69b1fb8434abb8f61ea4f46ad20>:IL_0023)
(wrapper dynamic-method) QuickMenuManager.DMD<QuickMenuManager::Start>(QuickMenuManager)
(wrapper dynamic-method) MonoMod.Utils.DynamicMethodDefinition.Trampoline<QuickMenuManager::Start>?-1567781398(QuickMenuManager)
Dawn.EnemyRegistrationHandler.AddEnemiesToDebugList (On.QuickMenuManager+orig_Start orig, QuickMenuManager self) (at ./src/API/Enemies/.EnemyRegistrationHandler.cs:273)
(wrapper dynamic-method) MonoMod.Utils.DynamicMethodDefinition.Hook<QuickMenuManager::Start>?-1417411996(QuickMenuManager)
(wrapper dynamic-method) MonoMod.Utils.DynamicMethodDefinition.Trampoline<QuickMenuManager::Start>?-1090752676(QuickMenuManager)
Dawn.Internal.DebugPatches.AddDebugFixes (On.QuickMenuManager+orig_Start orig, QuickMenuManager self) (at ./src/Internal/Patches/DebugPatches.cs:34)
(wrapper dynamic-method) MonoMod.Utils.DynamicMethodDefinition.Hook<QuickMenuManager::Start>?357943792(QuickMenuManager)
(wrapper dynamic-method) MonoMod.Utils.DynamicMethodDefinition.Trampoline<QuickMenuManager::Start>?-296387094(QuickMenuManager)
LethalLib.Modules.Enemies.QuickMenuManager_Start (On.QuickMenuManager+orig_Start orig, QuickMenuManager self) (at ./Modules/Enemies.cs:58)
(wrapper dynamic-method) MonoMod.Utils.DynamicMethodDefinition.Hook<QuickMenuManager::Start>?-33520884(QuickMenuManager)

[09:25:45.8483848] [Info   :Jordo.NeedyCats] Added NeedyCats to all levels.
[09:25:45.8483848] [Message:Rolling Giant] [HandleSpawnScrap] Adding scrap to Vow:12,March:12,Rend:12,Dine:12,Offense:12,Titan:12
[09:25:45.8503830] [Message:Rolling Giant] Added giant poster to 56 Vow with chance of 12
[09:25:45.8503830] [Message:Rolling Giant] Added giant poster to 61 March with chance of 12
[09:25:45.8503830] [Message:Rolling Giant] Added giant poster to 85 Rend with chance of 12
[09:25:45.8503830] [Message:Rolling Giant] Added giant poster to 7 Dine with chance of 12
[09:25:45.8503830] [Message:Rolling Giant] Added giant poster to 21 Offense with chance of 12
[09:25:45.8503830] [Message:Rolling Giant] Added giant poster to 8 Titan with chance of 12
[09:25:45.8513835] [Message:Rolling Giant] [HandleSpawnInSelection] Adding enemies to Vow:17,March:20,Rend:54,Dine:65,Offense:20,Titan:35,Experimentation:12,Assurance:10
[09:25:45.8513835] [Message:Rolling Giant] Added RollingGiant to 41 Experimentation with chance of 12 (inside)
[09:25:45.8513835] [Message:Rolling Giant] Added RollingGiant to 220 Assurance with chance of 10 (inside)
[09:25:45.8513835] [Message:Rolling Giant] Added RollingGiant to 56 Vow with chance of 17 (inside)
[09:25:45.8513835] [Message:Rolling Giant] Added RollingGiant to 61 March with chance of 20 (inside)
[09:25:45.8513835] [Message:Rolling Giant] Added RollingGiant to 85 Rend with chance of 54 (inside)
[09:25:45.8513835] [Message:Rolling Giant] Added RollingGiant to 7 Dine with chance of 65 (inside)
[09:25:45.8513835] [Message:Rolling Giant] Added RollingGiant to 21 Offense with chance of 20 (inside)
[09:25:45.8513835] [Message:Rolling Giant] Added RollingGiant to 8 Titan with chance of 35 (inside)
[09:25:45.8588764] [Info   : LethalHUD] Cached vanilla scanline texture.
[09:25:45.8588764] [Info   : LethalHUD] Cached vanilla scannode sprites.
[09:25:45.8628760] [Debug  : LethalHUD] ScanTexture pixel count: 65536
[09:25:45.8663804] [Debug  : LethalHUD] ScanTexture pixel count: 65536
[09:25:45.8936003] [Info   :MoreCompany] Setting initial volume for 0 to 16
[09:25:45.8936003] [Info   :MoreCompany] Setting initial volume for 1 to 16
[09:25:45.8936003] [Info   :MoreCompany] Setting initial volume for 2 to 16
[09:25:45.8936003] [Info   :MoreCompany] Setting initial volume for 3 to 16
[09:25:45.9207664] [Info   : Unity Log] planet mold states length: 31
[09:25:45.9217665] [Debug  :ReXuvination] Optimised Collider layers in OutOfBoundsTrigger for Object: OutOfBounds (UnityEngine.GameObject)
[09:25:45.9217665] [Debug  :ReXuvination] Optimised Collider layers in OutOfBoundsTrigger for Object: OutOfBoundsTrigger1 (UnityEngine.GameObject)
[09:25:45.9227674] [Debug  :Matty's Fixes] Vanilla/clipboard(115) needs to compute vertical offset - scheduled
[09:25:45.9227674] [Error  : Unity Log] Coroutine couldn't be started because the the game object 'ClipboardManual' is inactive!
[09:25:45.9237662] [Info   : LethalMin] Creating PikminItemNode for ClipboardManual at (9.67, 1.44, -13.51)...
[09:25:45.9297819] [Debug  :Matty's Fixes] Vanilla/Sticky note(116) needs to compute vertical offset - scheduled
[09:25:45.9297819] [Error  : Unity Log] Coroutine couldn't be started because the the game object 'StickyNoteItem' is inactive!
[09:25:45.9297819] [Info   : LethalMin] Creating PikminItemNode for StickyNoteItem at (8.79, 2.25, -17.46)...
[09:25:45.9307820] [Debug  :ReXuvination] Optimised Collider layers in InteractTrigger for Object: LadderTrigger (UnityEngine.GameObject)
[09:25:45.9317855] [Info   :ReservedItemSlotCore-2.0.41] Initializing ReservedPlayerData for player: Player (4)
[09:25:45.9317855] [Warning: Unity Log] Failed to create agent because there is no valid NavMesh
[09:25:45.9327815] [Info   :ReservedItemSlotCore-2.0.41] Initializing ReservedPlayerData for player: Player (5)
[09:25:45.9337817] [Warning: Unity Log] Failed to create agent because there is no valid NavMesh
[09:25:45.9347818] [Info   :ReservedItemSlotCore-2.0.41] Initializing ReservedPlayerData for player: Player (6)
[09:25:45.9357820] [Warning: Unity Log] Failed to create agent because there is no valid NavMesh
[09:25:45.9357820] [Info   :ReservedItemSlotCore-2.0.41] Initializing ReservedPlayerData for player: Player (7)
[09:25:45.9367820] [Warning: Unity Log] Failed to create agent because there is no valid NavMesh
[09:25:45.9378034] [Info   :ReservedItemSlotCore-2.0.41] Initializing ReservedPlayerData for player: Player (8)
[09:25:45.9378034] [Warning: Unity Log] Failed to create agent because there is no valid NavMesh
[09:25:45.9393065] [Info   :ReservedItemSlotCore-2.0.41] Initializing ReservedPlayerData for player: Player (9)
[09:25:45.9403107] [Warning: Unity Log] Failed to create agent because there is no valid NavMesh
[09:25:45.9413105] [Info   :ReservedItemSlotCore-2.0.41] Initializing ReservedPlayerData for player: Player (10)
[09:25:45.9413105] [Warning: Unity Log] Failed to create agent because there is no valid NavMesh
[09:25:45.9423107] [Info   :ReservedItemSlotCore-2.0.41] Initializing ReservedPlayerData for player: Player (11)
[09:25:45.9433111] [Warning: Unity Log] Failed to create agent because there is no valid NavMesh
[09:25:45.9443113] [Info   :ReservedItemSlotCore-2.0.41] Initializing ReservedPlayerData for player: Player (12)
[09:25:45.9443113] [Warning: Unity Log] Failed to create agent because there is no valid NavMesh
[09:25:45.9453111] [Info   :ReservedItemSlotCore-2.0.41] Initializing ReservedPlayerData for player: Player (13)
[09:25:45.9453111] [Warning: Unity Log] Failed to create agent because there is no valid NavMesh
[09:25:45.9468154] [Info   :ReservedItemSlotCore-2.0.41] Initializing ReservedPlayerData for player: Player (14)
[09:25:45.9478206] [Warning: Unity Log] Failed to create agent because there is no valid NavMesh
[09:25:45.9488204] [Info   :ReservedItemSlotCore-2.0.41] Initializing ReservedPlayerData for player: Player (15)
[09:25:45.9488204] [Warning: Unity Log] Failed to create agent because there is no valid NavMesh
[09:25:45.9508198] [Debug  :ReXuvination] Optimised Collider layers in InteractTrigger for Object: Trigger (UnityEngine.GameObject)
[09:25:45.9508198] [Debug  :ReXuvination] Optimised Collider layers in InteractTrigger for Object: Trigger (UnityEngine.GameObject)
[09:25:45.9508198] [Debug  :ReXuvination] Optimised Collider layers in InteractTrigger for Object: InteractTrigger (UnityEngine.GameObject)
[09:25:45.9508198] [Debug  :ReXuvination] Optimised Collider layers in InteractTrigger for Object: LeverContainer (UnityEngine.GameObject)
[09:25:45.9508198] [Debug  :ReXuvination] Optimised Collider layers in InteractTrigger for Object: ChangableSuit(Clone) (UnityEngine.GameObject)
[09:25:45.9508198] [Debug  :ReXuvination] Optimised Collider layers in InteractTrigger for Object: ChangableSuit(Clone) (UnityEngine.GameObject)
[09:25:45.9508198] [Debug  :ReXuvination] Optimised Collider layers in InteractTrigger for Object: ChangableSuit(Clone) (UnityEngine.GameObject)
[09:25:45.9508198] [Debug  :ReXuvination] Optimised Collider layers in InteractTrigger for Object: ChangableSuit(Clone) (UnityEngine.GameObject)
[09:25:45.9508198] [Debug  :ReXuvination] Optimised Collider layers in InteractTrigger for Object: ChangableSuit(Clone) (UnityEngine.GameObject)
[09:25:45.9508198] [Debug  :ReXuvination] Optimised Collider layers in InteractTrigger for Object: ChangableSuit(Clone) (UnityEngine.GameObject)
[09:25:45.9508198] [Debug  :ReXuvination] Optimised Collider layers in InteractTrigger for Object: ChangableSuit(Clone) (UnityEngine.GameObject)
[09:25:45.9508198] [Debug  :ReXuvination] Optimised Collider layers in InteractTrigger for Object: ChangableSuit(Clone) (UnityEngine.GameObject)
[09:25:45.9508198] [Debug  :ReXuvination] Optimised Collider layers in InteractTrigger for Object: ChangableSuit(Clone) (UnityEngine.GameObject)
[09:25:45.9508198] [Debug  :ReXuvination] Optimised Collider layers in InteractTrigger for Object: ChangableSuit(Clone) (UnityEngine.GameObject)
[09:25:45.9508198] [Debug  :ReXuvination] Optimised Collider layers in InteractTrigger for Object: ChangableSuit(Clone) (UnityEngine.GameObject)
[09:25:45.9508198] [Debug  :ReXuvination] Optimised Collider layers in InteractTrigger for Object: ChangableSuit(Clone) (UnityEngine.GameObject)
[09:25:45.9508198] [Debug  :ReXuvination] Optimised Collider layers in InteractTrigger for Object: ChangableSuit(Clone) (UnityEngine.GameObject)
[09:25:45.9508198] [Debug  :ReXuvination] Optimised Collider layers in InteractTrigger for Object: ChangableSuit(Clone) (UnityEngine.GameObject)
[09:25:45.9508198] [Debug  :ReXuvination] Optimised Collider layers in InteractTrigger for Object: ChangableSuit(Clone) (UnityEngine.GameObject)
[09:25:45.9508198] [Debug  :ReXuvination] Optimised Collider layers in InteractTrigger for Object: ChangableSuit(Clone) (UnityEngine.GameObject)
[09:25:45.9508198] [Debug  :ReXuvination] Optimised Collider layers in InteractTrigger for Object: ChangableSuit(Clone) (UnityEngine.GameObject)
[09:25:45.9508198] [Debug  :ReXuvination] Optimised Collider layers in InteractTrigger for Object: ChangableSuit(Clone) (UnityEngine.GameObject)
[09:25:45.9508198] [Debug  :ReXuvination] Optimised Collider layers in InteractTrigger for Object: ChangableSuit(Clone) (UnityEngine.GameObject)
[09:25:45.9508198] [Debug  :ReXuvination] Optimised Collider layers in InteractTrigger for Object: ChangableSuit(Clone) (UnityEngine.GameObject)
[09:25:45.9508198] [Debug  :ReXuvination] Optimised Collider layers in InteractTrigger for Object: ChangableSuit(Clone) (UnityEngine.GameObject)
[09:25:45.9508198] [Debug  :ReXuvination] Optimised Collider layers in InteractTrigger for Object: ChangableSuit(Clone) (UnityEngine.GameObject)
[09:25:45.9508198] [Debug  :ReXuvination] Optimised Collider layers in InteractTrigger for Object: ChangableSuit(Clone) (UnityEngine.GameObject)
[09:25:45.9508198] [Debug  :ReXuvination] Optimised Collider layers in InteractTrigger for Object: ChangableSuit(Clone) (UnityEngine.GameObject)
[09:25:45.9508198] [Debug  :ReXuvination] Optimised Collider layers in InteractTrigger for Object: ChangableSuit(Clone) (UnityEngine.GameObject)
[09:25:45.9508198] [Debug  :ReXuvination] Optimised Collider layers in InteractTrigger for Object: ChangableSuit(Clone) (UnityEngine.GameObject)
[09:25:45.9508198] [Debug  :ReXuvination] Optimised Collider layers in InteractTrigger for Object: ChangableSuit(Clone) (UnityEngine.GameObject)
[09:25:45.9508198] [Debug  :ReXuvination] Optimised Collider layers in InteractTrigger for Object: ChangableSuit(Clone) (UnityEngine.GameObject)
[09:25:45.9508198] [Debug  :ReXuvination] Optimised Collider layers in InteractTrigger for Object: ChangableSuit(Clone) (UnityEngine.GameObject)
[09:25:45.9508198] [Debug  :ReXuvination] Optimised Collider layers in InteractTrigger for Object: ChangableSuit(Clone) (UnityEngine.GameObject)
[09:25:45.9508198] [Debug  :ReXuvination] Optimised Collider layers in InteractTrigger for Object: ChangableSuit(Clone) (UnityEngine.GameObject)
[09:25:45.9508198] [Debug  :ReXuvination] Optimised Collider layers in InteractTrigger for Object: ChangableSuit(Clone) (UnityEngine.GameObject)
[09:25:45.9508198] [Debug  :ReXuvination] Optimised Collider layers in InteractTrigger for Object: ChangableSuit(Clone) (UnityEngine.GameObject)
[09:25:45.9508198] [Debug  :ReXuvination] Optimised Collider layers in InteractTrigger for Object: ChangableSuit(Clone) (UnityEngine.GameObject)
[09:25:45.9508198] [Debug  :ReXuvination] Optimised Collider layers in InteractTrigger for Object: ChangableSuit(Clone) (UnityEngine.GameObject)
[09:25:45.9508198] [Debug  :ReXuvination] Optimised Collider layers in InteractTrigger for Object: ChangableSuit(Clone) (UnityEngine.GameObject)
[09:25:45.9508198] [Debug  :ReXuvination] Optimised Collider layers in InteractTrigger for Object: ChangableSuit(Clone) (UnityEngine.GameObject)
[09:25:45.9508198] [Debug  :ReXuvination] Optimised Collider layers in InteractTrigger for Object: ChangableSuit(Clone) (UnityEngine.GameObject)
[09:25:45.9508198] [Debug  :ReXuvination] Optimised Collider layers in InteractTrigger for Object: ChangableSuit(Clone) (UnityEngine.GameObject)
[09:25:45.9508198] [Debug  :ReXuvination] Optimised Collider layers in InteractTrigger for Object: ChangableSuit(Clone) (UnityEngine.GameObject)
[09:25:45.9508198] [Debug  :ReXuvination] Optimised Collider layers in InteractTrigger for Object: ChangableSuit(Clone) (UnityEngine.GameObject)
[09:25:45.9508198] [Debug  :ReXuvination] Optimised Collider layers in InteractTrigger for Object: HoverboardChild (UnityEngine.GameObject)
[09:25:45.9508198] [Debug  :ReXuvination] Optimised Collider layers in InteractTrigger for Object: trigger (UnityEngine.GameObject)
[09:25:45.9508198] [Debug  :ReXuvination] Optimised Collider layers in InteractTrigger for Object: trigger (UnityEngine.GameObject)
[09:25:46.0344447] [Info   : Unity Log] Taking control of player Player and enabling camera!
[09:25:46.0354453] [Info   : Unity Log] Switch camera to 'MainCamera'
[09:25:46.0505903] [Info   :LobbyImprovements] Registered Named Message Handlers
[09:25:46.0596566] [Info   : Unity Log] Starting voice tracking for player: MasaeAhmya
[09:25:46.0756770] [Info   :MoreCompany] Server received 1 cosmetics from 0 | Request All: True
[09:25:46.0771787] [Info   :MoreCompany] Sending 1 cosmetics to the server | Request All: True
[09:25:46.0801885] [Info   :TooManyEmotes-2.3.17] Loading ThirdPersonEmoteController preferences.
[09:25:46.0801885] [Info   : Unity Log] Switch camera to 'MainCamera'
[09:25:46.0811885] [Info   :TooManyEmotes-2.3.17] Initializing local player.
[09:25:46.0851888] [Debug  :Buttery Fixes] "Fake helmet" no longer casts a shadow
[09:25:46.0851888] [Debug  :Buttery Fixes] Fix "MONITORING: Player"
[09:25:46.0917536] [Info   :ReservedItemSlotCore-2.0.41] Unlocking reserved item slot: flashlight
[09:25:46.0917536] [Info   :ReservedItemSlotCore-2.0.41] Unlocking reserved item slot: spray_paint
[09:25:46.0917536] [Info   :ReservedItemSlotCore-2.0.41] Unlocking reserved item slot: utility
[09:25:46.0917536] [Info   :ReservedItemSlotCore-2.0.41] Unlocking reserved item slot: key_slot
[09:25:46.0917536] [Info   :ReservedItemSlotCore-2.0.41] Unlocking reserved item slot: walkie_talkie
[09:25:46.0917536] [Info   :ReservedItemSlotCore-2.0.41] Unlocking reserved item slot: weapons
[09:25:46.0917536] [Info   :ReservedItemSlotCore-2.0.41] Unlocking reserved item slot: ammo
[09:25:46.0917536] [Error  :ReservedItemSlotCore-2.0.41] Synced with host!
[09:25:46.0967530] [Info   :GeneralImprovements] Hiding old monitors
[09:25:46.1032624] [Info   :OpenBodyCams] Creating a new camera for Cube.001.
[09:25:46.1854528] [Info   :HotbarPlus-1.8.5] Resetting energy bars.
[09:25:46.1889571] [Info   : Unity Log] Switch camera to 'MainCamera'
[09:25:46.1914697] [Info   : Unity Log] !!!! ENABLING CAMERA FOR PLAYER: Player
[09:25:46.1914697] [Info   : Unity Log] !!!! connectedPlayersAmount: 0
[09:25:46.1954686] [Debug  :GeneralImprovements] KEEPING JetpackItem(Clone) IN PLACE
[09:25:46.1954686] [Debug  :Matty's Fixes] Vanilla/Jetpack(253) needs to compute vertical offset - scheduled
[09:25:46.2253427] [Debug  :PizzaTowerEscapeMusic GameEventListener] Sound Manager created
[09:25:46.2328873] [Info   :PizzaTowerEscapeMusic MusicManager] All music clips unloaded
[09:25:46.2520401] [Debug  :PizzaTowerEscapeMusic GameEventListener] Level has changed to Black Mesa
[09:25:46.2575518] [Info   : LethalMin] Binding input actions for MasaeAhmya
[09:25:46.2645563] [Debug  :LCUltrawide_Community] ChangeAspectRatio - 1.777778
[09:25:46.2645563] [Debug  :LCUltrawide_Community] Setting hudmanager playerScreenTexture.texture to preferred height & width
[09:25:46.2645563] [Debug  :LCUltrawide_Community] Setting Terminal playerScreenTexHighRes to preferred height & width
[09:25:46.2645563] [Debug  :LCUltrawide_Community] Resetting gameplayCamera aspect
[09:25:46.2645563] [Debug  :LCUltrawide_Community] Updating UI/Canvas/Panel AspectRatioFitter aspectRatio to 1.777778
[09:25:46.2645563] [Debug  :LCUltrawide_Community] Updating UI/Canvas CanvasScaler to preferred height/width
[09:25:46.2645563] [Debug  :LCUltrawide_Community] Updating HUDManager HUDContainer AspectRatioFitter to preferred height/width
[09:25:46.2645563] [Debug  :LCUltrawide_Community] Updating Systems/UI/UICamera field of view to fix stretched HUD elements
[09:25:46.2645563] [Debug  :LCUltrawide_Community] Updating HUDManager Inventory position for preferred resolution
[09:25:46.2645563] [Debug  :LCUltrawide_Community] Updating PlayerHUDHelmetModel transform scale width for preferred resolution
[09:25:46.2645563] [Debug  :LCUltrawide_Community] New Aspect Ratio: 1.777778
[09:25:46.2780919] [Warning:S1.39 Compatibility Fixes] [DoorAudit] Hangar state changed -> CLOSED; doorPower=1.000; landed=False; leaving=False; living=1; livingInsideShip=1
[09:25:46.2986337] [Info   : LethalMin] ShipOnion: restored 44 pikmin from save after storage retrieval.
[09:25:46.3016342] [Debug  :GeneralImprovements] KEEPING WeedKillerItem(Clone) IN PLACE
[09:25:46.3016342] [Debug  :Matty's Fixes] Vanilla/Weed killer(237) needs to compute vertical offset - scheduled
[09:25:46.3231573] [Debug  : LethalMin] Initializing PikminItem WeedKillerItem(Clone) with item WeedKillerItem(Clone) (True)
[09:25:46.3241571] [Debug  :GeneralImprovements] KEEPING ShovelItem(Clone) IN PLACE
[09:25:46.3241571] [Debug  :Matty's Fixes] Vanilla/Shovel(238) needs to compute vertical offset - scheduled
[09:25:46.3426830] [Debug  : LethalMin] Initializing PikminItem ShovelItem(Clone) with item ShovelItem(Clone) (True)
[09:25:46.3426830] [Debug  :GeneralImprovements] KEEPING FlashlightItem(Clone) IN PLACE
[09:25:46.3426830] [Debug  :Matty's Fixes] Vanilla/Pro-flashlight(239) needs to compute vertical offset - scheduled
[09:25:46.3612336] [Info   :MoreBattery] Applied battery multiplier of 2x to item: 'Pro-flashlight' (Original battery life: 300s -> New battery life: 600s)
[09:25:46.3622347] [Debug  : LethalMin] Initializing PikminItem FlashlightItem(Clone) with item FlashlightItem(Clone) (True)
[09:25:46.3622347] [Debug  :GeneralImprovements] KEEPING ShovelItem(Clone) IN PLACE
[09:25:46.3622347] [Debug  :Matty's Fixes] Vanilla/Shovel(240) needs to compute vertical offset - scheduled
[09:25:46.3807635] [Debug  : LethalMin] Initializing PikminItem ShovelItem(Clone) with item ShovelItem(Clone) (True)
[09:25:46.3807635] [Debug  :GeneralImprovements] KEEPING DollaBill(Clone) IN PLACE
[09:25:46.3807635] [Debug  :Matty's Fixes] LethalLevelLoader/CodeRebirth/Crisp Dollar Bill(241) needs to compute vertical offset - scheduled
[09:25:46.4028017] [Debug  : LethalMin] Initializing PikminItem DollaBill(Clone) with item DollaBill(Clone) (True)
[09:25:46.4028017] [Debug  :GeneralImprovements] KEEPING Key(Clone) IN PLACE
[09:25:46.4028017] [Debug  :Matty's Fixes] Vanilla/Key(242) needs to compute vertical offset - scheduled
[09:25:46.4249787] [Debug  : LethalMin] Initializing PikminItem Key(Clone) with item Key(Clone) (True)
[09:25:46.4249787] [Debug  :GeneralImprovements] KEEPING Key(Clone) IN PLACE
[09:25:46.4249787] [Debug  :Matty's Fixes] Vanilla/Key(243) needs to compute vertical offset - scheduled
[09:25:46.4434826] [Debug  : LethalMin] Initializing PikminItem Key(Clone) with item Key(Clone) (True)
[09:25:46.4434826] [Debug  :GeneralImprovements] KEEPING Key(Clone) IN PLACE
[09:25:46.4434826] [Debug  :Matty's Fixes] Vanilla/Key(244) needs to compute vertical offset - scheduled
[09:25:46.4611191] [Debug  : LethalMin] Initializing PikminItem Key(Clone) with item Key(Clone) (True)
[09:25:46.4611191] [Debug  :GeneralImprovements] KEEPING Key(Clone) IN PLACE
[09:25:46.4611191] [Debug  :Matty's Fixes] Vanilla/Key(245) needs to compute vertical offset - scheduled
[09:25:46.4806543] [Debug  : LethalMin] Initializing PikminItem Key(Clone) with item Key(Clone) (True)
[09:25:46.4806543] [Debug  :GeneralImprovements] KEEPING Key(Clone) IN PLACE
[09:25:46.4806543] [Debug  :Matty's Fixes] Vanilla/Key(246) needs to compute vertical offset - scheduled
[09:25:46.5012792] [Debug  : LethalMin] Initializing PikminItem Key(Clone) with item Key(Clone) (True)
[09:25:46.5022784] [Debug  :GeneralImprovements] KEEPING ClockPrefab(Clone) IN PLACE
[09:25:46.5022784] [Debug  :Matty's Fixes] LethalLevelLoader/ImmersiveScraps/IClock(247) needs to compute vertical offset - scheduled
[09:25:46.5199115] [Debug  : LethalMin] Initializing PikminItem ClockPrefab(Clone) with item ClockPrefab(Clone) (True)
[09:25:46.5199115] [Debug  :GeneralImprovements] KEEPING ToasterPrefab(Clone) IN PLACE
[09:25:46.5199115] [Debug  :Matty's Fixes] LethalLevelLoader/ImmersiveScraps/Toaster(248) needs to compute vertical offset - scheduled
[09:25:46.5369233] [Debug  : LethalMin] Initializing PikminItem ToasterPrefab(Clone) with item ToasterPrefab(Clone) (True)
[09:25:46.5369233] [Debug  :GeneralImprovements] KEEPING TeaKettle(Clone) IN PLACE
[09:25:46.5369233] [Debug  :Matty's Fixes] Vanilla/Tea kettle(249) needs to compute vertical offset - scheduled
[09:25:46.5554696] [Debug  : LethalMin] Initializing PikminItem TeaKettle(Clone) with item TeaKettle(Clone) (True)
[09:25:46.5564715] [Debug  :GeneralImprovements] KEEPING BrackenPlush(Clone) IN PLACE
[09:25:46.5564715] [Debug  :Matty's Fixes] LethalLib/MonsterPlushies/Bracken Plushie(250) needs to compute vertical offset - scheduled
[09:25:46.5767518] [Debug  : LethalMin] Initializing PikminItem BrackenPlush(Clone) with item BrackenPlush(Clone) (True)
[09:25:46.5767518] [Debug  :GeneralImprovements] KEEPING PictureOwl(Clone) IN PLACE
[09:25:46.5767518] [Debug  :Matty's Fixes] LethalLevelLoader/BlackMesa/Owl(251) needs to compute vertical offset - scheduled
[09:25:46.5945880] [Debug  : LethalMin] Initializing PikminItem PictureOwl(Clone) with item PictureOwl(Clone) (True)
[09:25:46.5986366] [Error  :CodeRebirth] Player controlling is null when switching to nothing...
[09:25:46.5996358] [Debug  : LethalMin] Initializing PikminItem JetpackItem(Clone) with item JetpackItem(Clone) (True)
[09:25:46.6784977] [Message: LethalMin] Registered Raptor As Pikmin Enemy, Added (3) latch triggers
[09:25:46.6784977] [Message: LethalMin] Registered T-rex As Pikmin Enemy, Added (1) latch triggers
[09:25:46.6784977] [Message: LethalMin] Registered Boomba As Pikmin Enemy, Added (1) latch triggers
[09:25:46.6784977] [Message: LethalMin] Registered Crystal Ray As Pikmin Enemy, Added (1) latch triggers
[09:25:46.6784977] [Message: LethalMin] Registered Cactus Budling As Pikmin Enemy, Added (7) latch triggers
[09:25:46.6784977] [Message: LethalMin] Registered Rabbit Magician As Pikmin Enemy, Added (1) latch triggers
[09:25:46.6784977] [Message: LethalMin] Registered Peace Keeper As Pikmin Enemy, Added (9) latch triggers
[09:25:46.6794979] [Message: LethalMin] Registered Lord Of The Manor As Pikmin Enemy, Added (1) latch triggers
[09:25:46.6794979] [Message: LethalMin] Registered Janitor As Pikmin Enemy, Added (1) latch triggers
[09:25:46.6794979] [Message: LethalMin] Registered Driftwood Menace As Pikmin Enemy, Added (14) latch triggers
[09:25:46.6794979] [Message: LethalMin] Registered Nancy As Pikmin Enemy, Added (1) latch triggers
[09:25:46.6794979] [Message: LethalMin] Registered Monarch As Pikmin Enemy, Added (1) latch triggers
[09:25:46.6794979] [Message: LethalMin] Registered CutieFly As Pikmin Enemy, Added (1) latch triggers
[09:25:46.6794979] [Message: LethalMin] Registered Mistress As Pikmin Enemy, Added (0) latch triggers
[09:25:46.6794979] [Message: LethalMin] Registered Redwood Titan As Pikmin Enemy, Added (5) latch triggers
[09:25:46.6794979] [Message: LethalMin] Registered Real Enemy SnailCat As Pikmin Enemy, Added (1) latch triggers
[09:25:46.6794979] [Message: LethalMin] Registered Duck As Pikmin Enemy, Added (1) latch triggers
[09:25:46.6794979] [Message: LethalMin] Registered Transporter As Pikmin Enemy, Added (1) latch triggers
[09:25:46.6794979] [Message: LethalMin] Registered Debt Collector As Pikmin Enemy, Added (9) latch triggers
[09:25:46.6794979] [Message: LethalMin] Registered Guardsman As Pikmin Enemy, Added (15) latch triggers
[09:25:46.6794979] [Message: LethalMin] Registered Siren Head As Pikmin Enemy, Added (1) latch triggers
[09:25:46.6794979] [Message: LethalMin] Registered NutSlayer As Pikmin Enemy, Added (1) latch triggers
[09:25:46.6794979] [Message: LethalMin] Registered kamikazieBugs As Pikmin Enemy, Added (2) latch triggers
[09:25:46.6794979] [Message: LethalMin] Registered Anti Coil-Head As Pikmin Enemy, Added (1) latch triggers
[09:25:46.6804973] [Message: LethalMin] Registered Locker As Pikmin Enemy, Added (1) latch triggers
[09:25:46.6804973] [Message: LethalMin] Registered ImmortalSnail As Pikmin Enemy, Added (1) latch triggers
[09:25:46.6804973] [Message: LethalMin] Registered Football As Pikmin Enemy, Added (1) latch triggers
[09:25:46.6804973] [Message: LethalMin] Registered Herobrine As Pikmin Enemy, Added (1) latch triggers
[09:25:46.6804973] [Message: LethalMin] Registered BagpipeGhost As Pikmin Enemy, Added (1) latch triggers
[09:25:46.6804973] [Message: LethalMin] Registered HarpGhost As Pikmin Enemy, Added (1) latch triggers
[09:25:46.6804973] [Message: LethalMin] Registered EnforcerGhost As Pikmin Enemy, Added (1) latch triggers
[09:25:46.6804973] [Message: LethalMin] Registered RollingGiant As Pikmin Enemy, Added (1) latch triggers
[09:25:46.6804973] [Message: LethalMin] Registered RollingGiant As Pikmin Enemy, Added (1) latch triggers
[09:25:46.6804973] [Message: LethalMin] Registered RollingGiant As Pikmin Enemy, Added (1) latch triggers
[09:25:46.6804973] [Message: LethalMin] Registered Puffmin As Pikmin Enemy, Added (0) latch triggers
[09:25:46.6804973] [Message: LethalMin] Registered Shy guy As Pikmin Enemy, Added (1) latch triggers
[09:25:46.6804973] [Message: LethalMin] Registered SlendermanEnemy As Pikmin Enemy, Added (1) latch triggers
[09:25:46.6804973] [Message: LethalMin] Registered Cabinet As Pikmin Enemy, Added (1) latch triggers
[09:25:46.6804973] [Message: LethalMin] Registered IrisMaskVariant As Pikmin Enemy, Added (1) latch triggers
[09:25:46.6804973] [Message: LethalMin] Registered Dark Spring As Pikmin Enemy, Added (1) latch triggers
[09:25:46.6804973] [Message: LethalMin] Registered Floating head As Pikmin Enemy, Added (1) latch triggers
[09:25:46.6814985] [Message: LethalMin] Registered Arachnohead As Pikmin Enemy, Added (2) latch triggers
[09:25:46.6814985] [Message: LethalMin] Registered Emma As Pikmin Enemy, Added (1) latch triggers
[09:25:46.6814985] [Message: LethalMin] Registered Elder As Pikmin Enemy, Added (2) latch triggers
[09:25:46.6814985] [Message: LethalMin] Registered Broken Mannequin As Pikmin Enemy, Added (1) latch triggers
[09:25:46.6814985] [Message: LethalMin] Registered Headless Mannequin As Pikmin Enemy, Added (1) latch triggers
[09:25:46.6814985] [Message: LethalMin] Registered Mannequin As Pikmin Enemy, Added (1) latch triggers
[09:25:46.6814985] [Message: LethalMin] Registered Dark Spring As Pikmin Enemy, Added (1) latch triggers
[09:25:46.6814985] [Message: LethalMin] Registered Baboon hawk As Pikmin Enemy, Added (1) latch triggers
[09:25:46.6814985] [Message: LethalMin] Registered Blob As Pikmin Enemy, Added (9) latch triggers
[09:25:46.6824979] [Message: LethalMin] Registered Bush Wolf As Pikmin Enemy, Added (1) latch triggers
[09:25:46.6824979] [Message: LethalMin] Registered Butler As Pikmin Enemy, Added (1) latch triggers
[09:25:46.6824979] [Message: LethalMin] Registered Butler Bees As Pikmin Enemy, Added (1) latch triggers
[09:25:46.6824979] [Message: LethalMin] Registered Cadaver Bloom As Pikmin Enemy, Added (1) latch triggers
[09:25:46.6824979] [Message: LethalMin] Registered Cadaver Growths As Pikmin Enemy, Added (0) latch triggers
[09:25:46.6824979] [Message: LethalMin] Registered Maneater As Pikmin Enemy, Added (2) latch triggers
[09:25:46.6824979] [Message: LethalMin] Registered Centipede As Pikmin Enemy, Added (1) latch triggers
[09:25:46.6834979] [Message: LethalMin] Registered Clay Surgeon As Pikmin Enemy, Added (1) latch triggers
[09:25:46.6834979] [Message: LethalMin] Registered Crawler As Pikmin Enemy, Added (2) latch triggers
[09:25:46.6834979] [Message: LethalMin] Registered Docile Locust Bees As Pikmin Enemy, Added (0) latch triggers
[09:25:46.6834979] [Message: LethalMin] Registered Manticoil As Pikmin Enemy, Added (2) latch triggers
[09:25:46.6834979] [Message: LethalMin] Registered Tulip Snake As Pikmin Enemy, Added (1) latch triggers
[09:25:46.6834979] [Info   : LethalMin] Found RedLocustBee state: idle
[09:25:46.6834979] [Info   : LethalMin] Found RedLocustBee state: defending
[09:25:46.6834979] [Info   : LethalMin] Found RedLocustBee state: aggression
[09:25:46.6834979] [Info   : LethalMin] Added state: pikmin_defending to RedLocustBees enemy behaviour states index 3
[09:25:46.6834979] [Message: LethalMin] Registered Red Locust Bees As Pikmin Enemy, Added (1) latch triggers
[09:25:46.6844975] [Message: LethalMin] Registered Girl As Pikmin Enemy, Added (1) latch triggers
[09:25:46.6844975] [Message: LethalMin] Registered Flowerman As Pikmin Enemy, Added (1) latch triggers
[09:25:46.6844975] [Message: LethalMin] Registered ForestGiant As Pikmin Enemy, Added (2) latch triggers
[09:25:46.6844975] [Message: LethalMin] Registered GiantKiwi As Pikmin Enemy, Added (1) latch triggers
[09:25:46.6844975] [Message: LethalMin] Registered Hoarding bug As Pikmin Enemy, Added (2) latch triggers
[09:25:46.6844975] [Message: LethalMin] Registered Jester As Pikmin Enemy, Added (1) latch triggers
[09:25:46.6844975] [Message: LethalMin] Registered Lasso As Pikmin Enemy, Added (1) latch triggers
[09:25:46.6844975] [Message: LethalMin] Registered Masked As Pikmin Enemy, Added (1) latch triggers
[09:25:46.6844975] [Message: LethalMin] Registered MouthDog As Pikmin Enemy, Added (1) latch triggers
[09:25:46.6844975] [Message: LethalMin] Registered Nutcracker As Pikmin Enemy, Added (1) latch triggers
[09:25:46.6844975] [Message: LethalMin] Registered Puffer As Pikmin Enemy, Added (1) latch triggers
[09:25:46.6854972] [Message: LethalMin] Registered Feiopar As Pikmin Enemy, Added (1) latch triggers
[09:25:46.6854972] [Message: LethalMin] Registered RadMech As Pikmin Enemy, Added (1) latch triggers
[09:25:46.6854972] [Message: LethalMin] Registered Red pill As Pikmin Enemy, Added (0) latch triggers
[09:25:46.6854972] [Message: LethalMin] Registered Bunker Spider As Pikmin Enemy, Added (2) latch triggers
[09:25:46.6854972] [Message: LethalMin] Registered Earth Leviathan As Pikmin Enemy, Added (5) latch triggers
[09:25:46.6854972] [Message: LethalMin] Registered Spring As Pikmin Enemy, Added (1) latch triggers
[09:25:46.6854972] [Message: LethalMin] Registered Stingray As Pikmin Enemy, Added (1) latch triggers
[09:25:46.6854972] [Message: LethalMin] Registered Vermin As Pikmin Enemy, Added (1) latch triggers
[09:25:46.6854972] [Message: LethalMin] Registered Ogopogo As Pikmin Enemy, Added (1) latch triggers
[09:25:46.6854972] [Message: LethalMin] Registered Boom bird As Pikmin Enemy, Added (2) latch triggers
[09:25:46.6854972] [Message: LethalMin] Registered Leaf boy As Pikmin Enemy, Added (1) latch triggers
[09:25:46.6854972] [Message: LethalMin] Registered Prototax As Pikmin Enemy, Added (1) latch triggers
[09:25:46.6854972] [Message: LethalMin] Registered Coil Crab As Pikmin Enemy, Added (1) latch triggers
[09:25:46.6854972] [Message: LethalMin] Registered Aloe As Pikmin Enemy, Added (1) latch triggers
[09:25:46.7287172] [Info   : LethalMin] Created a new ChainIKConstraint from Rig 1 - RightArm for the whistle animation on IrisMaskVariant
[09:25:46.7287172] [Debug  : LethalMin] Added PuffminLeader script to IrisMaskVariant
[09:25:46.7287172] [Info   : LethalMin] Created a new ChainIKConstraint from Rig 1 - RightArm for the whistle animation on MaskedPlayerEnemy
[09:25:46.7287172] [Debug  : LethalMin] Added PuffminLeader script to MaskedPlayerEnemy
[09:25:46.7657529] [Info   : LethalMin] Refreshing onions for ShipPhaseOnionContainer(Clone)
[09:25:46.7657529] [Info   : LethalMin] Removing ship phase onions
[09:25:46.7927947] [Debug  : LethalMin] ---Loading LethalMin Data---
[09:25:46.7927947] [Debug  : LethalMin] SavePath: LCSaveFile1_LethalMinSave
[09:25:46.7927947] [Debug  : LethalMin] Loaded 112 pikmin left from save file
[09:25:46.7927947] [Debug  : LethalMin] Loaded LethalMin.Pikmin.PikminFiredStats fired stats from save file
[09:25:46.7927947] [Debug  : LethalMin] Loaded (8, 5, 7, 0, 4, 1) onions from save file
[09:25:46.7927947] [Debug  : LethalMin] Loaded (9, 0, 1, 4, 7, 5, 8, 6) scanned types from save file
[09:25:46.7937929] [Debug  : LethalMin] Loaded 0 leafling players from save file
[09:25:46.7937929] [Debug  : LethalMin] ---Finished Loading LethalMin Data---
[09:25:46.7942975] [Info   : LethalMin] Cheat_InvinceablePikmin set to True
[09:25:46.7942975] [Debug  :ScienceBirdTweaks] ShipFloodlightController Start: Got StartOfRound reference. Waiting for initialization and landing.
[09:25:46.8178316] [Debug  :ScienceBirdTweaks] Found parent container: 'ShipLightsPost'.
[09:25:46.8178316] [Debug  :ScienceBirdTweaks] Found pivot child: 'Cube.006'.
[09:25:46.8178316] [Debug  :ScienceBirdTweaks] Found sibling: 'Floodlight1'.
[09:25:46.8178316] [Debug  :ScienceBirdTweaks] Found sibling: 'Floodlight2'.
[09:25:46.9555918] [Debug  : LethalMin] Animator Controller changed from metarigOtherPlayers to metarig
[09:25:46.9587937] [Debug  :BrutalCompanyMinusExtraReborn] Set UI Up Arrow color to: 00A000
[09:25:46.9587937] [Debug  :BrutalCompanyMinusExtraReborn] Set UI Up Arrow color to: 00A000
[09:25:46.9587937] [Debug  :BrutalCompanyMinusExtraReborn] Set UI Up Arrow color to: 00A000
[09:25:46.9587937] [Debug  :BrutalCompanyMinusExtraReborn] Set UI Down Arrow color to: 00A000
[09:25:46.9587937] [Debug  :BrutalCompanyMinusExtraReborn] Set UI Down Arrow color to: 00A000
[09:25:46.9587937] [Debug  :BrutalCompanyMinusExtraReborn] Set UI Down Arrow color to: 00A000
[09:25:46.9587937] [Debug  :BrutalCompanyMinusExtraReborn] Set UI letter color to: 00A000
[09:25:46.9597901] [Message:BrutalCompanyMinusExtraReborn] Got a default scale of 1, 1, 1.
[09:25:46.9597901] [Message:BrutalCompanyMinusExtraReborn] Modifying by a scale of 1, 1, 1.
[09:25:46.9597901] [Message:BrutalCompanyMinusExtraReborn] Got a default position of 797, 405, 0.
[09:25:46.9597901] [Message:BrutalCompanyMinusExtraReborn] Modifying to a position of 0, 0, 0.
[09:25:46.9597901] [Message:BrutalCompanyMinusExtraReborn] Got a default position of 0, 0, 0.
[09:25:46.9607902] [Message:BrutalCompanyMinusExtraReborn] Modifying to a position of 0, 0, 0.
[09:25:46.9745619] [Info   :PizzaTowerEscapeMusic MusicManager] Loaded music (Alarm_01.ogg) from file
[09:25:47.1484355] [Info   :LethalPerformance] Saved 2 save(s)
[09:25:47.1504399] [Info   : LethalMin] Leader connection detected!
[09:25:47.1569446] [Info   :LethalPerformance.Patcher] Saved 9 config(s)
[09:25:47.2641130] [Info   :TooManyEmotes-2.3.17] Rotating emote selection in store. Seed: 838005065
[09:25:48.5454348] [Debug  :ScienceBirdTweaks] All objects found: 3 objects.
[09:25:48.5469382] [Debug  :ScienceBirdTweaks] Stored initial state for Cube.006: Pos=(-2.67, 9.63, -6.84), Rot=(270.00, 270.00, 0.00)
[09:25:48.5469382] [Debug  :ScienceBirdTweaks] Stored initial state for Floodlight1: Pos=(-2.21, 10.08, -6.88), Rot=(12.40, 136.10, 92.11)
[09:25:48.5469382] [Debug  :ScienceBirdTweaks] Stored initial state for Floodlight2: Pos=(-3.12, 10.10, -6.88), Rot=(12.40, 220.33, 92.11)
[09:25:48.5754862] [Info   :GeneralImprovements] Found saved suit ID for player MasaeAhmya - changing to Skeleton.
[09:25:48.5774943] [Debug  :Matty's Fixes] Vanilla/Weed killer(237) is computing vertical offset
[09:25:48.5895929] [Debug  :Matty's Fixes] Vanilla/Weed killer new offset is 0.466042
[09:25:48.5895929] [Debug  :Matty's Fixes] Vanilla/Weed killer(237) position updated [(4.97, 0.02, -7.00)] -> [(4.97, -0.01, -7.00)]
[09:25:48.5895929] [Debug  :Matty's Fixes] Vanilla/Shovel(238) is computing vertical offset
[09:25:48.5895929] [Debug  :Matty's Fixes] Vanilla/Shovel new offset is 0.05423262
[09:25:48.5895929] [Debug  :Matty's Fixes] Vanilla/Shovel(238) position updated [(4.89, 0.02, -7.38)] -> [(4.89, -0.02, -7.38)]
[09:25:48.5895929] [Debug  :Matty's Fixes] Vanilla/Pro-flashlight(239) is computing vertical offset
[09:25:48.5905941] [Debug  :Matty's Fixes] Vanilla/Pro-flashlight new offset is 0.07735162
[09:25:48.5905941] [Debug  :Matty's Fixes] Vanilla/Pro-flashlight(239) position updated [(5.41, 2.03, -6.84)] -> [(5.41, 1.98, -6.84)]
[09:25:48.5905941] [Debug  :Matty's Fixes] Vanilla/Shovel(240) position updated [(-1.93, 0.02, -6.46)] -> [(-1.93, -0.02, -6.46)]
[09:25:48.5905941] [Debug  :Matty's Fixes] LethalLevelLoader/CodeRebirth/Crisp Dollar Bill(241) is computing vertical offset
[09:25:48.5905941] [Debug  :Matty's Fixes] LethalLevelLoader/CodeRebirth/Crisp Dollar Bill new offset is 6.575137E-07
[09:25:48.5905941] [Debug  :Matty's Fixes] LethalLevelLoader/CodeRebirth/Crisp Dollar Bill(241) position updated [(1.25, 0.03, -7.71)] -> [(1.25, 0.03, -7.71)]
[09:25:48.5905941] [Debug  :Matty's Fixes] Vanilla/Key(242) is computing vertical offset
[09:25:48.5915947] [Debug  :Matty's Fixes] Vanilla/Key new offset is 0.008278118
[09:25:48.5915947] [Debug  :Matty's Fixes] Vanilla/Key(242) position updated [(5.52, 1.26, -6.63)] -> [(5.52, 1.20, -6.63)]
[09:25:48.5915947] [Debug  :Matty's Fixes] Vanilla/Key(243) position updated [(1.04, 0.03, -6.85)] -> [(1.04, -0.04, -6.85)]
[09:25:48.5915947] [Debug  :Matty's Fixes] Vanilla/Key(244) position updated [(-0.44, 0.03, -5.49)] -> [(-0.44, -0.04, -5.49)]
[09:25:48.5915947] [Debug  :Matty's Fixes] Vanilla/Key(245) position updated [(0.78, 0.03, -7.40)] -> [(0.78, -0.04, -7.40)]
[09:25:48.5915947] [Debug  :Matty's Fixes] Vanilla/Key(246) position updated [(0.66, 0.03, -6.29)] -> [(0.66, -0.04, -6.29)]
[09:25:48.5915947] [Debug  :Matty's Fixes] LethalLevelLoader/ImmersiveScraps/IClock(247) is computing vertical offset
[09:25:48.5915947] [Debug  :Matty's Fixes] LethalLevelLoader/ImmersiveScraps/IClock new offset is 0.01036109
[09:25:48.5915947] [Debug  :Matty's Fixes] LethalLevelLoader/ImmersiveScraps/IClock(247) position updated [(0.72, 0.03, -6.93)] -> [(0.72, 0.04, -6.93)]
[09:25:48.5915947] [Debug  :Matty's Fixes] LethalLevelLoader/ImmersiveScraps/Toaster(248) is computing vertical offset
[09:25:48.5915947] [Debug  :Matty's Fixes] LethalLevelLoader/ImmersiveScraps/Toaster new offset is 7.450581E-08
[09:25:48.5915947] [Debug  :Matty's Fixes] LethalLevelLoader/ImmersiveScraps/Toaster(248) position updated [(0.80, 0.03, -6.75)] -> [(0.80, 0.03, -6.75)]
[09:25:48.5915947] [Debug  :Matty's Fixes] Vanilla/Tea kettle(249) is computing vertical offset
[09:25:48.5915947] [Debug  :Matty's Fixes] Vanilla/Tea kettle new offset is 0.02683479
[09:25:48.5915947] [Debug  :Matty's Fixes] Vanilla/Tea kettle(249) position updated [(1.07, 0.03, -7.28)] -> [(1.07, 0.05, -7.28)]
[09:25:48.5915947] [Debug  :Matty's Fixes] LethalLevelLoader/BlackMesa/Owl(251) is computing vertical offset
[09:25:48.5925929] [Debug  :Matty's Fixes] LethalLevelLoader/BlackMesa/Owl new offset is 0.00125432
[09:25:48.5925929] [Debug  :Matty's Fixes] LethalLevelLoader/BlackMesa/Owl(251) position updated [(0.24, 0.03, -6.56)] -> [(0.24, 0.03, -6.56)]
[09:25:48.5925929] [Info   :PizzaTowerEscapeMusic MusicManager] Loaded music (Alarm_02.ogg) from file
[09:25:49.9165540] [Warning: Unity Log] BoxCollider does not support negative scale or size.
The effective box size has been forced positive and is likely to give unexpected collision geometry.
If you absolutely need to use negative scaling you can use the convex MeshCollider. Scene hierarchy path "Environment/HangarShip/LightSwitchContainer/PlacementCollider"
[09:25:49.9165540] [Warning: Unity Log] BoxCollider does not support negative scale or size.
The effective box size has been forced positive and is likely to give unexpected collision geometry.
If you absolutely need to use negative scaling you can use the convex MeshCollider. Scene hierarchy path "Environment/HangarShip/Cube"
[09:25:49.9165540] [Warning: Unity Log] BoxCollider does not support negative scale or size.
The effective box size has been forced positive and is likely to give unexpected collision geometry.
If you absolutely need to use negative scaling you can use the convex MeshCollider. Scene hierarchy path "Environment/HangarShip/ShipBottomColliders/Cube (1)"
[09:25:49.9165540] [Warning: Unity Log] BoxCollider does not support negative scale or size.
The effective box size has been forced positive and is likely to give unexpected collision geometry.
If you absolutely need to use negative scaling you can use the convex MeshCollider. Scene hierarchy path "Environment/HangarShip/ControlDesk.001"
[09:25:49.9165540] [Warning: Unity Log] BoxCollider does not support negative scale or size.
The effective box size has been forced positive and is likely to give unexpected collision geometry.
If you absolutely need to use negative scaling you can use the convex MeshCollider. Scene hierarchy path "Environment/HangarShip/ShipBottomColliders/Cube (3)"
[09:25:49.9165540] [Warning: Unity Log] BoxCollider does not support negative scale or size.
The effective box size has been forced positive and is likely to give unexpected collision geometry.
If you absolutely need to use negative scaling you can use the convex MeshCollider. Scene hierarchy path "Environment/HangarShip/ShipBottomColliders/Cube (7)"
[09:25:49.9165540] [Warning: Unity Log] BoxCollider does not support negative scale or size.
The effective box size has been forced positive and is likely to give unexpected collision geometry.
If you absolutely need to use negative scaling you can use the convex MeshCollider. Scene hierarchy path "Environment/HangarShip/ShipBottomColliders/Cube (6)"
[09:25:49.9165540] [Warning: Unity Log] BoxCollider does not support negative scale or size.
The effective box size has been forced positive and is likely to give unexpected collision geometry.
If you absolutely need to use negative scaling you can use the convex MeshCollider. Scene hierarchy path "Environment/HangarShip/ShipBottomColliders/Cube (8)"
[09:25:49.9165540] [Warning: Unity Log] BoxCollider does not support negative scale or size.
The effective box size has been forced positive and is likely to give unexpected collision geometry.
If you absolutely need to use negative scaling you can use the convex MeshCollider. Scene hierarchy path "Environment/HangarShip/ShipBottomColliders/Cube (5)"
[09:25:49.9165540] [Warning: Unity Log] BoxCollider does not support negative scale or size.
The effective box size has been forced positive and is likely to give unexpected collision geometry.
If you absolutely need to use negative scaling you can use the convex MeshCollider. Scene hierarchy path "Environment/HangarShip/ShipBottomColliders/Cube (4)"
[09:25:49.9230724] [Warning:   Coroner] Could not access dying player: Collider was not a player!
[09:25:49.9230724] [Warning:   Coroner] Could not access dying player: Index not assigned!
[09:25:49.9240762] [Debug  :   Coroner] Handling Out of Bounds death...
[09:25:49.9240762] [Warning:   Coroner] Could not access dying player: Collider was not a player!
[09:25:49.9240762] [Warning:   Coroner] Could not access dying player: Index not assigned!
[09:25:49.9240762] [Debug  :   Coroner] Handling Out of Bounds death...
[09:25:49.9240762] [Warning:   Coroner] Could not access dying player: Collider was not a player!
[09:25:49.9240762] [Warning:   Coroner] Could not access dying player: Index not assigned!
[09:25:49.9240762] [Debug  :   Coroner] Handling Out of Bounds death...
[09:25:49.9285844] [Debug  :PizzaTowerEscapeMusic GameEventListener] Player entered ship
[09:25:49.9646757] [Debug  :LobbyControl] Lobby took 15203ms to load
[09:25:49.9646757] [Debug  :   DawnLib] DuskNetworker started.
[09:25:49.9656751] [Info   :PizzaTowerEscapeMusic MusicManager] Loaded music (Alarm_03.ogg) from file
[09:25:50.1905051] [Info   : Unity Log] radar target index 0
[09:25:50.1955037] [Info   :PizzaTowerEscapeMusic MusicManager] Loaded music (Alarm_04.ogg) from file
[09:25:50.3707385] [Debug  :MrHat.BasedItemSaving] Host restored 17 of 17 saved item poses
[09:25:50.3707385] [Info   : MrHat.Lib] HatNet messages ready
[09:25:50.3812622] [Warning: Unity Log] BoxCollider does not support negative scale or size.
The effective box size has been forced positive and is likely to give unexpected collision geometry.
If you absolutely need to use negative scaling you can use the convex MeshCollider. Scene hierarchy path "Environment/HangarShip/StorageCloset/Cube.000/Cube"
[09:25:50.3940762] [Info   : Unity Log] [F] Registering spawnables in instance 'delayed'.
[09:25:50.3940762] [Info   :HerobrineMod] Registering spawnables in instance 'delayed'.
[09:25:50.4025913] [Info   :PizzaTowerEscapeMusic MusicManager] Loaded music (Alarm_05.ogg) from file
[09:25:50.6315153] [Info   :PizzaTowerEscapeMusic MusicManager] Loaded music (ByeByeThere.ogg) from file
[09:25:50.6385271] [Info   :PizzaTowerEscapeMusic MusicManager] Music clips done loading
[09:25:50.7967439] [Message:darmuhsTerminalStuff] Mode set to - [ None ] OnUpdateCamsEvent
[09:25:50.7977498] [Info   :More Ship Upgrades] [LguStore] Loading SteamID: 76561198152102027
[09:25:50.7977498] [Info   :More Ship Upgrades] [LguStore] Successfully loaded save data for ID: 76561198152102027
[09:25:50.7997512] [Info   :More Ship Upgrades] [UpgradeBus] Loaded sale of 0.7741218 for Baby Pacifier.
[09:25:50.7997512] [Info   :More Ship Upgrades] [UpgradeBus] Loaded sale of 0.8424324 for Bigger Lungs.
[09:25:50.7997512] [Info   :More Ship Upgrades] [UpgradeBus] Loaded sale of 0.8247684 for Clay Glasses.
[09:25:50.7997512] [Info   :More Ship Upgrades] [UpgradeBus] Loaded sale of 0.8552403 for Deeper Pockets.
[09:25:50.7997512] [Info   :More Ship Upgrades] [UpgradeBus] Loaded sale of 0.7585819 for Jet Fuel.
[09:25:50.7997512] [Info   :More Ship Upgrades] [UpgradeBus] Loaded sale of 0.730571 for Lightning Rod.
[09:25:50.7997512] [Info   :More Ship Upgrades] [UpgradeBus] Loaded sale of 0.7208346 for Lithium Batteries.
[09:25:50.7997512] [Info   :More Ship Upgrades] [UpgradeBus] Loaded sale of 0.6155542 for Long Barrel.
[09:25:50.7997512] [Info   :More Ship Upgrades] [UpgradeBus] Loaded sale of 0.7850329 for Running Shoes.
[09:25:50.7997512] [Info   :More Ship Upgrades] [UpgradeBus] Loaded sale of 0.7438029 for Sigurd Access.
[09:25:50.7997512] [Info   :More Ship Upgrades] [UpgradeBus] Loaded sale of 0.8581791 for Silver Bullets.
[09:25:50.7997512] [Info   :More Ship Upgrades] [UpgradeBus] Loaded sale of 0.7789782 for Sleight of Hand.
[09:25:50.7997512] [Info   :More Ship Upgrades] [UpgradeBus] Loaded sale of 0.7862428 for Weed Genetic Manipulation.
[09:25:50.8388239] [Debug  :Matty's Fixes] LethalLib/MonsterPlushies/Bracken Plushie(250) is computing vertical offset
[09:25:50.8438332] [Debug  :Matty's Fixes] LethalLib/MonsterPlushies/Bracken Plushie new offset is 0.005981237
[09:25:50.8438332] [Debug  :Matty's Fixes] LethalLib/MonsterPlushies/Bracken Plushie(250) position updated [(5.79, 0.01, -5.91)] -> [(5.79, 0.01, -5.91)]
[09:25:50.9378001] [Info   : Unity Log] radar target index 0
[09:25:52.7930541] [Info   :ReservedItemSlotCore-2.0.41] Unlocking reserved item slot: flashlight
[09:25:52.7950595] [Warning: Unity Log] Parent of RectTransform is being set with parent property. Consider using the SetParent method instead, with the worldPositionStays argument set to false. This will retain local orientation and scale rather than world orientation and scale, which can prevent common UI scaling issues.
[09:25:52.7965634] [Info   :ReservedItemSlotCore-2.0.41] Unlocking reserved item slot: spray_paint
[09:25:52.7965634] [Warning: Unity Log] Parent of RectTransform is being set with parent property. Consider using the SetParent method instead, with the worldPositionStays argument set to false. This will retain local orientation and scale rather than world orientation and scale, which can prevent common UI scaling issues.
[09:25:52.7965634] [Info   :ReservedItemSlotCore-2.0.41] Unlocking reserved item slot: utility
[09:25:52.7975685] [Warning: Unity Log] Parent of RectTransform is being set with parent property. Consider using the SetParent method instead, with the worldPositionStays argument set to false. This will retain local orientation and scale rather than world orientation and scale, which can prevent common UI scaling issues.
[09:25:52.7975685] [Info   :ReservedItemSlotCore-2.0.41] Unlocking reserved item slot: key_slot
[09:25:52.7975685] [Warning: Unity Log] Parent of RectTransform is being set with parent property. Consider using the SetParent method instead, with the worldPositionStays argument set to false. This will retain local orientation and scale rather than world orientation and scale, which can prevent common UI scaling issues.
[09:25:52.7975685] [Info   :ReservedItemSlotCore-2.0.41] Unlocking reserved item slot: walkie_talkie
[09:25:52.7975685] [Warning: Unity Log] Parent of RectTransform is being set with parent property. Consider using the SetParent method instead, with the worldPositionStays argument set to false. This will retain local orientation and scale rather than world orientation and scale, which can prevent common UI scaling issues.
[09:25:52.7975685] [Info   :ReservedItemSlotCore-2.0.41] Unlocking reserved item slot: weapons
[09:25:52.7985684] [Warning: Unity Log] Parent of RectTransform is being set with parent property. Consider using the SetParent method instead, with the worldPositionStays argument set to false. This will retain local orientation and scale rather than world orientation and scale, which can prevent common UI scaling issues.
[09:25:52.7985684] [Info   :ReservedItemSlotCore-2.0.41] Unlocking reserved item slot: ammo
[09:25:52.7985684] [Warning: Unity Log] Parent of RectTransform is being set with parent property. Consider using the SetParent method instead, with the worldPositionStays argument set to false. This will retain local orientation and scale rather than world orientation and scale, which can prevent common UI scaling issues.
[09:25:52.8141080] [Info   : Unity Log] Setting default suit!
[09:25:52.8728133] [Debug  :   Coroner] Querying target player parameters pre-death...
[09:25:52.8728133] [Debug  :   Coroner] Query successful!True
[09:25:53.6540627] [Info   :ReservedItemSlotCore-2.0.41] Beginning grab on reserved item: Pro-flashlight Previous item slot: 0
[09:25:53.7566617] [Debug  : LightsOut] GrabItem Pro-flashlight
[09:25:53.7566617] [Debug  : LightsOut] FlashlightItem is not a predefined type
[09:25:54.1927179] [Info   :ReservedItemSlotCore-2.0.41] Beginning grab on reserved item: Key Previous item slot: 0
[09:25:54.2951434] [Debug  : LightsOut] GrabItem Key
[09:25:54.2951434] [Debug  : LightsOut] KeyItem is not a predefined type
[09:25:54.7942941] [Message:suitsTerminal] displaying hint in chat.
[09:25:54.7942941] [Info   :More Ship Upgrades] [LguStore] Applying loaded upgrades...
[09:25:56.1599046] [Info   : Unity Log] Update used by player client rpc has been called for interact trigger: StartGameLever
[09:25:56.1599046] [Info   : Unity Log] Start lever animation A
[09:25:56.1599046] [Info   : Unity Log] Start lever animation B
[09:25:56.1599046] [Info   : Unity Log] Start lever animation C
[09:25:56.1599046] [Info   : Unity Log] Start lever animation D; False 
[09:25:56.1599046] [Info   : Unity Log] Start lever animation E; True ; False
[09:25:56.1599046] [Info   : Unity Log] Start lever animation F
[09:25:56.1599046] [Info   : Unity Log] Lever animation: setting bool to True
[09:25:56.1679165] [Info   : Unity Log] Sent lever animation RPC on this client
[09:25:57.8314927] [Info   : Unity Log] Stop special animation F
[09:25:57.8314927] [Info   : Unity Log] Start game A
[09:25:57.8324927] [Info   : Unity Log] Start game B
[09:25:57.8324927] [Info   : Unity Log] Start game C
[09:25:57.8324927] [Info   : Unity Log] Start game D; True ; False
[09:25:57.8324927] [Info   : Unity Log] Start game E
[09:25:57.8324927] [Info   : Unity Log] Start game successful
[09:25:57.8324927] [Debug  :LobbyControl] Setting lobby to not joinable.
[09:25:57.8324927] [Debug  :ShipWindows] Network manager already exists! Destroying...
[09:25:57.8350045] [Debug  :LobbyControl] Preventing the closing of Steam lobby.
[09:25:57.8360130] [Debug  :MrHat.MisideItems.Internals] Has House Teleporter been unlocked? False
[09:25:57.8360130] [Debug  :MrHat.MisideItems.Internals] Has House Teleporter been unlocked? False
[09:25:57.8360130] [Info   : Unity Log] RANDOM MAP SEED: 5996885
[09:25:57.8370138] [Info   : Unity Log] Loading scene
[09:25:57.8370138] [Info   : Unity Log] Scene that began loading: BlackMesaScene
[09:25:57.8370138] [Info   : Unity Log] LOADING GAME!!!!!
[09:25:57.8370138] [Info   : Unity Log] Waiting for all players to load!
[09:25:57.8370138] [Debug  :   Coroner] New round started! Resetting causes of death...
[09:25:57.8382133] [Debug  :   Coroner] Clearing cause of death for player 0
[09:25:57.8382133] [Debug  :   Coroner] Clearing cause of death for player 1
[09:25:57.8382133] [Debug  :   Coroner] Clearing cause of death for player 2
[09:25:57.8382133] [Debug  :   Coroner] Clearing cause of death for player 3
[09:25:57.8392150] [Debug  :   Coroner] Clearing cause of death for player 4
[09:25:57.8392150] [Debug  :   Coroner] Clearing cause of death for player 5
[09:25:57.8392150] [Debug  :   Coroner] Clearing cause of death for player 6
[09:25:57.8392150] [Debug  :   Coroner] Clearing cause of death for player 7
[09:25:57.8392150] [Debug  :   Coroner] Clearing cause of death for player 8
[09:25:57.8392150] [Debug  :   Coroner] Clearing cause of death for player 9
[09:25:57.8392150] [Debug  :   Coroner] Clearing cause of death for player 10
[09:25:57.8392150] [Debug  :   Coroner] Clearing cause of death for player 11
[09:25:57.8392150] [Debug  :   Coroner] Clearing cause of death for player 12
[09:25:57.8392150] [Debug  :   Coroner] Clearing cause of death for player 13
[09:25:57.8392150] [Debug  :   Coroner] Clearing cause of death for player 14
[09:25:57.8392150] [Debug  :   Coroner] Clearing cause of death for player 15
[09:25:57.8392150] [Info   :Rolling Giant] [RandomlyMoveWhileLooking]: moveSpeed: 2, moveAcceleration: 1, moveDeceleration: 0.5, rotateToLookAtPlayer: True, delayBeforeLookingAtPlayer: 2, lookAtPlayerDuration: 3, waitTimeMin: 1, waitTimeMax: 3, randomMoveTimeMin: 1, randomMoveTimeMax: 3, lookTimeBeforeAgro: 0
[09:25:57.8392150] [Info   :Rolling Giant] Resetting all rolling giants!
[09:25:57.8392150] [Info   :Rolling Giant] Config sync request received from client: 0
[09:25:57.8542418] [Info   :Rolling Giant] Config sync sent to client: 0
[09:25:57.8542418] [Info   :Rolling Giant] Config sync request sent.
[09:25:57.8542418] [Message:Rolling Giant] Rolling Giant AI changed: RandomlyMoveWhileLooking
[09:25:57.8577665] [Info   :MrHat.BasedDecorPlacement] Active build mode cancelled for departure
[09:25:57.8577665] [Info   : Unity Log] Stop special animation G
[09:25:57.8813722] [Debug  :   Coroner] Querying target player parameters pre-death...
[09:25:57.8813722] [Debug  :   Coroner] Query successful!True
[09:25:58.5565646] [Debug  :ReXuvination] Optimised Collider layers in BridgeTrigger for Object: BridgeScript (UnityEngine.GameObject)
[09:25:58.5595684] [Debug  :ReXuvination] Optimised Collider layers in QuicksandTrigger for Object: Toxic Water (UnityEngine.GameObject)
[09:25:58.5595684] [Debug  :ReXuvination] Optimised Collider layers in KillLocalPlayer for Object: KillTrigger (UnityEngine.GameObject)
[09:25:58.5595684] [Debug  :ReXuvination] Optimised Collider layers in KillLocalPlayer for Object: KillTrigger (UnityEngine.GameObject)
[09:25:58.5595684] [Debug  :ReXuvination] Optimised Collider layers in BridgeTrigger for Object: BridgeScript (UnityEngine.GameObject)
[09:25:58.5595684] [Debug  :ReXuvination] Optimised Collider layers in QuicksandTrigger for Object: Trigger (UnityEngine.GameObject)
[09:25:58.5595684] [Debug  :ReXuvination] Optimised Collider layers in BridgeTrigger for Object: BridgeScript (UnityEngine.GameObject)
[09:25:58.5625681] [Info   : Unity Log] Subscribe to startedLandingShip
[09:25:58.5625681] [Debug  :ReXuvination] Optimised Collider layers in BridgeTrigger for Object: BridgeScript (UnityEngine.GameObject)
[09:25:58.5750934] [Info   :Buttery Fixes] Landed on unknown moon
[09:25:58.7596488] [Warning: Unity Log] LadderTrigger is disabled! Netcode for GameObjects does not support spawning disabled NetworkBehaviours! The InteractTrigger component was skipped during spawn!
[09:25:58.7596488] [Warning: Unity Log] LadderTrigger is disabled! Netcode for GameObjects does not support spawning disabled NetworkBehaviours! The InteractTrigger component was skipped during spawn!
[09:25:58.8568429] [Debug  :UniversalRadar] NAV MAX: 149.6184, NAV MIN: -64.28162
[09:25:58.8751415] [Debug  :UniversalRadar] First time load: Fetched 1 terrain renderers
[09:25:58.8841648] [Debug  :UniversalRadar] Adding terrain paths to dictionary under identifier (Black Mesa, BlackMesaScene)
[09:25:58.8841648] [Debug  :UniversalRadar] Terrain max: -83.09462, terrain min: -64.28162 (149.6184, -64.28162)
[09:25:58.9179818] [Debug  :UniversalRadar] First time load: Fetched 99 object renderers
[09:25:58.9189789] [Debug  :UniversalRadar] Adding object paths to dictionary under identifier (Black Mesa, BlackMesaScene)
[09:25:58.9209815] [Error  : Unity Log] Can't remove MeshCollider because DawnSurface (Script) depends on it
[09:25:58.9219822] [Error  : Unity Log] Can't remove MeshCollider because DawnSurface (Script) depends on it
[09:25:58.9219822] [Error  : Unity Log] Can't remove MeshCollider because DawnSurface (Script) depends on it
[09:25:58.9219822] [Error  : Unity Log] Can't remove MeshCollider because DawnSurface (Script) depends on it
[09:25:58.9219822] [Error  : Unity Log] Can't remove MeshCollider because DawnSurface (Script) depends on it
[09:25:58.9219822] [Error  : Unity Log] Can't remove MeshCollider because DawnSurface (Script) depends on it
[09:25:58.9219822] [Error  : Unity Log] Can't remove MeshCollider because DawnSurface (Script) depends on it
[09:25:58.9219822] [Error  : Unity Log] Can't remove MeshCollider because DawnSurface (Script) depends on it
[09:25:58.9219822] [Error  : Unity Log] Can't remove MeshCollider because DawnSurface (Script) depends on it
[09:25:58.9219822] [Error  : Unity Log] Can't remove MeshCollider because DawnSurface (Script) depends on it
[09:25:58.9219822] [Error  : Unity Log] Can't remove MeshCollider because DawnSurface (Script) depends on it
[09:25:58.9219822] [Error  : Unity Log] Can't remove MeshCollider because DawnSurface (Script) depends on it
[09:25:58.9229811] [Error  : Unity Log] Can't remove MeshCollider because DawnSurface (Script) depends on it
[09:25:58.9229811] [Error  : Unity Log] Can't remove MeshCollider because DawnSurface (Script) depends on it
[09:25:58.9229811] [Error  : Unity Log] Can't remove MeshCollider because DawnSurface (Script) depends on it
[09:25:58.9229811] [Error  : Unity Log] Can't remove MeshCollider because DawnSurface (Script) depends on it
[09:25:58.9259797] [Error  : Unity Log] Can't remove MeshCollider because DawnSurface (Script) depends on it
[09:25:58.9259797] [Error  : Unity Log] Can't remove MeshCollider because DawnSurface (Script) depends on it
[09:25:58.9259797] [Error  : Unity Log] Can't remove MeshCollider because DawnSurface (Script) depends on it
[09:25:58.9259797] [Error  : Unity Log] Can't remove MeshCollider because DawnSurface (Script) depends on it
[09:25:58.9259797] [Error  : Unity Log] Can't remove MeshCollider because DawnSurface (Script) depends on it
[09:25:58.9259797] [Error  : Unity Log] Can't remove MeshCollider because DawnSurface (Script) depends on it
[09:25:58.9269809] [Error  : Unity Log] Can't remove MeshCollider because DawnSurface (Script) depends on it
[09:25:58.9269809] [Error  : Unity Log] Can't remove MeshCollider because DawnSurface (Script) depends on it
[09:25:58.9269809] [Error  : Unity Log] Can't remove MeshCollider because DawnSurface (Script) depends on it
[09:25:58.9269809] [Error  : Unity Log] Can't remove MeshCollider because DawnSurface (Script) depends on it
[09:25:58.9269809] [Error  : Unity Log] Can't remove MeshCollider because DawnSurface (Script) depends on it
[09:25:58.9269809] [Error  : Unity Log] Can't remove MeshCollider because DawnSurface (Script) depends on it
[09:25:58.9269809] [Error  : Unity Log] Can't remove MeshCollider because DawnSurface (Script) depends on it
[09:25:58.9269809] [Error  : Unity Log] Can't remove MeshCollider because DawnSurface (Script) depends on it
[09:25:58.9269809] [Error  : Unity Log] Can't remove MeshCollider because DawnSurface (Script) depends on it
[09:25:58.9280114] [Error  : Unity Log] Can't remove MeshCollider because DawnSurface (Script) depends on it
[09:25:58.9290133] [Error  : Unity Log] Can't remove MeshCollider because DawnSurface (Script) depends on it
[09:25:58.9290133] [Error  : Unity Log] Can't remove BoxCollider because DawnSurface (Script) depends on it
[09:25:58.9290133] [Error  : Unity Log] Can't remove BoxCollider because DawnSurface (Script) depends on it
[09:25:58.9300142] [Error  : Unity Log] Can't remove BoxCollider because DawnSurface (Script) depends on it
[09:25:58.9300142] [Error  : Unity Log] Can't remove BoxCollider because DawnSurface (Script) depends on it
[09:25:58.9300142] [Error  : Unity Log] Can't remove BoxCollider because DawnSurface (Script) depends on it
[09:25:58.9300142] [Error  : Unity Log] Can't remove BoxCollider because DawnSurface (Script) depends on it
[09:25:58.9300142] [Error  : Unity Log] Can't remove BoxCollider because DawnSurface (Script) depends on it
[09:25:58.9300142] [Error  : Unity Log] Can't remove BoxCollider because DawnSurface (Script) depends on it
[09:25:58.9300142] [Error  : Unity Log] Can't remove BoxCollider because DawnSurface (Script) depends on it
[09:25:58.9300142] [Error  : Unity Log] Can't remove BoxCollider because DawnSurface (Script) depends on it
[09:25:58.9300142] [Error  : Unity Log] Can't remove BoxCollider because DawnSurface (Script) depends on it
[09:25:58.9300142] [Error  : Unity Log] Can't remove BoxCollider because DawnSurface (Script) depends on it
[09:25:58.9300142] [Error  : Unity Log] Can't remove BoxCollider because DawnSurface (Script) depends on it
[09:25:58.9300142] [Error  : Unity Log] Can't remove BoxCollider because DawnSurface (Script) depends on it
[09:25:58.9310136] [Error  : Unity Log] Can't remove BoxCollider because DawnSurface (Script) depends on it
[09:25:58.9310136] [Error  : Unity Log] Can't remove BoxCollider because DawnSurface (Script) depends on it
[09:25:58.9310136] [Error  : Unity Log] Can't remove BoxCollider because DawnSurface (Script) depends on it
[09:25:58.9310136] [Error  : Unity Log] Can't remove BoxCollider because DawnSurface (Script) depends on it
[09:25:58.9310136] [Error  : Unity Log] Can't remove BoxCollider because DawnSurface (Script) depends on it
[09:25:58.9310136] [Error  : Unity Log] Can't remove BoxCollider because DawnSurface (Script) depends on it
[09:25:58.9310136] [Error  : Unity Log] Can't remove BoxCollider because DawnSurface (Script) depends on it
[09:25:58.9310136] [Debug  :UniversalRadar] First time radar generation complete (0.1496582s)
[09:25:58.9330117] [Info   : LethalMin] __ LethalMin On Game Started __
[09:25:58.9330117] [Info   : LethalMin] __ LethalMin On Game Started Finished __
[09:25:58.9381375] [Info   :Scopophobia] Scopophobia disabled Audio Spacializer errors!
[09:25:58.9391374] [Debug  :ReXuvination] Optimised Collider layers in InteractTrigger for Object: EntranceTeleportC (UnityEngine.GameObject)
[09:25:58.9391374] [Debug  :ReXuvination] Optimised Collider layers in InteractTrigger for Object: EntranceTeleportD (UnityEngine.GameObject)
[09:25:58.9391374] [Debug  :ReXuvination] Optimised Collider layers in InteractTrigger for Object: Trigger (UnityEngine.GameObject)
[09:25:58.9391374] [Debug  :ReXuvination] Optimised Collider layers in InteractTrigger for Object: LadderTrigger (1) (UnityEngine.GameObject)
[09:25:58.9391374] [Debug  :ReXuvination] Optimised Collider layers in InteractTrigger for Object: KillTrigger (UnityEngine.GameObject)
[09:25:58.9391374] [Debug  :ReXuvination] Optimised Collider layers in InteractTrigger for Object: KillTrigger (UnityEngine.GameObject)
[09:25:58.9391374] [Debug  :ReXuvination] Optimised Collider layers in InteractTrigger for Object: LadderTrigger (UnityEngine.GameObject)
[09:25:58.9391374] [Debug  :ReXuvination] Optimised Collider layers in InteractTrigger for Object: LadderTrigger (UnityEngine.GameObject)
[09:25:58.9391374] [Debug  :ReXuvination] Optimised Collider layers in InteractTrigger for Object: EntranceTeleportB (UnityEngine.GameObject)
[09:25:58.9391374] [Debug  :ReXuvination] Optimised Collider layers in InteractTrigger for Object: StoryLogCollectable (3) (UnityEngine.GameObject)
[09:25:58.9406421] [Debug  :ReXuvination] Optimised Collider layers in InteractTrigger for Object: EntranceTeleportA (UnityEngine.GameObject)
[09:25:58.9416492] [Debug  :Buttery Fixes] Cause of death: Dropship
[09:25:58.9416492] [Debug  :Enemy Sound Fixes] Doppler level: Dropship
[09:25:58.9416492] [Debug  :   Coroner] Item dropship spawned! Modifying kill trigger...
[09:25:58.9426487] [Warning:   DawnLib] Surface: '<None>:metalsolid' on 'func_detail_22751_22752.001' on not found.
[09:25:58.9426487] [Debug  :ReXuvination] Optimised Collider layers in OutOfBoundsTrigger for Object: OutOfBoundsTriggerFactory (UnityEngine.GameObject)
[09:25:58.9441550] [Warning: Unity Log] BoxCollider does not support negative scale or size.
The effective box size has been forced positive and is likely to give unexpected collision geometry.
If you absolutely need to use negative scaling you can use the convex MeshCollider. Scene hierarchy path "Environment/Exterior Moon Side Area 2/prop_static_53219/box"
[09:25:58.9441550] [Warning:   Coroner] Could not access dying player: Collider was not a player!
[09:25:58.9441550] [Warning:   Coroner] Could not access dying player: Index not assigned!
[09:25:58.9441550] [Debug  :   Coroner] Handling Out of Bounds death...
[09:25:58.9441550] [Warning:   Coroner] Could not access dying player: Collider was not a player!
[09:25:58.9441550] [Warning:   Coroner] Could not access dying player: Index not assigned!
[09:25:58.9441550] [Debug  :   Coroner] Handling Out of Bounds death...
[09:25:58.9441550] [Warning:   Coroner] Could not access dying player: Collider was not a player!
[09:25:58.9441550] [Warning:   Coroner] Could not access dying player: Index not assigned!
[09:25:58.9441550] [Debug  :   Coroner] Handling Out of Bounds death...
[09:25:58.9441550] [Warning:   Coroner] Could not access dying player: Collider was not a player!
[09:25:58.9441550] [Warning:   Coroner] Could not access dying player: Index not assigned!
[09:25:58.9441550] [Debug  :   Coroner] Handling Out of Bounds death...
[09:25:58.9441550] [Warning:   Coroner] Could not access dying player: Collider was not a player!
[09:25:58.9441550] [Warning:   Coroner] Could not access dying player: Index not assigned!
[09:25:58.9441550] [Debug  :   Coroner] Handling Out of Bounds death...
[09:25:58.9441550] [Warning:   Coroner] Could not access dying player: Collider was not a player!
[09:25:58.9441550] [Warning:   Coroner] Could not access dying player: Index not assigned!
[09:25:58.9441550] [Debug  :   Coroner] Handling Out of Bounds death...
[09:25:58.9441550] [Warning:   Coroner] Could not access dying player: Collider was not a player!
[09:25:58.9441550] [Warning:   Coroner] Could not access dying player: Index not assigned!
[09:25:58.9441550] [Debug  :   Coroner] Handling Out of Bounds death...
[09:25:58.9441550] [Warning:   Coroner] Could not access dying player: Collider was not a player!
[09:25:58.9441550] [Warning:   Coroner] Could not access dying player: Index not assigned!
[09:25:58.9441550] [Debug  :   Coroner] Handling Out of Bounds death...
[09:25:58.9441550] [Warning:   Coroner] Could not access dying player: Collider was not a player!
[09:25:58.9441550] [Warning:   Coroner] Could not access dying player: Index not assigned!
[09:25:58.9441550] [Debug  :   Coroner] Handling Out of Bounds death...
[09:25:58.9441550] [Warning:   Coroner] Could not access dying player: Collider was not a player!
[09:25:58.9441550] [Warning:   Coroner] Could not access dying player: Index not assigned!
[09:25:58.9441550] [Debug  :   Coroner] Handling Out of Bounds death...
[09:25:58.9441550] [Warning:   Coroner] Could not access dying player: Collider was not a player!
[09:25:58.9441550] [Warning:   Coroner] Could not access dying player: Index not assigned!
[09:25:58.9441550] [Debug  :   Coroner] Handling Out of Bounds death...
[09:25:58.9441550] [Warning:   Coroner] Could not access dying player: Collider was not a player!
[09:25:58.9441550] [Warning:   Coroner] Could not access dying player: Index not assigned!
[09:25:58.9441550] [Debug  :   Coroner] Handling Out of Bounds death...
[09:25:58.9441550] [Warning:   Coroner] Could not access dying player: Collider was not a player!
[09:25:58.9441550] [Warning:   Coroner] Could not access dying player: Index not assigned!
[09:25:58.9441550] [Debug  :   Coroner] Handling Out of Bounds death...
[09:25:58.9441550] [Warning:   Coroner] Could not access dying player: Collider was not a player!
[09:25:58.9441550] [Warning:   Coroner] Could not access dying player: Index not assigned!
[09:25:58.9441550] [Debug  :   Coroner] Handling Out of Bounds death...
[09:25:58.9441550] [Warning:   Coroner] Could not access dying player: Collider was not a player!
[09:25:58.9441550] [Warning:   Coroner] Could not access dying player: Index not assigned!
[09:25:58.9451582] [Debug  :   Coroner] Handling Out of Bounds death...
[09:25:58.9451582] [Warning:   Coroner] Could not access dying player: Collider was not a player!
[09:25:58.9451582] [Warning:   Coroner] Could not access dying player: Index not assigned!
[09:25:58.9451582] [Debug  :   Coroner] Handling Out of Bounds death...
[09:25:58.9451582] [Warning:   Coroner] Could not access dying player: Collider was not a player!
[09:25:58.9451582] [Warning:   Coroner] Could not access dying player: Index not assigned!
[09:25:58.9451582] [Debug  :   Coroner] Handling Out of Bounds death...
[09:25:58.9451582] [Warning:   Coroner] Could not access dying player: Collider was not a player!
[09:25:58.9451582] [Warning:   Coroner] Could not access dying player: Index not assigned!
[09:25:58.9451582] [Debug  :   Coroner] Handling Out of Bounds death...
[09:25:58.9451582] [Warning:   Coroner] Could not access dying player: Collider was not a player!
[09:25:58.9451582] [Warning:   Coroner] Could not access dying player: Index not assigned!
[09:25:58.9451582] [Debug  :   Coroner] Handling Out of Bounds death...
[09:25:58.9451582] [Warning:   Coroner] Could not access dying player: Collider was not a player!
[09:25:58.9451582] [Warning:   Coroner] Could not access dying player: Index not assigned!
[09:25:58.9451582] [Debug  :   Coroner] Handling Out of Bounds death...
[09:25:58.9451582] [Warning:   Coroner] Could not access dying player: Collider was not a player!
[09:25:58.9451582] [Warning:   Coroner] Could not access dying player: Index not assigned!
[09:25:58.9451582] [Debug  :   Coroner] Handling Out of Bounds death...
[09:25:58.9451582] [Warning:   Coroner] Could not access dying player: Collider was not a player!
[09:25:58.9451582] [Warning:   Coroner] Could not access dying player: Index not assigned!
[09:25:58.9451582] [Debug  :   Coroner] Handling Out of Bounds death...
[09:25:58.9451582] [Warning:   Coroner] Could not access dying player: Collider was not a player!
[09:25:58.9451582] [Warning:   Coroner] Could not access dying player: Index not assigned!
[09:25:58.9451582] [Debug  :   Coroner] Handling Out of Bounds death...
[09:25:58.9451582] [Warning:   Coroner] Could not access dying player: Collider was not a player!
[09:25:58.9451582] [Warning:   Coroner] Could not access dying player: Index not assigned!
[09:25:58.9451582] [Debug  :   Coroner] Handling Out of Bounds death...
[09:25:58.9451582] [Warning:   Coroner] Could not access dying player: Collider was not a player!
[09:25:58.9451582] [Warning:   Coroner] Could not access dying player: Index not assigned!
[09:25:58.9451582] [Debug  :   Coroner] Handling Out of Bounds death...
[09:25:58.9451582] [Warning:   Coroner] Could not access dying player: Collider was not a player!
[09:25:58.9451582] [Warning:   Coroner] Could not access dying player: Index not assigned!
[09:25:58.9451582] [Debug  :   Coroner] Handling Out of Bounds death...
[09:25:58.9451582] [Warning:   Coroner] Could not access dying player: Collider was not a player!
[09:25:58.9451582] [Warning:   Coroner] Could not access dying player: Index not assigned!
[09:25:58.9451582] [Debug  :   Coroner] Handling Out of Bounds death...
[09:25:58.9451582] [Warning:   Coroner] Could not access dying player: Collider was not a player!
[09:25:58.9451582] [Warning:   Coroner] Could not access dying player: Index not assigned!
[09:25:58.9451582] [Debug  :   Coroner] Handling Out of Bounds death...
[09:25:59.1592038] [Info   :BrutalCompanyMinusExtraReborn] Executing OnShipLeave for all events()
[09:25:59.1652038] [Info   :HotbarPlus-1.8.5] Finished receiving OnUpdatePurchasedHotbarSlots update. New purchased hotbar slots: 0
[09:25:59.1652038] [Info   :HotbarPlus-1.8.5] Finished receiving OnUpdatePurchasedHotbarSlots update. New purchased hotbar slots: 0
[09:25:59.1677106] [Info   :HotbarPlus-1.8.5] Finished receiving OnUpdatePurchasedHotbarSlots update. New purchased hotbar slots: 0
[09:25:59.1677106] [Info   :HotbarPlus-1.8.5] Finished receiving OnUpdatePurchasedHotbarSlots update. New purchased hotbar slots: 0
[09:25:59.1852493] [Info   :BrutalCompanyMinusExtraReborn] Storing un-modified level paramaters on level:BlackMesaLevel
[09:25:59.1852493] [Info   :BrutalCompanyMinusExtraReborn] Resetting level values before changing.
[09:25:59.1867553] [Info   :BrutalCompanyMinusExtraReborn] Set eventType weight for Insane to 6843
[09:25:59.1867553] [Info   :BrutalCompanyMinusExtraReborn] Set eventType weight for VeryBad to 506
[09:25:59.1867553] [Info   :BrutalCompanyMinusExtraReborn] Set eventType weight for Bad to 355
[09:25:59.1867553] [Info   :BrutalCompanyMinusExtraReborn] Set eventType weight for Neutral to 1368
[09:25:59.1867553] [Info   :BrutalCompanyMinusExtraReborn] Set eventType weight for Good to 1244
[09:25:59.1867553] [Info   :BrutalCompanyMinusExtraReborn] Set eventType weight for VeryGood to 2737
[09:25:59.1867553] [Info   :BrutalCompanyMinusExtraReborn] Set eventType weight for Rare to 27375
[09:25:59.1867553] [Info   :BrutalCompanyMinusExtraReborn] Set eventType weight for Remove to 883
[09:25:59.1877600] [Info   :BrutalCompanyMinusExtraReborn] Checking blacklist for event Clock
[09:25:59.1892647] [Info   :BrutalCompanyMinusExtraReborn] Checking blacklist for event VeryLateShip
[09:25:59.1892647] [Info   :BrutalCompanyMinusExtraReborn] Checking blacklist for event NutSlayersMore
[09:25:59.1892647] [Info   :BrutalCompanyMinusExtraReborn] Event chosen: Clock
[09:25:59.1892647] [Info   :BrutalCompanyMinusExtraReborn] Event chosen: VeryLateShip
[09:25:59.1892647] [Info   :BrutalCompanyMinusExtraReborn] Event chosen: NutSlayersMore
[09:25:59.2042962] [Info   :BrutalCompanyMinusExtraReborn] MapMultipliers = [scrapValueMultiplier: 4.5, scrapAmountMultiplier: 1.225925, factorySizeMultiplier: 1, EnemyHp: 0, insideSpawnChanceAdditive: 0, outsideSpawnChanceAdditive: 0, SpawnChanceMultiplier: 1, SpawnCapMultiplier: 1, InsidePower: 0, OutsidePower: 0]
[09:25:59.2042962] [Info   :BrutalCompanyMinusExtraReborn] Inside Spawn Curve
[09:25:59.2042962] [Info   :BrutalCompanyMinusExtraReborn] Time:0 + $Value:0
[09:25:59.2042962] [Info   :BrutalCompanyMinusExtraReborn] Time:0.03 + $Value:0.16
[09:25:59.2042962] [Info   :BrutalCompanyMinusExtraReborn] Time:0.06 + $Value:0.4
[09:25:59.2042962] [Info   :BrutalCompanyMinusExtraReborn] Time:0.1 + $Value:0.66
[09:25:59.2042962] [Info   :BrutalCompanyMinusExtraReborn] Time:0.13 + $Value:0.96
[09:25:59.2042962] [Info   :BrutalCompanyMinusExtraReborn] Time:0.16 + $Value:1.24
[09:25:59.2042962] [Info   :BrutalCompanyMinusExtraReborn] Time:0.19 + $Value:1.5
[09:25:59.2042962] [Info   :BrutalCompanyMinusExtraReborn] Time:0.22 + $Value:1.72
[09:25:59.2042962] [Info   :BrutalCompanyMinusExtraReborn] Time:0.26 + $Value:1.86
[09:25:59.2042962] [Info   :BrutalCompanyMinusExtraReborn] Time:0.29 + $Value:1.92
[09:25:59.2042962] [Info   :BrutalCompanyMinusExtraReborn] Outside Spawn Curve
[09:25:59.2052954] [Info   :BrutalCompanyMinusExtraReborn] Time:0 + $Value:-2.89
[09:25:59.2052954] [Info   :BrutalCompanyMinusExtraReborn] Time:0.11 + $Value:-2.89
[09:25:59.2052954] [Info   :BrutalCompanyMinusExtraReborn] Time:0.22 + $Value:-2.89
[09:25:59.2052954] [Info   :BrutalCompanyMinusExtraReborn] Time:0.34 + $Value:0.3
[09:25:59.2052954] [Info   :BrutalCompanyMinusExtraReborn] Time:0.45 + $Value:2.24
[09:25:59.2052954] [Info   :BrutalCompanyMinusExtraReborn] Time:0.56 + $Value:3.98
[09:25:59.2052954] [Info   :BrutalCompanyMinusExtraReborn] Time:0.67 + $Value:5.46
[09:25:59.2052954] [Info   :BrutalCompanyMinusExtraReborn] Time:0.78 + $Value:6.62
[09:25:59.2052954] [Info   :BrutalCompanyMinusExtraReborn] Time:0.89 + $Value:7.92
[09:25:59.2052954] [Info   :BrutalCompanyMinusExtraReborn] Time:1.01 + $Value:10.72
[09:25:59.2052954] [Info   :BrutalCompanyMinusExtraReborn] Daytime Spawn Curve
[09:25:59.2052954] [Info   :BrutalCompanyMinusExtraReborn] Time:0 + $Value:9.98
[09:25:59.2052954] [Info   :BrutalCompanyMinusExtraReborn] Time:0.11 + $Value:10
[09:25:59.2052954] [Info   :BrutalCompanyMinusExtraReborn] Time:0.22 + $Value:9.76
[09:25:59.2052954] [Info   :BrutalCompanyMinusExtraReborn] Time:0.33 + $Value:6.62
[09:25:59.2052954] [Info   :BrutalCompanyMinusExtraReborn] Time:0.44 + $Value:1.28
[09:25:59.2052954] [Info   :BrutalCompanyMinusExtraReborn] Time:0.56 + $Value:-2.43
[09:25:59.2052954] [Info   :BrutalCompanyMinusExtraReborn] Time:0.67 + $Value:-6.05
[09:25:59.2052954] [Info   :BrutalCompanyMinusExtraReborn] Time:0.78 + $Value:-10.12
[09:25:59.2052954] [Info   :BrutalCompanyMinusExtraReborn] Time:0.89 + $Value:-13.44
[09:25:59.2052954] [Info   :BrutalCompanyMinusExtraReborn] Time:1 + $Value:-14.82
[09:25:59.2323536] [Info   : Unity Log] Weed: moldspreaditerations: 0; position: -1
[09:25:59.2368556] [Info   : Unity Log] Roundmanager: Refreshed OutsideAINodes list!: 19
[09:25:59.2368556] [Info   : Unity Log] Roundmanager: Refreshed OutsideAINodes list!: 19
[09:25:59.2368556] [Info   : Unity Log] RANDOM MAP SEED - 5996885
Client #0
Moon: Black Mesa
[09:25:59.2378586] [Debug  :More Ship Upgrades] Adding speed in FinishGeneratingLevel callback
[09:25:59.2378586] [Info   :LethalLevelLoader] Getting Random DungeonFlows!
[09:25:59.2478754] [Info   :LethalLevelLoader] ExtendedLevel <-> ExtendedDungeonFlow Dynamic Matching Report.

Info For ExtendedLevel: Black MesaExtendedLevel | Planet Name: Black Mesa | Content Tags: Custom | Route Price: 500 | Current Weather: None
Unviable ExtendedDungeonFlows: Abandoned Foundry, ACF Site, Supermarket, Gray Apartments, Zeranos Gray Apartments, LC Office, Belleville Appartements, Treatement Amenity, Goldstay Hotel, Lead Factory, Lantern Manor, Mausoleum, Museum, Raven Manor, Shatteredrooms, Spelunkers Caverns (Basic), Spelunkers Caverns (Crystal), Spelunkers Caverns (Frozen), Spelunkers Caverns (Magmatic), Spelunkers Caverns (Overgrown), Studio Floor, Sub Systems
Viable ExtendedDungeonFlows: Facility (100), Storage Complex (100), Slaughterhouse (100), ScoopyCastle (100), Spooky manor (100), Grand Armory (100), Expanded Mineshaft (100), Expanded facility (100), Decrepit store (100), Art Gallery (100), Greenhouse (100), Fractured Complex (100), Deep Sewers (100), Rubber Rooms (100), Atlantean Citadel (100), Tower (100), Storehouse (100), Liminal Facility (100), Substation (100), Drains (100), Bunker (100), Black Mesa (100), Mineshaft (100), Haunted Mansion (100), Circus Facility (100), Toy Store (100), Spelunkers Caverns (Random) (50), junkrooms (25), DeepcoreMines (20), LiminalHouse (15), Crimson Keep (10)

[09:25:59.2503839] [Info   :S1.42AB Interior Weight Normalization] [InteriorWeightNormalization] Final effective viable pool for Black Mesa: Facility(100), Storage Complex(100), Slaughterhouse(100), ScoopyCastle(100), Spooky manor(100), Grand Armory(100), Expanded Mineshaft(100), Expanded facility(100), Decrepit store(100), Art Gallery(100), Greenhouse(100), Fractured Complex(100), Deep Sewers(100), Rubber Rooms(100), Atlantean Citadel(100), Tower(100), Storehouse(100), Liminal Facility(100), Substation(100), Drains(100), Bunker(100), Black Mesa(100), Mineshaft(100), Haunted Mansion(100), Circus Facility(100), Toy Store(100), Spelunkers Caverns (Random)(100), junkrooms(100), DeepcoreMines(100), LiminalHouse(100), Crimson Keep(100)
[09:25:59.2503839] [Info   :S1.42AB Interior Weight Normalization] [InteriorWeightNormalization] Normalized 5/31 returned viable dungeon weights to 100; pre-normalization range was 10..100; debugResults=True.
[09:25:59.2523844] [Info   :LethalLevelLoader] Setting Random DungeonFlows!
[09:25:59.2543828] [Error  :  HarmonyX] Error while running static void loaforcsSoundAPI.LethalCompany.Patches.RoundManagerPatch::Reporting(). Error: System.TypeLoadException: Failure has occurred while loading a type.
  at (wrapper dynamic-method) RoundManager.DMD<RoundManager::GenerateNewFloor>(RoundManager)
[09:25:59.2543828] [Info   : Unity Log] Now listening to dungeon generator status.
[09:25:59.3355252] [Info   :LethalLevelLoader] CurrentLevel: Black Mesa DungeonSize Is: 3.25 | Leaving DungeonSize As: 4.875
[09:25:59.3400334] [Debug  :ButteRyBalance] Final length multiplier: 4.87 (Interior #34, seed: 5996885)
[09:25:59.3410346] [Info   :dev.ladyalice.dungenplus] Did not load a DunGenExtenderer
[09:25:59.3410346] [Debug  :dev.ladyalice.dungenplus] Initialized ScrapItemManager to Black Mesa
[09:25:59.3410346] [Debug  :dev.ladyalice.dungenplus] Initialized EnemyManager to Black Mesa
[09:25:59.3440337] [Info   :LethalLevelLoader] Fire Exit Patch Report, Details Below;

EntranceTeleports Found, Black Mesa Contains 4 Entrances! (3 Fire Escapes)
Main Entrance: EntranceTeleportB (Entrance ID: 3)
Alternate Entrance: EntranceTeleportB (Entrance ID: 3)
Alternate Entrance: EntranceTeleportC (Entrance ID: 2)
Alternate Entrance: EntranceTeleportD (Entrance ID: 1)
Found Fire Escape GlobalProp: (ID: 1231), Modifying Spawn rate Count From (3,3) To (3,3)


[09:25:59.3480536] [Info   :S1.42AB Interior Weight Normalization] [InteriorWeightNormalization] Final effective viable pool for Black Mesa: Facility(100), Haunted Mansion(100), Mineshaft(100), Black Mesa(100), DeepcoreMines(100), LiminalHouse(100), Bunker(100), Drains(100), Substation(100), Liminal Facility(100), Storehouse(100), Tower(100), junkrooms(100), Crimson Keep(100), Circus Facility(100), Atlantean Citadel(100), Deep Sewers(100), Fractured Complex(100), Greenhouse(100), Art Gallery(100), Decrepit store(100), Expanded facility(100), Expanded Mineshaft(100), Grand Armory(100), Spooky manor(100), ScoopyCastle(100), Slaughterhouse(100), Spelunkers Caverns (Random)(100), Storage Complex(100), Rubber Rooms(100), Toy Store(100)
[09:25:59.3480536] [Info   :S1.42AB Interior Weight Normalization] [InteriorWeightNormalization] Normalized 5/31 returned viable dungeon weights to 100; pre-normalization range was 10..100; debugResults=False.
[09:25:59.3480536] [Info   :LethalLevelLoader] Created New Day History Log! PlanetName: Black Mesa ,Expanded facility ,Quota: 5 , Day: 1 , Weather: None
[09:25:59.3490540] [Info   :       Cat] Meow?
[09:25:59.3490540] [Info   :       Cat] Meow.
[09:25:59.3490540] [Info   :       Cat] I am cat.
[09:25:59.3490540] [Info   :       Cat] I have come to share my wisdom.
[09:25:59.3490540] [Info   :       Cat] EHEM.
[09:25:59.3490540] [Info   :       Cat] Meeeooowwwwww.
[09:25:59.3500550] [Info   :Slaughterhouse Scripts] Adding new rules to Slaughterhouse dungeon generation.
[09:26:01.1453677] [Debug  :ReXuvination] Optimised Collider layers in KillLocalPlayer for Object: Cube (UnityEngine.GameObject)
[09:26:01.1478754] [Debug  :ReXuvination] Optimised Collider layers in InteractTrigger for Object: Cube (UnityEngine.GameObject)
[09:26:01.1553816] [Debug  :ReXuvination] Optimised Collider layers in KillLocalPlayer for Object: KillTrigger (UnityEngine.GameObject)
[09:26:01.1578878] [Debug  :ReXuvination] Optimised Collider layers in InteractTrigger for Object: KillTrigger (UnityEngine.GameObject)
[09:26:01.1814337] [Debug  :ReXuvination] Optimised Collider layers in KillLocalPlayer for Object: KillTrigger (UnityEngine.GameObject)
[09:26:01.1834315] [Debug  :ReXuvination] Optimised Collider layers in InteractTrigger for Object: KillTrigger (UnityEngine.GameObject)
[09:26:01.1894457] [Debug  :ReXuvination] Optimised Collider layers in KillLocalPlayer for Object: KillTrigger (1) (UnityEngine.GameObject)
[09:26:01.1914497] [Debug  :ReXuvination] Optimised Collider layers in InteractTrigger for Object: KillTrigger (1) (UnityEngine.GameObject)
[09:26:01.3345940] [Debug  :ReXuvination] Optimised Collider layers in KillLocalPlayer for Object: KillTrigger (1) (UnityEngine.GameObject)
[09:26:01.3345940] [Debug  :ReXuvination] Optimised Collider layers in KillLocalPlayer for Object: KillTrigger (2) (UnityEngine.GameObject)
[09:26:01.3345940] [Debug  :ReXuvination] Optimised Collider layers in KillLocalPlayer for Object: KillTrigger (3) (UnityEngine.GameObject)
[09:26:01.3355967] [Debug  :ReXuvination] Optimised Collider layers in InteractTrigger for Object: KillTrigger (1) (UnityEngine.GameObject)
[09:26:01.3355967] [Debug  :ReXuvination] Optimised Collider layers in InteractTrigger for Object: KillTrigger (2) (UnityEngine.GameObject)
[09:26:01.3355967] [Debug  :ReXuvination] Optimised Collider layers in InteractTrigger for Object: KillTrigger (3) (UnityEngine.GameObject)
[09:26:01.3521668] [Warning: Unity Log] BoxCollider does not support negative scale or size.
The effective box size has been forced positive and is likely to give unexpected collision geometry.
If you absolutely need to use negative scaling you can use the convex MeshCollider. Scene hierarchy path "Systems/LevelGeneration/LevelGenerationRoot/LargeForkTileB(Clone)/Colliders/RailColliders/Cube (26)"
[09:26:01.3521668] [Warning: Unity Log] BoxCollider does not support negative scale or size.
The effective box size has been forced positive and is likely to give unexpected collision geometry.
If you absolutely need to use negative scaling you can use the convex MeshCollider. Scene hierarchy path "Systems/LevelGeneration/LevelGenerationRoot/LargeForkTileB(Clone)/Colliders/RailColliders/Cube (99)"
[09:26:01.3521668] [Warning: Unity Log] BoxCollider does not support negative scale or size.
The effective box size has been forced positive and is likely to give unexpected collision geometry.
If you absolutely need to use negative scaling you can use the convex MeshCollider. Scene hierarchy path "Systems/LevelGeneration/LevelGenerationRoot/LargeForkTileB(Clone)/Colliders/RailColliders/Cube (27)"
[09:26:01.3521668] [Warning: Unity Log] BoxCollider does not support negative scale or size.
The effective box size has been forced positive and is likely to give unexpected collision geometry.
If you absolutely need to use negative scaling you can use the convex MeshCollider. Scene hierarchy path "Systems/LevelGeneration/LevelGenerationRoot/LargeForkTileB(Clone)/Colliders/RailColliders/Cube (159)"
[09:26:01.3521668] [Warning: Unity Log] BoxCollider does not support negative scale or size.
The effective box size has been forced positive and is likely to give unexpected collision geometry.
If you absolutely need to use negative scaling you can use the convex MeshCollider. Scene hierarchy path "Systems/LevelGeneration/LevelGenerationRoot/LargeForkTileB(Clone)/Colliders/RailColliders/Cube (160)"
[09:26:01.3521668] [Warning: Unity Log] BoxCollider does not support negative scale or size.
The effective box size has been forced positive and is likely to give unexpected collision geometry.
If you absolutely need to use negative scaling you can use the convex MeshCollider. Scene hierarchy path "Systems/LevelGeneration/LevelGenerationRoot/LargeForkTileB(Clone)/Colliders/RailColliders/Cube (158)"
[09:26:01.3903361] [Warning: Unity Log] BoxCollider does not support negative scale or size.
The effective box size has been forced positive and is likely to give unexpected collision geometry.
If you absolutely need to use negative scaling you can use the convex MeshCollider. Scene hierarchy path "Systems/LevelGeneration/LevelGenerationRoot/CentreRoomTile(Clone)/Pipes/Pipe6 (1)/Cube (35)"
[09:26:01.3903361] [Warning: Unity Log] BoxCollider does not support negative scale or size.
The effective box size has been forced positive and is likely to give unexpected collision geometry.
If you absolutely need to use negative scaling you can use the convex MeshCollider. Scene hierarchy path "Systems/LevelGeneration/LevelGenerationRoot/CentreRoomTile(Clone)/Pipes/Pipe7 (1)/Cube (38)"
[09:26:01.3903361] [Warning: Unity Log] BoxCollider does not support negative scale or size.
The effective box size has been forced positive and is likely to give unexpected collision geometry.
If you absolutely need to use negative scaling you can use the convex MeshCollider. Scene hierarchy path "Systems/LevelGeneration/LevelGenerationRoot/CentreRoomTile(Clone)/Pipes/Pipe2 (1)/Cube (26)"
[09:26:01.3903361] [Warning: Unity Log] BoxCollider does not support negative scale or size.
The effective box size has been forced positive and is likely to give unexpected collision geometry.
If you absolutely need to use negative scaling you can use the convex MeshCollider. Scene hierarchy path "Systems/LevelGeneration/LevelGenerationRoot/CentreRoomTile(Clone)/Pipes/Pipe6 (1)/Cube (34)"
[09:26:01.3903361] [Warning: Unity Log] BoxCollider does not support negative scale or size.
The effective box size has been forced positive and is likely to give unexpected collision geometry.
If you absolutely need to use negative scaling you can use the convex MeshCollider. Scene hierarchy path "Systems/LevelGeneration/LevelGenerationRoot/CentreRoomTile(Clone)/Pipes/Pipe7 (1)/Cube (39)"
[09:26:01.3903361] [Warning: Unity Log] BoxCollider does not support negative scale or size.
The effective box size has been forced positive and is likely to give unexpected collision geometry.
If you absolutely need to use negative scaling you can use the convex MeshCollider. Scene hierarchy path "Systems/LevelGeneration/LevelGenerationRoot/CentreRoomTile(Clone)/Pipes/Pipe2 (1)/Cube (28)"
[09:26:01.3903361] [Warning: Unity Log] BoxCollider does not support negative scale or size.
The effective box size has been forced positive and is likely to give unexpected collision geometry.
If you absolutely need to use negative scaling you can use the convex MeshCollider. Scene hierarchy path "Systems/LevelGeneration/LevelGenerationRoot/CentreRoomTile(Clone)/Pipes/Pipe2 (1)/Cube (27)"
[09:26:01.3903361] [Warning: Unity Log] BoxCollider does not support negative scale or size.
The effective box size has been forced positive and is likely to give unexpected collision geometry.
If you absolutely need to use negative scaling you can use the convex MeshCollider. Scene hierarchy path "Systems/LevelGeneration/LevelGenerationRoot/CentreRoomTile(Clone)/Pipes/Pipe7 (1)/Cube (37)"
[09:26:01.3903361] [Warning: Unity Log] BoxCollider does not support negative scale or size.
The effective box size has been forced positive and is likely to give unexpected collision geometry.
If you absolutely need to use negative scaling you can use the convex MeshCollider. Scene hierarchy path "Systems/LevelGeneration/LevelGenerationRoot/CentreRoomTile(Clone)/Pipes/Pipe2 (1)/Cube (30)"
[09:26:01.3903361] [Warning: Unity Log] BoxCollider does not support negative scale or size.
The effective box size has been forced positive and is likely to give unexpected collision geometry.
If you absolutely need to use negative scaling you can use the convex MeshCollider. Scene hierarchy path "Systems/LevelGeneration/LevelGenerationRoot/CentreRoomTile(Clone)/Pipes/Pipe6 (1)/Cube (36)"
[09:26:01.3933364] [Debug  :ReXuvination] Optimised Collider layers in KillLocalPlayer for Object: KillTrigger (UnityEngine.GameObject)
[09:26:01.3943362] [Debug  :ReXuvination] Optimised Collider layers in InteractTrigger for Object: KillTrigger (UnityEngine.GameObject)
[09:26:01.4093709] [Warning: Unity Log] BoxCollider does not support negative scale or size.
The effective box size has been forced positive and is likely to give unexpected collision geometry.
If you absolutely need to use negative scaling you can use the convex MeshCollider. Scene hierarchy path "Systems/LevelGeneration/LevelGenerationRoot/MediumRoomHallway1B(Clone)/LungSocketMachine/BigSocket/Collisions/Cube (3)"
[09:26:01.4093709] [Warning: Unity Log] BoxCollider does not support negative scale or size.
The effective box size has been forced positive and is likely to give unexpected collision geometry.
If you absolutely need to use negative scaling you can use the convex MeshCollider. Scene hierarchy path "Systems/LevelGeneration/LevelGenerationRoot/MediumRoomHallway1B(Clone)/LungSocketMachine/BigSocket/Collisions/Cube (2)"
[09:26:01.4093709] [Warning: Unity Log] BoxCollider does not support negative scale or size.
The effective box size has been forced positive and is likely to give unexpected collision geometry.
If you absolutely need to use negative scaling you can use the convex MeshCollider. Scene hierarchy path "Systems/LevelGeneration/LevelGenerationRoot/MediumRoomHallway1B(Clone)/LungSocketMachine (1)/BigSocket/Collisions/Cube (3)"
[09:26:01.4093709] [Warning: Unity Log] BoxCollider does not support negative scale or size.
The effective box size has been forced positive and is likely to give unexpected collision geometry.
If you absolutely need to use negative scaling you can use the convex MeshCollider. Scene hierarchy path "Systems/LevelGeneration/LevelGenerationRoot/MediumRoomHallway1B(Clone)/LungSocketMachine/BigSocket/Collisions/Cube (1)"
[09:26:01.4093709] [Warning: Unity Log] BoxCollider does not support negative scale or size.
The effective box size has been forced positive and is likely to give unexpected collision geometry.
If you absolutely need to use negative scaling you can use the convex MeshCollider. Scene hierarchy path "Systems/LevelGeneration/LevelGenerationRoot/MediumRoomHallway1B(Clone)/LungSocketMachine/BigSocket/Collisions/Cube (6)"
[09:26:01.4093709] [Warning: Unity Log] BoxCollider does not support negative scale or size.
The effective box size has been forced positive and is likely to give unexpected collision geometry.
If you absolutely need to use negative scaling you can use the convex MeshCollider. Scene hierarchy path "Systems/LevelGeneration/LevelGenerationRoot/MediumRoomHallway1B(Clone)/LungSocketMachine (1)/BigSocket/Collisions/Cube (5)"
[09:26:01.4093709] [Warning: Unity Log] BoxCollider does not support negative scale or size.
The effective box size has been forced positive and is likely to give unexpected collision geometry.
If you absolutely need to use negative scaling you can use the convex MeshCollider. Scene hierarchy path "Systems/LevelGeneration/LevelGenerationRoot/MediumRoomHallway1B(Clone)/LungSocketMachine (1)/BigSocket/Collisions/Cube"
[09:26:01.4093709] [Warning: Unity Log] BoxCollider does not support negative scale or size.
The effective box size has been forced positive and is likely to give unexpected collision geometry.
If you absolutely need to use negative scaling you can use the convex MeshCollider. Scene hierarchy path "Systems/LevelGeneration/LevelGenerationRoot/MediumRoomHallway1B(Clone)/LungSocketMachine/BigSocket/Collisions/Cube (7)"
[09:26:01.4093709] [Warning: Unity Log] BoxCollider does not support negative scale or size.
The effective box size has been forced positive and is likely to give unexpected collision geometry.
If you absolutely need to use negative scaling you can use the convex MeshCollider. Scene hierarchy path "Systems/LevelGeneration/LevelGenerationRoot/MediumRoomHallway1B(Clone)/LungSocketMachine (1)/BigSocket/Collisions/Cube (1)"
[09:26:01.4093709] [Warning: Unity Log] BoxCollider does not support negative scale or size.
The effective box size has been forced positive and is likely to give unexpected collision geometry.
If you absolutely need to use negative scaling you can use the convex MeshCollider. Scene hierarchy path "Systems/LevelGeneration/LevelGenerationRoot/MediumRoomHallway1B(Clone)/LungSocketMachine/BigSocket/Collisions/Cube (5)"
[09:26:01.4093709] [Warning: Unity Log] BoxCollider does not support negative scale or size.
The effective box size has been forced positive and is likely to give unexpected collision geometry.
If you absolutely need to use negative scaling you can use the convex MeshCollider. Scene hierarchy path "Systems/LevelGeneration/LevelGenerationRoot/MediumRoomHallway1B(Clone)/LungSocketMachine (1)/BigSocket/Collisions/Cube (7)"
[09:26:01.4093709] [Warning: Unity Log] BoxCollider does not support negative scale or size.
The effective box size has been forced positive and is likely to give unexpected collision geometry.
If you absolutely need to use negative scaling you can use the convex MeshCollider. Scene hierarchy path "Systems/LevelGeneration/LevelGenerationRoot/MediumRoomHallway1B(Clone)/LungSocketMachine (1)/BigSocket/Collisions/Cube (6)"
[09:26:01.4093709] [Warning: Unity Log] BoxCollider does not support negative scale or size.
The effective box size has been forced positive and is likely to give unexpected collision geometry.
If you absolutely need to use negative scaling you can use the convex MeshCollider. Scene hierarchy path "Systems/LevelGeneration/LevelGenerationRoot/MediumRoomHallway1B(Clone)/LungSocketMachine/BigSocket/Collisions/Cube (4)"
[09:26:01.4093709] [Warning: Unity Log] BoxCollider does not support negative scale or size.
The effective box size has been forced positive and is likely to give unexpected collision geometry.
If you absolutely need to use negative scaling you can use the convex MeshCollider. Scene hierarchy path "Systems/LevelGeneration/LevelGenerationRoot/MediumRoomHallway1B(Clone)/LungSocketMachine/BigSocket/Collisions/Cube"
[09:26:01.4093709] [Warning: Unity Log] BoxCollider does not support negative scale or size.
The effective box size has been forced positive and is likely to give unexpected collision geometry.
If you absolutely need to use negative scaling you can use the convex MeshCollider. Scene hierarchy path "Systems/LevelGeneration/LevelGenerationRoot/MediumRoomHallway1B(Clone)/LungSocketMachine (1)/BigSocket/Collisions/Cube (2)"
[09:26:01.4093709] [Warning: Unity Log] BoxCollider does not support negative scale or size.
The effective box size has been forced positive and is likely to give unexpected collision geometry.
If you absolutely need to use negative scaling you can use the convex MeshCollider. Scene hierarchy path "Systems/LevelGeneration/LevelGenerationRoot/MediumRoomHallway1B(Clone)/LungSocketMachine (1)/BigSocket/Collisions/Cube (4)"
[09:26:01.4312662] [Debug  :ReXuvination] Optimised Collider layers in KillLocalPlayer for Object: KillTrigger (UnityEngine.GameObject)
[09:26:01.4322652] [Debug  :ReXuvination] Optimised Collider layers in InteractTrigger for Object: KillTrigger (UnityEngine.GameObject)
[09:26:01.4402845] [Debug  :ReXuvination] Optimised Collider layers in KillLocalPlayer for Object: KillTrigger (2) (UnityEngine.GameObject)
[09:26:01.4412828] [Debug  :ReXuvination] Optimised Collider layers in InteractTrigger for Object: KillTrigger (2) (UnityEngine.GameObject)
[09:26:01.4477914] [Warning: Unity Log] BoxCollider does not support negative scale or size.
The effective box size has been forced positive and is likely to give unexpected collision geometry.
If you absolutely need to use negative scaling you can use the convex MeshCollider. Scene hierarchy path "Systems/LevelGeneration/LevelGenerationRoot/CatwalkTile2x1Split(Clone)/Colliders/StairCollider (14)"
[09:26:01.4477914] [Warning: Unity Log] BoxCollider does not support negative scale or size.
The effective box size has been forced positive and is likely to give unexpected collision geometry.
If you absolutely need to use negative scaling you can use the convex MeshCollider. Scene hierarchy path "Systems/LevelGeneration/LevelGenerationRoot/CatwalkTile2x1Split(Clone)/Colliders/StairCollider (18)"
[09:26:01.4477914] [Warning: Unity Log] BoxCollider does not support negative scale or size.
The effective box size has been forced positive and is likely to give unexpected collision geometry.
If you absolutely need to use negative scaling you can use the convex MeshCollider. Scene hierarchy path "Systems/LevelGeneration/LevelGenerationRoot/CatwalkTile2x1Split(Clone)/Colliders/StairCollider (12)"
[09:26:01.4477914] [Warning: Unity Log] BoxCollider does not support negative scale or size.
The effective box size has been forced positive and is likely to give unexpected collision geometry.
If you absolutely need to use negative scaling you can use the convex MeshCollider. Scene hierarchy path "Systems/LevelGeneration/LevelGenerationRoot/CatwalkTile2x1Split(Clone)/Colliders/StairCollider (20)"
[09:26:01.4477914] [Warning: Unity Log] BoxCollider does not support negative scale or size.
The effective box size has been forced positive and is likely to give unexpected collision geometry.
If you absolutely need to use negative scaling you can use the convex MeshCollider. Scene hierarchy path "Systems/LevelGeneration/LevelGenerationRoot/CatwalkTile2x1Split(Clone)/Colliders/StairCollider (15)"
[09:26:01.4477914] [Warning: Unity Log] BoxCollider does not support negative scale or size.
The effective box size has been forced positive and is likely to give unexpected collision geometry.
If you absolutely need to use negative scaling you can use the convex MeshCollider. Scene hierarchy path "Systems/LevelGeneration/LevelGenerationRoot/CatwalkTile2x1Split(Clone)/Colliders/StairCollider (23)"
[09:26:01.4477914] [Warning: Unity Log] BoxCollider does not support negative scale or size.
The effective box size has been forced positive and is likely to give unexpected collision geometry.
If you absolutely need to use negative scaling you can use the convex MeshCollider. Scene hierarchy path "Systems/LevelGeneration/LevelGenerationRoot/CatwalkTile2x1Split(Clone)/Colliders/StairCollider (16)"
[09:26:01.4477914] [Warning: Unity Log] BoxCollider does not support negative scale or size.
The effective box size has been forced positive and is likely to give unexpected collision geometry.
If you absolutely need to use negative scaling you can use the convex MeshCollider. Scene hierarchy path "Systems/LevelGeneration/LevelGenerationRoot/CatwalkTile2x1Split(Clone)/Colliders/StairCollider (22)"
[09:26:01.4477914] [Warning: Unity Log] BoxCollider does not support negative scale or size.
The effective box size has been forced positive and is likely to give unexpected collision geometry.
If you absolutely need to use negative scaling you can use the convex MeshCollider. Scene hierarchy path "Systems/LevelGeneration/LevelGenerationRoot/CatwalkTile2x1Split(Clone)/Colliders/StairCollider (26)"
[09:26:01.4477914] [Warning: Unity Log] BoxCollider does not support negative scale or size.
The effective box size has been forced positive and is likely to give unexpected collision geometry.
If you absolutely need to use negative scaling you can use the convex MeshCollider. Scene hierarchy path "Systems/LevelGeneration/LevelGenerationRoot/CatwalkTile2x1Split(Clone)/Colliders/StairCollider (25)"
[09:26:01.4477914] [Warning: Unity Log] BoxCollider does not support negative scale or size.
The effective box size has been forced positive and is likely to give unexpected collision geometry.
If you absolutely need to use negative scaling you can use the convex MeshCollider. Scene hierarchy path "Systems/LevelGeneration/LevelGenerationRoot/CatwalkTile2x1Split(Clone)/Colliders/StairCollider (17)"
[09:26:01.4477914] [Warning: Unity Log] BoxCollider does not support negative scale or size.
The effective box size has been forced positive and is likely to give unexpected collision geometry.
If you absolutely need to use negative scaling you can use the convex MeshCollider. Scene hierarchy path "Systems/LevelGeneration/LevelGenerationRoot/CatwalkTile2x1Split(Clone)/Colliders/StairCollider (21)"
[09:26:01.4477914] [Warning: Unity Log] BoxCollider does not support negative scale or size.
The effective box size has been forced positive and is likely to give unexpected collision geometry.
If you absolutely need to use negative scaling you can use the convex MeshCollider. Scene hierarchy path "Systems/LevelGeneration/LevelGenerationRoot/CatwalkTile2x1Split(Clone)/Colliders/StairCollider (13)"
[09:26:01.4477914] [Warning: Unity Log] BoxCollider does not support negative scale or size.
The effective box size has been forced positive and is likely to give unexpected collision geometry.
If you absolutely need to use negative scaling you can use the convex MeshCollider. Scene hierarchy path "Systems/LevelGeneration/LevelGenerationRoot/CatwalkTile2x1Split(Clone)/Colliders/StairCollider (19)"
[09:26:01.4477914] [Warning: Unity Log] BoxCollider does not support negative scale or size.
The effective box size has been forced positive and is likely to give unexpected collision geometry.
If you absolutely need to use negative scaling you can use the convex MeshCollider. Scene hierarchy path "Systems/LevelGeneration/LevelGenerationRoot/CatwalkTile2x1Split(Clone)/Colliders/StairCollider (11)"
[09:26:01.4477914] [Warning: Unity Log] BoxCollider does not support negative scale or size.
The effective box size has been forced positive and is likely to give unexpected collision geometry.
If you absolutely need to use negative scaling you can use the convex MeshCollider. Scene hierarchy path "Systems/LevelGeneration/LevelGenerationRoot/CatwalkTile2x1Split(Clone)/Colliders/StairCollider (24)"
[09:26:01.4878609] [Warning: Unity Log] BoxCollider does not support negative scale or size.
The effective box size has been forced positive and is likely to give unexpected collision geometry.
If you absolutely need to use negative scaling you can use the convex MeshCollider. Scene hierarchy path "Systems/LevelGeneration/LevelGenerationRoot/TallServerRoomTile(Clone)/Pipes/Pipe7 (1)/Cube (37)"
[09:26:01.4878609] [Warning: Unity Log] BoxCollider does not support negative scale or size.
The effective box size has been forced positive and is likely to give unexpected collision geometry.
If you absolutely need to use negative scaling you can use the convex MeshCollider. Scene hierarchy path "Systems/LevelGeneration/LevelGenerationRoot/TallServerRoomTile(Clone)/Pipes/Pipe6 (1)/Cube (34)"
[09:26:01.4878609] [Warning: Unity Log] BoxCollider does not support negative scale or size.
The effective box size has been forced positive and is likely to give unexpected collision geometry.
If you absolutely need to use negative scaling you can use the convex MeshCollider. Scene hierarchy path "Systems/LevelGeneration/LevelGenerationRoot/TallServerRoomTile(Clone)/Pipes/Pipe6 (1)/Cube (36)"
[09:26:01.4878609] [Warning: Unity Log] BoxCollider does not support negative scale or size.
The effective box size has been forced positive and is likely to give unexpected collision geometry.
If you absolutely need to use negative scaling you can use the convex MeshCollider. Scene hierarchy path "Systems/LevelGeneration/LevelGenerationRoot/TallServerRoomTile(Clone)/Pipes/Pipe7 (1)/Cube (39)"
[09:26:01.4878609] [Warning: Unity Log] BoxCollider does not support negative scale or size.
The effective box size has been forced positive and is likely to give unexpected collision geometry.
If you absolutely need to use negative scaling you can use the convex MeshCollider. Scene hierarchy path "Systems/LevelGeneration/LevelGenerationRoot/TallServerRoomTile(Clone)/Pipes/Pipe6 (1)/Cube (35)"
[09:26:01.4878609] [Warning: Unity Log] BoxCollider does not support negative scale or size.
The effective box size has been forced positive and is likely to give unexpected collision geometry.
If you absolutely need to use negative scaling you can use the convex MeshCollider. Scene hierarchy path "Systems/LevelGeneration/LevelGenerationRoot/TallServerRoomTile(Clone)/Pipes/Pipe7 (1)/Cube (38)"
[09:26:01.5730284] [Debug  :ReXuvination] Optimised Collider layers in KillLocalPlayer for Object: KillTrigger (UnityEngine.GameObject)
[09:26:01.5740305] [Debug  :ReXuvination] Optimised Collider layers in InteractTrigger for Object: KillTrigger (UnityEngine.GameObject)
[09:26:01.5921112] [Debug  :ReXuvination] Optimised Collider layers in KillLocalPlayer for Object: KillTrigger (1) (UnityEngine.GameObject)
[09:26:01.5931117] [Debug  :ReXuvination] Optimised Collider layers in InteractTrigger for Object: KillTrigger (1) (UnityEngine.GameObject)
[09:26:01.6001280] [Debug  :ReXuvination] Optimised Collider layers in KillLocalPlayer for Object: KillTrigger (UnityEngine.GameObject)
[09:26:01.6011282] [Debug  :ReXuvination] Optimised Collider layers in InteractTrigger for Object: KillTrigger (UnityEngine.GameObject)
[09:26:01.6051290] [Warning: Unity Log] BoxCollider does not support negative scale or size.
The effective box size has been forced positive and is likely to give unexpected collision geometry.
If you absolutely need to use negative scaling you can use the convex MeshCollider. Scene hierarchy path "Systems/LevelGeneration/LevelGenerationRoot/CatwalkTile2x1(Clone)/CatwalkStairs.002/StairCollider (3)"
[09:26:01.6051290] [Warning: Unity Log] BoxCollider does not support negative scale or size.
The effective box size has been forced positive and is likely to give unexpected collision geometry.
If you absolutely need to use negative scaling you can use the convex MeshCollider. Scene hierarchy path "Systems/LevelGeneration/LevelGenerationRoot/CatwalkTile2x1(Clone)/CatwalkStairs.002/StairCollider"
[09:26:01.6051290] [Warning: Unity Log] BoxCollider does not support negative scale or size.
The effective box size has been forced positive and is likely to give unexpected collision geometry.
If you absolutely need to use negative scaling you can use the convex MeshCollider. Scene hierarchy path "Systems/LevelGeneration/LevelGenerationRoot/CatwalkTile2x1(Clone)/CatwalkStairs.002/StairCollider (6)"
[09:26:01.6051290] [Warning: Unity Log] BoxCollider does not support negative scale or size.
The effective box size has been forced positive and is likely to give unexpected collision geometry.
If you absolutely need to use negative scaling you can use the convex MeshCollider. Scene hierarchy path "Systems/LevelGeneration/LevelGenerationRoot/CatwalkTile2x1(Clone)/CatwalkStairs.002/StairCollider (7)"
[09:26:01.6051290] [Warning: Unity Log] BoxCollider does not support negative scale or size.
The effective box size has been forced positive and is likely to give unexpected collision geometry.
If you absolutely need to use negative scaling you can use the convex MeshCollider. Scene hierarchy path "Systems/LevelGeneration/LevelGenerationRoot/CatwalkTile2x1(Clone)/CatwalkStairs.002/StairCollider (10)"
[09:26:01.6051290] [Warning: Unity Log] BoxCollider does not support negative scale or size.
The effective box size has been forced positive and is likely to give unexpected collision geometry.
If you absolutely need to use negative scaling you can use the convex MeshCollider. Scene hierarchy path "Systems/LevelGeneration/LevelGenerationRoot/CatwalkTile2x1(Clone)/CatwalkStairs.002/StairCollider (4)"
[09:26:01.6051290] [Warning: Unity Log] BoxCollider does not support negative scale or size.
The effective box size has been forced positive and is likely to give unexpected collision geometry.
If you absolutely need to use negative scaling you can use the convex MeshCollider. Scene hierarchy path "Systems/LevelGeneration/LevelGenerationRoot/CatwalkTile2x1(Clone)/CatwalkStairs.002/StairCollider (9)"
[09:26:01.6051290] [Warning: Unity Log] BoxCollider does not support negative scale or size.
The effective box size has been forced positive and is likely to give unexpected collision geometry.
If you absolutely need to use negative scaling you can use the convex MeshCollider. Scene hierarchy path "Systems/LevelGeneration/LevelGenerationRoot/CatwalkTile2x1(Clone)/CatwalkStairs.002/StairCollider (1)"
[09:26:01.6051290] [Warning: Unity Log] BoxCollider does not support negative scale or size.
The effective box size has been forced positive and is likely to give unexpected collision geometry.
If you absolutely need to use negative scaling you can use the convex MeshCollider. Scene hierarchy path "Systems/LevelGeneration/LevelGenerationRoot/CatwalkTile2x1(Clone)/CatwalkStairs.002/StairCollider (2)"
[09:26:01.6051290] [Warning: Unity Log] BoxCollider does not support negative scale or size.
The effective box size has been forced positive and is likely to give unexpected collision geometry.
If you absolutely need to use negative scaling you can use the convex MeshCollider. Scene hierarchy path "Systems/LevelGeneration/LevelGenerationRoot/CatwalkTile2x1(Clone)/CatwalkStairs.002/StairCollider (5)"
[09:26:01.6051290] [Warning: Unity Log] BoxCollider does not support negative scale or size.
The effective box size has been forced positive and is likely to give unexpected collision geometry.
If you absolutely need to use negative scaling you can use the convex MeshCollider. Scene hierarchy path "Systems/LevelGeneration/LevelGenerationRoot/CatwalkTile2x1(Clone)/CatwalkStairs.002/StairCollider (8)"
[09:26:01.6242576] [Warning: Unity Log] BoxCollider does not support negative scale or size.
The effective box size has been forced positive and is likely to give unexpected collision geometry.
If you absolutely need to use negative scaling you can use the convex MeshCollider. Scene hierarchy path "Systems/LevelGeneration/LevelGenerationRoot/CentreRoomTile(Clone)/Pipes/Pipe6 (1)/Cube (35)"
[09:26:01.6242576] [Warning: Unity Log] BoxCollider does not support negative scale or size.
The effective box size has been forced positive and is likely to give unexpected collision geometry.
If you absolutely need to use negative scaling you can use the convex MeshCollider. Scene hierarchy path "Systems/LevelGeneration/LevelGenerationRoot/CentreRoomTile(Clone)/Pipes/Pipe7 (1)/Cube (38)"
[09:26:01.6242576] [Warning: Unity Log] BoxCollider does not support negative scale or size.
The effective box size has been forced positive and is likely to give unexpected collision geometry.
If you absolutely need to use negative scaling you can use the convex MeshCollider. Scene hierarchy path "Systems/LevelGeneration/LevelGenerationRoot/CentreRoomTile(Clone)/Pipes/Pipe2 (1)/Cube (26)"
[09:26:01.6242576] [Warning: Unity Log] BoxCollider does not support negative scale or size.
The effective box size has been forced positive and is likely to give unexpected collision geometry.
If you absolutely need to use negative scaling you can use the convex MeshCollider. Scene hierarchy path "Systems/LevelGeneration/LevelGenerationRoot/CentreRoomTile(Clone)/Pipes/Pipe6 (1)/Cube (34)"
[09:26:01.6242576] [Warning: Unity Log] BoxCollider does not support negative scale or size.
The effective box size has been forced positive and is likely to give unexpected collision geometry.
If you absolutely need to use negative scaling you can use the convex MeshCollider. Scene hierarchy path "Systems/LevelGeneration/LevelGenerationRoot/CentreRoomTile(Clone)/Pipes/Pipe7 (1)/Cube (39)"
[09:26:01.6242576] [Warning: Unity Log] BoxCollider does not support negative scale or size.
The effective box size has been forced positive and is likely to give unexpected collision geometry.
If you absolutely need to use negative scaling you can use the convex MeshCollider. Scene hierarchy path "Systems/LevelGeneration/LevelGenerationRoot/CentreRoomTile(Clone)/Pipes/Pipe2 (1)/Cube (28)"
[09:26:01.6242576] [Warning: Unity Log] BoxCollider does not support negative scale or size.
The effective box size has been forced positive and is likely to give unexpected collision geometry.
If you absolutely need to use negative scaling you can use the convex MeshCollider. Scene hierarchy path "Systems/LevelGeneration/LevelGenerationRoot/CentreRoomTile(Clone)/Pipes/Pipe2 (1)/Cube (27)"
[09:26:01.6242576] [Warning: Unity Log] BoxCollider does not support negative scale or size.
The effective box size has been forced positive and is likely to give unexpected collision geometry.
If you absolutely need to use negative scaling you can use the convex MeshCollider. Scene hierarchy path "Systems/LevelGeneration/LevelGenerationRoot/CentreRoomTile(Clone)/Pipes/Pipe7 (1)/Cube (37)"
[09:26:01.6242576] [Warning: Unity Log] BoxCollider does not support negative scale or size.
The effective box size has been forced positive and is likely to give unexpected collision geometry.
If you absolutely need to use negative scaling you can use the convex MeshCollider. Scene hierarchy path "Systems/LevelGeneration/LevelGenerationRoot/CentreRoomTile(Clone)/Pipes/Pipe2 (1)/Cube (30)"
[09:26:01.6242576] [Warning: Unity Log] BoxCollider does not support negative scale or size.
The effective box size has been forced positive and is likely to give unexpected collision geometry.
If you absolutely need to use negative scaling you can use the convex MeshCollider. Scene hierarchy path "Systems/LevelGeneration/LevelGenerationRoot/CentreRoomTile(Clone)/Pipes/Pipe6 (1)/Cube (36)"
[09:26:01.7041306] [Warning: Unity Log] BoxCollider does not support negative scale or size.
The effective box size has been forced positive and is likely to give unexpected collision geometry.
If you absolutely need to use negative scaling you can use the convex MeshCollider. Scene hierarchy path "Systems/LevelGeneration/LevelGenerationRoot/TallServerRoomTile(Clone)/Pipes/Pipe7 (1)/Cube (37)"
[09:26:01.7041306] [Warning: Unity Log] BoxCollider does not support negative scale or size.
The effective box size has been forced positive and is likely to give unexpected collision geometry.
If you absolutely need to use negative scaling you can use the convex MeshCollider. Scene hierarchy path "Systems/LevelGeneration/LevelGenerationRoot/TallServerRoomTile(Clone)/Pipes/Pipe6 (1)/Cube (34)"
[09:26:01.7041306] [Warning: Unity Log] BoxCollider does not support negative scale or size.
The effective box size has been forced positive and is likely to give unexpected collision geometry.
If you absolutely need to use negative scaling you can use the convex MeshCollider. Scene hierarchy path "Systems/LevelGeneration/LevelGenerationRoot/TallServerRoomTile(Clone)/Pipes/Pipe6 (1)/Cube (36)"
[09:26:01.7041306] [Warning: Unity Log] BoxCollider does not support negative scale or size.
The effective box size has been forced positive and is likely to give unexpected collision geometry.
If you absolutely need to use negative scaling you can use the convex MeshCollider. Scene hierarchy path "Systems/LevelGeneration/LevelGenerationRoot/TallServerRoomTile(Clone)/Pipes/Pipe7 (1)/Cube (39)"
[09:26:01.7041306] [Warning: Unity Log] BoxCollider does not support negative scale or size.
The effective box size has been forced positive and is likely to give unexpected collision geometry.
If you absolutely need to use negative scaling you can use the convex MeshCollider. Scene hierarchy path "Systems/LevelGeneration/LevelGenerationRoot/TallServerRoomTile(Clone)/Pipes/Pipe6 (1)/Cube (35)"
[09:26:01.7041306] [Warning: Unity Log] BoxCollider does not support negative scale or size.
The effective box size has been forced positive and is likely to give unexpected collision geometry.
If you absolutely need to use negative scaling you can use the convex MeshCollider. Scene hierarchy path "Systems/LevelGeneration/LevelGenerationRoot/TallServerRoomTile(Clone)/Pipes/Pipe7 (1)/Cube (38)"
[09:26:01.7512584] [Warning: Unity Log] BoxCollider does not support negative scale or size.
The effective box size has been forced positive and is likely to give unexpected collision geometry.
If you absolutely need to use negative scaling you can use the convex MeshCollider. Scene hierarchy path "Systems/LevelGeneration/LevelGenerationRoot/HallwayCorner(Clone)/Pipes/SWCorner/Pipe7/Collider (7)"
[09:26:01.7512584] [Warning: Unity Log] BoxCollider does not support negative scale or size.
The effective box size has been forced positive and is likely to give unexpected collision geometry.
If you absolutely need to use negative scaling you can use the convex MeshCollider. Scene hierarchy path "Systems/LevelGeneration/LevelGenerationRoot/HallwayCorner(Clone)/Pipes/NWCorner/Pipe1 (1)/Collider (2)"
[09:26:01.7512584] [Warning: Unity Log] BoxCollider does not support negative scale or size.
The effective box size has been forced positive and is likely to give unexpected collision geometry.
If you absolutely need to use negative scaling you can use the convex MeshCollider. Scene hierarchy path "Systems/LevelGeneration/LevelGenerationRoot/HallwayCorner(Clone)/Pipes/SWCorner/Pipe7/Collider (9)"
[09:26:01.7512584] [Warning: Unity Log] BoxCollider does not support negative scale or size.
The effective box size has been forced positive and is likely to give unexpected collision geometry.
If you absolutely need to use negative scaling you can use the convex MeshCollider. Scene hierarchy path "Systems/LevelGeneration/LevelGenerationRoot/HallwayCorner(Clone)/Pipes/NWCorner/Pipe1 (1)/Collider (3)"
[09:26:01.7512584] [Warning: Unity Log] BoxCollider does not support negative scale or size.
The effective box size has been forced positive and is likely to give unexpected collision geometry.
If you absolutely need to use negative scaling you can use the convex MeshCollider. Scene hierarchy path "Systems/LevelGeneration/LevelGenerationRoot/HallwayCorner(Clone)/Pipes/SWCorner/Pipe6/Collider (4)"
[09:26:01.7512584] [Warning: Unity Log] BoxCollider does not support negative scale or size.
The effective box size has been forced positive and is likely to give unexpected collision geometry.
If you absolutely need to use negative scaling you can use the convex MeshCollider. Scene hierarchy path "Systems/LevelGeneration/LevelGenerationRoot/HallwayCorner(Clone)/Pipes/SWCorner/Pipe6/Collider (6)"
[09:26:01.7512584] [Warning: Unity Log] BoxCollider does not support negative scale or size.
The effective box size has been forced positive and is likely to give unexpected collision geometry.
If you absolutely need to use negative scaling you can use the convex MeshCollider. Scene hierarchy path "Systems/LevelGeneration/LevelGenerationRoot/HallwayCorner(Clone)/Pipes/NWCorner/Pipe1 (1)/Collider (1)"
[09:26:01.7512584] [Warning: Unity Log] BoxCollider does not support negative scale or size.
The effective box size has been forced positive and is likely to give unexpected collision geometry.
If you absolutely need to use negative scaling you can use the convex MeshCollider. Scene hierarchy path "Systems/LevelGeneration/LevelGenerationRoot/HallwayCorner(Clone)/Pipes/NWCorner/Pipe1 (1)/Collider"
[09:26:01.7512584] [Warning: Unity Log] BoxCollider does not support negative scale or size.
The effective box size has been forced positive and is likely to give unexpected collision geometry.
If you absolutely need to use negative scaling you can use the convex MeshCollider. Scene hierarchy path "Systems/LevelGeneration/LevelGenerationRoot/HallwayCorner(Clone)/Pipes/SWCorner/Pipe7/Collider (8)"
[09:26:01.7512584] [Warning: Unity Log] BoxCollider does not support negative scale or size.
The effective box size has been forced positive and is likely to give unexpected collision geometry.
If you absolutely need to use negative scaling you can use the convex MeshCollider. Scene hierarchy path "Systems/LevelGeneration/LevelGenerationRoot/HallwayCorner(Clone)/Pipes/SWCorner/Pipe6/Collider (5)"
[09:26:01.7542576] [Debug  :ReXuvination] Optimised Collider layers in KillLocalPlayer for Object: KillTrigger (1) (UnityEngine.GameObject)
[09:26:01.7552573] [Debug  :ReXuvination] Optimised Collider layers in InteractTrigger for Object: KillTrigger (1) (UnityEngine.GameObject)
[09:26:01.7627842] [Debug  :ReXuvination] Optimised Collider layers in KillLocalPlayer for Object: KillTrigger (UnityEngine.GameObject)
[09:26:01.7637839] [Debug  :ReXuvination] Optimised Collider layers in InteractTrigger for Object: KillTrigger (UnityEngine.GameObject)
[09:26:01.7694441] [Warning: Unity Log] BoxCollider does not support negative scale or size.
The effective box size has been forced positive and is likely to give unexpected collision geometry.
If you absolutely need to use negative scaling you can use the convex MeshCollider. Scene hierarchy path "Systems/LevelGeneration/LevelGenerationRoot/CatwalkTile2x1(Clone)/CatwalkStairs.002/StairCollider (3)"
[09:26:01.7694441] [Warning: Unity Log] BoxCollider does not support negative scale or size.
The effective box size has been forced positive and is likely to give unexpected collision geometry.
If you absolutely need to use negative scaling you can use the convex MeshCollider. Scene hierarchy path "Systems/LevelGeneration/LevelGenerationRoot/CatwalkTile2x1(Clone)/CatwalkStairs.002/StairCollider"
[09:26:01.7694441] [Warning: Unity Log] BoxCollider does not support negative scale or size.
The effective box size has been forced positive and is likely to give unexpected collision geometry.
If you absolutely need to use negative scaling you can use the convex MeshCollider. Scene hierarchy path "Systems/LevelGeneration/LevelGenerationRoot/CatwalkTile2x1(Clone)/CatwalkStairs.002/StairCollider (6)"
[09:26:01.7694441] [Warning: Unity Log] BoxCollider does not support negative scale or size.
The effective box size has been forced positive and is likely to give unexpected collision geometry.
If you absolutely need to use negative scaling you can use the convex MeshCollider. Scene hierarchy path "Systems/LevelGeneration/LevelGenerationRoot/CatwalkTile2x1(Clone)/CatwalkStairs.002/StairCollider (7)"
[09:26:01.7694441] [Warning: Unity Log] BoxCollider does not support negative scale or size.
The effective box size has been forced positive and is likely to give unexpected collision geometry.
If you absolutely need to use negative scaling you can use the convex MeshCollider. Scene hierarchy path "Systems/LevelGeneration/LevelGenerationRoot/CatwalkTile2x1(Clone)/CatwalkStairs.002/StairCollider (10)"
[09:26:01.7694441] [Warning: Unity Log] BoxCollider does not support negative scale or size.
The effective box size has been forced positive and is likely to give unexpected collision geometry.
If you absolutely need to use negative scaling you can use the convex MeshCollider. Scene hierarchy path "Systems/LevelGeneration/LevelGenerationRoot/CatwalkTile2x1(Clone)/CatwalkStairs.002/StairCollider (4)"
[09:26:01.7694441] [Warning: Unity Log] BoxCollider does not support negative scale or size.
The effective box size has been forced positive and is likely to give unexpected collision geometry.
If you absolutely need to use negative scaling you can use the convex MeshCollider. Scene hierarchy path "Systems/LevelGeneration/LevelGenerationRoot/CatwalkTile2x1(Clone)/CatwalkStairs.002/StairCollider (9)"
[09:26:01.7694441] [Warning: Unity Log] BoxCollider does not support negative scale or size.
The effective box size has been forced positive and is likely to give unexpected collision geometry.
If you absolutely need to use negative scaling you can use the convex MeshCollider. Scene hierarchy path "Systems/LevelGeneration/LevelGenerationRoot/CatwalkTile2x1(Clone)/CatwalkStairs.002/StairCollider (1)"
[09:26:01.7694441] [Warning: Unity Log] BoxCollider does not support negative scale or size.
The effective box size has been forced positive and is likely to give unexpected collision geometry.
If you absolutely need to use negative scaling you can use the convex MeshCollider. Scene hierarchy path "Systems/LevelGeneration/LevelGenerationRoot/CatwalkTile2x1(Clone)/CatwalkStairs.002/StairCollider (2)"
[09:26:01.7694441] [Warning: Unity Log] BoxCollider does not support negative scale or size.
The effective box size has been forced positive and is likely to give unexpected collision geometry.
If you absolutely need to use negative scaling you can use the convex MeshCollider. Scene hierarchy path "Systems/LevelGeneration/LevelGenerationRoot/CatwalkTile2x1(Clone)/CatwalkStairs.002/StairCollider (5)"
[09:26:01.7694441] [Warning: Unity Log] BoxCollider does not support negative scale or size.
The effective box size has been forced positive and is likely to give unexpected collision geometry.
If you absolutely need to use negative scaling you can use the convex MeshCollider. Scene hierarchy path "Systems/LevelGeneration/LevelGenerationRoot/CatwalkTile2x1(Clone)/CatwalkStairs.002/StairCollider (8)"
[09:26:01.7914836] [Warning: Unity Log] BoxCollider does not support negative scale or size.
The effective box size has been forced positive and is likely to give unexpected collision geometry.
If you absolutely need to use negative scaling you can use the convex MeshCollider. Scene hierarchy path "Systems/LevelGeneration/LevelGenerationRoot/TallServerRoomTile(Clone)/Pipes/Pipe7 (1)/Cube (37)"
[09:26:01.7914836] [Warning: Unity Log] BoxCollider does not support negative scale or size.
The effective box size has been forced positive and is likely to give unexpected collision geometry.
If you absolutely need to use negative scaling you can use the convex MeshCollider. Scene hierarchy path "Systems/LevelGeneration/LevelGenerationRoot/TallServerRoomTile(Clone)/Pipes/Pipe6 (1)/Cube (34)"
[09:26:01.7914836] [Warning: Unity Log] BoxCollider does not support negative scale or size.
The effective box size has been forced positive and is likely to give unexpected collision geometry.
If you absolutely need to use negative scaling you can use the convex MeshCollider. Scene hierarchy path "Systems/LevelGeneration/LevelGenerationRoot/TallServerRoomTile(Clone)/Pipes/Pipe6 (1)/Cube (36)"
[09:26:01.7914836] [Warning: Unity Log] BoxCollider does not support negative scale or size.
The effective box size has been forced positive and is likely to give unexpected collision geometry.
If you absolutely need to use negative scaling you can use the convex MeshCollider. Scene hierarchy path "Systems/LevelGeneration/LevelGenerationRoot/TallServerRoomTile(Clone)/Pipes/Pipe7 (1)/Cube (39)"
[09:26:01.7914836] [Warning: Unity Log] BoxCollider does not support negative scale or size.
The effective box size has been forced positive and is likely to give unexpected collision geometry.
If you absolutely need to use negative scaling you can use the convex MeshCollider. Scene hierarchy path "Systems/LevelGeneration/LevelGenerationRoot/TallServerRoomTile(Clone)/Pipes/Pipe6 (1)/Cube (35)"
[09:26:01.7914836] [Warning: Unity Log] BoxCollider does not support negative scale or size.
The effective box size has been forced positive and is likely to give unexpected collision geometry.
If you absolutely need to use negative scaling you can use the convex MeshCollider. Scene hierarchy path "Systems/LevelGeneration/LevelGenerationRoot/TallServerRoomTile(Clone)/Pipes/Pipe7 (1)/Cube (38)"
[09:26:01.8260318] [Warning: Unity Log] BoxCollider does not support negative scale or size.
The effective box size has been forced positive and is likely to give unexpected collision geometry.
If you absolutely need to use negative scaling you can use the convex MeshCollider. Scene hierarchy path "Systems/LevelGeneration/LevelGenerationRoot/TallServerRoomTile(Clone)/Pipes/Pipe7 (1)/Cube (37)"
[09:26:01.8260318] [Warning: Unity Log] BoxCollider does not support negative scale or size.
The effective box size has been forced positive and is likely to give unexpected collision geometry.
If you absolutely need to use negative scaling you can use the convex MeshCollider. Scene hierarchy path "Systems/LevelGeneration/LevelGenerationRoot/TallServerRoomTile(Clone)/Pipes/Pipe6 (1)/Cube (34)"
[09:26:01.8260318] [Warning: Unity Log] BoxCollider does not support negative scale or size.
The effective box size has been forced positive and is likely to give unexpected collision geometry.
If you absolutely need to use negative scaling you can use the convex MeshCollider. Scene hierarchy path "Systems/LevelGeneration/LevelGenerationRoot/TallServerRoomTile(Clone)/Pipes/Pipe6 (1)/Cube (36)"
[09:26:01.8260318] [Warning: Unity Log] BoxCollider does not support negative scale or size.
The effective box size has been forced positive and is likely to give unexpected collision geometry.
If you absolutely need to use negative scaling you can use the convex MeshCollider. Scene hierarchy path "Systems/LevelGeneration/LevelGenerationRoot/TallServerRoomTile(Clone)/Pipes/Pipe7 (1)/Cube (39)"
[09:26:01.8260318] [Warning: Unity Log] BoxCollider does not support negative scale or size.
The effective box size has been forced positive and is likely to give unexpected collision geometry.
If you absolutely need to use negative scaling you can use the convex MeshCollider. Scene hierarchy path "Systems/LevelGeneration/LevelGenerationRoot/TallServerRoomTile(Clone)/Pipes/Pipe6 (1)/Cube (35)"
[09:26:01.8260318] [Warning: Unity Log] BoxCollider does not support negative scale or size.
The effective box size has been forced positive and is likely to give unexpected collision geometry.
If you absolutely need to use negative scaling you can use the convex MeshCollider. Scene hierarchy path "Systems/LevelGeneration/LevelGenerationRoot/TallServerRoomTile(Clone)/Pipes/Pipe7 (1)/Cube (38)"
[09:26:01.8450628] [Warning: Unity Log] BoxCollider does not support negative scale or size.
The effective box size has been forced positive and is likely to give unexpected collision geometry.
If you absolutely need to use negative scaling you can use the convex MeshCollider. Scene hierarchy path "Systems/LevelGeneration/LevelGenerationRoot/AssemblyTile(Clone)/Cube.003 (14)"
[09:26:01.8450628] [Warning: Unity Log] BoxCollider does not support negative scale or size.
The effective box size has been forced positive and is likely to give unexpected collision geometry.
If you absolutely need to use negative scaling you can use the convex MeshCollider. Scene hierarchy path "Systems/LevelGeneration/LevelGenerationRoot/AssemblyTile(Clone)/Cube.003 (12)"
[09:26:01.8450628] [Warning: Unity Log] BoxCollider does not support negative scale or size.
The effective box size has been forced positive and is likely to give unexpected collision geometry.
If you absolutely need to use negative scaling you can use the convex MeshCollider. Scene hierarchy path "Systems/LevelGeneration/LevelGenerationRoot/AssemblyTile(Clone)/Cube.003 (13)"
[09:26:01.8450628] [Warning: Unity Log] BoxCollider does not support negative scale or size.
The effective box size has been forced positive and is likely to give unexpected collision geometry.
If you absolutely need to use negative scaling you can use the convex MeshCollider. Scene hierarchy path "Systems/LevelGeneration/LevelGenerationRoot/AssemblyTile(Clone)/Cube.003 (11)"
[09:26:01.8450628] [Warning: Unity Log] BoxCollider does not support negative scale or size.
The effective box size has been forced positive and is likely to give unexpected collision geometry.
If you absolutely need to use negative scaling you can use the convex MeshCollider. Scene hierarchy path "Systems/LevelGeneration/LevelGenerationRoot/AssemblyTile(Clone)/Cube.003 (10)"
[09:26:01.8450628] [Warning: Unity Log] BoxCollider does not support negative scale or size.
The effective box size has been forced positive and is likely to give unexpected collision geometry.
If you absolutely need to use negative scaling you can use the convex MeshCollider. Scene hierarchy path "Systems/LevelGeneration/LevelGenerationRoot/AssemblyTile(Clone)/Cube.003 (15)"
[09:26:01.8851353] [Warning: Unity Log] BoxCollider does not support negative scale or size.
The effective box size has been forced positive and is likely to give unexpected collision geometry.
If you absolutely need to use negative scaling you can use the convex MeshCollider. Scene hierarchy path "Systems/LevelGeneration/LevelGenerationRoot/TallServerRoomTile(Clone)/Pipes/Pipe7 (1)/Cube (37)"
[09:26:01.8851353] [Warning: Unity Log] BoxCollider does not support negative scale or size.
The effective box size has been forced positive and is likely to give unexpected collision geometry.
If you absolutely need to use negative scaling you can use the convex MeshCollider. Scene hierarchy path "Systems/LevelGeneration/LevelGenerationRoot/TallServerRoomTile(Clone)/Pipes/Pipe6 (1)/Cube (34)"
[09:26:01.8851353] [Warning: Unity Log] BoxCollider does not support negative scale or size.
The effective box size has been forced positive and is likely to give unexpected collision geometry.
If you absolutely need to use negative scaling you can use the convex MeshCollider. Scene hierarchy path "Systems/LevelGeneration/LevelGenerationRoot/TallServerRoomTile(Clone)/Pipes/Pipe6 (1)/Cube (36)"
[09:26:01.8851353] [Warning: Unity Log] BoxCollider does not support negative scale or size.
The effective box size has been forced positive and is likely to give unexpected collision geometry.
If you absolutely need to use negative scaling you can use the convex MeshCollider. Scene hierarchy path "Systems/LevelGeneration/LevelGenerationRoot/TallServerRoomTile(Clone)/Pipes/Pipe7 (1)/Cube (39)"
[09:26:01.8851353] [Warning: Unity Log] BoxCollider does not support negative scale or size.
The effective box size has been forced positive and is likely to give unexpected collision geometry.
If you absolutely need to use negative scaling you can use the convex MeshCollider. Scene hierarchy path "Systems/LevelGeneration/LevelGenerationRoot/TallServerRoomTile(Clone)/Pipes/Pipe6 (1)/Cube (35)"
[09:26:01.8851353] [Warning: Unity Log] BoxCollider does not support negative scale or size.
The effective box size has been forced positive and is likely to give unexpected collision geometry.
If you absolutely need to use negative scaling you can use the convex MeshCollider. Scene hierarchy path "Systems/LevelGeneration/LevelGenerationRoot/TallServerRoomTile(Clone)/Pipes/Pipe7 (1)/Cube (38)"
[09:26:01.9066733] [Warning: Unity Log] BoxCollider does not support negative scale or size.
The effective box size has been forced positive and is likely to give unexpected collision geometry.
If you absolutely need to use negative scaling you can use the convex MeshCollider. Scene hierarchy path "Systems/LevelGeneration/LevelGenerationRoot/TallServerRoomTile(Clone)/Pipes/Pipe7 (1)/Cube (37)"
[09:26:01.9076788] [Warning: Unity Log] BoxCollider does not support negative scale or size.
The effective box size has been forced positive and is likely to give unexpected collision geometry.
If you absolutely need to use negative scaling you can use the convex MeshCollider. Scene hierarchy path "Systems/LevelGeneration/LevelGenerationRoot/TallServerRoomTile(Clone)/Pipes/Pipe6 (1)/Cube (34)"
[09:26:01.9076788] [Warning: Unity Log] BoxCollider does not support negative scale or size.
The effective box size has been forced positive and is likely to give unexpected collision geometry.
If you absolutely need to use negative scaling you can use the convex MeshCollider. Scene hierarchy path "Systems/LevelGeneration/LevelGenerationRoot/TallServerRoomTile(Clone)/Pipes/Pipe6 (1)/Cube (36)"
[09:26:01.9076788] [Warning: Unity Log] BoxCollider does not support negative scale or size.
The effective box size has been forced positive and is likely to give unexpected collision geometry.
If you absolutely need to use negative scaling you can use the convex MeshCollider. Scene hierarchy path "Systems/LevelGeneration/LevelGenerationRoot/TallServerRoomTile(Clone)/Pipes/Pipe7 (1)/Cube (39)"
[09:26:01.9076788] [Warning: Unity Log] BoxCollider does not support negative scale or size.
The effective box size has been forced positive and is likely to give unexpected collision geometry.
If you absolutely need to use negative scaling you can use the convex MeshCollider. Scene hierarchy path "Systems/LevelGeneration/LevelGenerationRoot/TallServerRoomTile(Clone)/Pipes/Pipe6 (1)/Cube (35)"
[09:26:01.9076788] [Warning: Unity Log] BoxCollider does not support negative scale or size.
The effective box size has been forced positive and is likely to give unexpected collision geometry.
If you absolutely need to use negative scaling you can use the convex MeshCollider. Scene hierarchy path "Systems/LevelGeneration/LevelGenerationRoot/TallServerRoomTile(Clone)/Pipes/Pipe7 (1)/Cube (38)"
[09:26:01.9466598] [Debug  :ReXuvination] Optimised Collider layers in KillLocalPlayer for Object: KillTrigger (1) (UnityEngine.GameObject)
[09:26:01.9476647] [Debug  :ReXuvination] Optimised Collider layers in InteractTrigger for Object: KillTrigger (1) (UnityEngine.GameObject)
[09:26:01.9531741] [Warning: Unity Log] BoxCollider does not support negative scale or size.
The effective box size has been forced positive and is likely to give unexpected collision geometry.
If you absolutely need to use negative scaling you can use the convex MeshCollider. Scene hierarchy path "Systems/LevelGeneration/LevelGenerationRoot/GeneratorTile(Clone)/StairCollider (9)"
[09:26:01.9531741] [Warning: Unity Log] BoxCollider does not support negative scale or size.
The effective box size has been forced positive and is likely to give unexpected collision geometry.
If you absolutely need to use negative scaling you can use the convex MeshCollider. Scene hierarchy path "Systems/LevelGeneration/LevelGenerationRoot/GeneratorTile(Clone)/StairCollider"
[09:26:01.9531741] [Warning: Unity Log] BoxCollider does not support negative scale or size.
The effective box size has been forced positive and is likely to give unexpected collision geometry.
If you absolutely need to use negative scaling you can use the convex MeshCollider. Scene hierarchy path "Systems/LevelGeneration/LevelGenerationRoot/GeneratorTile(Clone)/StairCollider (6)"
[09:26:01.9531741] [Warning: Unity Log] BoxCollider does not support negative scale or size.
The effective box size has been forced positive and is likely to give unexpected collision geometry.
If you absolutely need to use negative scaling you can use the convex MeshCollider. Scene hierarchy path "Systems/LevelGeneration/LevelGenerationRoot/GeneratorTile(Clone)/StairCollider (1)"
[09:26:01.9531741] [Warning: Unity Log] BoxCollider does not support negative scale or size.
The effective box size has been forced positive and is likely to give unexpected collision geometry.
If you absolutely need to use negative scaling you can use the convex MeshCollider. Scene hierarchy path "Systems/LevelGeneration/LevelGenerationRoot/GeneratorTile(Clone)/StairCollider (4)"
[09:26:01.9531741] [Warning: Unity Log] BoxCollider does not support negative scale or size.
The effective box size has been forced positive and is likely to give unexpected collision geometry.
If you absolutely need to use negative scaling you can use the convex MeshCollider. Scene hierarchy path "Systems/LevelGeneration/LevelGenerationRoot/GeneratorTile(Clone)/StairCollider (7)"
[09:26:01.9531741] [Warning: Unity Log] BoxCollider does not support negative scale or size.
The effective box size has been forced positive and is likely to give unexpected collision geometry.
If you absolutely need to use negative scaling you can use the convex MeshCollider. Scene hierarchy path "Systems/LevelGeneration/LevelGenerationRoot/GeneratorTile(Clone)/StairCollider (5)"
[09:26:01.9531741] [Warning: Unity Log] BoxCollider does not support negative scale or size.
The effective box size has been forced positive and is likely to give unexpected collision geometry.
If you absolutely need to use negative scaling you can use the convex MeshCollider. Scene hierarchy path "Systems/LevelGeneration/LevelGenerationRoot/GeneratorTile(Clone)/StairCollider (8)"
[09:26:01.9531741] [Warning: Unity Log] BoxCollider does not support negative scale or size.
The effective box size has been forced positive and is likely to give unexpected collision geometry.
If you absolutely need to use negative scaling you can use the convex MeshCollider. Scene hierarchy path "Systems/LevelGeneration/LevelGenerationRoot/GeneratorTile(Clone)/StairCollider (10)"
[09:26:02.1377790] [Debug  :ReXuvination] Optimised Collider layers in KillLocalPlayer for Object: KillTrigger (1) (UnityEngine.GameObject)
[09:26:02.1377790] [Debug  :ReXuvination] Optimised Collider layers in InteractTrigger for Object: KillTrigger (1) (UnityEngine.GameObject)
[09:26:02.1442880] [Warning: Unity Log] BoxCollider does not support negative scale or size.
The effective box size has been forced positive and is likely to give unexpected collision geometry.
If you absolutely need to use negative scaling you can use the convex MeshCollider. Scene hierarchy path "Systems/LevelGeneration/LevelGenerationRoot/GeneratorTile(Clone)/StairCollider (9)"
[09:26:02.1442880] [Warning: Unity Log] BoxCollider does not support negative scale or size.
The effective box size has been forced positive and is likely to give unexpected collision geometry.
If you absolutely need to use negative scaling you can use the convex MeshCollider. Scene hierarchy path "Systems/LevelGeneration/LevelGenerationRoot/GeneratorTile(Clone)/StairCollider"
[09:26:02.1442880] [Warning: Unity Log] BoxCollider does not support negative scale or size.
The effective box size has been forced positive and is likely to give unexpected collision geometry.
If you absolutely need to use negative scaling you can use the convex MeshCollider. Scene hierarchy path "Systems/LevelGeneration/LevelGenerationRoot/GeneratorTile(Clone)/StairCollider (6)"
[09:26:02.1442880] [Warning: Unity Log] BoxCollider does not support negative scale or size.
The effective box size has been forced positive and is likely to give unexpected collision geometry.
If you absolutely need to use negative scaling you can use the convex MeshCollider. Scene hierarchy path "Systems/LevelGeneration/LevelGenerationRoot/GeneratorTile(Clone)/StairCollider (1)"
[09:26:02.1442880] [Warning: Unity Log] BoxCollider does not support negative scale or size.
The effective box size has been forced positive and is likely to give unexpected collision geometry.
If you absolutely need to use negative scaling you can use the convex MeshCollider. Scene hierarchy path "Systems/LevelGeneration/LevelGenerationRoot/GeneratorTile(Clone)/StairCollider (4)"
[09:26:02.1442880] [Warning: Unity Log] BoxCollider does not support negative scale or size.
The effective box size has been forced positive and is likely to give unexpected collision geometry.
If you absolutely need to use negative scaling you can use the convex MeshCollider. Scene hierarchy path "Systems/LevelGeneration/LevelGenerationRoot/GeneratorTile(Clone)/StairCollider (7)"
[09:26:02.1442880] [Warning: Unity Log] BoxCollider does not support negative scale or size.
The effective box size has been forced positive and is likely to give unexpected collision geometry.
If you absolutely need to use negative scaling you can use the convex MeshCollider. Scene hierarchy path "Systems/LevelGeneration/LevelGenerationRoot/GeneratorTile(Clone)/StairCollider (5)"
[09:26:02.1442880] [Warning: Unity Log] BoxCollider does not support negative scale or size.
The effective box size has been forced positive and is likely to give unexpected collision geometry.
If you absolutely need to use negative scaling you can use the convex MeshCollider. Scene hierarchy path "Systems/LevelGeneration/LevelGenerationRoot/GeneratorTile(Clone)/StairCollider (8)"
[09:26:02.1442880] [Warning: Unity Log] BoxCollider does not support negative scale or size.
The effective box size has been forced positive and is likely to give unexpected collision geometry.
If you absolutely need to use negative scaling you can use the convex MeshCollider. Scene hierarchy path "Systems/LevelGeneration/LevelGenerationRoot/GeneratorTile(Clone)/StairCollider (10)"
[09:26:02.1683380] [Debug  :ReXuvination] Optimised Collider layers in KillLocalPlayer for Object: KillTrigger (1) (UnityEngine.GameObject)
[09:26:02.1693379] [Debug  :ReXuvination] Optimised Collider layers in InteractTrigger for Object: KillTrigger (1) (UnityEngine.GameObject)
[09:26:02.1768439] [Warning: Unity Log] BoxCollider does not support negative scale or size.
The effective box size has been forced positive and is likely to give unexpected collision geometry.
If you absolutely need to use negative scaling you can use the convex MeshCollider. Scene hierarchy path "Systems/LevelGeneration/LevelGenerationRoot/GeneratorTile(Clone)/StairCollider (9)"
[09:26:02.1768439] [Warning: Unity Log] BoxCollider does not support negative scale or size.
The effective box size has been forced positive and is likely to give unexpected collision geometry.
If you absolutely need to use negative scaling you can use the convex MeshCollider. Scene hierarchy path "Systems/LevelGeneration/LevelGenerationRoot/GeneratorTile(Clone)/StairCollider"
[09:26:02.1768439] [Warning: Unity Log] BoxCollider does not support negative scale or size.
The effective box size has been forced positive and is likely to give unexpected collision geometry.
If you absolutely need to use negative scaling you can use the convex MeshCollider. Scene hierarchy path "Systems/LevelGeneration/LevelGenerationRoot/GeneratorTile(Clone)/StairCollider (6)"
[09:26:02.1768439] [Warning: Unity Log] BoxCollider does not support negative scale or size.
The effective box size has been forced positive and is likely to give unexpected collision geometry.
If you absolutely need to use negative scaling you can use the convex MeshCollider. Scene hierarchy path "Systems/LevelGeneration/LevelGenerationRoot/GeneratorTile(Clone)/StairCollider (1)"
[09:26:02.1768439] [Warning: Unity Log] BoxCollider does not support negative scale or size.
The effective box size has been forced positive and is likely to give unexpected collision geometry.
If you absolutely need to use negative scaling you can use the convex MeshCollider. Scene hierarchy path "Systems/LevelGeneration/LevelGenerationRoot/GeneratorTile(Clone)/StairCollider (4)"
[09:26:02.1768439] [Warning: Unity Log] BoxCollider does not support negative scale or size.
The effective box size has been forced positive and is likely to give unexpected collision geometry.
If you absolutely need to use negative scaling you can use the convex MeshCollider. Scene hierarchy path "Systems/LevelGeneration/LevelGenerationRoot/GeneratorTile(Clone)/StairCollider (7)"
[09:26:02.1768439] [Warning: Unity Log] BoxCollider does not support negative scale or size.
The effective box size has been forced positive and is likely to give unexpected collision geometry.
If you absolutely need to use negative scaling you can use the convex MeshCollider. Scene hierarchy path "Systems/LevelGeneration/LevelGenerationRoot/GeneratorTile(Clone)/StairCollider (5)"
[09:26:02.1768439] [Warning: Unity Log] BoxCollider does not support negative scale or size.
The effective box size has been forced positive and is likely to give unexpected collision geometry.
If you absolutely need to use negative scaling you can use the convex MeshCollider. Scene hierarchy path "Systems/LevelGeneration/LevelGenerationRoot/GeneratorTile(Clone)/StairCollider (8)"
[09:26:02.1768439] [Warning: Unity Log] BoxCollider does not support negative scale or size.
The effective box size has been forced positive and is likely to give unexpected collision geometry.
If you absolutely need to use negative scaling you can use the convex MeshCollider. Scene hierarchy path "Systems/LevelGeneration/LevelGenerationRoot/GeneratorTile(Clone)/StairCollider (10)"
[09:26:02.1903779] [Debug  :ReXuvination] Optimised Collider layers in KillLocalPlayer for Object: KillTrigger (2) (UnityEngine.GameObject)
[09:26:02.1913768] [Debug  :ReXuvination] Optimised Collider layers in InteractTrigger for Object: KillTrigger (2) (UnityEngine.GameObject)
[09:26:02.2023949] [Debug  :ReXuvination] Optimised Collider layers in KillLocalPlayer for Object: KillTrigger (1) (UnityEngine.GameObject)
[09:26:02.2033944] [Debug  :ReXuvination] Optimised Collider layers in InteractTrigger for Object: KillTrigger (1) (UnityEngine.GameObject)
[09:26:02.2079058] [Warning: Unity Log] BoxCollider does not support negative scale or size.
The effective box size has been forced positive and is likely to give unexpected collision geometry.
If you absolutely need to use negative scaling you can use the convex MeshCollider. Scene hierarchy path "Systems/LevelGeneration/LevelGenerationRoot/CatwalkTile2x1Split(Clone)/Colliders/StairCollider (14)"
[09:26:02.2079058] [Warning: Unity Log] BoxCollider does not support negative scale or size.
The effective box size has been forced positive and is likely to give unexpected collision geometry.
If you absolutely need to use negative scaling you can use the convex MeshCollider. Scene hierarchy path "Systems/LevelGeneration/LevelGenerationRoot/CatwalkTile2x1Split(Clone)/Colliders/StairCollider (18)"
[09:26:02.2079058] [Warning: Unity Log] BoxCollider does not support negative scale or size.
The effective box size has been forced positive and is likely to give unexpected collision geometry.
If you absolutely need to use negative scaling you can use the convex MeshCollider. Scene hierarchy path "Systems/LevelGeneration/LevelGenerationRoot/CatwalkTile2x1Split(Clone)/Colliders/StairCollider (12)"
[09:26:02.2079058] [Warning: Unity Log] BoxCollider does not support negative scale or size.
The effective box size has been forced positive and is likely to give unexpected collision geometry.
If you absolutely need to use negative scaling you can use the convex MeshCollider. Scene hierarchy path "Systems/LevelGeneration/LevelGenerationRoot/CatwalkTile2x1Split(Clone)/Colliders/StairCollider (20)"
[09:26:02.2079058] [Warning: Unity Log] BoxCollider does not support negative scale or size.
The effective box size has been forced positive and is likely to give unexpected collision geometry.
If you absolutely need to use negative scaling you can use the convex MeshCollider. Scene hierarchy path "Systems/LevelGeneration/LevelGenerationRoot/CatwalkTile2x1Split(Clone)/Colliders/StairCollider (15)"
[09:26:02.2079058] [Warning: Unity Log] BoxCollider does not support negative scale or size.
The effective box size has been forced positive and is likely to give unexpected collision geometry.
If you absolutely need to use negative scaling you can use the convex MeshCollider. Scene hierarchy path "Systems/LevelGeneration/LevelGenerationRoot/CatwalkTile2x1Split(Clone)/Colliders/StairCollider (23)"
[09:26:02.2079058] [Warning: Unity Log] BoxCollider does not support negative scale or size.
The effective box size has been forced positive and is likely to give unexpected collision geometry.
If you absolutely need to use negative scaling you can use the convex MeshCollider. Scene hierarchy path "Systems/LevelGeneration/LevelGenerationRoot/CatwalkTile2x1Split(Clone)/Colliders/StairCollider (16)"
[09:26:02.2079058] [Warning: Unity Log] BoxCollider does not support negative scale or size.
The effective box size has been forced positive and is likely to give unexpected collision geometry.
If you absolutely need to use negative scaling you can use the convex MeshCollider. Scene hierarchy path "Systems/LevelGeneration/LevelGenerationRoot/CatwalkTile2x1Split(Clone)/Colliders/StairCollider (22)"
[09:26:02.2079058] [Warning: Unity Log] BoxCollider does not support negative scale or size.
The effective box size has been forced positive and is likely to give unexpected collision geometry.
If you absolutely need to use negative scaling you can use the convex MeshCollider. Scene hierarchy path "Systems/LevelGeneration/LevelGenerationRoot/CatwalkTile2x1Split(Clone)/Colliders/StairCollider (26)"
[09:26:02.2079058] [Warning: Unity Log] BoxCollider does not support negative scale or size.
The effective box size has been forced positive and is likely to give unexpected collision geometry.
If you absolutely need to use negative scaling you can use the convex MeshCollider. Scene hierarchy path "Systems/LevelGeneration/LevelGenerationRoot/CatwalkTile2x1Split(Clone)/Colliders/StairCollider (25)"
[09:26:02.2079058] [Warning: Unity Log] BoxCollider does not support negative scale or size.
The effective box size has been forced positive and is likely to give unexpected collision geometry.
If you absolutely need to use negative scaling you can use the convex MeshCollider. Scene hierarchy path "Systems/LevelGeneration/LevelGenerationRoot/CatwalkTile2x1Split(Clone)/Colliders/StairCollider (17)"
[09:26:02.2079058] [Warning: Unity Log] BoxCollider does not support negative scale or size.
The effective box size has been forced positive and is likely to give unexpected collision geometry.
If you absolutely need to use negative scaling you can use the convex MeshCollider. Scene hierarchy path "Systems/LevelGeneration/LevelGenerationRoot/CatwalkTile2x1Split(Clone)/Colliders/StairCollider (21)"
[09:26:02.2079058] [Warning: Unity Log] BoxCollider does not support negative scale or size.
The effective box size has been forced positive and is likely to give unexpected collision geometry.
