[11:44:17.9048925] [Debug  :   Coroner] Handling Out of Bounds death...
[11:44:17.9048925] [Warning:   Coroner] Could not access dying player: Collider was not a player!
[11:44:17.9048925] [Warning:   Coroner] Could not access dying player: Index not assigned!
[11:44:17.9048925] [Debug  :   Coroner] Handling Out of Bounds death...
[11:44:17.9048925] [Warning:   Coroner] Could not access dying player: Collider was not a player!
[11:44:17.9048925] [Warning:   Coroner] Could not access dying player: Index not assigned!
[11:44:17.9048925] [Debug  :   Coroner] Handling Out of Bounds death...
[11:44:17.9048925] [Warning:   Coroner] Could not access dying player: Collider was not a player!
[11:44:17.9048925] [Warning:   Coroner] Could not access dying player: Index not assigned!
[11:44:17.9048925] [Debug  :   Coroner] Handling Out of Bounds death...
[11:44:17.9048925] [Warning:   Coroner] Could not access dying player: Collider was not a player!
[11:44:17.9048925] [Warning:   Coroner] Could not access dying player: Index not assigned!
[11:44:17.9048925] [Debug  :   Coroner] Handling Out of Bounds death...
[11:44:17.9048925] [Warning:   Coroner] Could not access dying player: Collider was not a player!
[11:44:17.9048925] [Warning:   Coroner] Could not access dying player: Index not assigned!
[11:44:17.9048925] [Debug  :   Coroner] Handling Out of Bounds death...
[11:44:17.9214245] [Warning:   Coroner] Could not access dying player: Collider was not a player!
[11:44:17.9214245] [Warning:   Coroner] Could not access dying player: Index not assigned!
[11:44:17.9214245] [Debug  :   Coroner] Handling Out of Bounds death...
[11:44:17.9214245] [Warning:   Coroner] Could not access dying player: Collider was not a player!
[11:44:17.9214245] [Warning:   Coroner] Could not access dying player: Index not assigned!
[11:44:17.9214245] [Debug  :   Coroner] Handling Out of Bounds death...
[11:44:17.9214245] [Warning:   Coroner] Could not access dying player: Collider was not a player!
[11:44:17.9214245] [Warning:   Coroner] Could not access dying player: Index not assigned!
[11:44:17.9214245] [Debug  :   Coroner] Handling Out of Bounds death...
[11:44:17.9214245] [Warning:   Coroner] Could not access dying player: Collider was not a player!
[11:44:17.9214245] [Warning:   Coroner] Could not access dying player: Index not assigned!
[11:44:17.9214245] [Debug  :   Coroner] Handling Out of Bounds death...
[11:44:17.9214245] [Warning:   Coroner] Could not access dying player: Collider was not a player!
[11:44:17.9214245] [Warning:   Coroner] Could not access dying player: Index not assigned!
[11:44:17.9214245] [Debug  :   Coroner] Handling Out of Bounds death...
[11:44:17.9214245] [Warning:   Coroner] Could not access dying player: Collider was not a player!
[11:44:17.9214245] [Warning:   Coroner] Could not access dying player: Index not assigned!
[11:44:17.9214245] [Debug  :   Coroner] Handling Out of Bounds death...
[11:44:17.9214245] [Warning:   Coroner] Could not access dying player: Collider was not a player!
[11:44:17.9214245] [Warning:   Coroner] Could not access dying player: Index not assigned!
[11:44:17.9214245] [Debug  :   Coroner] Handling Out of Bounds death...
[11:44:17.9214245] [Warning:   Coroner] Could not access dying player: Collider was not a player!
[11:44:17.9214245] [Warning:   Coroner] Could not access dying player: Index not assigned!
[11:44:17.9214245] [Debug  :   Coroner] Handling Out of Bounds death...
[11:44:17.9214245] [Warning:   Coroner] Could not access dying player: Collider was not a player!
[11:44:17.9214245] [Warning:   Coroner] Could not access dying player: Index not assigned!
[11:44:17.9214245] [Debug  :   Coroner] Handling Out of Bounds death...
[11:44:17.9214245] [Warning:   Coroner] Could not access dying player: Collider was not a player!
[11:44:17.9214245] [Warning:   Coroner] Could not access dying player: Index not assigned!
[11:44:17.9214245] [Debug  :   Coroner] Handling Out of Bounds death...
[11:44:17.9214245] [Warning:   Coroner] Could not access dying player: Collider was not a player!
[11:44:17.9214245] [Warning:   Coroner] Could not access dying player: Index not assigned!
[11:44:17.9214245] [Debug  :   Coroner] Handling Out of Bounds death...
[11:44:17.9214245] [Warning:   Coroner] Could not access dying player: Collider was not a player!
[11:44:17.9214245] [Warning:   Coroner] Could not access dying player: Index not assigned!
[11:44:17.9214245] [Debug  :   Coroner] Handling Out of Bounds death...
[11:44:17.9214245] [Warning:   Coroner] Could not access dying player: Collider was not a player!
[11:44:17.9214245] [Warning:   Coroner] Could not access dying player: Index not assigned!
[11:44:17.9214245] [Debug  :   Coroner] Handling Out of Bounds death...
[11:44:17.9214245] [Warning:   Coroner] Could not access dying player: Collider was not a player!
[11:44:17.9214245] [Warning:   Coroner] Could not access dying player: Index not assigned!
[11:44:17.9214245] [Debug  :   Coroner] Handling Out of Bounds death...
[11:44:17.9214245] [Warning:   Coroner] Could not access dying player: Collider was not a player!
[11:44:17.9214245] [Warning:   Coroner] Could not access dying player: Index not assigned!
[11:44:17.9214245] [Debug  :   Coroner] Handling Out of Bounds death...
[11:44:17.9214245] [Warning:   Coroner] Could not access dying player: Collider was not a player!
[11:44:17.9214245] [Warning:   Coroner] Could not access dying player: Index not assigned!
[11:44:17.9214245] [Debug  :   Coroner] Handling Out of Bounds death...
[11:44:17.9214245] [Warning:   Coroner] Could not access dying player: Collider was not a player!
[11:44:17.9214245] [Warning:   Coroner] Could not access dying player: Index not assigned!
[11:44:17.9214245] [Debug  :   Coroner] Handling Out of Bounds death...
[11:44:17.9214245] [Warning:   Coroner] Could not access dying player: Collider was not a player!
[11:44:17.9214245] [Warning:   Coroner] Could not access dying player: Index not assigned!
[11:44:17.9214245] [Debug  :   Coroner] Handling Out of Bounds death...
[11:44:17.9214245] [Warning:   Coroner] Could not access dying player: Collider was not a player!
[11:44:17.9214245] [Warning:   Coroner] Could not access dying player: Index not assigned!
[11:44:17.9214245] [Debug  :   Coroner] Handling Out of Bounds death...
[11:44:17.9214245] [Warning:   Coroner] Could not access dying player: Collider was not a player!
[11:44:17.9214245] [Warning:   Coroner] Could not access dying player: Index not assigned!
[11:44:17.9214245] [Debug  :   Coroner] Handling Out of Bounds death...
[11:44:17.9214245] [Warning:   Coroner] Could not access dying player: Collider was not a player!
[11:44:17.9214245] [Warning:   Coroner] Could not access dying player: Index not assigned!
[11:44:17.9214245] [Debug  :   Coroner] Handling Out of Bounds death...
[11:44:17.9214245] [Warning:   Coroner] Could not access dying player: Collider was not a player!
[11:44:17.9214245] [Warning:   Coroner] Could not access dying player: Index not assigned!
[11:44:17.9214245] [Debug  :   Coroner] Handling Out of Bounds death...
[11:44:18.0409079] [Debug  :GeneralImprovements] Updated time display.
[11:44:18.0479080] [Debug  :Spawn Cycle Fixes] First spawn cycle occurring - force timer for next spawn cycle
[11:44:18.0559327] [Debug  :Spawn Cycle Fixes] Early daytime spawn cycle (for bees/sapsucker)
[11:44:18.0559327] [Debug  :Spawn Cycle Fixes] Early outside spawn cycle (for eclipses)
[11:44:18.0559327] [Debug  :Spawn Cycle Fixes] Early outside spawn cycle (for weeds)
[11:44:18.0895380] [Info   : Unity Log] startofround: 8; 0
[11:44:18.6793854] [Debug  :Matty's Fixes] DawnLib/unknown_lib/Cat(356) is computing vertical offset
[11:44:18.6803896] [Debug  :Matty's Fixes] DawnLib/unknown_lib/Cat new offset is 0.001615912
[11:44:18.6803896] [Debug  :Matty's Fixes] DawnLib/unknown_lib/Cat(356) position updated [(29.97, -219.52, 66.33)] -> [(29.97, -219.52, 66.33)]
[11:44:18.9376730] [Warning:S1.39 Compatibility Fixes] [DoorAudit] Hangar state changed -> OPEN; doorPower=1.000; landed=False; leaving=False; living=1; livingInsideShip=1
[11:44:19.9279054] [Info   :ReservedItemSlotCore-2.0.41] Beginning grab on reserved item: Jetpack Previous item slot: 0
[11:44:19.9289033] [Debug  :Jetpack Fixes] Jetpack held by you, disable doppler effect
[11:44:20.0332836] [Debug  : LightsOut] GrabItem Jetpack
[11:44:20.0332836] [Debug  : LightsOut] JetpackItem is not a predefined type
[11:44:21.0473346] [Debug  :GeneralImprovements] Updated time display.
[11:44:21.4442424] [Debug  :PizzaTowerEscapeMusic GameEventListener] Player exited ship
[11:44:21.4524191] [Debug  :PizzaTowerEscapeMusic GameEventListener] Player entered ship
[11:44:21.4589273] [Debug  :PizzaTowerEscapeMusic GameEventListener] Player exited ship
[11:44:22.0286741] [Info   :ReservedItemSlotCore-2.0.41] Focusing reserved hotbar slots. NewIndex: 7 OldIndex: 0 ReservedStartIndex: 4
[11:44:22.5874549] [Info   : Unity Log] Is jetpack audio playing?: True
[11:44:22.8228203] [Info   : Unity Log] Turning lights on at start
[11:44:23.9944021] [Debug  :Jetpack Fixes] Player flew off of ship, change parent off the ship
[11:44:24.5689625] [Info   : Unity Log] Is jetpack audio playing?: True
[11:44:25.4143188] [Info   : Unity Log] Is jetpack audio playing?: True
[11:44:26.0118549] [Debug  :PizzaTowerEscapeMusic GameEventListener] Player took damage (Health: 89)
[11:44:26.5310412] [Debug  :PizzaTowerEscapeMusic GameEventListener] Player took damage (Health: 77)
[11:44:26.8289812] [Info   : LethalMin] Spawing Onion
[11:44:26.8319881] [Info   : LethalMin] Pos: (-4.05, -2.78, 2.75), Angle: 40, IDs: 0, 4, 8, 5, 1, 7
[11:44:26.8329874] [Info   : LethalMin] Waiting for 1 onions to load... Total: 0
[11:44:26.8329874] [Debug  :ReXuvination] Optimised Collider layers in InteractTrigger for Object: trigger (UnityEngine.GameObject)
[11:44:27.4918546] [Info   : Unity Log] clientRPC scrap values length: 14
[11:44:27.4928558] [Debug  :Buttery Fixes] Scrap tracker: Tracking "StopSign(Clone)" worth $43
[11:44:27.4928558] [Debug  :Buttery Fixes] Scrap tracker: Tracking "VentPrefab(Clone)" worth $14
[11:44:27.4928558] [Debug  :Buttery Fixes] Scrap tracker: Tracking "MetalSheet(Clone)" worth $20
[11:44:27.4928558] [Debug  :Buttery Fixes] Scrap tracker: Tracking "GameboyPrefab(Clone)" worth $24
[11:44:27.4928558] [Debug  :Buttery Fixes] Scrap tracker: Tracking "SinkPrefab(Clone)" worth $69
[11:44:27.4928558] [Debug  :Buttery Fixes] Scrap tracker: Tracking "ClockPrefab(Clone)" worth $28
[11:44:27.4928558] [Debug  :Buttery Fixes] Scrap tracker: Tracking "GremlinEnergy(Clone)" worth $87
[11:44:27.4928558] [Debug  :Buttery Fixes] Scrap tracker: Tracking "JerrycanPrefab(Clone)" worth $75
[11:44:27.4928558] [Debug  :Buttery Fixes] Scrap tracker: Tracking "AlcoholFlaskPrefab(Clone)" worth $34
[11:44:27.4928558] [Debug  :Buttery Fixes] Scrap tracker: Tracking "WrenchPrefab(Clone)" worth $42
[11:44:27.4928558] [Debug  :Buttery Fixes] Scrap tracker: Tracking "Cat(Clone)" worth $83
[11:44:27.4928558] [Debug  :Buttery Fixes] Scrap tracker: Tracking "CartridgeItem(Clone)" worth $31
[11:44:27.4928558] [Debug  :Buttery Fixes] Scrap tracker: Tracking "FirehydrantPrefab(Clone)" worth $94
[11:44:27.4928558] [Debug  :Buttery Fixes] Scrap tracker: Tracking "JerrycanPrefab(Clone)" worth $69
[11:44:27.9300685] [Info   : LethalMin] 1/1 onions loaded, loading data
[11:44:27.9320683] [Info   : LethalMin] Restored 59 pikmin to onion 2 in 2 batches
[11:44:27.9320683] [Info   : LethalMin] Restored 2 pikmin to onion -1 in 1 batches
[11:44:27.9320683] [Info   : LethalMin] Restored 1 pikmin to onion -1 in 1 batches
[11:44:27.9330691] [Info   : LethalMin] Restored 57 pikmin to onion -1 in 2 batches
[11:44:27.9330691] [Info   : LethalMin] Restored 5 pikmin to onion -1 in 1 batches
[11:44:27.9330691] [Info   : LethalMin] Restored 3 pikmin to onion -1 in 1 batches
[11:44:27.9516632] [Debug  :   Coroner] Querying target player parameters pre-death...
[11:44:27.9516632] [Debug  :   Coroner] Query successful!True
[11:44:31.8701238] [Info   : Unity Log] Is jetpack audio playing?: True
[11:44:32.3530460] [Info   : Unity Log] Is jetpack audio playing?: True
[11:44:34.4800161] [Debug  :   Coroner] Querying target player parameters pre-death...
[11:44:34.4800161] [Debug  :   Coroner] Query successful!True
[11:44:36.0601113] [Info   :ReservedItemSlotCore-2.0.41] Unfocusing reserved hotbar slots. NewIndex: 0 OldIndex: 7 ReservedStartIndex: 4
[11:44:37.9091156] [Info   :GeneralImprovements] Enabling ship scan node again and parenting it to the terminal.
[11:44:37.9146294] [Info   :LethalPerformance] Saved 1 save(s)
[11:44:37.9201451] [Debug  :PizzaTowerEscapeMusic GameEventListener] Ship has landed
[11:44:37.9201451] [Debug  :PizzaTowerEscapeMusic GameEventListener] Checking for docked Apparatus...
[11:44:37.9443761] [Debug  :PizzaTowerEscapeMusic GameEventListener] Found docked Apparatus
[11:44:37.9453826] [Info   :MrHat.BasedDecorPlacement] Build mode available after landing
[11:44:39.6013480] [Debug  :Matty's Fixes] Vanilla/TZP-Inhalant(474) needs to compute vertical offset - scheduled
[11:44:39.6246767] [Debug  : LethalMin] Initializing PikminItem TZPChemical(Clone) with item TZPChemical(Clone) (True)
[11:44:39.6246767] [Debug  :Matty's Fixes] LethalLib/MoreShipUpgrades/Night Vision Goggles(475) needs to compute vertical offset - scheduled
[11:44:39.6432086] [Debug  : LethalMin] Initializing PikminItem gogglesPrefab(Clone) with item gogglesPrefab(Clone) (True)
[11:44:39.6432086] [Debug  :Matty's Fixes] Vanilla/Radar-booster(476) needs to compute vertical offset - scheduled
[11:44:39.6657627] [Debug  :Buttery Fixes] Radar booster #-553118: Nudged radar dot upwards
[11:44:39.6692653] [Debug  : LethalMin] Initializing PikminItem RadarBoosterDevice(Clone) with item RadarBoosterDevice(Clone) (True)
[11:44:39.6702716] [Debug  :Matty's Fixes] LethalLevelLoader/Lethalthings/Missile(477) needs to compute vertical offset - scheduled
[11:44:39.6919334] [Debug  : LethalMin] Initializing PikminItem RocketLauncherAmmo(Clone) with item RocketLauncherAmmo(Clone) (True)
[11:44:39.6919334] [Debug  :Matty's Fixes] Vanilla/TZP-Inhalant(478) needs to compute vertical offset - scheduled
[11:44:39.7111099] [Debug  : LethalMin] Initializing PikminItem TZPChemical(Clone) with item TZPChemical(Clone) (True)
[11:44:39.7111099] [Debug  :Matty's Fixes] Vanilla/TZP-Inhalant(479) needs to compute vertical offset - scheduled
[11:44:39.7291336] [Debug  : LethalMin] Initializing PikminItem TZPChemical(Clone) with item TZPChemical(Clone) (True)
[11:44:39.7291336] [Debug  :Matty's Fixes] Vanilla/TZP-Inhalant(480) needs to compute vertical offset - scheduled
[11:44:39.7476665] [Debug  : LethalMin] Initializing PikminItem TZPChemical(Clone) with item TZPChemical(Clone) (True)
[11:44:39.8033039] [Debug  :Matty's Fixes] Vanilla/TZP-Inhalant(474) is computing vertical offset
[11:44:39.8033039] [Debug  :Matty's Fixes] Vanilla/TZP-Inhalant new offset is 0.1016594
[11:44:39.8033039] [Debug  :Matty's Fixes] Vanilla/TZP-Inhalant(474) position updated [(0.00, 0.00, 0.00)] -> [(0.00, -0.02, 0.00)]
[11:44:39.8033039] [Debug  :Matty's Fixes] LethalLib/MoreShipUpgrades/Night Vision Goggles(475) is computing vertical offset
[11:44:39.8052992] [Debug  :Matty's Fixes] LethalLib/MoreShipUpgrades/Night Vision Goggles new offset is 0.001015212
[11:44:39.8052992] [Debug  :Matty's Fixes] LethalLib/MoreShipUpgrades/Night Vision Goggles(475) position updated [(0.00, 0.00, 0.00)] -> [(0.00, 0.00, 0.00)]
[11:44:39.8052992] [Debug  :Matty's Fixes] LethalLevelLoader/Lethalthings/Missile(477) is computing vertical offset
[11:44:39.8052992] [Debug  :Matty's Fixes] LethalLevelLoader/Lethalthings/Missile new offset is 0.0008316338
[11:44:39.8052992] [Debug  :Matty's Fixes] LethalLevelLoader/Lethalthings/Missile(477) position updated [(0.00, 0.00, 0.00)] -> [(0.00, 0.00, 0.00)]
[11:44:39.8052992] [Debug  :Matty's Fixes] Vanilla/TZP-Inhalant(478) position updated [(0.00, 0.00, 0.00)] -> [(0.00, -0.02, 0.00)]
[11:44:39.8052992] [Debug  :Matty's Fixes] Vanilla/TZP-Inhalant(479) position updated [(0.00, 0.00, 0.00)] -> [(0.00, -0.02, 0.00)]
[11:44:39.8052992] [Debug  :Matty's Fixes] Vanilla/TZP-Inhalant(480) position updated [(0.00, 0.00, 0.00)] -> [(0.00, -0.02, 0.00)]
[11:44:40.6016207] [Debug  :Matty's Fixes] Vanilla/Radar-booster(476) is computing vertical offset
[11:44:40.6036225] [Debug  :Matty's Fixes] Vanilla/Radar-booster new offset is 0.01262835
[11:44:40.6036225] [Debug  :Matty's Fixes] Vanilla/Radar-booster(476) position updated [(52.86, -9.33, -8.81)] -> [(52.86, -9.44, -8.81)]
[11:44:54.5519481] [Warning: Unity Log] Parent of RectTransform is being set with parent property. Consider using the SetParent method instead, with the worldPositionStays argument set to false. This will retain local orientation and scale rather than world orientation and scale, which can prevent common UI scaling issues.
[11:44:58.5760125] [Debug  : LethalMin] IsServerRpcNoOwnershipPrefixValid (No): RpcExecStage is Send, IsServer: True, IsHost: True when calling ScanNewCreatureServerRpcPrefix
[11:44:58.5760125] [Debug  : LethalMin] IsServerRpcNoOwnershipPrefixValid (Yes): RpcExecStage is Execute, IsServer: True, IsHost: True when calling ScanNewCreatureServerRpcPrefix
[11:44:58.5760125] [Debug  : LethalMin] IsClientRpcPrefixValid (No): RpcExecStage is Send, IsClient: True, IsHost: True ScanNewCreatureClientRpcPrefix
[11:44:58.5770137] [Debug  : LethalMin] IsClientRpcPrefixValid (Yes): RpcExecStage is Execute, IsClient: True, IsHost: True ScanNewCreatureClientRpcPrefix
[11:45:09.9768149] [Debug  : LethalMin] Sprout Setting growth stage to 1
[11:45:13.0874678] [Warning: Unity Log] Parent of RectTransform is being set with parent property. Consider using the SetParent method instead, with the worldPositionStays argument set to false. This will retain local orientation and scale rather than world orientation and scale, which can prevent common UI scaling issues.
[11:45:13.6595935] [Debug  : LethalMin] Sprout Setting growth stage to 1
[11:45:24.7824507] [Debug  : LethalMin] Sprout Setting growth stage to 1
[11:45:25.7845769] [Info   : LethalMin] White Pikmin_XoFxyAe: Setting growth stage to 1
[11:45:33.2442197] [Warning: Unity Log] Parent of RectTransform is being set with parent property. Consider using the SetParent method instead, with the worldPositionStays argument set to false. This will retain local orientation and scale rather than world orientation and scale, which can prevent common UI scaling issues.
[11:45:33.4320314] [Debug  : LethalMin] Sprout Setting growth stage to 1
[11:45:35.4309267] [Debug  : LethalMin] Sprout Setting growth stage to 1
[11:45:37.8203766] [Info   :ReservedItemSlotCore-2.0.41] Focusing reserved hotbar slots. NewIndex: 7 OldIndex: 0 ReservedStartIndex: 4
[11:45:40.5000801] [Info   : Unity Log] Is jetpack audio playing?: True
[11:45:42.8414539] [Debug  :PizzaTowerEscapeMusic GameEventListener] Player took damage (Health: 69)
[11:45:43.3984027] [Debug  :PizzaTowerEscapeMusic GameEventListener] Player took damage (Health: 54)
[11:45:43.8488214] [Info   : Unity Log] Is jetpack audio playing?: True
[11:45:43.8624772] [Debug  :PizzaTowerEscapeMusic GameEventListener] Player took damage (Health: 40)
[11:45:44.2046285] [Debug  :   Coroner] Querying target player parameters pre-death...
[11:45:44.2046285] [Debug  :   Coroner] Query successful!True
[11:45:47.5316361] [Info   : Unity Log] Is jetpack audio playing?: True
[11:45:48.9960376] [Info   : Unity Log] Is jetpack audio playing?: True
[11:45:49.4863039] [Info   : Unity Log] Is jetpack audio playing?: True
[11:45:50.3613227] [Info   :GeneralImprovements] Applied 3 queued monitor changes.
[11:45:50.3775600] [Debug  :   Coroner] Querying target player parameters pre-death...
[11:45:50.3775600] [Debug  :   Coroner] Query successful!True
[11:45:50.7348035] [Debug  :   Coroner] Querying target player parameters pre-death...
[11:45:50.7348035] [Debug  :   Coroner] Query successful!True
[11:45:51.2945556] [Debug  :PizzaTowerEscapeMusic GameEventListener] Player entered ship
[11:45:51.5435983] [Info   :ReservedItemSlotCore-2.0.41] Unfocusing reserved hotbar slots. NewIndex: 0 OldIndex: 7 ReservedStartIndex: 4
[11:45:53.0539238] [Debug  :GeneralImprovements] Updated time display.
[11:45:53.2143759] [Info   : Unity Log] Update used by player client rpc has been called for interact trigger: Trigger
[11:45:53.9688323] [Info   :GeneralImprovements] Healing MasaeAhmya back to 100...
[11:45:55.2223005] [Info   : Unity Log] Stop special animation F
[11:45:55.2223005] [Info   : Unity Log] Stop special animation G
[11:45:55.2388113] [Debug  :   Coroner] Querying target player parameters pre-death...
[11:45:55.2388113] [Debug  :   Coroner] Query successful!True
[11:45:56.0686545] [Debug  :GeneralImprovements] Updated time display.
[11:45:57.1568956] [Debug  :PizzaTowerEscapeMusic GameEventListener] Player exited ship
[11:45:58.9447368] [Debug  :   Coroner] Querying target player parameters pre-death...
[11:45:58.9447368] [Debug  :   Coroner] Query successful!True
[11:46:00.4720385] [Debug  :   Coroner] Querying target player parameters pre-death...
[11:46:00.4720385] [Debug  :   Coroner] Query successful!True
[11:46:01.1887245] [Info   : Unity Log] Finished snapping to ladder
[11:46:01.2360339] [Info   :GeneralImprovements] Applied 2 queued monitor changes.
[11:46:01.4497923] [Info   : Unity Log] Finished ladder sequence
[11:46:01.5325540] [Debug  :   Coroner] Querying target player parameters pre-death...
[11:46:01.5325540] [Debug  :   Coroner] Query successful!True
[11:46:02.0938634] [Debug  :GeneralImprovements] Updated time display.
[11:46:03.4124574] [Debug  :   Coroner] Querying target player parameters pre-death...
[11:46:03.4124574] [Debug  :   Coroner] Query successful!True
[11:46:07.4369094] [Debug  : LethalMin] Sprout Setting growth stage to 2
[11:46:11.9066737] [Info   :ReservedItemSlotCore-2.0.41] Focusing reserved hotbar slots. NewIndex: 7 OldIndex: 0 ReservedStartIndex: 4
[11:46:12.5410914] [Info   : Unity Log] Is jetpack audio playing?: True
[11:46:14.5630128] [Info   : Unity Log] Is jetpack audio playing?: True
[11:46:15.0348926] [Info   : Unity Log] Is jetpack audio playing?: True
[11:46:15.4250385] [Info   : LethalMin] White Pikmin_8Dgr: Setting growth stage to 1
[11:46:15.5278019] [Info   : Unity Log] Is jetpack audio playing?: True
[11:46:15.7806998] [Info   : Unity Log] Is jetpack audio playing?: True
[11:46:16.2768578] [Info   : Unity Log] Is jetpack audio playing?: True
[11:46:16.4267308] [Debug  : LethalMin] Sprout Setting growth stage to 1
[11:46:17.4062702] [Info   : Unity Log] Is jetpack audio playing?: True
[11:46:18.1541576] [Debug  :   Coroner] Querying target player parameters pre-death...
[11:46:18.1541576] [Debug  :   Coroner] Query successful!True
[11:46:18.4126300] [Debug  : LethalMin] Sprout Setting growth stage to 1
[11:46:18.9431209] [Info   : Unity Log] DROP ITEM AHEAD
[11:46:18.9441208] [Info   : Unity Log] Got raycast hit
[11:46:18.9441208] [Info   : Unity Log] Startpos: (129.83, 16.45, -56.94)
[11:46:18.9461210] [Warning: Unity Log] Parent of RectTransform is being set with parent property. Consider using the SetParent method instead, with the worldPositionStays argument set to false. This will retain local orientation and scale rather than world orientation and scale, which can prevent common UI scaling issues.
[11:46:18.9461210] [Info   : Unity Log] Owner of jetpack?: True
[11:46:18.9461210] [Info   : Unity Log] Is dead?: False
[11:46:18.9461210] [Debug  : LightsOut] DiscardItem Jetpack
[11:46:20.2043542] [Debug  :   Coroner] Querying target player parameters pre-death...
[11:46:20.2043542] [Debug  :   Coroner] Query successful!True
[11:46:20.2198694] [Debug  :   Coroner] Querying target player parameters pre-death...
[11:46:20.2198694] [Debug  :   Coroner] Query successful!True
[11:46:20.2794739] [Debug  :   Coroner] Querying target player parameters pre-death...
[11:46:20.2794739] [Debug  :   Coroner] Query successful!True
[11:46:20.3190188] [Debug  :   Coroner] Querying target player parameters pre-death...
[11:46:20.3190188] [Debug  :   Coroner] Query successful!True
[11:46:20.3426679] [Debug  :   Coroner] Querying target player parameters pre-death...
[11:46:20.3426679] [Debug  :   Coroner] Query successful!True
[11:46:20.3900350] [Debug  :   Coroner] Querying target player parameters pre-death...
[11:46:20.3900350] [Debug  :   Coroner] Query successful!True
[11:46:20.4269807] [Debug  :   Coroner] Querying target player parameters pre-death...
[11:46:20.4269807] [Debug  :   Coroner] Query successful!True
[11:46:20.8862988] [Info   : Unity Log] Called finishopeningentrance (False)
[11:46:20.8862988] [Info   : Unity Log] 'EntranceTeleportA' STOPPING entrancePointAudio
[11:46:20.8968098] [Debug  :PizzaTowerEscapeMusic GameEventListener] Player entered facility
[11:46:20.8978088] [Debug  : LethalMin] Setting pikmin to entrance: True
[11:46:20.8978088] [Debug  : LethalMin] Setting pikmin to entrance: True
[11:46:20.9571920] [Debug  :   Coroner] Querying target player parameters pre-death...
[11:46:20.9571920] [Debug  :   Coroner] Query successful!True
[11:46:21.4985982] [Info   :LethalPerformance] Saved 1 save(s)
[11:46:24.2961234] [Debug  : LethalMin] Sprout Setting growth stage to 1
[11:46:24.2961234] [Debug  : LethalMin] Sprout Setting growth stage to 1
[11:46:26.5369629] [Debug  :GeneralImprovements] Toggling helmet light on.
[11:46:27.9536079] [Debug  :GeneralImprovements] Toggling helmet light off.
[11:46:38.6068049] [Debug  :   Coroner] Querying target player parameters pre-death...
[11:46:38.6068049] [Debug  :   Coroner] Query successful!True
[11:46:38.8028888] [Debug  :GeneralImprovements] Toggling helmet light on.
[11:46:39.5871948] [Debug  :   Coroner] Querying target player parameters pre-death...
[11:46:39.5871948] [Debug  :   Coroner] Query successful!True
[11:46:42.2942106] [Debug  : LethalMin] Sprout Setting growth stage to 1
[11:46:42.3825064] [Info   : Unity Log] enemy rush index is -1; current index 0
[11:46:42.3825064] [Info   : Unity Log] Hours: 300 ; Time: 0.2777778 | Enemy #0 'Centipede' : probability: 39
[11:46:42.3825064] [Info   : Unity Log] enemy rush index is -1; current index 1
[11:46:42.3825064] [Info   : Unity Log] Hours: 300 ; Time: 0.2777778 | Enemy #1 'Bunker Spider' : probability: 61
[11:46:42.3825064] [Info   : Unity Log] enemy rush index is -1; current index 2
[11:46:42.3825064] [Info   : Unity Log] Hours: 300 ; Time: 0.2777778 | Enemy #2 'Hoarding bug' : probability: 22
[11:46:42.3825064] [Info   : Unity Log] enemy rush index is -1; current index 3
[11:46:42.3825064] [Info   : Unity Log] Hours: 300 ; Time: 0.2777778 | Enemy #3 'Flowerman' : probability: 2
[11:46:42.3825064] [Info   : Unity Log] enemy rush index is -1; current index 4
[11:46:42.3825064] [Info   : Unity Log] Hours: 300 ; Time: 0.2777778 | Enemy #4 'Crawler' : probability: 39
[11:46:42.3825064] [Info   : Unity Log] enemy rush index is -1; current index 5
[11:46:42.3825064] [Info   : Unity Log] Hours: 300 ; Time: 0.2777778 | Enemy #5 'Blob' : probability: 31
[11:46:42.3825064] [Info   : Unity Log] enemy rush index is -1; current index 6
[11:46:42.3825064] [Info   : Unity Log] Hours: 300 ; Time: 0.2777778 | Enemy #6 'Spring' : probability: 33
[11:46:42.3825064] [Info   : Unity Log] enemy rush index is -1; current index 7
[11:46:42.3825064] [Info   : Unity Log] Hours: 300 ; Time: 0.2777778 | Enemy #7 'Puffer' : probability: 9
[11:46:42.3825064] [Info   : Unity Log] enemy rush index is -1; current index 8
[11:46:42.3825064] [Info   : Unity Log] Hours: 300 ; Time: 0.2777778 | Enemy #8 'Nutcracker' : probability: 8
[11:46:42.3825064] [Info   : Unity Log] enemy rush index is -1; current index 9
[11:46:42.3825064] [Info   : Unity Log] Hours: 300 ; Time: 0.2777778 | Enemy #9 'Maneater' : probability: 3
[11:46:42.3825064] [Info   : Unity Log] enemy rush index is -1; current index 10
[11:46:42.3825064] [Info   : Unity Log] Hours: 300 ; Time: 0.2777778 | Enemy #10 'Stingray' : probability: 15
[11:46:42.3835060] [Info   : Unity Log] enemy rush index is -1; current index 11
[11:46:42.3835060] [Info   : Unity Log] Hours: 300 ; Time: 0.2777778 | Enemy #11 'Masked' : probability: 34
[11:46:42.3835060] [Info   : Unity Log] enemy rush index is -1; current index 12
[11:46:42.3835060] [Info   : Unity Log] Hours: 300 ; Time: 0.2777778 | Enemy #12 'Jester' : probability: 3
[11:46:42.3835060] [Info   : Unity Log] enemy rush index is -1; current index 13
[11:46:42.3835060] [Info   : Unity Log] Hours: 300 ; Time: 0.2777778 | Enemy #13 'Butler' : probability: 16
[11:46:42.3835060] [Info   : Unity Log] enemy rush index is -1; current index 14
[11:46:42.3835060] [Info   : Unity Log] Hours: 300 ; Time: 0.2777778 | Enemy #14 'Clay Surgeon' : probability: 4
[11:46:42.3835060] [Info   : Unity Log] enemy rush index is -1; current index 15
[11:46:42.3835060] [Info   : Unity Log] Hours: 300 ; Time: 0.2777778 | Enemy #15 'Girl' : probability: 1
[11:46:42.3835060] [Info   : Unity Log] enemy rush index is -1; current index 16
[11:46:42.3835060] [Info   : Unity Log] Hours: 300 ; Time: 0.2777778 | Enemy #16 'Football' : probability: 0
[11:46:42.3835060] [Info   : Unity Log] enemy rush index is -1; current index 17
[11:46:42.3835060] [Info   : Unity Log] Hours: 300 ; Time: 0.2777778 | Enemy #17 'Herobrine' : probability: 3
[11:46:42.3835060] [Info   : Unity Log] enemy rush index is -1; current index 18
[11:46:42.3835060] [Info   : Unity Log] Hours: 300 ; Time: 0.2777778 | Enemy #18 'RollingGiant' : probability: 27
[11:46:42.3835060] [Info   : Unity Log] enemy rush index is -1; current index 19
[11:46:42.3835060] [Info   : Unity Log] Hours: 300 ; Time: 0.2777778 | Enemy #19 'Boomba' : probability: 0
[11:46:42.3835060] [Info   : Unity Log] enemy rush index is -1; current index 20
[11:46:42.3835060] [Info   : Unity Log] Hours: 300 ; Time: 0.2777778 | Enemy #20 'Rabbit Magician' : probability: 0
[11:46:42.3835060] [Info   : Unity Log] enemy rush index is -1; current index 21
[11:46:42.3835060] [Info   : Unity Log] Hours: 300 ; Time: 0.2777778 | Enemy #21 'Peace Keeper' : probability: 1
[11:46:42.3835060] [Info   : Unity Log] enemy rush index is -1; current index 22
[11:46:42.3835060] [Info   : Unity Log] Hours: 300 ; Time: 0.2777778 | Enemy #22 'Lord Of The Manor' : probability: 2
[11:46:42.3835060] [Info   : Unity Log] enemy rush index is -1; current index 23
[11:46:42.3835060] [Info   : Unity Log] Hours: 300 ; Time: 0.2777778 | Enemy #23 'Janitor' : probability: 14
[11:46:42.3835060] [Info   : Unity Log] enemy rush index is -1; current index 24
[11:46:42.3835060] [Info   : Unity Log] Hours: 300 ; Time: 0.2777778 | Enemy #24 'Nancy' : probability: 7
[11:46:42.3835060] [Info   : Unity Log] enemy rush index is -1; current index 25
[11:46:42.3835060] [Info   : Unity Log] Hours: 300 ; Time: 0.2777778 | Enemy #25 'Mistress' : probability: 0
[11:46:42.3835060] [Info   : Unity Log] enemy rush index is -1; current index 26
[11:46:42.3835060] [Info   : Unity Log] Hours: 300 ; Time: 0.2777778 | Enemy #26 'Duck' : probability: 0
[11:46:42.3835060] [Info   : Unity Log] enemy rush index is -1; current index 27
[11:46:42.3835060] [Info   : Unity Log] Hours: 300 ; Time: 0.2777778 | Enemy #27 'Transporter' : probability: 0
[11:46:42.3835060] [Info   : Unity Log] ADDING ENEMY #10: Stingray
[11:46:42.3835060] [Info   : Unity Log] Adding 0.5 to power level, enemy: Stingray
[11:46:42.3835060] [Info   : Unity Log] Adding 1 to diversity level for enemy 'Stingray'
[11:46:42.3835060] [Info   : Unity Log] enemy rush index is -1; current index 0
[11:46:42.3835060] [Info   : Unity Log] Hours: 300 ; Time: 0.2777778 | Enemy #0 'Centipede' : probability: 39
[11:46:42.3835060] [Info   : Unity Log] enemy rush index is -1; current index 1
[11:46:42.3835060] [Info   : Unity Log] Hours: 300 ; Time: 0.2777778 | Enemy #1 'Bunker Spider' : probability: 61
[11:46:42.3835060] [Info   : Unity Log] enemy rush index is -1; current index 2
[11:46:42.3835060] [Info   : Unity Log] Hours: 300 ; Time: 0.2777778 | Enemy #2 'Hoarding bug' : probability: 22
[11:46:42.3835060] [Info   : Unity Log] enemy rush index is -1; current index 3
[11:46:42.3835060] [Info   : Unity Log] Hours: 300 ; Time: 0.2777778 | Enemy #3 'Flowerman' : probability: 2
[11:46:42.3835060] [Info   : Unity Log] enemy rush index is -1; current index 4
[11:46:42.3835060] [Info   : Unity Log] Hours: 300 ; Time: 0.2777778 | Enemy #4 'Crawler' : probability: 39
[11:46:42.3835060] [Info   : Unity Log] enemy rush index is -1; current index 5
[11:46:42.3835060] [Info   : Unity Log] Hours: 300 ; Time: 0.2777778 | Enemy #5 'Blob' : probability: 31
[11:46:42.3835060] [Info   : Unity Log] enemy rush index is -1; current index 6
[11:46:42.3835060] [Info   : Unity Log] Hours: 300 ; Time: 0.2777778 | Enemy #6 'Spring' : probability: 33
[11:46:42.3835060] [Info   : Unity Log] enemy rush index is -1; current index 7
[11:46:42.3835060] [Info   : Unity Log] Hours: 300 ; Time: 0.2777778 | Enemy #7 'Puffer' : probability: 9
[11:46:42.3835060] [Info   : Unity Log] enemy rush index is -1; current index 8
[11:46:42.3835060] [Info   : Unity Log] Hours: 300 ; Time: 0.2777778 | Enemy #8 'Nutcracker' : probability: 8
[11:46:42.3835060] [Info   : Unity Log] enemy rush index is -1; current index 9
[11:46:42.3835060] [Info   : Unity Log] Hours: 300 ; Time: 0.2777778 | Enemy #9 'Maneater' : probability: 3
[11:46:42.3835060] [Info   : Unity Log] enemy rush index is -1; current index 10
[11:46:42.3835060] [Info   : Unity Log] Hours: 300 ; Time: 0.2777778 | Enemy #10 'Stingray' : probability: 21
[11:46:42.3835060] [Info   : Unity Log] enemy rush index is -1; current index 11
[11:46:42.3835060] [Info   : Unity Log] Hours: 300 ; Time: 0.2777778 | Enemy #11 'Masked' : probability: 34
[11:46:42.3835060] [Info   : Unity Log] enemy rush index is -1; current index 12
[11:46:42.3835060] [Info   : Unity Log] Hours: 300 ; Time: 0.2777778 | Enemy #12 'Jester' : probability: 3
[11:46:42.3835060] [Info   : Unity Log] enemy rush index is -1; current index 13
[11:46:42.3835060] [Info   : Unity Log] Hours: 300 ; Time: 0.2777778 | Enemy #13 'Butler' : probability: 16
[11:46:42.3835060] [Info   : Unity Log] enemy rush index is -1; current index 14
[11:46:42.3835060] [Info   : Unity Log] Hours: 300 ; Time: 0.2777778 | Enemy #14 'Clay Surgeon' : probability: 4
[11:46:42.3835060] [Info   : Unity Log] enemy rush index is -1; current index 15
[11:46:42.3835060] [Info   : Unity Log] Hours: 300 ; Time: 0.2777778 | Enemy #15 'Girl' : probability: 1
[11:46:42.3835060] [Info   : Unity Log] enemy rush index is -1; current index 16
[11:46:42.3835060] [Info   : Unity Log] Hours: 300 ; Time: 0.2777778 | Enemy #16 'Football' : probability: 0
[11:46:42.3835060] [Info   : Unity Log] enemy rush index is -1; current index 17
[11:46:42.3835060] [Info   : Unity Log] Hours: 300 ; Time: 0.2777778 | Enemy #17 'Herobrine' : probability: 3
[11:46:42.3835060] [Info   : Unity Log] enemy rush index is -1; current index 18
[11:46:42.3835060] [Info   : Unity Log] Hours: 300 ; Time: 0.2777778 | Enemy #18 'RollingGiant' : probability: 27
[11:46:42.3835060] [Info   : Unity Log] enemy rush index is -1; current index 19
[11:46:42.3835060] [Info   : Unity Log] Hours: 300 ; Time: 0.2777778 | Enemy #19 'Boomba' : probability: 0
[11:46:42.3835060] [Info   : Unity Log] enemy rush index is -1; current index 20
[11:46:42.3835060] [Info   : Unity Log] Hours: 300 ; Time: 0.2777778 | Enemy #20 'Rabbit Magician' : probability: 0
[11:46:42.3835060] [Info   : Unity Log] enemy rush index is -1; current index 21
[11:46:42.3835060] [Info   : Unity Log] Hours: 300 ; Time: 0.2777778 | Enemy #21 'Peace Keeper' : probability: 1
[11:46:42.3835060] [Info   : Unity Log] enemy rush index is -1; current index 22
[11:46:42.3835060] [Info   : Unity Log] Hours: 300 ; Time: 0.2777778 | Enemy #22 'Lord Of The Manor' : probability: 2
[11:46:42.3835060] [Info   : Unity Log] enemy rush index is -1; current index 23
[11:46:42.3835060] [Info   : Unity Log] Hours: 300 ; Time: 0.2777778 | Enemy #23 'Janitor' : probability: 14
[11:46:42.3835060] [Info   : Unity Log] enemy rush index is -1; current index 24
[11:46:42.3835060] [Info   : Unity Log] Hours: 300 ; Time: 0.2777778 | Enemy #24 'Nancy' : probability: 7
[11:46:42.3835060] [Info   : Unity Log] enemy rush index is -1; current index 25
[11:46:42.3835060] [Info   : Unity Log] Hours: 300 ; Time: 0.2777778 | Enemy #25 'Mistress' : probability: 0
[11:46:42.3835060] [Info   : Unity Log] enemy rush index is -1; current index 26
[11:46:42.3835060] [Info   : Unity Log] Hours: 300 ; Time: 0.2777778 | Enemy #26 'Duck' : probability: 0
[11:46:42.3835060] [Info   : Unity Log] enemy rush index is -1; current index 27
[11:46:42.3835060] [Info   : Unity Log] Hours: 300 ; Time: 0.2777778 | Enemy #27 'Transporter' : probability: 0
[11:46:42.3835060] [Info   : Unity Log] ADDING ENEMY #8: Nutcracker
[11:46:42.3835060] [Info   : Unity Log] Adding 1 to power level, enemy: Nutcracker
[11:46:42.3835060] [Info   : Unity Log] Adding 1 to diversity level for enemy 'Nutcracker'
[11:46:44.7198651] [Debug  :   Coroner] Querying target player parameters pre-death...
[11:46:44.7198651] [Debug  :   Coroner] Query successful!True
[11:46:46.2969454] [Debug  : LethalMin] Sprout Setting growth stage to 1
[11:46:49.0123435] [Debug  :   Coroner] Querying target player parameters pre-death...
[11:46:49.0123435] [Debug  :   Coroner] Query successful!True
[11:46:53.7178487] [Info   : Unity Log] Triggering animated object trigger bool: setting to True
[11:46:57.2960447] [Debug  : LethalMin] Sprout Setting growth stage to 1
[11:46:58.2915912] [Info   : LethalMin] Purple Pikmin_J0Xf: Setting growth stage to 1
[11:47:02.4901686] [Debug  :GeneralImprovements] Toggling helmet light off.
[11:47:05.8019000] [Warning:   Coroner] Could not access dying player: Collider was not a player!
[11:47:05.8019000] [Warning:   Coroner] Could not access dying player: Index not assigned!
[11:47:05.8019000] [Debug  :   Coroner] Handling Out of Bounds death...
[11:47:05.8446608] [Warning:   Coroner] Could not access dying player: Collider was not a player!
[11:47:05.8446608] [Warning:   Coroner] Could not access dying player: Index not assigned!
[11:47:05.8446608] [Debug  :   Coroner] Handling Out of Bounds death...
[11:47:07.2926683] [Info   : LethalMin] Purple Pikmin_0JKDLP: Setting growth stage to 1
[11:47:09.3127816] [Info   : Unity Log] Unlocking door
[11:47:09.3137837] [Info   : Unity Log] Destroying item in slot 10; 10; is currentlyheldobjectserver null: False
[11:47:09.3137837] [Info   : Unity Log] currentlyHeldObjectServer: Key
[11:47:09.3147815] [Debug  : LightsOut] DiscardItem Key
[11:47:09.3147815] [Warning: Unity Log] Parent of RectTransform is being set with parent property. Consider using the SetParent method instead, with the worldPositionStays argument set to false. This will retain local orientation and scale rather than world orientation and scale, which can prevent common UI scaling issues.
[11:47:10.0975515] [Info   : Unity Log] Triggering animated object trigger bool: setting to True
[11:47:14.2939277] [Debug  : LethalMin] Sprout Setting growth stage to 1
[11:47:14.2939277] [Debug  : LethalMin] Sprout Setting growth stage to 1
[11:47:16.2675923] [Info   : Unity Log] Picked up scrap Vent was not in the normal places; reparenting it now
[11:47:16.2675923] [Info   : Unity Log] Picked up scrap Vent is not in the elevator; parenting it to spawnedScrapContainer
[11:47:16.3712438] [Debug  : LightsOut] GrabItem Vent
[11:47:16.3712438] [Debug  : LightsOut] PhysicsProp is not in ship room
[11:47:17.0028260] [Info   :ReservedItemSlotCore-2.0.41] Focusing reserved hotbar slots. NewIndex: 4 OldIndex: 0 ReservedStartIndex: 4
[11:47:17.0028260] [Warning: Unity Log] PlayOneShot was called with a null AudioClip.
[11:47:19.7431368] [Warning:   Coroner] Could not access dying player: Collider was not a player!
[11:47:19.7431368] [Warning:   Coroner] Could not access dying player: Index not assigned!
[11:47:19.7431368] [Debug  :   Coroner] Handling Out of Bounds death...
[11:47:19.7621653] [Warning:   Coroner] Could not access dying player: Collider was not a player!
[11:47:19.7621653] [Warning:   Coroner] Could not access dying player: Index not assigned!
[11:47:19.7621653] [Debug  :   Coroner] Handling Out of Bounds death...
[11:47:19.9783247] [Debug  :   Coroner] Querying target player parameters pre-death...
[11:47:19.9783247] [Debug  :   Coroner] Query successful!True
[11:47:20.0405008] [Debug  :   Coroner] Querying target player parameters pre-death...
[11:47:20.0405008] [Debug  :   Coroner] Query successful!True
[11:47:20.1004526] [Debug  :   Coroner] Querying target player parameters pre-death...
[11:47:20.1004526] [Debug  :   Coroner] Query successful!True
[11:47:20.1629718] [Debug  :   Coroner] Querying target player parameters pre-death...
[11:47:20.1629718] [Debug  :   Coroner] Query successful!True
[11:47:20.2242104] [Debug  :   Coroner] Querying target player parameters pre-death...
[11:47:20.2242104] [Debug  :   Coroner] Query successful!True
[11:47:20.2893894] [Debug  :   Coroner] Querying target player parameters pre-death...
[11:47:20.2893894] [Debug  :   Coroner] Query successful!True
[11:47:20.3453736] [Info   :ReservedItemSlotCore-2.0.41] Unfocusing reserved hotbar slots. NewIndex: 0 OldIndex: 4 ReservedStartIndex: 4
[11:47:29.1094189] [Warning: Unity Log] PlayOneShot was called with a null AudioClip.
[11:47:29.1094189] [Info   : Unity Log] Picked up scrap IClock was not in the normal places; reparenting it now
[11:47:29.1094189] [Info   : Unity Log] Picked up scrap IClock is not in the elevator; parenting it to spawnedScrapContainer
[11:47:29.2141831] [Debug  : LightsOut] GrabItem IClock
[11:47:29.2141831] [Debug  : LightsOut] PhysicsProp is not in ship room
[11:47:30.8446099] [Warning:   Coroner] Could not access dying player: Collider was not a player!
[11:47:30.8446099] [Warning:   Coroner] Could not access dying player: Index not assigned!
[11:47:30.8446099] [Debug  :   Coroner] Handling Out of Bounds death...
[11:47:30.8651298] [Warning:   Coroner] Could not access dying player: Collider was not a player!
[11:47:30.8651298] [Warning:   Coroner] Could not access dying player: Index not assigned!
[11:47:30.8651298] [Debug  :   Coroner] Handling Out of Bounds death...
[11:47:30.9253483] [Debug  :   Coroner] Querying target player parameters pre-death...
[11:47:30.9253483] [Debug  :   Coroner] Query successful!True
[11:47:33.4695002] [Debug  : LethalMin] Purple Pikmin_ib6l: Removed Leader
[11:47:33.4715005] [Debug  : LethalMin] Purple Pikmin_ib6l: Setting collision mode to 1
[11:47:33.4750082] [Info   : LethalMin] Purple Pikmin_ib6l: Assigned Leader: MasaeAhmya (0)
[11:47:36.2910027] [Debug  :Matty's Fixes] Vanilla/Tea kettle(482) needs to compute vertical offset - scheduled
[11:47:36.3170523] [Debug  : LethalMin] Initializing PikminItem TeaKettle(Clone) with item TeaKettle(Clone) (True)
[11:47:36.3307071] [Warning: Unity Log] PlayOneShot was called with a null AudioClip.
[11:47:36.3307071] [Info   : Unity Log] Picked up scrap Tea kettle was not in the normal places; reparenting it now
[11:47:36.3307071] [Info   : Unity Log] Picked up scrap Tea kettle is not in the elevator; parenting it to spawnedScrapContainer
[11:47:36.3307071] [Debug  :Matty's Fixes] Vanilla/Tea kettle(482) is computing vertical offset
[11:47:36.3307071] [Debug  :Matty's Fixes] Vanilla/Tea kettle new offset is 0.02682525
[11:47:36.3307071] [Debug  :Matty's Fixes] Vanilla/Tea kettle(482) position updated [(37.45, -214.55, 16.84)] -> [(37.45, -214.52, 16.84)]
[11:47:36.4295421] [Debug  : LightsOut] GrabItem Tea kettle
[11:47:36.4295421] [Debug  : LightsOut] PhysicsProp is not in ship room
[11:47:38.1270051] [Warning:   Coroner] Could not access dying player: Collider was not a player!
[11:47:38.1270051] [Warning:   Coroner] Could not access dying player: Index not assigned!
[11:47:38.1270051] [Debug  :   Coroner] Handling Out of Bounds death...
[11:47:38.2496955] [Info   : Unity Log] DROP ITEM AHEAD
[11:47:38.2496955] [Info   : Unity Log] Got raycast hit
[11:47:38.2496955] [Info   : Unity Log] Startpos: (38.68, -214.48, 26.57)
[11:47:38.2511986] [Debug  : LightsOut] DiscardItem Tea kettle
[11:47:38.2511986] [Info   :HotbarPlus-1.8.5] [VERBOSE] On discard item. Auto swapping to held item at slot: 0. Prev slot: 2
[11:47:38.2533674] [Info   :HotbarPlus-1.8.5] Sending hotbar swap slot: 0
[11:47:38.2834183] [Warning:   Coroner] Could not access dying player: Collider was not a player!
[11:47:38.2834183] [Warning:   Coroner] Could not access dying player: Index not assigned!
[11:47:38.2834183] [Debug  :   Coroner] Handling Out of Bounds death...
[11:47:39.4647024] [Debug  : LethalMin] Purple Pikmin_ib6l: Setting collision mode to 0
[11:47:40.0454889] [Debug  : LethalMin] Cannot do throw while not holding a pikmin
[11:47:40.0479962] [Debug  : LethalMin] Purple Pikmin_ib6l: Thrown with force: (-1.62, -7.91, 19.39)
[11:47:40.0479962] [Debug  : LethalMin] Purple Pikmin_ib6l: Setting collision mode to 2
[11:47:40.0524985] [Debug  : LethalMin] Purple Pikmin_ib6l: Removed Leader
[11:47:40.2468974] [Info   : LethalMin] Purple Pikmin_ib6l: Collision with ConcreteMesh
[11:47:40.2478982] [Debug  : LethalMin] Purple Pikmin_ib6l: Setting collision mode to 1
[11:47:40.2478982] [Debug  : LethalMin] Purple Pikmin_ib6l: Setting to idle on local client
[11:47:40.2488973] [Debug  : LethalMin] Purple Pikmin_ib6l: Removed Leader
[11:47:40.3731364] [Info   : LethalMin] Purple Pikmin_ib6l: Found item: TeaKettle(Clone)
[11:47:40.3751403] [Info   : LethalMin] Purple Pikmin_ib6l: targeting item TeaKettle(Clone) at GrabPosition_1
[11:47:40.3751403] [Info   : LethalMin] Purple Pikmin_ib6l: Setting current task to CarryItem
[11:47:40.5889393] [Info   : LethalMin] Purple Pikmin_ib6l: Grabbed item TeaKettle(Clone) Speed is now: 1
[11:47:40.5889393] [Message: LethalMin] TeaKettle(Clone) Switched Primary Pikmin to Purple Pikmin_ib6l
[11:47:40.5989537] [Info   : LethalMin] TeaKettle(Clone) is grabbing an item on local client
[11:47:40.5989537] [Debug  : LethalMin] Purple Pikmin_ib6l: Setting collision mode to 1
[11:47:40.6082668] [Debug  : LethalMin] Chosen Route Strategy: IndoorToOutdoorStrategy (Priority 90) 
(ToShip) Route Context: IsInside=True, IsInShip=False, CurrentFloor=null, DestinationIsInside=False, DestinationIsInShip=True
[11:47:40.6112666] [Debug  : LethalMin] GMPEN: inside Entrance Node EntranceTeleportB(Clone) is reachable at distance 137.1786
[11:47:40.6112666] [Debug  : LethalMin] GMPEN: inside Entrance Node EntranceTeleportA(Clone) is reachable at distance 112.8998
[11:47:40.6112666] [Debug  : LethalMin] ITOS: Moved request start to (128.64, 16.56, -54.59)
[11:47:40.6122655] [Debug  : LethalMin] GMPEN: inside -> outside Entrance Node EntranceTeleportB(Clone) is reachable at distance 137.1786
[11:47:40.6122655] [Debug  : LethalMin] GMPEN: inside -> outside Entrance Node EntranceTeleportA(Clone) is reachable at distance 112.8998
[11:47:40.6122655] [Debug  : LethalMin] Generated Route Nodes: EntranceTeleportA(Clone) -> Ship
[11:47:40.6122655] [Info   : LethalMin] TeaKettle(Clone) successfully created a test route to the ToShip
[11:47:40.6132947] [Debug  : LethalMin] Chosen Route Strategy: IndoorToOutdoorStrategy (Priority 90) 
(ToShip) Route Context: IsInside=True, IsInShip=False, CurrentFloor=null, DestinationIsInside=False, DestinationIsInShip=True
[11:47:40.6132947] [Debug  : LethalMin] GMPEN: inside Entrance Node EntranceTeleportB(Clone) is reachable at distance 137.1786
[11:47:40.6132947] [Debug  : LethalMin] GMPEN: inside Entrance Node EntranceTeleportA(Clone) is reachable at distance 112.8998
[11:47:40.6132947] [Debug  : LethalMin] ITOS: Moved request start to (128.64, 16.56, -54.59)
[11:47:40.6132947] [Debug  : LethalMin] GMPEN: inside -> outside Entrance Node EntranceTeleportB(Clone) is reachable at distance 137.1786
[11:47:40.6132947] [Debug  : LethalMin] GMPEN: inside -> outside Entrance Node EntranceTeleportA(Clone) is reachable at distance 112.8998
[11:47:40.6132947] [Debug  : LethalMin] Generated Route Nodes: EntranceTeleportA(Clone) -> Ship
[11:47:40.6132947] [Info   : LethalMin] TeaKettle(Clone) has created a route
[11:47:41.2999052] [Debug  : LethalMin] Sprout Setting growth stage to 2
[11:47:45.2980778] [Debug  : LethalMin] Sprout Setting growth stage to 2
[11:47:46.8871667] [Debug  :   Coroner] Querying target player parameters pre-death...
[11:47:46.8871667] [Debug  :   Coroner] Query successful!True
[11:47:48.2483448] [Debug  :   Coroner] Querying target player parameters pre-death...
[11:47:48.2483448] [Debug  :   Coroner] Query successful!True
[11:47:48.2924307] [Debug  : LethalMin] Sprout Setting growth stage to 1
[11:47:50.3079704] [Debug  :   Coroner] Querying target player parameters pre-death...
[11:47:50.3079704] [Debug  :   Coroner] Query successful!True
[11:47:50.5083233] [Debug  :   Coroner] Querying target player parameters pre-death...
[11:47:50.5083233] [Debug  :   Coroner] Query successful!True
[11:47:50.5699875] [Debug  :   Coroner] Querying target player parameters pre-death...
[11:47:50.5699875] [Debug  :   Coroner] Query successful!True
[11:47:50.6191876] [Debug  :   Coroner] Querying target player parameters pre-death...
[11:47:50.6191876] [Debug  :   Coroner] Query successful!True
[11:47:50.6699000] [Debug  :   Coroner] Querying target player parameters pre-death...
[11:47:50.6699000] [Debug  :   Coroner] Query successful!True
[11:47:50.7091389] [Debug  :   Coroner] Querying target player parameters pre-death...
[11:47:50.7091389] [Debug  :   Coroner] Query successful!True
[11:47:50.9425477] [Info   : Unity Log] Found enemy vent which has its time up: VentEntrance(Clone). Spawning Nutcracker from vent.
[11:47:50.9450522] [Info   : Unity Log] Spawned enemy from vent
[11:47:50.9555673] [Debug  :Starlancer AI Fix] The Enemy Whitelist contains: Blob, Butler, Centipede, Crawler, Flowerman, HoarderBug, Nutcracker, SandSpider, Stingray.
[11:47:50.9555673] [Debug  :Starlancer AI Fix] Adding IVisibleThreat component to NutcrackerEnemy(Clone).
[11:47:50.9596570] [Info   : Unity Log] Successfully synced shotgun values
[11:47:50.9596570] [Info   : Unity Log] End of OnNetworkSpawn shotgun override
[11:47:50.9596570] [Info   : Unity Log] Successfully synced shotgun values
[11:47:50.9596570] [Info   : Unity Log] End of OnNetworkSpawn shotgun override
[11:47:50.9596570] [Info   : Unity Log] Setting gun scrap value
[11:47:50.9596570] [Debug  :Buttery Fixes] Scrap tracker: Tracking "ShotgunItem(Clone)" worth $60
[11:47:50.9626577] [Debug  :Matty's Fixes] Vanilla/Shotgun(485) needs to compute vertical offset - scheduled
[11:47:50.9857448] [Debug  : LethalMin] Initializing PikminItem ShotgunItem(Clone) with item ShotgunItem(Clone) (True)
[11:47:51.9458720] [Debug  :Matty's Fixes] Vanilla/Shotgun(485) is computing vertical offset
[11:47:51.9468736] [Debug  :Matty's Fixes] Vanilla/Shotgun new offset is 0.135563
[11:47:51.9468736] [Debug  :Matty's Fixes] Vanilla/Shotgun(485) position updated [(-28.07, -219.47, 99.90)] -> [(-28.07, -219.46, 99.90)]
[11:47:54.2370522] [Info   :ReservedItemSlotCore-2.0.41] Focusing reserved hotbar slots. NewIndex: 4 OldIndex: 0 ReservedStartIndex: 4
[11:47:54.2370522] [Warning: Unity Log] PlayOneShot was called with a null AudioClip.
[11:47:58.0856046] [Info   : Unity Log] Found enemy vent which has its time up: VentEntrance(Clone). Spawning Stingray from vent.
[11:47:58.1011372] [Info   : Unity Log] Spawned enemy from vent
[11:47:58.1091570] [Debug  :Starlancer AI Fix] The Enemy Whitelist contains: Blob, Butler, Centipede, Crawler, Flowerman, HoarderBug, Nutcracker, SandSpider, Stingray.
[11:47:58.1091570] [Debug  :Starlancer AI Fix] Adding IVisibleThreat component to StingrayEnemy(Clone).
[11:47:58.2956624] [Debug  : LethalMin] Sprout Setting growth stage to 1
[11:47:59.2992360] [Debug  : LethalMin] Sprout Setting growth stage to 2
[11:48:00.2958401] [Debug  : LethalMin] Sprout Setting growth stage to 1
[11:48:08.0958536] [Info   : Unity Log] enemy rush index is -1; current index 0
[11:48:08.0958536] [Info   : Unity Log] Hours: 420 ; Time: 0.3888889 | Enemy #0 'Centipede' : probability: 39
[11:48:08.0958536] [Info   : Unity Log] enemy rush index is -1; current index 1
[11:48:08.0958536] [Info   : Unity Log] Hours: 420 ; Time: 0.3888889 | Enemy #1 'Bunker Spider' : probability: 61
[11:48:08.0958536] [Info   : Unity Log] enemy rush index is -1; current index 2
[11:48:08.0958536] [Info   : Unity Log] Hours: 420 ; Time: 0.3888889 | Enemy #2 'Hoarding bug' : probability: 22
[11:48:08.0958536] [Info   : Unity Log] enemy rush index is -1; current index 3
[11:48:08.0958536] [Info   : Unity Log] Hours: 420 ; Time: 0.3888889 | Enemy #3 'Flowerman' : probability: 3
[11:48:08.0958536] [Info   : Unity Log] enemy rush index is -1; current index 4
[11:48:08.0958536] [Info   : Unity Log] Hours: 420 ; Time: 0.3888889 | Enemy #4 'Crawler' : probability: 39
[11:48:08.0958536] [Info   : Unity Log] enemy rush index is -1; current index 5
[11:48:08.0958536] [Info   : Unity Log] Hours: 420 ; Time: 0.3888889 | Enemy #5 'Blob' : probability: 31
[11:48:08.0958536] [Info   : Unity Log] enemy rush index is -1; current index 6
[11:48:08.0958536] [Info   : Unity Log] Hours: 420 ; Time: 0.3888889 | Enemy #6 'Spring' : probability: 33
[11:48:08.0958536] [Info   : Unity Log] enemy rush index is -1; current index 7
[11:48:08.0958536] [Info   : Unity Log] Hours: 420 ; Time: 0.3888889 | Enemy #7 'Puffer' : probability: 9
[11:48:08.0958536] [Info   : Unity Log] enemy rush index is -1; current index 8
[11:48:08.0958536] [Info   : Unity Log] Hours: 420 ; Time: 0.3888889 | Enemy #8 'Nutcracker' : probability: 8
[11:48:08.0958536] [Info   : Unity Log] enemy rush index is -1; current index 9
[11:48:08.0958536] [Info   : Unity Log] Hours: 420 ; Time: 0.3888889 | Enemy #9 'Maneater' : probability: 3
[11:48:08.0958536] [Info   : Unity Log] enemy rush index is -1; current index 10
[11:48:08.0958536] [Info   : Unity Log] Hours: 420 ; Time: 0.3888889 | Enemy #10 'Stingray' : probability: 21
[11:48:08.0958536] [Info   : Unity Log] enemy rush index is -1; current index 11
[11:48:08.0958536] [Info   : Unity Log] Hours: 420 ; Time: 0.3888889 | Enemy #11 'Masked' : probability: 34
[11:48:08.0958536] [Info   : Unity Log] enemy rush index is -1; current index 12
[11:48:08.0958536] [Info   : Unity Log] Hours: 420 ; Time: 0.3888889 | Enemy #12 'Jester' : probability: 3
[11:48:08.0958536] [Info   : Unity Log] enemy rush index is -1; current index 13
[11:48:08.0958536] [Info   : Unity Log] Hours: 420 ; Time: 0.3888889 | Enemy #13 'Butler' : probability: 16
[11:48:08.0958536] [Info   : Unity Log] enemy rush index is -1; current index 14
[11:48:08.0958536] [Info   : Unity Log] Hours: 420 ; Time: 0.3888889 | Enemy #14 'Clay Surgeon' : probability: 3
[11:48:08.0958536] [Info   : Unity Log] enemy rush index is -1; current index 15
[11:48:08.0958536] [Info   : Unity Log] Hours: 420 ; Time: 0.3888889 | Enemy #15 'Girl' : probability: 1
[11:48:08.0958536] [Info   : Unity Log] enemy rush index is -1; current index 16
[11:48:08.0958536] [Info   : Unity Log] Hours: 420 ; Time: 0.3888889 | Enemy #16 'Football' : probability: 0
[11:48:08.0958536] [Info   : Unity Log] enemy rush index is -1; current index 17
[11:48:08.0958536] [Info   : Unity Log] Hours: 420 ; Time: 0.3888889 | Enemy #17 'Herobrine' : probability: 3
[11:48:08.0958536] [Info   : Unity Log] enemy rush index is -1; current index 18
[11:48:08.0958536] [Info   : Unity Log] Hours: 420 ; Time: 0.3888889 | Enemy #18 'RollingGiant' : probability: 23
[11:48:08.0958536] [Info   : Unity Log] enemy rush index is -1; current index 19
[11:48:08.0958536] [Info   : Unity Log] Hours: 420 ; Time: 0.3888889 | Enemy #19 'Boomba' : probability: 0
[11:48:08.0958536] [Info   : Unity Log] enemy rush index is -1; current index 20
[11:48:08.0958536] [Info   : Unity Log] Hours: 420 ; Time: 0.3888889 | Enemy #20 'Rabbit Magician' : probability: 1
[11:48:08.0958536] [Info   : Unity Log] enemy rush index is -1; current index 21
[11:48:08.0958536] [Info   : Unity Log] Hours: 420 ; Time: 0.3888889 | Enemy #21 'Peace Keeper' : probability: 2
[11:48:08.0958536] [Info   : Unity Log] enemy rush index is -1; current index 22
[11:48:08.0958536] [Info   : Unity Log] Hours: 420 ; Time: 0.3888889 | Enemy #22 'Lord Of The Manor' : probability: 3
[11:48:08.0958536] [Info   : Unity Log] enemy rush index is -1; current index 23
[11:48:08.0958536] [Info   : Unity Log] Hours: 420 ; Time: 0.3888889 | Enemy #23 'Janitor' : probability: 11
[11:48:08.0958536] [Info   : Unity Log] enemy rush index is -1; current index 24
[11:48:08.0958536] [Info   : Unity Log] Hours: 420 ; Time: 0.3888889 | Enemy #24 'Nancy' : probability: 7
[11:48:08.0958536] [Info   : Unity Log] enemy rush index is -1; current index 25
[11:48:08.0958536] [Info   : Unity Log] Hours: 420 ; Time: 0.3888889 | Enemy #25 'Mistress' : probability: 0
[11:48:08.0958536] [Info   : Unity Log] enemy rush index is -1; current index 26
[11:48:08.0958536] [Info   : Unity Log] Hours: 420 ; Time: 0.3888889 | Enemy #26 'Duck' : probability: 0
[11:48:08.0958536] [Info   : Unity Log] enemy rush index is -1; current index 27
[11:48:08.0958536] [Info   : Unity Log] Hours: 420 ; Time: 0.3888889 | Enemy #27 'Transporter' : probability: 0
[11:48:08.0973578] [Info   : Unity Log] ADDING ENEMY #2: Hoarding bug
[11:48:08.0973578] [Info   : Unity Log] Adding 1 to power level, enemy: Hoarding bug
[11:48:08.0973578] [Info   : Unity Log] Adding 1 to diversity level for enemy 'Hoarding bug'
[11:48:08.0973578] [Info   : Unity Log] enemy rush index is -1; current index 0
[11:48:08.0973578] [Info   : Unity Log] Hours: 420 ; Time: 0.3888889 | Enemy #0 'Centipede' : probability: 39
[11:48:08.0973578] [Info   : Unity Log] enemy rush index is -1; current index 1
[11:48:08.0973578] [Info   : Unity Log] Hours: 420 ; Time: 0.3888889 | Enemy #1 'Bunker Spider' : probability: 61
[11:48:08.0973578] [Info   : Unity Log] enemy rush index is -1; current index 2
[11:48:08.0973578] [Info   : Unity Log] Hours: 420 ; Time: 0.3888889 | Enemy #2 'Hoarding bug' : probability: 22
[11:48:08.0973578] [Info   : Unity Log] enemy rush index is -1; current index 3
[11:48:08.0973578] [Info   : Unity Log] Hours: 420 ; Time: 0.3888889 | Enemy #3 'Flowerman' : probability: 3
[11:48:08.0973578] [Info   : Unity Log] enemy rush index is -1; current index 4
[11:48:08.0973578] [Info   : Unity Log] Hours: 420 ; Time: 0.3888889 | Enemy #4 'Crawler' : probability: 39
[11:48:08.0973578] [Info   : Unity Log] enemy rush index is -1; current index 5
[11:48:08.0973578] [Info   : Unity Log] Hours: 420 ; Time: 0.3888889 | Enemy #5 'Blob' : probability: 31
[11:48:08.0973578] [Info   : Unity Log] enemy rush index is -1; current index 6
[11:48:08.0973578] [Info   : Unity Log] Hours: 420 ; Time: 0.3888889 | Enemy #6 'Spring' : probability: 33
[11:48:08.0973578] [Info   : Unity Log] enemy rush index is -1; current index 7
[11:48:08.0973578] [Info   : Unity Log] Hours: 420 ; Time: 0.3888889 | Enemy #7 'Puffer' : probability: 9
[11:48:08.0973578] [Info   : Unity Log] enemy rush index is -1; current index 8
[11:48:08.0973578] [Info   : Unity Log] Hours: 420 ; Time: 0.3888889 | Enemy #8 'Nutcracker' : probability: 8
[11:48:08.0973578] [Info   : Unity Log] enemy rush index is -1; current index 9
[11:48:08.0973578] [Info   : Unity Log] Hours: 420 ; Time: 0.3888889 | Enemy #9 'Maneater' : probability: 3
[11:48:08.0973578] [Info   : Unity Log] enemy rush index is -1; current index 10
[11:48:08.0973578] [Info   : Unity Log] Hours: 420 ; Time: 0.3888889 | Enemy #10 'Stingray' : probability: 21
[11:48:08.0973578] [Info   : Unity Log] enemy rush index is -1; current index 11
[11:48:08.0973578] [Info   : Unity Log] Hours: 420 ; Time: 0.3888889 | Enemy #11 'Masked' : probability: 34
[11:48:08.0973578] [Info   : Unity Log] enemy rush index is -1; current index 12
[11:48:08.0973578] [Info   : Unity Log] Hours: 420 ; Time: 0.3888889 | Enemy #12 'Jester' : probability: 3
[11:48:08.0973578] [Info   : Unity Log] enemy rush index is -1; current index 13
[11:48:08.0973578] [Info   : Unity Log] Hours: 420 ; Time: 0.3888889 | Enemy #13 'Butler' : probability: 16
[11:48:08.0973578] [Info   : Unity Log] enemy rush index is -1; current index 14
[11:48:08.0973578] [Info   : Unity Log] Hours: 420 ; Time: 0.3888889 | Enemy #14 'Clay Surgeon' : probability: 3
[11:48:08.0973578] [Info   : Unity Log] enemy rush index is -1; current index 15
[11:48:08.0973578] [Info   : Unity Log] Hours: 420 ; Time: 0.3888889 | Enemy #15 'Girl' : probability: 1
[11:48:08.0973578] [Info   : Unity Log] enemy rush index is -1; current index 16
[11:48:08.0973578] [Info   : Unity Log] Hours: 420 ; Time: 0.3888889 | Enemy #16 'Football' : probability: 0
[11:48:08.0973578] [Info   : Unity Log] enemy rush index is -1; current index 17
[11:48:08.0973578] [Info   : Unity Log] Hours: 420 ; Time: 0.3888889 | Enemy #17 'Herobrine' : probability: 3
[11:48:08.0973578] [Info   : Unity Log] enemy rush index is -1; current index 18
[11:48:08.0973578] [Info   : Unity Log] Hours: 420 ; Time: 0.3888889 | Enemy #18 'RollingGiant' : probability: 23
[11:48:08.0973578] [Info   : Unity Log] enemy rush index is -1; current index 19
[11:48:08.0973578] [Info   : Unity Log] Hours: 420 ; Time: 0.3888889 | Enemy #19 'Boomba' : probability: 0
[11:48:08.0973578] [Info   : Unity Log] enemy rush index is -1; current index 20
[11:48:08.0973578] [Info   : Unity Log] Hours: 420 ; Time: 0.3888889 | Enemy #20 'Rabbit Magician' : probability: 1
[11:48:08.0973578] [Info   : Unity Log] enemy rush index is -1; current index 21
[11:48:08.0973578] [Info   : Unity Log] Hours: 420 ; Time: 0.3888889 | Enemy #21 'Peace Keeper' : probability: 2
[11:48:08.0973578] [Info   : Unity Log] enemy rush index is -1; current index 22
[11:48:08.0973578] [Info   : Unity Log] Hours: 420 ; Time: 0.3888889 | Enemy #22 'Lord Of The Manor' : probability: 3
[11:48:08.0973578] [Info   : Unity Log] enemy rush index is -1; current index 23
[11:48:08.0973578] [Info   : Unity Log] Hours: 420 ; Time: 0.3888889 | Enemy #23 'Janitor' : probability: 11
[11:48:08.0973578] [Info   : Unity Log] enemy rush index is -1; current index 24
[11:48:08.0973578] [Info   : Unity Log] Hours: 420 ; Time: 0.3888889 | Enemy #24 'Nancy' : probability: 7
[11:48:08.0973578] [Info   : Unity Log] enemy rush index is -1; current index 25
[11:48:08.0973578] [Info   : Unity Log] Hours: 420 ; Time: 0.3888889 | Enemy #25 'Mistress' : probability: 0
[11:48:08.0973578] [Info   : Unity Log] enemy rush index is -1; current index 26
[11:48:08.0973578] [Info   : Unity Log] Hours: 420 ; Time: 0.3888889 | Enemy #26 'Duck' : probability: 0
[11:48:08.0973578] [Info   : Unity Log] enemy rush index is -1; current index 27
[11:48:08.0973578] [Info   : Unity Log] Hours: 420 ; Time: 0.3888889 | Enemy #27 'Transporter' : probability: 0
[11:48:08.0973578] [Info   : Unity Log] ADDING ENEMY #2: Hoarding bug
[11:48:08.0973578] [Info   : Unity Log] Adding 1 to power level, enemy: Hoarding bug
[11:48:08.0973578] [Info   : Unity Log] enemy rush index is -1; current index 0
[11:48:08.0973578] [Info   : Unity Log] Hours: 420 ; Time: 0.3888889 | Enemy #0 'Centipede' : probability: 39
[11:48:08.0973578] [Info   : Unity Log] enemy rush index is -1; current index 1
[11:48:08.0973578] [Info   : Unity Log] Hours: 420 ; Time: 0.3888889 | Enemy #1 'Bunker Spider' : probability: 61
[11:48:08.0973578] [Info   : Unity Log] enemy rush index is -1; current index 2
[11:48:08.0973578] [Info   : Unity Log] Hours: 420 ; Time: 0.3888889 | Enemy #2 'Hoarding bug' : probability: 22
[11:48:08.0973578] [Info   : Unity Log] enemy rush index is -1; current index 3
[11:48:08.0973578] [Info   : Unity Log] Hours: 420 ; Time: 0.3888889 | Enemy #3 'Flowerman' : probability: 3
[11:48:08.0973578] [Info   : Unity Log] enemy rush index is -1; current index 4
[11:48:08.0973578] [Info   : Unity Log] Hours: 420 ; Time: 0.3888889 | Enemy #4 'Crawler' : probability: 39
[11:48:08.0973578] [Info   : Unity Log] enemy rush index is -1; current index 5
[11:48:08.0973578] [Info   : Unity Log] Hours: 420 ; Time: 0.3888889 | Enemy #5 'Blob' : probability: 31
[11:48:08.0973578] [Info   : Unity Log] enemy rush index is -1; current index 6
[11:48:08.0973578] [Info   : Unity Log] Hours: 420 ; Time: 0.3888889 | Enemy #6 'Spring' : probability: 33
[11:48:08.0973578] [Info   : Unity Log] enemy rush index is -1; current index 7
[11:48:08.0973578] [Info   : Unity Log] Hours: 420 ; Time: 0.3888889 | Enemy #7 'Puffer' : probability: 9
[11:48:08.0973578] [Info   : Unity Log] enemy rush index is -1; current index 8
[11:48:08.0973578] [Info   : Unity Log] Hours: 420 ; Time: 0.3888889 | Enemy #8 'Nutcracker' : probability: 8
[11:48:08.0973578] [Info   : Unity Log] enemy rush index is -1; current index 9
[11:48:08.0973578] [Info   : Unity Log] Hours: 420 ; Time: 0.3888889 | Enemy #9 'Maneater' : probability: 3
[11:48:08.0973578] [Info   : Unity Log] enemy rush index is -1; current index 10
[11:48:08.0973578] [Info   : Unity Log] Hours: 420 ; Time: 0.3888889 | Enemy #10 'Stingray' : probability: 21
[11:48:08.0973578] [Info   : Unity Log] enemy rush index is -1; current index 11
[11:48:08.0973578] [Info   : Unity Log] Hours: 420 ; Time: 0.3888889 | Enemy #11 'Masked' : probability: 34
[11:48:08.0973578] [Info   : Unity Log] enemy rush index is -1; current index 12
[11:48:08.0973578] [Info   : Unity Log] Hours: 420 ; Time: 0.3888889 | Enemy #12 'Jester' : probability: 3
[11:48:08.0973578] [Info   : Unity Log] enemy rush index is -1; current index 13
[11:48:08.0973578] [Info   : Unity Log] Hours: 420 ; Time: 0.3888889 | Enemy #13 'Butler' : probability: 16
[11:48:08.0973578] [Info   : Unity Log] enemy rush index is -1; current index 14
[11:48:08.0973578] [Info   : Unity Log] Hours: 420 ; Time: 0.3888889 | Enemy #14 'Clay Surgeon' : probability: 3
[11:48:08.0973578] [Info   : Unity Log] enemy rush index is -1; current index 15
[11:48:08.0973578] [Info   : Unity Log] Hours: 420 ; Time: 0.3888889 | Enemy #15 'Girl' : probability: 1
[11:48:08.0973578] [Info   : Unity Log] enemy rush index is -1; current index 16
[11:48:08.0973578] [Info   : Unity Log] Hours: 420 ; Time: 0.3888889 | Enemy #16 'Football' : probability: 0
[11:48:08.0973578] [Info   : Unity Log] enemy rush index is -1; current index 17
[11:48:08.0973578] [Info   : Unity Log] Hours: 420 ; Time: 0.3888889 | Enemy #17 'Herobrine' : probability: 3
[11:48:08.0973578] [Info   : Unity Log] enemy rush index is -1; current index 18
[11:48:08.0973578] [Info   : Unity Log] Hours: 420 ; Time: 0.3888889 | Enemy #18 'RollingGiant' : probability: 23
[11:48:08.0973578] [Info   : Unity Log] enemy rush index is -1; current index 19
[11:48:08.0973578] [Info   : Unity Log] Hours: 420 ; Time: 0.3888889 | Enemy #19 'Boomba' : probability: 0
[11:48:08.0973578] [Info   : Unity Log] enemy rush index is -1; current index 20
[11:48:08.0973578] [Info   : Unity Log] Hours: 420 ; Time: 0.3888889 | Enemy #20 'Rabbit Magician' : probability: 1
[11:48:08.0973578] [Info   : Unity Log] enemy rush index is -1; current index 21
[11:48:08.0973578] [Info   : Unity Log] Hours: 420 ; Time: 0.3888889 | Enemy #21 'Peace Keeper' : probability: 2
[11:48:08.0973578] [Info   : Unity Log] enemy rush index is -1; current index 22
[11:48:08.0973578] [Info   : Unity Log] Hours: 420 ; Time: 0.3888889 | Enemy #22 'Lord Of The Manor' : probability: 3
[11:48:08.0973578] [Info   : Unity Log] enemy rush index is -1; current index 23
[11:48:08.0973578] [Info   : Unity Log] Hours: 420 ; Time: 0.3888889 | Enemy #23 'Janitor' : probability: 11
[11:48:08.0973578] [Info   : Unity Log] enemy rush index is -1; current index 24
[11:48:08.0973578] [Info   : Unity Log] Hours: 420 ; Time: 0.3888889 | Enemy #24 'Nancy' : probability: 7
[11:48:08.0973578] [Info   : Unity Log] enemy rush index is -1; current index 25
[11:48:08.0973578] [Info   : Unity Log] Hours: 420 ; Time: 0.3888889 | Enemy #25 'Mistress' : probability: 0
[11:48:08.0973578] [Info   : Unity Log] enemy rush index is -1; current index 26
[11:48:08.0973578] [Info   : Unity Log] Hours: 420 ; Time: 0.3888889 | Enemy #26 'Duck' : probability: 0
[11:48:08.0973578] [Info   : Unity Log] enemy rush index is -1; current index 27
[11:48:08.0973578] [Info   : Unity Log] Hours: 420 ; Time: 0.3888889 | Enemy #27 'Transporter' : probability: 0
[11:48:08.0973578] [Info   : Unity Log] ADDING ENEMY #13: Butler
[11:48:08.0973578] [Info   : Unity Log] Adding 2 to power level, enemy: Butler
[11:48:08.0973578] [Info   : Unity Log] Adding 2 to diversity level for enemy 'Butler'
[11:48:10.3059809] [Debug  :   Coroner] Querying target player parameters pre-death...
[11:48:10.3059809] [Debug  :   Coroner] Query successful!True
[11:48:11.3060437] [Debug  :   Coroner] Querying target player parameters pre-death...
[11:48:11.3060437] [Debug  :   Coroner] Query successful!True
[11:48:11.4148276] [Debug  :   Coroner] Querying target player parameters pre-death...
[11:48:11.4148276] [Debug  :   Coroner] Query successful!True
[11:48:11.5183252] [Debug  :   Coroner] Querying target player parameters pre-death...
[11:48:11.5183252] [Debug  :   Coroner] Query successful!True
[11:48:11.6194814] [Debug  :   Coroner] Querying target player parameters pre-death...
[11:48:11.6194814] [Debug  :   Coroner] Query successful!True
[11:48:11.7051909] [Debug  :   Coroner] Querying target player parameters pre-death...
[11:48:11.7051909] [Debug  :   Coroner] Query successful!True
[11:48:11.7958959] [Debug  :   Coroner] Querying target player parameters pre-death...
[11:48:11.7958959] [Debug  :   Coroner] Query successful!True
[11:48:11.8773346] [Debug  :   Coroner] Querying target player parameters pre-death...
[11:48:11.8783349] [Debug  :   Coroner] Query successful!True
[11:48:11.9575623] [Debug  :   Coroner] Querying target player parameters pre-death...
[11:48:11.9575623] [Debug  :   Coroner] Query successful!True
[11:48:12.0332330] [Debug  :   Coroner] Querying target player parameters pre-death...
[11:48:12.0332330] [Debug  :   Coroner] Query successful!True
[11:48:12.1114605] [Debug  :   Coroner] Querying target player parameters pre-death...
[11:48:12.1114605] [Debug  :   Coroner] Query successful!True
[11:48:12.1878918] [Debug  :   Coroner] Querying target player parameters pre-death...
[11:48:12.1878918] [Debug  :   Coroner] Query successful!True
[11:48:12.2652866] [Debug  :   Coroner] Querying target player parameters pre-death...
[11:48:12.2652866] [Debug  :   Coroner] Query successful!True
[11:48:12.3341444] [Debug  :   Coroner] Querying target player parameters pre-death...
[11:48:12.3341444] [Debug  :   Coroner] Query successful!True
[11:48:12.4094441] [Debug  :   Coroner] Querying target player parameters pre-death...
[11:48:12.4094441] [Debug  :   Coroner] Query successful!True
[11:48:12.4795175] [Debug  :   Coroner] Querying target player parameters pre-death...
[11:48:12.4795175] [Debug  :   Coroner] Query successful!True
[11:48:12.5516737] [Debug  :   Coroner] Querying target player parameters pre-death...
[11:48:12.5516737] [Debug  :   Coroner] Query successful!True
[11:48:12.6217057] [Debug  :   Coroner] Querying target player parameters pre-death...
[11:48:12.6217057] [Debug  :   Coroner] Query successful!True
[11:48:12.6915311] [Debug  :   Coroner] Querying target player parameters pre-death...
[11:48:12.6915311] [Debug  :   Coroner] Query successful!True
[11:48:12.7653965] [Debug  :   Coroner] Querying target player parameters pre-death...
[11:48:12.7653965] [Debug  :   Coroner] Query successful!True
[11:48:18.2946666] [Debug  : LethalMin] Sprout Setting growth stage to 1
[11:48:23.7976511] [Info   : Unity Log] Found enemy vent which has its time up: VentEntrance(Clone). Spawning Hoarding bug from vent.
[11:48:23.8042049] [Info   : Unity Log] Spawned enemy from vent
[11:48:23.8117119] [Debug  :Starlancer AI Fix] The Enemy Whitelist contains: Blob, Butler, Centipede, Crawler, Flowerman, HoarderBug, Nutcracker, SandSpider, Stingray.
[11:48:23.8117119] [Debug  :Starlancer AI Fix] Adding IVisibleThreat component to HoarderBug(Clone).
[11:48:23.8132150] [Info   :qwbarch.Mirage] HoarderBugAI(84a1f9e1-4c22-424c-a395-522a9ae4cafa) - Mimicking player #0
[11:48:25.2976900] [Debug  : LethalMin] Sprout Setting growth stage to 1
[11:48:36.0911146] [Info   : Unity Log] HoarderBug(Clone) : Setting target object and going towards it. [NCS:180-64659]
[11:48:43.2984503] [Debug  : LethalMin] Sprout Setting growth stage to 1
[11:48:45.0364904] [Info   : Unity Log] Called finishopeningentrance (False)
[11:48:45.0364904] [Info   : Unity Log] 'EntranceTeleportA(Clone)' STOPPING entrancePointAudio
[11:48:45.0364904] [Debug  :PizzaTowerEscapeMusic GameEventListener] Player exited facility
[11:48:45.0364904] [Debug  : LethalMin] Setting pikmin to entrance: False
[11:48:45.0364904] [Debug  : LethalMin] Setting pikmin to entrance: False
[11:48:45.0580261] [Debug  :   Coroner] Querying target player parameters pre-death...
[11:48:45.0580261] [Debug  :   Coroner] Query successful!True
[11:48:46.3789722] [Info   :ReservedItemSlotCore-2.0.41] Beginning grab on reserved item: Jetpack Previous item slot: 4
[11:48:46.4869700] [Debug  : LightsOut] GrabItem Jetpack
[11:48:46.4869700] [Debug  : LightsOut] JetpackItem is not in ship room
[11:48:46.8964564] [Info   :ReservedItemSlotCore-2.0.41] Focusing reserved hotbar slots. NewIndex: 7 OldIndex: 0 ReservedStartIndex: 4
[11:48:46.8964564] [Warning: Unity Log] PlayOneShot was called with a null AudioClip.
[11:48:48.5047233] [Info   : Unity Log] Is jetpack audio playing?: True
[11:48:49.9194254] [Info   : Unity Log] Is jetpack audio playing?: True
[11:48:50.3869963] [Info   : Unity Log] Is jetpack audio playing?: True
[11:48:51.1436837] [Info   : Unity Log] Is jetpack audio playing?: True
[11:48:51.6710877] [Info   : Unity Log] Is jetpack audio playing?: True
[11:48:52.3094435] [Info   : Unity Log] Is jetpack audio playing?: True
[11:48:52.6503851] [Debug  :PizzaTowerEscapeMusic GameEventListener] Player took damage (Health: 89)
[11:48:52.8883294] [Info   : Unity Log] Is jetpack audio playing?: True
[11:48:53.0708874] [Debug  :PizzaTowerEscapeMusic GameEventListener] Player took damage (Health: 78)
[11:48:53.2949605] [Info   : LethalMin] Purple Pikmin_J0Xf: Setting growth stage to 2
[11:48:53.3446712] [Info   : Unity Log] Is jetpack audio playing?: True
[11:48:53.4883955] [Debug  :PizzaTowerEscapeMusic GameEventListener] Player took damage (Health: 70)
[11:48:53.9313525] [Debug  :PizzaTowerEscapeMusic GameEventListener] Player took damage (Health: 55)
[11:48:53.9814369] [Info   : Unity Log] Is jetpack audio playing?: True
[11:48:54.2568390] [Debug  :   Coroner] Querying target player parameters pre-death...
[11:48:54.2568390] [Debug  :   Coroner] Query successful!True
[11:48:54.4081140] [Debug  :PizzaTowerEscapeMusic GameEventListener] Player took damage (Health: 44)
[11:48:54.8593691] [Debug  :   Coroner] Querying target player parameters pre-death...
[11:48:54.8593691] [Debug  :   Coroner] Query successful!True
[11:48:55.2982601] [Debug  : LethalMin] Sprout Setting growth stage to 1
[11:48:55.6214525] [Debug  :   Coroner] Querying target player parameters pre-death...
[11:48:55.6214525] [Debug  :   Coroner] Query successful!True
[11:49:00.8549876] [Info   :ReservedItemSlotCore-2.0.41] Unfocusing reserved hotbar slots. NewIndex: 0 OldIndex: 7 ReservedStartIndex: 4
[11:49:02.3722997] [Info   : Unity Log] Found enemy vent which has its time up: VentEntrance(Clone). Spawning Butler from vent.
[11:49:02.4254881] [Info   : Unity Log] Spawned enemy from vent
[11:49:02.4350039] [Debug  :Starlancer AI Fix] The Enemy Whitelist contains: Blob, Butler, Centipede, Crawler, Flowerman, HoarderBug, Nutcracker, SandSpider, Stingray.
[11:49:02.4350039] [Debug  :Starlancer AI Fix] Adding IVisibleThreat component to ButlerEnemy(Clone).
[11:49:03.2963584] [Debug  : LethalMin] Sprout Setting growth stage to 1
[11:49:03.3759834] [Warning: Unity Log] Only custom filters can be played. Please add a custom filter or an audioclip to the audiosource (SweepingSFX).
[11:49:04.1473256] [Debug  :   Coroner] Querying target player parameters pre-death...
[11:49:04.1473256] [Debug  :   Coroner] Query successful!True
[11:49:04.1473256] [Info   :GeneralImprovements] Applied 4 queued monitor changes.
[11:49:04.4324915] [Debug  :   Coroner] Querying target player parameters pre-death...
[11:49:04.4324915] [Debug  :   Coroner] Query successful!True
[11:49:05.5061466] [Debug  :PizzaTowerEscapeMusic GameEventListener] Player entered ship
[11:49:05.5584379] [Debug  :PizzaTowerEscapeMusic GameEventListener] Player exited ship
[11:49:05.5694573] [Debug  :GeneralImprovements] Updated time display.
[11:49:06.5914063] [Debug  :PizzaTowerEscapeMusic GameEventListener] Player entered ship
[11:49:07.2903968] [Debug  : LightsOut] DiscardItem Vent
[11:49:07.2903968] [Debug  : LightsOut] PhysicsProp has no light
[11:49:07.2903968] [Info   :HotbarPlus-1.8.5] [VERBOSE] On discard item. Auto swapping to held item at slot: 1. Prev slot: 0
[11:49:07.2939018] [Debug  : LethalMin] Sprout Setting growth stage to 1
[11:49:07.2949095] [Debug  : LethalMin] Initializing PikminItem VentPrefab(Clone) with item VentPrefab(Clone) (True)
[11:49:07.2949095] [Info   :HotbarPlus-1.8.5] Sending hotbar swap slot: 1
[11:49:07.5059971] [Info   :GeneralImprovements] Updated ship scrap total monitors to $42 (2 items).
[11:49:07.5059971] [Info   :GeneralImprovements] Updated remaining scrap display.
[11:49:07.5641831] [Debug  : LightsOut] DiscardItem IClock
[11:49:07.5641831] [Debug  : LightsOut] PhysicsProp has no light
[11:49:07.5671869] [Debug  : LethalMin] Initializing PikminItem ClockPrefab(Clone) with item ClockPrefab(Clone) (True)
[11:49:08.2096760] [Info   :ReservedItemSlotCore-2.0.41] Focusing reserved hotbar slots. NewIndex: 7 OldIndex: 1 ReservedStartIndex: 4
[11:49:08.2949029] [Debug  : LethalMin] Sprout Setting growth stage to 1
[11:49:08.4926252] [Warning: Unity Log] Only custom filters can be played. Please add a custom filter or an audioclip to the audiosource (SweepingSFX).
[11:49:08.5839058] [Debug  :GeneralImprovements] Updated time display.
[11:49:09.4043472] [Info   :ReservedItemSlotCore-2.0.41] Unfocusing reserved hotbar slots. NewIndex: 1 OldIndex: 7 ReservedStartIndex: 4
[11:49:10.2759075] [Info   : Unity Log] Update used by player client rpc has been called for interact trigger: Trigger
[11:49:10.8070168] [Warning: LethalMin] (VentPrefab's Counter)'s item is null, destroying counter.
[11:49:11.0270694] [Info   :GeneralImprovements] Healing MasaeAhmya back to 100...
[11:49:11.0804046] [Warning: LethalMin] (ClockPrefab's Counter)'s item is null, destroying counter.
[11:49:11.5973566] [Debug  :GeneralImprovements] Updated time display.
[11:49:12.2794827] [Info   : Unity Log] Stop special animation F
[11:49:12.2804832] [Info   : Unity Log] Stop special animation G
[11:49:12.2925027] [Debug  :   Coroner] Querying target player parameters pre-death...
[11:49:12.2925027] [Debug  :   Coroner] Query successful!True
[11:49:12.7615717] [Info   :ReservedItemSlotCore-2.0.41] Focusing reserved hotbar slots. NewIndex: 7 OldIndex: 1 ReservedStartIndex: 4
[11:49:13.1786565] [Info   : Unity Log] Update used by player client rpc has been called for interact trigger: Trigger
[11:49:13.7807421] [Warning: Unity Log] Only custom filters can be played. Please add a custom filter or an audioclip to the audiosource (SweepingSFX).
[11:49:14.1140956] [Info   : Unity Log] HoarderBug(Clone) : Setting target object and going towards it. [NCS:180-69977]
[11:49:14.6108520] [Debug  :GeneralImprovements] Updated time display.
[11:49:15.1886122] [Info   : Unity Log] Stop special animation F
[11:49:15.1896112] [Info   : Unity Log] Stop special animation G
[11:49:15.6006661] [Info   : Unity Log] HoarderBug(Clone) : Setting target object and going towards it. [NCS:180-70165]
[11:49:15.8711149] [Info   :ReservedItemSlotCore-2.0.41] Unfocusing reserved hotbar slots. NewIndex: 1 OldIndex: 7 ReservedStartIndex: 4
[11:49:17.0464086] [Info   : Unity Log] HoarderBug(Clone) : Setting target object and going towards it. [NCS:180-70362]
[11:49:17.0519162] [Debug  :PizzaTowerEscapeMusic GameEventListener] Player exited ship
[11:49:17.3752598] [Info   : Unity Log] Found enemy vent which has its time up: VentEntrance(Clone). Spawning Hoarding bug from vent.
[11:49:17.3772588] [Info   : Unity Log] Spawned enemy from vent
[11:49:17.3852745] [Debug  :Starlancer AI Fix] The Enemy Whitelist contains: Blob, Butler, Centipede, Crawler, Flowerman, HoarderBug, Nutcracker, SandSpider, Stingray.
[11:49:17.3852745] [Debug  :Starlancer AI Fix] Adding IVisibleThreat component to HoarderBug(Clone).
[11:49:17.3862726] [Info   :qwbarch.Mirage] HoarderBugAI(93931437-f156-4e71-b463-b304eec2d1ab) - Mimicking player #0
[11:49:17.5544105] [Info   : LethalMin] White Pikmin_XoFxyAe: Found enemy: HoarderBug(Clone)
[11:49:17.5554153] [Info   : LethalMin] White Pikmin_XoFxyAe: Setting current task to AttackEnemy
[11:49:17.6205809] [Debug  :GeneralImprovements] Updated time display.
[11:49:18.5694751] [Info   : Unity Log] HoarderBug(Clone) : Setting target object and going towards it. [NCS:180-70562]
[11:49:18.5694751] [Warning: Unity Log] Only custom filters can be played. Please add a custom filter or an audioclip to the audiosource (SweepingSFX).
[11:49:18.7128341] [Debug  :   Coroner] Querying target player parameters pre-death...
[11:49:18.7128341] [Debug  :   Coroner] Query successful!True
[11:49:19.0961538] [Info   : LethalMin] White Pikmin_8Dgr: Found enemy: ButlerEnemy(Clone)
[11:49:19.0961538] [Info   : LethalMin] White Pikmin_8Dgr: Setting current task to AttackEnemy
[11:49:19.8234340] [Info   : Unity Log] HoarderBug(Clone) : Setting target object and going towards it. [NCS:180-70745]
[11:49:20.1125999] [Info   : Unity Log] Butler: pinged attention to position
[11:49:20.9672159] [Debug  : LethalMin] OnionHUDSlot: DownPressed: (x1) Yellow Pikmin (IO:57) (EC:0) (PIC:56) (PIF:2)
[11:49:21.0177723] [Debug  : LethalMin] OnionHUDSlot: DownPressed: (x1) Yellow Pikmin (IO:57) (EC:1) (PIC:55) (PIF:3)
[11:49:21.0718521] [Debug  : LethalMin] OnionHUDSlot: DownPressed: (x1) Yellow Pikmin (IO:57) (EC:2) (PIC:54) (PIF:4)
[11:49:21.1079470] [Info   : Unity Log] HoarderBug(Clone) : Setting target object and going towards it. [NCS:180-70940]
[11:49:21.1274788] [Debug  : LethalMin] OnionHUDSlot: DownPressed: (x1) Yellow Pikmin (IO:57) (EC:3) (PIC:53) (PIF:5)
[11:49:21.1807188] [Debug  : LethalMin] OnionHUDSlot: DownPressed: (x1) Yellow Pikmin (IO:57) (EC:4) (PIC:52) (PIF:6)
[11:49:21.2308290] [Debug  : LethalMin] OnionHUDSlot: DownPressed: (x1) Yellow Pikmin (IO:57) (EC:5) (PIC:51) (PIF:7)
[11:49:21.2843642] [Debug  : LethalMin] OnionHUDSlot: DownPressed: (x1) Yellow Pikmin (IO:57) (EC:6) (PIC:50) (PIF:8)
[11:49:21.3387187] [Debug  : LethalMin] OnionHUDSlot: DownPressed: (x1) Yellow Pikmin (IO:57) (EC:7) (PIC:49) (PIF:9)
[11:49:21.3512444] [Debug  : LethalMin] OnionHUDSlot: DownPressed: (x1) Yellow Pikmin (IO:57) (EC:8) (PIC:48) (PIF:10)
[11:49:21.6643335] [Debug  : LethalMin] OnionHUDSlot: DownPressed: (x1) Yellow Pikmin (IO:57) (EC:9) (PIC:47) (PIF:11)
[11:49:21.8054477] [Debug  : LethalMin] OnionHUDSlot: DownPressed: (x1) Yellow Pikmin (IO:57) (EC:10) (PIC:46) (PIF:12)
[11:49:21.9374975] [Debug  : LethalMin] OnionHUDSlot: DownPressed: (x1) Yellow Pikmin (IO:57) (EC:11) (PIC:45) (PIF:13)
[11:49:22.0874921] [Debug  : LethalMin] OnionHUDSlot: DownPressed: (x1) Yellow Pikmin (IO:57) (EC:12) (PIC:44) (PIF:14)
[11:49:22.1987617] [Debug  : LethalMin] OnionHUDSlot: DownPressed: (x1) Yellow Pikmin (IO:57) (EC:13) (PIC:43) (PIF:15)
[11:49:22.3754364] [Info   : Unity Log] HoarderBug(Clone) : Setting target object and going towards it. [NCS:180-71150]
[11:49:22.5563421] [Debug  : LethalMin] OnionHUDSlot: DownPressed: (x1) Yellow Pikmin (IO:57) (EC:14) (PIC:42) (PIF:16)
[11:49:23.1762471] [Info   : Unity Log] Butler: pinged attention to position
[11:49:23.2320035] [Debug  : LethalMin] Confirmed Button Pressed, sending withdraw request for 6 types to server.
[11:49:23.2365112] [Info   : LethalMin] MasaeAhmya: withdrawing (0, 0, 0, 0, 0, 15), of (Blue Pikmin, Ice Pikmin, Red Pikmin, Rock Pikmin, Winged Pikmin, Yellow Pikmin)
[11:49:23.2930200] [Debug  : LethalMin] Sprout Setting growth stage to 1
[11:49:23.3146339] [Message: LethalMin] Spawning: Yellow Pikmin
[11:49:23.3171413] [Debug  : LethalMin] <ID Not Set>: Is linking onto LegAnimLink1
[11:49:23.3186434] [Debug  : LethalMin] <ID Not Set>: Setting collision mode to 0
[11:49:23.3372403] [Debug  : LethalMin] Yellow Pikmin: No sound pack found for generation Pikmin4, using default sound pack.
[11:49:23.3372403] [Debug  : LethalMin] InitalizedPikmin Type: Yellow Pikmin with ID: Yellow Pikmin_KfHB3E
[11:49:23.3372403] [Debug  : LethalMin] Yellow Pikmin_KfHB3E: Found plant Leaf at index 0
[11:49:23.3372403] [Debug  : LethalMin] Yellow Pikmin_KfHB3E: Found plant Bud at index 1
[11:49:23.3372403] [Debug  : LethalMin] Yellow Pikmin_KfHB3E: Found plant Flower at index 2
[11:49:23.3372403] [Debug  : LethalMin] Yellow Pikmin_KfHB3E: Found plant Leaf at index 0
[11:49:23.3372403] [Debug  : LethalMin] Yellow Pikmin_KfHB3E: Found plant Bud at index 1
[11:49:23.3372403] [Debug  : LethalMin] Yellow Pikmin_KfHB3E: Found plant Flower at index 2
[11:49:23.3372403] [Debug  : LethalMin] Yellow Pikmin_KfHB3E: Found plant Leaf at index 0
[11:49:23.3372403] [Debug  : LethalMin] Yellow Pikmin_KfHB3E: Found plant Bud at index 1
[11:49:23.3372403] [Debug  : LethalMin] Yellow Pikmin_KfHB3E: Found plant Flower at index 2
[11:49:23.3372403] [Debug  : LethalMin] Yellow Pikmin_KfHB3E: Found plant Leaf at index 0
[11:49:23.3372403] [Debug  : LethalMin] Yellow Pikmin_KfHB3E: Found plant Bud at index 1
[11:49:23.3372403] [Debug  : LethalMin] Yellow Pikmin_KfHB3E: Found plant Flower at index 2
[11:49:23.3372403] [Debug  : LethalMin] Yellow Pikmin_KfHB3E: Found plant Leaf at index 0
[11:49:23.3372403] [Debug  : LethalMin] Yellow Pikmin_KfHB3E: Found plant Bud at index 1
[11:49:23.3372403] [Debug  : LethalMin] Yellow Pikmin_KfHB3E: Found plant Flower at index 2
[11:49:23.3372403] [Debug  : LethalMin] Yellow Pikmin_KfHB3E: Caching growth objects
[11:49:23.3372403] [Debug  : LethalMin] Yellow Pikmin_KfHB3E: Caching growth objects done
[11:49:23.3372403] [Debug  : LethalMin] Yellow Pikmin_KfHB3E: Found 3 plants across 3 stages
[11:49:23.3372403] [Info   : LethalMin] Yellow Pikmin_KfHB3E: Setting growth stage to 0
[11:49:23.3372403] [Debug  : LethalMin] Yellow Pikmin_8LNgEB: Removed Leader
[11:49:23.3372403] [Debug  : LethalMin] Yellow Pikmin_8LNgEB: Setting collision mode to 1
[11:49:23.3372403] [Warning: Unity Log] Failed to create agent because it is not close enough to the NavMesh
[11:49:23.3372403] [Info   : LethalMin] Yellow Pikmin_8LNgEB: Assigned Leader: MasaeAhmya (0)
[11:49:23.3372403] [Warning: Unity Log] YellowPikmin4 Pik Animation State '' not found
[11:49:23.3397498] [Info   : LethalMin] Yellow Pikmin_8LNgEB: Setting growth stage to 2
[11:49:23.3397498] [Debug  : LethalMin] Yellow Pikmin_8LNgEB spawned with type Yellow Pikmin and ID: Yellow Pikmin_8LNgEB At: (994.95, 996.23, 1001.75) random seed: 88524326 index: 12
[11:49:23.3472585] [Message: LethalMin] Spawning: Yellow Pikmin
[11:49:23.3497691] [Debug  : LethalMin] <ID Not Set>: Is linking onto LegAnimLink3
[11:49:23.3497691] [Debug  : LethalMin] <ID Not Set>: Setting collision mode to 0
[11:49:23.3698018] [Debug  : LethalMin] Yellow Pikmin: No sound pack found for generation Pikmin4, using default sound pack.
[11:49:23.3698018] [Debug  : LethalMin] InitalizedPikmin Type: Yellow Pikmin with ID: Yellow Pikmin_DlvX
[11:49:23.3698018] [Debug  : LethalMin] Yellow Pikmin_DlvX: Using Cached growth objects
[11:49:23.3698018] [Info   : LethalMin] Yellow Pikmin_DlvX: Setting growth stage to 0
[11:49:23.3698018] [Debug  : LethalMin] Yellow Pikmin_G5l3h: Removed Leader
[11:49:23.3698018] [Debug  : LethalMin] Yellow Pikmin_G5l3h: Setting collision mode to 1
[11:49:23.3698018] [Warning: Unity Log] Failed to create agent because it is not close enough to the NavMesh
[11:49:23.3698018] [Info   : LethalMin] Yellow Pikmin_G5l3h: Assigned Leader: MasaeAhmya (0)
[11:49:23.3698018] [Warning: Unity Log] YellowPikmin4 Pik Animation State '' not found
[11:49:23.3708008] [Info   : LethalMin] Yellow Pikmin_G5l3h: Setting growth stage to 2
[11:49:23.3708008] [Debug  : LethalMin] Yellow Pikmin_G5l3h spawned with type Yellow Pikmin and ID: Yellow Pikmin_G5l3h At: (994.95, 996.23, 1001.75) random seed: 88524329 index: 13
[11:49:23.3773476] [Message: LethalMin] Spawning: Yellow Pikmin
[11:49:23.3798543] [Debug  : LethalMin] <ID Not Set>: Is linking onto LegAnimLink1
[11:49:23.3798543] [Debug  : LethalMin] <ID Not Set>: Setting collision mode to 0
[11:49:23.3998142] [Debug  : LethalMin] Yellow Pikmin: No sound pack found for generation Pikmin4, using default sound pack.
[11:49:23.3998142] [Debug  : LethalMin] InitalizedPikmin Type: Yellow Pikmin with ID: Yellow Pikmin_6rZtIv
[11:49:23.3998142] [Debug  : LethalMin] Yellow Pikmin_6rZtIv: Using Cached growth objects
[11:49:23.3998142] [Info   : LethalMin] Yellow Pikmin_6rZtIv: Setting growth stage to 0
[11:49:23.3998142] [Debug  : LethalMin] Yellow Pikmin_VhJAgo: Removed Leader
[11:49:23.3998142] [Debug  : LethalMin] Yellow Pikmin_VhJAgo: Setting collision mode to 1
[11:49:23.3998142] [Warning: Unity Log] Failed to create agent because it is not close enough to the NavMesh
[11:49:23.3998142] [Info   : LethalMin] Yellow Pikmin_VhJAgo: Assigned Leader: MasaeAhmya (0)
[11:49:23.3998142] [Warning: Unity Log] YellowPikmin4 Pik Animation State '' not found
[11:49:23.3998142] [Info   : LethalMin] Yellow Pikmin_VhJAgo: Setting growth stage to 2
[11:49:23.3998142] [Debug  : LethalMin] Yellow Pikmin_VhJAgo spawned with type Yellow Pikmin and ID: Yellow Pikmin_VhJAgo At: (994.95, 996.23, 1001.75) random seed: 88524332 index: 14
[11:49:23.4445927] [Message: LethalMin] Spawning: Yellow Pikmin
[11:49:23.4467458] [Debug  : LethalMin] <ID Not Set>: Is linking onto LegAnimLink1
[11:49:23.4467458] [Debug  : LethalMin] <ID Not Set>: Setting collision mode to 0
[11:49:23.4662784] [Debug  : LethalMin] Yellow Pikmin: No sound pack found for generation Pikmin4, using default sound pack.
[11:49:23.4662784] [Debug  : LethalMin] InitalizedPikmin Type: Yellow Pikmin with ID: Yellow Pikmin_yxDFu
[11:49:23.4662784] [Debug  : LethalMin] Yellow Pikmin_yxDFu: Using Cached growth objects
[11:49:23.4662784] [Info   : LethalMin] Yellow Pikmin_yxDFu: Setting growth stage to 0
[11:49:23.4662784] [Debug  : LethalMin] Yellow Pikmin_khCd: Removed Leader
[11:49:23.4662784] [Debug  : LethalMin] Yellow Pikmin_khCd: Setting collision mode to 1
[11:49:23.4662784] [Warning: Unity Log] Failed to create agent because it is not close enough to the NavMesh
[11:49:23.4672783] [Info   : LethalMin] Yellow Pikmin_khCd: Assigned Leader: MasaeAhmya (0)
[11:49:23.4672783] [Warning: Unity Log] YellowPikmin4 Pik Animation State '' not found
[11:49:23.4672783] [Info   : LethalMin] Yellow Pikmin_khCd: Setting growth stage to 2
[11:49:23.4672783] [Debug  : LethalMin] Yellow Pikmin_khCd spawned with type Yellow Pikmin and ID: Yellow Pikmin_khCd At: (994.95, 996.23, 1001.75) random seed: 88524335 index: 15
[11:49:23.4727864] [Message: LethalMin] Spawning: Yellow Pikmin
[11:49:23.4758030] [Debug  : LethalMin] <ID Not Set>: Is linking onto LegAnimLink3
[11:49:23.4758030] [Debug  : LethalMin] <ID Not Set>: Setting collision mode to 0
[11:49:23.4948437] [Debug  : LethalMin] Yellow Pikmin: No sound pack found for generation Pikmin4, using default sound pack.
[11:49:23.4948437] [Debug  : LethalMin] InitalizedPikmin Type: Yellow Pikmin with ID: Yellow Pikmin_r3qaXbF
[11:49:23.4948437] [Debug  : LethalMin] Yellow Pikmin_r3qaXbF: Using Cached growth objects
[11:49:23.4948437] [Info   : LethalMin] Yellow Pikmin_r3qaXbF: Setting growth stage to 0
[11:49:23.4948437] [Debug  : LethalMin] Yellow Pikmin_LuMKh: Removed Leader
[11:49:23.4948437] [Debug  : LethalMin] Yellow Pikmin_LuMKh: Setting collision mode to 1
[11:49:23.4948437] [Warning: Unity Log] Failed to create agent because it is not close enough to the NavMesh
[11:49:23.4948437] [Info   : LethalMin] Yellow Pikmin_LuMKh: Assigned Leader: MasaeAhmya (0)
[11:49:23.4948437] [Warning: Unity Log] YellowPikmin4 Pik Animation State '' not found
[11:49:23.4968468] [Info   : LethalMin] Yellow Pikmin_LuMKh: Setting growth stage to 2
[11:49:23.4968468] [Debug  : LethalMin] Yellow Pikmin_LuMKh spawned with type Yellow Pikmin and ID: Yellow Pikmin_LuMKh At: (994.95, 996.23, 1001.75) random seed: 88524338 index: 16
[11:49:23.5043509] [Message: LethalMin] Spawning: Yellow Pikmin
[11:49:23.5069152] [Debug  : LethalMin] <ID Not Set>: Is linking onto LegAnimLink1
[11:49:23.5069152] [Debug  : LethalMin] <ID Not Set>: Setting collision mode to 0
[11:49:23.5259487] [Debug  : LethalMin] Yellow Pikmin: No sound pack found for generation Pikmin4, using default sound pack.
[11:49:23.5259487] [Debug  : LethalMin] InitalizedPikmin Type: Yellow Pikmin with ID: Yellow Pikmin_j9Uw9
[11:49:23.5259487] [Debug  : LethalMin] Yellow Pikmin_j9Uw9: Using Cached growth objects
[11:49:23.5259487] [Info   : LethalMin] Yellow Pikmin_j9Uw9: Setting growth stage to 0
[11:49:23.5259487] [Debug  : LethalMin] Yellow Pikmin_PerDu: Removed Leader
[11:49:23.5259487] [Debug  : LethalMin] Yellow Pikmin_PerDu: Setting collision mode to 1
[11:49:23.5259487] [Warning: Unity Log] Failed to create agent because it is not close enough to the NavMesh
[11:49:23.5259487] [Info   : LethalMin] Yellow Pikmin_PerDu: Assigned Leader: MasaeAhmya (0)
[11:49:23.5259487] [Warning: Unity Log] YellowPikmin4 Pik Animation State '' not found
[11:49:23.5259487] [Info   : LethalMin] Yellow Pikmin_PerDu: Setting growth stage to 2
[11:49:23.5259487] [Debug  : LethalMin] Yellow Pikmin_PerDu spawned with type Yellow Pikmin and ID: Yellow Pikmin_PerDu At: (994.95, 996.23, 1001.75) random seed: 88524341 index: 17
[11:49:23.5719583] [Message: LethalMin] Spawning: Yellow Pikmin
[11:49:23.5744614] [Debug  : LethalMin] <ID Not Set>: Is linking onto LegAnimLink2
[11:49:23.5744614] [Debug  : LethalMin] <ID Not Set>: Setting collision mode to 0
[11:49:23.5929925] [Debug  : LethalMin] Yellow Pikmin: No sound pack found for generation Pikmin4, using default sound pack.
[11:49:23.5929925] [Debug  : LethalMin] InitalizedPikmin Type: Yellow Pikmin with ID: Yellow Pikmin_cF8ImIF
[11:49:23.5929925] [Debug  : LethalMin] Yellow Pikmin_cF8ImIF: Using Cached growth objects
[11:49:23.5929925] [Info   : LethalMin] Yellow Pikmin_cF8ImIF: Setting growth stage to 0
[11:49:23.5929925] [Debug  : LethalMin] Yellow Pikmin_ruCpzY: Removed Leader
[11:49:23.5929925] [Debug  : LethalMin] Yellow Pikmin_ruCpzY: Setting collision mode to 1
[11:49:23.5929925] [Warning: Unity Log] Failed to create agent because it is not close enough to the NavMesh
[11:49:23.5929925] [Info   : LethalMin] Yellow Pikmin_ruCpzY: Assigned Leader: MasaeAhmya (0)
[11:49:23.5929925] [Warning: Unity Log] YellowPikmin4 Pik Animation State '' not found
[11:49:23.5944963] [Info   : LethalMin] Yellow Pikmin_ruCpzY: Setting growth stage to 2
[11:49:23.5944963] [Debug  : LethalMin] Yellow Pikmin_ruCpzY spawned with type Yellow Pikmin and ID: Yellow Pikmin_ruCpzY At: (994.95, 996.23, 1001.75) random seed: 88524344 index: 18
[11:49:23.6000067] [Message: LethalMin] Spawning: Yellow Pikmin
[11:49:23.6020063] [Debug  : LethalMin] <ID Not Set>: Is linking onto LegAnimLink3
[11:49:23.6020063] [Debug  : LethalMin] <ID Not Set>: Setting collision mode to 0
[11:49:23.6255574] [Debug  : LethalMin] Yellow Pikmin: No sound pack found for generation Pikmin4, using default sound pack.
[11:49:23.6255574] [Debug  : LethalMin] InitalizedPikmin Type: Yellow Pikmin with ID: Yellow Pikmin_ULleOd
[11:49:23.6255574] [Debug  : LethalMin] Yellow Pikmin_ULleOd: Using Cached growth objects
[11:49:23.6255574] [Info   : LethalMin] Yellow Pikmin_ULleOd: Setting growth stage to 0
[11:49:23.6255574] [Debug  : LethalMin] Yellow Pikmin_XYErHj: Removed Leader
[11:49:23.6255574] [Debug  : LethalMin] Yellow Pikmin_XYErHj: Setting collision mode to 1
[11:49:23.6255574] [Warning: Unity Log] Failed to create agent because it is not close enough to the NavMesh
[11:49:23.6255574] [Info   : LethalMin] Yellow Pikmin_XYErHj: Assigned Leader: MasaeAhmya (0)
[11:49:23.6255574] [Warning: Unity Log] YellowPikmin4 Pik Animation State '' not found
[11:49:23.6255574] [Info   : LethalMin] Yellow Pikmin_XYErHj: Setting growth stage to 2
[11:49:23.6255574] [Debug  : LethalMin] Yellow Pikmin_XYErHj spawned with type Yellow Pikmin and ID: Yellow Pikmin_XYErHj At: (994.95, 996.23, 1001.75) random seed: 88524347 index: 19
[11:49:23.6335896] [Message: LethalMin] Spawning: Yellow Pikmin
[11:49:23.6360877] [Debug  : LethalMin] <ID Not Set>: Is linking onto LegAnimLink1
[11:49:23.6360877] [Debug  : LethalMin] <ID Not Set>: Setting collision mode to 0
[11:49:23.6541743] [Debug  : LethalMin] Yellow Pikmin: No sound pack found for generation Pikmin4, using default sound pack.
[11:49:23.6541743] [Debug  : LethalMin] InitalizedPikmin Type: Yellow Pikmin with ID: Yellow Pikmin_NRP0
[11:49:23.6541743] [Debug  : LethalMin] Yellow Pikmin_NRP0: Using Cached growth objects
[11:49:23.6541743] [Info   : LethalMin] Yellow Pikmin_NRP0: Setting growth stage to 0
[11:49:23.6541743] [Debug  : LethalMin] Yellow Pikmin_pxom: Removed Leader
[11:49:23.6541743] [Debug  : LethalMin] Yellow Pikmin_pxom: Setting collision mode to 1
[11:49:23.6541743] [Warning: Unity Log] Failed to create agent because it is not close enough to the NavMesh
[11:49:23.6541743] [Info   : LethalMin] Yellow Pikmin_pxom: Assigned Leader: MasaeAhmya (0)
[11:49:23.6541743] [Warning: Unity Log] YellowPikmin4 Pik Animation State '' not found
[11:49:23.6541743] [Info   : LethalMin] Yellow Pikmin_pxom: Setting growth stage to 2
[11:49:23.6541743] [Debug  : LethalMin] Yellow Pikmin_pxom spawned with type Yellow Pikmin and ID: Yellow Pikmin_pxom At: (994.95, 996.23, 1001.75) random seed: 88524350 index: 20
[11:49:23.7019846] [Message: LethalMin] Spawning: Yellow Pikmin
[11:49:23.7044885] [Debug  : LethalMin] <ID Not Set>: Is linking onto LegAnimLink3
[11:49:23.7044885] [Debug  : LethalMin] <ID Not Set>: Setting collision mode to 0
[11:49:23.7230229] [Debug  : LethalMin] Yellow Pikmin: No sound pack found for generation Pikmin4, using default sound pack.
[11:49:23.7230229] [Debug  : LethalMin] InitalizedPikmin Type: Yellow Pikmin with ID: Yellow Pikmin_GX3MdK
[11:49:23.7230229] [Debug  : LethalMin] Yellow Pikmin_GX3MdK: Using Cached growth objects
[11:49:23.7230229] [Info   : LethalMin] Yellow Pikmin_GX3MdK: Setting growth stage to 0
[11:49:23.7230229] [Debug  : LethalMin] Yellow Pikmin_apYy5: Removed Leader
[11:49:23.7230229] [Debug  : LethalMin] Yellow Pikmin_apYy5: Setting collision mode to 1
[11:49:23.7230229] [Warning: Unity Log] Failed to create agent because it is not close enough to the NavMesh
[11:49:23.7230229] [Info   : LethalMin] Yellow Pikmin_apYy5: Assigned Leader: MasaeAhmya (0)
[11:49:23.7230229] [Warning: Unity Log] YellowPikmin4 Pik Animation State '' not found
[11:49:23.7230229] [Info   : LethalMin] Yellow Pikmin_apYy5: Setting growth stage to 2
[11:49:23.7230229] [Debug  : LethalMin] Yellow Pikmin_apYy5 spawned with type Yellow Pikmin and ID: Yellow Pikmin_apYy5 At: (994.95, 996.23, 1001.75) random seed: 88524353 index: 21
[11:49:23.7300429] [Message: LethalMin] Spawning: Yellow Pikmin
[11:49:23.7320438] [Debug  : LethalMin] <ID Not Set>: Is linking onto LegAnimLink3
[11:49:23.7320438] [Debug  : LethalMin] <ID Not Set>: Setting collision mode to 0
[11:49:23.7506559] [Debug  : LethalMin] Yellow Pikmin: No sound pack found for generation Pikmin4, using default sound pack.
[11:49:23.7506559] [Debug  : LethalMin] InitalizedPikmin Type: Yellow Pikmin with ID: Yellow Pikmin_8dgi
[11:49:23.7506559] [Debug  : LethalMin] Yellow Pikmin_8dgi: Using Cached growth objects
[11:49:23.7506559] [Info   : LethalMin] Yellow Pikmin_8dgi: Setting growth stage to 0
[11:49:23.7506559] [Debug  : LethalMin] Yellow Pikmin_3wnH: Removed Leader
[11:49:23.7506559] [Debug  : LethalMin] Yellow Pikmin_3wnH: Setting collision mode to 1
[11:49:23.7506559] [Warning: Unity Log] Failed to create agent because it is not close enough to the NavMesh
[11:49:23.7506559] [Info   : LethalMin] Yellow Pikmin_3wnH: Assigned Leader: MasaeAhmya (0)
[11:49:23.7506559] [Warning: Unity Log] YellowPikmin4 Pik Animation State '' not found
[11:49:23.7506559] [Info   : LethalMin] Yellow Pikmin_3wnH: Setting growth stage to 2
[11:49:23.7506559] [Debug  : LethalMin] Yellow Pikmin_3wnH spawned with type Yellow Pikmin and ID: Yellow Pikmin_3wnH At: (994.95, 996.23, 1001.75) random seed: 88524356 index: 22
[11:49:23.7586706] [Message: LethalMin] Spawning: Yellow Pikmin
[11:49:23.7616761] [Debug  : LethalMin] <ID Not Set>: Is linking onto LegAnimLink2
[11:49:23.7616761] [Debug  : LethalMin] <ID Not Set>: Setting collision mode to 0
[11:49:23.7827223] [Debug  : LethalMin] Yellow Pikmin: No sound pack found for generation Pikmin4, using default sound pack.
[11:49:23.7827223] [Debug  : LethalMin] InitalizedPikmin Type: Yellow Pikmin with ID: Yellow Pikmin_1jK4t1m
[11:49:23.7827223] [Debug  : LethalMin] Yellow Pikmin_1jK4t1m: Using Cached growth objects
[11:49:23.7827223] [Info   : LethalMin] Yellow Pikmin_1jK4t1m: Setting growth stage to 0
[11:49:23.7827223] [Debug  : LethalMin] Yellow Pikmin_2nE2lyy: Removed Leader
[11:49:23.7827223] [Debug  : LethalMin] Yellow Pikmin_2nE2lyy: Setting collision mode to 1
[11:49:23.7827223] [Warning: Unity Log] Failed to create agent because it is not close enough to the NavMesh
[11:49:23.7827223] [Info   : LethalMin] Yellow Pikmin_2nE2lyy: Assigned Leader: MasaeAhmya (0)
[11:49:23.7827223] [Warning: Unity Log] YellowPikmin4 Pik Animation State '' not found
[11:49:23.7827223] [Info   : LethalMin] Yellow Pikmin_2nE2lyy: Setting growth stage to 2
[11:49:23.7827223] [Debug  : LethalMin] Yellow Pikmin_2nE2lyy spawned with type Yellow Pikmin and ID: Yellow Pikmin_2nE2lyy At: (994.95, 996.23, 1001.75) random seed: 88524359 index: 23
[11:49:23.8312073] [Message: LethalMin] Spawning: Yellow Pikmin
[11:49:23.8332070] [Debug  : LethalMin] <ID Not Set>: Is linking onto LegAnimLink2
[11:49:23.8332070] [Debug  : LethalMin] <ID Not Set>: Setting collision mode to 0
[11:49:23.8528018] [Debug  : LethalMin] Yellow Pikmin: No sound pack found for generation Pikmin4, using default sound pack.
[11:49:23.8528018] [Debug  : LethalMin] InitalizedPikmin Type: Yellow Pikmin with ID: Yellow Pikmin_tpyQV
[11:49:23.8528018] [Debug  : LethalMin] Yellow Pikmin_tpyQV: Using Cached growth objects
[11:49:23.8528018] [Info   : LethalMin] Yellow Pikmin_tpyQV: Setting growth stage to 0
[11:49:23.8528018] [Debug  : LethalMin] Yellow Pikmin_Aq9v9: Removed Leader
[11:49:23.8528018] [Debug  : LethalMin] Yellow Pikmin_Aq9v9: Setting collision mode to 1
[11:49:23.8528018] [Warning: Unity Log] Failed to create agent because it is not close enough to the NavMesh
[11:49:23.8528018] [Info   : LethalMin] Yellow Pikmin_Aq9v9: Assigned Leader: MasaeAhmya (0)
[11:49:23.8528018] [Warning: Unity Log] YellowPikmin4 Pik Animation State '' not found
[11:49:23.8528018] [Info   : LethalMin] Yellow Pikmin_Aq9v9: Setting growth stage to 2
[11:49:23.8528018] [Debug  : LethalMin] Yellow Pikmin_Aq9v9 spawned with type Yellow Pikmin and ID: Yellow Pikmin_Aq9v9 At: (994.95, 996.23, 1001.75) random seed: 88524362 index: 24
[11:49:23.8588138] [Message: LethalMin] Spawning: Yellow Pikmin
[11:49:23.8618171] [Debug  : LethalMin] <ID Not Set>: Is linking onto LegAnimLink1
[11:49:23.8618171] [Debug  : LethalMin] <ID Not Set>: Setting collision mode to 0
[11:49:23.8828477] [Debug  : LethalMin] Yellow Pikmin: No sound pack found for generation Pikmin4, using default sound pack.
[11:49:23.8828477] [Debug  : LethalMin] InitalizedPikmin Type: Yellow Pikmin with ID: Yellow Pikmin_mvcm8hn
[11:49:23.8828477] [Debug  : LethalMin] Yellow Pikmin_mvcm8hn: Using Cached growth objects
[11:49:23.8828477] [Info   : LethalMin] Yellow Pikmin_mvcm8hn: Setting growth stage to 0
[11:49:23.8828477] [Debug  : LethalMin] Yellow Pikmin_hcRGph: Removed Leader
[11:49:23.8828477] [Debug  : LethalMin] Yellow Pikmin_hcRGph: Setting collision mode to 1
[11:49:23.8828477] [Warning: Unity Log] Failed to create agent because it is not close enough to the NavMesh
[11:49:23.8828477] [Info   : LethalMin] Yellow Pikmin_hcRGph: Assigned Leader: MasaeAhmya (0)
[11:49:23.8828477] [Warning: Unity Log] YellowPikmin4 Pik Animation State '' not found
[11:49:23.8853553] [Info   : LethalMin] Yellow Pikmin_hcRGph: Setting growth stage to 2
[11:49:23.8853553] [Debug  : LethalMin] Yellow Pikmin_hcRGph spawned with type Yellow Pikmin and ID: Yellow Pikmin_hcRGph At: (994.95, 996.23, 1001.75) random seed: 88524365 index: 25
[11:49:23.8928685] [Message: LethalMin] Spawning: Yellow Pikmin
[11:49:23.8966582] [Debug  : LethalMin] <ID Not Set>: Is linking onto LegAnimLink1
[11:49:23.8966582] [Debug  : LethalMin] <ID Not Set>: Setting collision mode to 0
[11:49:23.9226941] [Debug  : LethalMin] Yellow Pikmin: No sound pack found for generation Pikmin4, using default sound pack.
[11:49:23.9226941] [Debug  : LethalMin] InitalizedPikmin Type: Yellow Pikmin with ID: Yellow Pikmin_e1F8k
[11:49:23.9226941] [Debug  : LethalMin] Yellow Pikmin_e1F8k: Using Cached growth objects
[11:49:23.9226941] [Info   : LethalMin] Yellow Pikmin_e1F8k: Setting growth stage to 0
[11:49:23.9226941] [Debug  : LethalMin] Yellow Pikmin_IkVZWQe: Removed Leader
[11:49:23.9226941] [Debug  : LethalMin] Yellow Pikmin_IkVZWQe: Setting collision mode to 1
[11:49:23.9226941] [Warning: Unity Log] Failed to create agent because it is not close enough to the NavMesh
[11:49:23.9226941] [Info   : LethalMin] Yellow Pikmin_IkVZWQe: Assigned Leader: MasaeAhmya (0)
[11:49:23.9226941] [Warning: Unity Log] YellowPikmin4 Pik Animation State '' not found
[11:49:23.9226941] [Info   : LethalMin] Yellow Pikmin_IkVZWQe: Setting growth stage to 2
[11:49:23.9226941] [Debug  : LethalMin] Yellow Pikmin_IkVZWQe spawned with type Yellow Pikmin and ID: Yellow Pikmin_IkVZWQe At: (994.95, 996.23, 1001.75) random seed: 88524368 index: 26
[11:49:24.0499675] [Warning: Unity Log] Only custom filters can be played. Please add a custom filter or an audioclip to the audiosource (SweepingSFX).
[11:49:24.0845288] [Info   :ReservedItemSlotCore-2.0.41] Focusing reserved hotbar slots. NewIndex: 7 OldIndex: 1 ReservedStartIndex: 4
[11:49:24.1258056] [Info   : Unity Log] HoarderBug(Clone) : Setting target object and going towards it. [NCS:180-71342]
[11:49:24.3086167] [Debug  : LethalMin] Yellow Pikmin_8LNgEB: Setting collision mode to 1
[11:49:24.3267448] [Debug  : LethalMin] Yellow Pikmin_G5l3h: Setting collision mode to 1
[11:49:24.3598463] [Debug  : LethalMin] Yellow Pikmin_VhJAgo: Setting collision mode to 1
[11:49:24.4407600] [Debug  : LethalMin] Yellow Pikmin_khCd: Setting collision mode to 1
[11:49:24.4587967] [Debug  : LethalMin] Yellow Pikmin_LuMKh: Setting collision mode to 1
[11:49:24.4873685] [Debug  : LethalMin] Yellow Pikmin_PerDu: Setting collision mode to 1
[11:49:24.5715784] [Debug  : LethalMin] Yellow Pikmin_ruCpzY: Setting collision mode to 1
[11:49:24.5886237] [Debug  : LethalMin] Yellow Pikmin_XYErHj: Setting collision mode to 1
[11:49:24.6172737] [Debug  : LethalMin] Yellow Pikmin_pxom: Setting collision mode to 1
[11:49:24.7000194] [Debug  : LethalMin] Yellow Pikmin_apYy5: Setting collision mode to 1
[11:49:24.7175584] [Debug  : LethalMin] Yellow Pikmin_3wnH: Setting collision mode to 1
[11:49:24.7446602] [Debug  : LethalMin] Yellow Pikmin_2nE2lyy: Setting collision mode to 1
[11:49:24.8319601] [Debug  : LethalMin] Yellow Pikmin_Aq9v9: Setting collision mode to 1
[11:49:24.8398348] [Debug  : LethalMin] Yellow Pikmin_hcRGph: Setting collision mode to 1
[11:49:24.8763889] [Debug  : LethalMin] Yellow Pikmin_IkVZWQe: Setting collision mode to 1
[11:49:25.1507206] [Info   : Unity Log] Is jetpack audio playing?: True
[11:49:25.8186897] [Info   : Unity Log] HoarderBug(Clone) : Setting target object and going towards it. [NCS:180-71531]
[11:49:26.2618848] [Info   : Unity Log] Butler: pinged attention to position
[11:49:27.5320568] [Info   : Unity Log] HoarderBug(Clone) : Setting target object and going towards it. [NCS:180-71739]
[11:49:27.9829142] [Info   : Unity Log] Is jetpack audio playing?: True
[11:49:28.4590008] [Info   : Unity Log] Is jetpack audio playing?: True
[11:49:28.7499476] [Info   : Unity Log] Is jetpack audio playing?: True
[11:49:28.9800162] [Info   : Unity Log] HoarderBug(Clone) : Setting target object and going towards it. [NCS:180-71949]
[11:49:29.1519141] [Info   : Unity Log] Is jetpack audio playing?: True
[11:49:29.3243876] [Info   : Unity Log] Butler: pinged attention to position
[11:49:29.5999537] [Info   : Unity Log] Is jetpack audio playing?: True
[11:49:29.9237382] [Info   : Unity Log] Is jetpack audio playing?: True
[11:49:29.9258307] [Warning: Unity Log] Only custom filters can be played. Please add a custom filter or an audioclip to the audiosource (SweepingSFX).
[11:49:30.1520452] [Debug  :   Coroner] Querying target player parameters pre-death...
[11:49:30.1520452] [Debug  :   Coroner] Query successful!True
[11:49:30.2466257] [Info   : Unity Log] HoarderBug(Clone) : Setting target object and going towards it. [NCS:180-72140]
[11:49:31.5119166] [Info   : Unity Log] HoarderBug(Clone) : Setting target object and going towards it. [NCS:180-72330]
[11:49:32.1046147] [Info   : LethalMin] TeaKettle(Clone) has reached a route node: EntranceTeleportA(Clone)
[11:49:32.1076194] [Info   : LethalMin] Purple Pikmin_ib6l: Using entrance EntranceTeleportA(Clone)
[11:49:32.1076194] [Debug  : LethalMin] Pikmin reached node 1/2
[11:49:32.3966239] [Info   : Unity Log] Butler: pinged attention to position
[11:49:32.8430978] [Info   : Unity Log] DROP ITEM AHEAD
[11:49:32.8430978] [Info   : Unity Log] Got raycast hit
[11:49:32.8430978] [Info   : Unity Log] Startpos: (11.88, 15.28, -162.91)
[11:49:32.8430978] [Warning: Unity Log] Parent of RectTransform is being set with parent property. Consider using the SetParent method instead, with the worldPositionStays argument set to false. This will retain local orientation and scale rather than world orientation and scale, which can prevent common UI scaling issues.
[11:49:32.8430978] [Info   : Unity Log] Owner of jetpack?: True
[11:49:32.8430978] [Info   : Unity Log] Is dead?: False
[11:49:32.8430978] [Debug  : LightsOut] DiscardItem Jetpack
[11:49:33.8115344] [Info   : Unity Log] enemy rush index is -1; current index 0
[11:49:33.8115344] [Info   : Unity Log] Hours: 540 ; Time: 0.5 | Enemy #0 'Centipede' : probability: 39
[11:49:33.8115344] [Info   : Unity Log] enemy rush index is -1; current index 1
[11:49:33.8115344] [Info   : Unity Log] Hours: 540 ; Time: 0.5 | Enemy #1 'Bunker Spider' : probability: 61
[11:49:33.8115344] [Info   : Unity Log] enemy rush index is -1; current index 2
[11:49:33.8115344] [Info   : Unity Log] Hours: 540 ; Time: 0.5 | Enemy #2 'Hoarding bug' : probability: 22
[11:49:33.8115344] [Info   : Unity Log] enemy rush index is -1; current index 3
[11:49:33.8115344] [Info   : Unity Log] Hours: 540 ; Time: 0.5 | Enemy #3 'Flowerman' : probability: 4
[11:49:33.8115344] [Info   : Unity Log] enemy rush index is -1; current index 4
[11:49:33.8115344] [Info   : Unity Log] Hours: 540 ; Time: 0.5 | Enemy #4 'Crawler' : probability: 39
[11:49:33.8115344] [Info   : Unity Log] enemy rush index is -1; current index 5
[11:49:33.8115344] [Info   : Unity Log] Hours: 540 ; Time: 0.5 | Enemy #5 'Blob' : probability: 31
[11:49:33.8115344] [Info   : Unity Log] enemy rush index is -1; current index 6
[11:49:33.8115344] [Info   : Unity Log] Hours: 540 ; Time: 0.5 | Enemy #6 'Spring' : probability: 33
[11:49:33.8115344] [Info   : Unity Log] enemy rush index is -1; current index 7
[11:49:33.8115344] [Info   : Unity Log] Hours: 540 ; Time: 0.5 | Enemy #7 'Puffer' : probability: 9
[11:49:33.8115344] [Info   : Unity Log] enemy rush index is -1; current index 8
[11:49:33.8115344] [Info   : Unity Log] Hours: 540 ; Time: 0.5 | Enemy #8 'Nutcracker' : probability: 8
[11:49:33.8115344] [Info   : Unity Log] enemy rush index is -1; current index 9
[11:49:33.8115344] [Info   : Unity Log] Hours: 540 ; Time: 0.5 | Enemy #9 'Maneater' : probability: 3
[11:49:33.8115344] [Info   : Unity Log] enemy rush index is -1; current index 10
[11:49:33.8115344] [Info   : Unity Log] Hours: 540 ; Time: 0.5 | Enemy #10 'Stingray' : probability: 21
[11:49:33.8115344] [Info   : Unity Log] enemy rush index is -1; current index 11
[11:49:33.8115344] [Info   : Unity Log] Hours: 540 ; Time: 0.5 | Enemy #11 'Masked' : probability: 34
[11:49:33.8115344] [Info   : Unity Log] enemy rush index is -1; current index 12
[11:49:33.8115344] [Info   : Unity Log] Hours: 540 ; Time: 0.5 | Enemy #12 'Jester' : probability: 3
[11:49:33.8115344] [Info   : Unity Log] enemy rush index is -1; current index 13
[11:49:33.8115344] [Info   : Unity Log] Hours: 540 ; Time: 0.5 | Enemy #13 'Butler' : probability: 16
[11:49:33.8115344] [Info   : Unity Log] enemy rush index is -1; current index 14
[11:49:33.8115344] [Info   : Unity Log] Hours: 540 ; Time: 0.5 | Enemy #14 'Clay Surgeon' : probability: 2
[11:49:33.8115344] [Info   : Unity Log] enemy rush index is -1; current index 15
[11:49:33.8115344] [Info   : Unity Log] Hours: 540 ; Time: 0.5 | Enemy #15 'Girl' : probability: 1
[11:49:33.8115344] [Info   : Unity Log] enemy rush index is -1; current index 16
[11:49:33.8115344] [Info   : Unity Log] Hours: 540 ; Time: 0.5 | Enemy #16 'Football' : probability: 0
[11:49:33.8115344] [Info   : Unity Log] enemy rush index is -1; current index 17
[11:49:33.8115344] [Info   : Unity Log] Hours: 540 ; Time: 0.5 | Enemy #17 'Herobrine' : probability: 3
[11:49:33.8115344] [Info   : Unity Log] enemy rush index is -1; current index 18
[11:49:33.8115344] [Info   : Unity Log] Hours: 540 ; Time: 0.5 | Enemy #18 'RollingGiant' : probability: 22
[11:49:33.8115344] [Info   : Unity Log] enemy rush index is -1; current index 19
[11:49:33.8115344] [Info   : Unity Log] Hours: 540 ; Time: 0.5 | Enemy #19 'Boomba' : probability: 0
[11:49:33.8115344] [Info   : Unity Log] enemy rush index is -1; current index 20
[11:49:33.8115344] [Info   : Unity Log] Hours: 540 ; Time: 0.5 | Enemy #20 'Rabbit Magician' : probability: 1
[11:49:33.8115344] [Info   : Unity Log] enemy rush index is -1; current index 21
[11:49:33.8115344] [Info   : Unity Log] Hours: 540 ; Time: 0.5 | Enemy #21 'Peace Keeper' : probability: 4
[11:49:33.8115344] [Info   : Unity Log] enemy rush index is -1; current index 22
[11:49:33.8115344] [Info   : Unity Log] Hours: 540 ; Time: 0.5 | Enemy #22 'Lord Of The Manor' : probability: 3
[11:49:33.8115344] [Info   : Unity Log] enemy rush index is -1; current index 23
[11:49:33.8115344] [Info   : Unity Log] Hours: 540 ; Time: 0.5 | Enemy #23 'Janitor' : probability: 10
[11:49:33.8115344] [Info   : Unity Log] enemy rush index is -1; current index 24
[11:49:33.8115344] [Info   : Unity Log] Hours: 540 ; Time: 0.5 | Enemy #24 'Nancy' : probability: 6
[11:49:33.8115344] [Info   : Unity Log] enemy rush index is -1; current index 25
[11:49:33.8115344] [Info   : Unity Log] Hours: 540 ; Time: 0.5 | Enemy #25 'Mistress' : probability: 0
[11:49:33.8115344] [Info   : Unity Log] enemy rush index is -1; current index 26
[11:49:33.8115344] [Info   : Unity Log] Hours: 540 ; Time: 0.5 | Enemy #26 'Duck' : probability: 1
[11:49:33.8115344] [Info   : Unity Log] enemy rush index is -1; current index 27
[11:49:33.8115344] [Info   : Unity Log] Hours: 540 ; Time: 0.5 | Enemy #27 'Transporter' : probability: 0
[11:49:33.8115344] [Info   : Unity Log] ADDING ENEMY #4: Crawler
[11:49:33.8115344] [Info   : Unity Log] Adding 3 to power level, enemy: Crawler
[11:49:33.8115344] [Info   : Unity Log] Adding 1 to diversity level for enemy 'Crawler'
[11:49:33.8115344] [Info   : Unity Log] enemy rush index is -1; current index 0
[11:49:33.8115344] [Info   : Unity Log] Hours: 540 ; Time: 0.5 | Enemy #0 'Centipede' : probability: 39
[11:49:33.8115344] [Info   : Unity Log] enemy rush index is -1; current index 1
[11:49:33.8115344] [Info   : Unity Log] Hours: 540 ; Time: 0.5 | Enemy #1 'Bunker Spider' : probability: 61
[11:49:33.8115344] [Info   : Unity Log] enemy rush index is -1; current index 2
[11:49:33.8115344] [Info   : Unity Log] Hours: 540 ; Time: 0.5 | Enemy #2 'Hoarding bug' : probability: 22
[11:49:33.8115344] [Info   : Unity Log] enemy rush index is -1; current index 3
[11:49:33.8115344] [Info   : Unity Log] Hours: 540 ; Time: 0.5 | Enemy #3 'Flowerman' : probability: 4
[11:49:33.8115344] [Info   : Unity Log] enemy rush index is -1; current index 4
[11:49:33.8115344] [Info   : Unity Log] Hours: 540 ; Time: 0.5 | Enemy #4 'Crawler' : probability: 39
[11:49:33.8115344] [Info   : Unity Log] enemy rush index is -1; current index 5
[11:49:33.8115344] [Info   : Unity Log] Hours: 540 ; Time: 0.5 | Enemy #5 'Blob' : probability: 31
[11:49:33.8115344] [Info   : Unity Log] enemy rush index is -1; current index 6
[11:49:33.8115344] [Info   : Unity Log] Hours: 540 ; Time: 0.5 | Enemy #6 'Spring' : probability: 33
[11:49:33.8115344] [Info   : Unity Log] enemy rush index is -1; current index 7
[11:49:33.8115344] [Info   : Unity Log] Hours: 540 ; Time: 0.5 | Enemy #7 'Puffer' : probability: 9
[11:49:33.8115344] [Info   : Unity Log] enemy rush index is -1; current index 8
[11:49:33.8115344] [Info   : Unity Log] Hours: 540 ; Time: 0.5 | Enemy #8 'Nutcracker' : probability: 8
[11:49:33.8115344] [Info   : Unity Log] enemy rush index is -1; current index 9
[11:49:33.8115344] [Info   : Unity Log] Hours: 540 ; Time: 0.5 | Enemy #9 'Maneater' : probability: 3
[11:49:33.8115344] [Info   : Unity Log] enemy rush index is -1; current index 10
[11:49:33.8115344] [Info   : Unity Log] Hours: 540 ; Time: 0.5 | Enemy #10 'Stingray' : probability: 21
[11:49:33.8115344] [Info   : Unity Log] enemy rush index is -1; current index 11
[11:49:33.8115344] [Info   : Unity Log] Hours: 540 ; Time: 0.5 | Enemy #11 'Masked' : probability: 34
[11:49:33.8115344] [Info   : Unity Log] enemy rush index is -1; current index 12
[11:49:33.8115344] [Info   : Unity Log] Hours: 540 ; Time: 0.5 | Enemy #12 'Jester' : probability: 3
[11:49:33.8115344] [Info   : Unity Log] enemy rush index is -1; current index 13
[11:49:33.8115344] [Info   : Unity Log] Hours: 540 ; Time: 0.5 | Enemy #13 'Butler' : probability: 16
[11:49:33.8115344] [Info   : Unity Log] enemy rush index is -1; current index 14
[11:49:33.8115344] [Info   : Unity Log] Hours: 540 ; Time: 0.5 | Enemy #14 'Clay Surgeon' : probability: 2
[11:49:33.8115344] [Info   : Unity Log] enemy rush index is -1; current index 15
[11:49:33.8115344] [Info   : Unity Log] Hours: 540 ; Time: 0.5 | Enemy #15 'Girl' : probability: 1
[11:49:33.8115344] [Info   : Unity Log] enemy rush index is -1; current index 16
[11:49:33.8115344] [Info   : Unity Log] Hours: 540 ; Time: 0.5 | Enemy #16 'Football' : probability: 0
[11:49:33.8115344] [Info   : Unity Log] enemy rush index is -1; current index 17
[11:49:33.8115344] [Info   : Unity Log] Hours: 540 ; Time: 0.5 | Enemy #17 'Herobrine' : probability: 3
[11:49:33.8115344] [Info   : Unity Log] enemy rush index is -1; current index 18
[11:49:33.8115344] [Info   : Unity Log] Hours: 540 ; Time: 0.5 | Enemy #18 'RollingGiant' : probability: 22
[11:49:33.8115344] [Info   : Unity Log] enemy rush index is -1; current index 19
[11:49:33.8115344] [Info   : Unity Log] Hours: 540 ; Time: 0.5 | Enemy #19 'Boomba' : probability: 0
[11:49:33.8115344] [Info   : Unity Log] enemy rush index is -1; current index 20
[11:49:33.8125355] [Info   : Unity Log] Hours: 540 ; Time: 0.5 | Enemy #20 'Rabbit Magician' : probability: 1
[11:49:33.8125355] [Info   : Unity Log] enemy rush index is -1; current index 21
[11:49:33.8125355] [Info   : Unity Log] Hours: 540 ; Time: 0.5 | Enemy #21 'Peace Keeper' : probability: 4
[11:49:33.8125355] [Info   : Unity Log] enemy rush index is -1; current index 22
[11:49:33.8125355] [Info   : Unity Log] Hours: 540 ; Time: 0.5 | Enemy #22 'Lord Of The Manor' : probability: 3
[11:49:33.8125355] [Info   : Unity Log] enemy rush index is -1; current index 23
[11:49:33.8125355] [Info   : Unity Log] Hours: 540 ; Time: 0.5 | Enemy #23 'Janitor' : probability: 10
[11:49:33.8125355] [Info   : Unity Log] enemy rush index is -1; current index 24
[11:49:33.8125355] [Info   : Unity Log] Hours: 540 ; Time: 0.5 | Enemy #24 'Nancy' : probability: 6
[11:49:33.8125355] [Info   : Unity Log] enemy rush index is -1; current index 25
[11:49:33.8125355] [Info   : Unity Log] Hours: 540 ; Time: 0.5 | Enemy #25 'Mistress' : probability: 0
[11:49:33.8125355] [Info   : Unity Log] enemy rush index is -1; current index 26
[11:49:33.8125355] [Info   : Unity Log] Hours: 540 ; Time: 0.5 | Enemy #26 'Duck' : probability: 1
[11:49:33.8125355] [Info   : Unity Log] enemy rush index is -1; current index 27
[11:49:33.8125355] [Info   : Unity Log] Hours: 540 ; Time: 0.5 | Enemy #27 'Transporter' : probability: 0
[11:49:33.8125355] [Info   : Unity Log] ADDING ENEMY #10: Stingray
[11:49:33.8125355] [Info   : Unity Log] Adding 0.5 to power level, enemy: Stingray
[11:49:33.8125355] [Info   : Unity Log] enemy rush index is -1; current index 0
[11:49:33.8125355] [Info   : Unity Log] Hours: 540 ; Time: 0.5 | Enemy #0 'Centipede' : probability: 39
[11:49:33.8125355] [Info   : Unity Log] enemy rush index is -1; current index 1
[11:49:33.8125355] [Info   : Unity Log] Hours: 540 ; Time: 0.5 | Enemy #1 'Bunker Spider' : probability: 61
[11:49:33.8125355] [Info   : Unity Log] enemy rush index is -1; current index 2
[11:49:33.8125355] [Info   : Unity Log] Hours: 540 ; Time: 0.5 | Enemy #2 'Hoarding bug' : probability: 22
[11:49:33.8125355] [Info   : Unity Log] enemy rush index is -1; current index 3
[11:49:33.8125355] [Info   : Unity Log] Hours: 540 ; Time: 0.5 | Enemy #3 'Flowerman' : probability: 4
[11:49:33.8125355] [Info   : Unity Log] enemy rush index is -1; current index 4
[11:49:33.8125355] [Info   : Unity Log] Hours: 540 ; Time: 0.5 | Enemy #4 'Crawler' : probability: 39
[11:49:33.8125355] [Info   : Unity Log] enemy rush index is -1; current index 5
[11:49:33.8125355] [Info   : Unity Log] Hours: 540 ; Time: 0.5 | Enemy #5 'Blob' : probability: 31
[11:49:33.8125355] [Info   : Unity Log] enemy rush index is -1; current index 6
[11:49:33.8125355] [Info   : Unity Log] Hours: 540 ; Time: 0.5 | Enemy #6 'Spring' : probability: 33
[11:49:33.8125355] [Info   : Unity Log] enemy rush index is -1; current index 7
[11:49:33.8125355] [Info   : Unity Log] Hours: 540 ; Time: 0.5 | Enemy #7 'Puffer' : probability: 9
[11:49:33.8125355] [Info   : Unity Log] enemy rush index is -1; current index 8
[11:49:33.8125355] [Info   : Unity Log] Hours: 540 ; Time: 0.5 | Enemy #8 'Nutcracker' : probability: 8
[11:49:33.8125355] [Info   : Unity Log] enemy rush index is -1; current index 9
[11:49:33.8125355] [Info   : Unity Log] Hours: 540 ; Time: 0.5 | Enemy #9 'Maneater' : probability: 3
[11:49:33.8125355] [Info   : Unity Log] enemy rush index is -1; current index 10
[11:49:33.8125355] [Info   : Unity Log] Hours: 540 ; Time: 0.5 | Enemy #10 'Stingray' : probability: 24
[11:49:33.8125355] [Info   : Unity Log] enemy rush index is -1; current index 11
[11:49:33.8125355] [Info   : Unity Log] Hours: 540 ; Time: 0.5 | Enemy #11 'Masked' : probability: 34
[11:49:33.8125355] [Info   : Unity Log] enemy rush index is -1; current index 12
[11:49:33.8125355] [Info   : Unity Log] Hours: 540 ; Time: 0.5 | Enemy #12 'Jester' : probability: 3
[11:49:33.8125355] [Info   : Unity Log] enemy rush index is -1; current index 13
[11:49:33.8125355] [Info   : Unity Log] Hours: 540 ; Time: 0.5 | Enemy #13 'Butler' : probability: 16
[11:49:33.8125355] [Info   : Unity Log] enemy rush index is -1; current index 14
[11:49:33.8125355] [Info   : Unity Log] Hours: 540 ; Time: 0.5 | Enemy #14 'Clay Surgeon' : probability: 2
[11:49:33.8125355] [Info   : Unity Log] enemy rush index is -1; current index 15
[11:49:33.8125355] [Info   : Unity Log] Hours: 540 ; Time: 0.5 | Enemy #15 'Girl' : probability: 1
[11:49:33.8125355] [Info   : Unity Log] enemy rush index is -1; current index 16
[11:49:33.8125355] [Info   : Unity Log] Hours: 540 ; Time: 0.5 | Enemy #16 'Football' : probability: 0
[11:49:33.8125355] [Info   : Unity Log] enemy rush index is -1; current index 17
[11:49:33.8125355] [Info   : Unity Log] Hours: 540 ; Time: 0.5 | Enemy #17 'Herobrine' : probability: 3
[11:49:33.8125355] [Info   : Unity Log] enemy rush index is -1; current index 18
[11:49:33.8125355] [Info   : Unity Log] Hours: 540 ; Time: 0.5 | Enemy #18 'RollingGiant' : probability: 22
[11:49:33.8125355] [Info   : Unity Log] enemy rush index is -1; current index 19
[11:49:33.8125355] [Info   : Unity Log] Hours: 540 ; Time: 0.5 | Enemy #19 'Boomba' : probability: 0
[11:49:33.8125355] [Info   : Unity Log] enemy rush index is -1; current index 20
[11:49:33.8125355] [Info   : Unity Log] Hours: 540 ; Time: 0.5 | Enemy #20 'Rabbit Magician' : probability: 1
[11:49:33.8125355] [Info   : Unity Log] enemy rush index is -1; current index 21
[11:49:33.8125355] [Info   : Unity Log] Hours: 540 ; Time: 0.5 | Enemy #21 'Peace Keeper' : probability: 4
[11:49:33.8125355] [Info   : Unity Log] enemy rush index is -1; current index 22
[11:49:33.8125355] [Info   : Unity Log] Hours: 540 ; Time: 0.5 | Enemy #22 'Lord Of The Manor' : probability: 3
[11:49:33.8125355] [Info   : Unity Log] enemy rush index is -1; current index 23
[11:49:33.8125355] [Info   : Unity Log] Hours: 540 ; Time: 0.5 | Enemy #23 'Janitor' : probability: 10
[11:49:33.8125355] [Info   : Unity Log] enemy rush index is -1; current index 24
[11:49:33.8125355] [Info   : Unity Log] Hours: 540 ; Time: 0.5 | Enemy #24 'Nancy' : probability: 6
[11:49:33.8125355] [Info   : Unity Log] enemy rush index is -1; current index 25
[11:49:33.8125355] [Info   : Unity Log] Hours: 540 ; Time: 0.5 | Enemy #25 'Mistress' : probability: 0
[11:49:33.8125355] [Info   : Unity Log] enemy rush index is -1; current index 26
[11:49:33.8125355] [Info   : Unity Log] Hours: 540 ; Time: 0.5 | Enemy #26 'Duck' : probability: 1
[11:49:33.8125355] [Info   : Unity Log] enemy rush index is -1; current index 27
[11:49:33.8125355] [Info   : Unity Log] Hours: 540 ; Time: 0.5 | Enemy #27 'Transporter' : probability: 0
[11:49:33.8125355] [Info   : Unity Log] ADDING ENEMY #18: RollingGiant
[11:49:33.8125355] [Info   : Unity Log] Adding 1 to power level, enemy: RollingGiant
[11:49:33.8125355] [Info   : Unity Log] Adding 0 to diversity level for enemy 'RollingGiant'
[11:49:33.8125355] [Info   : Unity Log] enemy rush index is -1; current index 0
[11:49:33.8125355] [Info   : Unity Log] Hours: 540 ; Time: 0.5 | Enemy #0 'Centipede' : probability: 39
[11:49:33.8125355] [Info   : Unity Log] enemy rush index is -1; current index 1
[11:49:33.8125355] [Info   : Unity Log] Hours: 540 ; Time: 0.5 | Enemy #1 'Bunker Spider' : probability: 61
[11:49:33.8125355] [Info   : Unity Log] enemy rush index is -1; current index 2
[11:49:33.8125355] [Info   : Unity Log] Hours: 540 ; Time: 0.5 | Enemy #2 'Hoarding bug' : probability: 22
[11:49:33.8125355] [Info   : Unity Log] enemy rush index is -1; current index 3
[11:49:33.8125355] [Info   : Unity Log] Hours: 540 ; Time: 0.5 | Enemy #3 'Flowerman' : probability: 4
[11:49:33.8125355] [Info   : Unity Log] enemy rush index is -1; current index 4
[11:49:33.8125355] [Info   : Unity Log] Hours: 540 ; Time: 0.5 | Enemy #4 'Crawler' : probability: 39
[11:49:33.8125355] [Info   : Unity Log] enemy rush index is -1; current index 5
[11:49:33.8125355] [Info   : Unity Log] Hours: 540 ; Time: 0.5 | Enemy #5 'Blob' : probability: 31
[11:49:33.8125355] [Info   : Unity Log] enemy rush index is -1; current index 6
[11:49:33.8125355] [Info   : Unity Log] Hours: 540 ; Time: 0.5 | Enemy #6 'Spring' : probability: 33
[11:49:33.8125355] [Info   : Unity Log] enemy rush index is -1; current index 7
[11:49:33.8125355] [Info   : Unity Log] Hours: 540 ; Time: 0.5 | Enemy #7 'Puffer' : probability: 9
[11:49:33.8125355] [Info   : Unity Log] enemy rush index is -1; current index 8
[11:49:33.8125355] [Info   : Unity Log] Hours: 540 ; Time: 0.5 | Enemy #8 'Nutcracker' : probability: 8
[11:49:33.8125355] [Info   : Unity Log] enemy rush index is -1; current index 9
[11:49:33.8125355] [Info   : Unity Log] Hours: 540 ; Time: 0.5 | Enemy #9 'Maneater' : probability: 3
[11:49:33.8125355] [Info   : Unity Log] enemy rush index is -1; current index 10
[11:49:33.8125355] [Info   : Unity Log] Hours: 540 ; Time: 0.5 | Enemy #10 'Stingray' : probability: 24
[11:49:33.8125355] [Info   : Unity Log] enemy rush index is -1; current index 11
[11:49:33.8125355] [Info   : Unity Log] Hours: 540 ; Time: 0.5 | Enemy #11 'Masked' : probability: 34
[11:49:33.8125355] [Info   : Unity Log] enemy rush index is -1; current index 12
[11:49:33.8125355] [Info   : Unity Log] Hours: 540 ; Time: 0.5 | Enemy #12 'Jester' : probability: 3
[11:49:33.8125355] [Info   : Unity Log] enemy rush index is -1; current index 13
[11:49:33.8125355] [Info   : Unity Log] Hours: 540 ; Time: 0.5 | Enemy #13 'Butler' : probability: 16
[11:49:33.8125355] [Info   : Unity Log] enemy rush index is -1; current index 14
[11:49:33.8125355] [Info   : Unity Log] Hours: 540 ; Time: 0.5 | Enemy #14 'Clay Surgeon' : probability: 2
[11:49:33.8125355] [Info   : Unity Log] enemy rush index is -1; current index 15
[11:49:33.8125355] [Info   : Unity Log] Hours: 540 ; Time: 0.5 | Enemy #15 'Girl' : probability: 1
[11:49:33.8125355] [Info   : Unity Log] enemy rush index is -1; current index 16
[11:49:33.8125355] [Info   : Unity Log] Hours: 540 ; Time: 0.5 | Enemy #16 'Football' : probability: 0
[11:49:33.8125355] [Info   : Unity Log] enemy rush index is -1; current index 17
[11:49:33.8125355] [Info   : Unity Log] Hours: 540 ; Time: 0.5 | Enemy #17 'Herobrine' : probability: 3
[11:49:33.8125355] [Info   : Unity Log] enemy rush index is -1; current index 18
[11:49:33.8125355] [Info   : Unity Log] Hours: 540 ; Time: 0.5 | Enemy #18 'RollingGiant' : probability: 22
[11:49:33.8125355] [Info   : Unity Log] enemy rush index is -1; current index 19
[11:49:33.8125355] [Info   : Unity Log] Hours: 540 ; Time: 0.5 | Enemy #19 'Boomba' : probability: 0
[11:49:33.8125355] [Info   : Unity Log] enemy rush index is -1; current index 20
[11:49:33.8125355] [Info   : Unity Log] Hours: 540 ; Time: 0.5 | Enemy #20 'Rabbit Magician' : probability: 1
[11:49:33.8125355] [Info   : Unity Log] enemy rush index is -1; current index 21
[11:49:33.8125355] [Info   : Unity Log] Hours: 540 ; Time: 0.5 | Enemy #21 'Peace Keeper' : probability: 4
[11:49:33.8125355] [Info   : Unity Log] enemy rush index is -1; current index 22
[11:49:33.8125355] [Info   : Unity Log] Hours: 540 ; Time: 0.5 | Enemy #22 'Lord Of The Manor' : probability: 3
[11:49:33.8125355] [Info   : Unity Log] enemy rush index is -1; current index 23
[11:49:33.8125355] [Info   : Unity Log] Hours: 540 ; Time: 0.5 | Enemy #23 'Janitor' : probability: 10
[11:49:33.8125355] [Info   : Unity Log] enemy rush index is -1; current index 24
[11:49:33.8125355] [Info   : Unity Log] Hours: 540 ; Time: 0.5 | Enemy #24 'Nancy' : probability: 6
[11:49:33.8125355] [Info   : Unity Log] enemy rush index is -1; current index 25
[11:49:33.8125355] [Info   : Unity Log] Hours: 540 ; Time: 0.5 | Enemy #25 'Mistress' : probability: 0
[11:49:33.8125355] [Info   : Unity Log] enemy rush index is -1; current index 26
[11:49:33.8125355] [Info   : Unity Log] Hours: 540 ; Time: 0.5 | Enemy #26 'Duck' : probability: 1
[11:49:33.8125355] [Info   : Unity Log] enemy rush index is -1; current index 27
[11:49:33.8125355] [Info   : Unity Log] Hours: 540 ; Time: 0.5 | Enemy #27 'Transporter' : probability: 0
[11:49:33.8135358] [Info   : Unity Log] ADDING ENEMY #0: Centipede
[11:49:33.8135358] [Info   : Unity Log] Adding 1 to power level, enemy: Centipede
[11:49:33.8135358] [Info   : Unity Log] Adding 1 to diversity level for enemy 'Centipede'
[11:49:33.8135358] [Info   : Unity Log] enemy rush index is -1; current index 0
[11:49:33.8135358] [Info   : Unity Log] Hours: 540 ; Time: 0.5 | Enemy #0 'Centipede' : probability: 39
[11:49:33.8135358] [Info   : Unity Log] enemy rush index is -1; current index 1
[11:49:33.8135358] [Info   : Unity Log] Hours: 540 ; Time: 0.5 | Enemy #1 'Bunker Spider' : probability: 61
[11:49:33.8135358] [Info   : Unity Log] enemy rush index is -1; current index 2
[11:49:33.8135358] [Info   : Unity Log] Hours: 540 ; Time: 0.5 | Enemy #2 'Hoarding bug' : probability: 22
[11:49:33.8135358] [Info   : Unity Log] enemy rush index is -1; current index 3
[11:49:33.8135358] [Info   : Unity Log] Hours: 540 ; Time: 0.5 | Enemy #3 'Flowerman' : probability: 4
[11:49:33.8135358] [Info   : Unity Log] enemy rush index is -1; current index 4
[11:49:33.8135358] [Info   : Unity Log] Hours: 540 ; Time: 0.5 | Enemy #4 'Crawler' : probability: 39
[11:49:33.8135358] [Info   : Unity Log] enemy rush index is -1; current index 5
[11:49:33.8135358] [Info   : Unity Log] Hours: 540 ; Time: 0.5 | Enemy #5 'Blob' : probability: 31
[11:49:33.8135358] [Info   : Unity Log] enemy rush index is -1; current index 6
[11:49:33.8135358] [Info   : Unity Log] Hours: 540 ; Time: 0.5 | Enemy #6 'Spring' : probability: 33
[11:49:33.8135358] [Info   : Unity Log] enemy rush index is -1; current index 7
[11:49:33.8135358] [Info   : Unity Log] Hours: 540 ; Time: 0.5 | Enemy #7 'Puffer' : probability: 9
[11:49:33.8135358] [Info   : Unity Log] enemy rush index is -1; current index 8
[11:49:33.8135358] [Info   : Unity Log] Hours: 540 ; Time: 0.5 | Enemy #8 'Nutcracker' : probability: 8
[11:49:33.8135358] [Info   : Unity Log] enemy rush index is -1; current index 9
[11:49:33.8135358] [Info   : Unity Log] Hours: 540 ; Time: 0.5 | Enemy #9 'Maneater' : probability: 3
[11:49:33.8135358] [Info   : Unity Log] enemy rush index is -1; current index 10
[11:49:33.8135358] [Info   : Unity Log] Hours: 540 ; Time: 0.5 | Enemy #10 'Stingray' : probability: 24
[11:49:33.8135358] [Info   : Unity Log] enemy rush index is -1; current index 11
[11:49:33.8135358] [Info   : Unity Log] Hours: 540 ; Time: 0.5 | Enemy #11 'Masked' : probability: 34
[11:49:33.8135358] [Info   : Unity Log] enemy rush index is -1; current index 12
[11:49:33.8135358] [Info   : Unity Log] Hours: 540 ; Time: 0.5 | Enemy #12 'Jester' : probability: 3
[11:49:33.8135358] [Info   : Unity Log] enemy rush index is -1; current index 13
[11:49:33.8135358] [Info   : Unity Log] Hours: 540 ; Time: 0.5 | Enemy #13 'Butler' : probability: 16
[11:49:33.8135358] [Info   : Unity Log] enemy rush index is -1; current index 14
[11:49:33.8135358] [Info   : Unity Log] Hours: 540 ; Time: 0.5 | Enemy #14 'Clay Surgeon' : probability: 2
[11:49:33.8135358] [Info   : Unity Log] enemy rush index is -1; current index 15
[11:49:33.8135358] [Info   : Unity Log] Hours: 540 ; Time: 0.5 | Enemy #15 'Girl' : probability: 1
[11:49:33.8135358] [Info   : Unity Log] enemy rush index is -1; current index 16
[11:49:33.8135358] [Info   : Unity Log] Hours: 540 ; Time: 0.5 | Enemy #16 'Football' : probability: 0
[11:49:33.8135358] [Info   : Unity Log] enemy rush index is -1; current index 17
[11:49:33.8135358] [Info   : Unity Log] Hours: 540 ; Time: 0.5 | Enemy #17 'Herobrine' : probability: 3
[11:49:33.8135358] [Info   : Unity Log] enemy rush index is -1; current index 18
[11:49:33.8135358] [Info   : Unity Log] Hours: 540 ; Time: 0.5 | Enemy #18 'RollingGiant' : probability: 22
[11:49:33.8135358] [Info   : Unity Log] enemy rush index is -1; current index 19
[11:49:33.8135358] [Info   : Unity Log] Hours: 540 ; Time: 0.5 | Enemy #19 'Boomba' : probability: 0
[11:49:33.8135358] [Info   : Unity Log] enemy rush index is -1; current index 20
[11:49:33.8135358] [Info   : Unity Log] Hours: 540 ; Time: 0.5 | Enemy #20 'Rabbit Magician' : probability: 1
[11:49:33.8135358] [Info   : Unity Log] enemy rush index is -1; current index 21
[11:49:33.8135358] [Info   : Unity Log] Hours: 540 ; Time: 0.5 | Enemy #21 'Peace Keeper' : probability: 4
[11:49:33.8135358] [Info   : Unity Log] enemy rush index is -1; current index 22
[11:49:33.8135358] [Info   : Unity Log] Hours: 540 ; Time: 0.5 | Enemy #22 'Lord Of The Manor' : probability: 3
[11:49:33.8135358] [Info   : Unity Log] enemy rush index is -1; current index 23
[11:49:33.8135358] [Info   : Unity Log] Hours: 540 ; Time: 0.5 | Enemy #23 'Janitor' : probability: 10
[11:49:33.8135358] [Info   : Unity Log] enemy rush index is -1; current index 24
[11:49:33.8135358] [Info   : Unity Log] Hours: 540 ; Time: 0.5 | Enemy #24 'Nancy' : probability: 6
[11:49:33.8135358] [Info   : Unity Log] enemy rush index is -1; current index 25
[11:49:33.8135358] [Info   : Unity Log] Hours: 540 ; Time: 0.5 | Enemy #25 'Mistress' : probability: 0
[11:49:33.8135358] [Info   : Unity Log] enemy rush index is -1; current index 26
[11:49:33.8135358] [Info   : Unity Log] Hours: 540 ; Time: 0.5 | Enemy #26 'Duck' : probability: 1
[11:49:33.8135358] [Info   : Unity Log] enemy rush index is -1; current index 27
[11:49:33.8135358] [Info   : Unity Log] Hours: 540 ; Time: 0.5 | Enemy #27 'Transporter' : probability: 0
[11:49:33.8135358] [Info   : Unity Log] ADDING ENEMY #4: Crawler
[11:49:33.8135358] [Info   : Unity Log] Adding 3 to power level, enemy: Crawler
[11:49:33.8135358] [Info   : Unity Log] enemy rush index is -1; current index 0
[11:49:33.8135358] [Info   : Unity Log] Hours: 540 ; Time: 0.5 | Enemy #0 'Centipede' : probability: 39
[11:49:33.8135358] [Info   : Unity Log] enemy rush index is -1; current index 1
[11:49:33.8135358] [Info   : Unity Log] Hours: 540 ; Time: 0.5 | Enemy #1 'Bunker Spider' : probability: 61
[11:49:33.8135358] [Info   : Unity Log] enemy rush index is -1; current index 2
[11:49:33.8135358] [Info   : Unity Log] Hours: 540 ; Time: 0.5 | Enemy #2 'Hoarding bug' : probability: 22
[11:49:33.8135358] [Info   : Unity Log] enemy rush index is -1; current index 3
[11:49:33.8135358] [Info   : Unity Log] Hours: 540 ; Time: 0.5 | Enemy #3 'Flowerman' : probability: 4
[11:49:33.8135358] [Info   : Unity Log] enemy rush index is -1; current index 4
[11:49:33.8135358] [Info   : Unity Log] Hours: 540 ; Time: 0.5 | Enemy #4 'Crawler' : probability: 39
[11:49:33.8135358] [Info   : Unity Log] enemy rush index is -1; current index 5
[11:49:33.8135358] [Info   : Unity Log] Hours: 540 ; Time: 0.5 | Enemy #5 'Blob' : probability: 31
[11:49:33.8135358] [Info   : Unity Log] enemy rush index is -1; current index 6
[11:49:33.8135358] [Info   : Unity Log] Hours: 540 ; Time: 0.5 | Enemy #6 'Spring' : probability: 33
[11:49:33.8135358] [Info   : Unity Log] enemy rush index is -1; current index 7
[11:49:33.8135358] [Info   : Unity Log] Hours: 540 ; Time: 0.5 | Enemy #7 'Puffer' : probability: 9
[11:49:33.8135358] [Info   : Unity Log] enemy rush index is -1; current index 8
[11:49:33.8135358] [Info   : Unity Log] Hours: 540 ; Time: 0.5 | Enemy #8 'Nutcracker' : probability: 8
[11:49:33.8135358] [Info   : Unity Log] enemy rush index is -1; current index 9
[11:49:33.8135358] [Info   : Unity Log] Hours: 540 ; Time: 0.5 | Enemy #9 'Maneater' : probability: 3
[11:49:33.8135358] [Info   : Unity Log] enemy rush index is -1; current index 10
[11:49:33.8135358] [Info   : Unity Log] Hours: 540 ; Time: 0.5 | Enemy #10 'Stingray' : probability: 24
[11:49:33.8135358] [Info   : Unity Log] enemy rush index is -1; current index 11
[11:49:33.8135358] [Info   : Unity Log] Hours: 540 ; Time: 0.5 | Enemy #11 'Masked' : probability: 34
[11:49:33.8135358] [Info   : Unity Log] enemy rush index is -1; current index 12
[11:49:33.8135358] [Info   : Unity Log] Hours: 540 ; Time: 0.5 | Enemy #12 'Jester' : probability: 3
[11:49:33.8135358] [Info   : Unity Log] enemy rush index is -1; current index 13
[11:49:33.8135358] [Info   : Unity Log] Hours: 540 ; Time: 0.5 | Enemy #13 'Butler' : probability: 16
[11:49:33.8135358] [Info   : Unity Log] enemy rush index is -1; current index 14
[11:49:33.8135358] [Info   : Unity Log] Hours: 540 ; Time: 0.5 | Enemy #14 'Clay Surgeon' : probability: 2
[11:49:33.8135358] [Info   : Unity Log] enemy rush index is -1; current index 15
[11:49:33.8135358] [Info   : Unity Log] Hours: 540 ; Time: 0.5 | Enemy #15 'Girl' : probability: 1
[11:49:33.8135358] [Info   : Unity Log] enemy rush index is -1; current index 16
[11:49:33.8135358] [Info   : Unity Log] Hours: 540 ; Time: 0.5 | Enemy #16 'Football' : probability: 0
[11:49:33.8135358] [Info   : Unity Log] enemy rush index is -1; current index 17
[11:49:33.8135358] [Info   : Unity Log] Hours: 540 ; Time: 0.5 | Enemy #17 'Herobrine' : probability: 3
[11:49:33.8135358] [Info   : Unity Log] enemy rush index is -1; current index 18
[11:49:33.8135358] [Info   : Unity Log] Hours: 540 ; Time: 0.5 | Enemy #18 'RollingGiant' : probability: 22
[11:49:33.8135358] [Info   : Unity Log] enemy rush index is -1; current index 19
[11:49:33.8135358] [Info   : Unity Log] Hours: 540 ; Time: 0.5 | Enemy #19 'Boomba' : probability: 0
[11:49:33.8135358] [Info   : Unity Log] enemy rush index is -1; current index 20
[11:49:33.8135358] [Info   : Unity Log] Hours: 540 ; Time: 0.5 | Enemy #20 'Rabbit Magician' : probability: 1
[11:49:33.8135358] [Info   : Unity Log] enemy rush index is -1; current index 21
[11:49:33.8135358] [Info   : Unity Log] Hours: 540 ; Time: 0.5 | Enemy #21 'Peace Keeper' : probability: 4
[11:49:33.8135358] [Info   : Unity Log] enemy rush index is -1; current index 22
[11:49:33.8135358] [Info   : Unity Log] Hours: 540 ; Time: 0.5 | Enemy #22 'Lord Of The Manor' : probability: 3
[11:49:33.8135358] [Info   : Unity Log] enemy rush index is -1; current index 23
[11:49:33.8135358] [Info   : Unity Log] Hours: 540 ; Time: 0.5 | Enemy #23 'Janitor' : probability: 10
[11:49:33.8135358] [Info   : Unity Log] enemy rush index is -1; current index 24
[11:49:33.8135358] [Info   : Unity Log] Hours: 540 ; Time: 0.5 | Enemy #24 'Nancy' : probability: 6
[11:49:33.8135358] [Info   : Unity Log] enemy rush index is -1; current index 25
[11:49:33.8135358] [Info   : Unity Log] Hours: 540 ; Time: 0.5 | Enemy #25 'Mistress' : probability: 0
[11:49:33.8135358] [Info   : Unity Log] enemy rush index is -1; current index 26
[11:49:33.8135358] [Info   : Unity Log] Hours: 540 ; Time: 0.5 | Enemy #26 'Duck' : probability: 1
[11:49:33.8135358] [Info   : Unity Log] enemy rush index is -1; current index 27
[11:49:33.8135358] [Info   : Unity Log] Hours: 540 ; Time: 0.5 | Enemy #27 'Transporter' : probability: 0
[11:49:33.8135358] [Info   : Unity Log] ADDING ENEMY #4: Crawler
[11:49:33.8135358] [Info   : Unity Log] Adding 3 to power level, enemy: Crawler
[11:49:34.9046442] [Info   : Unity Log] Called finishopeningentrance (False)
[11:49:34.9046442] [Info   : Unity Log] Id is not 0
[11:49:34.9046442] [Debug  :PizzaTowerEscapeMusic GameEventListener] Player entered facility
[11:49:34.9046442] [Debug  : LethalMin] Setting pikmin to entrance: True
[11:49:34.9056665] [Info   : LethalMin] Yellow Pikmin_8LNgEB: Warping to position around leader at angle -90 degrees
[11:49:34.9056665] [Info   : LethalMin] Yellow Pikmin_G5l3h: Warping to position around leader at angle -77.14286 degrees
[11:49:34.9056665] [Info   : LethalMin] Yellow Pikmin_VhJAgo: Warping to position around leader at angle -64.28571 degrees
[11:49:34.9056665] [Info   : LethalMin] Yellow Pikmin_khCd: Warping to position around leader at angle -51.42857 degrees
[11:49:34.9056665] [Info   : LethalMin] Yellow Pikmin_LuMKh: Warping to position around leader at angle -38.57143 degrees
[11:49:34.9056665] [Info   : LethalMin] Yellow Pikmin_PerDu: Warping to position around leader at angle -25.71428 degrees
[11:49:34.9066674] [Info   : LethalMin] Yellow Pikmin_ruCpzY: Warping to position around leader at angle -12.85714 degrees
[11:49:34.9066674] [Info   : LethalMin] Yellow Pikmin_XYErHj: Warping to position around leader at angle 0 degrees
[11:49:34.9066674] [Info   : LethalMin] Yellow Pikmin_pxom: Warping to position around leader at angle 12.85714 degrees
[11:49:34.9066674] [Info   : LethalMin] Yellow Pikmin_apYy5: Warping to position around leader at angle 25.71428 degrees
[11:49:34.9066674] [Info   : LethalMin] Yellow Pikmin_3wnH: Warping to position around leader at angle 38.57143 degrees
[11:49:34.9066674] [Info   : LethalMin] Yellow Pikmin_2nE2lyy: Warping to position around leader at angle 51.42857 degrees
[11:49:34.9066674] [Info   : LethalMin] Yellow Pikmin_Aq9v9: Warping to position around leader at angle 64.28571 degrees
[11:49:34.9066674] [Info   : LethalMin] Yellow Pikmin_hcRGph: Warping to position around leader at angle 77.14286 degrees
[11:49:34.9066674] [Info   : LethalMin] Yellow Pikmin_IkVZWQe: Warping to position around leader at angle 90 degrees
[11:49:34.9066674] [Debug  : LethalMin] Setting pikmin to entrance: True
[11:49:34.9066674] [Info   : LethalMin] Yellow Pikmin_8LNgEB: Warping to position around leader at angle -90 degrees
[11:49:34.9066674] [Info   : LethalMin] Yellow Pikmin_G5l3h: Warping to position around leader at angle -77.14286 degrees
[11:49:34.9066674] [Info   : LethalMin] Yellow Pikmin_VhJAgo: Warping to position around leader at angle -64.28571 degrees
[11:49:34.9066674] [Info   : LethalMin] Yellow Pikmin_khCd: Warping to position around leader at angle -51.42857 degrees
[11:49:34.9066674] [Info   : LethalMin] Yellow Pikmin_LuMKh: Warping to position around leader at angle -38.57143 degrees
[11:49:34.9066674] [Info   : LethalMin] Yellow Pikmin_PerDu: Warping to position around leader at angle -25.71428 degrees
[11:49:34.9066674] [Info   : LethalMin] Yellow Pikmin_ruCpzY: Warping to position around leader at angle -12.85714 degrees
[11:49:34.9066674] [Info   : LethalMin] Yellow Pikmin_XYErHj: Warping to position around leader at angle 0 degrees
[11:49:34.9066674] [Info   : LethalMin] Yellow Pikmin_pxom: Warping to position around leader at angle 12.85714 degrees
[11:49:34.9066674] [Info   : LethalMin] Yellow Pikmin_apYy5: Warping to position around leader at angle 25.71428 degrees
[11:49:34.9066674] [Info   : LethalMin] Yellow Pikmin_3wnH: Warping to position around leader at angle 38.57143 degrees
[11:49:34.9066674] [Info   : LethalMin] Yellow Pikmin_2nE2lyy: Warping to position around leader at angle 51.42857 degrees
[11:49:34.9066674] [Info   : LethalMin] Yellow Pikmin_Aq9v9: Warping to position around leader at angle 64.28571 degrees
[11:49:34.9066674] [Info   : LethalMin] Yellow Pikmin_hcRGph: Warping to position around leader at angle 77.14286 degrees
[11:49:34.9066674] [Info   : LethalMin] Yellow Pikmin_IkVZWQe: Warping to position around leader at angle 90 degrees
[11:49:34.9644019] [Debug  :   Coroner] Querying target player parameters pre-death...
[11:49:34.9644019] [Debug  :   Coroner] Query successful!True
[11:49:35.4582137] [Info   : Unity Log] Butler: pinged attention to position
[11:49:36.3055302] [Debug  : LethalMin] Sprout Setting growth stage to 2
[11:49:37.2857755] [Warning: Unity Log] Only custom filters can be played. Please add a custom filter or an audioclip to the audiosource (SweepingSFX).
[11:49:38.5192797] [Info   : Unity Log] Butler: pinged attention to position
[11:49:39.3774786] [Debug  :   Coroner] Querying target player parameters pre-death...
[11:49:39.3774786] [Debug  :   Coroner] Query successful!True
[11:49:41.4891256] [Warning: Unity Log] Only custom filters can be played. Please add a custom filter or an audioclip to the audiosource (SweepingSFX).
[11:49:41.5892601] [Info   : Unity Log] Butler: pinged attention to position
[11:49:42.2966093] [Debug  : LethalMin] Sprout Setting growth stage to 2
[11:49:43.7992035] [Info   : Unity Log] Found enemy vent which has its time up: VentEntrance(Clone). Spawning Crawler from vent.
[11:49:43.8012101] [Info   : Unity Log] Spawned enemy from vent
[11:49:43.8093158] [Debug  :Starlancer AI Fix] The Enemy Whitelist contains: Blob, Butler, Centipede, Crawler, Flowerman, HoarderBug, Nutcracker, SandSpider, Stingray.
[11:49:43.8093158] [Debug  :Starlancer AI Fix] Adding IVisibleThreat component to Crawler(Clone).
[11:49:44.1077825] [Warning: Unity Log] PlayOneShot was called with a null AudioClip.
[11:49:44.5159681] [Info   : Unity Log] Found enemy vent which has its time up: VentEntrance(Clone). Spawning Stingray from vent.
[11:49:44.5309828] [Info   : Unity Log] Spawned enemy from vent
[11:49:44.5401018] [Debug  :Starlancer AI Fix] The Enemy Whitelist contains: Blob, Butler, Centipede, Crawler, Flowerman, HoarderBug, Nutcracker, SandSpider, Stingray.
[11:49:44.5401018] [Debug  :Starlancer AI Fix] Adding IVisibleThreat component to StingrayEnemy(Clone).
[11:49:44.6833109] [Info   : Unity Log] Butler: pinged attention to position
[11:49:45.0231292] [Warning: LethalMin] TeaKettle(Clone) route has been invalidated (NodeBecameUnreachable), clearing route
[11:49:45.0231292] [Info   : LethalMin] TeaKettle(Clone) has cleared its route
[11:49:45.0231292] [Debug  : LethalMin] Chosen Route Strategy: DirectOutdoorStrategy (Priority 90) 
(ToShip) Route Context: IsInside=False, IsInShip=False, CurrentFloor=null, DestinationIsInside=False, DestinationIsInShip=True
[11:49:45.0231292] [Debug  : LethalMin] Generated Route Nodes: Ship
[11:49:46.0303852] [Warning: LethalMin] TeaKettle(Clone) route has been invalidated (NodeBecameUnreachable), clearing route
[11:49:46.0303852] [Info   : LethalMin] TeaKettle(Clone) has cleared its route
[11:49:46.0303852] [Debug  : LethalMin] Chosen Route Strategy: DirectOutdoorStrategy (Priority 90) 
(ToShip) Route Context: IsInside=False, IsInShip=False, CurrentFloor=null, DestinationIsInside=False, DestinationIsInShip=True
[11:49:46.0303852] [Debug  : LethalMin] Generated Route Nodes: Ship
[11:49:46.4658039] [Warning: Unity Log] Only custom filters can be played. Please add a custom filter or an audioclip to the audiosource (SweepingSFX).
[11:49:47.7514007] [Debug  :   Coroner] Querying target player parameters pre-death...
[11:49:47.7514007] [Debug  :   Coroner] Query successful!True
[11:49:47.7594139] [Info   : Unity Log] Butler: pinged attention to position
[11:49:50.7757226] [Warning:S1.39 Compatibility Fixes] [ThumperPikminGuard] Blocked Crawler/Thumper -> Pikmin GrabPikmin before leader/grab/death-timer state mutation.
[11:49:50.8408897] [Info   : Unity Log] Butler: pinged attention to position
[11:49:50.9447988] [Info   : Unity Log] Found enemy vent which has its time up: VentEntrance(Clone). Spawning Centipede from vent.
[11:49:50.9468044] [Info   : Unity Log] Spawned enemy from vent
[11:49:50.9568229] [Debug  :Starlancer AI Fix] The Enemy Whitelist contains: Blob, Butler, Centipede, Crawler, Flowerman, HoarderBug, Nutcracker, SandSpider, Stingray.
[11:49:50.9568229] [Debug  :Starlancer AI Fix] Adding IVisibleThreat component to Centipede(Clone).
[11:49:50.9568229] [Info   :qwbarch.Mirage] CentipedeAI(bac1a55e-5ed9-472a-9d3f-9e287bfb1aff) - Mimicking player #0
[11:49:52.9769682] [Warning:S1.39 Compatibility Fixes] [ThumperPikminGuard] Blocked Crawler/Thumper -> Pikmin GrabPikmin before leader/grab/death-timer state mutation.
[11:49:53.0448536] [Debug  : LethalMin] Yellow Pikmin_khCd: Setting collision mode to 0
[11:49:53.1423314] [Debug  :   Coroner] Querying target player parameters pre-death...
[11:49:53.1423314] [Debug  :   Coroner] Query successful!True
[11:49:53.1438370] [Debug  :   Coroner] Handling Thumper damage...
[11:49:53.1438370] [Warning:   Coroner] Could not access dying player: Player is still alive!
[11:49:53.1438370] [Debug  :PizzaTowerEscapeMusic GameEventListener] Player took damage (Health: 60)
[11:49:53.1669905] [Debug  :   Coroner] Querying target player parameters pre-death...
[11:49:53.1669905] [Debug  :   Coroner] Query successful!True
[11:49:53.1669905] [Debug  :   Coroner] Handling Thumper damage...
[11:49:53.1669905] [Warning:   Coroner] Could not access dying player: Player is still alive!
[11:49:53.1825106] [Debug  :   Coroner] Querying target player parameters pre-death...
[11:49:53.1825106] [Debug  :   Coroner] Query successful!True
[11:49:53.1825106] [Debug  :   Coroner] Handling Thumper damage...
[11:49:53.1825106] [Warning:   Coroner] Could not access dying player: Player is still alive!
[11:49:53.2047688] [Debug  :   Coroner] Querying target player parameters pre-death...
[11:49:53.2047688] [Debug  :   Coroner] Query successful!True
[11:49:53.2047688] [Debug  :   Coroner] Handling Thumper damage...
[11:49:53.2047688] [Warning:   Coroner] Could not access dying player: Player is still alive!
[11:49:53.2283283] [Debug  :   Coroner] Querying target player parameters pre-death...
[11:49:53.2283283] [Debug  :   Coroner] Query successful!True
[11:49:53.2283283] [Debug  :   Coroner] Handling Thumper damage...
[11:49:53.2283283] [Warning:   Coroner] Could not access dying player: Player is still alive!
[11:49:53.2449445] [Debug  :   Coroner] Querying target player parameters pre-death...
[11:49:53.2449445] [Debug  :   Coroner] Query successful!True
[11:49:53.2449445] [Debug  :   Coroner] Handling Thumper damage...
[11:49:53.2449445] [Warning:   Coroner] Could not access dying player: Player is still alive!
[11:49:53.2624742] [Debug  :   Coroner] Querying target player parameters pre-death...
[11:49:53.2624742] [Debug  :   Coroner] Query successful!True
[11:49:53.2624742] [Debug  :   Coroner] Handling Thumper damage...
[11:49:53.2624742] [Warning:   Coroner] Could not access dying player: Player is still alive!
[11:49:53.2865229] [Debug  :   Coroner] Querying target player parameters pre-death...
[11:49:53.2865229] [Debug  :   Coroner] Query successful!True
[11:49:53.2865229] [Debug  :   Coroner] Handling Thumper damage...
[11:49:53.2865229] [Warning:   Coroner] Could not access dying player: Player is still alive!
[11:49:53.3015433] [Debug  :   Coroner] Querying target player parameters pre-death...
[11:49:53.3015433] [Debug  :   Coroner] Query successful!True
[11:49:53.3015433] [Debug  :   Coroner] Handling Thumper damage...
[11:49:53.3015433] [Warning:   Coroner] Could not access dying player: Player is still alive!
[11:49:53.3220734] [Debug  :   Coroner] Querying target player parameters pre-death...
[11:49:53.3220734] [Debug  :   Coroner] Query successful!True
[11:49:53.3220734] [Debug  :   Coroner] Handling Thumper damage...
[11:49:53.3220734] [Warning:   Coroner] Could not access dying player: Player is still alive!
[11:49:53.3430930] [Debug  :   Coroner] Querying target player parameters pre-death...
[11:49:53.3430930] [Debug  :   Coroner] Query successful!True
[11:49:53.3430930] [Debug  :   Coroner] Handling Thumper damage...
[11:49:53.3430930] [Warning:   Coroner] Could not access dying player: Player is still alive!
[11:49:53.3636713] [Debug  :   Coroner] Querying target player parameters pre-death...
[11:49:53.3636713] [Debug  :   Coroner] Query successful!True
[11:49:53.3636713] [Debug  :   Coroner] Handling Thumper damage...
[11:49:53.3636713] [Warning:   Coroner] Could not access dying player: Player is still alive!
[11:49:53.3848206] [Debug  :   Coroner] Querying target player parameters pre-death...
[11:49:53.3848206] [Debug  :   Coroner] Query successful!True
[11:49:53.3848206] [Debug  :   Coroner] Handling Thumper damage...
[11:49:53.3848206] [Warning:   Coroner] Could not access dying player: Player is still alive!
[11:49:53.4023481] [Debug  :   Coroner] Querying target player parameters pre-death...
[11:49:53.4023481] [Debug  :   Coroner] Query successful!True
[11:49:53.4023481] [Debug  :   Coroner] Handling Thumper damage...
[11:49:53.4023481] [Warning:   Coroner] Could not access dying player: Player is still alive!
[11:49:53.4218812] [Debug  :   Coroner] Querying target player parameters pre-death...
[11:49:53.4218812] [Debug  :   Coroner] Query successful!True
[11:49:53.4218812] [Debug  :   Coroner] Handling Thumper damage...
[11:49:53.4218812] [Warning:   Coroner] Could not access dying player: Player is still alive!
[11:49:53.4448484] [Debug  :   Coroner] Querying target player parameters pre-death...
[11:49:53.4448484] [Debug  :   Coroner] Query successful!True
[11:49:53.4448484] [Debug  :   Coroner] Handling Thumper damage...
[11:49:53.4448484] [Warning:   Coroner] Could not access dying player: Player is still alive!
[11:49:53.4659545] [Debug  :   Coroner] Querying target player parameters pre-death...
[11:49:53.4659545] [Debug  :   Coroner] Query successful!True
[11:49:53.4659545] [Debug  :   Coroner] Handling Thumper damage...
[11:49:53.4659545] [Warning:   Coroner] Could not access dying player: Player is still alive!
[11:49:53.4872037] [Debug  :   Coroner] Querying target player parameters pre-death...
[11:49:53.4872037] [Debug  :   Coroner] Query successful!True
[11:49:53.4872037] [Debug  :   Coroner] Handling Thumper damage...
[11:49:53.4872037] [Warning:   Coroner] Could not access dying player: Player is still alive!
[11:49:53.5037310] [Debug  :   Coroner] Querying target player parameters pre-death...
[11:49:53.5037310] [Debug  :   Coroner] Query successful!True
[11:49:53.5037310] [Debug  :   Coroner] Handling Thumper damage...
[11:49:53.5037310] [Warning:   Coroner] Could not access dying player: Player is still alive!
[11:49:53.5280280] [Debug  :   Coroner] Querying target player parameters pre-death...
[11:49:53.5280280] [Debug  :   Coroner] Query successful!True
[11:49:53.5280280] [Debug  :   Coroner] Handling Thumper damage...
[11:49:53.5280280] [Warning:   Coroner] Could not access dying player: Player is still alive!
[11:49:53.5280280] [Debug  :   Coroner] Querying target player parameters pre-death...
[11:49:53.5280280] [Debug  :   Coroner] Query successful!True
[11:49:53.5280280] [Debug  :   Coroner] Handling Thumper damage...
[11:49:53.5280280] [Warning:   Coroner] Could not access dying player: Player is still alive!
[11:49:53.5280280] [Debug  :   Coroner] Querying target player parameters pre-death...
[11:49:53.5280280] [Debug  :   Coroner] Query successful!True
[11:49:53.5280280] [Debug  :   Coroner] Handling Thumper damage...
[11:49:53.5280280] [Warning:   Coroner] Could not access dying player: Player is still alive!
[11:49:53.5435466] [Debug  :   Coroner] Querying target player parameters pre-death...
[11:49:53.5435466] [Debug  :   Coroner] Query successful!True
[11:49:53.5435466] [Debug  :   Coroner] Handling Thumper damage...
[11:49:53.5435466] [Warning:   Coroner] Could not access dying player: Player is still alive!
[11:49:53.5435466] [Debug  :   Coroner] Querying target player parameters pre-death...
[11:49:53.5435466] [Debug  :   Coroner] Query successful!True
[11:49:53.5435466] [Debug  :   Coroner] Handling Thumper damage...
[11:49:53.5435466] [Warning:   Coroner] Could not access dying player: Player is still alive!
[11:49:53.5435466] [Debug  :   Coroner] Querying target player parameters pre-death...
[11:49:53.5435466] [Debug  :   Coroner] Query successful!True
[11:49:53.5435466] [Debug  :   Coroner] Handling Thumper damage...
[11:49:53.5435466] [Warning:   Coroner] Could not access dying player: Player is still alive!
[11:49:53.5435466] [Debug  : LethalMin] Cannot do throw while not holding a pikmin
[11:49:53.5450496] [Debug  : LethalMin] Yellow Pikmin_khCd: Thrown with force: (-2.20, -17.94, 12.54)
[11:49:53.5450496] [Debug  : LethalMin] Yellow Pikmin_khCd: Setting collision mode to 2
[11:49:53.5470540] [Debug  : LethalMin] Yellow Pikmin_khCd: Removed Leader
[11:49:53.5635828] [Debug  :   Coroner] Querying target player parameters pre-death...
[11:49:53.5635828] [Debug  :   Coroner] Query successful!True
[11:49:53.5635828] [Debug  :   Coroner] Handling Thumper damage...
[11:49:53.5635828] [Warning:   Coroner] Could not access dying player: Player is still alive!
[11:49:53.5635828] [Debug  :   Coroner] Querying target player parameters pre-death...
[11:49:53.5635828] [Debug  :   Coroner] Query successful!True
[11:49:53.5635828] [Debug  :   Coroner] Handling Thumper damage...
[11:49:53.5635828] [Warning:   Coroner] Could not access dying player: Player is still alive!
[11:49:53.5635828] [Debug  :   Coroner] Querying target player parameters pre-death...
[11:49:53.5635828] [Debug  :   Coroner] Query successful!True
[11:49:53.5635828] [Debug  :   Coroner] Handling Thumper damage...
[11:49:53.5635828] [Warning:   Coroner] Could not access dying player: Player is still alive!
[11:49:53.5861238] [Debug  :   Coroner] Querying target player parameters pre-death...
[11:49:53.5861238] [Debug  :   Coroner] Query successful!True
[11:49:53.5861238] [Debug  :   Coroner] Handling Thumper damage...
[11:49:53.5861238] [Warning:   Coroner] Could not access dying player: Player is still alive!
[11:49:53.5861238] [Debug  :   Coroner] Querying target player parameters pre-death...
[11:49:53.5861238] [Debug  :   Coroner] Query successful!True
[11:49:53.5861238] [Debug  :   Coroner] Handling Thumper damage...
[11:49:53.5861238] [Warning:   Coroner] Could not access dying player: Player is still alive!
[11:49:53.5861238] [Debug  :   Coroner] Querying target player parameters pre-death...
[11:49:53.5861238] [Debug  :   Coroner] Query successful!True
[11:49:53.5861238] [Debug  :   Coroner] Handling Thumper damage...
[11:49:53.5861238] [Warning:   Coroner] Could not access dying player: Player is still alive!
[11:49:53.5861238] [Info   : LethalMin] Yellow Pikmin_khCd: Landed on enemy NonJumpingCollider
[11:49:53.5891607] [Debug  : LethalMin] NonJumpingCollider Latching Pikmin: Yellow Pikmin_khCd
[11:49:53.5901600] [Info   : LethalMin] Yellow Pikmin_khCd: Latching onto NonJumpingCollider
[11:49:53.5901600] [Debug  : LethalMin] Yellow Pikmin_khCd: Setting collision mode to 0
[11:49:53.5901600] [Info   : LethalMin] Yellow Pikmin_khCd: Setting current task to AttackEnemy
[11:49:53.6091882] [Debug  :   Coroner] Querying target player parameters pre-death...
[11:49:53.6091882] [Debug  :   Coroner] Query successful!True
[11:49:53.6091882] [Debug  :   Coroner] Handling Thumper damage...
[11:49:53.6091882] [Warning:   Coroner] Could not access dying player: Player is still alive!
[11:49:53.6091882] [Debug  :   Coroner] Querying target player parameters pre-death...
[11:49:53.6091882] [Debug  :   Coroner] Query successful!True
[11:49:53.6091882] [Debug  :   Coroner] Handling Thumper damage...
[11:49:53.6091882] [Warning:   Coroner] Could not access dying player: Player is still alive!
[11:49:53.6091882] [Debug  :   Coroner] Querying target player parameters pre-death...
[11:49:53.6091882] [Debug  :   Coroner] Query successful!True
[11:49:53.6091882] [Debug  :   Coroner] Handling Thumper damage...
[11:49:53.6091882] [Warning:   Coroner] Could not access dying player: Player is still alive!
[11:49:53.6101876] [Warning: Unity Log] Only custom filters can be played. Please add a custom filter or an audioclip to the audiosource (SweepingSFX).
[11:49:53.6233551] [Debug  :   Coroner] Querying target player parameters pre-death...
[11:49:53.6233551] [Debug  :   Coroner] Query successful!True
[11:49:53.6233551] [Debug  :   Coroner] Handling Thumper damage...
[11:49:53.6233551] [Warning:   Coroner] Could not access dying player: Player is still alive!
[11:49:53.6233551] [Debug  :   Coroner] Querying target player parameters pre-death...
[11:49:53.6233551] [Debug  :   Coroner] Query successful!True
[11:49:53.6233551] [Debug  :   Coroner] Handling Thumper damage...
[11:49:53.6233551] [Warning:   Coroner] Could not access dying player: Player is still alive!
[11:49:53.6233551] [Debug  :   Coroner] Querying target player parameters pre-death...
[11:49:53.6233551] [Debug  :   Coroner] Query successful!True
[11:49:53.6233551] [Debug  :   Coroner] Handling Thumper damage...
[11:49:53.6233551] [Warning:   Coroner] Could not access dying player: Player is still alive!
[11:49:53.6458938] [Debug  :   Coroner] Querying target player parameters pre-death...
[11:49:53.6458938] [Debug  :   Coroner] Query successful!True
[11:49:53.6458938] [Debug  :   Coroner] Handling Thumper damage...
[11:49:53.6458938] [Warning:   Coroner] Could not access dying player: Player is still alive!
[11:49:53.6458938] [Debug  :   Coroner] Querying target player parameters pre-death...
[11:49:53.6458938] [Debug  :   Coroner] Query successful!True
[11:49:53.6458938] [Debug  :   Coroner] Handling Thumper damage...
[11:49:53.6458938] [Warning:   Coroner] Could not access dying player: Player is still alive!
[11:49:53.6458938] [Debug  :   Coroner] Querying target player parameters pre-death...
[11:49:53.6458938] [Debug  :   Coroner] Query successful!True
[11:49:53.6458938] [Debug  :   Coroner] Handling Thumper damage...
[11:49:53.6458938] [Warning:   Coroner] Could not access dying player: Player is still alive!
[11:49:53.6682948] [Debug  :   Coroner] Querying target player parameters pre-death...
[11:49:53.6682948] [Debug  :   Coroner] Query successful!True
[11:49:53.6682948] [Debug  :   Coroner] Handling Thumper damage...
[11:49:53.6682948] [Warning:   Coroner] Could not access dying player: Player is still alive!
[11:49:53.6682948] [Debug  :   Coroner] Querying target player parameters pre-death...
[11:49:53.6682948] [Debug  :   Coroner] Query successful!True
[11:49:53.6682948] [Debug  :   Coroner] Handling Thumper damage...
[11:49:53.6682948] [Warning:   Coroner] Could not access dying player: Player is still alive!
[11:49:53.6682948] [Debug  :   Coroner] Querying target player parameters pre-death...
[11:49:53.6682948] [Debug  :   Coroner] Query successful!True
[11:49:53.6682948] [Debug  :   Coroner] Handling Thumper damage...
[11:49:53.6682948] [Warning:   Coroner] Could not access dying player: Player is still alive!
[11:49:53.6833094] [Debug  :   Coroner] Querying target player parameters pre-death...
[11:49:53.6833094] [Debug  :   Coroner] Query successful!True
[11:49:53.6833094] [Debug  :   Coroner] Handling Thumper damage...
[11:49:53.6833094] [Warning:   Coroner] Could not access dying player: Player is still alive!
[11:49:53.6833094] [Debug  :   Coroner] Querying target player parameters pre-death...
[11:49:53.6833094] [Debug  :   Coroner] Query successful!True
[11:49:53.6833094] [Debug  :   Coroner] Handling Thumper damage...
[11:49:53.6833094] [Warning:   Coroner] Could not access dying player: Player is still alive!
[11:49:53.6833094] [Debug  :   Coroner] Querying target player parameters pre-death...
[11:49:53.6833094] [Debug  :   Coroner] Query successful!True
[11:49:53.6833094] [Debug  :   Coroner] Handling Thumper damage...
[11:49:53.6833094] [Warning:   Coroner] Could not access dying player: Player is still alive!
[11:49:53.7049059] [Debug  :   Coroner] Querying target player parameters pre-death...
[11:49:53.7049059] [Debug  :   Coroner] Query successful!True
[11:49:53.7049059] [Debug  :   Coroner] Handling Thumper damage...
[11:49:53.7049059] [Warning:   Coroner] Could not access dying player: Player is still alive!
[11:49:53.7049059] [Debug  :   Coroner] Querying target player parameters pre-death...
[11:49:53.7049059] [Debug  :   Coroner] Query successful!True
[11:49:53.7049059] [Debug  :   Coroner] Handling Thumper damage...
[11:49:53.7049059] [Warning:   Coroner] Could not access dying player: Player is still alive!
[11:49:53.7049059] [Debug  :   Coroner] Querying target player parameters pre-death...
[11:49:53.7049059] [Debug  :   Coroner] Query successful!True
[11:49:53.7049059] [Debug  :   Coroner] Handling Thumper damage...
[11:49:53.7049059] [Warning:   Coroner] Could not access dying player: Player is still alive!
[11:49:53.7079109] [Info   : LethalMin] Yellow Pikmin_khCd: Started attack on local client
[11:49:53.7239437] [Debug  :   Coroner] Querying target player parameters pre-death...
[11:49:53.7239437] [Debug  :   Coroner] Query successful!True
[11:49:53.7239437] [Debug  :   Coroner] Handling Thumper damage...
[11:49:53.7239437] [Warning:   Coroner] Could not access dying player: Player is still alive!
[11:49:53.7239437] [Debug  :   Coroner] Querying target player parameters pre-death...
[11:49:53.7239437] [Debug  :   Coroner] Query successful!True
[11:49:53.7239437] [Debug  :   Coroner] Handling Thumper damage...
[11:49:53.7239437] [Warning:   Coroner] Could not access dying player: Player is still alive!
[11:49:53.7239437] [Debug  :   Coroner] Querying target player parameters pre-death...
[11:49:53.7239437] [Debug  :   Coroner] Query successful!True
[11:49:53.7239437] [Debug  :   Coroner] Handling Thumper damage...
[11:49:53.7239437] [Warning:   Coroner] Could not access dying player: Player is still alive!
[11:49:53.7459970] [Debug  :   Coroner] Querying target player parameters pre-death...
[11:49:53.7459970] [Debug  :   Coroner] Query successful!True
[11:49:53.7459970] [Debug  :   Coroner] Handling Thumper damage...
[11:49:53.7459970] [Warning:   Coroner] Could not access dying player: Player is still alive!
[11:49:53.7459970] [Debug  :   Coroner] Querying target player parameters pre-death...
[11:49:53.7459970] [Debug  :   Coroner] Query successful!True
[11:49:53.7459970] [Debug  :   Coroner] Handling Thumper damage...
[11:49:53.7459970] [Warning:   Coroner] Could not access dying player: Player is still alive!
[11:49:53.7459970] [Debug  :   Coroner] Querying target player parameters pre-death...
[11:49:53.7459970] [Debug  :   Coroner] Query successful!True
[11:49:53.7459970] [Debug  :   Coroner] Handling Thumper damage...
[11:49:53.7459970] [Warning:   Coroner] Could not access dying player: Player is still alive!
[11:49:53.7680262] [Debug  :   Coroner] Querying target player parameters pre-death...
[11:49:53.7680262] [Debug  :   Coroner] Query successful!True
[11:49:53.7680262] [Debug  :   Coroner] Handling Thumper damage...
[11:49:53.7680262] [Warning:   Coroner] Could not access dying player: Player is still alive!
[11:49:53.7680262] [Debug  :   Coroner] Querying target player parameters pre-death...
[11:49:53.7680262] [Debug  :   Coroner] Query successful!True
[11:49:53.7680262] [Debug  :   Coroner] Handling Thumper damage...
[11:49:53.7680262] [Warning:   Coroner] Could not access dying player: Player is still alive!
[11:49:53.7680262] [Debug  :   Coroner] Querying target player parameters pre-death...
[11:49:53.7680262] [Debug  :   Coroner] Query successful!True
[11:49:53.7680262] [Debug  :   Coroner] Handling Thumper damage...
[11:49:53.7680262] [Warning:   Coroner] Could not access dying player: Player is still alive!
[11:49:53.7680262] [Debug  : LethalMin] Yellow Pikmin_IkVZWQe: Setting collision mode to 0
[11:49:53.7850505] [Debug  :   Coroner] Querying target player parameters pre-death...
[11:49:53.7850505] [Debug  :   Coroner] Query successful!True
[11:49:53.7850505] [Debug  :   Coroner] Handling Thumper damage...
[11:49:53.7850505] [Warning:   Coroner] Could not access dying player: Player is still alive!
[11:49:53.7850505] [Debug  :   Coroner] Querying target player parameters pre-death...
[11:49:53.7850505] [Debug  :   Coroner] Query successful!True
[11:49:53.7850505] [Debug  :   Coroner] Handling Thumper damage...
[11:49:53.7850505] [Warning:   Coroner] Could not access dying player: Player is still alive!
[11:49:53.7850505] [Debug  :   Coroner] Querying target player parameters pre-death...
[11:49:53.7850505] [Debug  :   Coroner] Query successful!True
[11:49:53.7850505] [Debug  :   Coroner] Handling Thumper damage...
[11:49:53.7850505] [Warning:   Coroner] Could not access dying player: Player is still alive!
[11:49:53.8071066] [Debug  :   Coroner] Querying target player parameters pre-death...
[11:49:53.8071066] [Debug  :   Coroner] Query successful!True
[11:49:53.8071066] [Debug  :   Coroner] Handling Thumper damage...
[11:49:53.8071066] [Warning:   Coroner] Could not access dying player: Player is still alive!
[11:49:53.8071066] [Debug  :   Coroner] Querying target player parameters pre-death...
[11:49:53.8071066] [Debug  :   Coroner] Query successful!True
[11:49:53.8071066] [Debug  :   Coroner] Handling Thumper damage...
[11:49:53.8071066] [Warning:   Coroner] Could not access dying player: Player is still alive!
[11:49:53.8071066] [Debug  :   Coroner] Querying target player parameters pre-death...
[11:49:53.8071066] [Debug  :   Coroner] Query successful!True
[11:49:53.8071066] [Debug  :   Coroner] Handling Thumper damage...
[11:49:53.8071066] [Warning:   Coroner] Could not access dying player: Player is still alive!
[11:49:53.8081036] [Debug  :PizzaTowerEscapeMusic GameEventListener] Player took damage (Health: 20)
[11:49:53.8251341] [Debug  :   Coroner] Querying target player parameters pre-death...
[11:49:53.8251341] [Debug  :   Coroner] Query successful!True
[11:49:53.8251341] [Debug  :   Coroner] Handling Thumper damage...
[11:49:53.8251341] [Warning:   Coroner] Could not access dying player: Player is still alive!
[11:49:53.8251341] [Debug  :   Coroner] Querying target player parameters pre-death...
[11:49:53.8251341] [Debug  :   Coroner] Query successful!True
[11:49:53.8251341] [Debug  :   Coroner] Handling Thumper damage...
[11:49:53.8251341] [Warning:   Coroner] Could not access dying player: Player is still alive!
[11:49:53.8251341] [Debug  :   Coroner] Querying target player parameters pre-death...
[11:49:53.8251341] [Debug  :   Coroner] Query successful!True
[11:49:53.8251341] [Debug  :   Coroner] Handling Thumper damage...
[11:49:53.8251341] [Warning:   Coroner] Could not access dying player: Player is still alive!
[11:49:53.8479880] [Debug  :   Coroner] Querying target player parameters pre-death...
[11:49:53.8479880] [Debug  :   Coroner] Query successful!True
[11:49:53.8479880] [Debug  :   Coroner] Handling Thumper damage...
[11:49:53.8479880] [Warning:   Coroner] Could not access dying player: Player is still alive!
[11:49:53.8479880] [Debug  :   Coroner] Querying target player parameters pre-death...
[11:49:53.8479880] [Debug  :   Coroner] Query successful!True
[11:49:53.8479880] [Debug  :   Coroner] Handling Thumper damage...
[11:49:53.8479880] [Warning:   Coroner] Could not access dying player: Player is still alive!
[11:49:53.8479880] [Debug  :   Coroner] Querying target player parameters pre-death...
[11:49:53.8479880] [Debug  :   Coroner] Query successful!True
[11:49:53.8479880] [Debug  :   Coroner] Handling Thumper damage...
[11:49:53.8479880] [Warning:   Coroner] Could not access dying player: Player is still alive!
[11:49:53.8625078] [Debug  :   Coroner] Querying target player parameters pre-death...
[11:49:53.8625078] [Debug  :   Coroner] Query successful!True
[11:49:53.8625078] [Debug  :   Coroner] Handling Thumper damage...
[11:49:53.8625078] [Warning:   Coroner] Could not access dying player: Player is still alive!
[11:49:53.8625078] [Debug  :   Coroner] Querying target player parameters pre-death...
[11:49:53.8625078] [Debug  :   Coroner] Query successful!True
[11:49:53.8625078] [Debug  :   Coroner] Handling Thumper damage...
[11:49:53.8625078] [Warning:   Coroner] Could not access dying player: Player is still alive!
[11:49:53.8625078] [Debug  :   Coroner] Querying target player parameters pre-death...
[11:49:53.8625078] [Debug  :   Coroner] Query successful!True
[11:49:53.8625078] [Debug  :   Coroner] Handling Thumper damage...
[11:49:53.8625078] [Warning:   Coroner] Could not access dying player: Player is still alive!
[11:49:53.8850445] [Debug  :   Coroner] Querying target player parameters pre-death...
[11:49:53.8850445] [Debug  :   Coroner] Query successful!True
[11:49:53.8850445] [Debug  :   Coroner] Handling Thumper damage...
[11:49:53.8850445] [Warning:   Coroner] Could not access dying player: Player is still alive!
[11:49:53.8850445] [Debug  :   Coroner] Querying target player parameters pre-death...
[11:49:53.8850445] [Debug  :   Coroner] Query successful!True
[11:49:53.8850445] [Debug  :   Coroner] Handling Thumper damage...
[11:49:53.8850445] [Warning:   Coroner] Could not access dying player: Player is still alive!
[11:49:53.8850445] [Debug  :   Coroner] Querying target player parameters pre-death...
[11:49:53.8850445] [Debug  :   Coroner] Query successful!True
[11:49:53.8850445] [Debug  :   Coroner] Handling Thumper damage...
[11:49:53.8850445] [Warning:   Coroner] Could not access dying player: Player is still alive!
[11:49:53.9082821] [Debug  :   Coroner] Querying target player parameters pre-death...
[11:49:53.9082821] [Debug  :   Coroner] Query successful!True
[11:49:53.9082821] [Debug  :   Coroner] Handling Thumper damage...
[11:49:53.9082821] [Warning:   Coroner] Could not access dying player: Player is still alive!
[11:49:53.9082821] [Debug  :   Coroner] Querying target player parameters pre-death...
[11:49:53.9082821] [Debug  :   Coroner] Query successful!True
[11:49:53.9082821] [Debug  :   Coroner] Handling Thumper damage...
[11:49:53.9082821] [Warning:   Coroner] Could not access dying player: Player is still alive!
[11:49:53.9082821] [Debug  :   Coroner] Querying target player parameters pre-death...
[11:49:53.9082821] [Debug  :   Coroner] Query successful!True
[11:49:53.9082821] [Debug  :   Coroner] Handling Thumper damage...
[11:49:53.9082821] [Warning:   Coroner] Could not access dying player: Player is still alive!
[11:49:53.9192949] [Info   : Unity Log] Butler: pinged attention to position
[11:49:53.9268233] [Debug  :   Coroner] Querying target player parameters pre-death...
[11:49:53.9268233] [Debug  :   Coroner] Query successful!True
[11:49:53.9268233] [Debug  :   Coroner] Handling Thumper damage...
[11:49:53.9268233] [Warning:   Coroner] Could not access dying player: Player is still alive!
[11:49:53.9268233] [Debug  :   Coroner] Querying target player parameters pre-death...
[11:49:53.9268233] [Debug  :   Coroner] Query successful!True
[11:49:53.9268233] [Debug  :   Coroner] Handling Thumper damage...
[11:49:53.9268233] [Warning:   Coroner] Could not access dying player: Player is still alive!
[11:49:53.9268233] [Debug  :   Coroner] Querying target player parameters pre-death...
[11:49:53.9268233] [Debug  :   Coroner] Query successful!True
[11:49:53.9268233] [Debug  :   Coroner] Handling Thumper damage...
[11:49:53.9268233] [Warning:   Coroner] Could not access dying player: Player is still alive!
[11:49:53.9433495] [Debug  :   Coroner] Querying target player parameters pre-death...
[11:49:53.9433495] [Debug  :   Coroner] Query successful!True
[11:49:53.9433495] [Debug  :   Coroner] Handling Thumper damage...
[11:49:53.9433495] [Warning:   Coroner] Could not access dying player: Player is still alive!
[11:49:53.9433495] [Debug  :   Coroner] Querying target player parameters pre-death...
[11:49:53.9433495] [Debug  :   Coroner] Query successful!True
[11:49:53.9433495] [Debug  :   Coroner] Handling Thumper damage...
[11:49:53.9433495] [Warning:   Coroner] Could not access dying player: Player is still alive!
[11:49:53.9433495] [Debug  :   Coroner] Querying target player parameters pre-death...
[11:49:53.9433495] [Debug  :   Coroner] Query successful!True
[11:49:53.9433495] [Debug  :   Coroner] Handling Thumper damage...
[11:49:53.9433495] [Warning:   Coroner] Could not access dying player: Player is still alive!
[11:49:53.9704292] [Debug  :   Coroner] Querying target player parameters pre-death...
[11:49:53.9704292] [Debug  :   Coroner] Query successful!True
[11:49:53.9704292] [Debug  :   Coroner] Handling Thumper damage...
[11:49:53.9704292] [Warning:   Coroner] Could not access dying player: Player is still alive!
[11:49:53.9704292] [Debug  :   Coroner] Querying target player parameters pre-death...
[11:49:53.9704292] [Debug  :   Coroner] Query successful!True
[11:49:53.9704292] [Debug  :   Coroner] Handling Thumper damage...
[11:49:53.9704292] [Warning:   Coroner] Could not access dying player: Player is still alive!
[11:49:53.9704292] [Debug  :   Coroner] Querying target player parameters pre-death...
[11:49:53.9704292] [Debug  :   Coroner] Query successful!True
[11:49:53.9704292] [Debug  :   Coroner] Handling Thumper damage...
[11:49:53.9704292] [Warning:   Coroner] Could not access dying player: Player is still alive!
[11:49:53.9874601] [Debug  :   Coroner] Querying target player parameters pre-death...
[11:49:53.9874601] [Debug  :   Coroner] Query successful!True
[11:49:53.9874601] [Debug  :   Coroner] Handling Thumper damage...
[11:49:53.9874601] [Warning:   Coroner] Could not access dying player: Player is still alive!
[11:49:53.9884655] [Debug  :   Coroner] Querying target player parameters pre-death...
[11:49:53.9884655] [Debug  :   Coroner] Query successful!True
[11:49:53.9884655] [Debug  :   Coroner] Handling Thumper damage...
[11:49:53.9884655] [Warning:   Coroner] Could not access dying player: Player is still alive!
[11:49:53.9884655] [Debug  :   Coroner] Querying target player parameters pre-death...
[11:49:53.9884655] [Debug  :   Coroner] Query successful!True
[11:49:53.9884655] [Debug  :   Coroner] Handling Thumper damage...
[11:49:53.9884655] [Warning:   Coroner] Could not access dying player: Player is still alive!
[11:49:54.0035999] [Debug  :   Coroner] Querying target player parameters pre-death...
[11:49:54.0035999] [Debug  :   Coroner] Query successful!True
[11:49:54.0035999] [Debug  :   Coroner] Handling Thumper damage...
[11:49:54.0035999] [Warning:   Coroner] Could not access dying player: Player is still alive!
[11:49:54.0035999] [Debug  :   Coroner] Querying target player parameters pre-death...
[11:49:54.0035999] [Debug  :   Coroner] Query successful!True
[11:49:54.0035999] [Debug  :   Coroner] Handling Thumper damage...
[11:49:54.0035999] [Warning:   Coroner] Could not access dying player: Player is still alive!
[11:49:54.0035999] [Debug  :   Coroner] Querying target player parameters pre-death...
[11:49:54.0035999] [Debug  :   Coroner] Query successful!True
[11:49:54.0035999] [Debug  :   Coroner] Handling Thumper damage...
[11:49:54.0035999] [Warning:   Coroner] Could not access dying player: Player is still alive!
[11:49:54.0279914] [Debug  :   Coroner] Querying target player parameters pre-death...
[11:49:54.0279914] [Debug  :   Coroner] Query successful!True
[11:49:54.0279914] [Debug  :   Coroner] Handling Thumper damage...
[11:49:54.0279914] [Warning:   Coroner] Could not access dying player: Player is still alive!
[11:49:54.0279914] [Debug  :   Coroner] Querying target player parameters pre-death...
[11:49:54.0279914] [Debug  :   Coroner] Query successful!True
[11:49:54.0279914] [Debug  :   Coroner] Handling Thumper damage...
[11:49:54.0279914] [Warning:   Coroner] Could not access dying player: Player is still alive!
[11:49:54.0279914] [Debug  :   Coroner] Querying target player parameters pre-death...
[11:49:54.0279914] [Debug  :   Coroner] Query successful!True
[11:49:54.0279914] [Debug  :   Coroner] Handling Thumper damage...
[11:49:54.0279914] [Warning:   Coroner] Could not access dying player: Player is still alive!
[11:49:54.0435153] [Debug  :   Coroner] Querying target player parameters pre-death...
[11:49:54.0435153] [Debug  :   Coroner] Query successful!True
[11:49:54.0435153] [Debug  :   Coroner] Handling Thumper damage...
[11:49:54.0435153] [Warning:   Coroner] Could not access dying player: Player is still alive!
[11:49:54.0435153] [Debug  :   Coroner] Querying target player parameters pre-death...
[11:49:54.0435153] [Debug  :   Coroner] Query successful!True
[11:49:54.0435153] [Debug  :   Coroner] Handling Thumper damage...
[11:49:54.0435153] [Warning:   Coroner] Could not access dying player: Player is still alive!
[11:49:54.0435153] [Debug  :   Coroner] Querying target player parameters pre-death...
[11:49:54.0435153] [Debug  :   Coroner] Query successful!True
[11:49:54.0435153] [Debug  :   Coroner] Handling Thumper damage...
[11:49:54.0435153] [Warning:   Coroner] Could not access dying player: Player is still alive!
[11:49:54.0680778] [Debug  :   Coroner] Querying target player parameters pre-death...
[11:49:54.0680778] [Debug  :   Coroner] Query successful!True
[11:49:54.0680778] [Debug  :   Coroner] Handling Thumper damage...
[11:49:54.0680778] [Warning:   Coroner] Could not access dying player: Player is still alive!
[11:49:54.0680778] [Debug  :   Coroner] Querying target player parameters pre-death...
[11:49:54.0680778] [Debug  :   Coroner] Query successful!True
[11:49:54.0680778] [Debug  :   Coroner] Handling Thumper damage...
[11:49:54.0680778] [Warning:   Coroner] Could not access dying player: Player is still alive!
[11:49:54.0680778] [Debug  :   Coroner] Querying target player parameters pre-death...
[11:49:54.0680778] [Debug  :   Coroner] Query successful!True
[11:49:54.0680778] [Debug  :   Coroner] Handling Thumper damage...
[11:49:54.0680778] [Warning:   Coroner] Could not access dying player: Player is still alive!
[11:49:54.0891346] [Debug  :   Coroner] Querying target player parameters pre-death...
[11:49:54.0891346] [Debug  :   Coroner] Query successful!True
[11:49:54.0891346] [Debug  :   Coroner] Handling Thumper damage...
[11:49:54.0891346] [Warning:   Coroner] Could not access dying player: Player is still alive!
[11:49:54.0891346] [Debug  :   Coroner] Querying target player parameters pre-death...
[11:49:54.0891346] [Debug  :   Coroner] Query successful!True
[11:49:54.0891346] [Debug  :   Coroner] Handling Thumper damage...
[11:49:54.0891346] [Warning:   Coroner] Could not access dying player: Player is still alive!
[11:49:54.0891346] [Debug  :   Coroner] Querying target player parameters pre-death...
[11:49:54.0891346] [Debug  :   Coroner] Query successful!True
[11:49:54.0891346] [Debug  :   Coroner] Handling Thumper damage...
[11:49:54.0891346] [Warning:   Coroner] Could not access dying player: Player is still alive!
[11:49:54.0891346] [Debug  : LethalMin] Cannot do throw while not holding a pikmin
[11:49:54.0891346] [Debug  : LethalMin] Yellow Pikmin_IkVZWQe: Thrown with force: (-1.06, -15.17, 15.90)
[11:49:54.0891346] [Debug  : LethalMin] Yellow Pikmin_IkVZWQe: Setting collision mode to 2
[11:49:54.0891346] [Debug  : LethalMin] Yellow Pikmin_IkVZWQe: Removed Leader
[11:49:54.1102533] [Debug  :   Coroner] Querying target player parameters pre-death...
[11:49:54.1102533] [Debug  :   Coroner] Query successful!True
[11:49:54.1102533] [Debug  :   Coroner] Handling Thumper damage...
[11:49:54.1102533] [Warning:   Coroner] Could not access dying player: Player is still alive!
[11:49:54.1102533] [Debug  :   Coroner] Querying target player parameters pre-death...
[11:49:54.1102533] [Debug  :   Coroner] Query successful!True
[11:49:54.1102533] [Debug  :   Coroner] Handling Thumper damage...
[11:49:54.1102533] [Warning:   Coroner] Could not access dying player: Player is still alive!
[11:49:54.1102533] [Debug  :   Coroner] Querying target player parameters pre-death...
[11:49:54.1102533] [Debug  :   Coroner] Query successful!True
[11:49:54.1102533] [Debug  :   Coroner] Handling Thumper damage...
[11:49:54.1102533] [Warning:   Coroner] Could not access dying player: Player is still alive!
[11:49:54.1102533] [Info   : LethalMin] Yellow Pikmin_IkVZWQe: Collision with MetalMesh
[11:49:54.1102533] [Debug  : LethalMin] Yellow Pikmin_IkVZWQe: Setting collision mode to 1
[11:49:54.1102533] [Debug  : LethalMin] Yellow Pikmin_IkVZWQe: Setting to idle on local client
[11:49:54.1102533] [Debug  : LethalMin] Yellow Pikmin_IkVZWQe: Removed Leader
[11:49:54.1304817] [Debug  : LethalMin] Yellow Pikmin_IkVZWQe: Removed Leader
[11:49:54.1304817] [Debug  : LethalMin] Yellow Pikmin_IkVZWQe: Setting collision mode to 1
[11:49:54.1324820] [Info   : LethalMin] Yellow Pikmin_IkVZWQe: Assigned Leader: MasaeAhmya (0)
[11:49:54.1324820] [Debug  :   Coroner] Querying target player parameters pre-death...
[11:49:54.1324820] [Debug  :   Coroner] Query successful!True
[11:49:54.1324820] [Debug  :   Coroner] Handling Thumper damage...
[11:49:54.1324820] [Warning:   Coroner] Could not access dying player: Player is still alive!
[11:49:54.1425001] [Debug  :   Coroner] Querying target player parameters pre-death...
[11:49:54.1425001] [Debug  :   Coroner] Query successful!True
[11:49:54.1425001] [Debug  :   Coroner] Handling Thumper damage...
[11:49:54.1425001] [Warning:   Coroner] Could not access dying player: Player is still alive!
[11:49:54.1680871] [Debug  :   Coroner] Querying target player parameters pre-death...
[11:49:54.1680871] [Debug  :   Coroner] Query successful!True
[11:49:54.1680871] [Debug  :   Coroner] Handling Thumper damage...
[11:49:54.1680871] [Warning:   Coroner] Could not access dying player: Player is still alive!
[11:49:54.2113097] [Debug  : LethalMin] Yellow Pikmin_khCd: Hitting enemy with: 0.03
[11:49:54.2659048] [Debug  : LethalMin] Yellow Pikmin_G5l3h: Setting collision mode to 0
[11:49:54.3358341] [Debug  :   Coroner] Querying target player parameters pre-death...
[11:49:54.3358341] [Debug  :   Coroner] Query successful!True
[11:49:54.5133029] [Debug  :   Coroner] Querying target player parameters pre-death...
[11:49:54.5133029] [Debug  :   Coroner] Query successful!True
[11:49:54.7149621] [Debug  : LethalMin] Yellow Pikmin_khCd: Hitting enemy with: 0.03
[11:49:55.0064745] [Debug  : LethalMin] Cannot do throw while not holding a pikmin
[11:49:55.0064745] [Debug  : LethalMin] Yellow Pikmin_G5l3h: Thrown with force: (-1.99, 6.71, 20.86)
[11:49:55.0064745] [Debug  : LethalMin] Yellow Pikmin_G5l3h: Setting collision mode to 2
[11:49:55.0064745] [Debug  : LethalMin] Yellow Pikmin_G5l3h: Removed Leader
[11:49:55.0219976] [Info   : LethalMin] Yellow Pikmin_G5l3h: Collision with MetalMesh
[11:49:55.0219976] [Debug  : LethalMin] Yellow Pikmin_G5l3h: Setting collision mode to 1
[11:49:55.0219976] [Debug  : LethalMin] Yellow Pikmin_G5l3h: Setting to idle on local client
[11:49:55.0219976] [Debug  : LethalMin] Yellow Pikmin_G5l3h: Removed Leader
[11:49:55.0926370] [Info   : LethalMin] Yellow Pikmin_G5l3h: Found enemy: Crawler(Clone)
[11:49:55.0926370] [Info   : LethalMin] Yellow Pikmin_G5l3h: Setting current task to AttackEnemy
[11:49:55.1981544] [Warning:S1.39 Compatibility Fixes] [ThumperPikminGuard] Blocked Crawler/Thumper -> Pikmin GrabPikmin before leader/grab/death-timer state mutation.
[11:49:55.2204999] [Debug  : LethalMin] Yellow Pikmin_khCd: Hitting enemy with: 0.03
[11:49:55.3335665] [Debug  : LethalMin] Sprout Setting growth stage to 1
[11:49:55.3505965] [Debug  : LethalMin] Yellow Pikmin_G5l3h: Hitting enemy with: 0.03
[11:49:55.7274355] [Debug  : LethalMin] Yellow Pikmin_khCd: Hitting enemy with: 0.03
[11:49:55.8605945] [Debug  : LethalMin] Yellow Pikmin_G5l3h: Hitting enemy with: 0.03
[11:49:55.8806260] [Debug  : LethalMin] Yellow Pikmin_PerDu: Setting collision mode to 0
[11:49:56.2334079] [Debug  : LethalMin] Yellow Pikmin_khCd: Hitting enemy with: 0.03
[11:49:56.3624523] [Debug  : LethalMin] Cannot do throw while not holding a pikmin
[11:49:56.3624523] [Debug  : LethalMin] Yellow Pikmin_PerDu: Thrown with force: (-11.75, -0.54, 18.59)
[11:49:56.3624523] [Debug  : LethalMin] Yellow Pikmin_PerDu: Setting collision mode to 2
[11:49:56.3634520] [Debug  : LethalMin] Yellow Pikmin_PerDu: Removed Leader
[11:49:56.3734651] [Debug  : LethalMin] Yellow Pikmin_G5l3h: Hitting enemy with: 0.03
[11:49:56.3980449] [Debug  : LethalMin] Yellow Pikmin_3wnH: Setting collision mode to 0
[11:49:56.4914704] [Debug  : LethalMin] Cannot do throw while not holding a pikmin
[11:49:56.4914704] [Debug  : LethalMin] Yellow Pikmin_3wnH: Thrown with force: (-12.57, -0.50, 18.05)
[11:49:56.4914704] [Debug  : LethalMin] Yellow Pikmin_3wnH: Setting collision mode to 2
[11:49:56.4914704] [Debug  : LethalMin] Yellow Pikmin_3wnH: Removed Leader
[11:49:56.6937368] [Debug  : LethalMin] Yellow Pikmin_8LNgEB: Setting collision mode to 0
[11:49:56.7250485] [Info   : LethalMin] Yellow Pikmin_PerDu: Collision with ConcreteMesh
[11:49:56.7250485] [Debug  : LethalMin] Yellow Pikmin_PerDu: Setting collision mode to 1
[11:49:56.7250485] [Debug  : LethalMin] Yellow Pikmin_PerDu: Setting to idle on local client
[11:49:56.7250485] [Debug  : LethalMin] Yellow Pikmin_PerDu: Removed Leader
[11:49:56.7335627] [Debug  : LethalMin] Yellow Pikmin_khCd: Hitting enemy with: 0.03
[11:49:56.7958808] [Info   : LethalMin] Yellow Pikmin_PerDu: Found enemy: Crawler(Clone)
[11:49:56.7958808] [Info   : LethalMin] Yellow Pikmin_PerDu: Setting current task to AttackEnemy
[11:49:56.8435836] [Info   : LethalMin] Yellow Pikmin_3wnH: Collision with ConcreteMesh
[11:49:56.8435836] [Debug  : LethalMin] Yellow Pikmin_3wnH: Setting collision mode to 1
[11:49:56.8435836] [Debug  : LethalMin] Yellow Pikmin_3wnH: Setting to idle on local client
[11:49:56.8435836] [Debug  : LethalMin] Yellow Pikmin_3wnH: Removed Leader
[11:49:56.8450873] [Info   : LethalMin] Yellow Pikmin_3wnH: Found enemy: Crawler(Clone)
[11:49:56.8450873] [Info   : LethalMin] Yellow Pikmin_3wnH: Setting current task to AttackEnemy
[11:49:56.8891528] [Debug  : LethalMin] Yellow Pikmin_G5l3h: Hitting enemy with: 0.03
[11:49:56.9908161] [Info   : Unity Log] Butler: pinged attention to position
[11:49:57.0951177] [Debug  : LethalMin] Cannot do throw while not holding a pikmin
[11:49:57.0951177] [Debug  : LethalMin] Yellow Pikmin_8LNgEB: Thrown with force: (-16.62, -0.69, 14.40)
[11:49:57.0951177] [Debug  : LethalMin] Yellow Pikmin_8LNgEB: Setting collision mode to 2
[11:49:57.0966292] [Debug  : LethalMin] Yellow Pikmin_8LNgEB: Removed Leader
[11:49:57.0976347] [Debug  : LethalMin] Yellow Pikmin_3wnH: Hitting enemy with: 0.03
[11:49:57.2322527] [Debug  : LethalMin] Yellow Pikmin_XYErHj: Setting collision mode to 0
[11:49:57.2415169] [Debug  : LethalMin] Yellow Pikmin_khCd: Hitting enemy with: 0.03
[11:49:57.4028519] [Debug  : LethalMin] Yellow Pikmin_G5l3h: Hitting enemy with: 0.03
[11:49:57.4449102] [Info   : LethalMin] Yellow Pikmin_8LNgEB: Collision with ConcreteMesh
[11:49:57.4449102] [Debug  : LethalMin] Yellow Pikmin_8LNgEB: Setting collision mode to 1
[11:49:57.4449102] [Debug  : LethalMin] Yellow Pikmin_8LNgEB: Setting to idle on local client
[11:49:57.4449102] [Debug  : LethalMin] Yellow Pikmin_8LNgEB: Removed Leader
[11:49:57.5633364] [Debug  : LethalMin] Yellow Pikmin_PerDu: Hitting enemy with: 0.03
[11:49:57.5703553] [Debug  : LethalMin] Cannot do throw while not holding a pikmin
[11:49:57.5703553] [Debug  : LethalMin] Yellow Pikmin_XYErHj: Thrown with force: (-21.07, 1.73, 6.08)
[11:49:57.5703553] [Debug  : LethalMin] Yellow Pikmin_XYErHj: Setting collision mode to 2
[11:49:57.5703553] [Debug  : LethalMin] Yellow Pikmin_XYErHj: Removed Leader
[11:49:57.6095530] [Info   : LethalMin] Yellow Pikmin_8LNgEB: Found enemy: Crawler(Clone)
[11:49:57.6095530] [Info   : LethalMin] Yellow Pikmin_8LNgEB: Setting current task to AttackEnemy
[11:49:57.6095530] [Debug  : LethalMin] Yellow Pikmin_3wnH: Hitting enemy with: 0.03
[11:49:57.7413693] [Debug  : LethalMin] Yellow Pikmin_khCd: Hitting enemy with: 0.03
[11:49:57.7634052] [Info   : LethalMin] Yellow Pikmin_XYErHj: Landed on enemy NonJumpingCollider
[11:49:57.7634052] [Debug  : LethalMin] NonJumpingCollider Latching Pikmin: Yellow Pikmin_XYErHj
[11:49:57.7634052] [Info   : LethalMin] Yellow Pikmin_XYErHj: Latching onto NonJumpingCollider
[11:49:57.7634052] [Debug  : LethalMin] Yellow Pikmin_XYErHj: Setting collision mode to 0
[11:49:57.7634052] [Info   : LethalMin] Yellow Pikmin_XYErHj: Setting current task to AttackEnemy
[11:49:57.8358407] [Warning: Unity Log] Only custom filters can be played. Please add a custom filter or an audioclip to the audiosource (SweepingSFX).
[11:49:57.8669710] [Info   : LethalMin] Yellow Pikmin_XYErHj: Started attack on local client
[11:49:57.9035518] [Debug  : LethalMin] Yellow Pikmin_G5l3h: Hitting enemy with: 0.03
[11:49:58.0793085] [Debug  : LethalMin] Yellow Pikmin_PerDu: Hitting enemy with: 0.03
[11:49:58.1244018] [Debug  : LethalMin] Yellow Pikmin_3wnH: Hitting enemy with: 0.03
[11:49:58.2437163] [Debug  : LethalMin] Yellow Pikmin_khCd: Hitting enemy with: 0.03
[11:49:58.3748628] [Debug  : LethalMin] Yellow Pikmin_8LNgEB: Hitting enemy with: 0.03
[11:49:58.3748628] [Debug  : LethalMin] Yellow Pikmin_XYErHj: Hitting enemy with: 0.03
[11:49:58.4159497] [Debug  : LethalMin] Yellow Pikmin_G5l3h: Hitting enemy with: 0.03
[11:49:58.5950409] [Debug  : LethalMin] Yellow Pikmin_PerDu: Hitting enemy with: 0.03
[11:49:58.6358785] [Debug  : LethalMin] Yellow Pikmin_3wnH: Hitting enemy with: 0.03
[11:49:58.7491934] [Debug  : LethalMin] Yellow Pikmin_khCd: Hitting enemy with: 0.03
[11:49:58.8792044] [Debug  : LethalMin] Yellow Pikmin_XYErHj: Hitting enemy with: 0.03
[11:49:58.8792044] [Debug  : LethalMin] Yellow Pikmin_8LNgEB: Hitting enemy with: 0.03
[11:49:58.9315917] [Debug  : LethalMin] Yellow Pikmin_G5l3h: Hitting enemy with: 0.03
[11:49:59.1066849] [Debug  : LethalMin] Yellow Pikmin_PerDu: Hitting enemy with: 0.03
[11:49:59.1494562] [Debug  : LethalMin] Yellow Pikmin_3wnH: Hitting enemy with: 0.03
[11:49:59.2542161] [Debug  : LethalMin] Yellow Pikmin_khCd: Hitting enemy with: 0.03
[11:49:59.3414607] [Debug  : LethalMin] Sprout Setting growth stage to 1
[11:49:59.3850943] [Debug  : LethalMin] Yellow Pikmin_XYErHj: Hitting enemy with: 0.03
[11:49:59.3916066] [Debug  : LethalMin] Yellow Pikmin_8LNgEB: Hitting enemy with: 0.03
[11:49:59.3936060] [Info   : Unity Log] Client #0 hit enemy Crawler(Clone) with force of 1.
[11:49:59.3951094] [Debug  : LethalMin] Applied 1 damage to Crawler(Clone), remaining counter: 0.0199995
[11:49:59.4484661] [Debug  : LethalMin] Yellow Pikmin_G5l3h: Hitting enemy with: 0.03
[11:49:59.6285941] [Debug  : LethalMin] Yellow Pikmin_PerDu: Hitting enemy with: 0.03
[11:49:59.6637105] [Debug  : LethalMin] Yellow Pikmin_3wnH: Hitting enemy with: 0.03
[11:49:59.7601296] [Debug  : LethalMin] Yellow Pikmin_khCd: Hitting enemy with: 0.03
[11:49:59.8093580] [Debug  :   Coroner] Querying target player parameters pre-death...
[11:49:59.8093580] [Debug  :   Coroner] Query successful!True
[11:49:59.8880591] [Debug  : LethalMin] Yellow Pikmin_XYErHj: Hitting enemy with: 0.03
[11:49:59.9086038] [Debug  : LethalMin] Yellow Pikmin_8LNgEB: Hitting enemy with: 0.03
[11:49:59.9573912] [Debug  : LethalMin] Yellow Pikmin_G5l3h: Hitting enemy with: 0.03
[11:50:00.0617544] [Info   : Unity Log] Butler: pinged attention to position
[11:50:00.0617544] [Info   : Unity Log] Time since hitting < 8!
[11:50:00.0617544] [Info   : Unity Log] Whining audio playing?: False
[11:50:00.0617544] [Info   : Unity Log] Start whining audio!
[11:50:00.0692703] [Info   : Unity Log] Whining audio playing? B: True
[11:50:00.0829133] [Info   : Unity Log] Time since hitting < 8!
[11:50:00.0829133] [Info   : Unity Log] Whining audio playing?: True
[11:50:00.0829133] [Info   : Unity Log] Whining audio playing? B: True
[11:50:00.0934219] [Info   : Unity Log] Time since hitting < 8!
[11:50:00.0934219] [Info   : Unity Log] Whining audio playing?: True
[11:50:00.0934219] [Info   : Unity Log] Whining audio playing? B: True
[11:50:00.1184725] [Info   : Unity Log] Time since hitting < 8!
[11:50:00.1184725] [Info   : Unity Log] Whining audio playing?: True
[11:50:00.1184725] [Info   : Unity Log] Whining audio playing? B: True
[11:50:00.1306159] [Info   : Unity Log] Time since hitting < 8!
[11:50:00.1306159] [Info   : Unity Log] Whining audio playing?: True
[11:50:00.1306159] [Info   : Unity Log] Whining audio playing? B: True
[11:50:00.1416306] [Info   : Unity Log] Time since hitting < 8!
[11:50:00.1416306] [Info   : Unity Log] Whining audio playing?: True
[11:50:00.1416306] [Info   : Unity Log] Whining audio playing? B: True
[11:50:00.1416306] [Debug  : LethalMin] Yellow Pikmin_PerDu: Hitting enemy with: 0.03
[11:50:00.1536522] [Info   : Unity Log] Time since hitting < 8!
[11:50:00.1536522] [Info   : Unity Log] Whining audio playing?: True
[11:50:00.1536522] [Info   : Unity Log] Whining audio playing? B: True
[11:50:00.1651686] [Info   : Unity Log] Time since hitting < 8!
[11:50:00.1651686] [Info   : Unity Log] Whining audio playing?: True
[11:50:00.1651686] [Info   : Unity Log] Whining audio playing? B: True
[11:50:00.1737283] [Info   : Unity Log] Time since hitting < 8!
[11:50:00.1737283] [Info   : Unity Log] Whining audio playing?: True
[11:50:00.1737283] [Info   : Unity Log] Whining audio playing? B: True
[11:50:00.1842386] [Info   : Unity Log] Time since hitting < 8!
[11:50:00.1842386] [Info   : Unity Log] Whining audio playing?: True
[11:50:00.1842386] [Info   : Unity Log] Whining audio playing? B: True
[11:50:00.1842386] [Debug  : LethalMin] Yellow Pikmin_3wnH: Hitting enemy with: 0.03
[11:50:00.1933291] [Info   : Unity Log] Time since hitting < 8!
[11:50:00.1933291] [Info   : Unity Log] Whining audio playing?: True
[11:50:00.1933291] [Info   : Unity Log] Whining audio playing? B: True
[11:50:00.2013458] [Info   : Unity Log] Time since hitting < 8!
[11:50:00.2013458] [Info   : Unity Log] Whining audio playing?: True
[11:50:00.2013458] [Info   : Unity Log] Whining audio playing? B: True
[11:50:00.2113919] [Info   : Unity Log] Time since hitting < 8!
[11:50:00.2118960] [Info   : Unity Log] Whining audio playing?: True
[11:50:00.2118960] [Info   : Unity Log] Whining audio playing? B: True
[11:50:00.2196667] [Info   : Unity Log] Time since hitting < 8!
[11:50:00.2196667] [Info   : Unity Log] Whining audio playing?: True
[11:50:00.2196667] [Info   : Unity Log] Whining audio playing? B: True
[11:50:00.2308007] [Info   : Unity Log] Time since hitting < 8!
[11:50:00.2308007] [Info   : Unity Log] Whining audio playing?: True
[11:50:00.2308007] [Info   : Unity Log] Whining audio playing? B: True
[11:50:00.2393084] [Info   : Unity Log] Time since hitting < 8!
[11:50:00.2393084] [Info   : Unity Log] Whining audio playing?: True
[11:50:00.2393084] [Info   : Unity Log] Whining audio playing? B: True
[11:50:00.2493703] [Info   : Unity Log] Time since hitting < 8!
[11:50:00.2493703] [Info   : Unity Log] Whining audio playing?: True
[11:50:00.2493703] [Info   : Unity Log] Whining audio playing? B: True
[11:50:00.2580105] [Info   : Unity Log] Time since hitting < 8!
[11:50:00.2580105] [Info   : Unity Log] Whining audio playing?: True
[11:50:00.2580105] [Info   : Unity Log] Whining audio playing? B: True
[11:50:00.2670589] [Info   : Unity Log] Time since hitting < 8!
[11:50:00.2670589] [Info   : Unity Log] Whining audio playing?: True
[11:50:00.2670589] [Info   : Unity Log] Whining audio playing? B: True
[11:50:00.2670589] [Debug  : LethalMin] Yellow Pikmin_khCd: Hitting enemy with: 0.03
[11:50:00.2760789] [Info   : Unity Log] Time since hitting < 8!
[11:50:00.2760789] [Info   : Unity Log] Whining audio playing?: True
[11:50:00.2760789] [Info   : Unity Log] Whining audio playing? B: True
[11:50:00.2861561] [Info   : Unity Log] Time since hitting < 8!
[11:50:00.2861561] [Info   : Unity Log] Whining audio playing?: True
[11:50:00.2861561] [Info   : Unity Log] Whining audio playing? B: True
[11:50:00.2951665] [Info   : Unity Log] Time since hitting < 8!
[11:50:00.2951665] [Info   : Unity Log] Whining audio playing?: True
[11:50:00.2951665] [Info   : Unity Log] Whining audio playing? B: True
[11:50:00.3036789] [Info   : Unity Log] Time since hitting < 8!
[11:50:00.3036789] [Info   : Unity Log] Whining audio playing?: True
[11:50:00.3036789] [Info   : Unity Log] Whining audio playing? B: True
[11:50:00.3137655] [Info   : Unity Log] Time since hitting < 8!
[11:50:00.3137655] [Info   : Unity Log] Whining audio playing?: True
[11:50:00.3137655] [Info   : Unity Log] Whining audio playing? B: True
[11:50:00.3232722] [Info   : Unity Log] Time since hitting < 8!
[11:50:00.3232722] [Info   : Unity Log] Whining audio playing?: True
[11:50:00.3232722] [Info   : Unity Log] Whining audio playing? B: True
[11:50:00.3305283] [Info   : Unity Log] Time since hitting < 8!
[11:50:00.3305283] [Info   : Unity Log] Whining audio playing?: True
[11:50:00.3305283] [Info   : Unity Log] Whining audio playing? B: True
[11:50:00.3380349] [Debug  : LethalMin] Sprout Setting growth stage to 1
[11:50:00.3380349] [Info   : Unity Log] Time since hitting < 8!
[11:50:00.3380349] [Info   : Unity Log] Whining audio playing?: True
[11:50:00.3380349] [Info   : Unity Log] Whining audio playing? B: True
[11:50:00.3470519] [Info   : Unity Log] Time since hitting < 8!
[11:50:00.3470519] [Info   : Unity Log] Whining audio playing?: True
[11:50:00.3470519] [Info   : Unity Log] Whining audio playing? B: True
[11:50:00.3580713] [Info   : Unity Log] Time since hitting < 8!
[11:50:00.3580713] [Info   : Unity Log] Whining audio playing?: True
[11:50:00.3580713] [Info   : Unity Log] Whining audio playing? B: True
[11:50:00.3750963] [Info   : Unity Log] Time since hitting < 8!
[11:50:00.3750963] [Info   : Unity Log] Whining audio playing?: True
[11:50:00.3750963] [Info   : Unity Log] Whining audio playing? B: True
[11:50:00.3836068] [Info   : Unity Log] Time since hitting < 8!
[11:50:00.3836068] [Info   : Unity Log] Whining audio playing?: True
[11:50:00.3836068] [Info   : Unity Log] Whining audio playing? B: True
[11:50:00.3925849] [Info   : Unity Log] Time since hitting < 8!
[11:50:00.3925849] [Info   : Unity Log] Whining audio playing?: True
[11:50:00.3925849] [Info   : Unity Log] Whining audio playing? B: True
[11:50:00.3935853] [Debug  : LethalMin] Yellow Pikmin_XYErHj: Hitting enemy with: 0.03
[11:50:00.3950889] [Warning:S1.39 Compatibility Fixes] [ThumperPikminGuard] Blocked Crawler/Thumper -> Pikmin GrabPikmin before leader/grab/death-timer state mutation.
[11:50:00.4016016] [Info   : Unity Log] Time since hitting < 8!
[11:50:00.4016016] [Info   : Unity Log] Whining audio playing?: True
[11:50:00.4016016] [Info   : Unity Log] Whining audio playing? B: True
[11:50:00.4096194] [Info   : Unity Log] Time since hitting < 8!
[11:50:00.4096194] [Info   : Unity Log] Whining audio playing?: True
[11:50:00.4096194] [Info   : Unity Log] Whining audio playing? B: True
[11:50:00.4176430] [Info   : Unity Log] Time since hitting < 8!
[11:50:00.4176430] [Info   : Unity Log] Whining audio playing?: True
[11:50:00.4176430] [Info   : Unity Log] Whining audio playing? B: True
[11:50:00.4262248] [Info   : Unity Log] Time since hitting < 8!
[11:50:00.4262248] [Info   : Unity Log] Whining audio playing?: True
[11:50:00.4262248] [Info   : Unity Log] Whining audio playing? B: True
[11:50:00.4272234] [Debug  : LethalMin] Yellow Pikmin_8LNgEB: Hitting enemy with: 0.03
[11:50:00.4352327] [Info   : Unity Log] Time since hitting < 8!
[11:50:00.4352327] [Info   : Unity Log] Whining audio playing?: True
[11:50:00.4352327] [Info   : Unity Log] Whining audio playing? B: True
[11:50:00.4437431] [Info   : Unity Log] Time since hitting < 8!
[11:50:00.4437431] [Info   : Unity Log] Whining audio playing?: True
[11:50:00.4437431] [Info   : Unity Log] Whining audio playing? B: True
[11:50:00.4527586] [Info   : Unity Log] Time since hitting < 8!
[11:50:00.4527586] [Info   : Unity Log] Whining audio playing?: True
[11:50:00.4527586] [Info   : Unity Log] Whining audio playing? B: True
[11:50:00.4642668] [Info   : Unity Log] Time since hitting < 8!
[11:50:00.4642668] [Info   : Unity Log] Whining audio playing?: True
[11:50:00.4642668] [Info   : Unity Log] Whining audio playing? B: True
[11:50:00.4724363] [Info   : Unity Log] Time since hitting < 8!
[11:50:00.4724363] [Info   : Unity Log] Whining audio playing?: True
[11:50:00.4724363] [Info   : Unity Log] Whining audio playing? B: True
[11:50:00.4734366] [Debug  : LethalMin] Yellow Pikmin_G5l3h: Hitting enemy with: 0.03
[11:50:00.4804542] [Info   : Unity Log] Time since hitting < 8!
[11:50:00.4804542] [Info   : Unity Log] Whining audio playing?: True
[11:50:00.4804542] [Info   : Unity Log] Whining audio playing? B: True
[11:50:00.4895158] [Info   : Unity Log] Time since hitting < 8!
[11:50:00.4895158] [Info   : Unity Log] Whining audio playing?: True
[11:50:00.4895158] [Info   : Unity Log] Whining audio playing? B: True
[11:50:00.4980279] [Info   : Unity Log] Time since hitting < 8!
[11:50:00.4980279] [Info   : Unity Log] Whining audio playing?: True
[11:50:00.4980279] [Info   : Unity Log] Whining audio playing? B: True
[11:50:00.5070407] [Info   : Unity Log] Time since hitting < 8!
[11:50:00.5070407] [Info   : Unity Log] Whining audio playing?: True
[11:50:00.5070407] [Info   : Unity Log] Whining audio playing? B: True
[11:50:00.5152780] [Info   : Unity Log] Time since hitting < 8!
[11:50:00.5152780] [Info   : Unity Log] Whining audio playing?: True
[11:50:00.5152780] [Info   : Unity Log] Whining audio playing? B: True
[11:50:00.5238883] [Info   : Unity Log] Time since hitting < 8!
[11:50:00.5238883] [Info   : Unity Log] Whining audio playing?: True
[11:50:00.5238883] [Info   : Unity Log] Whining audio playing? B: True
[11:50:00.5316809] [Info   : Unity Log] Time since hitting < 8!
[11:50:00.5316809] [Info   : Unity Log] Whining audio playing?: True
[11:50:00.5316809] [Info   : Unity Log] Whining audio playing? B: True
[11:50:00.5396945] [Info   : Unity Log] Time since hitting < 8!
[11:50:00.5396945] [Info   : Unity Log] Whining audio playing?: True
[11:50:00.5396945] [Info   : Unity Log] Whining audio playing? B: True
[11:50:00.5472054] [Info   : Unity Log] Time since hitting < 8!
[11:50:00.5472054] [Info   : Unity Log] Whining audio playing?: True
[11:50:00.5472054] [Info   : Unity Log] Whining audio playing? B: True
[11:50:00.5552157] [Info   : Unity Log] Time since hitting < 8!
[11:50:00.5552157] [Info   : Unity Log] Whining audio playing?: True
[11:50:00.5552157] [Info   : Unity Log] Whining audio playing? B: True
[11:50:00.5637289] [Info   : Unity Log] Time since hitting < 8!
[11:50:00.5637289] [Info   : Unity Log] Whining audio playing?: True
[11:50:00.5637289] [Info   : Unity Log] Whining audio playing? B: True
[11:50:00.5737438] [Info   : Unity Log] Time since hitting < 8!
[11:50:00.5737438] [Info   : Unity Log] Whining audio playing?: True
[11:50:00.5737438] [Info   : Unity Log] Whining audio playing? B: True
[11:50:00.5832514] [Info   : Unity Log] Time since hitting < 8!
[11:50:00.5832514] [Info   : Unity Log] Whining audio playing?: True
[11:50:00.5832514] [Info   : Unity Log] Whining audio playing? B: True
[11:50:00.5925154] [Info   : Unity Log] Time since hitting < 8!
[11:50:00.5925154] [Info   : Unity Log] Whining audio playing?: True
[11:50:00.5925154] [Info   : Unity Log] Whining audio playing? B: True
[11:50:00.6015327] [Info   : Unity Log] Time since hitting < 8!
[11:50:00.6015327] [Info   : Unity Log] Whining audio playing?: True
[11:50:00.6015327] [Info   : Unity Log] Whining audio playing? B: True
[11:50:00.6130554] [Info   : Unity Log] Time since hitting < 8!
[11:50:00.6130554] [Info   : Unity Log] Whining audio playing?: True
[11:50:00.6130554] [Info   : Unity Log] Whining audio playing? B: True
[11:50:00.6233027] [Info   : Unity Log] Time since hitting < 8!
[11:50:00.6233027] [Info   : Unity Log] Whining audio playing?: True
[11:50:00.6233027] [Info   : Unity Log] Whining audio playing? B: True
[11:50:00.6323168] [Info   : Unity Log] Time since hitting < 8!
[11:50:00.6323168] [Info   : Unity Log] Whining audio playing?: True
[11:50:00.6323168] [Info   : Unity Log] Whining audio playing? B: True
[11:50:00.6413646] [Info   : Unity Log] Time since hitting < 8!
[11:50:00.6413646] [Info   : Unity Log] Whining audio playing?: True
[11:50:00.6413646] [Info   : Unity Log] Whining audio playing? B: True
[11:50:00.6513796] [Info   : Unity Log] Time since hitting < 8!
[11:50:00.6513796] [Info   : Unity Log] Whining audio playing?: True
[11:50:00.6513796] [Info   : Unity Log] Whining audio playing? B: True
[11:50:00.6513796] [Debug  : LethalMin] Yellow Pikmin_PerDu: Hitting enemy with: 0.03
[11:50:00.6603964] [Info   : Unity Log] Time since hitting < 8!
[11:50:00.6603964] [Info   : Unity Log] Whining audio playing?: True
[11:50:00.6603964] [Info   : Unity Log] Whining audio playing? B: True
[11:50:00.6705965] [Info   : Unity Log] Time since hitting < 8!
[11:50:00.6705965] [Info   : Unity Log] Whining audio playing?: True
[11:50:00.6705965] [Info   : Unity Log] Whining audio playing? B: True
[11:50:00.6781031] [Info   : Unity Log] Time since hitting < 8!
[11:50:00.6781031] [Info   : Unity Log] Whining audio playing?: True
[11:50:00.6781031] [Info   : Unity Log] Whining audio playing? B: True
[11:50:00.6871796] [Info   : Unity Log] Time since hitting < 8!
[11:50:00.6871796] [Info   : Unity Log] Whining audio playing?: True
[11:50:00.6871796] [Info   : Unity Log] Whining audio playing? B: True
[11:50:00.6881818] [Debug  : LethalMin] Yellow Pikmin_3wnH: Hitting enemy with: 0.03
[11:50:00.6951933] [Info   : Unity Log] Time since hitting < 8!
[11:50:00.6951933] [Info   : Unity Log] Whining audio playing?: True
[11:50:00.6951933] [Info   : Unity Log] Whining audio playing? B: True
[11:50:00.7037069] [Info   : Unity Log] Time since hitting < 8!
[11:50:00.7037069] [Info   : Unity Log] Whining audio playing?: True
[11:50:00.7037069] [Info   : Unity Log] Whining audio playing? B: True
[11:50:00.7152273] [Info   : Unity Log] Time since hitting < 8!
[11:50:00.7152273] [Info   : Unity Log] Whining audio playing?: True
[11:50:00.7152273] [Info   : Unity Log] Whining audio playing? B: True
[11:50:00.7252629] [Info   : Unity Log] Time since hitting < 8!
[11:50:00.7252629] [Info   : Unity Log] Whining audio playing?: True
[11:50:00.7252629] [Info   : Unity Log] Whining audio playing? B: True
[11:50:00.7334486] [Info   : Unity Log] Time since hitting < 8!
[11:50:00.7334486] [Info   : Unity Log] Whining audio playing?: True
[11:50:00.7334486] [Info   : Unity Log] Whining audio playing? B: True
[11:50:00.7434651] [Info   : Unity Log] Time since hitting < 8!
[11:50:00.7434651] [Info   : Unity Log] Whining audio playing?: True
[11:50:00.7434651] [Info   : Unity Log] Whining audio playing? B: True
[11:50:00.7524818] [Info   : Unity Log] Time since hitting < 8!
[11:50:00.7524818] [Info   : Unity Log] Whining audio playing?: True
[11:50:00.7524818] [Info   : Unity Log] Whining audio playing? B: True
[11:50:00.7604983] [Info   : Unity Log] Time since hitting < 8!
[11:50:00.7604983] [Info   : Unity Log] Whining audio playing?: True
[11:50:00.7604983] [Info   : Unity Log] Whining audio playing? B: True
[11:50:00.7695066] [Info   : Unity Log] Time since hitting < 8!
[11:50:00.7695066] [Info   : Unity Log] Whining audio playing?: True
[11:50:00.7695066] [Info   : Unity Log] Whining audio playing? B: True
[11:50:00.7695066] [Debug  : LethalMin] Yellow Pikmin_khCd: Hitting enemy with: 0.03
[11:50:00.7780212] [Info   : Unity Log] Time since hitting < 8!
[11:50:00.7780212] [Info   : Unity Log] Whining audio playing?: True
[11:50:00.7780212] [Info   : Unity Log] Whining audio playing? B: True
[11:50:00.7870345] [Info   : Unity Log] Time since hitting < 8!
[11:50:00.7870345] [Info   : Unity Log] Whining audio playing?: True
[11:50:00.7870345] [Info   : Unity Log] Whining audio playing? B: True
[11:50:00.7935419] [Info   : Unity Log] Time since hitting < 8!
[11:50:00.7935419] [Info   : Unity Log] Whining audio playing?: True
[11:50:00.7935419] [Info   : Unity Log] Whining audio playing? B: True
[11:50:00.8035576] [Info   : Unity Log] Time since hitting < 8!
[11:50:00.8035576] [Info   : Unity Log] Whining audio playing?: True
[11:50:00.8035576] [Info   : Unity Log] Whining audio playing? B: True
[11:50:00.8113286] [Info   : Unity Log] Time since hitting < 8!
[11:50:00.8113286] [Info   : Unity Log] Whining audio playing?: True
[11:50:00.8113286] [Info   : Unity Log] Whining audio playing? B: True
[11:50:00.8178358] [Info   : Unity Log] Time since hitting < 8!
[11:50:00.8193397] [Info   : Unity Log] Whining audio playing?: True
[11:50:00.8193397] [Info   : Unity Log] Whining audio playing? B: True
[11:50:00.8268748] [Info   : Unity Log] Time since hitting < 8!
[11:50:00.8268748] [Info   : Unity Log] Whining audio playing?: True
[11:50:00.8268748] [Info   : Unity Log] Whining audio playing? B: True
[11:50:00.8358886] [Info   : Unity Log] Time since hitting < 8!
[11:50:00.8358886] [Info   : Unity Log] Whining audio playing?: True
[11:50:00.8358886] [Info   : Unity Log] Whining audio playing? B: True
[11:50:00.8449021] [Info   : Unity Log] Time since hitting < 8!
[11:50:00.8449021] [Info   : Unity Log] Whining audio playing?: True
[11:50:00.8449021] [Info   : Unity Log] Whining audio playing? B: True
[11:50:00.8524121] [Info   : Unity Log] Time since hitting < 8!
[11:50:00.8524121] [Info   : Unity Log] Whining audio playing?: True
[11:50:00.8524121] [Info   : Unity Log] Whining audio playing? B: True
[11:50:00.8604298] [Info   : Unity Log] Time since hitting < 8!
[11:50:00.8604298] [Info   : Unity Log] Whining audio playing?: True
[11:50:00.8604298] [Info   : Unity Log] Whining audio playing? B: True
[11:50:00.8694414] [Info   : Unity Log] Time since hitting < 8!
[11:50:00.8694414] [Info   : Unity Log] Whining audio playing?: True
[11:50:00.8694414] [Info   : Unity Log] Whining audio playing? B: True
[11:50:00.8774538] [Info   : Unity Log] Time since hitting < 8!
[11:50:00.8774538] [Info   : Unity Log] Whining audio playing?: True
[11:50:00.8774538] [Info   : Unity Log] Whining audio playing? B: True
[11:50:00.8869895] [Info   : Unity Log] Time since hitting < 8!
[11:50:00.8869895] [Info   : Unity Log] Whining audio playing?: True
[11:50:00.8869895] [Info   : Unity Log] Whining audio playing? B: True
[11:50:00.8934967] [Info   : Unity Log] Time since hitting < 8!
[11:50:00.8934967] [Info   : Unity Log] Whining audio playing?: True
[11:50:00.8934967] [Info   : Unity Log] Whining audio playing? B: True
[11:50:00.8950012] [Debug  : LethalMin] Yellow Pikmin_XYErHj: Hitting enemy with: 0.03
[11:50:00.9035123] [Info   : Unity Log] Time since hitting < 8!
[11:50:00.9035123] [Info   : Unity Log] Whining audio playing?: True
[11:50:00.9035123] [Info   : Unity Log] Whining audio playing? B: True
[11:50:00.9115270] [Info   : Unity Log] Time since hitting < 8!
[11:50:00.9115270] [Info   : Unity Log] Whining audio playing?: True
[11:50:00.9115270] [Info   : Unity Log] Whining audio playing? B: True
[11:50:00.9210449] [Info   : Unity Log] Time since hitting < 8!
[11:50:00.9210449] [Info   : Unity Log] Whining audio playing?: True
[11:50:00.9210449] [Info   : Unity Log] Whining audio playing? B: True
[11:50:00.9307593] [Info   : Unity Log] Time since hitting < 8!
[11:50:00.9307593] [Info   : Unity Log] Whining audio playing?: True
[11:50:00.9307593] [Info   : Unity Log] Whining audio playing? B: True
[11:50:00.9382673] [Info   : Unity Log] Time since hitting < 8!
[11:50:00.9382673] [Info   : Unity Log] Whining audio playing?: True
[11:50:00.9382673] [Info   : Unity Log] Whining audio playing? B: True
[11:50:00.9392667] [Debug  : LethalMin] Yellow Pikmin_8LNgEB: Hitting enemy with: 0.03
[11:50:00.9473051] [Info   : Unity Log] Time since hitting < 8!
[11:50:00.9473051] [Info   : Unity Log] Whining audio playing?: True
[11:50:00.9473051] [Info   : Unity Log] Whining audio playing? B: True
[11:50:00.9558089] [Info   : Unity Log] Time since hitting < 8!
[11:50:00.9558089] [Info   : Unity Log] Whining audio playing?: True
[11:50:00.9558089] [Info   : Unity Log] Whining audio playing? B: True
[11:50:00.9653180] [Info   : Unity Log] Time since hitting < 8!
[11:50:00.9653180] [Info   : Unity Log] Whining audio playing?: True
[11:50:00.9653180] [Info   : Unity Log] Whining audio playing? B: True
[11:50:00.9733592] [Info   : Unity Log] Time since hitting < 8!
[11:50:00.9733592] [Info   : Unity Log] Whining audio playing?: True
[11:50:00.9733592] [Info   : Unity Log] Whining audio playing? B: True
[11:50:00.9813740] [Info   : Unity Log] Time since hitting < 8!
[11:50:00.9813740] [Info   : Unity Log] Whining audio playing?: True
[11:50:00.9813740] [Info   : Unity Log] Whining audio playing? B: True
[11:50:00.9903911] [Info   : Unity Log] Time since hitting < 8!
[11:50:00.9903911] [Info   : Unity Log] Whining audio playing?: True
[11:50:00.9903911] [Info   : Unity Log] Whining audio playing? B: True
[11:50:00.9903911] [Debug  : LethalMin] Yellow Pikmin_G5l3h: Hitting enemy with: 0.03
[11:50:00.9978996] [Info   : Unity Log] Time since hitting < 8!
[11:50:00.9978996] [Info   : Unity Log] Whining audio playing?: True
[11:50:00.9978996] [Info   : Unity Log] Whining audio playing? B: True
[11:50:01.0069153] [Info   : Unity Log] Time since hitting < 8!
[11:50:01.0069153] [Info   : Unity Log] Whining audio playing?: True
[11:50:01.0069153] [Info   : Unity Log] Whining audio playing? B: True
[11:50:01.0154302] [Info   : Unity Log] Time since hitting < 8!
[11:50:01.0154302] [Info   : Unity Log] Whining audio playing?: True
[11:50:01.0154302] [Info   : Unity Log] Whining audio playing? B: True
[11:50:01.0249407] [Info   : Unity Log] Time since hitting < 8!
[11:50:01.0249407] [Info   : Unity Log] Whining audio playing?: True
[11:50:01.0249407] [Info   : Unity Log] Whining audio playing? B: True
[11:50:01.0336182] [Info   : Unity Log] Time since hitting < 8!
[11:50:01.0336182] [Info   : Unity Log] Whining audio playing?: True
[11:50:01.0336182] [Info   : Unity Log] Whining audio playing? B: True
[11:50:01.0426316] [Info   : Unity Log] Time since hitting < 8!
[11:50:01.0426316] [Info   : Unity Log] Whining audio playing?: True
[11:50:01.0426316] [Info   : Unity Log] Whining audio playing? B: True
[11:50:01.1615729] [Debug  : LethalMin] Yellow Pikmin_PerDu: Hitting enemy with: 0.03
[11:50:01.1982046] [Debug  : LethalMin] Yellow Pikmin_3wnH: Hitting enemy with: 0.03
[11:50:01.2717105] [Debug  : LethalMin] Yellow Pikmin_khCd: Hitting enemy with: 0.03
[11:50:01.3971446] [Debug  : LethalMin] Yellow Pikmin_XYErHj: Hitting enemy with: 0.03
[11:50:01.4535027] [Debug  : LethalMin] Yellow Pikmin_8LNgEB: Hitting enemy with: 0.03
[11:50:01.4992766] [Debug  : LethalMin] Yellow Pikmin_G5l3h: Hitting enemy with: 0.03
[11:50:01.6674062] [Debug  : LethalMin] Yellow Pikmin_PerDu: Hitting enemy with: 0.03
[11:50:01.7154828] [Debug  : LethalMin] Yellow Pikmin_3wnH: Hitting enemy with: 0.03
[11:50:01.7736127] [Debug  : LethalMin] Yellow Pikmin_khCd: Hitting enemy with: 0.03
[11:50:01.9015375] [Debug  : LethalMin] Yellow Pikmin_XYErHj: Hitting enemy with: 0.03
[11:50:01.9714164] [Debug  : LethalMin] Yellow Pikmin_8LNgEB: Hitting enemy with: 0.03
[11:50:02.0149929] [Debug  : LethalMin] Yellow Pikmin_G5l3h: Hitting enemy with: 0.03
[11:50:02.1760403] [Debug  : LethalMin] Yellow Pikmin_PerDu: Hitting enemy with: 0.03
[11:50:02.2282163] [Debug  : LethalMin] Yellow Pikmin_3wnH: Hitting enemy with: 0.03
[11:50:02.2282163] [Info   : Unity Log] Client #0 hit enemy Crawler(Clone) with force of 1.
[11:50:02.2282163] [Debug  : LethalMin] Applied 1 damage to Crawler(Clone), remaining counter: 0.009999037
[11:50:02.2803804] [Debug  : LethalMin] Yellow Pikmin_khCd: Hitting enemy with: 0.03
[11:50:02.3381085] [Warning: Unity Log] Only custom filters can be played. Please add a custom filter or an audioclip to the audiosource (SweepingSFX).
[11:50:02.4094202] [Debug  : LethalMin] Yellow Pikmin_XYErHj: Hitting enemy with: 0.03
[11:50:02.4812139] [Debug  : LethalMin] Yellow Pikmin_8LNgEB: Hitting enemy with: 0.03
[11:50:02.5296946] [Debug  : LethalMin] Yellow Pikmin_G5l3h: Hitting enemy with: 0.03
[11:50:02.6237187] [Warning:S1.39 Compatibility Fixes] [ThumperPikminGuard] Blocked Crawler/Thumper -> Pikmin GrabPikmin before leader/grab/death-timer state mutation.
[11:50:02.6237187] [Warning:S1.39 Compatibility Fixes] [ThumperPikminGuard] Blocked Crawler/Thumper -> Pikmin GrabPikmin before leader/grab/death-timer state mutation.
[11:50:02.6915306] [Debug  : LethalMin] Yellow Pikmin_PerDu: Hitting enemy with: 0.03
[11:50:02.7351321] [Debug  : LethalMin] Yellow Pikmin_3wnH: Hitting enemy with: 0.03
[11:50:02.7856930] [Debug  :   Coroner] Querying target player parameters pre-death...
[11:50:02.7856930] [Debug  :   Coroner] Query successful!True
[11:50:02.7856930] [Debug  : LethalMin] Yellow Pikmin_khCd: Hitting enemy with: 0.03
[11:50:02.9096452] [Debug  : LethalMin] Yellow Pikmin_XYErHj: Hitting enemy with: 0.03
[11:50:02.9981906] [Debug  : LethalMin] Yellow Pikmin_8LNgEB: Hitting enemy with: 0.03
[11:50:03.0337744] [Debug  : LethalMin] Yellow Pikmin_G5l3h: Hitting enemy with: 0.03
[11:50:03.1306155] [Info   : Unity Log] Butler: pinged attention to position
[11:50:03.2882746] [Debug  : LethalMin] Yellow Pikmin_khCd: Hitting enemy with: 0.03
[11:50:03.4150007] [Debug  : LethalMin] Yellow Pikmin_XYErHj: Hitting enemy with: 0.03
[11:50:03.5149742] [Debug  : LethalMin] Yellow Pikmin_8LNgEB: Hitting enemy with: 0.03
[11:50:03.5540656] [Debug  : LethalMin] Yellow Pikmin_G5l3h: Hitting enemy with: 0.03
[11:50:03.6469590] [Debug  :   Coroner] Querying target player parameters pre-death...
[11:50:03.6469590] [Debug  :   Coroner] Query successful!True
[11:50:03.7123603] [Debug  : LethalMin] Yellow Pikmin_PerDu: Hitting enemy with: 0.03
[11:50:03.7573447] [Debug  : LethalMin] Yellow Pikmin_3wnH: Hitting enemy with: 0.03
[11:50:03.7936073] [Debug  : LethalMin] Yellow Pikmin_khCd: Hitting enemy with: 0.03
[11:50:03.9150947] [Debug  : LethalMin] Yellow Pikmin_XYErHj: Hitting enemy with: 0.03
[11:50:04.0280120] [Debug  : LethalMin] Yellow Pikmin_8LNgEB: Hitting enemy with: 0.03
[11:50:04.0660747] [Debug  : LethalMin] Yellow Pikmin_G5l3h: Hitting enemy with: 0.03
[11:50:04.2193257] [Debug  : LethalMin] Yellow Pikmin_PerDu: Hitting enemy with: 0.03
[11:50:04.2726610] [Debug  : LethalMin] Yellow Pikmin_3wnH: Hitting enemy with: 0.03
[11:50:04.2997077] [Debug  : LethalMin] Yellow Pikmin_khCd: Hitting enemy with: 0.03
[11:50:04.4184668] [Debug  : LethalMin] Yellow Pikmin_XYErHj: Hitting enemy with: 0.03
[11:50:04.5406490] [Debug  : LethalMin] Yellow Pikmin_8LNgEB: Hitting enemy with: 0.03
[11:50:04.5737084] [Debug  : LethalMin] Yellow Pikmin_G5l3h: Hitting enemy with: 0.03
[11:50:04.7341243] [Debug  : LethalMin] Yellow Pikmin_PerDu: Hitting enemy with: 0.03
[11:50:04.7923071] [Debug  : LethalMin] Yellow Pikmin_3wnH: Hitting enemy with: 0.03
[11:50:04.7994919] [Debug  : LethalMin] Yellow Pikmin_khCd: Hitting enemy with: 0.03
[11:50:04.8393986] [Warning:S1.39 Compatibility Fixes] [ThumperPikminGuard] Blocked Crawler/Thumper -> Pikmin GrabPikmin before leader/grab/death-timer state mutation.
[11:50:04.9180898] [Debug  : LethalMin] Yellow Pikmin_XYErHj: Hitting enemy with: 0.03
[11:50:05.0550968] [Debug  : LethalMin] Yellow Pikmin_8LNgEB: Hitting enemy with: 0.03
[11:50:05.0906600] [Debug  : LethalMin] Yellow Pikmin_G5l3h: Hitting enemy with: 0.03
[11:50:05.2479591] [Debug  : LethalMin] Yellow Pikmin_PerDu: Hitting enemy with: 0.03
[11:50:05.3021021] [Debug  : LethalMin] Yellow Pikmin_3wnH: Hitting enemy with: 0.03
[11:50:05.3021021] [Info   : Unity Log] Client #0 hit enemy Crawler(Clone) with force of 1.
[11:50:05.3021021] [Debug  : LethalMin] Applied 1 damage to Crawler(Clone), remaining counter: 0.02999854
[11:50:05.3021021] [Debug  : LethalMin] Yellow Pikmin_khCd: Hitting enemy with: 0.03
[11:50:05.4253444] [Debug  : LethalMin] Yellow Pikmin_XYErHj: Hitting enemy with: 0.03
[11:50:05.5635412] [Debug  : LethalMin] Yellow Pikmin_8LNgEB: Hitting enemy with: 0.03
[11:50:05.6061174] [Debug  : LethalMin] Yellow Pikmin_G5l3h: Hitting enemy with: 0.03
[11:50:05.7580494] [Debug  : LethalMin] Yellow Pikmin_PerDu: Hitting enemy with: 0.03
[11:50:05.8036531] [Debug  : LethalMin] Yellow Pikmin_khCd: Hitting enemy with: 0.03
[11:50:05.8126683] [Debug  : LethalMin] Yellow Pikmin_3wnH: Hitting enemy with: 0.03
[11:50:05.9298006] [Debug  : LethalMin] Yellow Pikmin_XYErHj: Hitting enemy with: 0.03
[11:50:06.0752736] [Debug  : LethalMin] Yellow Pikmin_8LNgEB: Hitting enemy with: 0.03
[11:50:06.0897967] [Debug  :   Coroner] Querying target player parameters pre-death...
[11:50:06.0897967] [Debug  :   Coroner] Query successful!True
[11:50:06.1123462] [Debug  : LethalMin] Yellow Pikmin_G5l3h: Hitting enemy with: 0.03
[11:50:06.2018170] [Info   : Unity Log] Butler: pinged attention to position
[11:50:06.2706622] [Debug  : LethalMin] Yellow Pikmin_PerDu: Hitting enemy with: 0.03
[11:50:06.3007111] [Debug  : LethalMin] Sprout Setting growth stage to 2
[11:50:06.3073953] [Debug  : LethalMin] Yellow Pikmin_khCd: Hitting enemy with: 0.03
[11:50:06.3215311] [Debug  : LethalMin] Yellow Pikmin_3wnH: Hitting enemy with: 0.03
[11:50:06.4335250] [Debug  : LethalMin] Yellow Pikmin_XYErHj: Hitting enemy with: 0.03
[11:50:06.5795152] [Debug  : LethalMin] Yellow Pikmin_8LNgEB: Hitting enemy with: 0.03
[11:50:06.6280857] [Debug  : LethalMin] Yellow Pikmin_G5l3h: Hitting enemy with: 0.03
[11:50:06.7804991] [Debug  : LethalMin] Yellow Pikmin_PerDu: Hitting enemy with: 0.03
[11:50:06.8135441] [Debug  : LethalMin] Yellow Pikmin_khCd: Hitting enemy with: 0.03
[11:50:06.8336378] [Debug  : LethalMin] Yellow Pikmin_3wnH: Hitting enemy with: 0.03
[11:50:06.9394350] [Debug  : LethalMin] Yellow Pikmin_XYErHj: Hitting enemy with: 0.03
[11:50:07.0897327] [Debug  : LethalMin] Yellow Pikmin_8LNgEB: Hitting enemy with: 0.03
[11:50:07.1360944] [Debug  : LethalMin] Yellow Pikmin_G5l3h: Hitting enemy with: 0.03
[11:50:07.2936424] [Debug  : LethalMin] Yellow Pikmin_PerDu: Hitting enemy with: 0.03
[11:50:07.3136822] [Debug  : LethalMin] Yellow Pikmin_khCd: Hitting enemy with: 0.03
[11:50:07.4437598] [Debug  : LethalMin] Yellow Pikmin_XYErHj: Hitting enemy with: 0.03
[11:50:07.6015290] [Debug  : LethalMin] Yellow Pikmin_8LNgEB: Hitting enemy with: 0.03
[11:50:07.6527821] [Debug  : LethalMin] Yellow Pikmin_G5l3h: Hitting enemy with: 0.03
[11:50:07.7982436] [Debug  : LethalMin] Yellow Pikmin_PerDu: Hitting enemy with: 0.03
[11:50:07.8197797] [Debug  : LethalMin] Yellow Pikmin_khCd: Hitting enemy with: 0.03
[11:50:07.8960577] [Warning:S1.39 Compatibility Fixes] [ThumperPikminGuard] Blocked Crawler/Thumper -> Pikmin GrabPikmin before leader/grab/death-timer state mutation.
[11:50:07.9461575] [Debug  : LethalMin] Yellow Pikmin_XYErHj: Hitting enemy with: 0.03
[11:50:08.1138131] [Debug  : LethalMin] Yellow Pikmin_8LNgEB: Hitting enemy with: 0.03
[11:50:08.1574228] [Debug  : LethalMin] Yellow Pikmin_G5l3h: Hitting enemy with: 0.03
[11:50:08.2962878] [Debug  :   Coroner] Querying target player parameters pre-death...
[11:50:08.2962878] [Debug  :   Coroner] Query successful!True
[11:50:08.3108121] [Debug  : LethalMin] Yellow Pikmin_PerDu: Hitting enemy with: 0.03
[11:50:08.3108121] [Info   : Unity Log] Client #0 hit enemy Crawler(Clone) with force of 1.
[11:50:08.3108121] [Info   : Unity Log] Kill enemy called! destroy: False
[11:50:08.3118106] [Info   : Unity Log] Playing death sound for enemy: Crawler
[11:50:08.3118106] [Debug  :Starlancer AI Fix] Crawler(Clone) from the interior enemy list has died; 
Previous interior power level is 17
[11:50:08.3118106] [Debug  :Starlancer AI Fix] Removing Crawler(Clone)'s power (3) from the RoundManager; 
Current interior power level is 14
[11:50:08.3153147] [Info   : Unity Log] Kill enemy server rpc called with destroy False
[11:50:08.3153147] [Info   : Unity Log] Kill enemy client rpc called; False
[11:50:08.3163204] [Debug  : LethalMin] Applied 1 damage to Crawler(Clone), remaining counter: 0.01999807
[11:50:08.3238276] [Debug  : LethalMin] Yellow Pikmin_khCd: Setting to idle on local client
[11:50:08.3238276] [Info   : LethalMin] Yellow Pikmin_khCd: Removing current task
[11:50:08.3238276] [Debug  : LethalMin] Yellow Pikmin_khCd: Removed Leader
[11:50:08.3238276] [Info   : LethalMin] Unlatching Pikmin: Yellow Pikmin_khCd
[11:50:08.3238276] [Debug  : LethalMin] Yellow Pikmin_khCd: Setting collision mode to 1
[11:50:08.3263412] [Debug  : LethalMin] Yellow Pikmin_XYErHj: Setting to idle on local client
[11:50:08.3263412] [Info   : LethalMin] Yellow Pikmin_XYErHj: Removing current task
[11:50:08.3263412] [Debug  : LethalMin] Yellow Pikmin_XYErHj: Removed Leader
[11:50:08.3263412] [Info   : LethalMin] Unlatching Pikmin: Yellow Pikmin_XYErHj
[11:50:08.3263412] [Debug  : LethalMin] Yellow Pikmin_XYErHj: Setting collision mode to 1
[11:50:08.3654530] [Debug  : LethalMin] Yellow Pikmin_3wnH: Hitting enemy with: 0.03
[11:50:08.4260043] [Info   : LethalMin] Yellow Pikmin_3wnH: Task finished
[11:50:08.4260043] [Debug  : LethalMin] Yellow Pikmin_3wnH: Setting to idle on local client
[11:50:08.4260043] [Info   : LethalMin] Yellow Pikmin_3wnH: Removing current task
[11:50:08.4260043] [Debug  : LethalMin] Yellow Pikmin_3wnH: Removed Leader
[11:50:08.4260043] [Info   : LethalMin] Yellow Pikmin_3wnH: Removing current task
[11:50:08.4515395] [Info   : LethalMin] Yellow Pikmin_8LNgEB: Task finished
[11:50:08.4515395] [Debug  : LethalMin] Yellow Pikmin_8LNgEB: Setting to idle on local client
[11:50:08.4515395] [Info   : LethalMin] Yellow Pikmin_8LNgEB: Removing current task
[11:50:08.4515395] [Debug  : LethalMin] Yellow Pikmin_8LNgEB: Removed Leader
[11:50:08.4515395] [Info   : LethalMin] Yellow Pikmin_8LNgEB: Removing current task
[11:50:08.4580467] [Info   : LethalMin] Yellow Pikmin_G5l3h: Task finished
[11:50:08.4580467] [Debug  : LethalMin] Yellow Pikmin_G5l3h: Setting to idle on local client
[11:50:08.4580467] [Info   : LethalMin] Yellow Pikmin_G5l3h: Removing current task
[11:50:08.4580467] [Debug  : LethalMin] Yellow Pikmin_G5l3h: Removed Leader
[11:50:08.4580467] [Info   : LethalMin] Yellow Pikmin_G5l3h: Removing current task
[11:50:08.4650596] [Info   : LethalMin] Yellow Pikmin_PerDu: Task finished
[11:50:08.4650596] [Debug  : LethalMin] Yellow Pikmin_PerDu: Setting to idle on local client
[11:50:08.4650596] [Info   : LethalMin] Yellow Pikmin_PerDu: Removing current task
[11:50:08.4650596] [Debug  : LethalMin] Yellow Pikmin_PerDu: Removed Leader
[11:50:08.4650596] [Info   : LethalMin] Yellow Pikmin_PerDu: Removing current task
[11:50:08.6193850] [Debug  : LethalMin] Yellow Pikmin_8LNgEB: Hitting enemy with: 0.03
[11:50:08.6682513] [Debug  : LethalMin] Yellow Pikmin_G5l3h: Hitting enemy with: 0.03
[11:50:09.2482844] [Info   : Unity Log] Butler: pinged attention to position
[11:50:10.0182032] [Warning: Unity Log] Only custom filters can be played. Please add a custom filter or an audioclip to the audiosource (SweepingSFX).
[11:50:12.2997684] [Info   : Unity Log] Butler: pinged attention to position
[11:50:12.3218292] [Info   : Unity Log] Successfully synced body values
[11:50:12.3218292] [Info   : Unity Log] End of OnNetworkSpawn body override
[11:50:12.3238282] [Debug  :Matty's Fixes] LethalLib/SellBodies/Dead Thumper(530) needs to compute vertical offset - scheduled
[11:50:12.3479452] [Debug  : LethalMin] Initializing PikminItem CrawlerBody(Clone) with item CrawlerBody(Clone) (True)
[11:50:12.3539599] [Debug  : LethalMin] Yellow Pikmin_3wnH: Removed Leader
[11:50:12.3539599] [Debug  : LethalMin] Yellow Pikmin_3wnH: Setting collision mode to 1
[11:50:12.3539599] [Info   : LethalMin] Yellow Pikmin_3wnH: Assigned Leader: MasaeAhmya (0)
[11:50:12.3574671] [Info   : LethalMin] Bulbmin_QutJbW: Setting growth stage to 1
[11:50:12.3584672] [Debug  :Matty's Fixes] LethalLib/SellBodies/Dead Thumper(530) is computing vertical offset
[11:50:12.3604671] [Debug  :Matty's Fixes] LethalLib/SellBodies/Dead Thumper new offset is 0.2788938
[11:50:12.3604671] [Debug  :Matty's Fixes] LethalLib/SellBodies/Dead Thumper(530) position updated [(0.00, 0.00, 0.00)] -> [(0.00, 0.28, 0.00)]
[11:50:12.3964084] [Info   : LethalMin] Yellow Pikmin_XYErHj: Found item: CrawlerBody(Clone)
[11:50:12.3964084] [Info   : LethalMin] Yellow Pikmin_XYErHj: targeting item CrawlerBody(Clone) at GrabPosition_48
[11:50:12.3964084] [Info   : LethalMin] Yellow Pikmin_XYErHj: Setting current task to CarryItem
[11:50:12.4406720] [Info   : LethalMin] Yellow Pikmin_khCd: Found item: CrawlerBody(Clone)
[11:50:12.4406720] [Info   : LethalMin] Yellow Pikmin_khCd: targeting item CrawlerBody(Clone) at GrabPosition_60
[11:50:12.4406720] [Info   : LethalMin] Yellow Pikmin_khCd: Setting current task to CarryItem
[11:50:12.4506913] [Info   : LethalMin] Yellow Pikmin_8LNgEB: Found item: CrawlerBody(Clone)
[11:50:12.4506913] [Info   : LethalMin] Yellow Pikmin_8LNgEB: targeting item CrawlerBody(Clone) at GrabPosition_63
[11:50:12.4506913] [Info   : LethalMin] Yellow Pikmin_8LNgEB: Setting current task to CarryItem
[11:50:12.4707556] [Info   : LethalMin] Yellow Pikmin_PerDu: Found item: CrawlerBody(Clone)
[11:50:12.4707556] [Info   : LethalMin] Yellow Pikmin_PerDu: targeting item CrawlerBody(Clone) at GrabPosition_21
[11:50:12.4707556] [Info   : LethalMin] Yellow Pikmin_PerDu: Setting current task to CarryItem
[11:50:12.5018037] [Info   : LethalMin] Yellow Pikmin_G5l3h: Found item: CrawlerBody(Clone)
[11:50:12.5018037] [Info   : LethalMin] Yellow Pikmin_G5l3h: targeting item CrawlerBody(Clone) at GrabPosition_35
[11:50:12.5018037] [Info   : LethalMin] Yellow Pikmin_G5l3h: Setting current task to CarryItem
[11:50:12.6006023] [Info   : LethalMin] Yellow Pikmin_XYErHj: Grabbed item CrawlerBody(Clone) Speed is now: 1
[11:50:12.6006023] [Message: LethalMin] CrawlerBody(Clone) Switched Primary Pikmin to Yellow Pikmin_XYErHj
[11:50:12.6915543] [Info   : LethalMin] Yellow Pikmin_8LNgEB: Grabbed item CrawlerBody(Clone) Speed is now: 1.132353
[11:50:12.6915543] [Info   : LethalMin] Yellow Pikmin_khCd: Grabbed item CrawlerBody(Clone) Speed is now: 1.448529
[11:50:12.6915543] [Info   : LethalMin] Yellow Pikmin_PerDu: Grabbed item CrawlerBody(Clone) Speed is now: 1.764706
[11:50:12.7150910] [Info   : LethalMin] Yellow Pikmin_G5l3h: Grabbed item CrawlerBody(Clone) Speed is now: 2.080882
[11:50:12.8373657] [Debug  :   Coroner] Querying target player parameters pre-death...
[11:50:12.8373657] [Debug  :   Coroner] Query successful!True
[11:50:13.0915876] [Info   : Unity Log] Found enemy vent which has its time up: VentEntrance(Clone). Spawning Crawler from vent.
[11:50:13.0925883] [Info   : Unity Log] Spawned enemy from vent
[11:50:13.1016053] [Debug  :Starlancer AI Fix] The Enemy Whitelist contains: Blob, Butler, Centipede, Crawler, Flowerman, HoarderBug, Nutcracker, SandSpider, Stingray.
[11:50:13.1016053] [Debug  :Starlancer AI Fix] Adding IVisibleThreat component to Crawler(Clone).
[11:50:13.7018827] [Debug  :   Coroner] Querying target player parameters pre-death...
[11:50:13.7018827] [Debug  :   Coroner] Query successful!True
[11:50:14.5163435] [Info   : Unity Log] Found enemy vent which has its time up: VentEntrance(Clone). Spawning RollingGiant from vent.
[11:50:14.5173450] [Info   : Unity Log] Spawned enemy from vent
[11:50:14.5509111] [Info   :qwbarch.Mirage] RollingGiantAI(503bad2c-2953-486d-894f-9322b818f94f) - Mimicking player #0
[11:50:14.8698675] [Warning: Unity Log] Only custom filters can be played. Please add a custom filter or an audioclip to the audiosource (SweepingSFX).
[11:50:15.2972565] [Debug  : LethalMin] Sprout Setting growth stage to 2
[11:50:15.3037648] [Debug  : LethalMin] Yellow Pikmin_apYy5: Setting collision mode to 0
[11:50:15.3583943] [Info   : Unity Log] Butler: pinged attention to position
[11:50:15.7073652] [Debug  : LethalMin] Cannot do throw while not holding a pikmin
[11:50:15.7073652] [Debug  : LethalMin] Yellow Pikmin_apYy5: Thrown with force: (-9.27, -9.64, 17.47)
[11:50:15.7073652] [Debug  : LethalMin] Yellow Pikmin_apYy5: Setting collision mode to 2
[11:50:15.7073652] [Debug  : LethalMin] Yellow Pikmin_apYy5: Removed Leader
[11:50:15.8597998] [Debug  : LethalMin] Yellow Pikmin_2nE2lyy: Setting collision mode to 0
[11:50:15.8673050] [Info   : LethalMin] Yellow Pikmin_apYy5: Collision with DPF_MetalBucket
[11:50:15.8673050] [Debug  : LethalMin] Yellow Pikmin_apYy5: Setting collision mode to 1
[11:50:15.8673050] [Debug  : LethalMin] Yellow Pikmin_apYy5: Setting to idle on local client
[11:50:15.8673050] [Debug  : LethalMin] Yellow Pikmin_apYy5: Removed Leader
[11:50:16.0466408] [Info   : LethalMin] Yellow Pikmin_apYy5: Found item: CrawlerBody(Clone)
[11:50:16.0476421] [Info   : LethalMin] Yellow Pikmin_apYy5: targeting item CrawlerBody(Clone) at GrabPosition_52
[11:50:16.0476421] [Info   : LethalMin] Yellow Pikmin_apYy5: Setting current task to CarryItem
[11:50:16.2640759] [Info   : LethalMin] Yellow Pikmin_apYy5: Grabbed item CrawlerBody(Clone) Speed is now: 2.397059
[11:50:16.3576900] [Debug  : LethalMin] Cannot do throw while not holding a pikmin
[11:50:16.3576900] [Debug  : LethalMin] Yellow Pikmin_2nE2lyy: Thrown with force: (-8.42, -10.46, 17.42)
[11:50:16.3576900] [Debug  : LethalMin] Yellow Pikmin_2nE2lyy: Setting collision mode to 2
[11:50:16.3576900] [Debug  : LethalMin] Yellow Pikmin_2nE2lyy: Removed Leader
[11:50:16.4945632] [Debug  : LethalMin] Yellow Pikmin_ruCpzY: Setting collision mode to 0
[11:50:16.5018793] [Info   : LethalMin] Yellow Pikmin_2nE2lyy: Collision with DPF_MetalBucket
[11:50:16.5018793] [Debug  : LethalMin] Yellow Pikmin_2nE2lyy: Setting collision mode to 1
[11:50:16.5018793] [Debug  : LethalMin] Yellow Pikmin_2nE2lyy: Setting to idle on local client
[11:50:16.5018793] [Debug  : LethalMin] Yellow Pikmin_2nE2lyy: Removed Leader
[11:50:16.7009336] [Info   : LethalMin] Yellow Pikmin_2nE2lyy: Found item: CrawlerBody(Clone)
[11:50:16.7009336] [Info   : LethalMin] Yellow Pikmin_2nE2lyy: targeting item CrawlerBody(Clone) at GrabPosition_51
[11:50:16.7009336] [Info   : LethalMin] Yellow Pikmin_2nE2lyy: Setting current task to CarryItem
[11:50:16.9064277] [Info   : LethalMin] Yellow Pikmin_2nE2lyy: Grabbed item CrawlerBody(Clone) Speed is now: 2.713235
[11:50:17.0106759] [Debug  : LethalMin] Cannot do throw while not holding a pikmin
[11:50:17.0106759] [Debug  : LethalMin] Yellow Pikmin_ruCpzY: Thrown with force: (-8.42, -10.46, 17.42)
[11:50:17.0106759] [Debug  : LethalMin] Yellow Pikmin_ruCpzY: Setting collision mode to 2
[11:50:17.0106759] [Debug  : LethalMin] Yellow Pikmin_ruCpzY: Removed Leader
[11:50:17.1652250] [Info   : LethalMin] Yellow Pikmin_ruCpzY: Collision with DPF_MetalBucket
[11:50:17.1652250] [Debug  : LethalMin] Yellow Pikmin_ruCpzY: Setting collision mode to 1
[11:50:17.1652250] [Debug  : LethalMin] Yellow Pikmin_ruCpzY: Setting to idle on local client
[11:50:17.1652250] [Debug  : LethalMin] Yellow Pikmin_ruCpzY: Removed Leader
[11:50:17.2184715] [Info   : LethalMin] Yellow Pikmin_ruCpzY: Found item: CrawlerBody(Clone)
[11:50:17.2184715] [Info   : LethalMin] Yellow Pikmin_ruCpzY: targeting item CrawlerBody(Clone) at GrabPosition_53
[11:50:17.2184715] [Info   : LethalMin] Yellow Pikmin_ruCpzY: Setting current task to CarryItem
[11:50:17.4199448] [Info   : LethalMin] Yellow Pikmin_ruCpzY: Grabbed item CrawlerBody(Clone) Speed is now: 3.029412
[11:50:18.4128956] [Info   : Unity Log] Butler: pinged attention to position
[11:50:18.6105853] [Debug  : LethalMin] Yellow Pikmin_LuMKh: Setting collision mode to 0
[11:50:19.3073914] [Info   : Unity Log] HoarderBug(Clone) : Setting target object and going towards it. [NCS:180-78730]
[11:50:19.4427131] [Debug  : LethalMin] Cannot do throw while not holding a pikmin
[11:50:19.4427131] [Debug  : LethalMin] Yellow Pikmin_LuMKh: Thrown with force: (-8.21, -9.39, 18.12)
[11:50:19.4427131] [Debug  : LethalMin] Yellow Pikmin_LuMKh: Setting collision mode to 2
[11:50:19.4427131] [Debug  : LethalMin] Yellow Pikmin_LuMKh: Removed Leader
[11:50:19.5118792] [Info   : Unity Log] Found enemy vent which has its time up: VentEntrance(Clone). Spawning Crawler from vent.
[11:50:19.5128792] [Info   : Unity Log] Spawned enemy from vent
[11:50:19.5218983] [Debug  :Starlancer AI Fix] The Enemy Whitelist contains: Blob, Butler, Centipede, Crawler, Flowerman, HoarderBug, Nutcracker, SandSpider, Stingray.
[11:50:19.5218983] [Debug  :Starlancer AI Fix] Adding IVisibleThreat component to Crawler(Clone).
[11:50:19.6040241] [Info   : LethalMin] Yellow Pikmin_LuMKh: Collision with DPF_MetalBucket
[11:50:19.6040241] [Debug  : LethalMin] Yellow Pikmin_LuMKh: Setting collision mode to 1
[11:50:19.6040241] [Debug  : LethalMin] Yellow Pikmin_LuMKh: Setting to idle on local client
[11:50:19.6040241] [Debug  : LethalMin] Yellow Pikmin_LuMKh: Removed Leader
[11:50:19.6772339] [Info   : LethalMin] Yellow Pikmin_LuMKh: Found item: CrawlerBody(Clone)
[11:50:19.6772339] [Info   : LethalMin] Yellow Pikmin_LuMKh: targeting item CrawlerBody(Clone) at GrabPosition_46
[11:50:19.6772339] [Info   : LethalMin] Yellow Pikmin_LuMKh: Setting current task to CarryItem
[11:50:19.8997347] [Info   : LethalMin] Yellow Pikmin_LuMKh: Grabbed item CrawlerBody(Clone) Speed is now: 3.345588
[11:50:20.2753600] [Debug  : LethalMin] Yellow Pikmin_hcRGph: Setting collision mode to 0
[11:50:20.5433458] [Info   : Unity Log] HoarderBug(Clone) : Setting target object and going towards it. [NCS:180-78923]
[11:50:20.6999295] [Debug  : LethalMin] Cannot do throw while not holding a pikmin
[11:50:20.6999295] [Debug  : LethalMin] Yellow Pikmin_hcRGph: Thrown with force: (-8.23, -9.89, 17.84)
[11:50:20.6999295] [Debug  : LethalMin] Yellow Pikmin_hcRGph: Setting collision mode to 2
[11:50:20.6999295] [Debug  : LethalMin] Yellow Pikmin_hcRGph: Removed Leader
[11:50:20.8428259] [Info   : LethalMin] Yellow Pikmin_hcRGph: Collision with DPF_MetalBucket
[11:50:20.8428259] [Debug  : LethalMin] Yellow Pikmin_hcRGph: Setting collision mode to 1
[11:50:20.8428259] [Debug  : LethalMin] Yellow Pikmin_hcRGph: Setting to idle on local client
[11:50:20.8428259] [Debug  : LethalMin] Yellow Pikmin_hcRGph: Removed Leader
[11:50:21.0083813] [Info   : LethalMin] Yellow Pikmin_hcRGph: Found item: CrawlerBody(Clone)
[11:50:21.0083813] [Info   : LethalMin] Yellow Pikmin_hcRGph: targeting item CrawlerBody(Clone) at GrabPosition_49
[11:50:21.0083813] [Info   : LethalMin] Yellow Pikmin_hcRGph: Setting current task to CarryItem
[11:50:21.0384559] [Debug  : LethalMin] Yellow Pikmin_3wnH: Setting collision mode to 0
[11:50:21.2244805] [Info   : LethalMin] Yellow Pikmin_hcRGph: Grabbed item CrawlerBody(Clone) Speed is now: 3.661765
[11:50:21.4685524] [Debug  : LethalMin] Cannot do throw while not holding a pikmin
[11:50:21.4685524] [Debug  : LethalMin] Yellow Pikmin_3wnH: Thrown with force: (-8.23, -9.89, 17.84)
[11:50:21.4685524] [Debug  : LethalMin] Yellow Pikmin_3wnH: Setting collision mode to 2
[11:50:21.4685524] [Debug  : LethalMin] Yellow Pikmin_3wnH: Removed Leader
[11:50:21.4755735] [Info   : Unity Log] Butler: pinged attention to position
[11:50:21.6229580] [Info   : LethalMin] Yellow Pikmin_3wnH: Collision with DPF_MetalBucket
[11:50:21.6229580] [Debug  : LethalMin] Yellow Pikmin_3wnH: Setting collision mode to 1
[11:50:21.6229580] [Debug  : LethalMin] Yellow Pikmin_3wnH: Setting to idle on local client
[11:50:21.6229580] [Debug  : LethalMin] Yellow Pikmin_3wnH: Removed Leader
[11:50:21.7089809] [Info   : LethalMin] Yellow Pikmin_3wnH: Found item: CrawlerBody(Clone)
[11:50:21.7089809] [Info   : LethalMin] Yellow Pikmin_3wnH: targeting item CrawlerBody(Clone) at GrabPosition_50
[11:50:21.7089809] [Info   : LethalMin] Yellow Pikmin_3wnH: Setting current task to CarryItem
[11:50:21.7989628] [Info   : Unity Log] HoarderBug(Clone) : Setting target object and going towards it. [NCS:180-79119]
[11:50:21.9241159] [Info   : LethalMin] Yellow Pikmin_3wnH: Grabbed item CrawlerBody(Clone) Speed is now: 3.977941
[11:50:22.0599996] [Warning: Unity Log] Only custom filters can be played. Please add a custom filter or an audioclip to the audiosource (SweepingSFX).
[11:50:22.1674975] [Debug  : LethalMin] Yellow Pikmin_pxom: Setting collision mode to 0
[11:50:22.6326994] [Debug  : LethalMin] Cannot do throw while not holding a pikmin
[11:50:22.6326994] [Debug  : LethalMin] Yellow Pikmin_pxom: Thrown with force: (-8.23, -9.89, 17.84)
[11:50:22.6326994] [Debug  : LethalMin] Yellow Pikmin_pxom: Setting collision mode to 2
[11:50:22.6337034] [Debug  : LethalMin] Yellow Pikmin_pxom: Removed Leader
[11:50:22.7854350] [Info   : LethalMin] Yellow Pikmin_pxom: Collision with DPF_MetalBucket
[11:50:22.7854350] [Debug  : LethalMin] Yellow Pikmin_pxom: Setting collision mode to 1
[11:50:22.7854350] [Debug  : LethalMin] Yellow Pikmin_pxom: Setting to idle on local client
[11:50:22.7854350] [Debug  : LethalMin] Yellow Pikmin_pxom: Removed Leader
[11:50:22.9687382] [Info   : LethalMin] Yellow Pikmin_pxom: Found item: CrawlerBody(Clone)
[11:50:22.9687382] [Info   : LethalMin] Yellow Pikmin_pxom: targeting item CrawlerBody(Clone) at GrabPosition_54
[11:50:22.9687382] [Info   : LethalMin] Yellow Pikmin_pxom: Setting current task to CarryItem
[11:50:23.0516703] [Info   : Unity Log] HoarderBug(Clone) : Setting target object and going towards it. [NCS:180-79318]
[11:50:23.1654369] [Info   : LethalMin] Yellow Pikmin_pxom: Grabbed item CrawlerBody(Clone) Speed is now: 4.294117
[11:50:23.1719489] [Info   : LethalMin] CrawlerBody(Clone) is grabbing an item on local client
[11:50:23.1719489] [Debug  : LethalMin] Yellow Pikmin_XYErHj: Setting collision mode to 1
[11:50:23.1799608] [Info   : LethalMin] CrawlerBody(Clone): Target Pikmin Type: YellowType (LethalMin.Pikmin.PikminType), Target Onion: FusedType: 0, 4, 8, 5, 1, 7 (LethalMin.BaseOnion)
[11:50:23.1809656] [Debug  : LethalMin] Yellow Pikmin_8LNgEB: Setting collision mode to 0
[11:50:23.1809656] [Debug  : LethalMin] Yellow Pikmin_khCd: Setting collision mode to 0
[11:50:23.1809656] [Debug  : LethalMin] Yellow Pikmin_PerDu: Setting collision mode to 0
[11:50:23.1819646] [Debug  : LethalMin] Yellow Pikmin_G5l3h: Setting collision mode to 0
[11:50:23.1819646] [Debug  : LethalMin] Yellow Pikmin_apYy5: Setting collision mode to 0
[11:50:23.1819646] [Debug  : LethalMin] Yellow Pikmin_2nE2lyy: Setting collision mode to 0
[11:50:23.1819646] [Debug  : LethalMin] Yellow Pikmin_ruCpzY: Setting collision mode to 0
[11:50:23.1819646] [Debug  : LethalMin] Yellow Pikmin_LuMKh: Setting collision mode to 0
[11:50:23.1819646] [Debug  : LethalMin] Yellow Pikmin_hcRGph: Setting collision mode to 0
[11:50:23.1819646] [Debug  : LethalMin] Yellow Pikmin_3wnH: Setting collision mode to 0
[11:50:23.1819646] [Debug  : LethalMin] Yellow Pikmin_pxom: Setting collision mode to 0
[11:50:23.1819646] [Debug  : LethalMin] Chosen Route Strategy: IndoorToOutdoorStrategy (Priority 90) 
(ToOnion) Route Context: IsInside=True, IsInShip=False, CurrentFloor=null, DestinationIsInside=False, DestinationIsInShip=False
[11:50:23.1819646] [Debug  : LethalMin] GMPEN: inside Entrance Node EntranceTeleportB(Clone) is reachable at distance 64.01864
[11:50:23.1819646] [Debug  : LethalMin] GMPEN: inside Entrance Node EntranceTeleportA(Clone) is reachable at distance 55.86701
[11:50:23.1819646] [Debug  : LethalMin] ITOS: Moved request start to (128.64, 16.56, -54.59)
[11:50:23.1819646] [Debug  : LethalMin] GMPEN: inside -> outside Entrance Node EntranceTeleportB(Clone) is reachable at distance 64.01864
[11:50:23.1819646] [Debug  : LethalMin] GMPEN: inside -> outside Entrance Node EntranceTeleportA(Clone) is reachable at distance 55.86701
[11:50:23.1819646] [Debug  : LethalMin] Generated Route Nodes: EntranceTeleportA(Clone) -> FusedType: 0, 4, 8, 5, 1, 7
[11:50:23.1819646] [Info   : LethalMin] CrawlerBody(Clone) successfully created a test route to the ToOnion
[11:50:23.1819646] [Debug  : LethalMin] Chosen Route Strategy: IndoorToOutdoorStrategy (Priority 90) 
(ToOnion) Route Context: IsInside=True, IsInShip=False, CurrentFloor=null, DestinationIsInside=False, DestinationIsInShip=False
[11:50:23.1819646] [Debug  : LethalMin] GMPEN: inside Entrance Node EntranceTeleportB(Clone) is reachable at distance 64.01864
[11:50:23.1819646] [Debug  : LethalMin] GMPEN: inside Entrance Node EntranceTeleportA(Clone) is reachable at distance 55.86701
[11:50:23.1829650] [Debug  : LethalMin] ITOS: Moved request start to (128.64, 16.56, -54.59)
[11:50:23.1829650] [Debug  : LethalMin] GMPEN: inside -> outside Entrance Node EntranceTeleportB(Clone) is reachable at distance 64.01864
[11:50:23.1829650] [Debug  : LethalMin] GMPEN: inside -> outside Entrance Node EntranceTeleportA(Clone) is reachable at distance 55.86701
[11:50:23.1829650] [Debug  : LethalMin] Generated Route Nodes: EntranceTeleportA(Clone) -> FusedType: 0, 4, 8, 5, 1, 7
[11:50:23.1829650] [Info   : LethalMin] CrawlerBody(Clone) has created a route
[11:50:24.3054370] [Info   : Unity Log] HoarderBug(Clone) : Setting target object and going towards it. [NCS:180-79501]
[11:50:24.5376633] [Info   : Unity Log] Butler: pinged attention to position
[11:50:25.8041870] [Info   : Unity Log] HoarderBug(Clone) : Setting target object and going towards it. [NCS:180-79693]
[11:50:27.1878272] [Warning: Unity Log] Only custom filters can be played. Please add a custom filter or an audioclip to the audiosource (SweepingSFX).
[11:50:27.2599198] [Info   : Unity Log] HoarderBug(Clone) : Setting target object and going towards it. [NCS:180-79875]
[11:50:27.6002032] [Info   : Unity Log] Butler: pinged attention to position
[11:50:28.5897527] [Debug  :   Coroner] Querying target player parameters pre-death...
[11:50:28.5897527] [Debug  :   Coroner] Query successful!True
[11:50:28.7611445] [Info   : Unity Log] HoarderBug(Clone) : Setting target object and going towards it. [NCS:180-80061]
[11:50:30.3025497] [Debug  : LethalMin] Sprout Setting growth stage to 2
[11:50:30.4504788] [Info   : Unity Log] HoarderBug(Clone) : Setting target object and going towards it. [NCS:180-80262]
[11:50:30.6732234] [Info   : Unity Log] Butler: pinged attention to position
[11:50:30.8122539] [Debug  :   Coroner] Querying target player parameters pre-death...
[11:50:30.8122539] [Debug  :   Coroner] Query successful!True
[11:50:31.4442775] [Warning: Unity Log] Only custom filters can be played. Please add a custom filter or an audioclip to the audiosource (SweepingSFX).
[11:50:32.1185392] [Info   : Unity Log] HoarderBug(Clone) : Setting target object and going towards it. [NCS:180-80469]
[11:50:32.2977232] [Debug  : LethalMin] Sprout Setting growth stage to 2
[11:50:32.4854551] [Warning: Unity Log] PlayOneShot was called with a null AudioClip.
[11:50:33.2985983] [Debug  : LethalMin] Sprout Setting growth stage to 2
[11:50:33.3555897] [Debug  : LethalMin] Sprout Setting growth stage to 1
[11:50:33.6154612] [Info   : Unity Log] HoarderBug(Clone) : Setting target object and going towards it. [NCS:180-80668]
[11:50:33.7435383] [Info   : Unity Log] Butler: pinged attention to position
[11:50:35.4865338] [Warning: Unity Log] Only custom filters can be played. Please add a custom filter or an audioclip to the audiosource (SweepingSFX).
[11:50:35.5402198] [Info   : Unity Log] HoarderBug(Clone) : Setting target object and going towards it. [NCS:180-80868]
[11:50:36.0046363] [Info   : LethalMin] CrawlerBody(Clone) has reached a route node: EntranceTeleportA(Clone)
[11:50:36.0046363] [Info   : LethalMin] Yellow Pikmin_XYErHj: Using entrance EntranceTeleportA(Clone)
[11:50:36.0046363] [Info   : LethalMin] Yellow Pikmin_8LNgEB: Using entrance EntranceTeleportA(Clone)
[11:50:36.0046363] [Info   : LethalMin] Yellow Pikmin_khCd: Using entrance EntranceTeleportA(Clone)
[11:50:36.0046363] [Info   : LethalMin] Yellow Pikmin_PerDu: Using entrance EntranceTeleportA(Clone)
[11:50:36.0046363] [Info   : LethalMin] Yellow Pikmin_G5l3h: Using entrance EntranceTeleportA(Clone)
[11:50:36.0046363] [Info   : LethalMin] Yellow Pikmin_apYy5: Using entrance EntranceTeleportA(Clone)
[11:50:36.0046363] [Info   : LethalMin] Yellow Pikmin_2nE2lyy: Using entrance EntranceTeleportA(Clone)
[11:50:36.0046363] [Info   : LethalMin] Yellow Pikmin_ruCpzY: Using entrance EntranceTeleportA(Clone)
[11:50:36.0046363] [Info   : LethalMin] Yellow Pikmin_LuMKh: Using entrance EntranceTeleportA(Clone)
[11:50:36.0056412] [Info   : LethalMin] Yellow Pikmin_hcRGph: Using entrance EntranceTeleportA(Clone)
[11:50:36.0056412] [Info   : LethalMin] Yellow Pikmin_3wnH: Using entrance EntranceTeleportA(Clone)
[11:50:36.0056412] [Info   : LethalMin] Yellow Pikmin_pxom: Using entrance EntranceTeleportA(Clone)
[11:50:36.0056412] [Debug  : LethalMin] Pikmin reached node 1/2
[11:50:36.2412104] [Warning:S1.39 Compatibility Fixes] [ThumperPikminGuard] Blocked Crawler/Thumper -> Pikmin GrabPikmin before leader/grab/death-timer state mutation.
[11:50:36.5300885] [Debug  :   Coroner] Querying target player parameters pre-death...
[11:50:36.5300885] [Debug  :   Coroner] Query successful!True
[11:50:36.8439647] [Info   : Unity Log] Butler: pinged attention to position
[11:50:37.3041552] [Debug  :   Coroner] Querying target player parameters pre-death...
[11:50:37.3041552] [Debug  :   Coroner] Query successful!True
[11:50:37.4069117] [Debug  :   Coroner] Querying target player parameters pre-death...
[11:50:37.4069117] [Debug  :   Coroner] Query successful!True
[11:50:37.4823200] [Info   : Unity Log] HoarderBug(Clone) : Setting target object and going towards it. [NCS:180-81070]
[11:50:37.7538751] [Debug  :   Coroner] Querying target player parameters pre-death...
[11:50:37.7538751] [Debug  :   Coroner] Query successful!True
[11:50:37.7599213] [Debug  :   Coroner] Player is dying! Unknown precise cause of death in final hook (Gunshots)...
[11:50:37.7609217] [Debug  : LethalMin] Yellow Pikmin_VhJAgo: Setting to idle on local client
[11:50:37.7609217] [Debug  : LethalMin] Yellow Pikmin_VhJAgo: Removed Leader
[11:50:37.7609217] [Debug  : LethalMin] Yellow Pikmin_Aq9v9: Setting to idle on local client
[11:50:37.7609217] [Debug  : LethalMin] Yellow Pikmin_Aq9v9: Removed Leader
[11:50:37.7619211] [Debug  : LethalMin] Yellow Pikmin_IkVZWQe: Setting to idle on local client
[11:50:37.7619211] [Debug  : LethalMin] Yellow Pikmin_IkVZWQe: Removed Leader
[11:50:37.7619211] [Info   : Unity Log] KILL LOCAL PLAYER!
[11:50:37.7629207] [Info   : Unity Log] Body spawned with id 0: PlayerRagdoll(Clone)
[11:50:37.7629207] [Warning: Unity Log] Setting linear velocity of a kinematic body is not supported.
[11:50:37.7629207] [Info   : Unity Log] Running kill player function for LOCAL client, player object: Player
[11:50:37.7639215] [Debug  : LethalMin] IsClientRpcPrefixValid (No): RpcExecStage is Send, IsClient: True, IsHost: True KillPlayerClientRpcPrefix
[11:50:37.7639215] [Debug  : LethalMin] IsClientRpcPrefixValid (Yes): RpcExecStage is Execute, IsClient: True, IsHost: True KillPlayerClientRpcPrefix
[11:50:37.7639215] [Info   : Unity Log] A player died. player object: Player
[11:50:37.7639215] [Warning: Unity Log] Parent of RectTransform is being set with parent property. Consider using the SetParent method instead, with the worldPositionStays argument set to false. This will retain local orientation and scale rather than world orientation and scale, which can prevent common UI scaling issues.
[11:50:37.7639215] [Info   : Unity Log] Switch camera to 'SpectateCamera'
[11:50:37.7639215] [Info   : Unity Log] Override drop items : False; overridedontspawnbody: False
[11:50:37.7639215] [Info   : Unity Log] DropAllHeldItems called on player 'MasaeAhmya'; itemsFall: True; disconnecting: False; ItemSlots length: 11; isHoldingObject: False
[11:50:37.7639215] [Info   : Unity Log] DropAllHeldItems; player pos: (-1.76, -214.52, 84.22)
[11:50:37.7639215] [Info   : Unity Log] Item slot #0 null?: True
[11:50:37.7639215] [Info   : Unity Log] Item slot #1 null?: True
[11:50:37.7639215] [Info   : Unity Log] Item slot #2 null?: True
[11:50:37.7639215] [Info   : Unity Log] Item slot #3 null?: True
[11:50:37.7639215] [Info   : Unity Log] Item slot #4 null?: False
