[11:42:42.7193321] [Debug  :ReXuvination] Optimised Collider layers in InteractTrigger for Object: InteractTrigger (UnityEngine.GameObject)
[11:42:42.7193321] [Debug  :ReXuvination] Optimised Collider layers in InteractTrigger for Object: InteractTrigger (UnityEngine.GameObject)
[11:42:42.7193321] [Debug  :ReXuvination] Optimised Collider layers in InteractTrigger for Object: InteractTrigger (UnityEngine.GameObject)
[11:42:42.7193321] [Debug  :ReXuvination] Optimised Collider layers in InteractTrigger for Object: InteractTrigger (UnityEngine.GameObject)
[11:42:42.7193321] [Debug  :ReXuvination] Optimised Collider layers in InteractTrigger for Object: InteractTrigger (UnityEngine.GameObject)
[11:42:42.7193321] [Debug  :ReXuvination] Optimised Collider layers in InteractTrigger for Object: InteractTrigger (UnityEngine.GameObject)
[11:42:42.7193321] [Debug  :ReXuvination] Optimised Collider layers in InteractTrigger for Object: InteractTrigger (UnityEngine.GameObject)
[11:42:42.7193321] [Debug  :ReXuvination] Optimised Collider layers in InteractTrigger for Object: InteractTrigger (UnityEngine.GameObject)
[11:42:42.7193321] [Debug  :ReXuvination] Optimised Collider layers in InteractTrigger for Object: InteractTrigger (UnityEngine.GameObject)
[11:42:42.7193321] [Debug  :ReXuvination] Optimised Collider layers in InteractTrigger for Object: InteractTrigger (UnityEngine.GameObject)
[11:42:42.7193321] [Debug  :ReXuvination] Optimised Collider layers in InteractTrigger for Object: InteractTrigger (UnityEngine.GameObject)
[11:42:42.7193321] [Debug  :ReXuvination] Optimised Collider layers in InteractTrigger for Object: InteractTrigger (UnityEngine.GameObject)
[11:42:42.7193321] [Debug  :ReXuvination] Optimised Collider layers in InteractTrigger for Object: InteractTrigger (UnityEngine.GameObject)
[11:42:42.7193321] [Debug  :ReXuvination] Optimised Collider layers in InteractTrigger for Object: InteractTrigger (UnityEngine.GameObject)
[11:42:42.7193321] [Debug  :ReXuvination] Optimised Collider layers in InteractTrigger for Object: InteractTrigger (UnityEngine.GameObject)
[11:42:42.7193321] [Debug  :ReXuvination] Optimised Collider layers in InteractTrigger for Object: InteractTrigger (UnityEngine.GameObject)
[11:42:42.7193321] [Debug  :ReXuvination] Optimised Collider layers in InteractTrigger for Object: InteractTrigger (UnityEngine.GameObject)
[11:42:42.7193321] [Debug  :ReXuvination] Optimised Collider layers in InteractTrigger for Object: InteractTrigger (UnityEngine.GameObject)
[11:42:42.7193321] [Debug  :ReXuvination] Optimised Collider layers in InteractTrigger for Object: InteractTrigger (UnityEngine.GameObject)
[11:42:42.7193321] [Debug  :ReXuvination] Optimised Collider layers in InteractTrigger for Object: InteractTrigger (UnityEngine.GameObject)
[11:42:42.7193321] [Debug  :ReXuvination] Optimised Collider layers in InteractTrigger for Object: InteractTrigger (UnityEngine.GameObject)
[11:42:42.7193321] [Debug  :ReXuvination] Optimised Collider layers in InteractTrigger for Object: InteractTrigger (UnityEngine.GameObject)
[11:42:42.7193321] [Debug  :ReXuvination] Optimised Collider layers in InteractTrigger for Object: InteractTrigger (UnityEngine.GameObject)
[11:42:42.7193321] [Debug  :ReXuvination] Optimised Collider layers in InteractTrigger for Object: InteractTrigger (UnityEngine.GameObject)
[11:42:42.7193321] [Debug  :ReXuvination] Optimised Collider layers in InteractTrigger for Object: InteractTrigger (UnityEngine.GameObject)
[11:42:42.7193321] [Debug  :ReXuvination] Optimised Collider layers in InteractTrigger for Object: InteractTrigger (UnityEngine.GameObject)
[11:42:42.7193321] [Debug  :ReXuvination] Optimised Collider layers in InteractTrigger for Object: InteractTrigger (UnityEngine.GameObject)
[11:42:42.7193321] [Debug  :ReXuvination] Optimised Collider layers in InteractTrigger for Object: InteractTrigger (UnityEngine.GameObject)
[11:42:42.7193321] [Debug  :ReXuvination] Optimised Collider layers in InteractTrigger for Object: InteractTrigger (UnityEngine.GameObject)
[11:42:42.7193321] [Debug  :ReXuvination] Optimised Collider layers in InteractTrigger for Object: InteractTrigger (UnityEngine.GameObject)
[11:42:42.7193321] [Debug  :ReXuvination] Optimised Collider layers in InteractTrigger for Object: InteractTrigger (UnityEngine.GameObject)
[11:42:42.7203305] [Debug  :ReXuvination] Optimised Collider layers in InteractTrigger for Object: InteractTrigger (UnityEngine.GameObject)
[11:42:42.7203305] [Debug  :ReXuvination] Optimised Collider layers in InteractTrigger for Object: InteractTrigger (UnityEngine.GameObject)
[11:42:42.7203305] [Debug  :ReXuvination] Optimised Collider layers in InteractTrigger for Object: InteractTrigger (UnityEngine.GameObject)
[11:42:42.7203305] [Debug  :ReXuvination] Optimised Collider layers in InteractTrigger for Object: InteractTrigger (UnityEngine.GameObject)
[11:42:42.7203305] [Debug  :ReXuvination] Optimised Collider layers in InteractTrigger for Object: InteractTrigger (UnityEngine.GameObject)
[11:42:42.7203305] [Debug  :ReXuvination] Optimised Collider layers in InteractTrigger for Object: InteractTrigger (UnityEngine.GameObject)
[11:42:42.7203305] [Debug  :ReXuvination] Optimised Collider layers in InteractTrigger for Object: InteractTrigger (UnityEngine.GameObject)
[11:42:42.7203305] [Debug  :ReXuvination] Optimised Collider layers in InteractTrigger for Object: InteractTrigger (UnityEngine.GameObject)
[11:42:42.7203305] [Debug  :ReXuvination] Optimised Collider layers in InteractTrigger for Object: InteractTrigger (UnityEngine.GameObject)
[11:42:42.7203305] [Debug  :ReXuvination] Optimised Collider layers in InteractTrigger for Object: InteractTrigger (UnityEngine.GameObject)
[11:42:42.7203305] [Debug  :ReXuvination] Optimised Collider layers in InteractTrigger for Object: InteractTrigger (UnityEngine.GameObject)
[11:42:42.7203305] [Debug  :ReXuvination] Optimised Collider layers in InteractTrigger for Object: InteractTrigger (UnityEngine.GameObject)
[11:42:42.7203305] [Debug  :ReXuvination] Optimised Collider layers in InteractTrigger for Object: InteractTrigger (UnityEngine.GameObject)
[11:42:42.7203305] [Debug  :ReXuvination] Optimised Collider layers in InteractTrigger for Object: InteractTrigger (UnityEngine.GameObject)
[11:42:42.7203305] [Debug  :ReXuvination] Optimised Collider layers in InteractTrigger for Object: InteractTrigger (UnityEngine.GameObject)
[11:42:42.7203305] [Debug  :ReXuvination] Optimised Collider layers in InteractTrigger for Object: InteractTrigger (UnityEngine.GameObject)
[11:42:42.7203305] [Debug  :ReXuvination] Optimised Collider layers in InteractTrigger for Object: InteractTrigger (UnityEngine.GameObject)
[11:42:42.7223296] [Info   :LethalPerformance.Patcher] Saved 1 config(s)
[11:42:42.8523027] [Debug  :Starlancer AI Fix] Finding outside AI nodes.
[11:42:42.8523027] [Debug  :Starlancer AI Fix] Finding inside AI nodes.
[11:42:42.8988952] [Debug  :GeneralImprovements] Updated danger level display.
[11:42:42.9003987] [Debug  :Enemy Sound Fixes] Eyeless dog: Reroll voice pitch (seeded random)
[11:42:42.9039094] [Info   :qwbarch.Mirage] MouthDogAI(a7af31b5-fc4a-4188-8e29-14865fdb5ded) - Mimicking player #0
[11:42:42.9039094] [Debug  : LethalMin] Initializing PikminItem Key(Clone) with item Key(Clone) (True)
[11:42:42.9039094] [Debug  : LethalMin] Initializing PikminItem Key(Clone) with item Key(Clone) (True)
[11:42:42.9039094] [Debug  : LethalMin] Initializing PikminItem Key(Clone) with item Key(Clone) (True)
[11:42:42.9039094] [Debug  : LethalMin] Initializing PikminItem Key(Clone) with item Key(Clone) (True)
[11:42:42.9039094] [Debug  : LethalMin] Initializing PikminItem Key(Clone) with item Key(Clone) (True)
[11:42:42.9049085] [Debug  : LethalMin] Initializing PikminItem Key(Clone) with item Key(Clone) (True)
[11:42:42.9370021] [Debug  :Starlancer AI Fix] Pikmin(Clone) spawned inside; Switching to interior AI. Setting Favorite Spot to Floor (19) (UnityEngine.Transform).
[11:42:42.9470180] [Debug  : LethalMin] Purple Pikmin: No sound pack found for generation Pikmin4, using default sound pack.
[11:42:42.9470180] [Debug  : LethalMin] InitalizedPikmin Type: Purple Pikmin with ID: Purple Pikmin_Tn2YTKe
[11:42:42.9480220] [Debug  : LethalMin] Purple Pikmin_Tn2YTKe: Found plant Leaf at index 0
[11:42:42.9480220] [Debug  : LethalMin] Purple Pikmin_Tn2YTKe: Found plant Bud at index 1
[11:42:42.9480220] [Debug  : LethalMin] Purple Pikmin_Tn2YTKe: Found plant Flower at index 2
[11:42:42.9480220] [Debug  : LethalMin] Purple Pikmin_Tn2YTKe: Found plant Leaf at index 0
[11:42:42.9480220] [Debug  : LethalMin] Purple Pikmin_Tn2YTKe: Found plant RedBud at index 1
[11:42:42.9480220] [Debug  : LethalMin] Purple Pikmin_Tn2YTKe: Found plant RedFlower at index 2
[11:42:42.9480220] [Debug  : LethalMin] Purple Pikmin_Tn2YTKe: Found plant Leaf at index 0
[11:42:42.9480220] [Debug  : LethalMin] Purple Pikmin_Tn2YTKe: Found plant BudRed at index 1
[11:42:42.9480220] [Debug  : LethalMin] Purple Pikmin_Tn2YTKe: Found plant FlowerRed at index 2
[11:42:42.9480220] [Debug  : LethalMin] Purple Pikmin_Tn2YTKe: Found plant Leaf at index 0
[11:42:42.9480220] [Debug  : LethalMin] Purple Pikmin_Tn2YTKe: Found plant BudRed at index 1
[11:42:42.9480220] [Debug  : LethalMin] Purple Pikmin_Tn2YTKe: Found plant FlowerRed at index 2
[11:42:42.9480220] [Debug  : LethalMin] Purple Pikmin_Tn2YTKe: Found plant Leaf at index 0
[11:42:42.9480220] [Debug  : LethalMin] Purple Pikmin_Tn2YTKe: Found plant Bud at index 1
[11:42:42.9480220] [Debug  : LethalMin] Purple Pikmin_Tn2YTKe: Found plant Flower at index 2
[11:42:42.9480220] [Debug  : LethalMin] Purple Pikmin_Tn2YTKe: Caching growth objects
[11:42:42.9490235] [Debug  : LethalMin] Purple Pikmin_Tn2YTKe: Caching growth objects done
[11:42:42.9490235] [Debug  : LethalMin] Purple Pikmin_Tn2YTKe: Found 3 plants across 3 stages
[11:42:42.9490235] [Info   : LethalMin] Purple Pikmin_Tn2YTKe: Setting growth stage to 0
[11:42:42.9505288] [Warning: Unity Log] PurplePikmin4 Pik Animation State '' not found
[11:42:42.9505288] [Info   : LethalMin] Purple Pikmin_Tn2YTKe: Setting growth stage to 0
[11:42:42.9505288] [Debug  : LethalMin] Purple Pikmin_Tn2YTKe spawned with type Purple Pikmin and ID: Purple Pikmin_Tn2YTKe At: (-85.06, -211.29, 18.22) random seed: 72162696 index: 5
[11:42:42.9635560] [Debug  :Starlancer AI Fix] Pikmin(Clone) spawned inside; Switching to interior AI. Setting Favorite Spot to AINode (4) (UnityEngine.Transform).
[11:42:42.9645544] [Debug  : LethalMin] Purple Pikmin: No sound pack found for generation Pikmin4, using default sound pack.
[11:42:42.9645544] [Debug  : LethalMin] InitalizedPikmin Type: Purple Pikmin with ID: Purple Pikmin_lUF0L
[11:42:42.9645544] [Debug  : LethalMin] Purple Pikmin_lUF0L: Using Cached growth objects
[11:42:42.9645544] [Info   : LethalMin] Purple Pikmin_lUF0L: Setting growth stage to 0
[11:42:42.9645544] [Warning: Unity Log] PurplePikmin4 Pik Animation State '' not found
[11:42:42.9645544] [Info   : LethalMin] Purple Pikmin_lUF0L: Setting growth stage to 0
[11:42:42.9645544] [Debug  : LethalMin] Purple Pikmin_lUF0L spawned with type Purple Pikmin and ID: Purple Pikmin_lUF0L At: (-54.93, -233.40, 69.32) random seed: 72162697 index: 5
[11:42:42.9745746] [Debug  :Starlancer AI Fix] Pikmin(Clone) spawned inside; Switching to interior AI. Setting Favorite Spot to AINode (3) (UnityEngine.Transform).
[11:42:42.9755738] [Debug  : LethalMin] Purple Pikmin: No sound pack found for generation Pikmin4, using default sound pack.
[11:42:42.9755738] [Debug  : LethalMin] InitalizedPikmin Type: Purple Pikmin with ID: Purple Pikmin_4BSSEDe
[11:42:42.9755738] [Debug  : LethalMin] Purple Pikmin_4BSSEDe: Using Cached growth objects
[11:42:42.9755738] [Info   : LethalMin] Purple Pikmin_4BSSEDe: Setting growth stage to 0
[11:42:42.9755738] [Warning: Unity Log] PurplePikmin4 Pik Animation State '' not found
[11:42:42.9755738] [Info   : LethalMin] Purple Pikmin_4BSSEDe: Setting growth stage to 0
[11:42:42.9755738] [Debug  : LethalMin] Purple Pikmin_4BSSEDe spawned with type Purple Pikmin and ID: Purple Pikmin_4BSSEDe At: (-30.69, -233.46, 87.05) random seed: 72162698 index: 5
[11:42:42.9845910] [Debug  :Starlancer AI Fix] Pikmin(Clone) spawned inside; Switching to interior AI. Setting Favorite Spot to Floor (17) (UnityEngine.Transform).
[11:42:42.9855950] [Debug  : LethalMin] Purple Pikmin: No sound pack found for generation Pikmin4, using default sound pack.
[11:42:42.9855950] [Debug  : LethalMin] InitalizedPikmin Type: Purple Pikmin with ID: Purple Pikmin_Mtfu6
[11:42:42.9855950] [Debug  : LethalMin] Purple Pikmin_Mtfu6: Using Cached growth objects
[11:42:42.9855950] [Info   : LethalMin] Purple Pikmin_Mtfu6: Setting growth stage to 0
[11:42:42.9855950] [Warning: Unity Log] PurplePikmin4 Pik Animation State '' not found
[11:42:42.9855950] [Info   : LethalMin] Purple Pikmin_Mtfu6: Setting growth stage to 0
[11:42:42.9855950] [Debug  : LethalMin] Purple Pikmin_Mtfu6 spawned with type Purple Pikmin and ID: Purple Pikmin_Mtfu6 At: (55.81, -219.63, 122.81) random seed: 72162699 index: 5
[11:42:42.9956108] [Debug  :Starlancer AI Fix] Pikmin(Clone) spawned inside; Switching to interior AI. Setting Favorite Spot to AINode (2) (UnityEngine.Transform).
[11:42:42.9956108] [Debug  : LethalMin] White Pikmin: No sound pack found for generation Pikmin4, using default sound pack.
[11:42:42.9956108] [Debug  : LethalMin] InitalizedPikmin Type: White Pikmin with ID: White Pikmin_easMy7e
[11:42:42.9956108] [Debug  : LethalMin] White Pikmin_easMy7e: Found plant Leaf at index 0
[11:42:42.9956108] [Debug  : LethalMin] White Pikmin_easMy7e: Found plant Bud at index 1
[11:42:42.9956108] [Debug  : LethalMin] White Pikmin_easMy7e: Found plant Flower at index 2
[11:42:42.9956108] [Debug  : LethalMin] White Pikmin_easMy7e: Found plant Leaf at index 0
[11:42:42.9956108] [Debug  : LethalMin] White Pikmin_easMy7e: Found plant RedBud at index 1
[11:42:42.9956108] [Debug  : LethalMin] White Pikmin_easMy7e: Found plant RedFlower at index 2
[11:42:42.9956108] [Debug  : LethalMin] White Pikmin_easMy7e: Found plant Leaf at index 0
[11:42:42.9956108] [Debug  : LethalMin] White Pikmin_easMy7e: Found plant BudRed at index 1
[11:42:42.9956108] [Debug  : LethalMin] White Pikmin_easMy7e: Found plant FlowerRed at index 2
[11:42:42.9956108] [Debug  : LethalMin] White Pikmin_easMy7e: Found plant Leaf at index 0
[11:42:42.9956108] [Debug  : LethalMin] White Pikmin_easMy7e: Found plant BudRed at index 1
[11:42:42.9956108] [Debug  : LethalMin] White Pikmin_easMy7e: Found plant FlowerRed at index 2
[11:42:42.9956108] [Debug  : LethalMin] White Pikmin_easMy7e: Found plant Leaf at index 0
[11:42:42.9956108] [Debug  : LethalMin] White Pikmin_easMy7e: Found plant Bud at index 1
[11:42:42.9956108] [Debug  : LethalMin] White Pikmin_easMy7e: Found plant Flower at index 2
[11:42:42.9956108] [Debug  : LethalMin] White Pikmin_easMy7e: Caching growth objects
[11:42:42.9956108] [Debug  : LethalMin] White Pikmin_easMy7e: Caching growth objects done
[11:42:42.9956108] [Debug  : LethalMin] White Pikmin_easMy7e: Found 3 plants across 3 stages
[11:42:42.9956108] [Info   : LethalMin] White Pikmin_easMy7e: Setting growth stage to 0
[11:42:42.9956108] [Warning: Unity Log] WhitePikmin4 Pik Animation State '' not found
[11:42:42.9956108] [Info   : LethalMin] White Pikmin_easMy7e: Setting growth stage to 0
[11:42:42.9956108] [Debug  : LethalMin] White Pikmin_easMy7e spawned with type White Pikmin and ID: White Pikmin_easMy7e At: (-30.43, -205.69, 71.75) random seed: 72162700 index: 5
[11:42:43.0061343] [Debug  :Starlancer AI Fix] Pikmin(Clone) spawned inside; Switching to interior AI. Setting Favorite Spot to AINode (2) (UnityEngine.Transform).
[11:42:43.0071341] [Debug  : LethalMin] InitalizedPikmin Type: Bulbmin with ID: Bulbmin_wH6oq
[11:42:43.0071341] [Debug  : LethalMin] Bulbmin_wH6oq: Found plant Leaf at index 0
[11:42:43.0071341] [Debug  : LethalMin] Bulbmin_wH6oq: Found plant Bud at index 1
[11:42:43.0071341] [Debug  : LethalMin] Bulbmin_wH6oq: Found plant Flower at index 2
[11:42:43.0071341] [Debug  : LethalMin] Bulbmin_wH6oq: Found plant Leaf at index 0
[11:42:43.0071341] [Debug  : LethalMin] Bulbmin_wH6oq: Found plant Bud at index 1
[11:42:43.0071341] [Debug  : LethalMin] Bulbmin_wH6oq: Found plant Flower at index 2
[11:42:43.0071341] [Debug  : LethalMin] Bulbmin_wH6oq: Found plant Leaf at index 0
[11:42:43.0071341] [Debug  : LethalMin] Bulbmin_wH6oq: Found plant Bud at index 1
[11:42:43.0071341] [Debug  : LethalMin] Bulbmin_wH6oq: Found plant Flower at index 2
[11:42:43.0071341] [Debug  : LethalMin] Bulbmin_wH6oq: Found plant Leaf at index 0
[11:42:43.0071341] [Debug  : LethalMin] Bulbmin_wH6oq: Found plant Bud at index 1
[11:42:43.0071341] [Debug  : LethalMin] Bulbmin_wH6oq: Found plant Flower at index 2
[11:42:43.0071341] [Debug  : LethalMin] Bulbmin_wH6oq: Found plant Leaf at index 0
[11:42:43.0071341] [Debug  : LethalMin] Bulbmin_wH6oq: Found plant Bud at index 1
[11:42:43.0071341] [Debug  : LethalMin] Bulbmin_wH6oq: Found plant Flower at index 2
[11:42:43.0071341] [Debug  : LethalMin] Bulbmin_wH6oq: Caching growth objects
[11:42:43.0071341] [Debug  : LethalMin] Bulbmin_wH6oq: Caching growth objects done
[11:42:43.0071341] [Debug  : LethalMin] Bulbmin_wH6oq: Found 3 plants across 3 stages
[11:42:43.0071341] [Info   : LethalMin] Bulbmin_wH6oq: Setting growth stage to 0
[11:42:43.0071341] [Warning: Unity Log] P4 Pik Animation State '' not found
[11:42:43.0071341] [Info   : LethalMin] Bulbmin_wH6oq: Setting growth stage to 0
[11:42:43.0071341] [Debug  : LethalMin] Bulbmin_wH6oq spawned with type Bulbmin and ID: Bulbmin_wH6oq At: (-29.20, -219.58, 77.02) random seed: 72162701 index: 5
[11:42:43.0171641] [Debug  :Starlancer AI Fix] Pikmin(Clone) spawned inside; Switching to interior AI. Setting Favorite Spot to AINode (6) (UnityEngine.Transform).
[11:42:43.0171641] [Debug  : LethalMin] InitalizedPikmin Type: Bulbmin with ID: Bulbmin_EzJGi0f
[11:42:43.0171641] [Debug  : LethalMin] Bulbmin_EzJGi0f: Using Cached growth objects
[11:42:43.0171641] [Info   : LethalMin] Bulbmin_EzJGi0f: Setting growth stage to 0
[11:42:43.0171641] [Warning: Unity Log] P4 Pik Animation State '' not found
[11:42:43.0171641] [Info   : LethalMin] Bulbmin_EzJGi0f: Setting growth stage to 0
[11:42:43.0171641] [Debug  : LethalMin] Bulbmin_EzJGi0f spawned with type Bulbmin and ID: Bulbmin_EzJGi0f At: (-55.79, -233.40, 73.52) random seed: 72162702 index: 5
[11:42:43.0277231] [Debug  :Starlancer AI Fix] Pikmin(Clone) spawned inside; Switching to interior AI. Setting Favorite Spot to AINode (3) (UnityEngine.Transform).
[11:42:43.0277231] [Debug  : LethalMin] InitalizedPikmin Type: Bulbmin with ID: Bulbmin_XgWiaS
[11:42:43.0277231] [Debug  : LethalMin] Bulbmin_XgWiaS: Using Cached growth objects
[11:42:43.0277231] [Info   : LethalMin] Bulbmin_XgWiaS: Setting growth stage to 0
[11:42:43.0277231] [Warning: Unity Log] P4 Pik Animation State '' not found
[11:42:43.0277231] [Info   : LethalMin] Bulbmin_XgWiaS: Setting growth stage to 0
[11:42:43.0277231] [Debug  : LethalMin] Bulbmin_XgWiaS spawned with type Bulbmin and ID: Bulbmin_XgWiaS At: (-37.12, -219.52, 70.95) random seed: 72162703 index: 5
[11:42:43.0377410] [Debug  :Starlancer AI Fix] Pikmin(Clone) spawned inside; Switching to interior AI. Setting Favorite Spot to AINode (2) (UnityEngine.Transform).
[11:42:43.0387412] [Debug  : LethalMin] InitalizedPikmin Type: Bulbmin with ID: Bulbmin_pNjA
[11:42:43.0387412] [Debug  : LethalMin] Bulbmin_pNjA: Using Cached growth objects
[11:42:43.0387412] [Info   : LethalMin] Bulbmin_pNjA: Setting growth stage to 0
[11:42:43.0387412] [Warning: Unity Log] P4 Pik Animation State '' not found
[11:42:43.0387412] [Info   : LethalMin] Bulbmin_pNjA: Setting growth stage to 0
[11:42:43.0387412] [Debug  : LethalMin] Bulbmin_pNjA spawned with type Bulbmin and ID: Bulbmin_pNjA At: (-64.95, -233.40, 55.32) random seed: 72162704 index: 5
[11:42:43.1812494] [Info   :GeneralImprovements] Updated remaining scrap display.
[11:42:43.1887591] [Debug  :Matty's Fixes] LethalLevelLoader/CodeRebirth/Charred Spork(460) is computing vertical offset
[11:42:43.1887591] [Debug  :Matty's Fixes] LethalLevelLoader/CodeRebirth/Charred Spork new offset is 0.01235729
[11:42:43.1887591] [Debug  :Matty's Fixes] LethalLevelLoader/CodeRebirth/Charred Spork(460) position updated [(0.00, 0.00, 0.00)] -> [(0.00, 0.01, 0.00)]
[11:42:43.1912675] [Debug  :Matty's Fixes] LethalLib/MonsterPlushies/Bunker Spider Plushie(376) is computing vertical offset
[11:42:43.1912675] [Debug  :Matty's Fixes] LethalLib/MonsterPlushies/Bunker Spider Plushie new offset is 0.000810571
[11:42:43.1912675] [Debug  :Matty's Fixes] LethalLib/MonsterPlushies/Bunker Spider Plushie(376) position updated [(-65.58, -233.45, 40.38)] -> [(-65.58, -233.45, 40.38)]
[11:42:43.1912675] [Debug  :Matty's Fixes] LethalLib/MonsterPlushies/Bunker Spider Plushie(377) position updated [(-21.48, -219.64, 110.73)] -> [(-21.48, -219.64, 110.73)]
[11:42:43.1912675] [Debug  :Matty's Fixes] LethalLib/MonsterPlushies/Bunker Spider Plushie(378) position updated [(-49.58, -205.73, 74.93)] -> [(-49.58, -205.73, 74.93)]
[11:42:43.1912675] [Debug  :Matty's Fixes] LethalLib/MonsterPlushies/Bunker Spider Plushie(379) position updated [(0.27, -202.98, 74.81)] -> [(0.27, -202.98, 74.81)]
[11:42:43.1912675] [Debug  :Matty's Fixes] LethalLib/MonsterPlushies/Bunker Spider Plushie(380) position updated [(-91.26, -233.45, 53.12)] -> [(-91.26, -233.45, 53.12)]
[11:42:43.1912675] [Debug  :Matty's Fixes] LethalLib/MonsterPlushies/Bunker Spider Plushie(381) position updated [(25.75, -219.64, 113.03)] -> [(25.75, -219.64, 113.03)]
[11:42:43.1912675] [Debug  :Matty's Fixes] LethalLib/MonsterPlushies/Bunker Spider Plushie(382) position updated [(43.85, -219.44, 140.48)] -> [(43.85, -219.44, 140.48)]
[11:42:43.1912675] [Debug  :Matty's Fixes] LethalLib/MonsterPlushies/Bunker Spider Plushie(383) position updated [(-51.99, -233.45, 42.67)] -> [(-51.99, -233.45, 42.67)]
[11:42:43.1912675] [Debug  :Matty's Fixes] LethalLib/MonsterPlushies/Bunker Spider Plushie(384) position updated [(-51.46, -228.45, 146.27)] -> [(-51.46, -228.45, 146.27)]
[11:42:43.1912675] [Debug  :Matty's Fixes] LethalLib/MonsterPlushies/Bunker Spider Plushie(385) position updated [(-83.00, -209.54, 44.66)] -> [(-83.00, -209.54, 44.66)]
[11:42:43.1912675] [Debug  :Matty's Fixes] LethalLib/MonsterPlushies/Bunker Spider Plushie(386) position updated [(-25.74, -233.50, 92.92)] -> [(-25.74, -233.50, 92.92)]
[11:42:43.1912675] [Debug  :Matty's Fixes] LethalLib/MonsterPlushies/Bunker Spider Plushie(387) position updated [(-37.44, -228.45, 119.60)] -> [(-37.44, -228.45, 119.60)]
[11:42:43.1912675] [Debug  :Matty's Fixes] LethalLib/MonsterPlushies/Bunker Spider Plushie(388) position updated [(-14.57, -233.50, 92.07)] -> [(-14.57, -233.50, 92.07)]
[11:42:43.1912675] [Debug  :Matty's Fixes] LethalLib/MonsterPlushies/Bunker Spider Plushie(389) position updated [(-16.48, -233.50, 82.03)] -> [(-16.48, -233.50, 82.03)]
[11:42:43.1912675] [Debug  :Matty's Fixes] LethalLib/MonsterPlushies/Bunker Spider Plushie(390) position updated [(-66.05, -233.45, 97.65)] -> [(-66.05, -233.45, 97.65)]
[11:42:43.2825768] [Info   : LethalMin] Generating Floor Data for 1 Dungeons.
[11:42:43.2845766] [Debug  : LethalMin] did not find any flor data
[11:42:43.5913728] [Debug  :Buttery Fixes] Cleared "profitable" stat for all employees
[11:42:43.5923723] [Info   : Unity Log] Start audios played from highandlowaudio; False ; False
[11:42:43.6426343] [Warning:   Coroner] Could not access dying player: Collider was not a player!
[11:42:43.6426343] [Warning:   Coroner] Could not access dying player: Index not assigned!
[11:42:43.6426343] [Debug  :   Coroner] Handling Out of Bounds death...
[11:42:43.6426343] [Warning:   Coroner] Could not access dying player: Collider was not a player!
[11:42:43.6426343] [Warning:   Coroner] Could not access dying player: Index not assigned!
[11:42:43.6426343] [Debug  :   Coroner] Handling Out of Bounds death...
[11:42:43.6426343] [Warning:   Coroner] Could not access dying player: Collider was not a player!
[11:42:43.6426343] [Warning:   Coroner] Could not access dying player: Index not assigned!
[11:42:43.6426343] [Debug  :   Coroner] Handling Out of Bounds death...
[11:42:43.6426343] [Warning:   Coroner] Could not access dying player: Collider was not a player!
[11:42:43.6426343] [Warning:   Coroner] Could not access dying player: Index not assigned!
[11:42:43.6426343] [Debug  :   Coroner] Handling Out of Bounds death...
[11:42:43.6426343] [Warning:   Coroner] Could not access dying player: Collider was not a player!
[11:42:43.6426343] [Warning:   Coroner] Could not access dying player: Index not assigned!
[11:42:43.6426343] [Debug  :   Coroner] Handling Out of Bounds death...
[11:42:43.6426343] [Warning:   Coroner] Could not access dying player: Collider was not a player!
[11:42:43.6426343] [Warning:   Coroner] Could not access dying player: Index not assigned!
[11:42:43.6426343] [Debug  :   Coroner] Handling Out of Bounds death...
[11:42:43.6426343] [Warning:   Coroner] Could not access dying player: Collider was not a player!
[11:42:43.6426343] [Warning:   Coroner] Could not access dying player: Index not assigned!
[11:42:43.6426343] [Debug  :   Coroner] Handling Out of Bounds death...
[11:42:43.6426343] [Warning:   Coroner] Could not access dying player: Collider was not a player!
[11:42:43.6426343] [Warning:   Coroner] Could not access dying player: Index not assigned!
[11:42:43.6426343] [Debug  :   Coroner] Handling Out of Bounds death...
[11:42:43.6426343] [Warning:   Coroner] Could not access dying player: Collider was not a player!
[11:42:43.6426343] [Warning:   Coroner] Could not access dying player: Index not assigned!
[11:42:43.6426343] [Debug  :   Coroner] Handling Out of Bounds death...
[11:42:43.6436352] [Warning:   Coroner] Could not access dying player: Collider was not a player!
[11:42:43.6436352] [Warning:   Coroner] Could not access dying player: Index not assigned!
[11:42:43.6436352] [Debug  :   Coroner] Handling Out of Bounds death...
[11:42:43.6436352] [Warning:   Coroner] Could not access dying player: Collider was not a player!
[11:42:43.6436352] [Warning:   Coroner] Could not access dying player: Index not assigned!
[11:42:43.6436352] [Debug  :   Coroner] Handling Out of Bounds death...
[11:42:43.6436352] [Warning:   Coroner] Could not access dying player: Collider was not a player!
[11:42:43.6436352] [Warning:   Coroner] Could not access dying player: Index not assigned!
[11:42:43.6436352] [Debug  :   Coroner] Handling Out of Bounds death...
[11:42:43.6436352] [Warning:   Coroner] Could not access dying player: Collider was not a player!
[11:42:43.6436352] [Warning:   Coroner] Could not access dying player: Index not assigned!
[11:42:43.6436352] [Debug  :   Coroner] Handling Out of Bounds death...
[11:42:43.6436352] [Warning:   Coroner] Could not access dying player: Collider was not a player!
[11:42:43.6436352] [Warning:   Coroner] Could not access dying player: Index not assigned!
[11:42:43.6436352] [Debug  :   Coroner] Handling Out of Bounds death...
[11:42:43.6436352] [Warning:   Coroner] Could not access dying player: Collider was not a player!
[11:42:43.6436352] [Warning:   Coroner] Could not access dying player: Index not assigned!
[11:42:43.6436352] [Debug  :   Coroner] Handling Out of Bounds death...
[11:42:43.6436352] [Warning:   Coroner] Could not access dying player: Collider was not a player!
[11:42:43.6436352] [Warning:   Coroner] Could not access dying player: Index not assigned!
[11:42:43.6436352] [Debug  :   Coroner] Handling Out of Bounds death...
[11:42:43.6436352] [Warning:   Coroner] Could not access dying player: Collider was not a player!
[11:42:43.6436352] [Warning:   Coroner] Could not access dying player: Index not assigned!
[11:42:43.6436352] [Debug  :   Coroner] Handling Out of Bounds death...
[11:42:43.6436352] [Warning:   Coroner] Could not access dying player: Collider was not a player!
[11:42:43.6436352] [Warning:   Coroner] Could not access dying player: Index not assigned!
[11:42:43.6436352] [Debug  :   Coroner] Handling Out of Bounds death...
[11:42:43.6436352] [Warning:   Coroner] Could not access dying player: Collider was not a player!
[11:42:43.6436352] [Warning:   Coroner] Could not access dying player: Index not assigned!
[11:42:43.6436352] [Debug  :   Coroner] Handling Out of Bounds death...
[11:42:43.6436352] [Warning:   Coroner] Could not access dying player: Collider was not a player!
[11:42:43.6436352] [Warning:   Coroner] Could not access dying player: Index not assigned!
[11:42:43.6436352] [Debug  :   Coroner] Handling Out of Bounds death...
[11:42:43.6436352] [Warning:   Coroner] Could not access dying player: Collider was not a player!
[11:42:43.6436352] [Warning:   Coroner] Could not access dying player: Index not assigned!
[11:42:43.6436352] [Debug  :   Coroner] Handling Out of Bounds death...
[11:42:43.6436352] [Warning:   Coroner] Could not access dying player: Collider was not a player!
[11:42:43.6436352] [Warning:   Coroner] Could not access dying player: Index not assigned!
[11:42:43.6436352] [Debug  :   Coroner] Handling Out of Bounds death...
[11:42:43.6436352] [Warning:   Coroner] Could not access dying player: Collider was not a player!
[11:42:43.6436352] [Warning:   Coroner] Could not access dying player: Index not assigned!
[11:42:43.6436352] [Debug  :   Coroner] Handling Out of Bounds death...
[11:42:43.6436352] [Warning:   Coroner] Could not access dying player: Collider was not a player!
[11:42:43.6436352] [Warning:   Coroner] Could not access dying player: Index not assigned!
[11:42:43.6436352] [Debug  :   Coroner] Handling Out of Bounds death...
[11:42:43.6436352] [Warning:   Coroner] Could not access dying player: Collider was not a player!
[11:42:43.6436352] [Warning:   Coroner] Could not access dying player: Index not assigned!
[11:42:43.6436352] [Debug  :   Coroner] Handling Out of Bounds death...
[11:42:43.6436352] [Warning:   Coroner] Could not access dying player: Collider was not a player!
[11:42:43.6436352] [Warning:   Coroner] Could not access dying player: Index not assigned!
[11:42:43.6436352] [Debug  :   Coroner] Handling Out of Bounds death...
[11:42:43.6436352] [Warning:   Coroner] Could not access dying player: Collider was not a player!
[11:42:43.6436352] [Warning:   Coroner] Could not access dying player: Index not assigned!
[11:42:43.6436352] [Debug  :   Coroner] Handling Out of Bounds death...
[11:42:43.6436352] [Warning:   Coroner] Could not access dying player: Collider was not a player!
[11:42:43.6436352] [Warning:   Coroner] Could not access dying player: Index not assigned!
[11:42:43.6436352] [Debug  :   Coroner] Handling Out of Bounds death...
[11:42:43.6436352] [Warning:   Coroner] Could not access dying player: Collider was not a player!
[11:42:43.6436352] [Warning:   Coroner] Could not access dying player: Index not assigned!
[11:42:43.6436352] [Debug  :   Coroner] Handling Out of Bounds death...
[11:42:43.6436352] [Warning:   Coroner] Could not access dying player: Collider was not a player!
[11:42:43.6436352] [Warning:   Coroner] Could not access dying player: Index not assigned!
[11:42:43.6436352] [Debug  :   Coroner] Handling Out of Bounds death...
[11:42:43.6436352] [Warning:   Coroner] Could not access dying player: Collider was not a player!
[11:42:43.6436352] [Warning:   Coroner] Could not access dying player: Index not assigned!
[11:42:43.6436352] [Debug  :   Coroner] Handling Out of Bounds death...
[11:42:43.6436352] [Warning:   Coroner] Could not access dying player: Collider was not a player!
[11:42:43.6436352] [Warning:   Coroner] Could not access dying player: Index not assigned!
[11:42:43.6436352] [Debug  :   Coroner] Handling Out of Bounds death...
[11:42:43.6436352] [Warning:   Coroner] Could not access dying player: Collider was not a player!
[11:42:43.6436352] [Warning:   Coroner] Could not access dying player: Index not assigned!
[11:42:43.6436352] [Debug  :   Coroner] Handling Out of Bounds death...
[11:42:43.6436352] [Warning:   Coroner] Could not access dying player: Collider was not a player!
[11:42:43.6436352] [Warning:   Coroner] Could not access dying player: Index not assigned!
[11:42:43.6436352] [Debug  :   Coroner] Handling Out of Bounds death...
[11:42:43.6436352] [Warning:   Coroner] Could not access dying player: Collider was not a player!
[11:42:43.6436352] [Warning:   Coroner] Could not access dying player: Index not assigned!
[11:42:43.6436352] [Debug  :   Coroner] Handling Out of Bounds death...
[11:42:43.6436352] [Warning:   Coroner] Could not access dying player: Collider was not a player!
[11:42:43.6436352] [Warning:   Coroner] Could not access dying player: Index not assigned!
[11:42:43.6436352] [Debug  :   Coroner] Handling Out of Bounds death...
[11:42:43.6436352] [Warning:   Coroner] Could not access dying player: Collider was not a player!
[11:42:43.6436352] [Warning:   Coroner] Could not access dying player: Index not assigned!
[11:42:43.6436352] [Debug  :   Coroner] Handling Out of Bounds death...
[11:42:43.6436352] [Warning:   Coroner] Could not access dying player: Collider was not a player!
[11:42:43.6436352] [Warning:   Coroner] Could not access dying player: Index not assigned!
[11:42:43.6436352] [Debug  :   Coroner] Handling Out of Bounds death...
[11:42:43.6436352] [Warning:   Coroner] Could not access dying player: Collider was not a player!
[11:42:43.6436352] [Warning:   Coroner] Could not access dying player: Index not assigned!
[11:42:43.6436352] [Debug  :   Coroner] Handling Out of Bounds death...
[11:42:43.6436352] [Warning:   Coroner] Could not access dying player: Collider was not a player!
[11:42:43.6436352] [Warning:   Coroner] Could not access dying player: Index not assigned!
[11:42:43.6436352] [Debug  :   Coroner] Handling Out of Bounds death...
[11:42:43.6436352] [Warning:   Coroner] Could not access dying player: Collider was not a player!
[11:42:43.6436352] [Warning:   Coroner] Could not access dying player: Index not assigned!
[11:42:43.6436352] [Debug  :   Coroner] Handling Out of Bounds death...
[11:42:43.6436352] [Warning:   Coroner] Could not access dying player: Collider was not a player!
[11:42:43.6436352] [Warning:   Coroner] Could not access dying player: Index not assigned!
[11:42:43.6436352] [Debug  :   Coroner] Handling Out of Bounds death...
[11:42:43.6436352] [Warning:   Coroner] Could not access dying player: Collider was not a player!
[11:42:43.6436352] [Warning:   Coroner] Could not access dying player: Index not assigned!
[11:42:43.6436352] [Debug  :   Coroner] Handling Out of Bounds death...
[11:42:43.6436352] [Warning:   Coroner] Could not access dying player: Collider was not a player!
[11:42:43.6436352] [Warning:   Coroner] Could not access dying player: Index not assigned!
[11:42:43.6436352] [Debug  :   Coroner] Handling Out of Bounds death...
[11:42:43.6436352] [Warning:   Coroner] Could not access dying player: Collider was not a player!
[11:42:43.6436352] [Warning:   Coroner] Could not access dying player: Index not assigned!
[11:42:43.6436352] [Debug  :   Coroner] Handling Out of Bounds death...
[11:42:43.6436352] [Warning:   Coroner] Could not access dying player: Collider was not a player!
[11:42:43.6436352] [Warning:   Coroner] Could not access dying player: Index not assigned!
[11:42:43.6436352] [Debug  :   Coroner] Handling Out of Bounds death...
[11:42:43.6436352] [Warning:   Coroner] Could not access dying player: Collider was not a player!
[11:42:43.6436352] [Warning:   Coroner] Could not access dying player: Index not assigned!
[11:42:43.6436352] [Debug  :   Coroner] Handling Out of Bounds death...
[11:42:43.6436352] [Warning:   Coroner] Could not access dying player: Collider was not a player!
[11:42:43.6436352] [Warning:   Coroner] Could not access dying player: Index not assigned!
[11:42:43.6436352] [Debug  :   Coroner] Handling Out of Bounds death...
[11:42:43.6436352] [Warning:   Coroner] Could not access dying player: Collider was not a player!
[11:42:43.6436352] [Warning:   Coroner] Could not access dying player: Index not assigned!
[11:42:43.6436352] [Debug  :   Coroner] Handling Out of Bounds death...
[11:42:43.6436352] [Warning:   Coroner] Could not access dying player: Collider was not a player!
[11:42:43.6436352] [Warning:   Coroner] Could not access dying player: Index not assigned!
[11:42:43.6436352] [Debug  :   Coroner] Handling Out of Bounds death...
[11:42:43.6436352] [Warning:   Coroner] Could not access dying player: Collider was not a player!
[11:42:43.6436352] [Warning:   Coroner] Could not access dying player: Index not assigned!
[11:42:43.6436352] [Debug  :   Coroner] Handling Out of Bounds death...
[11:42:43.6436352] [Warning:   Coroner] Could not access dying player: Collider was not a player!
[11:42:43.6436352] [Warning:   Coroner] Could not access dying player: Index not assigned!
[11:42:43.6436352] [Debug  :   Coroner] Handling Out of Bounds death...
[11:42:43.6436352] [Warning:   Coroner] Could not access dying player: Collider was not a player!
[11:42:43.6436352] [Warning:   Coroner] Could not access dying player: Index not assigned!
[11:42:43.6436352] [Debug  :   Coroner] Handling Out of Bounds death...
[11:42:43.6436352] [Warning:   Coroner] Could not access dying player: Collider was not a player!
[11:42:43.6436352] [Warning:   Coroner] Could not access dying player: Index not assigned!
[11:42:43.6436352] [Debug  :   Coroner] Handling Out of Bounds death...
[11:42:43.6436352] [Warning:   Coroner] Could not access dying player: Collider was not a player!
[11:42:43.6436352] [Warning:   Coroner] Could not access dying player: Index not assigned!
[11:42:43.6436352] [Debug  :   Coroner] Handling Out of Bounds death...
[11:42:43.6436352] [Warning:   Coroner] Could not access dying player: Collider was not a player!
[11:42:43.6436352] [Warning:   Coroner] Could not access dying player: Index not assigned!
[11:42:43.6436352] [Debug  :   Coroner] Handling Out of Bounds death...
[11:42:43.6436352] [Warning:   Coroner] Could not access dying player: Collider was not a player!
[11:42:43.6436352] [Warning:   Coroner] Could not access dying player: Index not assigned!
[11:42:43.6436352] [Debug  :   Coroner] Handling Out of Bounds death...
[11:42:43.6436352] [Warning:   Coroner] Could not access dying player: Collider was not a player!
[11:42:43.6436352] [Warning:   Coroner] Could not access dying player: Index not assigned!
[11:42:43.6436352] [Debug  :   Coroner] Handling Out of Bounds death...
[11:42:43.6436352] [Warning:   Coroner] Could not access dying player: Collider was not a player!
[11:42:43.6436352] [Warning:   Coroner] Could not access dying player: Index not assigned!
[11:42:43.6436352] [Debug  :   Coroner] Handling Out of Bounds death...
[11:42:43.6436352] [Warning:   Coroner] Could not access dying player: Collider was not a player!
[11:42:43.6436352] [Warning:   Coroner] Could not access dying player: Index not assigned!
[11:42:43.6436352] [Debug  :   Coroner] Handling Out of Bounds death...
[11:42:43.6436352] [Warning:   Coroner] Could not access dying player: Collider was not a player!
[11:42:43.6436352] [Warning:   Coroner] Could not access dying player: Index not assigned!
[11:42:43.6436352] [Debug  :   Coroner] Handling Out of Bounds death...
[11:42:43.6436352] [Warning:   Coroner] Could not access dying player: Collider was not a player!
[11:42:43.6436352] [Warning:   Coroner] Could not access dying player: Index not assigned!
[11:42:43.6436352] [Debug  :   Coroner] Handling Out of Bounds death...
[11:42:43.6436352] [Warning:   Coroner] Could not access dying player: Collider was not a player!
[11:42:43.6436352] [Warning:   Coroner] Could not access dying player: Index not assigned!
[11:42:43.6436352] [Debug  :   Coroner] Handling Out of Bounds death...
[11:42:43.6436352] [Warning:   Coroner] Could not access dying player: Collider was not a player!
[11:42:43.6436352] [Warning:   Coroner] Could not access dying player: Index not assigned!
[11:42:43.6436352] [Debug  :   Coroner] Handling Out of Bounds death...
[11:42:43.6436352] [Warning:   Coroner] Could not access dying player: Collider was not a player!
[11:42:43.6436352] [Warning:   Coroner] Could not access dying player: Index not assigned!
[11:42:43.6436352] [Debug  :   Coroner] Handling Out of Bounds death...
[11:42:43.6436352] [Warning:   Coroner] Could not access dying player: Collider was not a player!
[11:42:43.6436352] [Warning:   Coroner] Could not access dying player: Index not assigned!
[11:42:43.6436352] [Debug  :   Coroner] Handling Out of Bounds death...
[11:42:43.6436352] [Warning:   Coroner] Could not access dying player: Collider was not a player!
[11:42:43.6436352] [Warning:   Coroner] Could not access dying player: Index not assigned!
[11:42:43.6436352] [Debug  :   Coroner] Handling Out of Bounds death...
[11:42:43.6436352] [Warning:   Coroner] Could not access dying player: Collider was not a player!
[11:42:43.6436352] [Warning:   Coroner] Could not access dying player: Index not assigned!
[11:42:43.6436352] [Debug  :   Coroner] Handling Out of Bounds death...
[11:42:43.6436352] [Warning:   Coroner] Could not access dying player: Collider was not a player!
[11:42:43.6436352] [Warning:   Coroner] Could not access dying player: Index not assigned!
[11:42:43.6436352] [Debug  :   Coroner] Handling Out of Bounds death...
[11:42:43.6436352] [Warning:   Coroner] Could not access dying player: Collider was not a player!
[11:42:43.6436352] [Warning:   Coroner] Could not access dying player: Index not assigned!
[11:42:43.6436352] [Debug  :   Coroner] Handling Out of Bounds death...
[11:42:43.6436352] [Warning:   Coroner] Could not access dying player: Collider was not a player!
[11:42:43.6436352] [Warning:   Coroner] Could not access dying player: Index not assigned!
[11:42:43.6436352] [Debug  :   Coroner] Handling Out of Bounds death...
[11:42:43.6436352] [Warning:   Coroner] Could not access dying player: Collider was not a player!
[11:42:43.6436352] [Warning:   Coroner] Could not access dying player: Index not assigned!
[11:42:43.6436352] [Debug  :   Coroner] Handling Out of Bounds death...
[11:42:43.6436352] [Warning:   Coroner] Could not access dying player: Collider was not a player!
[11:42:43.6436352] [Warning:   Coroner] Could not access dying player: Index not assigned!
[11:42:43.6436352] [Debug  :   Coroner] Handling Out of Bounds death...
[11:42:43.6436352] [Warning:   Coroner] Could not access dying player: Collider was not a player!
[11:42:43.6436352] [Warning:   Coroner] Could not access dying player: Index not assigned!
[11:42:43.6436352] [Debug  :   Coroner] Handling Out of Bounds death...
[11:42:43.6436352] [Warning:   Coroner] Could not access dying player: Collider was not a player!
[11:42:43.6436352] [Warning:   Coroner] Could not access dying player: Index not assigned!
[11:42:43.6436352] [Debug  :   Coroner] Handling Out of Bounds death...
[11:42:43.6436352] [Warning:   Coroner] Could not access dying player: Collider was not a player!
[11:42:43.6436352] [Warning:   Coroner] Could not access dying player: Index not assigned!
[11:42:43.6436352] [Debug  :   Coroner] Handling Out of Bounds death...
[11:42:43.6436352] [Warning:   Coroner] Could not access dying player: Collider was not a player!
[11:42:43.6436352] [Warning:   Coroner] Could not access dying player: Index not assigned!
[11:42:43.6436352] [Debug  :   Coroner] Handling Out of Bounds death...
[11:42:43.6436352] [Warning:   Coroner] Could not access dying player: Collider was not a player!
[11:42:43.6436352] [Warning:   Coroner] Could not access dying player: Index not assigned!
[11:42:43.6436352] [Debug  :   Coroner] Handling Out of Bounds death...
[11:42:43.6436352] [Warning:   Coroner] Could not access dying player: Collider was not a player!
[11:42:43.6436352] [Warning:   Coroner] Could not access dying player: Index not assigned!
[11:42:43.6436352] [Debug  :   Coroner] Handling Out of Bounds death...
[11:42:43.6436352] [Warning:   Coroner] Could not access dying player: Collider was not a player!
[11:42:43.6436352] [Warning:   Coroner] Could not access dying player: Index not assigned!
[11:42:43.6436352] [Debug  :   Coroner] Handling Out of Bounds death...
[11:42:43.6436352] [Warning:   Coroner] Could not access dying player: Collider was not a player!
[11:42:43.6436352] [Warning:   Coroner] Could not access dying player: Index not assigned!
[11:42:43.6436352] [Debug  :   Coroner] Handling Out of Bounds death...
[11:42:43.6436352] [Warning:   Coroner] Could not access dying player: Collider was not a player!
[11:42:43.6436352] [Warning:   Coroner] Could not access dying player: Index not assigned!
[11:42:43.6436352] [Debug  :   Coroner] Handling Out of Bounds death...
[11:42:43.6436352] [Warning:   Coroner] Could not access dying player: Collider was not a player!
[11:42:43.6436352] [Warning:   Coroner] Could not access dying player: Index not assigned!
[11:42:43.6436352] [Debug  :   Coroner] Handling Out of Bounds death...
[11:42:43.6436352] [Warning:   Coroner] Could not access dying player: Collider was not a player!
[11:42:43.6436352] [Warning:   Coroner] Could not access dying player: Index not assigned!
[11:42:43.6436352] [Debug  :   Coroner] Handling Out of Bounds death...
[11:42:43.6436352] [Warning:   Coroner] Could not access dying player: Collider was not a player!
[11:42:43.6436352] [Warning:   Coroner] Could not access dying player: Index not assigned!
[11:42:43.6436352] [Debug  :   Coroner] Handling Out of Bounds death...
[11:42:43.6436352] [Warning:   Coroner] Could not access dying player: Collider was not a player!
[11:42:43.6436352] [Warning:   Coroner] Could not access dying player: Index not assigned!
[11:42:43.6436352] [Debug  :   Coroner] Handling Out of Bounds death...
[11:42:43.6436352] [Warning:   Coroner] Could not access dying player: Collider was not a player!
[11:42:43.6436352] [Warning:   Coroner] Could not access dying player: Index not assigned!
[11:42:43.6436352] [Debug  :   Coroner] Handling Out of Bounds death...
[11:42:43.6436352] [Warning:   Coroner] Could not access dying player: Collider was not a player!
[11:42:43.6436352] [Warning:   Coroner] Could not access dying player: Index not assigned!
[11:42:43.6436352] [Debug  :   Coroner] Handling Out of Bounds death...
[11:42:43.6436352] [Warning:   Coroner] Could not access dying player: Collider was not a player!
[11:42:43.6436352] [Warning:   Coroner] Could not access dying player: Index not assigned!
[11:42:43.6436352] [Debug  :   Coroner] Handling Out of Bounds death...
[11:42:43.6436352] [Warning:   Coroner] Could not access dying player: Collider was not a player!
[11:42:43.6436352] [Warning:   Coroner] Could not access dying player: Index not assigned!
[11:42:43.6436352] [Debug  :   Coroner] Handling Out of Bounds death...
[11:42:43.6436352] [Warning:   Coroner] Could not access dying player: Collider was not a player!
[11:42:43.6436352] [Warning:   Coroner] Could not access dying player: Index not assigned!
[11:42:43.6436352] [Debug  :   Coroner] Handling Out of Bounds death...
[11:42:43.6436352] [Warning:   Coroner] Could not access dying player: Collider was not a player!
[11:42:43.6436352] [Warning:   Coroner] Could not access dying player: Index not assigned!
[11:42:43.6436352] [Debug  :   Coroner] Handling Out of Bounds death...
[11:42:43.6436352] [Warning:   Coroner] Could not access dying player: Collider was not a player!
[11:42:43.6436352] [Warning:   Coroner] Could not access dying player: Index not assigned!
[11:42:43.6436352] [Debug  :   Coroner] Handling Out of Bounds death...
[11:42:43.6436352] [Warning:   Coroner] Could not access dying player: Collider was not a player!
[11:42:43.6436352] [Warning:   Coroner] Could not access dying player: Index not assigned!
[11:42:43.6436352] [Debug  :   Coroner] Handling Out of Bounds death...
[11:42:43.6436352] [Warning:   Coroner] Could not access dying player: Collider was not a player!
[11:42:43.6436352] [Warning:   Coroner] Could not access dying player: Index not assigned!
[11:42:43.6436352] [Debug  :   Coroner] Handling Out of Bounds death...
[11:42:43.6436352] [Warning:   Coroner] Could not access dying player: Collider was not a player!
[11:42:43.6436352] [Warning:   Coroner] Could not access dying player: Index not assigned!
[11:42:43.6436352] [Debug  :   Coroner] Handling Out of Bounds death...
[11:42:43.6436352] [Warning:   Coroner] Could not access dying player: Collider was not a player!
[11:42:43.6436352] [Warning:   Coroner] Could not access dying player: Index not assigned!
[11:42:43.6436352] [Debug  :   Coroner] Handling Out of Bounds death...
[11:42:43.6436352] [Warning:   Coroner] Could not access dying player: Collider was not a player!
[11:42:43.6436352] [Warning:   Coroner] Could not access dying player: Index not assigned!
[11:42:43.6436352] [Debug  :   Coroner] Handling Out of Bounds death...
[11:42:43.6436352] [Warning:   Coroner] Could not access dying player: Collider was not a player!
[11:42:43.6436352] [Warning:   Coroner] Could not access dying player: Index not assigned!
[11:42:43.6436352] [Debug  :   Coroner] Handling Out of Bounds death...
[11:42:43.6436352] [Warning:   Coroner] Could not access dying player: Collider was not a player!
[11:42:43.6436352] [Warning:   Coroner] Could not access dying player: Index not assigned!
[11:42:43.6436352] [Debug  :   Coroner] Handling Out of Bounds death...
[11:42:43.6436352] [Warning:   Coroner] Could not access dying player: Collider was not a player!
[11:42:43.6436352] [Warning:   Coroner] Could not access dying player: Index not assigned!
[11:42:43.6436352] [Debug  :   Coroner] Handling Out of Bounds death...
[11:42:43.6436352] [Warning:   Coroner] Could not access dying player: Collider was not a player!
[11:42:43.6436352] [Warning:   Coroner] Could not access dying player: Index not assigned!
[11:42:43.6436352] [Debug  :   Coroner] Handling Out of Bounds death...
[11:42:43.6436352] [Warning:   Coroner] Could not access dying player: Collider was not a player!
[11:42:43.6436352] [Warning:   Coroner] Could not access dying player: Index not assigned!
[11:42:43.6436352] [Debug  :   Coroner] Handling Out of Bounds death...
[11:42:43.6436352] [Warning:   Coroner] Could not access dying player: Collider was not a player!
[11:42:43.6436352] [Warning:   Coroner] Could not access dying player: Index not assigned!
[11:42:43.6436352] [Debug  :   Coroner] Handling Out of Bounds death...
[11:42:43.6436352] [Warning:   Coroner] Could not access dying player: Collider was not a player!
[11:42:43.6436352] [Warning:   Coroner] Could not access dying player: Index not assigned!
[11:42:43.6436352] [Debug  :   Coroner] Handling Out of Bounds death...
[11:42:43.6436352] [Warning:   Coroner] Could not access dying player: Collider was not a player!
[11:42:43.6436352] [Warning:   Coroner] Could not access dying player: Index not assigned!
[11:42:43.6436352] [Debug  :   Coroner] Handling Out of Bounds death...
[11:42:43.6436352] [Warning:   Coroner] Could not access dying player: Collider was not a player!
[11:42:43.6436352] [Warning:   Coroner] Could not access dying player: Index not assigned!
[11:42:43.6436352] [Debug  :   Coroner] Handling Out of Bounds death...
[11:42:43.6436352] [Warning:   Coroner] Could not access dying player: Collider was not a player!
[11:42:43.6436352] [Warning:   Coroner] Could not access dying player: Index not assigned!
[11:42:43.6436352] [Debug  :   Coroner] Handling Out of Bounds death...
[11:42:43.6436352] [Warning:   Coroner] Could not access dying player: Collider was not a player!
[11:42:43.6436352] [Warning:   Coroner] Could not access dying player: Index not assigned!
[11:42:43.6436352] [Debug  :   Coroner] Handling Out of Bounds death...
[11:42:43.6436352] [Warning:   Coroner] Could not access dying player: Collider was not a player!
[11:42:43.6436352] [Warning:   Coroner] Could not access dying player: Index not assigned!
[11:42:43.6436352] [Debug  :   Coroner] Handling Out of Bounds death...
[11:42:43.6436352] [Warning:   Coroner] Could not access dying player: Collider was not a player!
[11:42:43.6436352] [Warning:   Coroner] Could not access dying player: Index not assigned!
[11:42:43.6436352] [Debug  :   Coroner] Handling Out of Bounds death...
[11:42:43.6436352] [Warning:   Coroner] Could not access dying player: Collider was not a player!
[11:42:43.6436352] [Warning:   Coroner] Could not access dying player: Index not assigned!
[11:42:43.6436352] [Debug  :   Coroner] Handling Out of Bounds death...
[11:42:43.6436352] [Warning:   Coroner] Could not access dying player: Collider was not a player!
[11:42:43.6436352] [Warning:   Coroner] Could not access dying player: Index not assigned!
[11:42:43.6436352] [Debug  :   Coroner] Handling Out of Bounds death...
[11:42:43.6436352] [Warning:   Coroner] Could not access dying player: Collider was not a player!
[11:42:43.6436352] [Warning:   Coroner] Could not access dying player: Index not assigned!
[11:42:43.6436352] [Debug  :   Coroner] Handling Out of Bounds death...
[11:42:43.6436352] [Warning:   Coroner] Could not access dying player: Collider was not a player!
[11:42:43.6436352] [Warning:   Coroner] Could not access dying player: Index not assigned!
[11:42:43.6436352] [Debug  :   Coroner] Handling Out of Bounds death...
[11:42:43.6436352] [Warning:   Coroner] Could not access dying player: Collider was not a player!
[11:42:43.6436352] [Warning:   Coroner] Could not access dying player: Index not assigned!
[11:42:43.6436352] [Debug  :   Coroner] Handling Out of Bounds death...
[11:42:43.6436352] [Warning:   Coroner] Could not access dying player: Collider was not a player!
[11:42:43.6436352] [Warning:   Coroner] Could not access dying player: Index not assigned!
[11:42:43.6436352] [Debug  :   Coroner] Handling Out of Bounds death...
[11:42:43.6436352] [Warning:   Coroner] Could not access dying player: Collider was not a player!
[11:42:43.6436352] [Warning:   Coroner] Could not access dying player: Index not assigned!
[11:42:43.6436352] [Debug  :   Coroner] Handling Out of Bounds death...
[11:42:43.6436352] [Warning:   Coroner] Could not access dying player: Collider was not a player!
[11:42:43.6436352] [Warning:   Coroner] Could not access dying player: Index not assigned!
[11:42:43.6436352] [Debug  :   Coroner] Handling Out of Bounds death...
[11:42:43.6436352] [Warning:   Coroner] Could not access dying player: Collider was not a player!
[11:42:43.6436352] [Warning:   Coroner] Could not access dying player: Index not assigned!
[11:42:43.6436352] [Debug  :   Coroner] Handling Out of Bounds death...
[11:42:43.6436352] [Warning:   Coroner] Could not access dying player: Collider was not a player!
[11:42:43.6436352] [Warning:   Coroner] Could not access dying player: Index not assigned!
[11:42:43.6436352] [Debug  :   Coroner] Handling Out of Bounds death...
[11:42:43.6436352] [Warning:   Coroner] Could not access dying player: Collider was not a player!
[11:42:43.6436352] [Warning:   Coroner] Could not access dying player: Index not assigned!
[11:42:43.6436352] [Debug  :   Coroner] Handling Out of Bounds death...
[11:42:43.6436352] [Warning:   Coroner] Could not access dying player: Collider was not a player!
[11:42:43.6436352] [Warning:   Coroner] Could not access dying player: Index not assigned!
[11:42:43.6436352] [Debug  :   Coroner] Handling Out of Bounds death...
[11:42:43.6436352] [Warning:   Coroner] Could not access dying player: Collider was not a player!
[11:42:43.6436352] [Warning:   Coroner] Could not access dying player: Index not assigned!
[11:42:43.6436352] [Debug  :   Coroner] Handling Out of Bounds death...
[11:42:43.6436352] [Warning:   Coroner] Could not access dying player: Collider was not a player!
[11:42:43.6436352] [Warning:   Coroner] Could not access dying player: Index not assigned!
[11:42:43.6436352] [Debug  :   Coroner] Handling Out of Bounds death...
[11:42:43.6436352] [Warning:   Coroner] Could not access dying player: Collider was not a player!
[11:42:43.6436352] [Warning:   Coroner] Could not access dying player: Index not assigned!
[11:42:43.6436352] [Debug  :   Coroner] Handling Out of Bounds death...
[11:42:43.6436352] [Warning:   Coroner] Could not access dying player: Collider was not a player!
[11:42:43.6436352] [Warning:   Coroner] Could not access dying player: Index not assigned!
[11:42:43.6436352] [Debug  :   Coroner] Handling Out of Bounds death...
[11:42:43.6436352] [Warning:   Coroner] Could not access dying player: Collider was not a player!
[11:42:43.6436352] [Warning:   Coroner] Could not access dying player: Index not assigned!
[11:42:43.6436352] [Debug  :   Coroner] Handling Out of Bounds death...
[11:42:43.6436352] [Warning:   Coroner] Could not access dying player: Collider was not a player!
[11:42:43.6436352] [Warning:   Coroner] Could not access dying player: Index not assigned!
[11:42:43.6436352] [Debug  :   Coroner] Handling Out of Bounds death...
[11:42:43.6436352] [Warning:   Coroner] Could not access dying player: Collider was not a player!
[11:42:43.6436352] [Warning:   Coroner] Could not access dying player: Index not assigned!
[11:42:43.6436352] [Debug  :   Coroner] Handling Out of Bounds death...
[11:42:43.6436352] [Warning:   Coroner] Could not access dying player: Collider was not a player!
[11:42:43.6436352] [Warning:   Coroner] Could not access dying player: Index not assigned!
[11:42:43.6436352] [Debug  :   Coroner] Handling Out of Bounds death...
[11:42:43.6436352] [Warning:   Coroner] Could not access dying player: Collider was not a player!
[11:42:43.6436352] [Warning:   Coroner] Could not access dying player: Index not assigned!
[11:42:43.6436352] [Debug  :   Coroner] Handling Out of Bounds death...
[11:42:43.6436352] [Warning:   Coroner] Could not access dying player: Collider was not a player!
[11:42:43.6436352] [Warning:   Coroner] Could not access dying player: Index not assigned!
[11:42:43.6436352] [Debug  :   Coroner] Handling Out of Bounds death...
[11:42:43.6436352] [Warning:   Coroner] Could not access dying player: Collider was not a player!
[11:42:43.6436352] [Warning:   Coroner] Could not access dying player: Index not assigned!
[11:42:43.6436352] [Debug  :   Coroner] Handling Out of Bounds death...
[11:42:43.6436352] [Warning:   Coroner] Could not access dying player: Collider was not a player!
[11:42:43.6436352] [Warning:   Coroner] Could not access dying player: Index not assigned!
[11:42:43.6436352] [Debug  :   Coroner] Handling Out of Bounds death...
[11:42:43.6436352] [Warning:   Coroner] Could not access dying player: Collider was not a player!
[11:42:43.6436352] [Warning:   Coroner] Could not access dying player: Index not assigned!
[11:42:43.6436352] [Debug  :   Coroner] Handling Out of Bounds death...
[11:42:43.6436352] [Warning:   Coroner] Could not access dying player: Collider was not a player!
[11:42:43.6436352] [Warning:   Coroner] Could not access dying player: Index not assigned!
[11:42:43.6436352] [Debug  :   Coroner] Handling Out of Bounds death...
[11:42:43.6436352] [Warning:   Coroner] Could not access dying player: Collider was not a player!
[11:42:43.6436352] [Warning:   Coroner] Could not access dying player: Index not assigned!
[11:42:43.6436352] [Debug  :   Coroner] Handling Out of Bounds death...
[11:42:43.6436352] [Warning:   Coroner] Could not access dying player: Collider was not a player!
[11:42:43.6436352] [Warning:   Coroner] Could not access dying player: Index not assigned!
[11:42:43.6436352] [Debug  :   Coroner] Handling Out of Bounds death...
[11:42:43.6436352] [Warning:   Coroner] Could not access dying player: Collider was not a player!
[11:42:43.6436352] [Warning:   Coroner] Could not access dying player: Index not assigned!
[11:42:43.6436352] [Debug  :   Coroner] Handling Out of Bounds death...
[11:42:43.6436352] [Warning:   Coroner] Could not access dying player: Collider was not a player!
[11:42:43.6436352] [Warning:   Coroner] Could not access dying player: Index not assigned!
[11:42:43.6436352] [Debug  :   Coroner] Handling Out of Bounds death...
[11:42:43.6436352] [Warning:   Coroner] Could not access dying player: Collider was not a player!
[11:42:43.6436352] [Warning:   Coroner] Could not access dying player: Index not assigned!
[11:42:43.6436352] [Debug  :   Coroner] Handling Out of Bounds death...
[11:42:43.6436352] [Warning:   Coroner] Could not access dying player: Collider was not a player!
[11:42:43.6436352] [Warning:   Coroner] Could not access dying player: Index not assigned!
[11:42:43.6436352] [Debug  :   Coroner] Handling Out of Bounds death...
[11:42:43.6436352] [Warning:   Coroner] Could not access dying player: Collider was not a player!
[11:42:43.6436352] [Warning:   Coroner] Could not access dying player: Index not assigned!
[11:42:43.6436352] [Debug  :   Coroner] Handling Out of Bounds death...
[11:42:43.6436352] [Warning:   Coroner] Could not access dying player: Collider was not a player!
[11:42:43.6436352] [Warning:   Coroner] Could not access dying player: Index not assigned!
[11:42:43.6436352] [Debug  :   Coroner] Handling Out of Bounds death...
[11:42:43.6436352] [Warning:   Coroner] Could not access dying player: Collider was not a player!
[11:42:43.6436352] [Warning:   Coroner] Could not access dying player: Index not assigned!
[11:42:43.6436352] [Debug  :   Coroner] Handling Out of Bounds death...
[11:42:43.6436352] [Warning:   Coroner] Could not access dying player: Collider was not a player!
[11:42:43.6436352] [Warning:   Coroner] Could not access dying player: Index not assigned!
[11:42:43.6436352] [Debug  :   Coroner] Handling Out of Bounds death...
[11:42:43.6446353] [Warning:   Coroner] Could not access dying player: Collider was not a player!
[11:42:43.6446353] [Warning:   Coroner] Could not access dying player: Index not assigned!
[11:42:43.6446353] [Debug  :   Coroner] Handling Out of Bounds death...
[11:42:43.6446353] [Warning:   Coroner] Could not access dying player: Collider was not a player!
[11:42:43.6446353] [Warning:   Coroner] Could not access dying player: Index not assigned!
[11:42:43.6446353] [Debug  :   Coroner] Handling Out of Bounds death...
[11:42:43.6446353] [Warning:   Coroner] Could not access dying player: Collider was not a player!
[11:42:43.6446353] [Warning:   Coroner] Could not access dying player: Index not assigned!
[11:42:43.6446353] [Debug  :   Coroner] Handling Out of Bounds death...
[11:42:43.6446353] [Warning:   Coroner] Could not access dying player: Collider was not a player!
[11:42:43.6446353] [Warning:   Coroner] Could not access dying player: Index not assigned!
[11:42:43.6446353] [Debug  :   Coroner] Handling Out of Bounds death...
[11:42:43.6446353] [Warning:   Coroner] Could not access dying player: Collider was not a player!
[11:42:43.6446353] [Warning:   Coroner] Could not access dying player: Index not assigned!
[11:42:43.6446353] [Debug  :   Coroner] Handling Out of Bounds death...
[11:42:43.6446353] [Warning:   Coroner] Could not access dying player: Collider was not a player!
[11:42:43.6446353] [Warning:   Coroner] Could not access dying player: Index not assigned!
[11:42:43.6446353] [Debug  :   Coroner] Handling Out of Bounds death...
[11:42:43.6446353] [Warning:   Coroner] Could not access dying player: Collider was not a player!
[11:42:43.6446353] [Warning:   Coroner] Could not access dying player: Index not assigned!
[11:42:43.6446353] [Debug  :   Coroner] Handling Out of Bounds death...
[11:42:43.6446353] [Warning:   Coroner] Could not access dying player: Collider was not a player!
[11:42:43.6446353] [Warning:   Coroner] Could not access dying player: Index not assigned!
[11:42:43.6446353] [Debug  :   Coroner] Handling Out of Bounds death...
[11:42:43.6446353] [Warning:   Coroner] Could not access dying player: Collider was not a player!
[11:42:43.6446353] [Warning:   Coroner] Could not access dying player: Index not assigned!
[11:42:43.6446353] [Debug  :   Coroner] Handling Out of Bounds death...
[11:42:43.6446353] [Warning:   Coroner] Could not access dying player: Collider was not a player!
[11:42:43.6446353] [Warning:   Coroner] Could not access dying player: Index not assigned!
[11:42:43.6446353] [Debug  :   Coroner] Handling Out of Bounds death...
[11:42:43.6446353] [Warning:   Coroner] Could not access dying player: Collider was not a player!
[11:42:43.6446353] [Warning:   Coroner] Could not access dying player: Index not assigned!
[11:42:43.6446353] [Debug  :   Coroner] Handling Out of Bounds death...
[11:42:43.6446353] [Warning:   Coroner] Could not access dying player: Collider was not a player!
[11:42:43.6446353] [Warning:   Coroner] Could not access dying player: Index not assigned!
[11:42:43.6446353] [Debug  :   Coroner] Handling Out of Bounds death...
[11:42:43.6446353] [Warning:   Coroner] Could not access dying player: Collider was not a player!
[11:42:43.6446353] [Warning:   Coroner] Could not access dying player: Index not assigned!
[11:42:43.6446353] [Debug  :   Coroner] Handling Out of Bounds death...
[11:42:43.6446353] [Warning:   Coroner] Could not access dying player: Collider was not a player!
[11:42:43.6446353] [Warning:   Coroner] Could not access dying player: Index not assigned!
[11:42:43.6446353] [Debug  :   Coroner] Handling Out of Bounds death...
[11:42:43.6446353] [Warning:   Coroner] Could not access dying player: Collider was not a player!
[11:42:43.6446353] [Warning:   Coroner] Could not access dying player: Index not assigned!
[11:42:43.6446353] [Debug  :   Coroner] Handling Out of Bounds death...
[11:42:43.6446353] [Warning:   Coroner] Could not access dying player: Collider was not a player!
[11:42:43.6446353] [Warning:   Coroner] Could not access dying player: Index not assigned!
[11:42:43.6446353] [Debug  :   Coroner] Handling Out of Bounds death...
[11:42:43.6446353] [Warning:   Coroner] Could not access dying player: Collider was not a player!
[11:42:43.6446353] [Warning:   Coroner] Could not access dying player: Index not assigned!
[11:42:43.6446353] [Debug  :   Coroner] Handling Out of Bounds death...
[11:42:43.6446353] [Warning:   Coroner] Could not access dying player: Collider was not a player!
[11:42:43.6446353] [Warning:   Coroner] Could not access dying player: Index not assigned!
[11:42:43.6446353] [Debug  :   Coroner] Handling Out of Bounds death...
[11:42:43.6446353] [Warning:   Coroner] Could not access dying player: Collider was not a player!
[11:42:43.6446353] [Warning:   Coroner] Could not access dying player: Index not assigned!
[11:42:43.6446353] [Debug  :   Coroner] Handling Out of Bounds death...
[11:42:43.6446353] [Warning:   Coroner] Could not access dying player: Collider was not a player!
[11:42:43.6446353] [Warning:   Coroner] Could not access dying player: Index not assigned!
[11:42:43.6446353] [Debug  :   Coroner] Handling Out of Bounds death...
[11:42:43.6446353] [Warning:   Coroner] Could not access dying player: Collider was not a player!
[11:42:43.6446353] [Warning:   Coroner] Could not access dying player: Index not assigned!
[11:42:43.6446353] [Debug  :   Coroner] Handling Out of Bounds death...
[11:42:43.6446353] [Warning:   Coroner] Could not access dying player: Collider was not a player!
[11:42:43.6446353] [Warning:   Coroner] Could not access dying player: Index not assigned!
[11:42:43.6446353] [Debug  :   Coroner] Handling Out of Bounds death...
[11:42:43.6446353] [Warning:   Coroner] Could not access dying player: Collider was not a player!
[11:42:43.6446353] [Warning:   Coroner] Could not access dying player: Index not assigned!
[11:42:43.6446353] [Debug  :   Coroner] Handling Out of Bounds death...
[11:42:43.6446353] [Warning:   Coroner] Could not access dying player: Collider was not a player!
[11:42:43.6446353] [Warning:   Coroner] Could not access dying player: Index not assigned!
[11:42:43.6446353] [Debug  :   Coroner] Handling Out of Bounds death...
[11:42:43.6446353] [Warning:   Coroner] Could not access dying player: Collider was not a player!
[11:42:43.6446353] [Warning:   Coroner] Could not access dying player: Index not assigned!
[11:42:43.6446353] [Debug  :   Coroner] Handling Out of Bounds death...
[11:42:43.6446353] [Warning:   Coroner] Could not access dying player: Collider was not a player!
[11:42:43.6446353] [Warning:   Coroner] Could not access dying player: Index not assigned!
[11:42:43.6446353] [Debug  :   Coroner] Handling Out of Bounds death...
[11:42:43.6446353] [Warning:   Coroner] Could not access dying player: Collider was not a player!
[11:42:43.6446353] [Warning:   Coroner] Could not access dying player: Index not assigned!
[11:42:43.6446353] [Debug  :   Coroner] Handling Out of Bounds death...
[11:42:43.6446353] [Warning:   Coroner] Could not access dying player: Collider was not a player!
[11:42:43.6446353] [Warning:   Coroner] Could not access dying player: Index not assigned!
[11:42:43.6446353] [Debug  :   Coroner] Handling Out of Bounds death...
[11:42:43.6446353] [Warning:   Coroner] Could not access dying player: Collider was not a player!
[11:42:43.6446353] [Warning:   Coroner] Could not access dying player: Index not assigned!
[11:42:43.6446353] [Debug  :   Coroner] Handling Out of Bounds death...
[11:42:43.6446353] [Warning:   Coroner] Could not access dying player: Collider was not a player!
[11:42:43.6446353] [Warning:   Coroner] Could not access dying player: Index not assigned!
[11:42:43.6446353] [Debug  :   Coroner] Handling Out of Bounds death...
[11:42:43.6446353] [Warning:   Coroner] Could not access dying player: Collider was not a player!
[11:42:43.6446353] [Warning:   Coroner] Could not access dying player: Index not assigned!
[11:42:43.6446353] [Debug  :   Coroner] Handling Out of Bounds death...
[11:42:43.6446353] [Warning:   Coroner] Could not access dying player: Collider was not a player!
[11:42:43.6446353] [Warning:   Coroner] Could not access dying player: Index not assigned!
[11:42:43.6446353] [Debug  :   Coroner] Handling Out of Bounds death...
[11:42:43.6446353] [Warning:   Coroner] Could not access dying player: Collider was not a player!
[11:42:43.6446353] [Warning:   Coroner] Could not access dying player: Index not assigned!
[11:42:43.6446353] [Debug  :   Coroner] Handling Out of Bounds death...
[11:42:43.6446353] [Warning:   Coroner] Could not access dying player: Collider was not a player!
[11:42:43.6446353] [Warning:   Coroner] Could not access dying player: Index not assigned!
[11:42:43.6446353] [Debug  :   Coroner] Handling Out of Bounds death...
[11:42:43.6446353] [Warning:   Coroner] Could not access dying player: Collider was not a player!
[11:42:43.6446353] [Warning:   Coroner] Could not access dying player: Index not assigned!
[11:42:43.6446353] [Debug  :   Coroner] Handling Out of Bounds death...
[11:42:43.6446353] [Warning:   Coroner] Could not access dying player: Collider was not a player!
[11:42:43.6446353] [Warning:   Coroner] Could not access dying player: Index not assigned!
[11:42:43.6446353] [Debug  :   Coroner] Handling Out of Bounds death...
[11:42:43.6446353] [Warning:   Coroner] Could not access dying player: Collider was not a player!
[11:42:43.6446353] [Warning:   Coroner] Could not access dying player: Index not assigned!
[11:42:43.6446353] [Debug  :   Coroner] Handling Out of Bounds death...
[11:42:43.6446353] [Warning:   Coroner] Could not access dying player: Collider was not a player!
[11:42:43.6446353] [Warning:   Coroner] Could not access dying player: Index not assigned!
[11:42:43.6446353] [Debug  :   Coroner] Handling Out of Bounds death...
[11:42:43.6446353] [Warning:   Coroner] Could not access dying player: Collider was not a player!
[11:42:43.6446353] [Warning:   Coroner] Could not access dying player: Index not assigned!
[11:42:43.6446353] [Debug  :   Coroner] Handling Out of Bounds death...
[11:42:43.6446353] [Warning:   Coroner] Could not access dying player: Collider was not a player!
[11:42:43.6446353] [Warning:   Coroner] Could not access dying player: Index not assigned!
[11:42:43.6446353] [Debug  :   Coroner] Handling Out of Bounds death...
[11:42:43.6616769] [Warning:   Coroner] Could not access dying player: Collider was not a player!
[11:42:43.6616769] [Warning:   Coroner] Could not access dying player: Index not assigned!
[11:42:43.6616769] [Debug  :   Coroner] Handling Out of Bounds death...
[11:42:43.6616769] [Warning:   Coroner] Could not access dying player: Collider was not a player!
[11:42:43.6616769] [Warning:   Coroner] Could not access dying player: Index not assigned!
[11:42:43.6616769] [Debug  :   Coroner] Handling Out of Bounds death...
[11:42:43.6616769] [Warning:   Coroner] Could not access dying player: Collider was not a player!
[11:42:43.6616769] [Warning:   Coroner] Could not access dying player: Index not assigned!
[11:42:43.6616769] [Debug  :   Coroner] Handling Out of Bounds death...
[11:42:43.6616769] [Warning:   Coroner] Could not access dying player: Collider was not a player!
[11:42:43.6616769] [Warning:   Coroner] Could not access dying player: Index not assigned!
[11:42:43.6616769] [Debug  :   Coroner] Handling Out of Bounds death...
[11:42:43.6616769] [Warning:   Coroner] Could not access dying player: Collider was not a player!
[11:42:43.6616769] [Warning:   Coroner] Could not access dying player: Index not assigned!
[11:42:43.6616769] [Debug  :   Coroner] Handling Out of Bounds death...
[11:42:43.6616769] [Warning:   Coroner] Could not access dying player: Collider was not a player!
[11:42:43.6616769] [Warning:   Coroner] Could not access dying player: Index not assigned!
[11:42:43.6616769] [Debug  :   Coroner] Handling Out of Bounds death...
[11:42:43.6616769] [Warning:   Coroner] Could not access dying player: Collider was not a player!
[11:42:43.6616769] [Warning:   Coroner] Could not access dying player: Index not assigned!
[11:42:43.6616769] [Debug  :   Coroner] Handling Out of Bounds death...
[11:42:43.6616769] [Warning:   Coroner] Could not access dying player: Collider was not a player!
[11:42:43.6616769] [Warning:   Coroner] Could not access dying player: Index not assigned!
[11:42:43.6616769] [Debug  :   Coroner] Handling Out of Bounds death...
[11:42:43.6616769] [Warning:   Coroner] Could not access dying player: Collider was not a player!
[11:42:43.6616769] [Warning:   Coroner] Could not access dying player: Index not assigned!
[11:42:43.6616769] [Debug  :   Coroner] Handling Out of Bounds death...
[11:42:43.6616769] [Warning:   Coroner] Could not access dying player: Collider was not a player!
[11:42:43.6616769] [Warning:   Coroner] Could not access dying player: Index not assigned!
[11:42:43.6616769] [Debug  :   Coroner] Handling Out of Bounds death...
[11:42:43.6616769] [Warning:   Coroner] Could not access dying player: Collider was not a player!
[11:42:43.6616769] [Warning:   Coroner] Could not access dying player: Index not assigned!
[11:42:43.6616769] [Debug  :   Coroner] Handling Out of Bounds death...
[11:42:43.6616769] [Warning:   Coroner] Could not access dying player: Collider was not a player!
[11:42:43.6616769] [Warning:   Coroner] Could not access dying player: Index not assigned!
[11:42:43.6616769] [Debug  :   Coroner] Handling Out of Bounds death...
[11:42:43.6616769] [Warning:   Coroner] Could not access dying player: Collider was not a player!
[11:42:43.6616769] [Warning:   Coroner] Could not access dying player: Index not assigned!
[11:42:43.6616769] [Debug  :   Coroner] Handling Out of Bounds death...
[11:42:43.6616769] [Warning:   Coroner] Could not access dying player: Collider was not a player!
[11:42:43.6616769] [Warning:   Coroner] Could not access dying player: Index not assigned!
[11:42:43.6616769] [Debug  :   Coroner] Handling Out of Bounds death...
[11:42:43.6616769] [Warning:   Coroner] Could not access dying player: Collider was not a player!
[11:42:43.6616769] [Warning:   Coroner] Could not access dying player: Index not assigned!
[11:42:43.6616769] [Debug  :   Coroner] Handling Out of Bounds death...
[11:42:43.6616769] [Warning:   Coroner] Could not access dying player: Collider was not a player!
[11:42:43.6616769] [Warning:   Coroner] Could not access dying player: Index not assigned!
[11:42:43.6616769] [Debug  :   Coroner] Handling Out of Bounds death...
[11:42:43.6616769] [Warning:   Coroner] Could not access dying player: Collider was not a player!
[11:42:43.6616769] [Warning:   Coroner] Could not access dying player: Index not assigned!
[11:42:43.6616769] [Debug  :   Coroner] Handling Out of Bounds death...
[11:42:43.6616769] [Warning:   Coroner] Could not access dying player: Collider was not a player!
[11:42:43.6616769] [Warning:   Coroner] Could not access dying player: Index not assigned!
[11:42:43.6616769] [Debug  :   Coroner] Handling Out of Bounds death...
[11:42:43.6616769] [Warning:   Coroner] Could not access dying player: Collider was not a player!
[11:42:43.6616769] [Warning:   Coroner] Could not access dying player: Index not assigned!
[11:42:43.6616769] [Debug  :   Coroner] Handling Out of Bounds death...
[11:42:43.6616769] [Warning:   Coroner] Could not access dying player: Collider was not a player!
[11:42:43.6616769] [Warning:   Coroner] Could not access dying player: Index not assigned!
[11:42:43.6616769] [Debug  :   Coroner] Handling Out of Bounds death...
[11:42:43.6616769] [Warning:   Coroner] Could not access dying player: Collider was not a player!
[11:42:43.6616769] [Warning:   Coroner] Could not access dying player: Index not assigned!
[11:42:43.6616769] [Debug  :   Coroner] Handling Out of Bounds death...
[11:42:43.6616769] [Warning:   Coroner] Could not access dying player: Collider was not a player!
[11:42:43.6616769] [Warning:   Coroner] Could not access dying player: Index not assigned!
[11:42:43.6616769] [Debug  :   Coroner] Handling Out of Bounds death...
[11:42:43.6616769] [Warning:   Coroner] Could not access dying player: Collider was not a player!
[11:42:43.6616769] [Warning:   Coroner] Could not access dying player: Index not assigned!
[11:42:43.6616769] [Debug  :   Coroner] Handling Out of Bounds death...
[11:42:43.6616769] [Warning:   Coroner] Could not access dying player: Collider was not a player!
[11:42:43.6616769] [Warning:   Coroner] Could not access dying player: Index not assigned!
[11:42:43.6616769] [Debug  :   Coroner] Handling Out of Bounds death...
[11:42:43.6616769] [Warning:   Coroner] Could not access dying player: Collider was not a player!
[11:42:43.6616769] [Warning:   Coroner] Could not access dying player: Index not assigned!
[11:42:43.6616769] [Debug  :   Coroner] Handling Out of Bounds death...
[11:42:43.6616769] [Warning:   Coroner] Could not access dying player: Collider was not a player!
[11:42:43.6616769] [Warning:   Coroner] Could not access dying player: Index not assigned!
[11:42:43.6616769] [Debug  :   Coroner] Handling Out of Bounds death...
[11:42:43.6616769] [Warning:   Coroner] Could not access dying player: Collider was not a player!
[11:42:43.6616769] [Warning:   Coroner] Could not access dying player: Index not assigned!
[11:42:43.6616769] [Debug  :   Coroner] Handling Out of Bounds death...
[11:42:43.6616769] [Warning:   Coroner] Could not access dying player: Collider was not a player!
[11:42:43.6616769] [Warning:   Coroner] Could not access dying player: Index not assigned!
[11:42:43.6616769] [Debug  :   Coroner] Handling Out of Bounds death...
[11:42:43.6616769] [Warning:   Coroner] Could not access dying player: Collider was not a player!
[11:42:43.6616769] [Warning:   Coroner] Could not access dying player: Index not assigned!
[11:42:43.6616769] [Debug  :   Coroner] Handling Out of Bounds death...
[11:42:43.6616769] [Warning:   Coroner] Could not access dying player: Collider was not a player!
[11:42:43.6616769] [Warning:   Coroner] Could not access dying player: Index not assigned!
[11:42:43.6616769] [Debug  :   Coroner] Handling Out of Bounds death...
[11:42:43.6616769] [Warning:   Coroner] Could not access dying player: Collider was not a player!
[11:42:43.6616769] [Warning:   Coroner] Could not access dying player: Index not assigned!
[11:42:43.6616769] [Debug  :   Coroner] Handling Out of Bounds death...
[11:42:43.6616769] [Warning:   Coroner] Could not access dying player: Collider was not a player!
[11:42:43.6616769] [Warning:   Coroner] Could not access dying player: Index not assigned!
[11:42:43.6616769] [Debug  :   Coroner] Handling Out of Bounds death...
[11:42:43.6616769] [Warning:   Coroner] Could not access dying player: Collider was not a player!
[11:42:43.6616769] [Warning:   Coroner] Could not access dying player: Index not assigned!
[11:42:43.6616769] [Debug  :   Coroner] Handling Out of Bounds death...
[11:42:43.6616769] [Warning:   Coroner] Could not access dying player: Collider was not a player!
[11:42:43.6616769] [Warning:   Coroner] Could not access dying player: Index not assigned!
[11:42:43.6616769] [Debug  :   Coroner] Handling Out of Bounds death...
[11:42:43.6616769] [Warning:   Coroner] Could not access dying player: Collider was not a player!
[11:42:43.6616769] [Warning:   Coroner] Could not access dying player: Index not assigned!
[11:42:43.6616769] [Debug  :   Coroner] Handling Out of Bounds death...
[11:42:43.6616769] [Warning:   Coroner] Could not access dying player: Collider was not a player!
[11:42:43.6616769] [Warning:   Coroner] Could not access dying player: Index not assigned!
[11:42:43.6616769] [Debug  :   Coroner] Handling Out of Bounds death...
[11:42:43.6616769] [Warning:   Coroner] Could not access dying player: Collider was not a player!
[11:42:43.6616769] [Warning:   Coroner] Could not access dying player: Index not assigned!
[11:42:43.6616769] [Debug  :   Coroner] Handling Out of Bounds death...
[11:42:43.6616769] [Warning:   Coroner] Could not access dying player: Collider was not a player!
[11:42:43.6616769] [Warning:   Coroner] Could not access dying player: Index not assigned!
[11:42:43.6616769] [Debug  :   Coroner] Handling Out of Bounds death...
[11:42:43.6616769] [Warning:   Coroner] Could not access dying player: Collider was not a player!
[11:42:43.6616769] [Warning:   Coroner] Could not access dying player: Index not assigned!
[11:42:43.6616769] [Debug  :   Coroner] Handling Out of Bounds death...
[11:42:43.6616769] [Warning:   Coroner] Could not access dying player: Collider was not a player!
[11:42:43.6616769] [Warning:   Coroner] Could not access dying player: Index not assigned!
[11:42:43.6616769] [Debug  :   Coroner] Handling Out of Bounds death...
[11:42:43.6616769] [Warning:   Coroner] Could not access dying player: Collider was not a player!
[11:42:43.6616769] [Warning:   Coroner] Could not access dying player: Index not assigned!
[11:42:43.6616769] [Debug  :   Coroner] Handling Out of Bounds death...
[11:42:43.6616769] [Warning:   Coroner] Could not access dying player: Collider was not a player!
[11:42:43.6616769] [Warning:   Coroner] Could not access dying player: Index not assigned!
[11:42:43.6616769] [Debug  :   Coroner] Handling Out of Bounds death...
[11:42:43.6616769] [Warning:   Coroner] Could not access dying player: Collider was not a player!
[11:42:43.6616769] [Warning:   Coroner] Could not access dying player: Index not assigned!
[11:42:43.6616769] [Debug  :   Coroner] Handling Out of Bounds death...
[11:42:43.6616769] [Warning:   Coroner] Could not access dying player: Collider was not a player!
[11:42:43.6616769] [Warning:   Coroner] Could not access dying player: Index not assigned!
[11:42:43.6616769] [Debug  :   Coroner] Handling Out of Bounds death...
[11:42:43.6616769] [Warning:   Coroner] Could not access dying player: Collider was not a player!
[11:42:43.6616769] [Warning:   Coroner] Could not access dying player: Index not assigned!
[11:42:43.6616769] [Debug  :   Coroner] Handling Out of Bounds death...
[11:42:43.6616769] [Warning:   Coroner] Could not access dying player: Collider was not a player!
[11:42:43.6616769] [Warning:   Coroner] Could not access dying player: Index not assigned!
[11:42:43.6616769] [Debug  :   Coroner] Handling Out of Bounds death...
[11:42:43.6616769] [Warning:   Coroner] Could not access dying player: Collider was not a player!
[11:42:43.6616769] [Warning:   Coroner] Could not access dying player: Index not assigned!
[11:42:43.6616769] [Debug  :   Coroner] Handling Out of Bounds death...
[11:42:43.6616769] [Warning:   Coroner] Could not access dying player: Collider was not a player!
[11:42:43.6616769] [Warning:   Coroner] Could not access dying player: Index not assigned!
[11:42:43.6616769] [Debug  :   Coroner] Handling Out of Bounds death...
[11:42:43.6616769] [Warning:   Coroner] Could not access dying player: Collider was not a player!
[11:42:43.6616769] [Warning:   Coroner] Could not access dying player: Index not assigned!
[11:42:43.6616769] [Debug  :   Coroner] Handling Out of Bounds death...
[11:42:43.6616769] [Warning:   Coroner] Could not access dying player: Collider was not a player!
[11:42:43.6616769] [Warning:   Coroner] Could not access dying player: Index not assigned!
[11:42:43.6616769] [Debug  :   Coroner] Handling Out of Bounds death...
[11:42:43.6616769] [Warning:   Coroner] Could not access dying player: Collider was not a player!
[11:42:43.6616769] [Warning:   Coroner] Could not access dying player: Index not assigned!
[11:42:43.6616769] [Debug  :   Coroner] Handling Out of Bounds death...
[11:42:43.6616769] [Warning:   Coroner] Could not access dying player: Collider was not a player!
[11:42:43.6616769] [Warning:   Coroner] Could not access dying player: Index not assigned!
[11:42:43.6616769] [Debug  :   Coroner] Handling Out of Bounds death...
[11:42:43.6616769] [Warning:   Coroner] Could not access dying player: Collider was not a player!
[11:42:43.6616769] [Warning:   Coroner] Could not access dying player: Index not assigned!
[11:42:43.6616769] [Debug  :   Coroner] Handling Out of Bounds death...
[11:42:43.6616769] [Warning:   Coroner] Could not access dying player: Collider was not a player!
[11:42:43.6616769] [Warning:   Coroner] Could not access dying player: Index not assigned!
[11:42:43.6616769] [Debug  :   Coroner] Handling Out of Bounds death...
[11:42:43.6616769] [Warning:   Coroner] Could not access dying player: Collider was not a player!
[11:42:43.6616769] [Warning:   Coroner] Could not access dying player: Index not assigned!
[11:42:43.6616769] [Debug  :   Coroner] Handling Out of Bounds death...
[11:42:43.6616769] [Warning:   Coroner] Could not access dying player: Collider was not a player!
[11:42:43.6616769] [Warning:   Coroner] Could not access dying player: Index not assigned!
[11:42:43.6616769] [Debug  :   Coroner] Handling Out of Bounds death...
[11:42:43.6616769] [Warning:   Coroner] Could not access dying player: Collider was not a player!
[11:42:43.6616769] [Warning:   Coroner] Could not access dying player: Index not assigned!
[11:42:43.6616769] [Debug  :   Coroner] Handling Out of Bounds death...
[11:42:43.6616769] [Warning:   Coroner] Could not access dying player: Collider was not a player!
[11:42:43.6616769] [Warning:   Coroner] Could not access dying player: Index not assigned!
[11:42:43.6616769] [Debug  :   Coroner] Handling Out of Bounds death...
[11:42:43.6616769] [Warning:   Coroner] Could not access dying player: Collider was not a player!
[11:42:43.6616769] [Warning:   Coroner] Could not access dying player: Index not assigned!
[11:42:43.6616769] [Debug  :   Coroner] Handling Out of Bounds death...
[11:42:43.6626753] [Warning:   Coroner] Could not access dying player: Collider was not a player!
[11:42:43.6626753] [Warning:   Coroner] Could not access dying player: Index not assigned!
[11:42:43.6626753] [Debug  :   Coroner] Handling Out of Bounds death...
[11:42:43.6626753] [Warning:   Coroner] Could not access dying player: Collider was not a player!
[11:42:43.6626753] [Warning:   Coroner] Could not access dying player: Index not assigned!
[11:42:43.6626753] [Debug  :   Coroner] Handling Out of Bounds death...
[11:42:43.6626753] [Warning:   Coroner] Could not access dying player: Collider was not a player!
[11:42:43.6626753] [Warning:   Coroner] Could not access dying player: Index not assigned!
[11:42:43.6626753] [Debug  :   Coroner] Handling Out of Bounds death...
[11:42:43.6626753] [Warning:   Coroner] Could not access dying player: Collider was not a player!
[11:42:43.6626753] [Warning:   Coroner] Could not access dying player: Index not assigned!
[11:42:43.6626753] [Debug  :   Coroner] Handling Out of Bounds death...
[11:42:43.6626753] [Warning:   Coroner] Could not access dying player: Collider was not a player!
[11:42:43.6626753] [Warning:   Coroner] Could not access dying player: Index not assigned!
[11:42:43.6626753] [Debug  :   Coroner] Handling Out of Bounds death...
[11:42:43.6626753] [Warning:   Coroner] Could not access dying player: Collider was not a player!
[11:42:43.6626753] [Warning:   Coroner] Could not access dying player: Index not assigned!
[11:42:43.6626753] [Debug  :   Coroner] Handling Out of Bounds death...
[11:42:43.6626753] [Warning:   Coroner] Could not access dying player: Collider was not a player!
[11:42:43.6626753] [Warning:   Coroner] Could not access dying player: Index not assigned!
[11:42:43.6626753] [Debug  :   Coroner] Handling Out of Bounds death...
[11:42:43.6626753] [Warning:   Coroner] Could not access dying player: Collider was not a player!
[11:42:43.6626753] [Warning:   Coroner] Could not access dying player: Index not assigned!
[11:42:43.6626753] [Debug  :   Coroner] Handling Out of Bounds death...
[11:42:43.6626753] [Warning:   Coroner] Could not access dying player: Collider was not a player!
[11:42:43.6626753] [Warning:   Coroner] Could not access dying player: Index not assigned!
[11:42:43.6626753] [Debug  :   Coroner] Handling Out of Bounds death...
[11:42:43.6626753] [Warning:   Coroner] Could not access dying player: Collider was not a player!
[11:42:43.6626753] [Warning:   Coroner] Could not access dying player: Index not assigned!
[11:42:43.6626753] [Debug  :   Coroner] Handling Out of Bounds death...
[11:42:43.6626753] [Warning:   Coroner] Could not access dying player: Collider was not a player!
[11:42:43.6626753] [Warning:   Coroner] Could not access dying player: Index not assigned!
[11:42:43.6626753] [Debug  :   Coroner] Handling Out of Bounds death...
[11:42:43.6626753] [Warning:   Coroner] Could not access dying player: Collider was not a player!
[11:42:43.6626753] [Warning:   Coroner] Could not access dying player: Index not assigned!
[11:42:43.6626753] [Debug  :   Coroner] Handling Out of Bounds death...
[11:42:43.6626753] [Warning:   Coroner] Could not access dying player: Collider was not a player!
[11:42:43.6626753] [Warning:   Coroner] Could not access dying player: Index not assigned!
[11:42:43.6626753] [Debug  :   Coroner] Handling Out of Bounds death...
[11:42:43.6626753] [Warning:   Coroner] Could not access dying player: Collider was not a player!
[11:42:43.6626753] [Warning:   Coroner] Could not access dying player: Index not assigned!
[11:42:43.6626753] [Debug  :   Coroner] Handling Out of Bounds death...
[11:42:43.6626753] [Warning:   Coroner] Could not access dying player: Collider was not a player!
[11:42:43.6626753] [Warning:   Coroner] Could not access dying player: Index not assigned!
[11:42:43.6626753] [Debug  :   Coroner] Handling Out of Bounds death...
[11:42:43.6626753] [Warning:   Coroner] Could not access dying player: Collider was not a player!
[11:42:43.6626753] [Warning:   Coroner] Could not access dying player: Index not assigned!
[11:42:43.6626753] [Debug  :   Coroner] Handling Out of Bounds death...
[11:42:43.6626753] [Warning:   Coroner] Could not access dying player: Collider was not a player!
[11:42:43.6626753] [Warning:   Coroner] Could not access dying player: Index not assigned!
[11:42:43.6626753] [Debug  :   Coroner] Handling Out of Bounds death...
[11:42:43.6626753] [Warning:   Coroner] Could not access dying player: Collider was not a player!
[11:42:43.6626753] [Warning:   Coroner] Could not access dying player: Index not assigned!
[11:42:43.6626753] [Debug  :   Coroner] Handling Out of Bounds death...
[11:42:43.6626753] [Warning:   Coroner] Could not access dying player: Collider was not a player!
[11:42:43.6626753] [Warning:   Coroner] Could not access dying player: Index not assigned!
[11:42:43.6626753] [Debug  :   Coroner] Handling Out of Bounds death...
[11:42:43.6626753] [Warning:   Coroner] Could not access dying player: Collider was not a player!
[11:42:43.6626753] [Warning:   Coroner] Could not access dying player: Index not assigned!
[11:42:43.6626753] [Debug  :   Coroner] Handling Out of Bounds death...
[11:42:43.6626753] [Warning:   Coroner] Could not access dying player: Collider was not a player!
[11:42:43.6626753] [Warning:   Coroner] Could not access dying player: Index not assigned!
[11:42:43.6626753] [Debug  :   Coroner] Handling Out of Bounds death...
[11:42:43.6626753] [Warning:   Coroner] Could not access dying player: Collider was not a player!
[11:42:43.6626753] [Warning:   Coroner] Could not access dying player: Index not assigned!
[11:42:43.6626753] [Debug  :   Coroner] Handling Out of Bounds death...
[11:42:43.6626753] [Warning:   Coroner] Could not access dying player: Collider was not a player!
[11:42:43.6626753] [Warning:   Coroner] Could not access dying player: Index not assigned!
[11:42:43.6626753] [Debug  :   Coroner] Handling Out of Bounds death...
[11:42:43.6626753] [Warning:   Coroner] Could not access dying player: Collider was not a player!
[11:42:43.6626753] [Warning:   Coroner] Could not access dying player: Index not assigned!
[11:42:43.6626753] [Debug  :   Coroner] Handling Out of Bounds death...
[11:42:43.6626753] [Warning:   Coroner] Could not access dying player: Collider was not a player!
[11:42:43.6626753] [Warning:   Coroner] Could not access dying player: Index not assigned!
[11:42:43.6626753] [Debug  :   Coroner] Handling Out of Bounds death...
[11:42:43.6626753] [Warning:   Coroner] Could not access dying player: Collider was not a player!
[11:42:43.6626753] [Warning:   Coroner] Could not access dying player: Index not assigned!
[11:42:43.6626753] [Debug  :   Coroner] Handling Out of Bounds death...
[11:42:43.6626753] [Warning:   Coroner] Could not access dying player: Collider was not a player!
[11:42:43.6626753] [Warning:   Coroner] Could not access dying player: Index not assigned!
[11:42:43.6626753] [Debug  :   Coroner] Handling Out of Bounds death...
[11:42:43.6626753] [Warning:   Coroner] Could not access dying player: Collider was not a player!
[11:42:43.6626753] [Warning:   Coroner] Could not access dying player: Index not assigned!
[11:42:43.6626753] [Debug  :   Coroner] Handling Out of Bounds death...
[11:42:43.6626753] [Warning:   Coroner] Could not access dying player: Collider was not a player!
[11:42:43.6626753] [Warning:   Coroner] Could not access dying player: Index not assigned!
[11:42:43.6626753] [Debug  :   Coroner] Handling Out of Bounds death...
[11:42:43.6626753] [Warning:   Coroner] Could not access dying player: Collider was not a player!
[11:42:43.6626753] [Warning:   Coroner] Could not access dying player: Index not assigned!
[11:42:43.6626753] [Debug  :   Coroner] Handling Out of Bounds death...
[11:42:43.6626753] [Warning:   Coroner] Could not access dying player: Collider was not a player!
[11:42:43.6626753] [Warning:   Coroner] Could not access dying player: Index not assigned!
[11:42:43.6626753] [Debug  :   Coroner] Handling Out of Bounds death...
[11:42:43.6626753] [Warning:   Coroner] Could not access dying player: Collider was not a player!
[11:42:43.6626753] [Warning:   Coroner] Could not access dying player: Index not assigned!
[11:42:43.6626753] [Debug  :   Coroner] Handling Out of Bounds death...
[11:42:43.6626753] [Warning:   Coroner] Could not access dying player: Collider was not a player!
[11:42:43.6626753] [Warning:   Coroner] Could not access dying player: Index not assigned!
[11:42:43.6626753] [Debug  :   Coroner] Handling Out of Bounds death...
[11:42:43.6626753] [Warning:   Coroner] Could not access dying player: Collider was not a player!
[11:42:43.6626753] [Warning:   Coroner] Could not access dying player: Index not assigned!
[11:42:43.6626753] [Debug  :   Coroner] Handling Out of Bounds death...
[11:42:43.6626753] [Warning:   Coroner] Could not access dying player: Collider was not a player!
[11:42:43.6626753] [Warning:   Coroner] Could not access dying player: Index not assigned!
[11:42:43.6626753] [Debug  :   Coroner] Handling Out of Bounds death...
[11:42:43.6626753] [Warning:   Coroner] Could not access dying player: Collider was not a player!
[11:42:43.6626753] [Warning:   Coroner] Could not access dying player: Index not assigned!
[11:42:43.6626753] [Debug  :   Coroner] Handling Out of Bounds death...
[11:42:43.6626753] [Warning:   Coroner] Could not access dying player: Collider was not a player!
[11:42:43.6626753] [Warning:   Coroner] Could not access dying player: Index not assigned!
[11:42:43.6626753] [Debug  :   Coroner] Handling Out of Bounds death...
[11:42:43.6626753] [Warning:   Coroner] Could not access dying player: Collider was not a player!
[11:42:43.6626753] [Warning:   Coroner] Could not access dying player: Index not assigned!
[11:42:43.6626753] [Debug  :   Coroner] Handling Out of Bounds death...
[11:42:43.6626753] [Warning:   Coroner] Could not access dying player: Collider was not a player!
[11:42:43.6626753] [Warning:   Coroner] Could not access dying player: Index not assigned!
[11:42:43.6626753] [Debug  :   Coroner] Handling Out of Bounds death...
[11:42:43.6626753] [Warning:   Coroner] Could not access dying player: Collider was not a player!
[11:42:43.6626753] [Warning:   Coroner] Could not access dying player: Index not assigned!
[11:42:43.6626753] [Debug  :   Coroner] Handling Out of Bounds death...
[11:42:43.6626753] [Warning:   Coroner] Could not access dying player: Collider was not a player!
[11:42:43.6626753] [Warning:   Coroner] Could not access dying player: Index not assigned!
[11:42:43.6626753] [Debug  :   Coroner] Handling Out of Bounds death...
[11:42:43.6626753] [Warning:   Coroner] Could not access dying player: Collider was not a player!
[11:42:43.6626753] [Warning:   Coroner] Could not access dying player: Index not assigned!
[11:42:43.6626753] [Debug  :   Coroner] Handling Out of Bounds death...
[11:42:43.6753069] [Warning:   Coroner] Could not access dying player: Collider was not a player!
[11:42:43.6753069] [Warning:   Coroner] Could not access dying player: Index not assigned!
[11:42:43.6753069] [Debug  :   Coroner] Handling Out of Bounds death...
[11:42:43.6753069] [Warning:   Coroner] Could not access dying player: Collider was not a player!
[11:42:43.6753069] [Warning:   Coroner] Could not access dying player: Index not assigned!
[11:42:43.6753069] [Debug  :   Coroner] Handling Out of Bounds death...
[11:42:43.6753069] [Warning:   Coroner] Could not access dying player: Collider was not a player!
[11:42:43.6753069] [Warning:   Coroner] Could not access dying player: Index not assigned!
[11:42:43.6753069] [Debug  :   Coroner] Handling Out of Bounds death...
[11:42:43.6753069] [Warning:   Coroner] Could not access dying player: Collider was not a player!
[11:42:43.6753069] [Warning:   Coroner] Could not access dying player: Index not assigned!
[11:42:43.6753069] [Debug  :   Coroner] Handling Out of Bounds death...
[11:42:43.6753069] [Warning:   Coroner] Could not access dying player: Collider was not a player!
[11:42:43.6753069] [Warning:   Coroner] Could not access dying player: Index not assigned!
[11:42:43.6753069] [Debug  :   Coroner] Handling Out of Bounds death...
[11:42:43.6753069] [Warning:   Coroner] Could not access dying player: Collider was not a player!
[11:42:43.6753069] [Warning:   Coroner] Could not access dying player: Index not assigned!
[11:42:43.6753069] [Debug  :   Coroner] Handling Out of Bounds death...
[11:42:43.6753069] [Warning:   Coroner] Could not access dying player: Collider was not a player!
[11:42:43.6753069] [Warning:   Coroner] Could not access dying player: Index not assigned!
[11:42:43.6753069] [Debug  :   Coroner] Handling Out of Bounds death...
[11:42:43.6753069] [Warning:   Coroner] Could not access dying player: Collider was not a player!
[11:42:43.6753069] [Warning:   Coroner] Could not access dying player: Index not assigned!
[11:42:43.6753069] [Debug  :   Coroner] Handling Out of Bounds death...
[11:42:43.6753069] [Warning:   Coroner] Could not access dying player: Collider was not a player!
[11:42:43.6753069] [Warning:   Coroner] Could not access dying player: Index not assigned!
[11:42:43.6753069] [Debug  :   Coroner] Handling Out of Bounds death...
[11:42:43.6753069] [Warning:   Coroner] Could not access dying player: Collider was not a player!
[11:42:43.6753069] [Warning:   Coroner] Could not access dying player: Index not assigned!
[11:42:43.6753069] [Debug  :   Coroner] Handling Out of Bounds death...
[11:42:43.6753069] [Warning:   Coroner] Could not access dying player: Collider was not a player!
[11:42:43.6753069] [Warning:   Coroner] Could not access dying player: Index not assigned!
[11:42:43.6753069] [Debug  :   Coroner] Handling Out of Bounds death...
[11:42:43.6753069] [Warning:   Coroner] Could not access dying player: Collider was not a player!
[11:42:43.6753069] [Warning:   Coroner] Could not access dying player: Index not assigned!
[11:42:43.6753069] [Debug  :   Coroner] Handling Out of Bounds death...
[11:42:43.6753069] [Warning:   Coroner] Could not access dying player: Collider was not a player!
[11:42:43.6753069] [Warning:   Coroner] Could not access dying player: Index not assigned!
[11:42:43.6753069] [Debug  :   Coroner] Handling Out of Bounds death...
[11:42:43.6753069] [Warning:   Coroner] Could not access dying player: Collider was not a player!
[11:42:43.6753069] [Warning:   Coroner] Could not access dying player: Index not assigned!
[11:42:43.6753069] [Debug  :   Coroner] Handling Out of Bounds death...
[11:42:43.6753069] [Warning:   Coroner] Could not access dying player: Collider was not a player!
[11:42:43.6753069] [Warning:   Coroner] Could not access dying player: Index not assigned!
[11:42:43.6753069] [Debug  :   Coroner] Handling Out of Bounds death...
[11:42:43.6753069] [Warning:   Coroner] Could not access dying player: Collider was not a player!
[11:42:43.6753069] [Warning:   Coroner] Could not access dying player: Index not assigned!
[11:42:43.6753069] [Debug  :   Coroner] Handling Out of Bounds death...
[11:42:43.6753069] [Warning:   Coroner] Could not access dying player: Collider was not a player!
[11:42:43.6753069] [Warning:   Coroner] Could not access dying player: Index not assigned!
[11:42:43.6753069] [Debug  :   Coroner] Handling Out of Bounds death...
[11:42:43.6753069] [Warning:   Coroner] Could not access dying player: Collider was not a player!
[11:42:43.6753069] [Warning:   Coroner] Could not access dying player: Index not assigned!
[11:42:43.6753069] [Debug  :   Coroner] Handling Out of Bounds death...
[11:42:43.6753069] [Warning:   Coroner] Could not access dying player: Collider was not a player!
[11:42:43.6753069] [Warning:   Coroner] Could not access dying player: Index not assigned!
[11:42:43.6753069] [Debug  :   Coroner] Handling Out of Bounds death...
[11:42:43.6753069] [Warning:   Coroner] Could not access dying player: Collider was not a player!
[11:42:43.6753069] [Warning:   Coroner] Could not access dying player: Index not assigned!
[11:42:43.6753069] [Debug  :   Coroner] Handling Out of Bounds death...
[11:42:43.6753069] [Warning:   Coroner] Could not access dying player: Collider was not a player!
[11:42:43.6753069] [Warning:   Coroner] Could not access dying player: Index not assigned!
[11:42:43.6753069] [Debug  :   Coroner] Handling Out of Bounds death...
[11:42:43.6753069] [Warning:   Coroner] Could not access dying player: Collider was not a player!
[11:42:43.6753069] [Warning:   Coroner] Could not access dying player: Index not assigned!
[11:42:43.6753069] [Debug  :   Coroner] Handling Out of Bounds death...
[11:42:43.6753069] [Warning:   Coroner] Could not access dying player: Collider was not a player!
[11:42:43.6753069] [Warning:   Coroner] Could not access dying player: Index not assigned!
[11:42:43.6753069] [Debug  :   Coroner] Handling Out of Bounds death...
[11:42:43.6753069] [Warning:   Coroner] Could not access dying player: Collider was not a player!
[11:42:43.6753069] [Warning:   Coroner] Could not access dying player: Index not assigned!
[11:42:43.6753069] [Debug  :   Coroner] Handling Out of Bounds death...
[11:42:43.6753069] [Warning:   Coroner] Could not access dying player: Collider was not a player!
[11:42:43.6753069] [Warning:   Coroner] Could not access dying player: Index not assigned!
[11:42:43.6753069] [Debug  :   Coroner] Handling Out of Bounds death...
[11:42:43.6753069] [Warning:   Coroner] Could not access dying player: Collider was not a player!
[11:42:43.6753069] [Warning:   Coroner] Could not access dying player: Index not assigned!
[11:42:43.6753069] [Debug  :   Coroner] Handling Out of Bounds death...
[11:42:43.6753069] [Warning:   Coroner] Could not access dying player: Collider was not a player!
[11:42:43.6753069] [Warning:   Coroner] Could not access dying player: Index not assigned!
[11:42:43.6753069] [Debug  :   Coroner] Handling Out of Bounds death...
[11:42:43.6753069] [Warning:   Coroner] Could not access dying player: Collider was not a player!
[11:42:43.6753069] [Warning:   Coroner] Could not access dying player: Index not assigned!
[11:42:43.6753069] [Debug  :   Coroner] Handling Out of Bounds death...
[11:42:43.7014005] [Warning:   Coroner] Could not access dying player: Collider was not a player!
[11:42:43.7014005] [Warning:   Coroner] Could not access dying player: Index not assigned!
[11:42:43.7014005] [Debug  :   Coroner] Handling Out of Bounds death...
[11:42:43.8097146] [Debug  :GeneralImprovements] Updated time display.
[11:42:43.8228586] [Debug  :Spawn Cycle Fixes] First spawn cycle occurring - force timer for next spawn cycle
[11:42:43.8313648] [Debug  :Spawn Cycle Fixes] Early daytime spawn cycle (for bees/sapsucker)
[11:42:43.8313648] [Debug  :Spawn Cycle Fixes] Early outside spawn cycle (for eclipses)
[11:42:43.8313648] [Debug  :Spawn Cycle Fixes] Early outside spawn cycle (for weeds)
[11:42:43.8588964] [Info   : Unity Log] enemy rush index is -1; current index 0
[11:42:43.8588964] [Info   : Unity Log] Hours: 900 ; Time: 0.8333333 | Enemy #0 'Centipede' : probability: 39
[11:42:43.8588964] [Info   : Unity Log] enemy rush index is -1; current index 1
[11:42:43.8588964] [Info   : Unity Log] Hours: 900 ; Time: 0.8333333 | Enemy #1 'Bunker Spider' : probability: 61
[11:42:43.8588964] [Info   : Unity Log] enemy rush index is -1; current index 2
[11:42:43.8588964] [Info   : Unity Log] Hours: 900 ; Time: 0.8333333 | Enemy #2 'Hoarding bug' : probability: 22
[11:42:43.8588964] [Info   : Unity Log] enemy rush index is -1; current index 3
[11:42:43.8588964] [Info   : Unity Log] Hours: 900 ; Time: 0.8333333 | Enemy #3 'Flowerman' : probability: 4
[11:42:43.8588964] [Info   : Unity Log] enemy rush index is -1; current index 4
[11:42:43.8588964] [Info   : Unity Log] Hours: 900 ; Time: 0.8333333 | Enemy #4 'Crawler' : probability: 39
[11:42:43.8588964] [Info   : Unity Log] enemy rush index is -1; current index 5
[11:42:43.8588964] [Info   : Unity Log] Hours: 900 ; Time: 0.8333333 | Enemy #5 'Blob' : probability: 31
[11:42:43.8588964] [Info   : Unity Log] enemy rush index is -1; current index 6
[11:42:43.8588964] [Info   : Unity Log] Hours: 900 ; Time: 0.8333333 | Enemy #6 'Spring' : probability: 33
[11:42:43.8588964] [Info   : Unity Log] enemy rush index is -1; current index 7
[11:42:43.8588964] [Info   : Unity Log] Hours: 900 ; Time: 0.8333333 | Enemy #7 'Puffer' : probability: 9
[11:42:43.8588964] [Info   : Unity Log] enemy rush index is -1; current index 8
[11:42:43.8588964] [Info   : Unity Log] Hours: 900 ; Time: 0.8333333 | Enemy #8 'Nutcracker' : probability: 8
[11:42:43.8588964] [Info   : Unity Log] enemy rush index is -1; current index 9
[11:42:43.8588964] [Info   : Unity Log] Hours: 900 ; Time: 0.8333333 | Enemy #9 'Maneater' : probability: 3
[11:42:43.8588964] [Info   : Unity Log] enemy rush index is -1; current index 10
[11:42:43.8588964] [Info   : Unity Log] Hours: 900 ; Time: 0.8333333 | Enemy #10 'Stingray' : probability: 13
[11:42:43.8588964] [Info   : Unity Log] enemy rush index is -1; current index 11
[11:42:43.8588964] [Info   : Unity Log] Hours: 900 ; Time: 0.8333333 | Enemy #11 'Masked' : probability: 34
[11:42:43.8588964] [Info   : Unity Log] enemy rush index is -1; current index 12
[11:42:43.8588964] [Info   : Unity Log] Hours: 900 ; Time: 0.8333333 | Enemy #12 'Jester' : probability: 3
[11:42:43.8588964] [Info   : Unity Log] enemy rush index is -1; current index 13
[11:42:43.8588964] [Info   : Unity Log] Hours: 900 ; Time: 0.8333333 | Enemy #13 'Butler' : probability: 16
[11:42:43.8588964] [Info   : Unity Log] enemy rush index is -1; current index 14
[11:42:43.8588964] [Info   : Unity Log] Hours: 900 ; Time: 0.8333333 | Enemy #14 'Clay Surgeon' : probability: 0
[11:42:43.8588964] [Info   : Unity Log] enemy rush index is -1; current index 15
[11:42:43.8588964] [Info   : Unity Log] Hours: 900 ; Time: 0.8333333 | Enemy #15 'Girl' : probability: 1
[11:42:43.8588964] [Info   : Unity Log] enemy rush index is -1; current index 16
[11:42:43.8588964] [Info   : Unity Log] Hours: 900 ; Time: 0.8333333 | Enemy #16 'Football' : probability: 0
[11:42:43.8588964] [Info   : Unity Log] enemy rush index is -1; current index 17
[11:42:43.8588964] [Info   : Unity Log] Hours: 900 ; Time: 0.8333333 | Enemy #17 'Herobrine' : probability: 3
[11:42:43.8588964] [Info   : Unity Log] enemy rush index is -1; current index 18
[11:42:43.8588964] [Info   : Unity Log] Hours: 900 ; Time: 0.8333333 | Enemy #18 'Locker' : probability: 1
[11:42:43.8588964] [Info   : Unity Log] enemy rush index is -1; current index 19
[11:42:43.8588964] [Info   : Unity Log] Hours: 900 ; Time: 0.8333333 | Enemy #19 'ImmortalSnail' : probability: 6
[11:42:43.8588964] [Info   : Unity Log] enemy rush index is -1; current index 20
[11:42:43.8588964] [Info   : Unity Log] Hours: 900 ; Time: 0.8333333 | Enemy #20 'HarpGhost' : probability: 0
[11:42:43.8588964] [Info   : Unity Log] enemy rush index is -1; current index 21
[11:42:43.8588964] [Info   : Unity Log] Hours: 900 ; Time: 0.8333333 | Enemy #21 'BagpipeGhost' : probability: 0
[11:42:43.8588964] [Info   : Unity Log] enemy rush index is -1; current index 22
[11:42:43.8588964] [Info   : Unity Log] Hours: 900 ; Time: 0.8333333 | Enemy #22 'EnforcerGhost' : probability: 0
[11:42:43.8588964] [Info   : Unity Log] enemy rush index is -1; current index 23
[11:42:43.8588964] [Info   : Unity Log] Hours: 900 ; Time: 0.8333333 | Enemy #23 'Shy guy' : probability: 3
[11:42:43.8588964] [Info   : Unity Log] enemy rush index is -1; current index 24
[11:42:43.8588964] [Info   : Unity Log] Hours: 900 ; Time: 0.8333333 | Enemy #24 'Men-stalker' : probability: 53
[11:42:43.8588964] [Info   : Unity Log] enemy rush index is -1; current index 25
[11:42:43.8588964] [Info   : Unity Log] Hours: 900 ; Time: 0.8333333 | Enemy #25 'SlendermanEnemy' : probability: 0
[11:42:43.8588964] [Info   : Unity Log] enemy rush index is -1; current index 26
[11:42:43.8588964] [Info   : Unity Log] Hours: 900 ; Time: 0.8333333 | Enemy #26 'Cabinet' : probability: 0
[11:42:43.8588964] [Info   : Unity Log] enemy rush index is -1; current index 27
[11:42:43.8588964] [Info   : Unity Log] Hours: 900 ; Time: 0.8333333 | Enemy #27 'Aloe' : probability: 52
[11:42:43.8588964] [Info   : Unity Log] enemy rush index is -1; current index 28
[11:42:43.8588964] [Info   : Unity Log] Hours: 900 ; Time: 0.8333333 | Enemy #28 'RollingGiant' : probability: 20
[11:42:43.8588964] [Info   : Unity Log] enemy rush index is -1; current index 29
[11:42:43.8588964] [Info   : Unity Log] Hours: 900 ; Time: 0.8333333 | Enemy #29 'Leaf boy' : probability: 0
[11:42:43.8588964] [Info   : Unity Log] enemy rush index is -1; current index 30
[11:42:43.8588964] [Info   : Unity Log] Hours: 900 ; Time: 0.8333333 | Enemy #30 'MouthDog' : probability: 0
[11:42:43.8588964] [Info   : Unity Log] enemy rush index is -1; current index 31
[11:42:43.8588964] [Info   : Unity Log] Hours: 900 ; Time: 0.8333333 | Enemy #31 'Boomba' : probability: 0
[11:42:43.8588964] [Info   : Unity Log] enemy rush index is -1; current index 32
[11:42:43.8588964] [Info   : Unity Log] Hours: 900 ; Time: 0.8333333 | Enemy #32 'Rabbit Magician' : probability: 0
[11:42:43.8588964] [Info   : Unity Log] enemy rush index is -1; current index 33
[11:42:43.8588964] [Info   : Unity Log] Hours: 900 ; Time: 0.8333333 | Enemy #33 'Peace Keeper' : probability: 3
[11:42:43.8588964] [Info   : Unity Log] enemy rush index is -1; current index 34
[11:42:43.8588964] [Info   : Unity Log] Hours: 900 ; Time: 0.8333333 | Enemy #34 'Lord Of The Manor' : probability: 0
[11:42:43.8588964] [Info   : Unity Log] enemy rush index is -1; current index 35
[11:42:43.8588964] [Info   : Unity Log] Hours: 900 ; Time: 0.8333333 | Enemy #35 'Janitor' : probability: 1
[11:42:43.8588964] [Info   : Unity Log] enemy rush index is -1; current index 36
[11:42:43.8588964] [Info   : Unity Log] Hours: 900 ; Time: 0.8333333 | Enemy #36 'Nancy' : probability: 0
[11:42:43.8588964] [Info   : Unity Log] enemy rush index is -1; current index 37
[11:42:43.8588964] [Info   : Unity Log] Hours: 900 ; Time: 0.8333333 | Enemy #37 'Mistress' : probability: 0
[11:42:43.8588964] [Info   : Unity Log] enemy rush index is -1; current index 38
[11:42:43.8588964] [Info   : Unity Log] Hours: 900 ; Time: 0.8333333 | Enemy #38 'Duck' : probability: 0
[11:42:43.8588964] [Info   : Unity Log] enemy rush index is -1; current index 39
[11:42:43.8588964] [Info   : Unity Log] Hours: 900 ; Time: 0.8333333 | Enemy #39 'Transporter' : probability: 0
[11:42:43.8588964] [Info   : Unity Log] enemy rush index is -1; current index 40
[11:42:43.8588964] [Info   : Unity Log] Hours: 900 ; Time: 0.8333333 | Enemy #40 'Leaf boy' : probability: 0
[11:42:43.8588964] [Info   : Unity Log] enemy rush index is -1; current index 41
[11:42:43.8588964] [Info   : Unity Log] Hours: 900 ; Time: 0.8333333 | Enemy #41 'MouthDog' : probability: 0
[11:42:43.8588964] [Info   : Unity Log] ADDING ENEMY #24: Men-stalker
[11:42:43.8588964] [Info   : Unity Log] Adding 3 to power level, enemy: Men-stalker
[11:42:43.8603982] [Info   : Unity Log] Adding 0 to diversity level for enemy 'Men-stalker'
[11:42:43.8603982] [Info   : Unity Log] enemy rush index is -1; current index 0
[11:42:43.8603982] [Info   : Unity Log] Hours: 900 ; Time: 0.8333333 | Enemy #0 'Centipede' : probability: 39
[11:42:43.8603982] [Info   : Unity Log] enemy rush index is -1; current index 1
[11:42:43.8603982] [Info   : Unity Log] Hours: 900 ; Time: 0.8333333 | Enemy #1 'Bunker Spider' : probability: 61
[11:42:43.8603982] [Info   : Unity Log] enemy rush index is -1; current index 2
[11:42:43.8603982] [Info   : Unity Log] Hours: 900 ; Time: 0.8333333 | Enemy #2 'Hoarding bug' : probability: 22
[11:42:43.8603982] [Info   : Unity Log] enemy rush index is -1; current index 3
[11:42:43.8603982] [Info   : Unity Log] Hours: 900 ; Time: 0.8333333 | Enemy #3 'Flowerman' : probability: 4
[11:42:43.8603982] [Info   : Unity Log] enemy rush index is -1; current index 4
[11:42:43.8603982] [Info   : Unity Log] Hours: 900 ; Time: 0.8333333 | Enemy #4 'Crawler' : probability: 39
[11:42:43.8603982] [Info   : Unity Log] enemy rush index is -1; current index 5
[11:42:43.8603982] [Info   : Unity Log] Hours: 900 ; Time: 0.8333333 | Enemy #5 'Blob' : probability: 31
[11:42:43.8603982] [Info   : Unity Log] enemy rush index is -1; current index 6
[11:42:43.8603982] [Info   : Unity Log] Hours: 900 ; Time: 0.8333333 | Enemy #6 'Spring' : probability: 33
[11:42:43.8603982] [Info   : Unity Log] enemy rush index is -1; current index 7
[11:42:43.8603982] [Info   : Unity Log] Hours: 900 ; Time: 0.8333333 | Enemy #7 'Puffer' : probability: 9
[11:42:43.8614064] [Info   : Unity Log] enemy rush index is -1; current index 8
[11:42:43.8614064] [Info   : Unity Log] Hours: 900 ; Time: 0.8333333 | Enemy #8 'Nutcracker' : probability: 8
[11:42:43.8614064] [Info   : Unity Log] enemy rush index is -1; current index 9
[11:42:43.8614064] [Info   : Unity Log] Hours: 900 ; Time: 0.8333333 | Enemy #9 'Maneater' : probability: 3
[11:42:43.8614064] [Info   : Unity Log] enemy rush index is -1; current index 10
[11:42:43.8614064] [Info   : Unity Log] Hours: 900 ; Time: 0.8333333 | Enemy #10 'Stingray' : probability: 13
[11:42:43.8614064] [Info   : Unity Log] enemy rush index is -1; current index 11
[11:42:43.8614064] [Info   : Unity Log] Hours: 900 ; Time: 0.8333333 | Enemy #11 'Masked' : probability: 34
[11:42:43.8614064] [Info   : Unity Log] enemy rush index is -1; current index 12
[11:42:43.8614064] [Info   : Unity Log] Hours: 900 ; Time: 0.8333333 | Enemy #12 'Jester' : probability: 3
[11:42:43.8614064] [Info   : Unity Log] enemy rush index is -1; current index 13
[11:42:43.8614064] [Info   : Unity Log] Hours: 900 ; Time: 0.8333333 | Enemy #13 'Butler' : probability: 16
[11:42:43.8614064] [Info   : Unity Log] enemy rush index is -1; current index 14
[11:42:43.8614064] [Info   : Unity Log] Hours: 900 ; Time: 0.8333333 | Enemy #14 'Clay Surgeon' : probability: 0
[11:42:43.8614064] [Info   : Unity Log] enemy rush index is -1; current index 15
[11:42:43.8614064] [Info   : Unity Log] Hours: 900 ; Time: 0.8333333 | Enemy #15 'Girl' : probability: 1
[11:42:43.8614064] [Info   : Unity Log] enemy rush index is -1; current index 16
[11:42:43.8614064] [Info   : Unity Log] Hours: 900 ; Time: 0.8333333 | Enemy #16 'Football' : probability: 0
[11:42:43.8614064] [Info   : Unity Log] enemy rush index is -1; current index 17
[11:42:43.8614064] [Info   : Unity Log] Hours: 900 ; Time: 0.8333333 | Enemy #17 'Herobrine' : probability: 3
[11:42:43.8614064] [Info   : Unity Log] enemy rush index is -1; current index 18
[11:42:43.8614064] [Info   : Unity Log] Hours: 900 ; Time: 0.8333333 | Enemy #18 'Locker' : probability: 1
[11:42:43.8614064] [Info   : Unity Log] enemy rush index is -1; current index 19
[11:42:43.8614064] [Info   : Unity Log] Hours: 900 ; Time: 0.8333333 | Enemy #19 'ImmortalSnail' : probability: 6
[11:42:43.8614064] [Info   : Unity Log] enemy rush index is -1; current index 20
[11:42:43.8614064] [Info   : Unity Log] Hours: 900 ; Time: 0.8333333 | Enemy #20 'HarpGhost' : probability: 0
[11:42:43.8614064] [Info   : Unity Log] enemy rush index is -1; current index 21
[11:42:43.8614064] [Info   : Unity Log] Hours: 900 ; Time: 0.8333333 | Enemy #21 'BagpipeGhost' : probability: 0
[11:42:43.8614064] [Info   : Unity Log] enemy rush index is -1; current index 22
[11:42:43.8614064] [Info   : Unity Log] Hours: 900 ; Time: 0.8333333 | Enemy #22 'EnforcerGhost' : probability: 0
[11:42:43.8614064] [Info   : Unity Log] enemy rush index is -1; current index 23
[11:42:43.8614064] [Info   : Unity Log] Hours: 900 ; Time: 0.8333333 | Enemy #23 'Shy guy' : probability: 3
[11:42:43.8614064] [Info   : Unity Log] enemy rush index is -1; current index 25
[11:42:43.8614064] [Info   : Unity Log] Hours: 900 ; Time: 0.8333333 | Enemy #25 'SlendermanEnemy' : probability: 0
[11:42:43.8614064] [Info   : Unity Log] enemy rush index is -1; current index 26
[11:42:43.8614064] [Info   : Unity Log] Hours: 900 ; Time: 0.8333333 | Enemy #26 'Cabinet' : probability: 0
[11:42:43.8614064] [Info   : Unity Log] enemy rush index is -1; current index 27
[11:42:43.8614064] [Info   : Unity Log] Hours: 900 ; Time: 0.8333333 | Enemy #27 'Aloe' : probability: 52
[11:42:43.8614064] [Info   : Unity Log] enemy rush index is -1; current index 28
[11:42:43.8614064] [Info   : Unity Log] Hours: 900 ; Time: 0.8333333 | Enemy #28 'RollingGiant' : probability: 20
[11:42:43.8614064] [Info   : Unity Log] enemy rush index is -1; current index 29
[11:42:43.8614064] [Info   : Unity Log] Hours: 900 ; Time: 0.8333333 | Enemy #29 'Leaf boy' : probability: 0
[11:42:43.8614064] [Info   : Unity Log] enemy rush index is -1; current index 30
[11:42:43.8614064] [Info   : Unity Log] Hours: 900 ; Time: 0.8333333 | Enemy #30 'MouthDog' : probability: 0
[11:42:43.8614064] [Info   : Unity Log] enemy rush index is -1; current index 31
[11:42:43.8614064] [Info   : Unity Log] Hours: 900 ; Time: 0.8333333 | Enemy #31 'Boomba' : probability: 0
[11:42:43.8614064] [Info   : Unity Log] enemy rush index is -1; current index 32
[11:42:43.8614064] [Info   : Unity Log] Hours: 900 ; Time: 0.8333333 | Enemy #32 'Rabbit Magician' : probability: 0
[11:42:43.8614064] [Info   : Unity Log] enemy rush index is -1; current index 33
[11:42:43.8614064] [Info   : Unity Log] Hours: 900 ; Time: 0.8333333 | Enemy #33 'Peace Keeper' : probability: 3
[11:42:43.8614064] [Info   : Unity Log] enemy rush index is -1; current index 34
[11:42:43.8614064] [Info   : Unity Log] Hours: 900 ; Time: 0.8333333 | Enemy #34 'Lord Of The Manor' : probability: 0
[11:42:43.8614064] [Info   : Unity Log] enemy rush index is -1; current index 35
[11:42:43.8614064] [Info   : Unity Log] Hours: 900 ; Time: 0.8333333 | Enemy #35 'Janitor' : probability: 1
[11:42:43.8614064] [Info   : Unity Log] enemy rush index is -1; current index 36
[11:42:43.8614064] [Info   : Unity Log] Hours: 900 ; Time: 0.8333333 | Enemy #36 'Nancy' : probability: 0
[11:42:43.8614064] [Info   : Unity Log] enemy rush index is -1; current index 37
[11:42:43.8614064] [Info   : Unity Log] Hours: 900 ; Time: 0.8333333 | Enemy #37 'Mistress' : probability: 0
[11:42:43.8614064] [Info   : Unity Log] enemy rush index is -1; current index 38
[11:42:43.8614064] [Info   : Unity Log] Hours: 900 ; Time: 0.8333333 | Enemy #38 'Duck' : probability: 0
[11:42:43.8614064] [Info   : Unity Log] enemy rush index is -1; current index 39
[11:42:43.8614064] [Info   : Unity Log] Hours: 900 ; Time: 0.8333333 | Enemy #39 'Transporter' : probability: 0
[11:42:43.8614064] [Info   : Unity Log] enemy rush index is -1; current index 40
[11:42:43.8614064] [Info   : Unity Log] Hours: 900 ; Time: 0.8333333 | Enemy #40 'Leaf boy' : probability: 0
[11:42:43.8614064] [Info   : Unity Log] enemy rush index is -1; current index 41
[11:42:43.8614064] [Info   : Unity Log] Hours: 900 ; Time: 0.8333333 | Enemy #41 'MouthDog' : probability: 0
[11:42:43.8614064] [Info   : Unity Log] ADDING ENEMY #6: Spring
[11:42:43.8614064] [Info   : Unity Log] Adding 2 to power level, enemy: Spring
[11:42:43.8614064] [Info   : Unity Log] Adding 2 to diversity level for enemy 'Spring'
[11:42:43.8614064] [Info   : Unity Log] enemy rush index is -1; current index 0
[11:42:43.8614064] [Info   : Unity Log] Hours: 900 ; Time: 0.8333333 | Enemy #0 'Centipede' : probability: 39
[11:42:43.8614064] [Info   : Unity Log] enemy rush index is -1; current index 1
[11:42:43.8614064] [Info   : Unity Log] Hours: 900 ; Time: 0.8333333 | Enemy #1 'Bunker Spider' : probability: 61
[11:42:43.8614064] [Info   : Unity Log] enemy rush index is -1; current index 2
[11:42:43.8614064] [Info   : Unity Log] Hours: 900 ; Time: 0.8333333 | Enemy #2 'Hoarding bug' : probability: 22
[11:42:43.8614064] [Info   : Unity Log] enemy rush index is -1; current index 3
[11:42:43.8614064] [Info   : Unity Log] Hours: 900 ; Time: 0.8333333 | Enemy #3 'Flowerman' : probability: 4
[11:42:43.8614064] [Info   : Unity Log] enemy rush index is -1; current index 4
[11:42:43.8614064] [Info   : Unity Log] Hours: 900 ; Time: 0.8333333 | Enemy #4 'Crawler' : probability: 39
[11:42:43.8614064] [Info   : Unity Log] enemy rush index is -1; current index 5
[11:42:43.8614064] [Info   : Unity Log] Hours: 900 ; Time: 0.8333333 | Enemy #5 'Blob' : probability: 31
[11:42:43.8614064] [Info   : Unity Log] enemy rush index is -1; current index 6
[11:42:43.8614064] [Info   : Unity Log] Hours: 900 ; Time: 0.8333333 | Enemy #6 'Spring' : probability: 33
[11:42:43.8614064] [Info   : Unity Log] enemy rush index is -1; current index 7
[11:42:43.8614064] [Info   : Unity Log] Hours: 900 ; Time: 0.8333333 | Enemy #7 'Puffer' : probability: 9
[11:42:43.8614064] [Info   : Unity Log] enemy rush index is -1; current index 8
[11:42:43.8614064] [Info   : Unity Log] Hours: 900 ; Time: 0.8333333 | Enemy #8 'Nutcracker' : probability: 8
[11:42:43.8614064] [Info   : Unity Log] enemy rush index is -1; current index 9
[11:42:43.8614064] [Info   : Unity Log] Hours: 900 ; Time: 0.8333333 | Enemy #9 'Maneater' : probability: 3
[11:42:43.8614064] [Info   : Unity Log] enemy rush index is -1; current index 10
[11:42:43.8614064] [Info   : Unity Log] Hours: 900 ; Time: 0.8333333 | Enemy #10 'Stingray' : probability: 13
[11:42:43.8614064] [Info   : Unity Log] enemy rush index is -1; current index 11
[11:42:43.8614064] [Info   : Unity Log] Hours: 900 ; Time: 0.8333333 | Enemy #11 'Masked' : probability: 34
[11:42:43.8614064] [Info   : Unity Log] enemy rush index is -1; current index 12
[11:42:43.8614064] [Info   : Unity Log] Hours: 900 ; Time: 0.8333333 | Enemy #12 'Jester' : probability: 3
[11:42:43.8614064] [Info   : Unity Log] enemy rush index is -1; current index 13
[11:42:43.8614064] [Info   : Unity Log] Hours: 900 ; Time: 0.8333333 | Enemy #13 'Butler' : probability: 16
[11:42:43.8614064] [Info   : Unity Log] enemy rush index is -1; current index 14
[11:42:43.8614064] [Info   : Unity Log] Hours: 900 ; Time: 0.8333333 | Enemy #14 'Clay Surgeon' : probability: 0
[11:42:43.8614064] [Info   : Unity Log] enemy rush index is -1; current index 15
[11:42:43.8614064] [Info   : Unity Log] Hours: 900 ; Time: 0.8333333 | Enemy #15 'Girl' : probability: 1
[11:42:43.8614064] [Info   : Unity Log] enemy rush index is -1; current index 16
[11:42:43.8614064] [Info   : Unity Log] Hours: 900 ; Time: 0.8333333 | Enemy #16 'Football' : probability: 0
[11:42:43.8614064] [Info   : Unity Log] enemy rush index is -1; current index 17
[11:42:43.8614064] [Info   : Unity Log] Hours: 900 ; Time: 0.8333333 | Enemy #17 'Herobrine' : probability: 3
[11:42:43.8614064] [Info   : Unity Log] enemy rush index is -1; current index 18
[11:42:43.8614064] [Info   : Unity Log] Hours: 900 ; Time: 0.8333333 | Enemy #18 'Locker' : probability: 1
[11:42:43.8614064] [Info   : Unity Log] enemy rush index is -1; current index 19
[11:42:43.8614064] [Info   : Unity Log] Hours: 900 ; Time: 0.8333333 | Enemy #19 'ImmortalSnail' : probability: 6
[11:42:43.8614064] [Info   : Unity Log] enemy rush index is -1; current index 20
[11:42:43.8614064] [Info   : Unity Log] Hours: 900 ; Time: 0.8333333 | Enemy #20 'HarpGhost' : probability: 0
[11:42:43.8614064] [Info   : Unity Log] enemy rush index is -1; current index 21
[11:42:43.8614064] [Info   : Unity Log] Hours: 900 ; Time: 0.8333333 | Enemy #21 'BagpipeGhost' : probability: 0
[11:42:43.8614064] [Info   : Unity Log] enemy rush index is -1; current index 22
[11:42:43.8624043] [Info   : Unity Log] Hours: 900 ; Time: 0.8333333 | Enemy #22 'EnforcerGhost' : probability: 0
[11:42:43.8624043] [Info   : Unity Log] enemy rush index is -1; current index 23
[11:42:43.8624043] [Info   : Unity Log] Hours: 900 ; Time: 0.8333333 | Enemy #23 'Shy guy' : probability: 3
[11:42:43.8624043] [Info   : Unity Log] enemy rush index is -1; current index 25
[11:42:43.8624043] [Info   : Unity Log] Hours: 900 ; Time: 0.8333333 | Enemy #25 'SlendermanEnemy' : probability: 0
[11:42:43.8624043] [Info   : Unity Log] enemy rush index is -1; current index 26
[11:42:43.8624043] [Info   : Unity Log] Hours: 900 ; Time: 0.8333333 | Enemy #26 'Cabinet' : probability: 0
[11:42:43.8624043] [Info   : Unity Log] enemy rush index is -1; current index 27
[11:42:43.8624043] [Info   : Unity Log] Hours: 900 ; Time: 0.8333333 | Enemy #27 'Aloe' : probability: 52
[11:42:43.8624043] [Info   : Unity Log] enemy rush index is -1; current index 28
[11:42:43.8624043] [Info   : Unity Log] Hours: 900 ; Time: 0.8333333 | Enemy #28 'RollingGiant' : probability: 20
[11:42:43.8624043] [Info   : Unity Log] enemy rush index is -1; current index 29
[11:42:43.8624043] [Info   : Unity Log] Hours: 900 ; Time: 0.8333333 | Enemy #29 'Leaf boy' : probability: 0
[11:42:43.8624043] [Info   : Unity Log] enemy rush index is -1; current index 30
[11:42:43.8624043] [Info   : Unity Log] Hours: 900 ; Time: 0.8333333 | Enemy #30 'MouthDog' : probability: 0
[11:42:43.8624043] [Info   : Unity Log] enemy rush index is -1; current index 31
[11:42:43.8624043] [Info   : Unity Log] Hours: 900 ; Time: 0.8333333 | Enemy #31 'Boomba' : probability: 0
[11:42:43.8624043] [Info   : Unity Log] enemy rush index is -1; current index 32
[11:42:43.8624043] [Info   : Unity Log] Hours: 900 ; Time: 0.8333333 | Enemy #32 'Rabbit Magician' : probability: 0
[11:42:43.8624043] [Info   : Unity Log] enemy rush index is -1; current index 33
[11:42:43.8624043] [Info   : Unity Log] Hours: 900 ; Time: 0.8333333 | Enemy #33 'Peace Keeper' : probability: 3
[11:42:43.8624043] [Info   : Unity Log] enemy rush index is -1; current index 34
[11:42:43.8624043] [Info   : Unity Log] Hours: 900 ; Time: 0.8333333 | Enemy #34 'Lord Of The Manor' : probability: 0
[11:42:43.8624043] [Info   : Unity Log] enemy rush index is -1; current index 35
[11:42:43.8624043] [Info   : Unity Log] Hours: 900 ; Time: 0.8333333 | Enemy #35 'Janitor' : probability: 1
[11:42:43.8624043] [Info   : Unity Log] enemy rush index is -1; current index 36
[11:42:43.8624043] [Info   : Unity Log] Hours: 900 ; Time: 0.8333333 | Enemy #36 'Nancy' : probability: 0
[11:42:43.8624043] [Info   : Unity Log] enemy rush index is -1; current index 37
[11:42:43.8624043] [Info   : Unity Log] Hours: 900 ; Time: 0.8333333 | Enemy #37 'Mistress' : probability: 0
[11:42:43.8624043] [Info   : Unity Log] enemy rush index is -1; current index 38
[11:42:43.8624043] [Info   : Unity Log] Hours: 900 ; Time: 0.8333333 | Enemy #38 'Duck' : probability: 0
[11:42:43.8624043] [Info   : Unity Log] enemy rush index is -1; current index 39
[11:42:43.8624043] [Info   : Unity Log] Hours: 900 ; Time: 0.8333333 | Enemy #39 'Transporter' : probability: 0
[11:42:43.8624043] [Info   : Unity Log] enemy rush index is -1; current index 40
[11:42:43.8624043] [Info   : Unity Log] Hours: 900 ; Time: 0.8333333 | Enemy #40 'Leaf boy' : probability: 0
[11:42:43.8624043] [Info   : Unity Log] enemy rush index is -1; current index 41
[11:42:43.8624043] [Info   : Unity Log] Hours: 900 ; Time: 0.8333333 | Enemy #41 'MouthDog' : probability: 0
[11:42:43.8624043] [Info   : Unity Log] ADDING ENEMY #10: Stingray
[11:42:43.8624043] [Info   : Unity Log] Adding 0.5 to power level, enemy: Stingray
[11:42:43.8624043] [Info   : Unity Log] Adding 1 to diversity level for enemy 'Stingray'
[11:42:43.8624043] [Info   : Unity Log] enemy rush index is -1; current index 0
[11:42:43.8624043] [Info   : Unity Log] Hours: 900 ; Time: 0.8333333 | Enemy #0 'Centipede' : probability: 39
[11:42:43.8624043] [Info   : Unity Log] enemy rush index is -1; current index 1
[11:42:43.8624043] [Info   : Unity Log] Hours: 900 ; Time: 0.8333333 | Enemy #1 'Bunker Spider' : probability: 61
[11:42:43.8624043] [Info   : Unity Log] enemy rush index is -1; current index 2
[11:42:43.8624043] [Info   : Unity Log] Hours: 900 ; Time: 0.8333333 | Enemy #2 'Hoarding bug' : probability: 22
[11:42:43.8624043] [Info   : Unity Log] enemy rush index is -1; current index 3
[11:42:43.8624043] [Info   : Unity Log] Hours: 900 ; Time: 0.8333333 | Enemy #3 'Flowerman' : probability: 4
[11:42:43.8624043] [Info   : Unity Log] enemy rush index is -1; current index 4
[11:42:43.8624043] [Info   : Unity Log] Hours: 900 ; Time: 0.8333333 | Enemy #4 'Crawler' : probability: 39
[11:42:43.8624043] [Info   : Unity Log] enemy rush index is -1; current index 5
[11:42:43.8624043] [Info   : Unity Log] Hours: 900 ; Time: 0.8333333 | Enemy #5 'Blob' : probability: 31
[11:42:43.8624043] [Info   : Unity Log] enemy rush index is -1; current index 6
[11:42:43.8624043] [Info   : Unity Log] Hours: 900 ; Time: 0.8333333 | Enemy #6 'Spring' : probability: 33
[11:42:43.8624043] [Info   : Unity Log] enemy rush index is -1; current index 7
[11:42:43.8624043] [Info   : Unity Log] Hours: 900 ; Time: 0.8333333 | Enemy #7 'Puffer' : probability: 9
[11:42:43.8624043] [Info   : Unity Log] enemy rush index is -1; current index 8
[11:42:43.8624043] [Info   : Unity Log] Hours: 900 ; Time: 0.8333333 | Enemy #8 'Nutcracker' : probability: 8
[11:42:43.8624043] [Info   : Unity Log] enemy rush index is -1; current index 9
[11:42:43.8624043] [Info   : Unity Log] Hours: 900 ; Time: 0.8333333 | Enemy #9 'Maneater' : probability: 3
[11:42:43.8624043] [Info   : Unity Log] enemy rush index is -1; current index 10
[11:42:43.8624043] [Info   : Unity Log] Hours: 900 ; Time: 0.8333333 | Enemy #10 'Stingray' : probability: 18
[11:42:43.8624043] [Info   : Unity Log] enemy rush index is -1; current index 11
[11:42:43.8624043] [Info   : Unity Log] Hours: 900 ; Time: 0.8333333 | Enemy #11 'Masked' : probability: 34
[11:42:43.8624043] [Info   : Unity Log] enemy rush index is -1; current index 12
[11:42:43.8624043] [Info   : Unity Log] Hours: 900 ; Time: 0.8333333 | Enemy #12 'Jester' : probability: 3
[11:42:43.8624043] [Info   : Unity Log] enemy rush index is -1; current index 13
[11:42:43.8624043] [Info   : Unity Log] Hours: 900 ; Time: 0.8333333 | Enemy #13 'Butler' : probability: 16
[11:42:43.8624043] [Info   : Unity Log] enemy rush index is -1; current index 14
[11:42:43.8624043] [Info   : Unity Log] Hours: 900 ; Time: 0.8333333 | Enemy #14 'Clay Surgeon' : probability: 0
[11:42:43.8624043] [Info   : Unity Log] enemy rush index is -1; current index 15
[11:42:43.8624043] [Info   : Unity Log] Hours: 900 ; Time: 0.8333333 | Enemy #15 'Girl' : probability: 1
[11:42:43.8624043] [Info   : Unity Log] enemy rush index is -1; current index 16
[11:42:43.8624043] [Info   : Unity Log] Hours: 900 ; Time: 0.8333333 | Enemy #16 'Football' : probability: 0
[11:42:43.8624043] [Info   : Unity Log] enemy rush index is -1; current index 17
[11:42:43.8624043] [Info   : Unity Log] Hours: 900 ; Time: 0.8333333 | Enemy #17 'Herobrine' : probability: 3
[11:42:43.8624043] [Info   : Unity Log] enemy rush index is -1; current index 18
[11:42:43.8624043] [Info   : Unity Log] Hours: 900 ; Time: 0.8333333 | Enemy #18 'Locker' : probability: 1
[11:42:43.8624043] [Info   : Unity Log] enemy rush index is -1; current index 19
[11:42:43.8624043] [Info   : Unity Log] Hours: 900 ; Time: 0.8333333 | Enemy #19 'ImmortalSnail' : probability: 6
[11:42:43.8624043] [Info   : Unity Log] enemy rush index is -1; current index 20
[11:42:43.8624043] [Info   : Unity Log] Hours: 900 ; Time: 0.8333333 | Enemy #20 'HarpGhost' : probability: 0
[11:42:43.8624043] [Info   : Unity Log] enemy rush index is -1; current index 21
[11:42:43.8624043] [Info   : Unity Log] Hours: 900 ; Time: 0.8333333 | Enemy #21 'BagpipeGhost' : probability: 0
[11:42:43.8624043] [Info   : Unity Log] enemy rush index is -1; current index 22
[11:42:43.8624043] [Info   : Unity Log] Hours: 900 ; Time: 0.8333333 | Enemy #22 'EnforcerGhost' : probability: 0
[11:42:43.8624043] [Info   : Unity Log] enemy rush index is -1; current index 23
[11:42:43.8624043] [Info   : Unity Log] Hours: 900 ; Time: 0.8333333 | Enemy #23 'Shy guy' : probability: 3
[11:42:43.8624043] [Info   : Unity Log] enemy rush index is -1; current index 25
[11:42:43.8624043] [Info   : Unity Log] Hours: 900 ; Time: 0.8333333 | Enemy #25 'SlendermanEnemy' : probability: 0
[11:42:43.8624043] [Info   : Unity Log] enemy rush index is -1; current index 26
[11:42:43.8624043] [Info   : Unity Log] Hours: 900 ; Time: 0.8333333 | Enemy #26 'Cabinet' : probability: 0
[11:42:43.8624043] [Info   : Unity Log] enemy rush index is -1; current index 27
[11:42:43.8624043] [Info   : Unity Log] Hours: 900 ; Time: 0.8333333 | Enemy #27 'Aloe' : probability: 52
[11:42:43.8624043] [Info   : Unity Log] enemy rush index is -1; current index 28
[11:42:43.8624043] [Info   : Unity Log] Hours: 900 ; Time: 0.8333333 | Enemy #28 'RollingGiant' : probability: 20
[11:42:43.8624043] [Info   : Unity Log] enemy rush index is -1; current index 29
[11:42:43.8624043] [Info   : Unity Log] Hours: 900 ; Time: 0.8333333 | Enemy #29 'Leaf boy' : probability: 0
[11:42:43.8624043] [Info   : Unity Log] enemy rush index is -1; current index 30
[11:42:43.8624043] [Info   : Unity Log] Hours: 900 ; Time: 0.8333333 | Enemy #30 'MouthDog' : probability: 0
[11:42:43.8624043] [Info   : Unity Log] enemy rush index is -1; current index 31
[11:42:43.8624043] [Info   : Unity Log] Hours: 900 ; Time: 0.8333333 | Enemy #31 'Boomba' : probability: 0
[11:42:43.8624043] [Info   : Unity Log] enemy rush index is -1; current index 32
[11:42:43.8624043] [Info   : Unity Log] Hours: 900 ; Time: 0.8333333 | Enemy #32 'Rabbit Magician' : probability: 0
[11:42:43.8624043] [Info   : Unity Log] enemy rush index is -1; current index 33
[11:42:43.8624043] [Info   : Unity Log] Hours: 900 ; Time: 0.8333333 | Enemy #33 'Peace Keeper' : probability: 3
[11:42:43.8624043] [Info   : Unity Log] enemy rush index is -1; current index 34
[11:42:43.8624043] [Info   : Unity Log] Hours: 900 ; Time: 0.8333333 | Enemy #34 'Lord Of The Manor' : probability: 0
[11:42:43.8624043] [Info   : Unity Log] enemy rush index is -1; current index 35
[11:42:43.8624043] [Info   : Unity Log] Hours: 900 ; Time: 0.8333333 | Enemy #35 'Janitor' : probability: 1
[11:42:43.8624043] [Info   : Unity Log] enemy rush index is -1; current index 36
[11:42:43.8624043] [Info   : Unity Log] Hours: 900 ; Time: 0.8333333 | Enemy #36 'Nancy' : probability: 0
[11:42:43.8624043] [Info   : Unity Log] enemy rush index is -1; current index 37
[11:42:43.8624043] [Info   : Unity Log] Hours: 900 ; Time: 0.8333333 | Enemy #37 'Mistress' : probability: 0
[11:42:43.8624043] [Info   : Unity Log] enemy rush index is -1; current index 38
[11:42:43.8624043] [Info   : Unity Log] Hours: 900 ; Time: 0.8333333 | Enemy #38 'Duck' : probability: 0
[11:42:43.8624043] [Info   : Unity Log] enemy rush index is -1; current index 39
[11:42:43.8624043] [Info   : Unity Log] Hours: 900 ; Time: 0.8333333 | Enemy #39 'Transporter' : probability: 0
[11:42:43.8624043] [Info   : Unity Log] enemy rush index is -1; current index 40
[11:42:43.8624043] [Info   : Unity Log] Hours: 900 ; Time: 0.8333333 | Enemy #40 'Leaf boy' : probability: 0
[11:42:43.8624043] [Info   : Unity Log] enemy rush index is -1; current index 41
[11:42:43.8634034] [Info   : Unity Log] Hours: 900 ; Time: 0.8333333 | Enemy #41 'MouthDog' : probability: 0
[11:42:43.8634034] [Info   : Unity Log] ADDING ENEMY #28: RollingGiant
[11:42:43.8634034] [Info   : Unity Log] Adding 1 to power level, enemy: RollingGiant
[11:42:43.8634034] [Info   : Unity Log] Adding 0 to diversity level for enemy 'RollingGiant'
[11:42:43.8634034] [Info   : Unity Log] enemy rush index is -1; current index 0
[11:42:43.8634034] [Info   : Unity Log] Hours: 900 ; Time: 0.8333333 | Enemy #0 'Centipede' : probability: 39
[11:42:43.8634034] [Info   : Unity Log] enemy rush index is -1; current index 1
[11:42:43.8634034] [Info   : Unity Log] Hours: 900 ; Time: 0.8333333 | Enemy #1 'Bunker Spider' : probability: 61
[11:42:43.8634034] [Info   : Unity Log] enemy rush index is -1; current index 2
[11:42:43.8634034] [Info   : Unity Log] Hours: 900 ; Time: 0.8333333 | Enemy #2 'Hoarding bug' : probability: 22
[11:42:43.8634034] [Info   : Unity Log] enemy rush index is -1; current index 3
[11:42:43.8634034] [Info   : Unity Log] Hours: 900 ; Time: 0.8333333 | Enemy #3 'Flowerman' : probability: 4
[11:42:43.8634034] [Info   : Unity Log] enemy rush index is -1; current index 4
[11:42:43.8634034] [Info   : Unity Log] Hours: 900 ; Time: 0.8333333 | Enemy #4 'Crawler' : probability: 39
[11:42:43.8634034] [Info   : Unity Log] enemy rush index is -1; current index 5
[11:42:43.8634034] [Info   : Unity Log] Hours: 900 ; Time: 0.8333333 | Enemy #5 'Blob' : probability: 31
[11:42:43.8634034] [Info   : Unity Log] enemy rush index is -1; current index 6
[11:42:43.8634034] [Info   : Unity Log] Hours: 900 ; Time: 0.8333333 | Enemy #6 'Spring' : probability: 33
[11:42:43.8634034] [Info   : Unity Log] enemy rush index is -1; current index 7
[11:42:43.8634034] [Info   : Unity Log] Hours: 900 ; Time: 0.8333333 | Enemy #7 'Puffer' : probability: 9
[11:42:43.8634034] [Info   : Unity Log] enemy rush index is -1; current index 8
[11:42:43.8634034] [Info   : Unity Log] Hours: 900 ; Time: 0.8333333 | Enemy #8 'Nutcracker' : probability: 8
[11:42:43.8634034] [Info   : Unity Log] enemy rush index is -1; current index 9
[11:42:43.8634034] [Info   : Unity Log] Hours: 900 ; Time: 0.8333333 | Enemy #9 'Maneater' : probability: 3
[11:42:43.8634034] [Info   : Unity Log] enemy rush index is -1; current index 10
[11:42:43.8634034] [Info   : Unity Log] Hours: 900 ; Time: 0.8333333 | Enemy #10 'Stingray' : probability: 18
[11:42:43.8634034] [Info   : Unity Log] enemy rush index is -1; current index 11
[11:42:43.8634034] [Info   : Unity Log] Hours: 900 ; Time: 0.8333333 | Enemy #11 'Masked' : probability: 34
[11:42:43.8634034] [Info   : Unity Log] enemy rush index is -1; current index 12
[11:42:43.8634034] [Info   : Unity Log] Hours: 900 ; Time: 0.8333333 | Enemy #12 'Jester' : probability: 3
[11:42:43.8634034] [Info   : Unity Log] enemy rush index is -1; current index 13
[11:42:43.8634034] [Info   : Unity Log] Hours: 900 ; Time: 0.8333333 | Enemy #13 'Butler' : probability: 16
[11:42:43.8634034] [Info   : Unity Log] enemy rush index is -1; current index 14
[11:42:43.8634034] [Info   : Unity Log] Hours: 900 ; Time: 0.8333333 | Enemy #14 'Clay Surgeon' : probability: 0
[11:42:43.8634034] [Info   : Unity Log] enemy rush index is -1; current index 15
[11:42:43.8634034] [Info   : Unity Log] Hours: 900 ; Time: 0.8333333 | Enemy #15 'Girl' : probability: 1
[11:42:43.8634034] [Info   : Unity Log] enemy rush index is -1; current index 16
[11:42:43.8634034] [Info   : Unity Log] Hours: 900 ; Time: 0.8333333 | Enemy #16 'Football' : probability: 0
[11:42:43.8634034] [Info   : Unity Log] enemy rush index is -1; current index 17
[11:42:43.8634034] [Info   : Unity Log] Hours: 900 ; Time: 0.8333333 | Enemy #17 'Herobrine' : probability: 3
[11:42:43.8634034] [Info   : Unity Log] enemy rush index is -1; current index 18
[11:42:43.8634034] [Info   : Unity Log] Hours: 900 ; Time: 0.8333333 | Enemy #18 'Locker' : probability: 1
[11:42:43.8634034] [Info   : Unity Log] enemy rush index is -1; current index 19
[11:42:43.8634034] [Info   : Unity Log] Hours: 900 ; Time: 0.8333333 | Enemy #19 'ImmortalSnail' : probability: 6
[11:42:43.8634034] [Info   : Unity Log] enemy rush index is -1; current index 20
[11:42:43.8634034] [Info   : Unity Log] Hours: 900 ; Time: 0.8333333 | Enemy #20 'HarpGhost' : probability: 0
[11:42:43.8634034] [Info   : Unity Log] enemy rush index is -1; current index 21
[11:42:43.8634034] [Info   : Unity Log] Hours: 900 ; Time: 0.8333333 | Enemy #21 'BagpipeGhost' : probability: 0
[11:42:43.8634034] [Info   : Unity Log] enemy rush index is -1; current index 22
[11:42:43.8634034] [Info   : Unity Log] Hours: 900 ; Time: 0.8333333 | Enemy #22 'EnforcerGhost' : probability: 0
[11:42:43.8634034] [Info   : Unity Log] enemy rush index is -1; current index 23
[11:42:43.8634034] [Info   : Unity Log] Hours: 900 ; Time: 0.8333333 | Enemy #23 'Shy guy' : probability: 3
[11:42:43.8634034] [Info   : Unity Log] enemy rush index is -1; current index 25
[11:42:43.8634034] [Info   : Unity Log] Hours: 900 ; Time: 0.8333333 | Enemy #25 'SlendermanEnemy' : probability: 0
[11:42:43.8634034] [Info   : Unity Log] enemy rush index is -1; current index 26
[11:42:43.8634034] [Info   : Unity Log] Hours: 900 ; Time: 0.8333333 | Enemy #26 'Cabinet' : probability: 0
[11:42:43.8634034] [Info   : Unity Log] enemy rush index is -1; current index 27
[11:42:43.8634034] [Info   : Unity Log] Hours: 900 ; Time: 0.8333333 | Enemy #27 'Aloe' : probability: 52
[11:42:43.8634034] [Info   : Unity Log] enemy rush index is -1; current index 28
[11:42:43.8634034] [Info   : Unity Log] Hours: 900 ; Time: 0.8333333 | Enemy #28 'RollingGiant' : probability: 20
[11:42:43.8634034] [Info   : Unity Log] enemy rush index is -1; current index 29
[11:42:43.8634034] [Info   : Unity Log] Hours: 900 ; Time: 0.8333333 | Enemy #29 'Leaf boy' : probability: 0
[11:42:43.8634034] [Info   : Unity Log] enemy rush index is -1; current index 30
[11:42:43.8634034] [Info   : Unity Log] Hours: 900 ; Time: 0.8333333 | Enemy #30 'MouthDog' : probability: 0
[11:42:43.8634034] [Info   : Unity Log] enemy rush index is -1; current index 31
[11:42:43.8634034] [Info   : Unity Log] Hours: 900 ; Time: 0.8333333 | Enemy #31 'Boomba' : probability: 0
[11:42:43.8634034] [Info   : Unity Log] enemy rush index is -1; current index 32
[11:42:43.8634034] [Info   : Unity Log] Hours: 900 ; Time: 0.8333333 | Enemy #32 'Rabbit Magician' : probability: 0
[11:42:43.8634034] [Info   : Unity Log] enemy rush index is -1; current index 33
[11:42:43.8634034] [Info   : Unity Log] Hours: 900 ; Time: 0.8333333 | Enemy #33 'Peace Keeper' : probability: 3
[11:42:43.8634034] [Info   : Unity Log] enemy rush index is -1; current index 34
[11:42:43.8634034] [Info   : Unity Log] Hours: 900 ; Time: 0.8333333 | Enemy #34 'Lord Of The Manor' : probability: 0
[11:42:43.8634034] [Info   : Unity Log] enemy rush index is -1; current index 35
[11:42:43.8634034] [Info   : Unity Log] Hours: 900 ; Time: 0.8333333 | Enemy #35 'Janitor' : probability: 1
[11:42:43.8634034] [Info   : Unity Log] enemy rush index is -1; current index 36
[11:42:43.8634034] [Info   : Unity Log] Hours: 900 ; Time: 0.8333333 | Enemy #36 'Nancy' : probability: 0
[11:42:43.8634034] [Info   : Unity Log] enemy rush index is -1; current index 37
[11:42:43.8634034] [Info   : Unity Log] Hours: 900 ; Time: 0.8333333 | Enemy #37 'Mistress' : probability: 0
[11:42:43.8634034] [Info   : Unity Log] enemy rush index is -1; current index 38
[11:42:43.8634034] [Info   : Unity Log] Hours: 900 ; Time: 0.8333333 | Enemy #38 'Duck' : probability: 0
[11:42:43.8634034] [Info   : Unity Log] enemy rush index is -1; current index 39
[11:42:43.8634034] [Info   : Unity Log] Hours: 900 ; Time: 0.8333333 | Enemy #39 'Transporter' : probability: 0
[11:42:43.8634034] [Info   : Unity Log] enemy rush index is -1; current index 40
[11:42:43.8634034] [Info   : Unity Log] Hours: 900 ; Time: 0.8333333 | Enemy #40 'Leaf boy' : probability: 0
[11:42:43.8634034] [Info   : Unity Log] enemy rush index is -1; current index 41
[11:42:43.8634034] [Info   : Unity Log] Hours: 900 ; Time: 0.8333333 | Enemy #41 'MouthDog' : probability: 0
[11:42:43.8634034] [Info   : Unity Log] ADDING ENEMY #0: Centipede
[11:42:43.8634034] [Info   : Unity Log] Adding 1 to power level, enemy: Centipede
[11:42:43.8634034] [Info   : Unity Log] Adding 1 to diversity level for enemy 'Centipede'
[11:42:43.8644042] [Warning: Unity Log] Only custom filters can be played. Please add a custom filter or an audioclip to the audiosource (HyperionVentEntrance(Clone)).
[11:42:43.8654053] [Warning: Unity Log] Only custom filters can be played. Please add a custom filter or an audioclip to the audiosource (HyperionVentEntrance(Clone)).
[11:42:43.8749247] [Info   : Unity Log] Found enemy vent which has its time up: HyperionVentEntrance(Clone). Spawning Stingray from vent.
[11:42:43.8924404] [Info   : Unity Log] Spawned enemy from vent
[11:42:43.8924404] [Info   : Unity Log] Found enemy vent which has its time up: HyperionVentEntrance(Clone). Spawning Men-stalker from vent.
[11:42:43.8934395] [Info   : Unity Log] Spawned enemy from vent
[11:42:43.9014532] [Debug  :Starlancer AI Fix] The Enemy Whitelist contains: Blob, Butler, Centipede, Crawler, Flowerman, HoarderBug, Nutcracker, SandSpider, Stingray.
[11:42:43.9014532] [Debug  :Starlancer AI Fix] Adding IVisibleThreat component to StingrayEnemy(Clone).
[11:42:43.9154651] [Info   :menstalker_yaboiduckisnickerbar] Man-stalker spawned
[11:42:43.9154651] [Info   : Unity Log] startofround: 8; 0
[11:42:44.7186168] [Warning:S1.39 Compatibility Fixes] [DoorAudit] Hangar state changed -> OPEN; doorPower=1.000; landed=False; leaving=False; living=1; livingInsideShip=1
[11:42:46.8232788] [Debug  :GeneralImprovements] Updated time display.
[11:42:46.9300025] [Info   :ReservedItemSlotCore-2.0.41] Beginning grab on reserved item: Jetpack Previous item slot: 0
[11:42:46.9315124] [Debug  :Jetpack Fixes] Jetpack held by you, disable doppler effect
[11:42:47.0383522] [Debug  : LightsOut] GrabItem Jetpack
[11:42:47.0383522] [Debug  : LightsOut] JetpackItem is not a predefined type
[11:42:48.5946758] [Info   : Unity Log] Turning lights off at start
[11:42:49.8372570] [Debug  :GeneralImprovements] Updated time display.
[11:42:50.0571487] [Debug  :PizzaTowerEscapeMusic GameEventListener] Player exited ship
[11:42:50.0646611] [Debug  :PizzaTowerEscapeMusic GameEventListener] Player entered ship
[11:42:50.1213737] [Debug  :PizzaTowerEscapeMusic GameEventListener] Player exited ship
[11:42:50.1756025] [Warning:   Coroner] Could not access dying player: Collider was not a player!
[11:42:50.1756025] [Warning:   Coroner] Could not access dying player: Index not assigned!
[11:42:50.1756025] [Debug  :   Coroner] Handling Out of Bounds death...
[11:42:50.2012413] [Warning:   Coroner] Could not access dying player: Collider was not a player!
[11:42:50.2012413] [Warning:   Coroner] Could not access dying player: Index not assigned!
[11:42:50.2012413] [Debug  :   Coroner] Handling Out of Bounds death...
[11:42:50.6915407] [Info   :ReservedItemSlotCore-2.0.41] Focusing reserved hotbar slots. NewIndex: 7 OldIndex: 0 ReservedStartIndex: 4
[11:42:52.5971258] [Info   : LethalMin] Spawing Onion
[11:42:52.6056438] [Info   : LethalMin] Pos: (-4.05, -2.78, 2.75), Angle: 40, IDs: 0, 4, 8, 5, 1, 7
[11:42:52.6116714] [Info   : LethalMin] Waiting for 1 onions to load... Total: 0
[11:42:52.6126702] [Debug  :ReXuvination] Optimised Collider layers in InteractTrigger for Object: trigger (UnityEngine.GameObject)
[11:42:53.2589491] [Info   : Unity Log] clientRPC scrap values length: 15
[11:42:53.2614583] [Debug  :Buttery Fixes] Scrap tracker: Tracking "Bunkspidplush(Clone)" worth $50
[11:42:53.2614583] [Debug  :Buttery Fixes] Scrap tracker: Tracking "Bunkspidplush(Clone)" worth $50
[11:42:53.2614583] [Debug  :Buttery Fixes] Scrap tracker: Tracking "Bunkspidplush(Clone)" worth $50
[11:42:53.2614583] [Debug  :Buttery Fixes] Scrap tracker: Tracking "Bunkspidplush(Clone)" worth $50
[11:42:53.2614583] [Debug  :Buttery Fixes] Scrap tracker: Tracking "Bunkspidplush(Clone)" worth $50
[11:42:53.2614583] [Debug  :Buttery Fixes] Scrap tracker: Tracking "Bunkspidplush(Clone)" worth $50
[11:42:53.2614583] [Debug  :Buttery Fixes] Scrap tracker: Tracking "Bunkspidplush(Clone)" worth $50
[11:42:53.2614583] [Debug  :Buttery Fixes] Scrap tracker: Tracking "Bunkspidplush(Clone)" worth $50
[11:42:53.2614583] [Debug  :Buttery Fixes] Scrap tracker: Tracking "Bunkspidplush(Clone)" worth $50
[11:42:53.2614583] [Debug  :Buttery Fixes] Scrap tracker: Tracking "Bunkspidplush(Clone)" worth $50
[11:42:53.2614583] [Debug  :Buttery Fixes] Scrap tracker: Tracking "Bunkspidplush(Clone)" worth $50
[11:42:53.2614583] [Debug  :Buttery Fixes] Scrap tracker: Tracking "Bunkspidplush(Clone)" worth $50
[11:42:53.2614583] [Debug  :Buttery Fixes] Scrap tracker: Tracking "Bunkspidplush(Clone)" worth $50
[11:42:53.2614583] [Debug  :Buttery Fixes] Scrap tracker: Tracking "Bunkspidplush(Clone)" worth $50
[11:42:53.2614583] [Debug  :Buttery Fixes] Scrap tracker: Tracking "Bunkspidplush(Clone)" worth $50
[11:42:53.7036763] [Info   : LethalMin] 1/1 onions loaded, loading data
[11:42:53.7071812] [Info   : LethalMin] Restored 59 pikmin to onion 2 in 2 batches
[11:42:53.7081864] [Info   : LethalMin] Restored 2 pikmin to onion -1 in 1 batches
[11:42:53.7081864] [Info   : LethalMin] Restored 1 pikmin to onion -1 in 1 batches
[11:42:53.7081864] [Info   : LethalMin] Restored 57 pikmin to onion -1 in 2 batches
[11:42:53.7091851] [Info   : LethalMin] Restored 5 pikmin to onion -1 in 1 batches
[11:42:53.7091851] [Info   : LethalMin] Restored 3 pikmin to onion -1 in 1 batches
[11:42:54.6758044] [Debug  :PizzaTowerEscapeMusic GameEventListener] Player entered ship
[11:42:54.6853136] [Debug  :PizzaTowerEscapeMusic GameEventListener] Player exited ship
[11:42:55.8655794] [Debug  :GeneralImprovements] Updated time display.
[11:42:57.5305209] [Info   : Unity Log] Is jetpack audio playing?: True
[11:42:58.2755425] [Debug  :Jetpack Fixes] Player flew off of ship, change parent off the ship
[11:42:59.7171112] [Info   : Unity Log] Is jetpack audio playing?: True
[11:42:59.9414000] [Warning:   Coroner] Could not access dying player: Collider was not a player!
[11:42:59.9414000] [Warning:   Coroner] Could not access dying player: Index not assigned!
[11:42:59.9414000] [Debug  :   Coroner] Handling Out of Bounds death...
[11:42:59.9805815] [Warning:   Coroner] Could not access dying player: Collider was not a player!
[11:42:59.9805815] [Warning:   Coroner] Could not access dying player: Index not assigned!
[11:42:59.9805815] [Debug  :   Coroner] Handling Out of Bounds death...
[11:43:00.3738401] [Debug  :   Coroner] Querying target player parameters pre-death...
[11:43:00.3738401] [Debug  :   Coroner] Query successful!True
[11:43:00.3758396] [Info   :GeneralImprovements] Applied 2 queued monitor changes.
[11:43:01.0606506] [Debug  :   Coroner] Querying target player parameters pre-death...
[11:43:01.0606506] [Debug  :   Coroner] Query successful!True
[11:43:02.0079921] [Debug  :   Coroner] Querying target player parameters pre-death...
[11:43:02.0079921] [Debug  :   Coroner] Query successful!True
[11:43:02.6236219] [Info   : Unity Log] Is jetpack audio playing?: True
[11:43:03.4387307] [Debug  :Jetpack Fixes] Player flew off of ship, change parent off the ship
[11:43:03.6892936] [Info   :GeneralImprovements] Enabling ship scan node again and parenting it to the terminal.
[11:43:03.6953167] [Info   :LethalPerformance] Saved 1 save(s)
[11:43:03.7074879] [Debug  :PizzaTowerEscapeMusic GameEventListener] Ship has landed
[11:43:03.7074879] [Debug  :PizzaTowerEscapeMusic GameEventListener] Checking for docked Apparatus...
[11:43:03.7306695] [Debug  :PizzaTowerEscapeMusic GameEventListener] Found docked Apparatus
[11:43:03.7326777] [Info   :MrHat.BasedDecorPlacement] Build mode available after landing
[11:43:05.0558292] [Info   : Unity Log] Is jetpack audio playing?: True
[11:43:05.7174981] [Info   : Unity Log] Is jetpack audio playing?: True
[11:43:06.4138743] [Info   : Unity Log] Is jetpack audio playing?: True
[11:43:08.6358052] [Info   : Unity Log] Is jetpack audio playing?: True
[11:43:09.1146114] [Warning:   Coroner] Could not access dying player: Collider was not a player!
[11:43:09.1146114] [Warning:   Coroner] Could not access dying player: Index not assigned!
[11:43:09.1146114] [Debug  :   Coroner] Handling Out of Bounds death...
[11:43:09.1146114] [Warning:   Coroner] Could not access dying player: Collider was not a player!
[11:43:09.1146114] [Warning:   Coroner] Could not access dying player: Index not assigned!
[11:43:09.1146114] [Debug  :   Coroner] Handling Out of Bounds death...
[11:43:09.1537032] [Debug  :   Coroner] Querying target player parameters pre-death...
[11:43:09.1537032] [Debug  :   Coroner] Query successful!True
[11:43:09.1592122] [Debug  :Enemy Sound Fixes] Player: Treat Gravity damage as fall damage
[11:43:09.1692282] [Debug  :PizzaTowerEscapeMusic GameEventListener] Player took damage (Health: 70)
[11:43:10.3984471] [Warning:   Coroner] Could not access dying player: Collider was not a player!
[11:43:10.3984471] [Warning:   Coroner] Could not access dying player: Index not assigned!
[11:43:10.3984471] [Debug  :   Coroner] Handling Out of Bounds death...
[11:43:10.4407927] [Warning:   Coroner] Could not access dying player: Collider was not a player!
[11:43:10.4407927] [Warning:   Coroner] Could not access dying player: Index not assigned!
[11:43:10.4407927] [Debug  :   Coroner] Handling Out of Bounds death...
[11:43:10.4558138] [Info   : Unity Log] Is jetpack audio playing?: True
[11:43:10.4720786] [Debug  :   Coroner] Querying target player parameters pre-death...
[11:43:10.4720786] [Debug  :   Coroner] Query successful!True
[11:43:10.4994437] [Debug  :   Coroner] Querying target player parameters pre-death...
[11:43:10.4994437] [Debug  :   Coroner] Query successful!True
[11:43:10.5296074] [Debug  :   Coroner] Querying target player parameters pre-death...
[11:43:10.5296074] [Debug  :   Coroner] Query successful!True
[11:43:10.5529731] [Debug  :   Coroner] Querying target player parameters pre-death...
[11:43:10.5529731] [Debug  :   Coroner] Query successful!True
[11:43:10.5838425] [Debug  :   Coroner] Querying target player parameters pre-death...
[11:43:10.5838425] [Debug  :   Coroner] Query successful!True
[11:43:10.6093885] [Debug  :   Coroner] Querying target player parameters pre-death...
[11:43:10.6093885] [Debug  :   Coroner] Query successful!True
[11:43:10.6410444] [Debug  :   Coroner] Querying target player parameters pre-death...
[11:43:10.6410444] [Debug  :   Coroner] Query successful!True
[11:43:10.6709925] [Debug  :   Coroner] Querying target player parameters pre-death...
[11:43:10.6709925] [Debug  :   Coroner] Query successful!True
[11:43:10.6950322] [Debug  :   Coroner] Querying target player parameters pre-death...
[11:43:10.6950322] [Debug  :   Coroner] Query successful!True
[11:43:10.7221051] [Debug  :   Coroner] Querying target player parameters pre-death...
[11:43:10.7221051] [Debug  :   Coroner] Query successful!True
[11:43:10.7495387] [Debug  :   Coroner] Querying target player parameters pre-death...
[11:43:10.7495387] [Debug  :   Coroner] Query successful!True
[11:43:10.7795923] [Debug  :   Coroner] Querying target player parameters pre-death...
[11:43:10.7795923] [Debug  :   Coroner] Query successful!True
[11:43:10.8033667] [Debug  :   Coroner] Querying target player parameters pre-death...
[11:43:10.8033667] [Debug  :   Coroner] Query successful!True
[11:43:10.8186358] [Debug  :   Coroner] Querying target player parameters pre-death...
[11:43:10.8186358] [Debug  :   Coroner] Query successful!True
[11:43:10.8346543] [Debug  :   Coroner] Querying target player parameters pre-death...
[11:43:10.8346543] [Debug  :   Coroner] Query successful!True
[11:43:10.8493424] [Debug  :   Coroner] Querying target player parameters pre-death...
[11:43:10.8493424] [Debug  :   Coroner] Query successful!True
[11:43:10.8683775] [Debug  :   Coroner] Querying target player parameters pre-death...
[11:43:10.8683775] [Debug  :   Coroner] Query successful!True
[11:43:10.8839051] [Debug  :   Coroner] Querying target player parameters pre-death...
[11:43:10.8839051] [Debug  :   Coroner] Query successful!True
[11:43:10.9064604] [Debug  :   Coroner] Querying target player parameters pre-death...
[11:43:10.9064604] [Debug  :   Coroner] Query successful!True
[11:43:10.9375898] [Debug  :   Coroner] Querying target player parameters pre-death...
[11:43:10.9375898] [Debug  :   Coroner] Query successful!True
[11:43:12.7284077] [Info   : Unity Log] Is jetpack audio playing?: True
[11:43:13.3797761] [Info   : Unity Log] Is jetpack audio playing?: True
[11:43:14.4011492] [Info   : Unity Log] Is jetpack audio playing?: True
[11:43:15.1361281] [Warning:   Coroner] Could not access dying player: Collider was not a player!
[11:43:15.1361281] [Warning:   Coroner] Could not access dying player: Index not assigned!
[11:43:15.1361281] [Debug  :   Coroner] Handling Out of Bounds death...
[11:43:15.1561573] [Warning:   Coroner] Could not access dying player: Collider was not a player!
[11:43:15.1561573] [Warning:   Coroner] Could not access dying player: Index not assigned!
[11:43:15.1561573] [Debug  :   Coroner] Handling Out of Bounds death...
[11:43:16.8276865] [Info   : Unity Log] Is jetpack audio playing?: True
[11:43:17.2394921] [Info   : Unity Log] Is jetpack audio playing?: True
[11:43:17.7061215] [Info   : Unity Log] Is jetpack audio playing?: True
[11:43:18.4077428] [Info   : Unity Log] Is jetpack audio playing?: True
[11:43:18.9486240] [Info   : Unity Log] Is jetpack audio playing?: True
[11:43:20.2106263] [Info   : Unity Log] Is jetpack audio playing?: True
[11:43:20.8437955] [Warning:   Coroner] Could not access dying player: Collider was not a player!
[11:43:20.8437955] [Warning:   Coroner] Could not access dying player: Index not assigned!
[11:43:20.8437955] [Debug  :   Coroner] Handling Out of Bounds death...
[11:43:20.8765990] [Warning:   Coroner] Could not access dying player: Collider was not a player!
[11:43:20.8765990] [Warning:   Coroner] Could not access dying player: Index not assigned!
[11:43:20.8765990] [Debug  :   Coroner] Handling Out of Bounds death...
[11:43:23.1187786] [Info   : Unity Log] Is jetpack audio playing?: True
[11:43:24.0641009] [Info   : Unity Log] Is jetpack audio playing?: True
[11:43:25.2953855] [Warning:   Coroner] Could not access dying player: Collider was not a player!
[11:43:25.2953855] [Warning:   Coroner] Could not access dying player: Index not assigned!
[11:43:25.2953855] [Debug  :   Coroner] Handling Out of Bounds death...
[11:43:25.3188625] [Warning:   Coroner] Could not access dying player: Collider was not a player!
[11:43:25.3188625] [Warning:   Coroner] Could not access dying player: Index not assigned!
[11:43:25.3188625] [Debug  :   Coroner] Handling Out of Bounds death...
[11:43:26.9098770] [Info   : Unity Log] Is jetpack audio playing?: True
[11:43:27.9123835] [Info   : Unity Log] Is jetpack audio playing?: True
[11:43:28.3933568] [Info   : Unity Log] Is jetpack audio playing?: True
[11:43:29.3786632] [Info   : Unity Log] Is jetpack audio playing?: True
[11:43:30.3364244] [Warning:   Coroner] Could not access dying player: Collider was not a player!
[11:43:30.3364244] [Warning:   Coroner] Could not access dying player: Index not assigned!
[11:43:30.3364244] [Debug  :   Coroner] Handling Out of Bounds death...
[11:43:30.3569704] [Warning:   Coroner] Could not access dying player: Collider was not a player!
[11:43:30.3569704] [Warning:   Coroner] Could not access dying player: Index not assigned!
[11:43:30.3569704] [Debug  :   Coroner] Handling Out of Bounds death...
[11:43:33.2863077] [Info   : Unity Log] Is jetpack audio playing?: True
[11:43:34.1765463] [Warning:   Coroner] Could not access dying player: Collider was not a player!
[11:43:34.1765463] [Warning:   Coroner] Could not access dying player: Index not assigned!
[11:43:34.1765463] [Debug  :   Coroner] Handling Out of Bounds death...
[11:43:34.1765463] [Warning:   Coroner] Could not access dying player: Collider was not a player!
[11:43:34.1765463] [Warning:   Coroner] Could not access dying player: Index not assigned!
[11:43:34.1765463] [Debug  :   Coroner] Handling Out of Bounds death...
[11:43:34.4234171] [Debug  :   Coroner] Querying target player parameters pre-death...
[11:43:34.4234171] [Debug  :   Coroner] Query successful!True
[11:43:34.4234171] [Debug  :Enemy Sound Fixes] Player: Treat Gravity damage as fall damage
[11:43:34.4244169] [Debug  :   Coroner] Player is dying! Unknown precise cause of death in final hook (Inertia)...
[11:43:34.4254171] [Info   : Unity Log] KILL LOCAL PLAYER!
[11:43:34.4264167] [Info   : Unity Log] Body spawned with id 0: PlayerRagdoll(Clone)
[11:43:34.4279214] [Warning: Unity Log] Setting linear velocity of a kinematic body is not supported.
[11:43:34.4289284] [Info   : Unity Log] Running kill player function for LOCAL client, player object: Player
[11:43:34.4299262] [Debug  :ainavt.lc.lethalconfig] Registered config "Matty's Fixes/Vanilla/Body"
[11:43:34.4314292] [Debug  : LethalMin] IsClientRpcPrefixValid (No): RpcExecStage is Send, IsClient: True, IsHost: True KillPlayerClientRpcPrefix
[11:43:34.4314292] [Debug  : LethalMin] IsClientRpcPrefixValid (Yes): RpcExecStage is Execute, IsClient: True, IsHost: True KillPlayerClientRpcPrefix
[11:43:34.4314292] [Info   : Unity Log] A player died. player object: Player
[11:43:34.4329338] [Warning: Unity Log] Parent of RectTransform is being set with parent property. Consider using the SetParent method instead, with the worldPositionStays argument set to false. This will retain local orientation and scale rather than world orientation and scale, which can prevent common UI scaling issues.
[11:43:34.4339378] [Info   : Unity Log] Switch camera to 'SpectateCamera'
[11:43:34.4339378] [Info   : Unity Log] Override drop items : False; overridedontspawnbody: False
[11:43:34.4339378] [Info   : Unity Log] DropAllHeldItems called on player 'MasaeAhmya'; itemsFall: True; disconnecting: False; ItemSlots length: 11; isHoldingObject: False
[11:43:34.4339378] [Info   : Unity Log] DropAllHeldItems; player pos: (72.21, 1.70, -126.98)
[11:43:34.4339378] [Info   : Unity Log] Item slot #0 null?: True
[11:43:34.4339378] [Info   : Unity Log] Item slot #1 null?: True
[11:43:34.4339378] [Info   : Unity Log] Item slot #2 null?: True
[11:43:34.4339378] [Info   : Unity Log] Item slot #3 null?: True
[11:43:34.4339378] [Info   : Unity Log] Item slot #4 null?: False
[11:43:34.4339378] [Info   : Unity Log] Setting DropHeldItem on item #4: 'FlashlightItem(Clone)
[11:43:34.4349385] [Info   : Unity Log] Drop item 'FlashlightItem(Clone)'; heldByPlayerOnServer: True; parentObject != null: True
[11:43:34.4369382] [Info   : Unity Log] placeObject: False; parentObjectTo == null: True
[11:43:34.4379386] [Info   : Unity Log] Set dropItem parentObject to null True
[11:43:34.4379386] [Info   : Unity Log] Set dropItem.heldByPlayerOnServer to false: True
[11:43:34.4379386] [Info   : Unity Log] DropHeldItem A; placeObject:False (89.16, -4.47, -108.93); item parent: Props (UnityEngine.Transform); (89.16, -4.47, -108.93); (71.72, 3.13, -125.41)
[11:43:34.4384460] [Debug  : LightsOut] DiscardItem Pro-flashlight
[11:43:34.4394478] [Info   : Unity Log] Set dropItem parentObject to null True
[11:43:34.4394478] [Info   : Unity Log] Set dropItem.heldByPlayerOnServer to false: True
[11:43:34.4394478] [Info   : Unity Log] Item slot #5 null?: True
[11:43:34.4394478] [Info   : Unity Log] Item slot #6 null?: True
[11:43:34.4394478] [Info   : Unity Log] Item slot #7 null?: False
[11:43:34.4394478] [Info   : Unity Log] Setting DropHeldItem on item #7: 'JetpackItem(Clone)
[11:43:34.4394478] [Info   : Unity Log] Drop item 'JetpackItem(Clone)'; heldByPlayerOnServer: True; parentObject != null: True
[11:43:34.4394478] [Info   : Unity Log] placeObject: False; parentObjectTo == null: True
[11:43:34.4394478] [Info   : Unity Log] Set dropItem parentObject to null True
[11:43:34.4394478] [Info   : Unity Log] Set dropItem.heldByPlayerOnServer to false: True
[11:43:34.4394478] [Info   : Unity Log] DropHeldItem A; placeObject:False (88.68, -5.18, -108.67); item parent: Props (UnityEngine.Transform); (88.68, -5.18, -108.67); (71.24, 2.42, -125.14)
[11:43:34.4394478] [Info   : Unity Log] Owner of jetpack?: True
[11:43:34.4394478] [Info   : Unity Log] Is dead?: True
[11:43:34.4394478] [Info   : Unity Log] Spawning explosion
[11:43:34.4464568] [Debug  :   Coroner] Player is dying! Unknown precise cause of death in final hook (Blast)...
[11:43:34.4479613] [Debug  :   Coroner] Player died from Explosion(AdvancedCauseOfDeath(DeathPlayerJetpackBlast))! Setting special cause of death...
[11:43:34.4479613] [Debug  :   Coroner] Serializing AdvancedCauseOfDeath(DeathPlayerJetpackBlast) to DeathPlayerJetpackBlast
[11:43:34.5725190] [Debug  :   Coroner] Server received cause of death via RPC: (0, DeathPlayerJetpackBlast)
[11:43:34.5735189] [Debug  :   Coroner] Client received cause of death via RPC: (0, DeathPlayerJetpackBlast)
[11:43:34.5745187] [Debug  :   Coroner] Deserialized cause of death to AdvancedCauseOfDeath(DeathPlayerJetpackBlast)
[11:43:34.5745187] [Debug  :   Coroner] Player 0 has no custom cause of death stored! Returning null...
[11:43:34.5745187] [Debug  :   Coroner] Storing cause of death DeathPlayerJetpackBlast (overriding null) for player 0!
[11:43:34.5755186] [Debug  :   Coroner] Player 0 has custom cause of death stored! DeathPlayerJetpackBlast
[11:43:34.5755186] [Warning:   Coroner] Player 0 already has a cause of death set (DeathPlayerJetpackBlast), not overwriting it with DeathPlayerJetpackBlast.
[11:43:34.5851985] [Debug  :Buttery Fixes] Smoke from freshly burnt corpse
[11:43:34.5851985] [Debug  :Buttery Fixes] Jetpack exploded and burned player corpse
[11:43:34.5851985] [Debug  :Buttery Fixes] Jetpack exploded and burned player corpse
[11:43:34.5861984] [Debug  : LightsOut] DiscardItem Jetpack
[11:43:34.5861984] [Info   : Unity Log] Set dropItem parentObject to null True
[11:43:34.5861984] [Info   : Unity Log] Set dropItem.heldByPlayerOnServer to false: True
[11:43:34.5861984] [Info   : Unity Log] Item slot #8 null?: True
[11:43:34.5861984] [Info   : Unity Log] Item slot #9 null?: True
[11:43:34.5861984] [Info   : Unity Log] Item slot #10 null?: False
[11:43:34.5861984] [Info   : Unity Log] Setting DropHeldItem on item #10: 'Key(Clone)
[11:43:34.5861984] [Info   : Unity Log] Drop item 'Key(Clone)'; heldByPlayerOnServer: True; parentObject != null: True
[11:43:34.5861984] [Info   : Unity Log] placeObject: False; parentObjectTo == null: True
[11:43:34.5861984] [Info   : Unity Log] Set dropItem parentObject to null True
[11:43:34.5861984] [Info   : Unity Log] Set dropItem.heldByPlayerOnServer to false: True
[11:43:34.5861984] [Info   : Unity Log] DropHeldItem A; placeObject:False (88.59, -4.96, -108.52); item parent: Props (UnityEngine.Transform); (88.59, -4.96, -108.52); (71.15, 2.64, -124.99)
[11:43:34.5861984] [Debug  : LightsOut] DiscardItem Key
[11:43:34.5861984] [Info   : Unity Log] Set dropItem parentObject to null True
[11:43:34.5861984] [Info   : Unity Log] Set dropItem.heldByPlayerOnServer to false: True
[11:43:34.5861984] [Warning: Unity Log] Parent of RectTransform is being set with parent property. Consider using the SetParent method instead, with the worldPositionStays argument set to false. This will retain local orientation and scale rather than world orientation and scale, which can prevent common UI scaling issues.
[11:43:34.5861984] [Debug  :Jetpack Fixes] Player killed from touching ground while flying too fast
[11:43:34.5861984] [Debug  :PizzaTowerEscapeMusic GameEventListener] Player took damage (Health: 40)
[11:43:34.5861984] [Debug  :PizzaTowerEscapeMusic GameEventListener] Player has died
[11:43:34.5977249] [Info   : Unity Log] PlayerScript set for body with id 0 PlayerRagdoll(Clone)
[11:43:34.6012347] [Debug  :Matty's Fixes] Vanilla/Body(552) needs to compute vertical offset - scheduled
[11:43:34.6012347] [Info   : LethalMin] Creating PikminItemNode for RagdollGrabbableObject(Clone) at (-17.22, 9.55, -30.56)...
[11:43:34.6012347] [Debug  : LethalMin] Initializing PikminItem PikminItemNode(Clone) with item PikminItemNode(Clone) (True)
[11:43:34.6012347] [Info   : LethalMin] PikminItem PikminItemNode(Clone) has no carry strength set, setting to default
[11:43:34.6012347] [Debug  : LethalMin] Calculated weight for Body: 11 lb, Devided weight: 4.4 lb
[11:43:34.6012347] [Debug  : LethalMin] A True, B True rename reasons
[11:43:34.6012347] [Debug  : LethalMin] (Body (PikminItem Node)) Colider: RagdollGrabbableObject(Clone) (UnityEngine.BoxCollider)
[11:43:34.6012347] [Debug  : LethalMin] (Body (PikminItem Node)) Center: (-17.22, 9.55, -30.56)
[11:43:34.6297815] [Info   :LethalPerformance.Patcher] Saved 1 config(s)
[11:43:34.6523223] [Info   : Unity Log] !!!! DISABLING CAMERA FOR PLAYER: Player
[11:43:34.6523223] [Info   : Unity Log] !!!! connectedPlayersAmount: 0
[11:43:34.6904497] [Debug  : LethalMin] Animator Controller changed from metarig to metarigOtherPlayers
[11:43:34.6914464] [Debug  : LethalMin] Creating counter for Body (PikminItem Node)
[11:43:34.6989541] [Info   :BrutalCompanyMinusExtraReborn] Set eventType weight for Insane to 1945
[11:43:34.6989541] [Info   :BrutalCompanyMinusExtraReborn] Set eventType weight for VeryBad to 320
[11:43:34.6989541] [Info   :BrutalCompanyMinusExtraReborn] Set eventType weight for Bad to 1072
[11:43:34.6989541] [Info   :BrutalCompanyMinusExtraReborn] Set eventType weight for Neutral to 1015
[11:43:34.6989541] [Info   :BrutalCompanyMinusExtraReborn] Set eventType weight for Good to 2141
[11:43:34.6989541] [Info   :BrutalCompanyMinusExtraReborn] Set eventType weight for VeryGood to 1012
[11:43:34.6989541] [Info   :BrutalCompanyMinusExtraReborn] Set eventType weight for Rare to 2681
[11:43:34.6989541] [Info   :BrutalCompanyMinusExtraReborn] Set eventType weight for Remove to 1003
[11:43:34.7079947] [Info   :BrutalCompanyMinusExtraReborn] Executing OnShipLeave for all events()
[11:43:34.7089994] [Info   :HotbarPlus-1.8.5] Finished receiving OnUpdatePurchasedHotbarSlots update. New purchased hotbar slots: 0
[11:43:34.7089994] [Info   :HotbarPlus-1.8.5] Finished receiving OnUpdatePurchasedHotbarSlots update. New purchased hotbar slots: 0
[11:43:34.7089994] [Info   :HotbarPlus-1.8.5] Finished receiving OnUpdatePurchasedHotbarSlots update. New purchased hotbar slots: 0
[11:43:34.7089994] [Info   :HotbarPlus-1.8.5] Finished receiving OnUpdatePurchasedHotbarSlots update. New purchased hotbar slots: 0
[11:43:34.7089994] [Info   :BrutalCompanyMinusExtraReborn] Restoring un-modified level enemy spawns on current level.
[11:43:34.7099989] [Info   : LethalMin] Game Ended, Deinitializing PikminManager
[11:43:34.7109983] [Info   : Unity Log] [F] The ship is leaving.................
[11:43:34.7109983] [Info   :HerobrineMod] The ship is leaving.................
[11:43:34.7210223] [Debug  :Matty's Fixes] Vanilla/Body(552) is computing vertical offset
[11:43:34.7210223] [Debug  :Matty's Fixes] Vanilla/Body original offset is 0.3
[11:43:34.7370452] [Debug  :PizzaTowerEscapeMusic GameEventListener] Ship has taken off
[11:43:34.7380448] [Debug  :PizzaTowerEscapeMusic ScriptManager] Conditions for a script event have been met!
 Script Event Type: StopMusic
   Game Event Type: ShipTakeOff
           Comment: StopMusic quand ShipTakeOff
[11:43:34.7607897] [Debug  : LethalMin] LethalMin: Checking if we can leave planet FusedType: 0, 4, 8, 5, 1, 7! 0
[11:43:36.1479644] [Info   : Unity Log] SET SPECTATED PLAYER EFFECTS; True
[11:43:36.1479644] [Info   : Unity Log] Enable sun direct light
[11:43:36.1479644] [Info   : Unity Log] All players dead; set reverb to preset #3
[11:43:37.1188172] [Info   : Unity Log] Leaving current lobby
[11:43:37.1188172] [Info   : Unity Log] Disconnecting and setting networkobjects to destroy with owner
[11:43:37.1457829] [Info   :mrgrm7.LethalCasino] Player disconnected.
[11:43:37.1457829] [Info   :Dreamweave.CompanyBuildingEnhancements] Disconnected From Lobby: Config Sync Reverted.
[11:43:37.1467849] [Info   :Rolling Giant] [RandomlyMoveWhileLooking]: moveSpeed: 2, moveAcceleration: 1, moveDeceleration: 0.5, rotateToLookAtPlayer: True, delayBeforeLookingAtPlayer: 2, lookAtPlayerDuration: 3, waitTimeMin: 1, waitTimeMax: 3, randomMoveTimeMin: 1, randomMoveTimeMax: 3, lookTimeBeforeAgro: 0
[11:43:37.1467849] [Info   :Rolling Giant] Resetting all rolling giants!
[11:43:37.1467849] [Message:Rolling Giant] Reverting sync
[11:43:37.1491525] [Debug  :More Ship Upgrades] [GameNetworkManagerPatcher] Saving the LGU upgrades unto a json file...
[11:43:37.1501522] [Debug  :MrHat.BasedItemSaving] Saved 10 exact item poses
[11:43:37.1501522] [Info   : Unity Log] Shutting down and disconnecting from server. Is host?: True
[11:43:37.1521523] [Debug  :More Ship Upgrades] [GameNetworkManagerPatcher] Resetting the Upgrade Bus due to disconnecting...
[11:43:37.1521523] [Debug  :More Ship Upgrades] [UpgradeBus] Resetting MasaeAhmya's attributes
[11:43:37.1841880] [Info   :LethalPerformance] Saved 2 save(s)
[11:43:37.1904223] [Debug  :LethalNetworkAPI] Disposing of UnnamedMessageHandler.
[11:43:37.2199593] [Debug  : LethalMin] Bulbmin_pNjA: Removed Leader
[11:43:37.2199593] [Debug  : LethalMin] Bulbmin_XgWiaS: Removed Leader
[11:43:37.2199593] [Debug  : LethalMin] Bulbmin_EzJGi0f: Removed Leader
[11:43:37.2199593] [Debug  : LethalMin] Bulbmin_wH6oq: Removed Leader
[11:43:37.2209611] [Debug  : LethalMin] White Pikmin_easMy7e: Removed Leader
[11:43:37.2209611] [Debug  : LethalMin] Purple Pikmin_Mtfu6: Removed Leader
[11:43:37.2209611] [Debug  : LethalMin] Purple Pikmin_4BSSEDe: Removed Leader
[11:43:37.2209611] [Debug  : LethalMin] Purple Pikmin_lUF0L: Removed Leader
[11:43:37.2209611] [Debug  : LethalMin] Purple Pikmin_Tn2YTKe: Removed Leader
[11:43:37.2329750] [Info   : LethalMin] ShipOnion: saved 59 pikmin to disk on despawn.
[11:43:37.2565022] [Info   :LobbyControl] 0 disconnected
[11:43:37.2580040] [Info   : Unity Log] Disconnect callback called
[11:43:37.2580040] [Info   : Unity Log] Is server: True; ishost: True; isConnectedClient: False
[11:43:37.2580040] [Info   : Unity Log] Disconnect callback called in gamenetworkmanager; disconnecting clientId: 0
[11:43:37.2580040] [Info   : Unity Log] Disconnect callback called for local client; ignoring.
[11:43:37.2610114] [Info   : Unity Log] Interact trigger destroying! name: trigger
[11:43:37.2610114] [Debug  :Starlancer AI Fix] menstalker_prefab(Clone) from the interior enemy list has died; 
Previous interior power level is 7.5
[11:43:37.2610114] [Debug  :Starlancer AI Fix] Removing menstalker_prefab(Clone)'s power (3) from the RoundManager; 
Current interior power level is 4.5
[11:43:37.2645171] [Debug  :Starlancer AI Fix] StingrayEnemy(Clone) from the interior enemy list has died; 
Previous interior power level is 4.5
[11:43:37.2645171] [Debug  :Starlancer AI Fix] Removing StingrayEnemy(Clone)'s power (0.5) from the RoundManager; 
Current interior power level is 4
[11:43:37.2655210] [Debug  :Starlancer AI Fix] Bulbmin_pNjA from the interior enemy list has died; 
Previous interior power level is 4
[11:43:37.2655210] [Debug  :Starlancer AI Fix] Removing Bulbmin_pNjA's power (0) from the RoundManager; 
Current interior power level is 4
[11:43:37.2655210] [Debug  :Starlancer AI Fix] Bulbmin_XgWiaS from the interior enemy list has died; 
Previous interior power level is 4
[11:43:37.2655210] [Debug  :Starlancer AI Fix] Removing Bulbmin_XgWiaS's power (0) from the RoundManager; 
Current interior power level is 4
[11:43:37.2655210] [Debug  :Starlancer AI Fix] Bulbmin_EzJGi0f from the interior enemy list has died; 
Previous interior power level is 4
[11:43:37.2655210] [Debug  :Starlancer AI Fix] Removing Bulbmin_EzJGi0f's power (0) from the RoundManager; 
Current interior power level is 4
[11:43:37.2665221] [Debug  :Starlancer AI Fix] Bulbmin_wH6oq from the interior enemy list has died; 
Previous interior power level is 4
[11:43:37.2665221] [Debug  :Starlancer AI Fix] Removing Bulbmin_wH6oq's power (0) from the RoundManager; 
Current interior power level is 4
[11:43:37.2665221] [Debug  :Starlancer AI Fix] White Pikmin_easMy7e from the interior enemy list has died; 
Previous interior power level is 4
[11:43:37.2665221] [Debug  :Starlancer AI Fix] Removing White Pikmin_easMy7e's power (0) from the RoundManager; 
Current interior power level is 4
[11:43:37.2665221] [Debug  :Starlancer AI Fix] Purple Pikmin_Mtfu6 from the interior enemy list has died; 
Previous interior power level is 4
[11:43:37.2665221] [Debug  :Starlancer AI Fix] Removing Purple Pikmin_Mtfu6's power (0) from the RoundManager; 
Current interior power level is 4
[11:43:37.2665221] [Debug  :Starlancer AI Fix] Purple Pikmin_4BSSEDe from the interior enemy list has died; 
Previous interior power level is 4
[11:43:37.2665221] [Debug  :Starlancer AI Fix] Removing Purple Pikmin_4BSSEDe's power (0) from the RoundManager; 
Current interior power level is 4
[11:43:37.2665221] [Debug  :Starlancer AI Fix] Purple Pikmin_lUF0L from the interior enemy list has died; 
Previous interior power level is 4
[11:43:37.2665221] [Debug  :Starlancer AI Fix] Removing Purple Pikmin_lUF0L's power (0) from the RoundManager; 
Current interior power level is 4
[11:43:37.2665221] [Debug  :Starlancer AI Fix] Purple Pikmin_Tn2YTKe from the interior enemy list has died; 
Previous interior power level is 4
[11:43:37.2665221] [Debug  :Starlancer AI Fix] Removing Purple Pikmin_Tn2YTKe's power (0) from the RoundManager; 
Current interior power level is 4
[11:43:37.2680262] [Info   : Unity Log] Interact trigger destroying! name: InteractTrigger
[11:43:37.2680262] [Info   : Unity Log] Interact trigger destroying! name: InteractTrigger
[11:43:37.2680262] [Info   : Unity Log] Interact trigger destroying! name: InteractTrigger
[11:43:37.2680262] [Info   : Unity Log] Interact trigger destroying! name: InteractTrigger
[11:43:37.2680262] [Info   : Unity Log] Interact trigger destroying! name: InteractTrigger
[11:43:37.2680262] [Info   : Unity Log] Interact trigger destroying! name: InteractTrigger
[11:43:37.2690306] [Info   : Unity Log] Interact trigger destroying! name: InteractTrigger
[11:43:37.2690306] [Info   : Unity Log] Interact trigger destroying! name: InteractTrigger
[11:43:37.2690306] [Info   : Unity Log] Interact trigger destroying! name: InteractTrigger
[11:43:37.2690306] [Info   : Unity Log] Interact trigger destroying! name: InteractTrigger
[11:43:37.2690306] [Info   : Unity Log] Interact trigger destroying! name: InteractTrigger
[11:43:37.2690306] [Info   : Unity Log] Interact trigger destroying! name: InteractTrigger
[11:43:37.2690306] [Info   : Unity Log] Interact trigger destroying! name: InteractTrigger
[11:43:37.2690306] [Info   : Unity Log] Interact trigger destroying! name: InteractTrigger
[11:43:37.2690306] [Info   : Unity Log] Interact trigger destroying! name: InteractTrigger
[11:43:37.2700311] [Info   : Unity Log] Interact trigger destroying! name: InteractTrigger
[11:43:37.2700311] [Info   : Unity Log] Interact trigger destroying! name: InteractTrigger
[11:43:37.2700311] [Info   : Unity Log] Interact trigger destroying! name: InteractTrigger
[11:43:37.2700311] [Info   : Unity Log] Interact trigger destroying! name: InteractTrigger
[11:43:37.2700311] [Info   : Unity Log] Interact trigger destroying! name: InteractTrigger
[11:43:37.2700311] [Info   : Unity Log] Interact trigger destroying! name: InteractTrigger
[11:43:37.2700311] [Info   : Unity Log] Interact trigger destroying! name: InteractTrigger
[11:43:37.2700311] [Info   : Unity Log] Interact trigger destroying! name: InteractTrigger
[11:43:37.2700311] [Info   : Unity Log] Interact trigger destroying! name: InteractTrigger
[11:43:37.2700311] [Info   : Unity Log] Interact trigger destroying! name: InteractTrigger
[11:43:37.2700311] [Info   : Unity Log] Interact trigger destroying! name: InteractTrigger
[11:43:37.2700311] [Info   : Unity Log] Interact trigger destroying! name: InteractTrigger
[11:43:37.2710306] [Info   : Unity Log] Interact trigger destroying! name: InteractTrigger
[11:43:37.2710306] [Info   : Unity Log] Interact trigger destroying! name: InteractTrigger
[11:43:37.2710306] [Info   : Unity Log] Interact trigger destroying! name: InteractTrigger
[11:43:37.2710306] [Info   : Unity Log] Interact trigger destroying! name: InteractTrigger
[11:43:37.2710306] [Info   : Unity Log] Interact trigger destroying! name: InteractTrigger
[11:43:37.2710306] [Info   : Unity Log] Interact trigger destroying! name: InteractTrigger
[11:43:37.2710306] [Info   : Unity Log] Interact trigger destroying! name: InteractTrigger
[11:43:37.2710306] [Info   : Unity Log] Interact trigger destroying! name: InteractTrigger
[11:43:37.2710306] [Info   : Unity Log] Interact trigger destroying! name: InteractTrigger
[11:43:37.2710306] [Info   : Unity Log] Interact trigger destroying! name: InteractTrigger
[11:43:37.2720308] [Info   : Unity Log] Interact trigger destroying! name: InteractTrigger
[11:43:37.2720308] [Info   : Unity Log] Interact trigger destroying! name: InteractTrigger
[11:43:37.2720308] [Info   : Unity Log] Interact trigger destroying! name: InteractTrigger
[11:43:37.2720308] [Info   : Unity Log] Interact trigger destroying! name: InteractTrigger
[11:43:37.2720308] [Info   : Unity Log] Interact trigger destroying! name: InteractTrigger
[11:43:37.2720308] [Info   : Unity Log] Interact trigger destroying! name: InteractTrigger
[11:43:37.2720308] [Info   : Unity Log] Interact trigger destroying! name: InteractTrigger
[11:43:37.2720308] [Info   : Unity Log] Interact trigger destroying! name: InteractTrigger
[11:43:37.2720308] [Info   : Unity Log] Interact trigger destroying! name: InteractTrigger
[11:43:37.2720308] [Info   : Unity Log] Interact trigger destroying! name: InteractTrigger
[11:43:37.2720308] [Info   : Unity Log] Interact trigger destroying! name: InteractTrigger
[11:43:37.2720308] [Info   : Unity Log] Interact trigger destroying! name: InteractTrigger
[11:43:37.2730308] [Debug  :Starlancer AI Fix] MouthDog(Clone) from the exterior enemy list has died; 
Previous exterior power level is 0
[11:43:37.2730308] [Debug  :Starlancer AI Fix] Removing MouthDog(Clone)'s power (2) from the RoundManager; 
Current exterior power level is 0
[11:43:37.2750445] [Debug  :Starlancer AI Fix] LeafBoi(Clone) from the daytime enemy list has died; 
Previous daytime power level is 0
[11:43:37.2750445] [Debug  :Starlancer AI Fix] Removing LeafBoi(Clone)'s power (0.1) from the RoundManager; 
Current daytime power level is 0
[11:43:37.2750445] [Debug  :Starlancer AI Fix] LeafBoi(Clone) from the daytime enemy list has died; 
Previous daytime power level is 0
[11:43:37.2750445] [Debug  :Starlancer AI Fix] Removing LeafBoi(Clone)'s power (0.1) from the RoundManager; 
Current daytime power level is 0
[11:43:37.2760511] [Debug  :Starlancer AI Fix] LeafBoi(Clone) from the daytime enemy list has died; 
Previous daytime power level is 0
[11:43:37.2760511] [Debug  :Starlancer AI Fix] Removing LeafBoi(Clone)'s power (0.1) from the RoundManager; 
Current daytime power level is 0
[11:43:37.2760511] [Debug  :Starlancer AI Fix] LeafBoi(Clone) from the daytime enemy list has died; 
Previous daytime power level is 0
[11:43:37.2760511] [Debug  :Starlancer AI Fix] Removing LeafBoi(Clone)'s power (0.1) from the RoundManager; 
Current daytime power level is 0
[11:43:37.2793476] [Info   : Unity Log] Interact trigger destroying! name: EntranceTeleportA(Clone)
[11:43:37.2803516] [Info   : Unity Log] Interact trigger destroying! name: Cube
[11:43:37.2803516] [Info   : Unity Log] Interact trigger destroying! name: Cube
[11:43:37.2803516] [Info   : Unity Log] Interact trigger destroying! name: Cube
[11:43:37.2803516] [Info   : Unity Log] Interact trigger destroying! name: Cube
[11:43:37.2813473] [Info   : Unity Log] Interact trigger destroying! name: Cube
[11:43:37.2813473] [Info   : Unity Log] Interact trigger destroying! name: EntranceTeleportB(Clone)
[11:43:37.2813473] [Info   : Unity Log] Interact trigger destroying! name: Cube
[11:43:37.2813473] [Info   : Unity Log] Interact trigger destroying! name: Cube
[11:43:37.2813473] [Info   : Unity Log] Interact trigger destroying! name: Cube
[11:43:37.2813473] [Info   : Unity Log] Interact trigger destroying! name: Cube
[11:43:37.2823499] [Info   : Unity Log] Interact trigger destroying! name: Cube
[11:43:37.2823499] [Info   : Unity Log] Interact trigger destroying! name: Cube
[11:43:37.2823499] [Info   : Unity Log] Interact trigger destroying! name: Cube
[11:43:37.2823499] [Info   : Unity Log] Interact trigger destroying! name: Cube
[11:43:37.2823499] [Info   : Unity Log] Interact trigger destroying! name: Cube
[11:43:37.2833497] [Info   : Unity Log] Interact trigger destroying! name: Cube
[11:43:37.2833497] [Info   : Unity Log] Interact trigger destroying! name: Cube
[11:43:37.2833497] [Info   : Unity Log] Interact trigger destroying! name: Cube
[11:43:37.2833497] [Info   : Unity Log] Interact trigger destroying! name: Cube
[11:43:37.2843493] [Info   : Unity Log] Interact trigger destroying! name: Cube
[11:43:37.2843493] [Info   : Unity Log] Interact trigger destroying! name: Cube
[11:43:37.2843493] [Info   : Unity Log] Interact trigger destroying! name: Cube
[11:43:37.2843493] [Info   : Unity Log] Interact trigger destroying! name: Cube
[11:43:37.2843493] [Info   : Unity Log] Interact trigger destroying! name: Cube
[11:43:37.2843493] [Info   : Unity Log] Interact trigger destroying! name: Cube
[11:43:37.2853494] [Info   : Unity Log] Interact trigger destroying! name: Cube
[11:43:37.2853494] [Info   : Unity Log] Interact trigger destroying! name: Cube
[11:43:37.2853494] [Info   : Unity Log] Interact trigger destroying! name: Cube
[11:43:37.2853494] [Info   : Unity Log] Interact trigger destroying! name: Cube
[11:43:37.2863492] [Info   : Unity Log] Interact trigger destroying! name: Cube
[11:43:37.2863492] [Info   : Unity Log] Interact trigger destroying! name: Cube
[11:43:37.2863492] [Info   : Unity Log] Interact trigger destroying! name: Cube
[11:43:37.2863492] [Info   : Unity Log] Interact trigger destroying! name: Cube
[11:43:37.2863492] [Info   : Unity Log] Interact trigger destroying! name: Cube
[11:43:37.2863492] [Info   : Unity Log] Interact trigger destroying! name: Cube
[11:43:37.2863492] [Info   : Unity Log] Interact trigger destroying! name: Cube
[11:43:37.2863492] [Info   : Unity Log] Interact trigger destroying! name: Cube
[11:43:37.2878549] [Info   : Unity Log] Interact trigger destroying! name: Cube
[11:43:37.2878549] [Info   : Unity Log] Interact trigger destroying! name: Cube
[11:43:37.2878549] [Info   : Unity Log] Interact trigger destroying! name: Cube
[11:43:37.2878549] [Info   : Unity Log] Interact trigger destroying! name: Cube
[11:43:37.2878549] [Info   : Unity Log] Interact trigger destroying! name: Cube
[11:43:37.2888607] [Info   : Unity Log] Interact trigger destroying! name: Cube
[11:43:37.2888607] [Info   : Unity Log] Interact trigger destroying! name: Cube
[11:43:37.2888607] [Info   : Unity Log] Interact trigger destroying! name: Cube
[11:43:37.2888607] [Info   : Unity Log] Interact trigger destroying! name: Cube
[11:43:37.2898601] [Info   : Unity Log] Interact trigger destroying! name: Cube
[11:43:37.2898601] [Info   : Unity Log] Interact trigger destroying! name: Cube
[11:43:37.2898601] [Info   : Unity Log] Interact trigger destroying! name: Cube
[11:43:37.2898601] [Info   : Unity Log] Interact trigger destroying! name: Cube
[11:43:37.2898601] [Info   : Unity Log] Interact trigger destroying! name: Cube
[11:43:37.2908619] [Info   : Unity Log] Interact trigger destroying! name: Cube
[11:43:37.2908619] [Info   : Unity Log] Interact trigger destroying! name: Cube
[11:43:37.2908619] [Info   : Unity Log] Interact trigger destroying! name: Cube
[11:43:37.2908619] [Info   : Unity Log] Interact trigger destroying! name: Cube
[11:43:37.2908619] [Info   : Unity Log] Interact trigger destroying! name: Cube
[11:43:37.2919014] [Info   : Unity Log] Interact trigger destroying! name: Cube
[11:43:37.2919014] [Info   : Unity Log] Interact trigger destroying! name: Cube
[11:43:37.2919014] [Info   : Unity Log] Interact trigger destroying! name: Cube
[11:43:37.2919014] [Info   : Unity Log] Interact trigger destroying! name: Cube
[11:43:37.2929000] [Info   : Unity Log] Interact trigger destroying! name: Cube
[11:43:37.2929000] [Info   : Unity Log] Interact trigger destroying! name: Cube
[11:43:37.2929000] [Info   : Unity Log] Interact trigger destroying! name: Cube
[11:43:37.2929000] [Info   : Unity Log] Interact trigger destroying! name: InteractTrigger
[11:43:37.2929000] [Info   : Unity Log] Interact trigger destroying! name: InteractTrigger
[11:43:37.2929000] [Info   : Unity Log] Interact trigger destroying! name: InteractTrigger
[11:43:37.2929000] [Info   : Unity Log] Interact trigger destroying! name: InteractTrigger
[11:43:37.2929000] [Info   : Unity Log] Interact trigger destroying! name: Metal Crate(Clone)
[11:43:37.3024412] [Info   : Unity Log] Interact trigger destroying! name: ChangableSuit(Clone)
[11:43:37.3024412] [Debug  :suitsTerminal] Destroying SuitAttribute! [Smile]
[11:43:37.3024412] [Info   : Unity Log] Interact trigger destroying! name: ChangableSuit(Clone)
[11:43:37.3024412] [Debug  :suitsTerminal] Destroying SuitAttribute! [Slayer]
[11:43:37.3024412] [Info   : Unity Log] Interact trigger destroying! name: ChangableSuit(Clone)
[11:43:37.3024412] [Debug  :suitsTerminal] Destroying SuitAttribute! [Skeleton]
[11:43:37.3024412] [Info   : Unity Log] Interact trigger destroying! name: ChangableSuit(Clone)
[11:43:37.3024412] [Debug  :suitsTerminal] Destroying SuitAttribute! [Minion]
[11:43:37.3024412] [Info   : Unity Log] Interact trigger destroying! name: ChangableSuit(Clone)
[11:43:37.3024412] [Debug  :suitsTerminal] Destroying SuitAttribute! [Mario]
[11:43:37.3024412] [Info   : Unity Log] Interact trigger destroying! name: ChangableSuit(Clone)
[11:43:37.3024412] [Debug  :suitsTerminal] Destroying SuitAttribute! [Luigi]
[11:43:37.3024412] [Info   : Unity Log] Interact trigger destroying! name: ChangableSuit(Clone)
[11:43:37.3024412] [Debug  :suitsTerminal] Destroying SuitAttribute! [Knuckles]
[11:43:37.3024412] [Info   : Unity Log] Interact trigger destroying! name: ChangableSuit(Clone)
[11:43:37.3024412] [Debug  :suitsTerminal] Destroying SuitAttribute! [Kirby]
[11:43:37.3024412] [Info   : Unity Log] Interact trigger destroying! name: ChangableSuit(Clone)
[11:43:37.3024412] [Debug  :suitsTerminal] Destroying SuitAttribute! [Glow]
[11:43:37.3024412] [Info   : Unity Log] Interact trigger destroying! name: ChangableSuit(Clone)
[11:43:37.3024412] [Debug  :suitsTerminal] Destroying SuitAttribute! [Zero Two]
[11:43:37.3024412] [Info   : Unity Log] Interact trigger destroying! name: ChangableSuit(Clone)
[11:43:37.3024412] [Debug  :suitsTerminal] Destroying SuitAttribute! [Zero Two [White Suit]]
[11:43:37.3024412] [Info   : Unity Log] Interact trigger destroying! name: ChangableSuit(Clone)
[11:43:37.3024412] [Debug  :suitsTerminal] Destroying SuitAttribute! [Zero Two [School]]
[11:43:37.3037168] [Info   : Unity Log] Interact trigger destroying! name: ChangableSuit(Clone)
[11:43:37.3037168] [Debug  :suitsTerminal] Destroying SuitAttribute! [Zero Two [Red Suit]]
[11:43:37.3037168] [Info   : Unity Log] Interact trigger destroying! name: ChangableSuit(Clone)
[11:43:37.3037168] [Debug  :suitsTerminal] Destroying SuitAttribute! [Yang Xiao Long]
[11:43:37.3037168] [Info   : Unity Log] Interact trigger destroying! name: ChangableSuit(Clone)
[11:43:37.3037168] [Debug  :suitsTerminal] Destroying SuitAttribute! [Yang Xiao Long [Timeskip]]
[11:43:37.3037168] [Info   : Unity Log] Interact trigger destroying! name: ChangableSuit(Clone)
[11:43:37.3037168] [Debug  :suitsTerminal] Destroying SuitAttribute! [Yae Sakura [Neon Shade]]
[11:43:37.3037168] [Info   : Unity Log] Interact trigger destroying! name: ChangableSuit(Clone)
[11:43:37.3037168] [Debug  :suitsTerminal] Destroying SuitAttribute! [Weiss Schnee]
[11:43:37.3037168] [Info   : Unity Log] Interact trigger destroying! name: ChangableSuit(Clone)
[11:43:37.3037168] [Debug  :suitsTerminal] Destroying SuitAttribute! [Weiss Schnee [Timeskip]]
[11:43:37.3037168] [Info   : Unity Log] Interact trigger destroying! name: ChangableSuit(Clone)
[11:43:37.3037168] [Debug  :suitsTerminal] Destroying SuitAttribute! [Weedy]
[11:43:37.3037168] [Info   : Unity Log] Interact trigger destroying! name: ChangableSuit(Clone)
[11:43:37.3037168] [Debug  :suitsTerminal] Destroying SuitAttribute! [Theresa [Lunar Vow]]
[11:43:37.3037168] [Info   : Unity Log] Interact trigger destroying! name: ChangableSuit(Clone)
[11:43:37.3037168] [Debug  :suitsTerminal] Destroying SuitAttribute! [Sparkle]
[11:43:37.3037168] [Info   : Unity Log] Interact trigger destroying! name: ChangableSuit(Clone)
[11:43:37.3037168] [Debug  :suitsTerminal] Destroying SuitAttribute! [Silence Suzuka]
[11:43:37.3037168] [Info   : Unity Log] Interact trigger destroying! name: ChangableSuit(Clone)
[11:43:37.3037168] [Debug  :suitsTerminal] Destroying SuitAttribute! [Silence Suzuka [School]]
[11:43:37.3037168] [Info   : Unity Log] Interact trigger destroying! name: ChangableSuit(Clone)
[11:43:37.3037168] [Debug  :suitsTerminal] Destroying SuitAttribute! [Ruby Rose]
[11:43:37.3037168] [Info   : Unity Log] Interact trigger destroying! name: ChangableSuit(Clone)
[11:43:37.3037168] [Debug  :suitsTerminal] Destroying SuitAttribute! [Ruby Rose [Timeskip]]
[11:43:37.3037168] [Info   : Unity Log] Interact trigger destroying! name: ChangableSuit(Clone)
[11:43:37.3037168] [Debug  :suitsTerminal] Destroying SuitAttribute! [Roland]
[11:43:37.3037168] [Info   : Unity Log] Interact trigger destroying! name: ChangableSuit(Clone)
[11:43:37.3037168] [Debug  :suitsTerminal] Destroying SuitAttribute! [Mostima]
[11:43:37.3037168] [Info   : Unity Log] Interact trigger destroying! name: ChangableSuit(Clone)
[11:43:37.3037168] [Debug  :suitsTerminal] Destroying SuitAttribute! [Mostima [Maid]]
[11:43:37.3037168] [Info   : Unity Log] Interact trigger destroying! name: ChangableSuit(Clone)
[11:43:37.3037168] [Debug  :suitsTerminal] Destroying SuitAttribute! [Mejiro McQueen]
[11:43:37.3037168] [Info   : Unity Log] Interact trigger destroying! name: ChangableSuit(Clone)
[11:43:37.3037168] [Debug  :suitsTerminal] Destroying SuitAttribute! [Mejiro McQueen [School]]
[11:43:37.3037168] [Info   : Unity Log] Interact trigger destroying! name: ChangableSuit(Clone)
[11:43:37.3037168] [Debug  :suitsTerminal] Destroying SuitAttribute! [Mayano Top Gun]
[11:43:37.3037168] [Info   : Unity Log] Interact trigger destroying! name: ChangableSuit(Clone)
[11:43:37.3037168] [Debug  :suitsTerminal] Destroying SuitAttribute! [Mayano Top Gun [School]]
[11:43:37.3037168] [Info   : Unity Log] Interact trigger destroying! name: ChangableSuit(Clone)
[11:43:37.3037168] [Debug  :suitsTerminal] Destroying SuitAttribute! [Kiana]
[11:43:37.3037168] [Info   : Unity Log] Interact trigger destroying! name: ChangableSuit(Clone)
[11:43:37.3037168] [Debug  :suitsTerminal] Destroying SuitAttribute! [Kiana [Finality]]
[11:43:37.3037168] [Info   : Unity Log] Interact trigger destroying! name: ChangableSuit(Clone)
[11:43:37.3037168] [Debug  :suitsTerminal] Destroying SuitAttribute! [Faust]
[11:43:37.3047159] [Info   : Unity Log] Interact trigger destroying! name: ChangableSuit(Clone)
[11:43:37.3047159] [Debug  :suitsTerminal] Destroying SuitAttribute! [Cheval Grand]
[11:43:37.3047159] [Info   : Unity Log] Interact trigger destroying! name: ChangableSuit(Clone)
[11:43:37.3047159] [Debug  :suitsTerminal] Destroying SuitAttribute! [Cheval Grand [School]]
[11:43:37.3047159] [Info   : Unity Log] Interact trigger destroying! name: ChangableSuit(Clone)
[11:43:37.3047159] [Debug  :suitsTerminal] Destroying SuitAttribute! [Blake Belladonna]
[11:43:37.3047159] [Info   : Unity Log] Interact trigger destroying! name: ChangableSuit(Clone)
[11:43:37.3047159] [Debug  :suitsTerminal] Destroying SuitAttribute! [Blake Belladonna [Timeskip]]
[11:43:37.3047159] [Info   : Unity Log] Interact trigger destroying! name: ChangableSuit(Clone)
[11:43:37.3047159] [Debug  :suitsTerminal] Destroying SuitAttribute! [Anby]
[11:43:37.3047159] [Info   : Unity Log] Interact trigger destroying! name: ChangableSuit(Clone)
[11:43:37.3047159] [Debug  :suitsTerminal] Destroying SuitAttribute! [Orange suit]
[11:43:37.3047159] [Info   : Unity Log] Interact trigger destroying! name: LeverContainer
[11:43:37.3047159] [Info   : Unity Log] Interact trigger destroying! name: InteractTrigger
[11:43:37.3047159] [Info   : Unity Log] Interact trigger destroying! name: Trigger
[11:43:37.3077167] [Info   : Unity Log] Interact trigger destroying! name: Trigger
[11:43:37.3198070] [Info   : Unity Log] Resetting unlockables list!
[11:43:37.3208042] [Info   :BrutalCompanyMinusExtraReborn] Executing OnLocalDisconnect for all events()
[11:43:37.3218068] [Info   :HotbarPlus-1.8.5] Finished receiving OnUpdatePurchasedHotbarSlots update. New purchased hotbar slots: 0
[11:43:37.3228063] [Info   : Unity Log] Scene manager is null
[11:43:37.3243108] [Error  : Unity Log] NullReferenceException: Object reference not set to an instance of an object
Stack trace:
StartOfRound+<gameOverAnimation>d__303.MoveNext () (at <aca1e98d6f844d3f85cd22b6f7be2f9b>:IL_0149)
UnityEngine.SetupCoroutine.InvokeMoveNext (System.Collections.IEnumerator enumerator, System.IntPtr returnValueAddress) (at <c39a522eee05469b8171a6cfeb646c59>:IL_0026)

[11:43:37.3289822] [Info   :LethalPerformance] Saved 1 save(s)
[11:43:37.3816551] [Info   : Unity Log] Interact trigger destroying! name: Trigger
[11:43:37.3816551] [Info   : Unity Log] Interact trigger destroying! name: KillTrigger
[11:43:37.3816551] [Info   : Unity Log] Interact trigger destroying! name: KillTrigger (2)
[11:43:37.3816551] [Info   : Unity Log] Interact trigger destroying! name: KillTrigger (2)
[11:43:37.3816551] [Info   : Unity Log] Interact trigger destroying! name: KillTrigger (2)
[11:43:37.3826562] [Info   : Unity Log] Interact trigger destroying! name: KillTrigger (2)
[11:43:37.3981660] [Info   : Unity Log] Interact trigger destroying! name: LadderTrigger
[11:43:37.3981660] [Info   : Unity Log] Interact trigger destroying! name: LadderTrigger
[11:43:37.3981660] [Info   : Unity Log] Interact trigger destroying! name: EntranceTeleportB
[11:43:37.3981660] [Info   : Unity Log] Interact trigger destroying! name: EntranceTeleportA
[11:43:37.4111916] [Info   : Unity Log] DISABLING connection callbacks in round manager
[11:43:37.4252602] [Info   : Unity Log] Interact trigger destroying! name: StoryLogCollectable (3)
[11:43:37.4252602] [Info   : Unity Log] Interact trigger destroying! name: LadderTrigger
[11:43:37.4262615] [Info   : Unity Log] Terminal disabled, disabling ESC key listener
[11:43:37.4317720] [Info   : Unity Log] Interact trigger destroying! name: Cube
[11:43:37.4317720] [Info   : Unity Log] Interact trigger destroying! name: Cube
[11:43:37.4317720] [Info   : Unity Log] Interact trigger destroying! name: Cube
[11:43:37.4317720] [Info   : Unity Log] Interact trigger destroying! name: Cube (1)
[11:43:37.4317720] [Info   : Unity Log] Interact trigger destroying! name: Cube (2)
[11:43:37.4317720] [Info   : Unity Log] Interact trigger destroying! name: Cube (3)
[11:43:37.4317720] [Info   : Unity Log] Interact trigger destroying! name: LadderTrigger
[11:43:37.4317720] [Info   : Unity Log] Interact trigger destroying! name: trigger
[11:43:37.4317720] [Info   : Unity Log] Interact trigger destroying! name: trigger
[11:43:37.4317720] [Info   : Unity Log] Interact trigger destroying! name: LadderTrigger
[11:43:37.4317720] [Info   : Unity Log] Interact trigger destroying! name: LadderTrigger
[11:43:37.4317720] [Info   : Unity Log] Interact trigger destroying! name: TerminalScript
[11:43:37.4317720] [Info   : Unity Log] Interact trigger destroying! name: StartGameLever
[11:43:37.4317720] [Info   : Unity Log] Interact trigger destroying! name: Trigger
[11:43:37.4317720] [Info   : Unity Log] Interact trigger destroying! name: Cube
[11:43:37.4337723] [Info   : Unity Log] Interact trigger destroying! name: Cube (2)
[11:43:37.4337723] [Info   : Unity Log] Interact trigger destroying! name: Cube (2)
[11:43:37.4337723] [Info   : Unity Log] Interact trigger destroying! name: Cube (2)
[11:43:37.4337723] [Info   : Unity Log] Interact trigger destroying! name: Cube (3)
[11:43:37.4337723] [Info   : Unity Log] Interact trigger destroying! name: LightSwitch
[11:43:37.4337723] [Info   : Unity Log] Interact trigger destroying! name: KillTrigger
[11:43:37.4337723] [Info   : Unity Log] Interact trigger destroying! name: MagnetLever
[11:43:37.4499972] [Warning:LethalPerformance] EntranceTeleport search called with inactive objects, probably will cause incompatibility!
[11:43:37.4630126] [Warning:LethalPerformance] EntranceTeleport search called with inactive objects, probably will cause incompatibility!
[11:43:37.4695191] [Info   :MoreCompany] LANMenu startLAN Patched
[11:43:37.7639277] [Debug  :LCUltrawide_Community] NOT setting PixelResolution to [0]
[11:43:39.3524543] [Info   : Unity Log] Returning week num: 142
[11:43:39.3524543] [Info   : Unity Log] week num: 142
[11:43:39.3589655] [Debug  :Buttery Fixes] Menu: Override volumes on camera CanvasCam
[11:43:39.3589655] [Message:LethalSponge] Calling initial Resources.UnloadUnusedAssets().
[11:43:39.3699793] [Debug  :PizzaTowerEscapeMusic GameEventListener] Sound Manager destroyed
[11:43:39.3779780] [Info   :PizzaTowerEscapeMusic MusicManager] All music clips unloaded
[11:43:39.3779780] [Debug  :PizzaTowerEscapeMusic GameEventListener] Ship returned to orbit
[11:43:39.3810268] [Info   :LethalPerformance] Saved 1 save(s)
[11:43:40.8235253] [Debug  :ainavt.lc.lethalconfig] Injecting mod config menu into main menu...
[11:43:40.8370346] [Info   :TestAccountCore] TestAccountCore is running on version v81!
[11:43:41.7702973] [Info   : Unity Log] host button pressed
[11:43:41.7712969] [Info   : Unity Log] Returning week num: 142
[11:43:42.7557061] [Info   :LethalPerformance] Saved 1 save(s)
[11:43:43.0172975] [Info   : Unity Log] Displaying menu message
[11:43:43.0193744] [Debug  :LethalNetworkAPI] Created UnnamedMessageHandler instance.
[11:43:43.0193744] [Info   :AdditionalNetworking] Registering Named Messages!
[11:43:43.0193744] [Info   :LobbyControl] Registering Named Messages!
[11:43:43.0193744] [Info   : Unity Log] Connection approval callback! Game version of client request: 
[11:43:43.0193744] [Info   : Unity Log] Joining client id: 0; Local/host client id: 0
[11:43:43.0193744] [Info   : Unity Log] Stopped connection approval callback, as the client in question was the host!
[11:43:43.0193744] [Warning: Unity Log] [Netcode] You cannot decline the host connection. The connection was automatically approved.
[11:43:43.0358818] [Info   : Unity Log] started host!
[11:43:43.0358818] [Info   : Unity Log] are we in a server?: True
[11:43:43.0358818] [Info   : Unity Log] Lobby has been created
[11:43:44.6922814] [Error  : Unity Log] FileNotFoundException: Could not load file or assembly 'nunit.framework, Version=3.5.0.0, Culture=neutral, PublicKeyToken=2638cd05610744eb' or one of its dependencies.
Stack trace:
System.MonoCustomAttrs.IsDefined (System.Reflection.ICustomAttributeProvider obj, System.Type attributeType, System.Boolean inherit) (at <1071a2cb0cb3433aae80a793c277a048>:IL_0027)
System.RuntimeType.IsDefined (System.Type attributeType, System.Boolean inherit) (at <1071a2cb0cb3433aae80a793c277a048>:IL_0038)
SoftMasking.MaterialReplacer.IsMaterialReplacerType (System.Type t) (at <f6d400b2730f4700aa0acc85707a1316>:IL_000B)
System.Linq.Enumerable+WhereSelectEnumerableIterator`2[TSource,TResult].MoveNext () (at <ea489521390f48908a7ce45cb17a6848>:IL_0037)
System.Linq.Enumerable+WhereEnumerableIterator`1[TSource].ToList () (at <ea489521390f48908a7ce45cb17a6848>:IL_0030)
System.Linq.Enumerable.ToList[TSource] (System.Collections.Generic.IEnumerable`1[T] source) (at <ea489521390f48908a7ce45cb17a6848>:IL_001F)
SoftMasking.MaterialReplacer.get_globalReplacers () (at <f6d400b2730f4700aa0acc85707a1316>:IL_000C)
SoftMasking.SoftMask..ctor () (at <f6d400b2730f4700aa0acc85707a1316>:IL_0032)

[11:43:44.7093723] [Warning: Unity Log] The referenced script on this Behaviour (Game Object 'ControlDesk') is missing!
[11:43:44.7103720] [Warning: Unity Log] The referenced script on this Behaviour (Game Object 'Audio') is missing!
[11:43:44.7103720] [Warning: Unity Log] The referenced script on this Behaviour (Game Object 'Trigger') is missing!
[11:43:44.7103720] [Warning: Unity Log] The referenced script on this Behaviour (Game Object 'LampSqueakAudio') is missing!
[11:43:44.7113712] [Warning: Unity Log] The referenced script on this Behaviour (Game Object 'AmbienceSource') is missing!
[11:43:44.7113712] [Warning: Unity Log] The referenced script on this Behaviour (Game Object 'HangarShip') is missing!
[11:43:44.7619875] [Warning:LethalPerformance] EntranceTeleport search called with inactive objects, probably will cause incompatibility!
[11:43:44.7991892] [Debug  :More Ship Upgrades] [StartOfRoundPatcher] Initiating components...
[11:43:44.8001892] [Info   :More Ship Upgrades] [LguStore] Loading save file for slot 0.
[11:43:44.8001892] [Info   :More Ship Upgrades] [LguStore] SteamID is not available yet, waiting...
[11:43:44.8006932] [Info   :More Ship Upgrades] Registering key item under level 0 of Fusion Matter
[11:43:44.8006932] [Info   :More Ship Upgrades] Registering flashlight item under level 0 of Fusion Matter
[11:43:44.8006932] [Info   :More Ship Upgrades] Registering walkie-talkie item under level 0 of Fusion Matter
[11:43:44.8006932] [Info   :More Ship Upgrades] Registering shovel item under level 1 of Fusion Matter
[11:43:44.8006932] [Info   :More Ship Upgrades] Registering pro-flashlight item under level 1 of Fusion Matter
[11:43:44.8006932] [Info   :More Ship Upgrades] Registering belt bag item under level 2 of Fusion Matter
[11:43:44.8006932] [Info   :More Ship Upgrades] Registering radar-booster item under level 2 of Fusion Matter
[11:43:44.8006932] [Info   :More Ship Upgrades] [Hunter] Hoarding Bug set to be harvestable at level 1
[11:43:44.8006932] [Info   :More Ship Upgrades] [Hunter] Snare Flea set to be harvestable at level 1
[11:43:44.8006932] [Info   :More Ship Upgrades] [Hunter] Spore Lizard set to be harvestable at level 1
[11:43:44.8006932] [Info   :More Ship Upgrades] [Hunter] Bunker Spider set to be harvestable at level 2
[11:43:44.8006932] [Info   :More Ship Upgrades] [Hunter] Baboon Hawk set to be harvestable at level 2
[11:43:44.8006932] [Info   :More Ship Upgrades] [Hunter] Tulip Snake set to be harvestable at level 2
[11:43:44.8006932] [Info   :More Ship Upgrades] [Hunter] Kidnapper Fox set to be harvestable at level 2
[11:43:44.8006932] [Info   :More Ship Upgrades] [Hunter] Giant Kiwi set to be harvestable at level 2
[11:43:44.8006932] [Info   :More Ship Upgrades] [Hunter] Bracken set to be harvestable at level 3
[11:43:44.8006932] [Info   :More Ship Upgrades] [Hunter] Eyeless Dog set to be harvestable at level 3
[11:43:44.8006932] [Info   :More Ship Upgrades] [Hunter] Half/Thumper set to be harvestable at level 3
[11:43:44.8006932] [Info   :More Ship Upgrades] [Hunter] Manticoil set to be harvestable at level 3
[11:43:44.8006932] [Info   :More Ship Upgrades] [Hunter] Maneater set to be harvestable at level 3
[11:43:44.8006932] [Info   :More Ship Upgrades] [Hunter] Forest Giant set to be harvestable at level 4
[11:43:44.8006932] [Info   :More Ship Upgrades] [UpgradeBus] Successfully reconstructed with hosts config.
[11:43:44.8026984] [Info   :More Ship Upgrades] [LguStore] Successfully spawned 61 upgrade objects.
[11:43:44.8026984] [Debug  :More Ship Upgrades] [StartOfRoundPatcher] LguStore component initiated...
[11:43:44.8026984] [Info   :LethalLevelLoader] LethalLevelLoaderNetworkManager Spawned.
[11:43:45.0111426] [Info   :LethalLevelLoader] Initialized LLL Save File, Current Level Was: CompanyBuildingLevel, Current Vanilla Save Is: LCSaveFile1
[11:43:45.0111426] [Info   :LethalLevelLoader] NetworkBundleManager Initializing.
[11:43:45.0111426] [Info   :LethalLevelLoader] Refeshing Loaded Bundles Status!
[11:43:45.0111426] [Info   :LethalLevelLoader] Sending LoadedStatus: True To Server!
[11:43:45.0111426] [Info   :LethalLevelLoader] LoadedStatus Is Currently: (1 / 1)
[11:43:45.4716687] [Debug  :ScandalsTweaks] Could not find Hurricane weather effects
[11:43:45.9979738] [Debug  :ScandalsTweaks] Could not find Forsaken weather effects
[11:43:46.4592721] [Debug  :ScandalsTweaks] Could not find Acid-Rain weather effects
[11:43:46.4602752] [Debug  :ButteRyBalance] Successfully spawned network handler.
[11:43:46.4602752] [Debug  :ButteRyBalance] Cruiser: Turbo 5 => 0
[11:43:46.4602752] [Info   :TooManyEmotes-2.3.17] Loading AudioManager preferences.
[11:43:46.4602752] [Debug  :Buttery Fixes] Bulb off: Flashlight
[11:43:46.4602752] [Debug  :Buttery Fixes] Conductive: Lockpicker (True)
[11:43:46.4602752] [Debug  :Buttery Fixes] Bulb off: Pro-flashlight
[11:43:46.4602752] [Debug  :Buttery Fixes] Cause of death: Extension ladder
[11:43:46.4602752] [Debug  :Buttery Fixes] Cooldown: Cash register
[11:43:46.4602752] [Debug  :Buttery Fixes] Cooldown: Clown horn
[11:43:46.4602752] [Debug  :Buttery Fixes] Conductive: Dust pan (True)
[11:43:46.4602752] [Debug  :Buttery Fixes] Conductive: Golden cup (True)
[11:43:46.4602752] [Debug  :Buttery Fixes] Cooldown: Hairdryer
[11:43:46.4602752] [Debug  :Buttery Fixes] Inspectable: Pill bottle (True)
[11:43:46.4602752] [Debug  :Buttery Fixes] Factory: Hive
[11:43:46.4602752] [Debug  :Buttery Fixes] Conductive: Shotgun (True)
[11:43:46.4602752] [Debug  :Buttery Fixes] Inspectable: Spray paint (True)
[11:43:46.4602752] [Debug  :Buttery Fixes] Conductive: Spray paint (True)
[11:43:46.4612737] [Debug  :Buttery Fixes] Scan node: Kitchen knife
[11:43:46.4612737] [Debug  :Buttery Fixes] Inspectable: Weed killer (True)
[11:43:46.4612737] [Debug  :Buttery Fixes] Factory: Egg
[11:43:46.4612737] [Debug  :Buttery Fixes] Inspectable: Egg (False)
[11:43:46.4612737] [Debug  :Buttery Fixes] LoDs: Knee
[11:43:46.4612737] [Debug  :Buttery Fixes] Animation: Heart
[11:43:46.4612737] [Debug  :Buttery Fixes] Sync: Tongue
[11:43:46.4622744] [Debug  :Buttery Fixes] Inspect tooltip: Whistle
[11:43:46.4622744] [Debug  :Buttery Fixes] Inspect tooltip: PluckAPhone
[11:43:46.4622744] [Debug  :Buttery Fixes] Inspect tooltip: Glow Seed
[11:43:46.4622744] [Debug  :Buttery Fixes] Cause of death: Extension ladder
[11:43:46.4622744] [Debug  :Buttery Fixes] Bulb off: Flashlight
[11:43:46.4622744] [Debug  :Buttery Fixes] Conductive: Lockpicker (True)
[11:43:46.4622744] [Debug  :Buttery Fixes] Bulb off: Pro-flashlight
[11:43:46.4622744] [Debug  :Buttery Fixes] Inspectable: Spray paint (True)
[11:43:46.4622744] [Debug  :Buttery Fixes] Inspect tooltip: Spray paint
[11:43:46.4622744] [Debug  :Buttery Fixes] Conductive: Spray paint (True)
[11:43:46.4622744] [Debug  :Buttery Fixes] Inspect tooltip: TZP-Inhalant
[11:43:46.4622744] [Debug  :Buttery Fixes] Inspect tooltip: Walkie-talkie
[11:43:46.4622744] [Debug  :Buttery Fixes] Inspectable: Weed killer (True)
[11:43:46.4622744] [Debug  :Buttery Fixes] Inspect tooltip: Weed killer
[11:43:46.4622744] [Debug  :Buttery Fixes] Inspect tooltip: Page
[11:43:46.4632745] [Debug  :Buttery Fixes] Inspect tooltip: Page
[11:43:46.4632745] [Debug  :Buttery Fixes] Inspect tooltip: Page
[11:43:46.4632745] [Debug  :Buttery Fixes] Inspect tooltip: Page
[11:43:46.4632745] [Debug  :Buttery Fixes] Inspect tooltip: Strange Page
[11:43:46.4632745] [Debug  :Buttery Fixes] Inspect tooltip: Missing Poster
[11:43:46.4632745] [Debug  :Buttery Fixes] Inspect tooltip: Dirty Page
[11:43:46.4632745] [Debug  :Buttery Fixes] Inspect tooltip: Mysterious Page
[11:43:46.4632745] [Debug  :Buttery Fixes] Inspect tooltip: Job application
[11:43:46.4632745] [Debug  :Buttery Fixes] Scan node rigidbody: The talking orb
[11:43:46.4632745] [Debug  :Buttery Fixes] Inspect tooltip: Coil-shell
[11:43:46.4632745] [Debug  :Buttery Fixes] Inspect tooltip: Nethersomes duck
[11:43:46.4632745] [Debug  :Buttery Fixes] Inspect tooltip: Autumnis Iron Dog
[11:43:46.4632745] [Debug  :Buttery Fixes] Inspect tooltip: Ccodes dog
[11:43:46.4632745] [Debug  :Buttery Fixes] Inspect tooltip: Jacu dog
[11:43:46.4632745] [Debug  :Buttery Fixes] Inspect tooltip: Whistle
[11:43:46.4632745] [Debug  :Buttery Fixes] Inspect tooltip: PluckAPhone
[11:43:46.4632745] [Debug  :Buttery Fixes] Inspect tooltip: Cartridge [Racing into the Night]
[11:43:46.4632745] [Debug  :Buttery Fixes] Inspect tooltip: Cartridge [ReDreaming Angel]
[11:43:46.4632745] [Debug  :Buttery Fixes] Inspect tooltip: Cartridge [Glitched]
[11:43:46.4632745] [Debug  :Buttery Fixes] Inspect tooltip: Glow Seed
[11:43:46.4642745] [Debug  :Buttery Fixes] Scan node rigidbody: Grabbable Landmine
[11:43:46.4642745] [Debug  :Buttery Fixes] Value: Sticky note
[11:43:46.4642745] [Debug  :Buttery Fixes] Utility: Sticky note
[11:43:46.4642745] [Debug  :Buttery Fixes] Value: Clipboard
[11:43:46.4642745] [Debug  :Buttery Fixes] Cause of death: Ship
[11:43:46.4642745] [Debug  :Buttery Fixes] Cooldown: Jack o' Lantern
[11:43:46.4642745] [Debug  :Buttery Fixes] Cooldown: Plushie pajama man
[11:43:46.4642745] [Debug  :Buttery Fixes] Collision: Microwave
[11:43:46.4642745] [Debug  :Buttery Fixes] Text: Microwave
[11:43:46.4642745] [Debug  :Buttery Fixes] Collision: Fridge
[11:43:46.4642745] [Debug  :Buttery Fixes] Orbit visuals: Particles
[11:43:46.4642745] [Debug  :Buttery Fixes] Orbit visuals: Camera flash
[11:43:46.4642745] [Debug  :Buttery Fixes] Ragdoll: Sapsucker pieces
[11:43:46.4642745] [Debug  :Buttery Fixes] Orbit visuals: Terminal on CCTV
[11:43:46.4642745] [Debug  :Enemy Sound Fixes] Doppler level: Ship speakers
[11:43:46.4642745] [Debug  :Enemy Sound Fixes] Doppler level: Cruiser
[11:43:46.4642745] [Debug  :Enemy Sound Fixes] Audio rolloff: Sticky note
[11:43:46.4642745] [Debug  :Enemy Sound Fixes] Audio rolloff: Clipboard
[11:43:46.4642745] [Debug  :Enemy Sound Fixes] Doppler level: Record player
[11:43:46.4642745] [Debug  :Enemy Sound Fixes] Doppler level: Disco ball
[11:43:46.4642745] [Debug  :Enemy Sound Fixes] Audio: Microwave
[11:43:46.4713494] [Debug  :Enemy Sound Fixes] Doppler level: Boombox
[11:43:46.4713494] [Debug  :Enemy Sound Fixes] Audio rolloff: Mapper
[11:43:46.4713494] [Debug  :Enemy Sound Fixes] Walkie talkie: Let's make some noise!
[11:43:46.4713494] [Debug  :Enemy Sound Fixes] Audio rolloff: Zap gun
[11:43:46.4713494] [Debug  :Enemy Sound Fixes] Audio rolloff: Large axle
[11:43:46.4713494] [Debug  :Enemy Sound Fixes] Audio rolloff: Plastic fish
[11:43:46.4713494] [Debug  :Enemy Sound Fixes] Audio rolloff: Hive
[11:43:46.4713494] [Debug  :Enemy Sound Fixes] Loop: Weed killer
[11:43:46.4713494] [Debug  :Enemy Sound Fixes] Doppler level: Boombox
[11:43:46.4713494] [Debug  :Enemy Sound Fixes] Walkie talkie: Let's make some noise!
[11:43:46.4713494] [Debug  :Enemy Sound Fixes] Loop: Weed killer
[11:43:46.4713494] [Debug  :Enemy Sound Fixes] Audio rolloff: Zap gun
[11:43:46.4713494] [Debug  :Enemy Sound Fixes] Audio: Golden cup
[11:43:46.4713494] [Debug  :Enemy Sound Fixes] Audio: Metal sheet
[11:43:46.4713494] [Debug  :Enemy Sound Fixes] Audio: Garbage lid
[11:43:46.4713494] [Debug  :Enemy Sound Fixes] Audio: Brush
[11:43:46.4713494] [Debug  :Enemy Sound Fixes] Audio: Old phone
[11:43:46.4713494] [Debug  :Enemy Sound Fixes] Audio: Remote
[11:43:46.4713494] [Debug  :Enemy Sound Fixes] Audio: Steering wheel
[11:43:46.4713494] [Debug  :Enemy Sound Fixes] Audio: Toy cube
[11:43:46.4713494] [Debug  :Enemy Sound Fixes] Audio: Painting
[11:43:46.4713494] [Debug  :Enemy Sound Fixes] Audio: Pill bottle
[11:43:46.4713494] [Debug  :Mask Fixes] Cached Comedy LOD
[11:43:46.4713494] [Debug  :Mask Fixes] Cached Comedy model
[11:43:46.4713494] [Debug  :Mask Fixes] Cached Comedy material
[11:43:46.4713494] [Debug  :Mask Fixes] Cached Comedy glowing eyes
[11:43:46.4713494] [Debug  :Mask Fixes] Cached Tragedy LOD
[11:43:46.4713494] [Debug  :Mask Fixes] Cached Tragedy model
[11:43:46.4713494] [Debug  :Mask Fixes] Cached Tragedy material
[11:43:46.4713494] [Debug  :Mask Fixes] Cached Tragedy glowing eyes
[11:43:46.4713494] [Debug  :Mask Fixes] Cached Tragedy random audio
[11:43:46.4713494] [Debug  :Mask Fixes] Tragedy mask: Re-assigned glowing eyes
[11:43:46.4713494] [Debug  :Mask Fixes] Tragedy mask: Re-assigned LOD
[11:43:46.4713494] [Info   :darmuhsTerminalStuff] Nethandler Spawned!
[11:43:46.5089295] [Info   :GoldenKitten.FairAI] [INJECT-DIAG] Turret found. NetworkObjectId=0, IsSpawned=False, HasNetworkObject=True, AlreadyHasFAIR_AI=True
[11:43:46.5089295] [Info   :GoldenKitten.FairAI] [INJECT-DIAG] Turret found. NetworkObjectId=0, IsSpawned=False, HasNetworkObject=False, AlreadyHasFAIR_AI=True
[11:43:46.5089295] [Info   :GoldenKitten.FairAI] [INJECT-DIAG] Turret found. NetworkObjectId=0, IsSpawned=False, HasNetworkObject=False, AlreadyHasFAIR_AI=True
[11:43:46.5089295] [Info   :GoldenKitten.FairAI] FAIR_AI injection complete: 0 added, 3 already present (out of 3 turrets found).
[11:43:46.5089295] [Info   :Jordo.NeedyCats] Added NeedyCats items to items list.
[11:43:46.5089295] [Info   : Unity Log] [F] Registering spawnables in instance.
[11:43:46.5099277] [Info   :HerobrineMod] Added Network Behaviour Component
[11:43:46.5099277] [Info   :HerobrineMod] Registering ragdoll...
[11:43:46.5099277] [Info   :HerobrineMod] Registering spawnables in instance.
[11:43:46.5109286] [Info   :Rolling Giant] [RandomlyMoveWhileLooking]: moveSpeed: 2, moveAcceleration: 1, moveDeceleration: 0.5, rotateToLookAtPlayer: True, delayBeforeLookingAtPlayer: 2, lookAtPlayerDuration: 3, waitTimeMin: 1, waitTimeMax: 3, randomMoveTimeMin: 1, randomMoveTimeMax: 3, lookTimeBeforeAgro: 0
[11:43:46.5109286] [Info   :Rolling Giant] Config sync request sent.
[11:43:46.5109286] [Message:Rolling Giant] Rolling Giant AI changed: RandomlyMoveWhileLooking
[11:43:46.5109286] [Debug  :  SnowyLib] NetworkHandler spawned
[11:43:46.5221443] [Info   : Unity Log] Enabling connection callbacks in StartOfRound
[11:43:46.5221443] [Info   : Unity Log] Began listening to SceneManager_OnLoadComplete1 on this client
[11:43:46.5261437] [Info   : LethalLib] Adding 3 unlockables to unlockables list
[11:43:46.5261437] [Info   : LethalLib] Unlockable pikmin-container already exists in unlockables list, skipping
[11:43:46.5261437] [Info   : LethalLib] Unlockable Tricknoll already exists in unlockables list, skipping
[11:43:46.5261437] [Info   : LethalLib] Unlockable pikmin-signal already exists in unlockables list, skipping
[11:43:46.5261437] [Info   : LethalLib] Keyword tricknoll already registed, skipping.
[11:43:46.5292183] [Info   : LethalLib] Adding 5 items to terminal
[11:43:46.5292183] [Warning:   DawnLib] Command dawn_lib:simulate_command already injected into terminal, yet tried to inject again.
[11:43:46.5292183] [Warning:   DawnLib] Command dawn_lib:filter_command already injected into terminal, yet tried to inject again.
[11:43:46.5292183] [Warning:   DawnLib] Command code_rebirth:mel_loving_command already injected into terminal, yet tried to inject again.
[11:43:46.5292183] [Debug  :Enemy Sound Fixes] Audio rolloff: Clipboard (Cruiser)
[11:43:46.5432780] [Debug  :Enemy Sound Fixes] Cruiser: Engine run
[11:43:46.5432780] [Debug  :Enemy Sound Fixes] Cruiser: Engine run #2
[11:43:46.5603560] [Info   :darmuhsTerminalStuff] AddCommands called for TerminalStuffMain listing
[11:43:46.5613560] [Message:CruiserImproved] Setup as host!
[11:43:46.5613560] [Debug  :Buttery Fixes] Cached reference to tile "ElevatorConnector"
[11:43:46.5613560] [Debug  :Buttery Fixes] Cached reference to tile "MediumRoomHallway1B"
[11:43:46.5613560] [Debug  :Buttery Fixes] Cached reference to tile "SmallPillarRoom"
[11:43:46.5613560] [Debug  :Buttery Fixes] Cached reference to tile "SmallLRoom"
[11:43:46.5613560] [Debug  :Buttery Fixes] Cached reference to tile "DoubleDoorRoom"
[11:43:46.5613560] [Debug  :Buttery Fixes] Cached reference to tile "4x4BigStairTile"
[11:43:46.5613560] [Debug  :Buttery Fixes] Cached reference to tile "4x4ServerRoomTile"
[11:43:46.5613560] [Debug  :Buttery Fixes] Cached reference to tile "LargeForkTileB"
[11:43:46.5613560] [Debug  :Buttery Fixes] Cached reference to tile "StairHoleTile"
[11:43:46.5613560] [Debug  :Buttery Fixes] Cached reference to tile "SmallStorageTile"
[11:43:46.5613560] [Debug  :Buttery Fixes] Cached reference to tile "StartRoom"
[11:43:46.5613560] [Debug  :Buttery Fixes] Cached reference to tile "THallwayIntersectionB"
[11:43:46.5613560] [Debug  :Buttery Fixes] Cached reference to tile "HallwayCloverIntersection"
[11:43:46.5613560] [Debug  :Buttery Fixes] Cached reference to tile "HallwayCorner"
[11:43:46.5613560] [Debug  :Buttery Fixes] Cached reference to tile "SmallStairTile"
[11:43:46.5613560] [Debug  :Buttery Fixes] Cached reference to tile "HallwayCloverInverse"
[11:43:46.5613560] [Debug  :Buttery Fixes] Cached reference to tile "CatwalkTile2x1Split"
[11:43:46.5613560] [Debug  :Buttery Fixes] Cached reference to tile "CatwalkTile2x1"
[11:43:46.5613560] [Debug  :Buttery Fixes] Cached reference to tile "Diagonal1Tile"
[11:43:46.5613560] [Debug  :Buttery Fixes] Cached reference to tile "NarrowHallwayTile"
[11:43:46.5613560] [Debug  :Buttery Fixes] Cached reference to tile "SmallStorageTile (2) Variant"
[11:43:46.5613560] [Debug  :Buttery Fixes] Cached reference to tile "Level2StartRoomConnector"
[11:43:46.5613560] [Debug  :Buttery Fixes] Cached reference to tile "BathroomTileContainer"
[11:43:46.5613560] [Debug  :Buttery Fixes] Cached reference to tile "GarageTile"
[11:43:46.5613560] [Debug  :Buttery Fixes] Cached reference to tile "BedroomTile"
[11:43:46.5613560] [Debug  :Buttery Fixes] Cached reference to tile "BedroomTileB"
[11:43:46.5613560] [Debug  :Buttery Fixes] Cached reference to tile "LargeHallwayOpeningTile"
[11:43:46.5613560] [Debug  :Buttery Fixes] Cached reference to tile "CloverTile"
[11:43:46.5613560] [Debug  :Buttery Fixes] Cached reference to tile "HallwayTileTypeA"
[11:43:46.5613560] [Debug  :Buttery Fixes] Cached reference to tile "HallwayTileTypeB"
[11:43:46.5613560] [Debug  :Buttery Fixes] Cached reference to tile "HallwayTileTypeC"
[11:43:46.5613560] [Debug  :Buttery Fixes] Cached reference to tile "HallwayTileTypeD"
[11:43:46.5613560] [Debug  :Buttery Fixes] Cached reference to tile "ManorStairTile"
[11:43:46.5613560] [Debug  :Buttery Fixes] Cached reference to tile "LivingRoomTile"
[11:43:46.5613560] [Debug  :Buttery Fixes] Cached reference to tile "LibraryTile"
[11:43:46.5613560] [Debug  :Buttery Fixes] Cached reference to tile "KitchenTile"
[11:43:46.5613560] [Debug  :Buttery Fixes] Cached reference to tile "ThinStairTile"
[11:43:46.5613560] [Debug  :Buttery Fixes] Cached reference to tile "ManorStartRoomSmall"
[11:43:46.5613560] [Debug  :Buttery Fixes] Cached reference to tile "NarrowHallwayTile2x2"
[11:43:46.5613560] [Debug  :Buttery Fixes] Cached reference to tile "PoolTile"
[11:43:46.5613560] [Debug  :Buttery Fixes] Cached reference to tile "WindowTile"
[11:43:46.5613560] [Debug  :Buttery Fixes] Cached reference to tile "BirthdayRoomTile"
[11:43:46.5613560] [Debug  :Buttery Fixes] Cached reference to tile "GreenhouseTile"
[11:43:46.5613560] [Debug  :Buttery Fixes] Cached reference to tile "MineshaftStartTile"
[11:43:46.5613560] [Debug  :Buttery Fixes] Cached reference to tile "CaveEntranceTile1a Variant"
[11:43:46.5613560] [Debug  :Buttery Fixes] Cached reference to tile "CaveEntranceTile1a Variant 1"
[11:43:46.5613560] [Debug  :Buttery Fixes] Cached reference to tile "CaveEntranceTile1a Variant 2"
[11:43:46.5613560] [Debug  :Buttery Fixes] Cached reference to tile "CaveEntranceTile1a Variant 3"
[11:43:46.5613560] [Debug  :Buttery Fixes] Cached reference to tile "TunnelSplit"
[11:43:46.5613560] [Debug  :Buttery Fixes] Cached reference to tile "DeepShaftTile"
[11:43:46.5613560] [Debug  :Buttery Fixes] Cached reference to tile "GrandTunnelRamp"
[11:43:46.5613560] [Debug  :Buttery Fixes] Cached reference to tile "CaveCrampedIntersectTile"
[11:43:46.5613560] [Debug  :Buttery Fixes] Cached reference to tile "CaveForkStairTile"
[11:43:46.5613560] [Debug  :Buttery Fixes] Cached reference to tile "CaveSmallIntersectTile"
[11:43:46.5613560] [Debug  :Buttery Fixes] Cached reference to tile "CaveYTile"
[11:43:46.5613560] [Debug  :Buttery Fixes] Cached reference to tile "CaveLongRampTile"
[11:43:46.5613560] [Debug  :Buttery Fixes] Cached reference to tile "CaveWaterTile"
[11:43:46.5613560] [Debug  :Buttery Fixes] Cached reference to tile "CaveEntranceTile1"
[11:43:46.5613560] [Debug  :Buttery Fixes] Cached reference to tile "CaveEntranceTile2"
[11:43:46.5613560] [Debug  :Buttery Fixes] Cached reference to tile "CaveEntranceTile3"
[11:43:46.5613560] [Debug  :Buttery Fixes] Cached reference to tile "CaveEntranceTile4"
[11:43:46.5613560] [Debug  :Buttery Fixes] Cached reference to tile "TunnelSplitEndTile"
[11:43:46.5613560] [Debug  :Buttery Fixes] Cached reference to tile "CaveCramped ExitTile Variant"
[11:43:46.5613560] [Debug  :Buttery Fixes] MediumRoomHallway1B: Removed obsolete triggers (fix spray paint)
[11:43:46.5623573] [Debug  :Buttery Fixes] DoubleDoorRoom: Removed obsolete triggers (fix spray paint)
[11:43:46.5623573] [Debug  :Buttery Fixes] KitchenTile: Adjusted collider on prop "coffeeTable"
[11:43:46.5623573] [Debug  :Buttery Fixes] GreenhouseTile: Removed unused collider "Cube (4)"
[11:43:46.5623573] [Debug  :Buttery Fixes] GreenhouseTile: Removed unused collider "Cube (6)"
[11:43:46.5623573] [Debug  :Buttery Fixes] GreenhouseTile: Removed unused collider "Cube (7)"
[11:43:46.5623573] [Debug  :Buttery Fixes] GreenhouseTile: Removed unused collider "Cube (5)"
[11:43:46.5623573] [Debug  :Enemy Sound Fixes] Cached wooden door sounds
[11:43:46.5633556] [Info   :mrgrm7.LethalCasino] RoundManagerPatch has awoken
[11:43:46.5633556] [Message:mrgrm7.LethalCasino] Awaking CasinoManager
[11:43:46.5633556] [Warning: Unity Log] DontDestroyOnLoad only works for root GameObjects or components on root GameObjects.
[11:43:46.5633556] [Message:mrgrm7.LethalCasino] CasinoManager is awake
[11:43:46.5633556] [Info   :TooManyEmotes-2.3.17] Initializing emote menu
[11:43:46.5653560] [Info   :TooManyEmotes-2.3.17] Loading AudioManager preferences.
[11:43:46.5653560] [Info   :TooManyEmotes-2.3.17] Loading ThirdPersonEmoteController preferences.
[11:43:46.5653560] [Info   :TooManyEmotes-2.3.17] Initializing animation renderer
[11:43:46.5653560] [Debug  :ShipWindows] Loading windows unlock data...
[11:43:46.5653560] [Debug  :ShipWindows] No unlock data!
[11:43:46.5673559] [Debug  :ReXuvination] Optimised Collider layers in KillLocalPlayer for Object: KillTrigger (UnityEngine.GameObject)
[11:43:46.5673559] [Warning:SoftMaskKiller] Preventing SoftMask from being enabled because of an exception: System.NullReferenceException: Object reference not set to an instance of an object
  at SoftMasking.SoftMask.UpdateMaskParameters () [0x0003f] in <f6d400b2730f4700aa0acc85707a1316>:IL_003F 
  at (wrapper dynamic-method) SoftMasking.SoftMask.DMD<SoftMasking.SoftMask::OnEnable>(SoftMasking.SoftMask)
[11:43:46.5673559] [Warning:SoftMaskKiller] Preventing SoftMask from erroring because of an exception: System.NullReferenceException: Object reference not set to an instance of an object
  at SoftMasking.SoftMask.DestroyMaterials () [0x00000] in <f6d400b2730f4700aa0acc85707a1316>:IL_0000 
  at (wrapper dynamic-method) SoftMasking.SoftMask.DMD<SoftMasking.SoftMask::OnDisable>(SoftMasking.SoftMask)
[11:43:46.5673559] [Debug  :Buttery Fixes] Rain particles "Particle System" collide with vehicles
[11:43:46.5673559] [Debug  :Buttery Fixes] Rain particles "RainHitParticle" collide with vehicles
[11:43:46.5673559] [Debug  :Buttery Fixes] Rain particles "Particle System" collide with vehicles
[11:43:46.5673559] [Debug  :Buttery Fixes] Rain particles "RainHitParticle" collide with vehicles
[11:43:46.5714335] [Info   : Unity Log] item awake: LightSwitchContainer; id: 11
[11:43:46.5714335] [Info   : Unity Log] placedPosition: (0.00, 0.00, 0.00)
[11:43:46.5714335] [Info   : Unity Log] item awake: Bunkbeds; id: 15
[11:43:46.5714335] [Info   : Unity Log] placedPosition: (0.00, 0.00, 0.00)
[11:43:46.5714335] [Info   : Unity Log] item awake: FileCabinet; id: 8
[11:43:46.5714335] [Info   : Unity Log] placedPosition: (0.00, 0.00, 0.00)
[11:43:46.5714335] [Info   : Unity Log] item awake: StorageCloset; id: 7
[11:43:46.5714335] [Info   : Unity Log] placedPosition: (0.00, 0.00, 0.00)
[11:43:46.5714335] [Info   : Unity Log] item awake: Terminal; id: 16
[11:43:46.5714335] [Info   : Unity Log] placedPosition: (6.72, 1.94, -12.33)
[11:43:46.5714335] [Info   : Unity Log] awake for Terminal; IsServer? :False
[11:43:46.5714335] [Info   : Unity Log] ShipBuildModeManager?: True
[11:43:46.5714335] [Info   : Unity Log] unlockableID: 16
[11:43:46.5714335] [Info   : Unity Log] Unlockables list count: 365
[11:43:46.5714335] [Info   : Unity Log] Saving placed position as: (6.72, 1.94, -12.33)
[11:43:46.9454620] [Info   :Buttery Fixes] Fear motion blur applied
[11:43:46.9454620] [Debug  :LCUltrawide_Community] NOT setting PixelResolution to [0]
[11:43:47.0965843] [Info   :MoreCompany] Resizing arrays from 4 to 16 with difference of 12
[11:43:47.0990930] [Info   : Unity Log] DropAllHeldItems called on player 'Player #4'; itemsFall: False; disconnecting: False; ItemSlots length: 4; isHoldingObject: False
[11:43:47.0990930] [Info   : Unity Log] DropAllHeldItems; player pos: (1.26, 0.49, -15.27)
[11:43:47.0990930] [Info   : Unity Log] Item slot #0 null?: True
[11:43:47.0990930] [Info   : Unity Log] Item slot #1 null?: True
[11:43:47.0990930] [Info   : Unity Log] Item slot #2 null?: True
[11:43:47.0990930] [Info   : Unity Log] Item slot #3 null?: True
[11:43:47.1010922] [Info   : Unity Log] DropAllHeldItems called on player 'Player #5'; itemsFall: False; disconnecting: False; ItemSlots length: 4; isHoldingObject: False
[11:43:47.1010922] [Info   : Unity Log] DropAllHeldItems; player pos: (1.26, 0.49, -15.27)
[11:43:47.1010922] [Info   : Unity Log] Item slot #0 null?: True
[11:43:47.1010922] [Info   : Unity Log] Item slot #1 null?: True
[11:43:47.1010922] [Info   : Unity Log] Item slot #2 null?: True
[11:43:47.1010922] [Info   : Unity Log] Item slot #3 null?: True
[11:43:47.1034511] [Info   : Unity Log] DropAllHeldItems called on player 'Player #6'; itemsFall: False; disconnecting: False; ItemSlots length: 4; isHoldingObject: False
[11:43:47.1034511] [Info   : Unity Log] DropAllHeldItems; player pos: (1.26, 0.49, -15.27)
[11:43:47.1034511] [Info   : Unity Log] Item slot #0 null?: True
[11:43:47.1034511] [Info   : Unity Log] Item slot #1 null?: True
[11:43:47.1034511] [Info   : Unity Log] Item slot #2 null?: True
[11:43:47.1034511] [Info   : Unity Log] Item slot #3 null?: True
[11:43:47.1054475] [Info   : Unity Log] DropAllHeldItems called on player 'Player #7'; itemsFall: False; disconnecting: False; ItemSlots length: 4; isHoldingObject: False
[11:43:47.1054475] [Info   : Unity Log] DropAllHeldItems; player pos: (1.26, 0.49, -15.27)
[11:43:47.1054475] [Info   : Unity Log] Item slot #0 null?: True
[11:43:47.1054475] [Info   : Unity Log] Item slot #1 null?: True
[11:43:47.1054475] [Info   : Unity Log] Item slot #2 null?: True
[11:43:47.1054475] [Info   : Unity Log] Item slot #3 null?: True
[11:43:47.1079559] [Info   : Unity Log] DropAllHeldItems called on player 'Player #8'; itemsFall: False; disconnecting: False; ItemSlots length: 4; isHoldingObject: False
[11:43:47.1079559] [Info   : Unity Log] DropAllHeldItems; player pos: (1.26, 0.49, -15.27)
[11:43:47.1079559] [Info   : Unity Log] Item slot #0 null?: True
[11:43:47.1079559] [Info   : Unity Log] Item slot #1 null?: True
[11:43:47.1079559] [Info   : Unity Log] Item slot #2 null?: True
[11:43:47.1079559] [Info   : Unity Log] Item slot #3 null?: True
[11:43:47.1099617] [Info   : Unity Log] DropAllHeldItems called on player 'Player #9'; itemsFall: False; disconnecting: False; ItemSlots length: 4; isHoldingObject: False
[11:43:47.1099617] [Info   : Unity Log] DropAllHeldItems; player pos: (1.26, 0.49, -15.27)
[11:43:47.1099617] [Info   : Unity Log] Item slot #0 null?: True
[11:43:47.1099617] [Info   : Unity Log] Item slot #1 null?: True
[11:43:47.1099617] [Info   : Unity Log] Item slot #2 null?: True
[11:43:47.1099617] [Info   : Unity Log] Item slot #3 null?: True
[11:43:47.1119597] [Info   : Unity Log] DropAllHeldItems called on player 'Player #10'; itemsFall: False; disconnecting: False; ItemSlots length: 4; isHoldingObject: False
[11:43:47.1119597] [Info   : Unity Log] DropAllHeldItems; player pos: (1.26, 0.49, -15.27)
[11:43:47.1119597] [Info   : Unity Log] Item slot #0 null?: True
[11:43:47.1119597] [Info   : Unity Log] Item slot #1 null?: True
[11:43:47.1119597] [Info   : Unity Log] Item slot #2 null?: True
[11:43:47.1119597] [Info   : Unity Log] Item slot #3 null?: True
[11:43:47.1139609] [Info   : Unity Log] DropAllHeldItems called on player 'Player #11'; itemsFall: False; disconnecting: False; ItemSlots length: 4; isHoldingObject: False
[11:43:47.1139609] [Info   : Unity Log] DropAllHeldItems; player pos: (1.26, 0.49, -15.27)
[11:43:47.1139609] [Info   : Unity Log] Item slot #0 null?: True
[11:43:47.1139609] [Info   : Unity Log] Item slot #1 null?: True
[11:43:47.1139609] [Info   : Unity Log] Item slot #2 null?: True
[11:43:47.1139609] [Info   : Unity Log] Item slot #3 null?: True
[11:43:47.1159630] [Info   : Unity Log] DropAllHeldItems called on player 'Player #12'; itemsFall: False; disconnecting: False; ItemSlots length: 4; isHoldingObject: False
[11:43:47.1159630] [Info   : Unity Log] DropAllHeldItems; player pos: (1.26, 0.49, -15.27)
[11:43:47.1159630] [Info   : Unity Log] Item slot #0 null?: True
[11:43:47.1159630] [Info   : Unity Log] Item slot #1 null?: True
[11:43:47.1159630] [Info   : Unity Log] Item slot #2 null?: True
[11:43:47.1159630] [Info   : Unity Log] Item slot #3 null?: True
[11:43:47.1179630] [Info   : Unity Log] DropAllHeldItems called on player 'Player #13'; itemsFall: False; disconnecting: False; ItemSlots length: 4; isHoldingObject: False
[11:43:47.1179630] [Info   : Unity Log] DropAllHeldItems; player pos: (1.26, 0.49, -15.27)
[11:43:47.1179630] [Info   : Unity Log] Item slot #0 null?: True
[11:43:47.1179630] [Info   : Unity Log] Item slot #1 null?: True
[11:43:47.1179630] [Info   : Unity Log] Item slot #2 null?: True
[11:43:47.1179630] [Info   : Unity Log] Item slot #3 null?: True
[11:43:47.1200306] [Info   : Unity Log] DropAllHeldItems called on player 'Player #14'; itemsFall: False; disconnecting: False; ItemSlots length: 4; isHoldingObject: False
[11:43:47.1200306] [Info   : Unity Log] DropAllHeldItems; player pos: (1.26, 0.49, -15.27)
[11:43:47.1200306] [Info   : Unity Log] Item slot #0 null?: True
[11:43:47.1200306] [Info   : Unity Log] Item slot #1 null?: True
[11:43:47.1200306] [Info   : Unity Log] Item slot #2 null?: True
[11:43:47.1200306] [Info   : Unity Log] Item slot #3 null?: True
[11:43:47.1220301] [Info   : Unity Log] DropAllHeldItems called on player 'Player #15'; itemsFall: False; disconnecting: False; ItemSlots length: 4; isHoldingObject: False
[11:43:47.1220301] [Info   : Unity Log] DropAllHeldItems; player pos: (1.26, 0.49, -15.27)
[11:43:47.1220301] [Info   : Unity Log] Item slot #0 null?: True
[11:43:47.1220301] [Info   : Unity Log] Item slot #1 null?: True
[11:43:47.1220301] [Info   : Unity Log] Item slot #2 null?: True
[11:43:47.1220301] [Info   : Unity Log] Item slot #3 null?: True
[11:43:47.1220301] [Warning: Unity Log] damageTrigger is disabled! Netcode for GameObjects does not support spawning disabled NetworkBehaviours! The InteractTrigger component was skipped during spawn!
[11:43:47.1220301] [Debug  : LethalMin] PikminNoticeZone has spawned
[11:43:47.1220301] [Debug  : LethalMin] PikminNoticeZone has spawned
[11:43:47.1220301] [Debug  : LethalMin] PikminNoticeZone has spawned
[11:43:47.1220301] [Debug  : LethalMin] PikminNoticeZone has spawned
[11:43:47.1220301] [Debug  : LethalMin] PikminNoticeZone has spawned
[11:43:47.1230320] [Debug  : LethalMin] PikminNoticeZone has spawned
[11:43:47.1230320] [Debug  : LethalMin] PikminNoticeZone has spawned
[11:43:47.1230320] [Debug  : LethalMin] PikminNoticeZone has spawned
[11:43:47.1230320] [Debug  : LethalMin] PikminNoticeZone has spawned
[11:43:47.1230320] [Debug  : LethalMin] PikminNoticeZone has spawned
[11:43:47.1230320] [Debug  : LethalMin] PikminNoticeZone has spawned
[11:43:47.1230320] [Debug  : LethalMin] PikminNoticeZone has spawned
[11:43:47.1230320] [Debug  : LethalMin] PikminNoticeZone has spawned
[11:43:47.1230320] [Debug  : LethalMin] PikminNoticeZone has spawned
[11:43:47.1230320] [Debug  : LethalMin] PikminNoticeZone has spawned
[11:43:47.1230320] [Debug  : LethalMin] PikminNoticeZone has spawned
[11:43:47.2161192] [Debug  :ScienceBirdTweaks] Found shell!
[11:43:47.2191951] [Info   :Scopophobia] Scopophobia disabled Audio Spacializer errors!
[11:43:47.2221980] [Debug  :ReXuvination] Optimised Collider layers in InteractTrigger for Object: Cube (3) (UnityEngine.GameObject)
[11:43:47.2221980] [Debug  :ReXuvination] Optimised Collider layers in InteractTrigger for Object: Cube (1) (UnityEngine.GameObject)
[11:43:47.2221980] [Debug  :ReXuvination] Optimised Collider layers in InteractTrigger for Object: KillTrigger (UnityEngine.GameObject)
[11:43:47.2221980] [Debug  :ReXuvination] Optimised Collider layers in InteractTrigger for Object: TerminalScript (UnityEngine.GameObject)
[11:43:47.2221980] [Debug  :ReXuvination] Optimised Collider layers in InteractTrigger for Object: Cube (UnityEngine.GameObject)
[11:43:47.2221980] [Debug  :ReXuvination] Optimised Collider layers in InteractTrigger for Object: MagnetLever (UnityEngine.GameObject)
[11:43:47.2221980] [Debug  :ReXuvination] Optimised Collider layers in InteractTrigger for Object: Cube (UnityEngine.GameObject)
[11:43:47.2221980] [Debug  :ReXuvination] Optimised Collider layers in InteractTrigger for Object: Cube (3) (UnityEngine.GameObject)
[11:43:47.2221980] [Debug  :ReXuvination] Optimised Collider layers in InteractTrigger for Object: LadderTrigger (UnityEngine.GameObject)
[11:43:47.2221980] [Debug  :ReXuvination] Optimised Collider layers in InteractTrigger for Object: Trigger (UnityEngine.GameObject)
[11:43:47.2221980] [Debug  :ReXuvination] Optimised Collider layers in InteractTrigger for Object: Cube (2) (UnityEngine.GameObject)
[11:43:47.2221980] [Debug  :ReXuvination] Optimised Collider layers in InteractTrigger for Object: Cube (UnityEngine.GameObject)
[11:43:47.2221980] [Debug  :ReXuvination] Optimised Collider layers in InteractTrigger for Object: StartGameLever (UnityEngine.GameObject)
[11:43:47.2221980] [Debug  :ReXuvination] Optimised Collider layers in InteractTrigger for Object: Cube (UnityEngine.GameObject)
[11:43:47.2221980] [Debug  :ReXuvination] Optimised Collider layers in InteractTrigger for Object: Cube (2) (UnityEngine.GameObject)
[11:43:47.2221980] [Debug  :ReXuvination] Optimised Collider layers in InteractTrigger for Object: Cube (2) (UnityEngine.GameObject)
[11:43:47.2221980] [Debug  :ReXuvination] Optimised Collider layers in InteractTrigger for Object: Cube (2) (UnityEngine.GameObject)
[11:43:47.2221980] [Debug  :ReXuvination] Optimised Collider layers in InteractTrigger for Object: LadderTrigger (UnityEngine.GameObject)
[11:43:47.2221980] [Debug  :ReXuvination] Optimised Collider layers in InteractTrigger for Object: LadderTrigger (UnityEngine.GameObject)
[11:43:47.2221980] [Debug  :ReXuvination] Optimised Collider layers in InteractTrigger for Object: LightSwitch (UnityEngine.GameObject)
[11:43:47.2221980] [Info   : LethalLib] Found 35 prefabs to fix
[11:43:47.2221980] [Info   :GeneralImprovements] Creating new style monitors (additional monitors: True).
[11:43:47.2231963] [Info   :GeneralImprovements] Creating FancyWeather monitor at position 1
[11:43:47.2231963] [Info   :GeneralImprovements] Updated fancy weather monitors
[11:43:47.2231963] [Info   :GeneralImprovements] Creating DangerLevel monitor at position 2
[11:43:47.2231963] [Info   :GeneralImprovements] Creating DaysSinceDeath monitor at position 3
[11:43:47.2231963] [Info   :GeneralImprovements] Creating Deadline monitor at position 4
[11:43:47.2231963] [Info   :GeneralImprovements] Creating ProfitQuota monitor at position 5
[11:43:47.2231963] [Info   :GeneralImprovements] Updated profit quota and deadline monitors
[11:43:47.2231963] [Info   :GeneralImprovements] Creating DoorPower monitor at position 6
[11:43:47.2231963] [Info   :GeneralImprovements] Creating Time monitor at position 7
[11:43:47.2231963] [Info   :GeneralImprovements] Creating Sales monitor at position 8
[11:43:47.2242010] [Info   :GeneralImprovements] Creating ScrapLeft monitor at position 9
[11:43:47.2242010] [Info   :GeneralImprovements] Creating ShipScrap monitor at position 10
[11:43:47.2242010] [Info   :GeneralImprovements] Creating TotalDays monitor at position 11
[11:43:47.2242010] [Info   :GeneralImprovements] Creating InternalCam monitor at position 12
[11:43:47.2242010] [Info   :GeneralImprovements] Creating ExternalCam monitor at position 13
[11:43:47.2242010] [Info   :GeneralImprovements] Creating None monitor at position 14
[11:43:47.2242010] [Debug  :GeneralImprovements] Updated danger level display.
[11:43:47.2242010] [Info   :GeneralImprovements] Updated ship scrap total monitors to $0 (0 items).
[11:43:47.2242010] [Info   :GeneralImprovements] Updated remaining scrap display.
[11:43:47.2242010] [Debug  :GeneralImprovements] Updated time display.
[11:43:47.2242010] [Info   :GeneralImprovements] Updated total days display.
[11:43:47.2242010] [Info   :GeneralImprovements] Updated days since death display.
[11:43:47.2471259] [Info   :GeneralImprovements] Adding medical station to ship.
[11:43:47.2471259] [Info   : Unity Log] item awake: MedStation(Clone); id: -1
[11:43:47.2471259] [Info   :GeneralImprovements] Allowing item charger to be placeable.
[11:43:47.2471259] [Info   :GeneralImprovements] Adding networked item charger to ship.
[11:43:47.2471259] [Info   : Unity Log] item awake: ChargeStation(Clone); id: -1
[11:43:47.2670960] [Info   :BrutalCompanyMinusExtraReborn] Executing OnGameStart for all events()
[11:43:47.2680967] [Warning:AdditionalNetworking] LethalLib found, reading Items.scrapItems
[11:43:47.2680967] [Warning:AdditionalNetworking] LethalLevelLoader found, reading PatchedContent.ExtendedItems
[11:43:47.2731111] [Warning:Matty's Fixes] LethalLib found, reading Items.scrapItems
[11:43:47.2731111] [Warning:Matty's Fixes] LethalLevelLoader found, reading PatchedContent.ExtendedItems
[11:43:47.2741105] [Warning:Matty's Fixes] DawnLib found, reading LethalContent.Items for modded items
[11:43:47.2741105] [Info   : Unity Log] 1107298560
[11:43:47.2741105] [Info   : Unity Log] 1107298560
[11:43:47.3131781] [Info   : Unity Log] level id: 3
[11:43:47.3131781] [Info   : Unity Log] Changing level
[11:43:47.3131781] [Info   :LethalLevelLoader] Refeshing Loaded Bundles Status!
[11:43:47.3131781] [Info   :LethalLevelLoader] Sending LoadedStatus: True To Server!
[11:43:47.3131781] [Info   :LethalLevelLoader] LoadedStatus Is Currently: (1 / 1)
[11:43:47.3131781] [Info   :LethalLevelLoader] Saving Current SelectableLevel: 71 Gordion
[11:43:47.3141774] [Info   :GeneralImprovements] Updated fancy weather monitors
[11:43:47.3141774] [Info   :GeneralImprovements] Updated profit quota and deadline monitors
[11:43:47.3141774] [Info   : Unity Log] Loading from data: for 41 Experimentation: iterations at 0, starting at node #-1
[11:43:47.3141774] [Info   : Unity Log] Loading from data: for 220 Assurance: iterations at 0, starting at node #-1
[11:43:47.3141774] [Info   : Unity Log] Loading from data: for 56 Vow: iterations at 0, starting at node #-1
[11:43:47.3141774] [Info   : Unity Log] Loading from data: for 71 Gordion: iterations at 0, starting at node #-1
[11:43:47.3141774] [Info   : Unity Log] Loading from data: for 61 March: iterations at 0, starting at node #-1
[11:43:47.3141774] [Info   : Unity Log] Loading from data: for 20 Adamance: iterations at 0, starting at node #-1
[11:43:47.3141774] [Info   : Unity Log] Loading from data: for 85 Rend: iterations at 0, starting at node #-1
[11:43:47.3141774] [Info   : Unity Log] Loading from data: for 7 Dine: iterations at 0, starting at node #-1
[11:43:47.3141774] [Info   : Unity Log] Loading from data: for 21 Offense: iterations at 0, starting at node #-1
[11:43:47.3141774] [Info   : Unity Log] Loading from data: for 8 Titan: iterations at 0, starting at node #-1
[11:43:47.3141774] [Info   : Unity Log] Loading from data: for 68 Artifice: iterations at 0, starting at node #-1
[11:43:47.3141774] [Info   : Unity Log] Loading from data: for 44 Liquidation: iterations at 44, starting at node #-1
[11:43:47.3141774] [Info   : Unity Log] Loading from data: for 5 Embrion: iterations at 18, starting at node #-1
[11:43:47.3141774] [Info   : Unity Log] Loading from data: for 10 EGypt: iterations at 0, starting at node #-1
[11:43:47.3141774] [Info   : Unity Log] Loading from data: for 31 Arcadia: iterations at 7, starting at node #-1
[11:43:47.3141774] [Info   : Unity Log] Loading from data: for 161 Abaddon: iterations at 0, starting at node #-1
[11:43:47.3141774] [Info   : Unity Log] Loading from data: for 198 Cabal: iterations at 0, starting at node #-1
[11:43:47.3141774] [Info   : Unity Log] Loading from data: for 556 Flicker: iterations at 2, starting at node #-1
[11:43:47.3141774] [Info   : Unity Log] Loading from data: for The Iris: iterations at 0, starting at node #-1
[11:43:47.3141774] [Info   : Unity Log] Loading from data: for 551 Lament: iterations at 0, starting at node #-1
[11:43:47.3141774] [Info   : Unity Log] Loading from data: for 823 Bozoros: iterations at 0, starting at node #-1
[11:43:47.3141774] [Info   : Unity Log] Loading from data: for 559 Pareidolia: iterations at 0, starting at node #-1
[11:43:47.3141774] [Info   : Unity Log] Loading from data: for 556 Shutter: iterations at 0, starting at node #-1
[11:43:47.3141774] [Info   : Unity Log] Loading from data: for 32 Argent: iterations at 0, starting at node #-1
[11:43:47.3141774] [Info   : Unity Log] Loading from data: for 111 PsychSanctum: iterations at 0, starting at node #-1
[11:43:47.3141774] [Info   : Unity Log] Loading from data: for Sanguine: iterations at 0, starting at node #-1
[11:43:47.3141774] [Info   : Unity Log] Loading from data: for Spectralis: iterations at 0, starting at node #-1
[11:43:47.3141774] [Info   : Unity Log] Loading from data: for 37 Zenit: iterations at 0, starting at node #-1
[11:43:47.3141774] [Info   : Unity Log] Loading from data: for 607 Vigilance: iterations at 0, starting at node #-1
[11:43:47.3141774] [Info   : Unity Log] Loading from data: for Black Mesa: iterations at 0, starting at node #-1
[11:43:47.3141774] [Info   : Unity Log] Loading from data: for 745 Oxyde: iterations at 0, starting at node #-1
[11:43:47.3141774] [Info   : Unity Log] Weather chance: 0.4215057; 1
[11:43:47.3186821] [Info   : Unity Log] Item sales percentages #0: 0
[11:43:47.3186821] [Info   : Unity Log] Item sales percentages #1: 0
[11:43:47.3186821] [Info   : Unity Log] Item sales percentages #2: 0
[11:43:47.3186821] [Info   : Unity Log] Item sales percentages #3: 0
[11:43:47.3186821] [Info   : Unity Log] Item sales percentages #4: 0
[11:43:47.3186821] [Info   : Unity Log] Item sales percentages #5: 0
[11:43:47.3186821] [Info   : Unity Log] Item sales percentages #6: 0
[11:43:47.3186821] [Info   : Unity Log] Item sales percentages #7: 0
[11:43:47.3186821] [Info   : Unity Log] Item sales percentages #8: 0
[11:43:47.3186821] [Info   : Unity Log] Item sales percentages #9: 0
[11:43:47.3186821] [Info   : Unity Log] Item sales percentages #10: 0
[11:43:47.3186821] [Info   : Unity Log] Item sales percentages #11: 0
[11:43:47.3186821] [Info   : Unity Log] Item sales percentages #12: 0
[11:43:47.3186821] [Info   : Unity Log] Item sales percentages #13: 0
[11:43:47.3186821] [Info   : Unity Log] Item sales percentages #14: 0
[11:43:47.3186821] [Info   : Unity Log] Item sales percentages #15: 0
[11:43:47.3186821] [Info   : Unity Log] Item sales percentages #16: 0
[11:43:47.3186821] [Info   : Unity Log] Item sales percentages #17: 0
[11:43:47.3186821] [Info   : Unity Log] Item sales percentages #18: 0
[11:43:47.3186821] [Info   : Unity Log] Item sales percentages #19: 0
[11:43:47.3186821] [Info   : Unity Log] Item sales percentages #20: 0
[11:43:47.3186821] [Info   : Unity Log] Item sales percentages #21: 0
[11:43:47.3186821] [Info   : Unity Log] Item sales percentages #22: 0
[11:43:47.3186821] [Info   : Unity Log] Item sales percentages #23: 0
[11:43:47.3186821] [Info   : Unity Log] Item sales percentages #24: 0
[11:43:47.3186821] [Info   : Unity Log] Item sales percentages #25: 0
[11:43:47.3186821] [Info   : Unity Log] Item sales percentages #26: 0
[11:43:47.3186821] [Info   : Unity Log] Item sales percentages #27: 0
[11:43:47.3186821] [Info   : Unity Log] Item sales percentages #28: 0
[11:43:47.3186821] [Info   : Unity Log] Item sales percentages #29: 0
[11:43:47.3186821] [Info   : Unity Log] Item sales percentages #30: 0
[11:43:47.3186821] [Info   : Unity Log] Item sales percentages #31: 0
[11:43:47.3186821] [Info   :GeneralImprovements] Updated sales display.
[11:43:47.3186821] [Info   : Unity Log] unlockable index: 11; Light switch
[11:43:47.3186821] [Info   : Unity Log] Placing scene object at saved position: Light switch
[11:43:47.3362023] [Debug  :ScienceBirdTweaks] Parented furniture holder to ship!
[11:43:47.3362023] [Info   : Unity Log] unlockable index: 16; Terminal
[11:43:47.3362023] [Info   : Unity Log] Placing scene object at saved position: Terminal
[11:43:47.3551676] [Info   : Unity Log] use saved position data false; pos: (6.72, 1.94, -12.33); rot: (270.00, 181.80, 0.00)
[11:43:47.3551676] [Info   : Unity Log] Saving placed position as: (6.72, 1.94, -12.33)
[11:43:47.3551676] [Info   : Unity Log] unlockable index: 34; Med Station
[11:43:47.3551676] [Info   : Unity Log] Placing scene object at saved position: Med Station
[11:43:47.3732884] [Info   : Unity Log] unlockable index: 35; Item Charger
[11:43:47.3732884] [Info   : Unity Log] Placing scene object at saved position: Item Charger
[11:43:47.3894055] [Info   : Unity Log] unlockable index: 36; pikmin-container
[11:43:47.3894055] [Info   : Unity Log] Instantiating prefab for item pikmin-container
[11:43:47.3904073] [Info   : Unity Log] item awake: ShipOnion(Clone); id: -1
[11:43:47.3904073] [Info   : Unity Log] unlockable index: 262; Shutter
[11:43:47.3904073] [Info   : Unity Log] Instantiating prefab for item Shutter
[11:43:47.3904073] [Info   : Unity Log] item awake: PrefabShutterSwitch(Clone); id: 262
[11:43:47.3904073] [Info   : Unity Log] placedPosition: (0.00, 0.00, 0.00)
[11:43:47.3904073] [Info   : Unity Log] Luck calculated: 0
[11:43:47.3904073] [Info   : Unity Log] unlockable index: 0; Orange suit
[11:43:47.3914086] [Info   : Unity Log] item awake: ChangableSuit(Clone); id: -1
[11:43:47.3914086] [Warning: Unity Log] NetworkVariable is written to, but doesn't know its NetworkBehaviour yet. Are you modifying a NetworkVariable before the NetworkObject is spawned?
[11:43:47.3914086] [Debug  :ScienceBirdTweaks] Parenting suits to ship!
[11:43:47.3914086] [Info   : Unity Log] unlockable index: 265; Anby
[11:43:47.3914086] [Info   : Unity Log] item awake: ChangableSuit(Clone); id: -1
[11:43:47.3914086] [Warning: Unity Log] NetworkVariable is written to, but doesn't know its NetworkBehaviour yet. Are you modifying a NetworkVariable before the NetworkObject is spawned?
[11:43:47.3914086] [Debug  :ScienceBirdTweaks] Parenting suits to ship!
[11:43:47.3914086] [Info   : Unity Log] unlockable index: 266; Blake Belladonna [Timeskip]
[11:43:47.3914086] [Info   : Unity Log] item awake: ChangableSuit(Clone); id: -1
[11:43:47.3914086] [Warning: Unity Log] NetworkVariable is written to, but doesn't know its NetworkBehaviour yet. Are you modifying a NetworkVariable before the NetworkObject is spawned?
[11:43:47.3914086] [Debug  :ScienceBirdTweaks] Parenting suits to ship!
[11:43:47.3914086] [Info   : Unity Log] unlockable index: 267; Blake Belladonna
[11:43:47.3914086] [Info   : Unity Log] item awake: ChangableSuit(Clone); id: -1
[11:43:47.3914086] [Warning: Unity Log] NetworkVariable is written to, but doesn't know its NetworkBehaviour yet. Are you modifying a NetworkVariable before the NetworkObject is spawned?
[11:43:47.3924087] [Debug  :ScienceBirdTweaks] Parenting suits to ship!
[11:43:47.3924087] [Info   : Unity Log] unlockable index: 268; Cheval Grand [School]
[11:43:47.3924087] [Info   : Unity Log] item awake: ChangableSuit(Clone); id: -1
[11:43:47.3924087] [Warning: Unity Log] NetworkVariable is written to, but doesn't know its NetworkBehaviour yet. Are you modifying a NetworkVariable before the NetworkObject is spawned?
[11:43:47.3924087] [Debug  :ScienceBirdTweaks] Parenting suits to ship!
[11:43:47.3924087] [Info   : Unity Log] unlockable index: 269; Cheval Grand
[11:43:47.3924087] [Info   : Unity Log] item awake: ChangableSuit(Clone); id: -1
[11:43:47.3924087] [Warning: Unity Log] NetworkVariable is written to, but doesn't know its NetworkBehaviour yet. Are you modifying a NetworkVariable before the NetworkObject is spawned?
[11:43:47.3924087] [Debug  :ScienceBirdTweaks] Parenting suits to ship!
[11:43:47.3924087] [Info   : Unity Log] unlockable index: 270; Faust
[11:43:47.3924087] [Info   : Unity Log] item awake: ChangableSuit(Clone); id: -1
[11:43:47.3924087] [Warning: Unity Log] NetworkVariable is written to, but doesn't know its NetworkBehaviour yet. Are you modifying a NetworkVariable before the NetworkObject is spawned?
[11:43:47.3924087] [Debug  :ScienceBirdTweaks] Parenting suits to ship!
[11:43:47.3924087] [Info   : Unity Log] unlockable index: 271; Kiana [Finality]
[11:43:47.3934063] [Info   : Unity Log] item awake: ChangableSuit(Clone); id: -1
[11:43:47.3934063] [Warning: Unity Log] NetworkVariable is written to, but doesn't know its NetworkBehaviour yet. Are you modifying a NetworkVariable before the NetworkObject is spawned?
[11:43:47.3934063] [Debug  :ScienceBirdTweaks] Parenting suits to ship!
[11:43:47.3934063] [Info   : Unity Log] unlockable index: 272; Kiana
[11:43:47.3934063] [Info   : Unity Log] item awake: ChangableSuit(Clone); id: -1
[11:43:47.3934063] [Warning: Unity Log] NetworkVariable is written to, but doesn't know its NetworkBehaviour yet. Are you modifying a NetworkVariable before the NetworkObject is spawned?
[11:43:47.3934063] [Debug  :ScienceBirdTweaks] Parenting suits to ship!
[11:43:47.3934063] [Info   : Unity Log] unlockable index: 273; Mayano Top Gun [School]
[11:43:47.3934063] [Info   : Unity Log] item awake: ChangableSuit(Clone); id: -1
[11:43:47.3934063] [Warning: Unity Log] NetworkVariable is written to, but doesn't know its NetworkBehaviour yet. Are you modifying a NetworkVariable before the NetworkObject is spawned?
[11:43:47.3934063] [Debug  :ScienceBirdTweaks] Parenting suits to ship!
[11:43:47.3934063] [Info   : Unity Log] unlockable index: 274; Mayano Top Gun
[11:43:47.3934063] [Info   : Unity Log] item awake: ChangableSuit(Clone); id: -1
[11:43:47.3934063] [Warning: Unity Log] NetworkVariable is written to, but doesn't know its NetworkBehaviour yet. Are you modifying a NetworkVariable before the NetworkObject is spawned?
[11:43:47.3934063] [Debug  :ScienceBirdTweaks] Parenting suits to ship!
[11:43:47.3934063] [Info   : Unity Log] unlockable index: 275; Mejiro McQueen [School]
[11:43:47.3944059] [Info   : Unity Log] item awake: ChangableSuit(Clone); id: -1
[11:43:47.3944059] [Warning: Unity Log] NetworkVariable is written to, but doesn't know its NetworkBehaviour yet. Are you modifying a NetworkVariable before the NetworkObject is spawned?
[11:43:47.3944059] [Debug  :ScienceBirdTweaks] Parenting suits to ship!
