[20:38:37.1407884] [Debug  :ainavt.lc.lethalconfig] Registered config "LethalMin/Spawning/Wild Spawn Falloff Exponent"
[20:38:37.1422912] [Debug  :ainavt.lc.lethalconfig] Registered config "LethalMin/Spawning/No-Onion Group Spawn Threshold"
[20:38:37.1428002] [Debug  :ainavt.lc.lethalconfig] Registered config "LethalMin/Spawning/Scale Wild Spawn Amount By Suppressed Types"
[20:38:37.1448069] [Debug  :ainavt.lc.lethalconfig] Registered config "LethalMin/Spawning/Suppressed Type Falloff Threshold"
[20:38:37.1458054] [Debug  :ainavt.lc.lethalconfig] Registered config "LethalMin/Spawning/Outdoor Spawn Amount Scale At Max Suppressed Types"
[20:38:37.1468054] [Debug  :ainavt.lc.lethalconfig] Registered config "LethalMin/Spawning/Indoor Spawn Amount Scale At Max Suppressed Types"
[20:38:37.1488718] [Debug  :ainavt.lc.lethalconfig] Registered config "LethalMin/Spawning/Randomize By Day"
[20:38:37.1513795] [Debug  :ainavt.lc.lethalconfig] Registered config "LethalMin/Pikmin Behavior/Attack Blacklist"
[20:38:37.1544039] [Debug  :ainavt.lc.lethalconfig] Registered config "LethalMin/Pikmin Behavior/Item Blacklist"
[20:38:37.1554055] [Debug  :ainavt.lc.lethalconfig] Registered config "LethalMin/Pikmin Behavior/Enemy Body Convert Blacklist"
[20:38:37.1564050] [Debug  :ainavt.lc.lethalconfig] Registered config "LethalMin/Pikmin Behavior/Use Exits When Carrying Items"
[20:38:37.1614083] [Debug  :ainavt.lc.lethalconfig] Registered config "LethalMin/Pikmin Behavior/Follow Mode"
[20:38:37.1624056] [Debug  :ainavt.lc.lethalconfig] Registered config "LethalMin/Pikmin Behavior/Dont collide with other pikmin in elevators"
[20:38:37.1634203] [Debug  :ainavt.lc.lethalconfig] Registered config "LethalMin/Pikmin Behavior/Time Falling Fail Safe"
[20:38:37.1654202] [Debug  :ainavt.lc.lethalconfig] Registered config "LethalMin/Pikmin Behavior/Carry Non-Scrap Items To Company"
[20:38:37.1664206] [Debug  :ainavt.lc.lethalconfig] Registered config "LethalMin/Pikmin Behavior/Ignore Non-Scrap Items On Company"
[20:38:37.1674218] [Debug  :ainavt.lc.lethalconfig] Registered config "LethalMin/Pikmin Behavior/Take Items To Onion On Company"
[20:38:37.1695028] [Debug  :ainavt.lc.lethalconfig] Registered config "LethalMin/Pikmin Behavior/Take Items To The Car"
[20:38:37.1695028] [Debug  :ainavt.lc.lethalconfig] Registered config "LethalMin/Pikmin Behavior/Take Items To The Onion"
[20:38:37.1710079] [Debug  :ainavt.lc.lethalconfig] Registered config "LethalMin/Pikmin Behavior/Disperse When Dismissed"
[20:38:37.1725187] [Debug  :ainavt.lc.lethalconfig] Registered config "LethalMin/Pikmin Behavior/Allow On BoomBox to be Grabbed"
[20:38:37.1745263] [Debug  :ainavt.lc.lethalconfig] Registered config "LethalMin/Pikmin Behavior/Dismiss Windown Time"
[20:38:37.1755266] [Debug  :ainavt.lc.lethalconfig] Registered config "LethalMin/Pikmin Behavior/Non-Water Resistant Pikmin Avoid Water"
[20:38:37.1765260] [Debug  :ainavt.lc.lethalconfig] Registered config "LethalMin/Pikmin Behavior/Wild Pikmin Can Carry Items"
[20:38:37.1775269] [Debug  :ainavt.lc.lethalconfig] Registered config "LethalMin/Pikmin Behavior/Wild Pikmin Can Attack Enemies"
[20:38:37.1795274] [Debug  :ainavt.lc.lethalconfig] Registered config "LethalMin/Pikmin Behavior/Wild Pikmin Attack Does Damage"
[20:38:37.1806740] [Debug  :ainavt.lc.lethalconfig] Registered config "LethalMin/Pikmin Behavior/Wild Pikmin Dont Die"
[20:38:37.1826724] [Debug  :ainavt.lc.lethalconfig] Registered config "LethalMin/Enemy Behavior/Use Enemy Configs"
[20:38:37.1841783] [Debug  :ainavt.lc.lethalconfig] Registered config "LethalMin/Enemy Behavior/Barber Snip Cooldown"
[20:38:37.1851857] [Debug  :ainavt.lc.lethalconfig] Registered config "LethalMin/Enemy Behavior/Barber Snip Limit"
[20:38:37.1861825] [Debug  :ainavt.lc.lethalconfig] Registered config "LethalMin/Enemy Behavior/Thumper Bite Cooldown"
[20:38:37.1881827] [Debug  :ainavt.lc.lethalconfig] Registered config "LethalMin/Enemy Behavior/Thumper Bite Limit"
[20:38:37.1892569] [Debug  :ainavt.lc.lethalconfig] Registered config "LethalMin/Enemy Behavior/Bunker Spider Bite Cooldown"
[20:38:37.1902568] [Debug  :ainavt.lc.lethalconfig] Registered config "LethalMin/Enemy Behavior/Bunker Spider Bite Limit"
[20:38:37.1912567] [Debug  :ainavt.lc.lethalconfig] Registered config "LethalMin/Enemy Behavior/Hoarding Bug Bite Cooldown"
[20:38:37.1927628] [Debug  :ainavt.lc.lethalconfig] Registered config "LethalMin/Enemy Behavior/Hoarding Bug Bite Limit"
[20:38:37.1937675] [Debug  :ainavt.lc.lethalconfig] Registered config "LethalMin/Enemy Behavior/Hoarding Bug Aggro When Item Taken"
[20:38:37.1957675] [Debug  :ainavt.lc.lethalconfig] Registered config "LethalMin/Enemy Behavior/Eyeless Dog Bite Cooldown"
[20:38:37.1967673] [Debug  :ainavt.lc.lethalconfig] Registered config "LethalMin/Enemy Behavior/Eyeless Dog Bite Limit"
[20:38:37.1987673] [Debug  :ainavt.lc.lethalconfig] Registered config "LethalMin/Enemy Behavior/Hydrogere Traps Pikmin"
[20:38:37.1997673] [Debug  :ainavt.lc.lethalconfig] Registered config "LethalMin/Enemy Behavior/Hydrogere Kills Pikmin"
[20:38:37.2007674] [Debug  :ainavt.lc.lethalconfig] Registered config "LethalMin/Enemy Behavior/Circuit Bees Zap Cooldown"
[20:38:37.2022702] [Debug  :ainavt.lc.lethalconfig] Registered config "LethalMin/Enemy Behavior/Circuit Bees Zap Pikmin"
[20:38:37.2032746] [Debug  :ainavt.lc.lethalconfig] Registered config "LethalMin/Enemy Behavior/Circuit Bees Kill Pikmin"
[20:38:37.2042743] [Debug  :ainavt.lc.lethalconfig] Registered config "LethalMin/Enemy Behavior/Maneater Bite Cooldown"
[20:38:37.2063721] [Debug  :ainavt.lc.lethalconfig] Registered config "LethalMin/Enemy Behavior/Maneater Bite Limit"
[20:38:37.2073720] [Debug  :ainavt.lc.lethalconfig] Registered config "LethalMin/Enemy Behavior/Maneater Allow Carry"
[20:38:37.2083722] [Debug  :ainavt.lc.lethalconfig] Registered config "LethalMin/Enemy Behavior/Maneater Attack As Baby"
[20:38:37.2093724] [Debug  :ainavt.lc.lethalconfig] Registered config "LethalMin/Enemy Behavior/Old Bird Grab Limit"
[20:38:37.2113737] [Debug  :ainavt.lc.lethalconfig] Registered config "LethalMin/Enemy Behavior/Old Bird Grabs Pikmin"
[20:38:37.2128786] [Debug  :ainavt.lc.lethalconfig] Registered config "LethalMin/Enemy Behavior/Forest Keeper Grab Limit"
[20:38:37.2133822] [Debug  :ainavt.lc.lethalconfig] Registered config "LethalMin/Enemy Behavior/Forest Keeper Grabs Pikmin"
[20:38:37.2153865] [Debug  :ainavt.lc.lethalconfig] Registered config "LethalMin/Enemy Behavior/Jester Bite Cooldown"
[20:38:37.2163860] [Debug  :ainavt.lc.lethalconfig] Registered config "LethalMin/Enemy Behavior/Jester Bite Limit"
[20:38:37.2173863] [Debug  :ainavt.lc.lethalconfig] Registered config "LethalMin/Enemy Behavior/Butler Stab Cooldown"
[20:38:37.2195987] [Debug  :ainavt.lc.lethalconfig] Registered config "LethalMin/Enemy Behavior/Butler Stab Limit"
[20:38:37.2195987] [Debug  :ainavt.lc.lethalconfig] Registered config "LethalMin/Enemy Behavior/Baboon Hawk Bite Cooldown"
[20:38:37.2221055] [Debug  :ainavt.lc.lethalconfig] Registered config "LethalMin/Enemy Behavior/Feiopar Scratches Pikmin"
[20:38:37.2226080] [Debug  :ainavt.lc.lethalconfig] Registered config "LethalMin/Enemy Behavior/Masked Player Enemy Convert Pikmin"
[20:38:37.2246155] [Debug  :ainavt.lc.lethalconfig] Registered config "LethalMin/Enemy Behavior/Puffer Can Poison Pikmin"
[20:38:37.2256162] [Debug  :ainavt.lc.lethalconfig] Registered config "LethalMin/Enemy Behavior/Company Grabs Pikmin"
[20:38:37.2266160] [Debug  :ainavt.lc.lethalconfig] Registered config "LethalMin/Enemy Behavior/Company Hears Pikmin"
[20:38:37.2286149] [Debug  :ainavt.lc.lethalconfig] Registered config "LethalMin/Enemy Behavior/Backwater Gunkfish Carriers Trigger Spit"
[20:38:37.2324197] [Debug  :ainavt.lc.lethalconfig] Registered config "LethalMin/Enemy Behavior/Backwater Gunkfish Spit Trigger Carry Strength"
[20:38:37.2334234] [Debug  :ainavt.lc.lethalconfig] Registered config "LethalMin/Enemy Behavior/Backwater Gunkfish Slime Makes Pikmin Slip"
[20:38:37.2354603] [Debug  :ainavt.lc.lethalconfig] Registered config "LethalMin/Puffmin Behavior/Turn To Normal On Death"
[20:38:37.2404619] [Debug  :ainavt.lc.lethalconfig] Registered config "LethalMin/HUD/HUD Layout Preset"
[20:38:37.2414606] [Debug  :ainavt.lc.lethalconfig] Registered config "LethalMin/HUD/Pikmin Selection Position"
[20:38:37.2429648] [Debug  :ainavt.lc.lethalconfig] Registered config "LethalMin/HUD/Pikmin Selection Rotation"
[20:38:37.2449693] [Debug  :ainavt.lc.lethalconfig] Registered config "LethalMin/HUD/Pikmin Selection Scale"
[20:38:37.2459720] [Debug  :ainavt.lc.lethalconfig] Registered config "LethalMin/HUD/Pikmin Selection Alpha"
[20:38:37.2469696] [Debug  :ainavt.lc.lethalconfig] Registered config "LethalMin/HUD/Enable Current Slot"
[20:38:37.2489722] [Debug  :ainavt.lc.lethalconfig] Registered config "LethalMin/HUD/Enable Next Slot"
[20:38:37.2499704] [Debug  :ainavt.lc.lethalconfig] Registered config "LethalMin/HUD/Enable Previous Slot"
[20:38:37.2509705] [Debug  :ainavt.lc.lethalconfig] Registered config "LethalMin/HUD/Enable Carousel Effect"
[20:38:37.2524722] [Debug  :ainavt.lc.lethalconfig] Registered config "LethalMin/HUD/Pikmin Counter Position"
[20:38:37.2534755] [Debug  :ainavt.lc.lethalconfig] Registered config "LethalMin/HUD/Pikmin Counter Rotation"
[20:38:37.2554769] [Debug  :ainavt.lc.lethalconfig] Registered config "LethalMin/HUD/Pikmin Counter Scale"
[20:38:37.2564767] [Debug  :ainavt.lc.lethalconfig] Registered config "LethalMin/HUD/Pikmin Counter Alpha Active"
[20:38:37.2584780] [Debug  :ainavt.lc.lethalconfig] Registered config "LethalMin/HUD/Pikmin Counter Alpha Idle"
[20:38:37.2594782] [Debug  :ainavt.lc.lethalconfig] Registered config "LethalMin/HUD/Enable Pikmin In Existence Counter"
[20:38:37.2614780] [Debug  :ainavt.lc.lethalconfig] Registered config "LethalMin/HUD/Enable Pikmin In Squad Counter"
[20:38:37.2629816] [Debug  :ainavt.lc.lethalconfig] Registered config "LethalMin/HUD/Enable Pikmin In Field Counter"
[20:38:37.2639840] [Debug  :ainavt.lc.lethalconfig] Registered config "LethalMin/HUD/Hide Selected When Scan Notification"
[20:38:37.2659851] [Debug  :ainavt.lc.lethalconfig] Registered config "LethalMin/HUD/Dont Update Hud Configs"
[20:38:37.2669850] [Debug  :ainavt.lc.lethalconfig] Registered config "LethalMin/HUD/Grayout Buttons In Onion HUD"
[20:38:37.2689842] [Debug  :ainavt.lc.lethalconfig] Registered config "LethalMin/Items/Whistle Price"
[20:38:37.2704894] [Debug  :ainavt.lc.lethalconfig] Registered config "LethalMin/Items/Ship Onion Price"
[20:38:37.2714907] [Debug  :ainavt.lc.lethalconfig] Registered config "LethalMin/Items/Tricknoll Price"
[20:38:37.2725222] [Debug  :ainavt.lc.lethalconfig] Registered config "LethalMin/Items/PluckaPhone Price"
[20:38:37.2745301] [Debug  :ainavt.lc.lethalconfig] Registered config "LethalMin/Items/Ship Whistle Price"
[20:38:37.2765301] [Debug  :ainavt.lc.lethalconfig] Registered config "LethalMin/Items/Is Whistle Conductive"
[20:38:37.2775300] [Debug  :ainavt.lc.lethalconfig] Registered config "LethalMin/Glow Pikmin/Activate Time"
[20:38:37.2795304] [Debug  :ainavt.lc.lethalconfig] Registered config "LethalMin/Glow Pikmin/Activate Distance"
[20:38:37.2807321] [Debug  :ainavt.lc.lethalconfig] Registered config "LethalMin/Glow Pikmin/Spawn Chance"
[20:38:37.2817331] [Debug  :ainavt.lc.lethalconfig] Registered config "LethalMin/Glow Pikmin/Spawn After Days"
[20:38:37.2827333] [Debug  :ainavt.lc.lethalconfig] Registered config "LethalMin/Glow Pikmin/Odds To Turn Into Seed"
[20:38:37.2853140] [Debug  :ainavt.lc.lethalconfig] Registered config "LethalMin/Glow Pikmin/Useable At Company"
[20:38:37.2863124] [Debug  :ainavt.lc.lethalconfig] Registered config "LethalMin/LethalMon/Attack Own Tamed Enemies"
[20:38:37.2873144] [Debug  :ainavt.lc.lethalconfig] Registered config "LethalMin/LethalMon/Attack Others Tamed Enemies"
[20:38:37.2893141] [Debug  :ainavt.lc.lethalconfig] Registered config "LethalMin/LC-Office/Allow Metal Detector To Zap"
[20:38:37.2903135] [Debug  :ainavt.lc.lethalconfig] Registered config "LethalMin/Zeranos/Add NavLink to the ship on Zeranos"
[20:38:37.2923147] [Debug  :ainavt.lc.lethalconfig] Registered config "LethalMin/Zeranos/Block Enemies From Entering Zeranos Ship"
[20:38:37.2934224] [Debug  :ainavt.lc.lethalconfig] Registered config "LethalMin/Zeranos/Add NavLink to the Elevator on Zeranos"
[20:38:37.2954241] [Debug  :ainavt.lc.lethalconfig] Registered config "LethalMin/CodeRebirth/ACU Targets Winged Pikmin"
[20:38:37.2964230] [Debug  :ainavt.lc.lethalconfig] Registered config "LethalMin/CodeRebirth/ACU Bullet Knockbacks Pikmin"
[20:38:37.2974229] [Debug  :ainavt.lc.lethalconfig] Registered config "LethalMin/CodeRebirth/Crane Targets Pikmin"
[20:38:37.2994231] [Debug  :ainavt.lc.lethalconfig] Registered config "LethalMin/CodeRebirth/Crane Squishes Pikmin"
[20:38:37.3014233] [Debug  :ainavt.lc.lethalconfig] Registered config "LethalMin/CodeRebirth/Fan Knockbacks Pikmin"
[20:38:37.3028626] [Debug  :ainavt.lc.lethalconfig] Registered config "LethalMin/CodeRebirth/Fan Knockback Strength Threshold"
[20:38:37.3048676] [Debug  :ainavt.lc.lethalconfig] Registered config "LethalMin/CodeRebirth/Microwave Knockbacks Pikmin"
[20:38:37.3068689] [Debug  :ainavt.lc.lethalconfig] Registered config "LethalMin/CodeRebirth/Flash Turret Knockbacks Pikmin"
[20:38:37.3078694] [Debug  :ainavt.lc.lethalconfig] Registered config "LethalMin/CodeRebirth/Laser Turret Kills Pikmin"
[20:38:37.3103780] [Debug  :ainavt.lc.lethalconfig] Registered config "LethalMin/CodeRebirth/Tornado Pulls Pikmin"
[20:38:37.3134062] [Debug  :ainavt.lc.lethalconfig] Registered config "LethalMin/CodeRebirth/Tornado Pull Strength Threshold"
[20:38:37.3154072] [Debug  :ainavt.lc.lethalconfig] Registered config "LethalMin/CodeRebirth/Compactor Squishes Pikmin"
[20:38:37.3184069] [Debug  :ainavt.lc.lethalconfig] Registered config "LethalMin/CodeRebirth/Go to the shredder before compactor"
[20:38:37.3207286] [Debug  :ainavt.lc.lethalconfig] Registered config "LethalMin/LCVR/Auto Set Hud Preset"
[20:38:37.3222334] [Debug  :ainavt.lc.lethalconfig] Registered config "LethalMin/LCVR/Dont Use Input Utils For VR"
[20:38:37.3237508] [Debug  :ainavt.lc.lethalconfig] Registered config "LethalMin/LCVR/Disable Sprout Interaction"
[20:38:37.3257502] [Debug  :ainavt.lc.lethalconfig] Registered config "LethalMin/LCVR/Disable Whistle Fix"
[20:38:37.3267503] [Debug  :ainavt.lc.lethalconfig] Registered config "LethalMin/LCVR/Onion HUD Z Distance"
[20:38:37.3287509] [Debug  :ainavt.lc.lethalconfig] Registered config "LethalMin/LCVR/Throw Button"
[20:38:37.3307501] [Debug  :ainavt.lc.lethalconfig] Registered config "LethalMin/LCVR/Secondary Throw Button"
[20:38:37.3317499] [Debug  :ainavt.lc.lethalconfig] Registered config "LethalMin/LCVR/Switch Forward Button"
[20:38:37.3339333] [Debug  :ainavt.lc.lethalconfig] Registered config "LethalMin/LCVR/Switch Backwards Button"
[20:38:37.3354369] [Debug  :ainavt.lc.lethalconfig] Registered config "LethalMin/LCVR/Whistle Button"
[20:38:37.3374417] [Debug  :ainavt.lc.lethalconfig] Registered config "LethalMin/LCVR/Use Mouth to Dismiss"
[20:38:37.3394413] [Debug  :ainavt.lc.lethalconfig] Registered config "LethalMin/LCVR/Dismiss Button"
[20:38:37.3404426] [Debug  :ainavt.lc.lethalconfig] Registered config "LethalMin/LCVR/Switch Whistle Sound Button"
[20:38:37.3424418] [Debug  :ainavt.lc.lethalconfig] Registered config "LethalMin/LCVR/Charge Button"
[20:38:37.3439489] [Debug  :ainavt.lc.lethalconfig] Registered config "LethalMin/LCVR/Secondary Charge Button"
[20:38:37.3459527] [Debug  :ainavt.lc.lethalconfig] Registered config "LethalMin/LCVR/Disable Charge Motion Blur"
[20:38:37.3469530] [Debug  :ainavt.lc.lethalconfig] Registered config "LethalMin/LCVR/Glowmob Button (hold)"
[20:38:37.3489524] [Debug  :ainavt.lc.lethalconfig] Registered config "LethalMin/LCVR/Glowmob Delay"
[20:38:37.3510634] [Debug  :ainavt.lc.lethalconfig] Registered config "LethalMin/LCVR/Throw Cancel Button"
[20:38:37.3525741] [Debug  :ainavt.lc.lethalconfig] Registered config "LethalMin/Imperium/Dont Do Audible Noise Calculations For Pikmin"
[20:38:37.3535791] [Debug  :ainavt.lc.lethalconfig] Registered config "LethalMin/Imperium/Dont Resimulate Oracle On Pikmin Death"
[20:38:37.3555839] [Debug  :ainavt.lc.lethalconfig] Registered config "LethalMin/Imperium/Remove Puffmin From Spawn Search"
[20:38:37.3565827] [Debug  :ainavt.lc.lethalconfig] Registered config "LethalMin/WiderShipMod/Make Custom Bounds For Wide Ship"
[20:38:37.3585826] [Debug  :ainavt.lc.lethalconfig] Registered config "LethalMin/Mimics/Base Pick Chance"
[20:38:37.3595853] [Debug  :ainavt.lc.lethalconfig] Registered config "LethalMin/Mimics/Pick Chance Minimum"
[20:38:37.3615838] [Debug  :ainavt.lc.lethalconfig] Registered config "LethalMin/Mimics/Pick Chance Curve Base"
[20:38:37.3636296] [Debug  :ainavt.lc.lethalconfig] Registered config "LethalMin/Mimics/Alert Blacklist Range"
[20:38:37.3646293] [Debug  :ainavt.lc.lethalconfig] Registered config "LethalMin/DontTouchMe/Enable Interaction"
[20:38:37.3666301] [Debug  :ainavt.lc.lethalconfig] Registered config "LethalMin/DontTouchMe/Kill Everything"
[20:38:37.3681328] [Debug  :ainavt.lc.lethalconfig] Registered config "LethalMin/DontTouchMe/Attack Chance"
[20:38:37.3691371] [Debug  :ainavt.lc.lethalconfig] Registered config "LethalMin/DontTouchMe/Pikmin Friendly Despawn"
[20:38:37.3711377] [Debug  :ainavt.lc.lethalconfig] Registered config "LethalMin/DontTouchMe/Carry Weight"
[20:38:37.3726407] [Debug  :ainavt.lc.lethalconfig] Registered config "LethalMin/Advanced/Navmesh Check Blacklist"
[20:38:37.3736468] [Debug  :ainavt.lc.lethalconfig] Registered config "LethalMin/Advanced/Check Navmesh"
[20:38:37.3756450] [Debug  :ainavt.lc.lethalconfig] Registered config "LethalMin/Advanced/Generate Pikmin Configs"
[20:38:37.3766451] [Debug  :ainavt.lc.lethalconfig] Registered config "LethalMin/Advanced/Use ModDataLib"
[20:38:37.3786441] [Debug  :ainavt.lc.lethalconfig] Registered config "LethalMin/Advanced/Clean Moon Names"
[20:38:37.3796452] [Debug  :ainavt.lc.lethalconfig] Registered config "LethalMin/Advanced/Generate Moon Spawn Configs"
[20:38:37.3819985] [Debug  :ainavt.lc.lethalconfig] Registered config "LethalMin/Advanced/Generate Weather Spawn Configs"
[20:38:37.3835083] [Debug  :ainavt.lc.lethalconfig] Registered config "LethalMin/`Cheats`/Use Beta Item Weight Calculation"
[20:38:37.3850135] [Debug  :ainavt.lc.lethalconfig] Registered config "LethalMin/`Cheats`/Whistle Makes Noise At Noice Zone"
[20:38:37.3860177] [Debug  :ainavt.lc.lethalconfig] Registered config "LethalMin/`Cheats`/Dont Make Audible Noises"
[20:38:37.3880172] [Debug  :ainavt.lc.lethalconfig] Registered config "LethalMin/`Cheats`/Pikmin Signal Cooldown"
[20:38:37.3900182] [Debug  :ainavt.lc.lethalconfig] Registered config "LethalMin/`Cheats`/No Knock Back"
[20:38:37.3910188] [Debug  :ainavt.lc.lethalconfig] Registered config "LethalMin/`Cheats`/Invinceable Pikmin"
[20:38:37.3925881] [Debug  :ainavt.lc.lethalconfig] Registered config "LethalMin/`Cheats`/Useless Blues Mode"
[20:38:37.3945920] [Debug  :ainavt.lc.lethalconfig] Registered config "LethalMin/`Cheats`/Max Whistle Zone Radius"
[20:38:37.3960960] [Debug  :ainavt.lc.lethalconfig] Registered config "LethalMin/`Cheats`/Max Whistle Zone Distance"
[20:38:37.3970986] [Debug  :ainavt.lc.lethalconfig] Registered config "LethalMin/`Cheats`/Player Notice Zone Size"
[20:38:37.3990982] [Debug  :ainavt.lc.lethalconfig] Registered config "LethalMin/`Cheats`/Pikmin Damage Multiplier"
[20:38:37.4010979] [Debug  :ainavt.lc.lethalconfig] Registered config "LethalMin/`Cheats`/Pikmin Speed Multiplier"
[20:38:37.4010979] [Debug  :ainavt.lc.lethalconfig] Registered config "LethalMin/`Cheats`/Charge Distance"
[20:38:37.4037054] [Debug  :ainavt.lc.lethalconfig] Registered config "LethalMin/`Cheats`/Charge Cooldown"
[20:38:37.4057061] [Debug  :ainavt.lc.lethalconfig] Registered config "LethalMin/`Cheats`/Dont Remove Save After Fire"
[20:38:37.4067052] [Debug  :ainavt.lc.lethalconfig] Registered config "LethalMin/Funi/Yeet After Latch On"
[20:38:37.4087083] [Debug  :ainavt.lc.lethalconfig] Registered config "LethalMin/Funi/Randomize Generation Models"
[20:38:37.4107051] [Debug  :ainavt.lc.lethalconfig] Registered config "LethalMin/Funi/Add Collision To Ghost Sprites"
[20:38:37.4117060] [Debug  :ainavt.lc.lethalconfig] Registered config "LethalMin/Funi/Funi Onion"
[20:38:37.4142148] [Debug  :ainavt.lc.lethalconfig] Registered config "LethalMin/Funi/Giant Whistle With Pikmin Signal"
[20:38:37.4152183] [Debug  :ainavt.lc.lethalconfig] Registered config "LethalMin/Funi/Ragdoll On Knockback"
[20:38:37.4172193] [Debug  :ainavt.lc.lethalconfig] Registered config "LethalMin/Funi/Ragdoll On Death"
[20:38:37.4172193] [Info   : LethalMin] LethalMin: Patching Config Patches
[20:38:37.4172193] [Debug  : LethalMin] Patching config-conditional patches...
[20:38:37.4182194] [Debug  : LethalMin] Skipping config patch LethalMin.ConfigPatches.DontTouchMeUpdateTranspiler: Kittenji.DontTouchMe not loaded
[20:38:37.4276288] [Debug  : LethalMin] Patched config patch: LethalMin.ConfigPatches.DontTouchMeUpdateTranspiler+<UpdateTranspiler>d__0
[20:38:37.4296291] [Info   : LethalMin] ShotgunItemPatch: Increased enemyColliders array size from 10 to 127
[20:38:37.4336471] [Debug  : LethalMin] Patched config patch: LethalMin.ConfigPatches.ShotgunItemPatch
[20:38:37.4336471] [Debug  : LethalMin] Finished patching config-conditional patches!
[20:38:37.4336471] [Info   : LethalMin] LethalMin: Loading AssetBundle
[20:38:40.2555306] [Info   : LethalMin] LethalMin: Loading Miscellaneous Assets
[20:38:40.3602242] [Info   : LethalMin] LethalMin: Registering Pikmin As Enemies
[20:38:40.3647348] [Debug  :PathfindingLib] Changed prefabbed NavMeshAgent Pikmin's area mask from 0xFFFFFFFF to 0xFFFFFFFF to allow traversal of non-smart off-mesh links.
[20:38:40.3747478] [Debug  :PathfindingLib] Changed prefabbed NavMeshAgent Puffmin's area mask from 0xFFFFFFFF to 0xFFFFFFFF to allow traversal of non-smart off-mesh links.
[20:38:40.3757494] [Info   : LethalMin] LethalMin: Registering Items
[20:38:40.3978515] [Info   : LethalMin] LethalMin: Registering Pikmin Types
[20:38:40.4315373] [Info   : LethalMin] Registering 10 Pikmin Types
[20:38:40.4325414] [Message: LethalMin] Registering Pikmin Type: Blue Pikmin
[20:38:40.4330453] [Info   : LethalMin] Generating config file for Pikmin Type: Blue Pikmin
[20:38:40.4445993] [Debug  : LethalMin] PikminPrimaryColor set to RGBA(0.000, 0.000, 1.000, 1.000)
[20:38:40.4455980] [Debug  : LethalMin] PikminSecondaryColor set to RGBA(0.000, 0.000, 0.502, 1.000)
[20:38:40.4455980] [Debug  : LethalMin] Skipping unsupported field type: PikminIcon (UnityEngine.Sprite)
[20:38:40.4455980] [Debug  : LethalMin] Skipping unsupported field type: AnimatedPikminGhostTexture (UnityEngine.Texture2D[])
[20:38:40.4455980] [Debug  : LethalMin] AnimatedPikminGhostFrameHold set to 2
[20:38:40.4481067] [Debug  : LethalMin] OverrideGhostTextureTileing set to (1.00, 1.00)
[20:38:40.4491070] [Debug  : LethalMin] OverrideGhostTextureOffset set to (0.00, 0.00)
[20:38:40.4491070] [Debug  : LethalMin] SetGhostColor set to True
[20:38:40.4491070] [Debug  : LethalMin] DisableRegistration set to False
[20:38:40.4491070] [Debug  : LethalMin] SetColorOnSprout set to True
[20:38:40.4491070] [Debug  : LethalMin] UseOverrideSproutGlowColor set to False
[20:38:40.4491070] [Debug  : LethalMin] OverrideSproutGlowColor set to RGBA(1.000, 1.000, 1.000, 1.000)
[20:38:40.4501067] [Debug  : LethalMin] growSpeeds set to System.Collections.Generic.List`1[System.Single]
[20:38:40.4501067] [Debug  : LethalMin] growAttacks set to System.Collections.Generic.List`1[System.Single]
[20:38:40.4511067] [Debug  : LethalMin] growCarryStrengths set to System.Collections.Generic.List`1[System.Int32]
[20:38:40.4511067] [Debug  : LethalMin] GrowSpeedMultiplier set to 1
[20:38:40.4511067] [Debug  : LethalMin] DefaultSpeed set to 1
[20:38:40.4511067] [Debug  : LethalMin] RunningSpeedMultiplier set to 1.5
[20:38:40.4511067] [Debug  : LethalMin] CarryStrength set to 3
[20:38:40.4526114] [Debug  : LethalMin] ThrowForce set to (15.00, 15.00, 15.00)
[20:38:40.4526114] [Debug  : LethalMin] HazardsResistantTo set to System.Collections.Generic.List`1[PikminHazard]
[20:38:40.4526114] [Debug  : LethalMin] ItemDetectionRange set to 5
[20:38:40.4526114] [Debug  : LethalMin] CanLatchOnToObjects set to True
[20:38:40.4526114] [Debug  : LethalMin] CanJumpOntoObjects set to True
[20:38:40.4541246] [Debug  : LethalMin] CanCarryObjects set to True
[20:38:40.4541246] [Debug  : LethalMin] AttackStrength set to 1
[20:38:40.4541246] [Debug  : LethalMin] AttackRate set to 0.5
[20:38:40.4541246] [Debug  : LethalMin] AttackDistance set to 0.5
[20:38:40.4541246] [Debug  : LethalMin] JumpLatchOnRange set to 5
[20:38:40.4541246] [Debug  : LethalMin] DamageDeltUponDeath set to 0
[20:38:40.4541246] [Debug  : LethalMin] DeathDamageRange set to 0
[20:38:40.4541246] [Debug  : LethalMin] DamageDeltUpLanding set to 0
[20:38:40.4541246] [Debug  : LethalMin] ShakeEndurance set to 0.75
[20:38:40.4541246] [Debug  : LethalMin] SpawnsIndoors set to False
[20:38:40.4541246] [Debug  : LethalMin] SpawnsOutdoors set to True
[20:38:40.4551289] [Debug  : LethalMin] SpawnsAsSprout set to True
[20:38:40.4551289] [Debug  : LethalMin] UsesPikminContainer set to False
[20:38:40.4551289] [Debug  : LethalMin] SpawnAfterDay set to -1
[20:38:40.4551289] [Debug  : LethalMin] MoonSpawnMultipliers set to System.Collections.Generic.List`1[System.String]
[20:38:40.4551289] [Debug  : LethalMin] TagSpawnMultipliers set to System.Collections.Generic.List`1[System.String]
[20:38:40.4551289] [Debug  : LethalMin] WeatherSpawnMultipliers set to System.Collections.Generic.List`1[System.String]
[20:38:40.4551289] [Debug  : LethalMin] InstaEnterOnion set to False
[20:38:40.4551289] [Debug  : LethalMin] UsePresetFormatting set to True
[20:38:40.4551289] [Debug  : LethalMin] HelpfulLevel set to 45%
[20:38:40.4551289] [Debug  : LethalMin] ScientificName set to Pikminidae caerula
[20:38:40.4561289] [Debug  : LethalMin] piklopediaName set to 
[20:38:40.4561289] [Debug  : LethalMin] MaxGroupSpawnSize set to 3
[20:38:40.4561289] [Info   : LethalMin] Config file generated for Pikmin Type: Blue Pikmin at BepInEx/BepInEx\config\Pikmin\Blue Pikmin.cfg
[20:38:40.4581287] [Debug  :ainavt.lc.lethalconfig] Registered config "LethalMin/Pikmin/Blue Pikmin"
[20:38:40.4611295] [Info   : LethalMin] Added event at time (4.59) for Pikmin_Stretch
[20:38:40.4611295] [Info   : LethalMin] Added event at time (3.956667) for Pikmin_Yawn
[20:38:40.4626322] [Message: LethalMin] Registered Pikmin Type: Blue Pikmin with ID: 0
[20:38:40.4626322] [Message: LethalMin] Registering Pikmin Type: Bulbmin
[20:38:40.4626322] [Info   : LethalMin] Generating config file for Pikmin Type: Bulbmin
[20:38:40.4691469] [Debug  : LethalMin] PikminPrimaryColor set to RGBA(0.906, 0.608, 0.365, 1.000)
[20:38:40.4691469] [Debug  : LethalMin] PikminSecondaryColor set to RGBA(0.502, 0.224, 0.000, 1.000)
[20:38:40.4701439] [Debug  : LethalMin] Skipping unsupported field type: PikminIcon (UnityEngine.Sprite)
[20:38:40.4701439] [Debug  : LethalMin] Skipping unsupported field type: AnimatedPikminGhostTexture (UnityEngine.Texture2D[])
[20:38:40.4701439] [Debug  : LethalMin] AnimatedPikminGhostFrameHold set to 2
[20:38:40.4701439] [Debug  : LethalMin] OverrideGhostTextureTileing set to (1.00, 1.50)
[20:38:40.4701439] [Debug  : LethalMin] OverrideGhostTextureOffset set to (0.00, -0.25)
[20:38:40.4701439] [Debug  : LethalMin] SetGhostColor set to False
[20:38:40.4701439] [Debug  : LethalMin] DisableRegistration set to False
[20:38:40.4711446] [Debug  : LethalMin] SetColorOnSprout set to True
[20:38:40.4711446] [Debug  : LethalMin] UseOverrideSproutGlowColor set to True
[20:38:40.4711446] [Debug  : LethalMin] OverrideSproutGlowColor set to RGBA(0.220, 1.000, 0.000, 1.000)
[20:38:40.4711446] [Debug  : LethalMin] growSpeeds set to System.Collections.Generic.List`1[System.Single]
[20:38:40.4711446] [Debug  : LethalMin] growAttacks set to System.Collections.Generic.List`1[System.Single]
[20:38:40.4711446] [Debug  : LethalMin] growCarryStrengths set to System.Collections.Generic.List`1[System.Int32]
[20:38:40.4711446] [Debug  : LethalMin] GrowSpeedMultiplier set to 1
[20:38:40.4711446] [Debug  : LethalMin] DefaultSpeed set to 1
[20:38:40.4711446] [Debug  : LethalMin] RunningSpeedMultiplier set to 1.5
[20:38:40.4711446] [Debug  : LethalMin] CarryStrength set to 3
[20:38:40.4711446] [Debug  : LethalMin] ThrowForce set to (15.00, 15.00, 15.00)
[20:38:40.4726851] [Debug  : LethalMin] HazardsResistantTo set to System.Collections.Generic.List`1[PikminHazard]
[20:38:40.4726851] [Debug  : LethalMin] ItemDetectionRange set to 5
[20:38:40.4726851] [Debug  : LethalMin] CanLatchOnToObjects set to True
[20:38:40.4726851] [Debug  : LethalMin] CanJumpOntoObjects set to True
[20:38:40.4726851] [Debug  : LethalMin] CanCarryObjects set to True
[20:38:40.4726851] [Debug  : LethalMin] AttackStrength set to 1
[20:38:40.4726851] [Debug  : LethalMin] AttackRate set to 0.5
[20:38:40.4726851] [Debug  : LethalMin] AttackDistance set to 0.5
[20:38:40.4726851] [Debug  : LethalMin] JumpLatchOnRange set to 5
[20:38:40.4726851] [Debug  : LethalMin] DamageDeltUponDeath set to 0
[20:38:40.4736893] [Debug  : LethalMin] DeathDamageRange set to 0
[20:38:40.4736893] [Debug  : LethalMin] DamageDeltUpLanding set to 0
[20:38:40.4736893] [Debug  : LethalMin] ShakeEndurance set to 0.75
[20:38:40.4736893] [Debug  : LethalMin] SpawnsIndoors set to True
[20:38:40.4736893] [Debug  : LethalMin] SpawnsOutdoors set to False
[20:38:40.4736893] [Debug  : LethalMin] SpawnsAsSprout set to False
[20:38:40.4736893] [Debug  : LethalMin] UsesPikminContainer set to False
[20:38:40.4736893] [Debug  : LethalMin] SpawnAfterDay set to -1
[20:38:40.4736893] [Debug  : LethalMin] MoonSpawnMultipliers set to System.Collections.Generic.List`1[System.String]
[20:38:40.4736893] [Debug  : LethalMin] TagSpawnMultipliers set to System.Collections.Generic.List`1[System.String]
[20:38:40.4746898] [Debug  : LethalMin] WeatherSpawnMultipliers set to System.Collections.Generic.List`1[System.String]
[20:38:40.4746898] [Debug  : LethalMin] InstaEnterOnion set to False
[20:38:40.4746898] [Debug  : LethalMin] UsePresetFormatting set to True
[20:38:40.4746898] [Debug  : LethalMin] HelpfulLevel set to 60%
[20:38:40.4746898] [Debug  : LethalMin] ScientificName set to Parasiticus pikminicus
[20:38:40.4746898] [Debug  : LethalMin] piklopediaName set to 
[20:38:40.4746898] [Debug  : LethalMin] MaxGroupSpawnSize set to 3
[20:38:40.4746898] [Info   : LethalMin] Config file generated for Pikmin Type: Bulbmin at BepInEx/BepInEx\config\Pikmin\Bulbmin.cfg
[20:38:40.4766890] [Debug  :ainavt.lc.lethalconfig] Registered config "LethalMin/Pikmin/Bulbmin"
[20:38:40.4776897] [Message: LethalMin] Registered Pikmin Type: Bulbmin with ID: 1
[20:38:40.4776897] [Message: LethalMin] Registering Pikmin Type: Glow Pikmin
[20:38:40.4776897] [Info   : LethalMin] Generating config file for Pikmin Type: Glow Pikmin
[20:38:40.4786895] [Debug  : LethalMin] PikminPrimaryColor set to RGBA(0.000, 1.000, 0.008, 1.000)
[20:38:40.4786895] [Debug  : LethalMin] PikminSecondaryColor set to RGBA(0.102, 0.565, 0.035, 1.000)
[20:38:40.4786895] [Debug  : LethalMin] Skipping unsupported field type: PikminIcon (UnityEngine.Sprite)
[20:38:40.4786895] [Debug  : LethalMin] Skipping unsupported field type: AnimatedPikminGhostTexture (UnityEngine.Texture2D[])
[20:38:40.4786895] [Debug  : LethalMin] AnimatedPikminGhostFrameHold set to 2
[20:38:40.4786895] [Debug  : LethalMin] OverrideGhostTextureTileing set to (1.00, 1.00)
[20:38:40.4796897] [Debug  : LethalMin] OverrideGhostTextureOffset set to (0.00, 0.00)
[20:38:40.4796897] [Debug  : LethalMin] SetGhostColor set to True
[20:38:40.4796897] [Debug  : LethalMin] DisableRegistration set to False
[20:38:40.4796897] [Debug  : LethalMin] SetColorOnSprout set to True
[20:38:40.4796897] [Debug  : LethalMin] UseOverrideSproutGlowColor set to False
[20:38:40.4796897] [Debug  : LethalMin] OverrideSproutGlowColor set to RGBA(1.000, 1.000, 1.000, 1.000)
[20:38:40.4796897] [Debug  : LethalMin] growSpeeds set to System.Collections.Generic.List`1[System.Single]
[20:38:40.4796897] [Debug  : LethalMin] growAttacks set to System.Collections.Generic.List`1[System.Single]
[20:38:40.4796897] [Debug  : LethalMin] growCarryStrengths set to System.Collections.Generic.List`1[System.Int32]
[20:38:40.4796897] [Debug  : LethalMin] GrowSpeedMultiplier set to 5
[20:38:40.4796897] [Debug  : LethalMin] DefaultSpeed set to 1
[20:38:40.4806894] [Debug  : LethalMin] RunningSpeedMultiplier set to 1.5
[20:38:40.4806894] [Debug  : LethalMin] CarryStrength set to 3
[20:38:40.4806894] [Debug  : LethalMin] ThrowForce set to (15.00, 15.00, 15.00)
[20:38:40.4806894] [Debug  : LethalMin] HazardsResistantTo set to System.Collections.Generic.List`1[PikminHazard]
[20:38:40.4806894] [Debug  : LethalMin] ItemDetectionRange set to 5
[20:38:40.4806894] [Debug  : LethalMin] CanLatchOnToObjects set to True
[20:38:40.4806894] [Debug  : LethalMin] CanJumpOntoObjects set to True
[20:38:40.4806894] [Debug  : LethalMin] CanCarryObjects set to True
[20:38:40.4806894] [Debug  : LethalMin] AttackStrength set to 1
[20:38:40.4806894] [Debug  : LethalMin] AttackRate set to 0.5
[20:38:40.4806894] [Debug  : LethalMin] AttackDistance set to 0.5
[20:38:40.4806894] [Debug  : LethalMin] JumpLatchOnRange set to 5
[20:38:40.4806894] [Debug  : LethalMin] DamageDeltUponDeath set to 0
[20:38:40.4806894] [Debug  : LethalMin] DeathDamageRange set to 0
[20:38:40.4806894] [Debug  : LethalMin] DamageDeltUpLanding set to 0
[20:38:40.4806894] [Debug  : LethalMin] ShakeEndurance set to 0.75
[20:38:40.4806894] [Debug  : LethalMin] SpawnsIndoors set to False
[20:38:40.4806894] [Debug  : LethalMin] SpawnsOutdoors set to False
[20:38:40.4821932] [Debug  : LethalMin] SpawnsAsSprout set to False
[20:38:40.4821932] [Debug  : LethalMin] UsesPikminContainer set to False
[20:38:40.4821932] [Debug  : LethalMin] SpawnAfterDay set to 6
[20:38:40.4821932] [Debug  : LethalMin] MoonSpawnMultipliers set to System.Collections.Generic.List`1[System.String]
[20:38:40.4821932] [Debug  : LethalMin] TagSpawnMultipliers set to System.Collections.Generic.List`1[System.String]
[20:38:40.4821932] [Debug  : LethalMin] WeatherSpawnMultipliers set to System.Collections.Generic.List`1[System.String]
[20:38:40.4827140] [Debug  : LethalMin] InstaEnterOnion set to False
[20:38:40.4827140] [Debug  : LethalMin] UsePresetFormatting set to True
[20:38:40.4827140] [Debug  : LethalMin] HelpfulLevel set to 90%
[20:38:40.4827140] [Debug  : LethalMin] ScientificName set to Pikminidae supravelum
[20:38:40.4827140] [Debug  : LethalMin] piklopediaName set to 
[20:38:40.4827140] [Debug  : LethalMin] MaxGroupSpawnSize set to 3
[20:38:40.4827140] [Info   : LethalMin] Config file generated for Pikmin Type: Glow Pikmin at BepInEx/BepInEx\config\Pikmin\Glow Pikmin.cfg
[20:38:40.4847179] [Debug  :ainavt.lc.lethalconfig] Registered config "LethalMin/Pikmin/Glow Pikmin"
[20:38:40.4857182] [Info   : LethalMin] Added Custom Script: GlowPikminAI to PikminAI!
[20:38:40.4857182] [Message: LethalMin] Registered Pikmin Type: Glow Pikmin with ID: 2
[20:38:40.4857182] [Message: LethalMin] Registering Pikmin Type: Ice Pikmin
[20:38:40.4857182] [Info   : LethalMin] Generating config file for Pikmin Type: Ice Pikmin
[20:38:40.4912254] [Debug  : LethalMin] PikminPrimaryColor set to RGBA(0.000, 1.000, 1.000, 1.000)
[20:38:40.4912254] [Debug  : LethalMin] PikminSecondaryColor set to RGBA(0.000, 0.502, 0.502, 1.000)
[20:38:40.4912254] [Debug  : LethalMin] Skipping unsupported field type: PikminIcon (UnityEngine.Sprite)
[20:38:40.4912254] [Debug  : LethalMin] Skipping unsupported field type: AnimatedPikminGhostTexture (UnityEngine.Texture2D[])
[20:38:40.4912254] [Debug  : LethalMin] AnimatedPikminGhostFrameHold set to 2
[20:38:40.4912254] [Debug  : LethalMin] OverrideGhostTextureTileing set to (1.00, 1.00)
[20:38:40.4912254] [Debug  : LethalMin] OverrideGhostTextureOffset set to (0.00, 0.00)
[20:38:40.4912254] [Debug  : LethalMin] SetGhostColor set to True
[20:38:40.4912254] [Debug  : LethalMin] DisableRegistration set to False
[20:38:40.4912254] [Debug  : LethalMin] SetColorOnSprout set to True
[20:38:40.4912254] [Debug  : LethalMin] UseOverrideSproutGlowColor set to False
[20:38:40.4912254] [Debug  : LethalMin] OverrideSproutGlowColor set to RGBA(1.000, 1.000, 1.000, 1.000)
[20:38:40.4912254] [Debug  : LethalMin] growSpeeds set to System.Collections.Generic.List`1[System.Single]
[20:38:40.4912254] [Debug  : LethalMin] growAttacks set to System.Collections.Generic.List`1[System.Single]
[20:38:40.4912254] [Debug  : LethalMin] growCarryStrengths set to System.Collections.Generic.List`1[System.Int32]
[20:38:40.4927287] [Debug  : LethalMin] GrowSpeedMultiplier set to 1
[20:38:40.4927287] [Debug  : LethalMin] DefaultSpeed set to 1
[20:38:40.4927287] [Debug  : LethalMin] RunningSpeedMultiplier set to 1.5
[20:38:40.4927287] [Debug  : LethalMin] CarryStrength set to 3
[20:38:40.4927287] [Debug  : LethalMin] ThrowForce set to (15.00, 15.00, 15.00)
[20:38:40.4927287] [Debug  : LethalMin] HazardsResistantTo set to System.Collections.Generic.List`1[PikminHazard]
[20:38:40.4927287] [Debug  : LethalMin] ItemDetectionRange set to 5
[20:38:40.4937329] [Debug  : LethalMin] CanLatchOnToObjects set to True
[20:38:40.4937329] [Debug  : LethalMin] CanJumpOntoObjects set to True
[20:38:40.4937329] [Debug  : LethalMin] CanCarryObjects set to True
[20:38:40.4937329] [Debug  : LethalMin] AttackStrength set to 0.5
[20:38:40.4937329] [Debug  : LethalMin] AttackRate set to 0.5
[20:38:40.4937329] [Debug  : LethalMin] AttackDistance set to 0.5
[20:38:40.4937329] [Debug  : LethalMin] JumpLatchOnRange set to 5
[20:38:40.4937329] [Debug  : LethalMin] DamageDeltUponDeath set to 0
[20:38:40.4937329] [Debug  : LethalMin] DeathDamageRange set to 0
[20:38:40.4937329] [Debug  : LethalMin] DamageDeltUpLanding set to 0
[20:38:40.4937329] [Debug  : LethalMin] ShakeEndurance set to 0.75
[20:38:40.4937329] [Debug  : LethalMin] SpawnsIndoors set to False
[20:38:40.4947327] [Debug  : LethalMin] SpawnsOutdoors set to True
[20:38:40.4947327] [Debug  : LethalMin] SpawnsAsSprout set to True
[20:38:40.4947327] [Debug  : LethalMin] UsesPikminContainer set to False
[20:38:40.4947327] [Debug  : LethalMin] SpawnAfterDay set to 6
[20:38:40.4947327] [Debug  : LethalMin] MoonSpawnMultipliers set to System.Collections.Generic.List`1[System.String]
[20:38:40.4947327] [Debug  : LethalMin] TagSpawnMultipliers set to System.Collections.Generic.List`1[System.String]
[20:38:40.4947327] [Debug  : LethalMin] WeatherSpawnMultipliers set to System.Collections.Generic.List`1[System.String]
[20:38:40.4947327] [Debug  : LethalMin] InstaEnterOnion set to False
[20:38:40.4947327] [Debug  : LethalMin] UsePresetFormatting set to True
[20:38:40.4947327] [Debug  : LethalMin] HelpfulLevel set to 25%
[20:38:40.4947327] [Debug  : LethalMin] ScientificName set to Pikminidae habiglacius
[20:38:40.4957331] [Debug  : LethalMin] piklopediaName set to 
[20:38:40.4957331] [Debug  : LethalMin] MaxGroupSpawnSize set to 3
[20:38:40.4957331] [Info   : LethalMin] Config file generated for Pikmin Type: Ice Pikmin at BepInEx/BepInEx\config\Pikmin\Ice Pikmin.cfg
[20:38:40.4972369] [Debug  :ainavt.lc.lethalconfig] Registered config "LethalMin/Pikmin/Ice Pikmin"
[20:38:40.4982403] [Info   : LethalMin] Added Custom Script: IcePikminAI to PikminAI!
[20:38:40.4982403] [Message: LethalMin] Registered Pikmin Type: Ice Pikmin with ID: 3
[20:38:40.4982403] [Message: LethalMin] Registering Pikmin Type: Purple Pikmin
[20:38:40.4982403] [Info   : LethalMin] Generating config file for Pikmin Type: Purple Pikmin
[20:38:40.4992406] [Debug  : LethalMin] PikminPrimaryColor set to RGBA(0.502, 0.000, 1.000, 1.000)
[20:38:40.4992406] [Debug  : LethalMin] PikminSecondaryColor set to RGBA(0.243, 0.000, 0.502, 1.000)
[20:38:40.4992406] [Debug  : LethalMin] Skipping unsupported field type: PikminIcon (UnityEngine.Sprite)
[20:38:40.4992406] [Debug  : LethalMin] Skipping unsupported field type: AnimatedPikminGhostTexture (UnityEngine.Texture2D[])
[20:38:40.4992406] [Debug  : LethalMin] AnimatedPikminGhostFrameHold set to 2
[20:38:40.4992406] [Debug  : LethalMin] OverrideGhostTextureTileing set to (1.00, 1.00)
[20:38:40.5002408] [Debug  : LethalMin] OverrideGhostTextureOffset set to (0.00, 0.00)
[20:38:40.5002408] [Debug  : LethalMin] SetGhostColor set to True
[20:38:40.5002408] [Debug  : LethalMin] DisableRegistration set to False
[20:38:40.5002408] [Debug  : LethalMin] SetColorOnSprout set to True
[20:38:40.5002408] [Debug  : LethalMin] UseOverrideSproutGlowColor set to False
[20:38:40.5002408] [Debug  : LethalMin] OverrideSproutGlowColor set to RGBA(1.000, 1.000, 1.000, 1.000)
[20:38:40.5002408] [Debug  : LethalMin] growSpeeds set to System.Collections.Generic.List`1[System.Single]
[20:38:40.5002408] [Debug  : LethalMin] growAttacks set to System.Collections.Generic.List`1[System.Single]
[20:38:40.5002408] [Debug  : LethalMin] growCarryStrengths set to System.Collections.Generic.List`1[System.Int32]
[20:38:40.5002408] [Debug  : LethalMin] GrowSpeedMultiplier set to 1
[20:38:40.5002408] [Debug  : LethalMin] DefaultSpeed set to 1
[20:38:40.5012407] [Debug  : LethalMin] RunningSpeedMultiplier set to 1.25
[20:38:40.5012407] [Debug  : LethalMin] CarryStrength set to 30
[20:38:40.5012407] [Debug  : LethalMin] ThrowForce set to (21.00, 21.00, 21.00)
[20:38:40.5012407] [Debug  : LethalMin] HazardsResistantTo set to System.Collections.Generic.List`1[PikminHazard]
[20:38:40.5012407] [Debug  : LethalMin] ItemDetectionRange set to 5
[20:38:40.5012407] [Debug  : LethalMin] CanLatchOnToObjects set to True
[20:38:40.5012407] [Debug  : LethalMin] CanJumpOntoObjects set to True
[20:38:40.5012407] [Debug  : LethalMin] CanCarryObjects set to True
[20:38:40.5012407] [Debug  : LethalMin] AttackStrength set to 1
[20:38:40.5012407] [Debug  : LethalMin] AttackRate set to 0.5
[20:38:40.5012407] [Debug  : LethalMin] AttackDistance set to 0.5
[20:38:40.5012407] [Debug  : LethalMin] JumpLatchOnRange set to 3
[20:38:40.5012407] [Debug  : LethalMin] DamageDeltUponDeath set to 0
[20:38:40.5012407] [Debug  : LethalMin] DeathDamageRange set to 0
[20:38:40.5027454] [Debug  : LethalMin] DamageDeltUpLanding set to 6
[20:38:40.5027454] [Debug  : LethalMin] ShakeEndurance set to 0.75
[20:38:40.5027454] [Debug  : LethalMin] SpawnsIndoors set to True
[20:38:40.5027454] [Debug  : LethalMin] SpawnsOutdoors set to False
[20:38:40.5027454] [Debug  : LethalMin] SpawnsAsSprout set to False
[20:38:40.5027454] [Debug  : LethalMin] UsesPikminContainer set to True
[20:38:40.5027454] [Debug  : LethalMin] SpawnAfterDay set to -1
[20:38:40.5027454] [Debug  : LethalMin] MoonSpawnMultipliers set to System.Collections.Generic.List`1[System.String]
[20:38:40.5027454] [Debug  : LethalMin] TagSpawnMultipliers set to System.Collections.Generic.List`1[System.String]
[20:38:40.5027454] [Debug  : LethalMin] WeatherSpawnMultipliers set to System.Collections.Generic.List`1[System.String]
[20:38:40.5027454] [Debug  : LethalMin] InstaEnterOnion set to False
[20:38:40.5027454] [Debug  : LethalMin] UsePresetFormatting set to True
[20:38:40.5027454] [Debug  : LethalMin] HelpfulLevel set to 70%
[20:38:40.5027454] [Debug  : LethalMin] ScientificName set to Pikminidae yokozunum
[20:38:40.5027454] [Debug  : LethalMin] piklopediaName set to 
[20:38:40.5027454] [Debug  : LethalMin] MaxGroupSpawnSize set to 3
[20:38:40.5027454] [Info   : LethalMin] Config file generated for Pikmin Type: Purple Pikmin at BepInEx/BepInEx\config\Pikmin\Purple Pikmin.cfg
[20:38:40.5053059] [Debug  :ainavt.lc.lethalconfig] Registered config "LethalMin/Pikmin/Purple Pikmin"
[20:38:40.5063069] [Info   : LethalMin] Added Custom Script: PurplePikminAI to PikminAI!
[20:38:40.5063069] [Message: LethalMin] Registered Pikmin Type: Purple Pikmin with ID: 4
[20:38:40.5063069] [Message: LethalMin] Registering Pikmin Type: Red Pikmin
[20:38:40.5063069] [Info   : LethalMin] Generating config file for Pikmin Type: Red Pikmin
[20:38:40.5111509] [Debug  : LethalMin] PikminPrimaryColor set to RGBA(1.000, 0.000, 0.000, 1.000)
[20:38:40.5111509] [Debug  : LethalMin] PikminSecondaryColor set to RGBA(0.502, 0.000, 0.000, 1.000)
[20:38:40.5126544] [Debug  : LethalMin] Skipping unsupported field type: PikminIcon (UnityEngine.Sprite)
[20:38:40.5126544] [Debug  : LethalMin] Skipping unsupported field type: AnimatedPikminGhostTexture (UnityEngine.Texture2D[])
[20:38:40.5126544] [Debug  : LethalMin] AnimatedPikminGhostFrameHold set to 2
[20:38:40.5126544] [Debug  : LethalMin] OverrideGhostTextureTileing set to (1.00, 1.00)
[20:38:40.5126544] [Debug  : LethalMin] OverrideGhostTextureOffset set to (0.00, 0.00)
[20:38:40.5126544] [Debug  : LethalMin] SetGhostColor set to True
[20:38:40.5126544] [Debug  : LethalMin] DisableRegistration set to False
[20:38:40.5126544] [Debug  : LethalMin] SetColorOnSprout set to True
[20:38:40.5126544] [Debug  : LethalMin] UseOverrideSproutGlowColor set to False
[20:38:40.5126544] [Debug  : LethalMin] OverrideSproutGlowColor set to RGBA(1.000, 1.000, 1.000, 1.000)
[20:38:40.5136586] [Debug  : LethalMin] growSpeeds set to System.Collections.Generic.List`1[System.Single]
[20:38:40.5136586] [Debug  : LethalMin] growAttacks set to System.Collections.Generic.List`1[System.Single]
[20:38:40.5136586] [Debug  : LethalMin] growCarryStrengths set to System.Collections.Generic.List`1[System.Int32]
[20:38:40.5136586] [Debug  : LethalMin] GrowSpeedMultiplier set to 1
[20:38:40.5136586] [Debug  : LethalMin] DefaultSpeed set to 1
[20:38:40.5136586] [Debug  : LethalMin] RunningSpeedMultiplier set to 1.5
[20:38:40.5136586] [Debug  : LethalMin] CarryStrength set to 3
[20:38:40.5136586] [Debug  : LethalMin] ThrowForce set to (15.00, 15.00, 15.00)
[20:38:40.5136586] [Debug  : LethalMin] HazardsResistantTo set to System.Collections.Generic.List`1[PikminHazard]
[20:38:40.5146588] [Debug  : LethalMin] ItemDetectionRange set to 5
[20:38:40.5146588] [Debug  : LethalMin] CanLatchOnToObjects set to True
[20:38:40.5146588] [Debug  : LethalMin] CanJumpOntoObjects set to True
[20:38:40.5146588] [Debug  : LethalMin] CanCarryObjects set to True
[20:38:40.5146588] [Debug  : LethalMin] AttackStrength set to 5
[20:38:40.5146588] [Debug  : LethalMin] AttackRate set to 0.5
[20:38:40.5146588] [Debug  : LethalMin] AttackDistance set to 0.5
[20:38:40.5146588] [Debug  : LethalMin] JumpLatchOnRange set to 5
[20:38:40.5146588] [Debug  : LethalMin] DamageDeltUponDeath set to 0
[20:38:40.5156591] [Debug  : LethalMin] DeathDamageRange set to 0
[20:38:40.5156591] [Debug  : LethalMin] DamageDeltUpLanding set to 0
[20:38:40.5156591] [Debug  : LethalMin] ShakeEndurance set to 0.75
[20:38:40.5156591] [Debug  : LethalMin] SpawnsIndoors set to False
[20:38:40.5156591] [Debug  : LethalMin] SpawnsOutdoors set to True
[20:38:40.5156591] [Debug  : LethalMin] SpawnsAsSprout set to True
[20:38:40.5156591] [Debug  : LethalMin] UsesPikminContainer set to False
[20:38:40.5156591] [Debug  : LethalMin] SpawnAfterDay set to -1
[20:38:40.5156591] [Debug  : LethalMin] MoonSpawnMultipliers set to System.Collections.Generic.List`1[System.String]
[20:38:40.5156591] [Debug  : LethalMin] TagSpawnMultipliers set to System.Collections.Generic.List`1[System.String]
[20:38:40.5156591] [Debug  : LethalMin] WeatherSpawnMultipliers set to System.Collections.Generic.List`1[System.String]
[20:38:40.5166591] [Debug  : LethalMin] InstaEnterOnion set to False
[20:38:40.5166591] [Debug  : LethalMin] UsePresetFormatting set to True
[20:38:40.5166591] [Debug  : LethalMin] HelpfulLevel set to 50%
[20:38:40.5166591] [Debug  : LethalMin] ScientificName set to Pikminidae rubrus
[20:38:40.5166591] [Debug  : LethalMin] piklopediaName set to 
[20:38:40.5166591] [Debug  : LethalMin] MaxGroupSpawnSize set to 3
[20:38:40.5166591] [Info   : LethalMin] Config file generated for Pikmin Type: Red Pikmin at BepInEx/BepInEx\config\Pikmin\Red Pikmin.cfg
[20:38:40.5186585] [Debug  :ainavt.lc.lethalconfig] Registered config "LethalMin/Pikmin/Red Pikmin"
[20:38:40.5186585] [Message: LethalMin] Registered Pikmin Type: Red Pikmin with ID: 5
[20:38:40.5186585] [Message: LethalMin] Registering Pikmin Type: Rock Pikmin
[20:38:40.5186585] [Info   : LethalMin] Generating config file for Pikmin Type: Rock Pikmin
[20:38:40.5236802] [Debug  : LethalMin] PikminPrimaryColor set to RGBA(0.588, 0.588, 0.588, 1.000)
[20:38:40.5236802] [Debug  : LethalMin] PikminSecondaryColor set to RGBA(0.294, 0.294, 0.294, 1.000)
[20:38:40.5236802] [Debug  : LethalMin] Skipping unsupported field type: PikminIcon (UnityEngine.Sprite)
[20:38:40.5236802] [Debug  : LethalMin] Skipping unsupported field type: AnimatedPikminGhostTexture (UnityEngine.Texture2D[])
[20:38:40.5236802] [Debug  : LethalMin] AnimatedPikminGhostFrameHold set to 2
[20:38:40.5236802] [Debug  : LethalMin] OverrideGhostTextureTileing set to (1.00, 1.00)
[20:38:40.5246790] [Debug  : LethalMin] OverrideGhostTextureOffset set to (0.00, 0.00)
[20:38:40.5246790] [Debug  : LethalMin] SetGhostColor set to True
[20:38:40.5246790] [Debug  : LethalMin] DisableRegistration set to False
[20:38:40.5246790] [Debug  : LethalMin] SetColorOnSprout set to False
[20:38:40.5246790] [Debug  : LethalMin] UseOverrideSproutGlowColor set to False
[20:38:40.5246790] [Debug  : LethalMin] OverrideSproutGlowColor set to RGBA(1.000, 1.000, 1.000, 1.000)
[20:38:40.5246790] [Debug  : LethalMin] growSpeeds set to System.Collections.Generic.List`1[System.Single]
[20:38:40.5246790] [Debug  : LethalMin] growAttacks set to System.Collections.Generic.List`1[System.Single]
[20:38:40.5256826] [Debug  : LethalMin] growCarryStrengths set to System.Collections.Generic.List`1[System.Int32]
[20:38:40.5256826] [Debug  : LethalMin] GrowSpeedMultiplier set to 1
[20:38:40.5256826] [Debug  : LethalMin] DefaultSpeed set to 1
[20:38:40.5256826] [Debug  : LethalMin] RunningSpeedMultiplier set to 1.5
[20:38:40.5256826] [Debug  : LethalMin] CarryStrength set to 3
[20:38:40.5256826] [Debug  : LethalMin] ThrowForce set to (15.00, 15.00, 15.00)
[20:38:40.5256826] [Debug  : LethalMin] HazardsResistantTo set to System.Collections.Generic.List`1[PikminHazard]
[20:38:40.5256826] [Debug  : LethalMin] ItemDetectionRange set to 5
[20:38:40.5256826] [Debug  : LethalMin] CanLatchOnToObjects set to False
[20:38:40.5267084] [Debug  : LethalMin] CanJumpOntoObjects set to False
[20:38:40.5267084] [Debug  : LethalMin] CanCarryObjects set to True
[20:38:40.5267084] [Debug  : LethalMin] AttackStrength set to 2.5
[20:38:40.5267084] [Debug  : LethalMin] AttackRate set to 0.5
[20:38:40.5267084] [Debug  : LethalMin] AttackDistance set to 0.5
[20:38:40.5267084] [Debug  : LethalMin] JumpLatchOnRange set to 5
[20:38:40.5267084] [Debug  : LethalMin] DamageDeltUponDeath set to 0
[20:38:40.5267084] [Debug  : LethalMin] DeathDamageRange set to 0
[20:38:40.5267084] [Debug  : LethalMin] DamageDeltUpLanding set to 0
[20:38:40.5267084] [Debug  : LethalMin] ShakeEndurance set to 0.75
[20:38:40.5267084] [Debug  : LethalMin] SpawnsIndoors set to False
[20:38:40.5277108] [Debug  : LethalMin] SpawnsOutdoors set to True
[20:38:40.5277108] [Debug  : LethalMin] SpawnsAsSprout set to True
[20:38:40.5277108] [Debug  : LethalMin] UsesPikminContainer set to False
[20:38:40.5277108] [Debug  : LethalMin] SpawnAfterDay set to 3
[20:38:40.5277108] [Debug  : LethalMin] MoonSpawnMultipliers set to System.Collections.Generic.List`1[System.String]
[20:38:40.5277108] [Debug  : LethalMin] TagSpawnMultipliers set to System.Collections.Generic.List`1[System.String]
[20:38:40.5277108] [Debug  : LethalMin] WeatherSpawnMultipliers set to System.Collections.Generic.List`1[System.String]
[20:38:40.5287076] [Debug  : LethalMin] InstaEnterOnion set to False
[20:38:40.5287076] [Debug  : LethalMin] UsePresetFormatting set to True
[20:38:40.5287076] [Debug  : LethalMin] HelpfulLevel set to 65%
[20:38:40.5287076] [Debug  : LethalMin] ScientificName set to Pikminidae habisaxum
[20:38:40.5287076] [Debug  : LethalMin] piklopediaName set to 
[20:38:40.5287076] [Debug  : LethalMin] MaxGroupSpawnSize set to 3
[20:38:40.5287076] [Info   : LethalMin] Config file generated for Pikmin Type: Rock Pikmin at BepInEx/BepInEx\config\Pikmin\Rock Pikmin.cfg
[20:38:40.5307092] [Debug  :ainavt.lc.lethalconfig] Registered config "LethalMin/Pikmin/Rock Pikmin"
[20:38:40.5317089] [Info   : LethalMin] Added Custom Script: RockPikminAI to PikminAI!
[20:38:40.5317089] [Message: LethalMin] Registered Pikmin Type: Rock Pikmin with ID: 6
[20:38:40.5317089] [Message: LethalMin] Registering Pikmin Type: White Pikmin
[20:38:40.5317089] [Info   : LethalMin] Generating config file for Pikmin Type: White Pikmin
[20:38:40.5329712] [Debug  : LethalMin] PikminPrimaryColor set to RGBA(1.000, 1.000, 1.000, 1.000)
[20:38:40.5329712] [Debug  : LethalMin] PikminSecondaryColor set to RGBA(0.502, 0.502, 0.502, 1.000)
[20:38:40.5329712] [Debug  : LethalMin] Skipping unsupported field type: PikminIcon (UnityEngine.Sprite)
[20:38:40.5329712] [Debug  : LethalMin] Skipping unsupported field type: AnimatedPikminGhostTexture (UnityEngine.Texture2D[])
[20:38:40.5329712] [Debug  : LethalMin] AnimatedPikminGhostFrameHold set to 2
[20:38:40.5329712] [Debug  : LethalMin] OverrideGhostTextureTileing set to (1.00, 1.00)
[20:38:40.5329712] [Debug  : LethalMin] OverrideGhostTextureOffset set to (0.00, 0.00)
[20:38:40.5329712] [Debug  : LethalMin] SetGhostColor set to True
[20:38:40.5329712] [Debug  : LethalMin] DisableRegistration set to False
[20:38:40.5329712] [Debug  : LethalMin] SetColorOnSprout set to True
[20:38:40.5329712] [Debug  : LethalMin] UseOverrideSproutGlowColor set to False
[20:38:40.5339754] [Debug  : LethalMin] OverrideSproutGlowColor set to RGBA(1.000, 1.000, 1.000, 1.000)
[20:38:40.5339754] [Debug  : LethalMin] growSpeeds set to System.Collections.Generic.List`1[System.Single]
[20:38:40.5339754] [Debug  : LethalMin] growAttacks set to System.Collections.Generic.List`1[System.Single]
[20:38:40.5339754] [Debug  : LethalMin] growCarryStrengths set to System.Collections.Generic.List`1[System.Int32]
[20:38:40.5339754] [Debug  : LethalMin] GrowSpeedMultiplier set to 1
[20:38:40.5339754] [Debug  : LethalMin] DefaultSpeed set to 1
[20:38:40.5339754] [Debug  : LethalMin] RunningSpeedMultiplier set to 1.5
[20:38:40.5339754] [Debug  : LethalMin] CarryStrength set to 3
[20:38:40.5339754] [Debug  : LethalMin] ThrowForce set to (15.00, 15.00, 15.00)
[20:38:40.5339754] [Debug  : LethalMin] HazardsResistantTo set to System.Collections.Generic.List`1[PikminHazard]
[20:38:40.5339754] [Debug  : LethalMin] ItemDetectionRange set to 15
[20:38:40.5349750] [Debug  : LethalMin] CanLatchOnToObjects set to True
[20:38:40.5349750] [Debug  : LethalMin] CanJumpOntoObjects set to True
[20:38:40.5349750] [Debug  : LethalMin] CanCarryObjects set to True
[20:38:40.5349750] [Debug  : LethalMin] AttackStrength set to 1
[20:38:40.5349750] [Debug  : LethalMin] AttackRate set to 0.5
[20:38:40.5349750] [Debug  : LethalMin] AttackDistance set to 0.5
[20:38:40.5349750] [Debug  : LethalMin] JumpLatchOnRange set to 5
[20:38:40.5349750] [Debug  : LethalMin] DamageDeltUponDeath set to 200
[20:38:40.5349750] [Debug  : LethalMin] DeathDamageRange set to 5
[20:38:40.5349750] [Debug  : LethalMin] DamageDeltUpLanding set to 0
[20:38:40.5349750] [Debug  : LethalMin] ShakeEndurance set to 0.75
[20:38:40.5349750] [Debug  : LethalMin] SpawnsIndoors set to True
[20:38:40.5349750] [Debug  : LethalMin] SpawnsOutdoors set to False
[20:38:40.5359747] [Debug  : LethalMin] SpawnsAsSprout set to False
[20:38:40.5359747] [Debug  : LethalMin] UsesPikminContainer set to True
[20:38:40.5359747] [Debug  : LethalMin] SpawnAfterDay set to -1
[20:38:40.5359747] [Debug  : LethalMin] MoonSpawnMultipliers set to System.Collections.Generic.List`1[System.String]
[20:38:40.5359747] [Debug  : LethalMin] TagSpawnMultipliers set to System.Collections.Generic.List`1[System.String]
[20:38:40.5359747] [Debug  : LethalMin] WeatherSpawnMultipliers set to System.Collections.Generic.List`1[System.String]
[20:38:40.5359747] [Debug  : LethalMin] InstaEnterOnion set to False
[20:38:40.5359747] [Debug  : LethalMin] UsePresetFormatting set to True
[20:38:40.5359747] [Debug  : LethalMin] HelpfulLevel set to 50%
[20:38:40.5359747] [Debug  : LethalMin] ScientificName set to Pikminidae venalbius
[20:38:40.5359747] [Debug  : LethalMin] piklopediaName set to 
[20:38:40.5359747] [Debug  : LethalMin] MaxGroupSpawnSize set to 3
[20:38:40.5369747] [Info   : LethalMin] Config file generated for Pikmin Type: White Pikmin at BepInEx/BepInEx\config\Pikmin\White Pikmin.cfg
[20:38:40.5369747] [Debug  :ainavt.lc.lethalconfig] Registered config "LethalMin/Pikmin/White Pikmin"
[20:38:40.5385211] [Message: LethalMin] Registered Pikmin Type: White Pikmin with ID: 7
[20:38:40.5385211] [Message: LethalMin] Registering Pikmin Type: Winged Pikmin
[20:38:40.5385211] [Info   : LethalMin] Generating config file for Pikmin Type: Winged Pikmin
[20:38:40.5395300] [Debug  : LethalMin] PikminPrimaryColor set to RGBA(1.000, 0.000, 1.000, 1.000)
[20:38:40.5395300] [Debug  : LethalMin] PikminSecondaryColor set to RGBA(0.502, 0.000, 0.502, 1.000)
[20:38:40.5395300] [Debug  : LethalMin] Skipping unsupported field type: PikminIcon (UnityEngine.Sprite)
[20:38:40.5395300] [Debug  : LethalMin] Skipping unsupported field type: AnimatedPikminGhostTexture (UnityEngine.Texture2D[])
[20:38:40.5395300] [Debug  : LethalMin] AnimatedPikminGhostFrameHold set to 2
[20:38:40.5395300] [Debug  : LethalMin] OverrideGhostTextureTileing set to (1.00, 1.50)
[20:38:40.5395300] [Debug  : LethalMin] OverrideGhostTextureOffset set to (0.00, -0.20)
[20:38:40.5395300] [Debug  : LethalMin] SetGhostColor set to True
[20:38:40.5395300] [Debug  : LethalMin] DisableRegistration set to False
[20:38:40.5395300] [Debug  : LethalMin] SetColorOnSprout set to True
[20:38:40.5395300] [Debug  : LethalMin] UseOverrideSproutGlowColor set to False
[20:38:40.5395300] [Debug  : LethalMin] OverrideSproutGlowColor set to RGBA(1.000, 1.000, 1.000, 1.000)
[20:38:40.5405264] [Debug  : LethalMin] growSpeeds set to System.Collections.Generic.List`1[System.Single]
[20:38:40.5405264] [Debug  : LethalMin] growAttacks set to System.Collections.Generic.List`1[System.Single]
[20:38:40.5405264] [Debug  : LethalMin] growCarryStrengths set to System.Collections.Generic.List`1[System.Int32]
[20:38:40.5405264] [Debug  : LethalMin] GrowSpeedMultiplier set to 1
[20:38:40.5405264] [Debug  : LethalMin] DefaultSpeed set to 1
[20:38:40.5405264] [Debug  : LethalMin] RunningSpeedMultiplier set to 1.5
[20:38:40.5405264] [Debug  : LethalMin] CarryStrength set to 3
[20:38:40.5405264] [Debug  : LethalMin] ThrowForce set to (15.00, 15.00, 15.00)
[20:38:40.5405264] [Debug  : LethalMin] HazardsResistantTo set to System.Collections.Generic.List`1[PikminHazard]
[20:38:40.5415262] [Debug  : LethalMin] ItemDetectionRange set to 5
[20:38:40.5415262] [Debug  : LethalMin] CanLatchOnToObjects set to True
[20:38:40.5415262] [Debug  : LethalMin] CanJumpOntoObjects set to True
[20:38:40.5415262] [Debug  : LethalMin] CanCarryObjects set to True
[20:38:40.5415262] [Debug  : LethalMin] AttackStrength set to 0.5
[20:38:40.5415262] [Debug  : LethalMin] AttackRate set to 0.5
[20:38:40.5415262] [Debug  : LethalMin] AttackDistance set to 0.5
[20:38:40.5415262] [Debug  : LethalMin] JumpLatchOnRange set to 5
[20:38:40.5415262] [Debug  : LethalMin] DamageDeltUponDeath set to 0
[20:38:40.5415262] [Debug  : LethalMin] DeathDamageRange set to 0
[20:38:40.5415262] [Debug  : LethalMin] DamageDeltUpLanding set to 0
[20:38:40.5425261] [Debug  : LethalMin] ShakeEndurance set to 0.75
[20:38:40.5425261] [Debug  : LethalMin] SpawnsIndoors set to False
[20:38:40.5425261] [Debug  : LethalMin] SpawnsOutdoors set to True
[20:38:40.5425261] [Debug  : LethalMin] SpawnsAsSprout set to True
[20:38:40.5425261] [Debug  : LethalMin] UsesPikminContainer set to False
[20:38:40.5425261] [Debug  : LethalMin] SpawnAfterDay set to 3
[20:38:40.5430294] [Debug  : LethalMin] MoonSpawnMultipliers set to System.Collections.Generic.List`1[System.String]
[20:38:40.5430294] [Debug  : LethalMin] TagSpawnMultipliers set to System.Collections.Generic.List`1[System.String]
[20:38:40.5430294] [Debug  : LethalMin] WeatherSpawnMultipliers set to System.Collections.Generic.List`1[System.String]
[20:38:40.5430294] [Debug  : LethalMin] InstaEnterOnion set to False
[20:38:40.5430294] [Debug  : LethalMin] UsePresetFormatting set to True
[20:38:40.5430294] [Debug  : LethalMin] HelpfulLevel set to 50%
[20:38:40.5430294] [Debug  : LethalMin] ScientificName set to Pikminidae volarosa
[20:38:40.5430294] [Debug  : LethalMin] piklopediaName set to 
[20:38:40.5440335] [Debug  : LethalMin] MaxGroupSpawnSize set to 3
[20:38:40.5440335] [Info   : LethalMin] Config file generated for Pikmin Type: Winged Pikmin at BepInEx/BepInEx\config\Pikmin\Winged Pikmin.cfg
[20:38:40.5450328] [Debug  :ainavt.lc.lethalconfig] Registered config "LethalMin/Pikmin/Winged Pikmin"
[20:38:40.5450328] [Info   : LethalMin] Added Custom Script: WingedPikminAI to PikminAI!
[20:38:40.5450328] [Info   : LethalMin] Added event at time (3.15) for wg_Gattu
[20:38:40.5450328] [Info   : LethalMin] Added event at time (4.75) for wg_Akubi
[20:38:40.5450328] [Info   : LethalMin] Added event at time (3.15) for wg_Iraira
[20:38:40.5450328] [Message: LethalMin] Registered Pikmin Type: Winged Pikmin with ID: 8
[20:38:40.5450328] [Message: LethalMin] Registering Pikmin Type: Yellow Pikmin
[20:38:40.5450328] [Info   : LethalMin] Generating config file for Pikmin Type: Yellow Pikmin
[20:38:40.5515664] [Debug  : LethalMin] PikminPrimaryColor set to RGBA(1.000, 1.000, 0.000, 1.000)
[20:38:40.5515664] [Debug  : LethalMin] PikminSecondaryColor set to RGBA(0.502, 0.502, 0.000, 1.000)
[20:38:40.5515664] [Debug  : LethalMin] Skipping unsupported field type: PikminIcon (UnityEngine.Sprite)
[20:38:40.5515664] [Debug  : LethalMin] Skipping unsupported field type: AnimatedPikminGhostTexture (UnityEngine.Texture2D[])
[20:38:40.5515664] [Debug  : LethalMin] AnimatedPikminGhostFrameHold set to 2
[20:38:40.5515664] [Debug  : LethalMin] OverrideGhostTextureTileing set to (1.00, 1.00)
[20:38:40.5515664] [Debug  : LethalMin] OverrideGhostTextureOffset set to (0.00, 0.00)
[20:38:40.5515664] [Debug  : LethalMin] SetGhostColor set to True
[20:38:40.5525659] [Debug  : LethalMin] DisableRegistration set to False
[20:38:40.5525659] [Debug  : LethalMin] SetColorOnSprout set to True
[20:38:40.5525659] [Debug  : LethalMin] UseOverrideSproutGlowColor set to False
[20:38:40.5525659] [Debug  : LethalMin] OverrideSproutGlowColor set to RGBA(1.000, 1.000, 1.000, 1.000)
[20:38:40.5525659] [Debug  : LethalMin] growSpeeds set to System.Collections.Generic.List`1[System.Single]
[20:38:40.5525659] [Debug  : LethalMin] growAttacks set to System.Collections.Generic.List`1[System.Single]
[20:38:40.5525659] [Debug  : LethalMin] growCarryStrengths set to System.Collections.Generic.List`1[System.Int32]
[20:38:40.5525659] [Debug  : LethalMin] GrowSpeedMultiplier set to 1
[20:38:40.5525659] [Debug  : LethalMin] DefaultSpeed set to 1
[20:38:40.5525659] [Debug  : LethalMin] RunningSpeedMultiplier set to 1.5
[20:38:40.5525659] [Debug  : LethalMin] CarryStrength set to 3
[20:38:40.5525659] [Debug  : LethalMin] ThrowForce set to (22.00, 22.00, 22.00)
[20:38:40.5525659] [Debug  : LethalMin] HazardsResistantTo set to System.Collections.Generic.List`1[PikminHazard]
[20:38:40.5525659] [Debug  : LethalMin] ItemDetectionRange set to 5
[20:38:40.5525659] [Debug  : LethalMin] CanLatchOnToObjects set to True
[20:38:40.5541397] [Debug  : LethalMin] CanJumpOntoObjects set to True
[20:38:40.5541397] [Debug  : LethalMin] CanCarryObjects set to True
[20:38:40.5541397] [Debug  : LethalMin] AttackStrength set to 1
[20:38:40.5541397] [Debug  : LethalMin] AttackRate set to 0.5
[20:38:40.5541397] [Debug  : LethalMin] AttackDistance set to 0.5
[20:38:40.5541397] [Debug  : LethalMin] JumpLatchOnRange set to 5
[20:38:40.5541397] [Debug  : LethalMin] DamageDeltUponDeath set to 0
[20:38:40.5541397] [Debug  : LethalMin] DeathDamageRange set to 0
[20:38:40.5541397] [Debug  : LethalMin] DamageDeltUpLanding set to 0
[20:38:40.5541397] [Debug  : LethalMin] ShakeEndurance set to 0.75
[20:38:40.5541397] [Debug  : LethalMin] SpawnsIndoors set to False
[20:38:40.5541397] [Debug  : LethalMin] SpawnsOutdoors set to True
[20:38:40.5551439] [Debug  : LethalMin] SpawnsAsSprout set to True
[20:38:40.5551439] [Debug  : LethalMin] UsesPikminContainer set to False
[20:38:40.5551439] [Debug  : LethalMin] SpawnAfterDay set to -1
[20:38:40.5551439] [Debug  : LethalMin] MoonSpawnMultipliers set to System.Collections.Generic.List`1[System.String]
[20:38:40.5551439] [Debug  : LethalMin] TagSpawnMultipliers set to System.Collections.Generic.List`1[System.String]
[20:38:40.5551439] [Debug  : LethalMin] WeatherSpawnMultipliers set to System.Collections.Generic.List`1[System.String]
[20:38:40.5551439] [Debug  : LethalMin] InstaEnterOnion set to False
[20:38:40.5551439] [Debug  : LethalMin] UsePresetFormatting set to True
[20:38:40.5551439] [Debug  : LethalMin] HelpfulLevel set to 50%
[20:38:40.5551439] [Debug  : LethalMin] ScientificName set to Pikminidae auribus
[20:38:40.5551439] [Debug  : LethalMin] piklopediaName set to 
[20:38:40.5561434] [Debug  : LethalMin] MaxGroupSpawnSize set to 3
[20:38:40.5561434] [Info   : LethalMin] Config file generated for Pikmin Type: Yellow Pikmin at BepInEx/BepInEx\config\Pikmin\Yellow Pikmin.cfg
[20:38:40.5571434] [Debug  :ainavt.lc.lethalconfig] Registered config "LethalMin/Pikmin/Yellow Pikmin"
[20:38:40.5581441] [Message: LethalMin] Registered Pikmin Type: Yellow Pikmin with ID: 9
[20:38:40.5581441] [Info   : LethalMin] LethalMin: Loading Default Moon Spawn Configs
[20:38:40.5581441] [Debug  : LethalMin] Moon spawn config loaded in memory (no file) for: Embrion
[20:38:40.5591438] [Debug  : LethalMin] Moon spawn config loaded in memory (no file) for: Adamance
[20:38:40.5591438] [Debug  : LethalMin] Moon spawn config loaded in memory (no file) for: Vow
[20:38:40.5591438] [Info   : LethalMin] LethalMin: Loading Default Weather Spawn Configs
[20:38:40.5591438] [Debug  : LethalMin] Weather spawn config loaded in memory (no file) for: Rainy
[20:38:40.5591438] [Debug  : LethalMin] Weather spawn config loaded in memory (no file) for: Eclipsed
[20:38:40.5591438] [Info   : LethalMin] LethalMin: Registering Onion Types
[20:38:40.5601437] [Info   : LethalMin] Registering 9 Onion Types
[20:38:40.5611436] [Message: LethalMin] Registering Onion Type: Blue Onion
[20:38:40.5611436] [Message: LethalMin] Registered Onion Type: Blue Onion with ID: 0
[20:38:40.5611436] [Message: LethalMin] Registering Onion Type: Ice Onion
[20:38:40.5611436] [Message: LethalMin] Registered Onion Type: Ice Onion with ID: 1
[20:38:40.5611436] [Message: LethalMin] Registering Onion Type: Pikmin Container
[20:38:40.5611436] [Message: LethalMin] Registered Onion Type: Pikmin Container with ID: 2
[20:38:40.5611436] [Message: LethalMin] Registering Onion Type: Purple Onion
[20:38:40.5611436] [Message: LethalMin] Registered Onion Type: Purple Onion with ID: 3
[20:38:40.5611436] [Message: LethalMin] Registering Onion Type: Red Onion
[20:38:40.5611436] [Message: LethalMin] Registered Onion Type: Red Onion with ID: 4
[20:38:40.5611436] [Message: LethalMin] Registering Onion Type: Rock Onion
[20:38:40.5611436] [Message: LethalMin] Registered Onion Type: Rock Onion with ID: 5
[20:38:40.5611436] [Message: LethalMin] Registering Onion Type: White Onion
[20:38:40.5611436] [Message: LethalMin] Registered Onion Type: White Onion with ID: 6
[20:38:40.5611436] [Message: LethalMin] Registering Onion Type: Winged Onion
[20:38:40.5611436] [Message: LethalMin] Registered Onion Type: Winged Onion with ID: 7
[20:38:40.5611436] [Message: LethalMin] Registering Onion Type: Yellow Onion
[20:38:40.5611436] [Message: LethalMin] Registered Onion Type: Yellow Onion with ID: 8
[20:38:40.5611436] [Info   : LethalMin] LethalMin: Registering Onion Fuse Rules
[20:38:40.5626479] [Info   : LethalMin] Registering 1 Fuse Rules
[20:38:40.5626479] [Message: LethalMin] Registering Fuse Rules: RBY_FuseRules
[20:38:40.5636516] [Message: LethalMin] Registered Fuse Rules: RBY_FuseRules with ID: 0
[20:38:40.5636516] [Info   : LethalMin] LethalMin: Registering Custom Piklopedia Entries
[20:38:40.5656516] [Info   : LethalMin] NoteBoxz.LethalMin v1.1.0(NIGHTLY) has loaded!
[20:38:40.5656516] [Info   :   BepInEx] Loading [EnemyHealthBars 1.4.0]
[20:38:40.5749741] [Debug  :EnemyHealthBars] Patching...
[20:38:40.5936779] [Debug  :EnemyHealthBars] Finished patching!
[20:38:40.6103761] [Info   :EnemyHealthBars] NoteBoxz.EnemyHealthBars v1.4.0 has loaded!
[20:38:40.6103761] [Info   :   BepInEx] Loading [Black Mesa Interior 3.4.1]
[20:38:40.6274697] [Debug  :Spawn Cycle Fixes] Transpiler (Radiation warning): Add Old Bird values after spawning
[20:38:40.6807785] [Info   :   BepInEx] Loading [PSCPLibrary 0.1.1]
[20:38:40.6827783] [Info   :PSCPLibrary] ProjectSCP.PSCPLibrary v0.1.1 has loaded!
[20:38:40.6884175] [Info   :   BepInEx] Loading [PSCPLibrary.IT 1.0.0]
[20:38:40.6904339] [Info   :PSCPLibrary.IT] ProjectSCP.PSCPLibrary.IT v1.0.0 has loaded!
[20:38:40.6994968] [Info   :   BepInEx] Loading [NestFix 1.2.0]
[20:38:40.7080906] [Info   :   BepInEx] Loading [Mirage.Core 1.0.4]
[20:38:40.7092065] [Info   :   BepInEx] Loading [Mirage 1.29.1]
[20:38:40.7112051] [Info   :   BepInEx] Loading [JKConfig 1.0.0]
[20:38:40.7127094] [Info   :rectorado.JKConfig] This thing has loaded supposedly!
[20:38:40.7187133] [Info   :   BepInEx] Loading [KenjiLib 0.7.0]
[20:38:40.7212175] [Warning:  KenjiLib] KenjiLib: Config loaded. Logging level set to [User]
[20:38:40.7287298] [Info   :  KenjiLib] [Info] KenjiLib v0.7.0 loaded successfully. :3
[20:38:40.7287298] [Info   :   BepInEx] Loading [FOV Adjust 1.1.1]
[20:38:40.7307308] [Info   :Rozebud.FovAdjust] Starting.
[20:38:40.7392967] [Info   :Rozebud.FovAdjust] Configs DONE!
[20:38:40.7797663] [Debug  :Jetpack Fixes] Transpiler: Replace "Gravity" with "Inertia"
[20:38:40.7797663] [Debug  :Jetpack Fixes] Transpiler: Replace "Gravity" with "Inertia"
[20:38:40.7797663] [Debug  :Jetpack Fixes] Transpiler: Replace "Gravity" with "Inertia"
[20:38:40.8261056] [Info   :Rozebud.FovAdjust] All FOV Adjust patches have loaded successfully.
[20:38:40.8261056] [Info   :   BepInEx] Loading [FixCameraResolutions 1.5.3]
[20:38:40.8345027] [Info   :FixCameraResolutions] Start loading plugin...
[20:38:40.8410101] [Info   :FixCameraResolutions] Resolution Config Loading...
[20:38:40.8410101] [Info   :FixCameraResolutions] Resolution Config Loaded!
[20:38:40.8425137] [Info   :FixCameraResolutions] HUD Config Loading...
[20:38:40.8425137] [Info   :FixCameraResolutions] HUD Config Loaded!
[20:38:40.8425137] [Info   :FixCameraResolutions] HDRP Config Loading...
[20:38:40.8455187] [Info   :FixCameraResolutions] HDRP Config Loaded!
[20:38:40.8455187] [Info   :FixCameraResolutions] Visor Config Loading...
[20:38:40.8455187] [Info   :FixCameraResolutions] Visor Config Loaded!
[20:38:40.8455187] [Info   :FixCameraResolutions] Lethal Config Registration
[20:38:40.8585854] [Debug  :ainavt.lc.lethalconfig] Registered config "FixCameraResolutions/Resolutions/Enable"
[20:38:40.8595841] [Debug  :ainavt.lc.lethalconfig] Registered config "FixCameraResolutions/Resolutions/Auto Size"
[20:38:40.8595841] [Debug  :ainavt.lc.lethalconfig] Registered config "FixCameraResolutions/Resolutions/Check Resolution Every Frame"
[20:38:40.8595841] [Debug  :ainavt.lc.lethalconfig] Registered config "FixCameraResolutions/Resolutions/Width"
[20:38:40.8595841] [Debug  :ainavt.lc.lethalconfig] Registered config "FixCameraResolutions/Resolutions/Height"
[20:38:40.8595841] [Debug  :ainavt.lc.lethalconfig] Registered config "LethalConfig.ConfigItems.GenericButtonConfigItem"
[20:38:40.8605849] [Debug  :ainavt.lc.lethalconfig] Registered config "FixCameraResolutions/HUD/Fixed Aspect Ratio"
[20:38:40.8605849] [Debug  :ainavt.lc.lethalconfig] Registered config "FixCameraResolutions/HUD/Check Resolution Every Frame"
[20:38:40.8605849] [Debug  :ainavt.lc.lethalconfig] Registered config "LethalConfig.ConfigItems.GenericButtonConfigItem"
[20:38:40.8615855] [Debug  :ainavt.lc.lethalconfig] Registered config "FixCameraResolutions/HDRP/Antialiasing"
[20:38:40.8615855] [Debug  :ainavt.lc.lethalconfig] Registered config "FixCameraResolutions/HDRP/Bloom"
[20:38:40.8625849] [Debug  :ainavt.lc.lethalconfig] Registered config "FixCameraResolutions/HDRP/Fog Rendering Method"
[20:38:40.8625849] [Debug  :ainavt.lc.lethalconfig] Registered config "FixCameraResolutions/HDRP/Shadow"
[20:38:40.8625849] [Debug  :ainavt.lc.lethalconfig] Registered config "FixCameraResolutions/HDRP/Post Processing"
[20:38:40.8625849] [Debug  :ainavt.lc.lethalconfig] Registered config "FixCameraResolutions/HDRP/Vignette"
[20:38:40.8625849] [Debug  :ainavt.lc.lethalconfig] Registered config "FixCameraResolutions/Visors/Disable"
[20:38:40.8640880] [Info   :FixCameraResolutions] Resolution Patch...
[20:38:40.8736261] [Info   :FixCameraResolutions] Resolution Patched!
[20:38:40.8786301] [Info   :FixCameraResolutions] Plugin FixCameraResolutions is loaded!
[20:38:40.8786301] [Info   :   BepInEx] Loading [TestAccountCore 1.18.0]
[20:38:40.9037576] [Debug  :GeneralImprovements] Patching StartOfRound.ResetShipFurniture to save furniture state.
[20:38:40.9072694] [Info   :TestAccountCore] TestAccount666.TestAccountCore v1.18.0 has loaded!
[20:38:40.9149269] [Info   :   BepInEx] Loading [ShipWindows 2.11.1]
[20:38:40.9199274] [Info   :ShipWindows] Loading ShipWindow AssetBundle...
[20:38:41.2168185] [Info   :TestAccountCore] Registering unlockable Shutter...
[20:38:41.2178190] [Info   :TestAccountCore] Fully registered unlockable Shutter!
[20:38:41.2640135] [Debug  :ShipWindows] Registering window Door Window from TestAccount666.ShipWindows!
[20:38:41.2640135] [Debug  :ShipWindows] Registering window Floor Window from TestAccount666.ShipWindows!
[20:38:41.2640135] [Debug  :ShipWindows] Registering window Left Window from TestAccount666.ShipWindows!
[20:38:41.2650148] [Debug  :ShipWindows] Registering window Right Window from TestAccount666.ShipWindows!
[20:38:41.2650148] [Debug  :ShipWindows] Registering window Roof Window from TestAccount666.ShipWindows!
[20:38:41.2953649] [Debug  :ShipWindows] Searching for start: ldfld bool StartOfRound::hangarDoorsClosed
[20:38:41.2953649] [Debug  :ShipWindows] Searching for end: ret NULL
[20:38:41.2953649] [Debug  :ShipWindows] Found start at: 32
[20:38:41.2953649] [Debug  :ShipWindows] Found end at: 60
[20:38:41.3175109] [Info   :ShipWindows] Loading Wesley voice lines...
[20:38:41.4257876] [Info   :ShipWindows] Loaded line 'ShutterClose'!
[20:38:41.5365814] [Info   :ShipWindows] Loaded line 'ShutterOpen'!
[20:38:41.6447890] [Info   :ShipWindows] Loaded line 'SellCounter1'!
[20:38:41.6447890] [Info   :ShipWindows] Loaded successfully!
[20:38:41.6447890] [Info   :   BepInEx] Loading [ScienceBirdTweaks 4.7.5]
[20:38:41.6585175] [Info   :ScienceBirdTweaks] Finished populating scrap keeping blacklists.
[20:38:42.0712062] [Debug  :ScienceBirdTweaks] Patching...
[20:38:42.0742292] [Debug  :ScienceBirdTweaks] Found shaosil!
[20:38:42.0772302] [Debug  :ScienceBirdTweaks] Found batby!
[20:38:42.0792324] [Debug  :ScienceBirdTweaks] Found test1!
[20:38:42.0792324] [Debug  :ScienceBirdTweaks] Found jacob!
[20:38:42.0902883] [Debug  :Matty's Fixes] RoundManager.SpawnScrapInLevel patched
[20:38:42.1403334] [Debug  :   Coroner] Injecting patch into Turret.Update...
[20:38:42.1403334] [Debug  :   Coroner] Done.
[20:38:42.1738755] [Debug  :GeneralImprovements] Patching AudioReverbTrigger.ChangeAudioReverbForPlayer to optimize code.
[20:38:42.2038630] [Warning:KawaiiBone.Remnants] Despawm remnant items on party wipe feature disabled, remnant items will now despawn on party wipe like scrap on the ship.
[20:38:42.2345428] [Debug  :GeneralImprovements] Patching StartOfRound.ResetShipFurniture to save furniture state.
[20:38:42.2707266] [Debug  :Buttery Fixes] Transpiler (StartOfRound.SyncShipUnlockablesClientRpc): Cache Cruiser script
[20:38:42.2930337] [Debug  :Buttery Fixes] Transpiler (ClipboardItem.Update): Cache Cruiser script
[20:38:42.3045451] [Debug  :GeneralImprovements] Patching Terminal.LoadNewNodeIfAffordable to set dropship item limit to 24.
[20:38:42.3045451] [Debug  :Buttery Fixes] Transpiler (Terminal.LoadNewNodeIfAffordable): Cache Cruiser script
[20:38:42.3055440] [Debug  :Buttery Fixes] Transpiler (Survival kit): Stun grenade -> shovel
[20:38:42.3055440] [Debug  :Buttery Fixes] Transpiler (Survival kit): Boomboxes -> walkie-talkies
[20:38:42.3055440] [Info   :darmuhsTerminalStuff] LoadNewNodeIfAffordable Transpiler Initialized
[20:38:42.3291584] [Debug  :GeneralImprovements] Patching PlayerControllerB.SetHoverTipAndCurrentInteractionTrigger to remove grab notification when not needed.
[20:38:42.3658204] [Debug  :Enemy Sound Fixes] Transpiler (Tulip snake): Remove wingflap from chuckle pool
[20:38:42.4263392] [Debug  :Buttery Fixes] Transpiler (StartOfRound.SyncShipUnlockablesClientRpc): Cache Cruiser script
[20:38:42.4368470] [Debug  :GeneralImprovements] Patching StartOfRound.ResetShipFurniture to save furniture state.
[20:38:42.4424150] [Debug  :GeneralImprovements] Patching StartOfRound.ResetShipFurniture to save furniture state.
[20:38:42.4460431] [Warning:KawaiiBone.Remnants] Despawm remnant items on party wipe feature disabled, remnant items will now despawn on party wipe like scrap on the ship.
[20:38:42.4887965] [Debug  :Buttery Fixes] Transpiler (ManualCameraRenderer.SetLineToExitFromRadarTarget): Cache elevator script
[20:38:42.5128463] [Warning:KawaiiBone.Remnants] Despawm remnant items on party wipe feature disabled, remnant items will now despawn on party wipe like scrap on the ship.
[20:38:42.5580566] [Warning:KawaiiBone.Remnants] Despawm remnant items on party wipe feature disabled, remnant items will now despawn on party wipe like scrap on the ship.
[20:38:42.6525415] [Debug  :GeneralImprovements] Patching HudManager.UpdateScanNodes to hide subtext when needed.
[20:38:42.6676659] [Debug  :Matty's Fixes] RoundManager.SpawnScrapInLevel patched
[20:38:42.7145413] [Info   : LethalMin] ShotgunItemPatch: Increased enemyColliders array size from 10 to 127
[20:38:42.7311264] [Debug  :Matty's Fixes] GrabbableObject.Start patched!
[20:38:42.7999728] [Debug  :Jetpack Fixes] Transpiler: Replace "Gravity" with "Inertia"
[20:38:42.7999728] [Debug  :Jetpack Fixes] Transpiler: Replace "Gravity" with "Inertia"
[20:38:42.7999728] [Debug  :Jetpack Fixes] Transpiler: Replace "Gravity" with "Inertia"
[20:38:42.8560452] [Debug  :GeneralImprovements] Patching PlayerControllerB.SetHoverTipAndCurrentInteractionTrigger to remove grab notification when not needed.
[20:38:42.8903971] [Debug  :ScienceBirdTweaks] Finished patching!
[20:38:42.8903971] [Info   :ScienceBirdTweaks] ScienceBird.ScienceBirdTweaks v4.7.5 has loaded!
[20:38:42.8903971] [Info   :   BepInEx] Loading [voxx.TerraMesh 1.1.7]
[20:38:42.8985460] [Info   :voxx.TerraMesh] Plugin is loaded!
[20:38:42.9067689] [Info   :   BepInEx] Loading [UniversalRadar 1.2.4]
[20:38:42.9192933] [Debug  :UniversalRadar] Found config version: 1.2.4 > 1.2.4
[20:38:42.9472942] [Debug  :UniversalRadar] Patching...
[20:38:42.9884318] [Debug  :Buttery Fixes] Transpiler (Radar): Hide arrow when players are out of bounds
[20:38:42.9950117] [Warning:KawaiiBone.Remnants] Despawm remnant items on party wipe feature disabled, remnant items will now despawn on party wipe like scrap on the ship.
[20:38:42.9980076] [Debug  :UniversalRadar] Finished patching!
[20:38:42.9980076] [Info   :UniversalRadar] ScienceBird.UniversalRadar v1.2.4 has loaded!
[20:38:42.9980076] [Info   :   BepInEx] Loading [Monster Plushies 1.2.9]
[20:38:43.0046041] [Debug  :     CSync] Successfully registered config instance InstanceKey { Guid = scin.monsterplushies, AssemblyQualifiedName = MonsterPlushies.MyConfig, MonsterPlushies, Version=1.0.0.0, Culture=neutral, PublicKeyToken=null }.
[20:38:43.8960704] [Info   :Monster Plushies] Loaded Monster Plushies
[20:38:43.9025749] [Info   :   BepInEx] Loading [Scopophobia 1.3.4]
[20:38:44.1625883] [Debug  :ainavt.lc.lethalconfig] Registered config "Scopophobia/General/Enable the Shy Guy"
[20:38:44.1625883] [Debug  :ainavt.lc.lethalconfig] Registered config "Scopophobia/General/Enable Extended Logging"
[20:38:44.1625883] [Debug  :ainavt.lc.lethalconfig] Registered config "Scopophobia/Appearance/Glowing Eyes"
[20:38:44.1625883] [Debug  :ainavt.lc.lethalconfig] Registered config "Scopophobia/Appearance/Bloody Texture"
[20:38:44.1635943] [Debug  :ainavt.lc.lethalconfig] Registered config "Scopophobia/Appearance/Bloody Death"
[20:38:44.1635943] [Debug  :ainavt.lc.lethalconfig] Registered config "Scopophobia/Appearance/Sound Pack (Curated, SCPCB, SCPCBOld, SecretLab)"
[20:38:44.1645933] [Debug  :ainavt.lc.lethalconfig] Registered config "Scopophobia/General/Speed Multiplier (Docile)"
[20:38:44.1645933] [Debug  :ainavt.lc.lethalconfig] Registered config "Scopophobia/General/Speed Multiplier (Rage)"
[20:38:44.1645933] [Debug  :ainavt.lc.lethalconfig] Registered config "Scopophobia/General/Enemy Volume"
[20:38:44.1655931] [Debug  :ainavt.lc.lethalconfig] Registered config "Scopophobia/Trigger Settings/Trigger Time"
[20:38:44.1655931] [Debug  :ainavt.lc.lethalconfig] Registered config "Scopophobia/Trigger Settings/Face Trigger Range"
[20:38:44.1655931] [Debug  :ainavt.lc.lethalconfig] Registered config "Scopophobia/Trigger Settings/Face Trigger Grace Period"
[20:38:44.1655931] [Debug  :ainavt.lc.lethalconfig] Registered config "Scopophobia/Trigger Settings/Has Max Targets"
[20:38:44.1665930] [Debug  :ainavt.lc.lethalconfig] Registered config "Scopophobia/Trigger Settings/Max Targets"
[20:38:44.1665930] [Debug  :ainavt.lc.lethalconfig] Registered config "Scopophobia/Trigger Settings/Can Exit Facility"
[20:38:44.1665930] [Debug  :ainavt.lc.lethalconfig] Registered config "Scopophobia/Spawn Settings/ProbabilityCurve"
[20:38:44.1665930] [Debug  :ainavt.lc.lethalconfig] Registered config "Scopophobia/Spawn Settings/Shy Guy Power Level"
[20:38:44.1665930] [Debug  :ainavt.lc.lethalconfig] Registered config "Scopophobia/Painting Spawn Settings/Shy Guy Painting Spawn Rarity"
[20:38:44.1675926] [Debug  :ainavt.lc.lethalconfig] Registered config "Scopophobia/Painting Spawn Settings/Hide Painting Name before Interaction"
[20:38:44.1675926] [Debug  :ainavt.lc.lethalconfig] Registered config "Scopophobia/Painting Spawn Settings/Custom Painting Name"
[20:38:44.1675926] [Debug  :ainavt.lc.lethalconfig] Registered config "Scopophobia/Painting Spawn Settings/Spawn Chance"
[20:38:44.2026708] [Debug  :PathfindingLib] Changed prefabbed NavMeshAgent ShyGuy's area mask from 0xFFFFFFFF to 0xFFFFFFFF to allow traversal of non-smart off-mesh links.
[20:38:44.2162784] [Info   :Scopophobia] Scopophobia | SCP-096 has entered the facility. All remaining personnel proceed with caution.
[20:38:44.2440956] [Info   :   BepInEx] Loading [menstalker_yaboiduckisnickerbar 1.2.2]
[20:38:44.3377221] [Debug  :PathfindingLib] Changed prefabbed NavMeshAgent menstalker_prefab's area mask from 0xFFFFFFFF to 0xFFFFFFFF to allow traversal of non-smart off-mesh links.
[20:38:44.3377221] [Info   :menstalker_yaboiduckisnickerbar] Plugin menstalker_yaboiduckisnickerbar is loaded!
[20:38:44.3437422] [Info   :   BepInEx] Loading [WaterAssetRestorer 1.0.0]
[20:38:44.3452505] [Debug  :WaterAssetRestorer] Patching...
[20:38:44.3628575] [Debug  :WaterAssetRestorer] Finished patching!
[20:38:44.3628575] [Info   :WaterAssetRestorer] Sniper1_1.WaterAssetRestorer v1.0.0 has loaded!
[20:38:44.3628575] [Info   :WaterAssetRestorer] "When you want something you don't have, W.A.R. can get it!" - idk, someone probably
[20:38:44.3628575] [Info   :   BepInEx] Loading [SnowyLib 1.13.1]
[20:38:44.3751887] [Debug  :Matty's Fixes] GrabbableObject.Start patched!
[20:38:44.3892303] [Debug  :Spawn Cycle Fixes] Transpiler (Daytime spawns): Correct time of day
[20:38:44.3902294] [Debug  :Spawn Cycle Fixes] Transpiler (Outside spawns): Correct time of day
[20:38:44.4043075] [Debug  :Matty's Fixes] GrabbableObject.Start patched!
[20:38:44.4309190] [Info   :  SnowyLib] Snowlance.SnowyLib v1.13.1 has loaded!
[20:38:44.4364279] [Info   :   BepInEx] Loading [SlendermanMod 1.2.1]
[20:38:44.7706215] [Debug  :PathfindingLib] Changed prefabbed NavMeshAgent SlendermanEnemyObj's area mask from 0xFFFFFFFF to 0xFFFFFFFF to allow traversal of non-smart off-mesh links.
[20:38:44.7716221] [Info   :SlendermanMod] Registered spawn rate for level type All to 2
[20:38:44.7781508] [Info   :SlendermanMod] Registered spawn rate for level type AssuranceLevel to 1
[20:38:44.7781508] [Info   :SlendermanMod] Registered spawn rate for level type VowLevel to 10
[20:38:44.7781508] [Info   :SlendermanMod] Registered spawn rate for level type MarchLevel to 10
[20:38:44.7781508] [Info   :SlendermanMod] Registered spawn rate for level type DineLevel to 7
[20:38:44.7781508] [Info   :SlendermanMod] Registered spawn rate for level type RendLevel to 8
[20:38:44.7781508] [Info   :SlendermanMod] Registered spawn rate for level type TitanLevel to 5
[20:38:44.7781508] [Info   :SlendermanMod] Registered spawn rate for level type AdamanceLevel to 10
[20:38:44.7781508] [Info   :SlendermanMod] Registered spawn rate for level type ArtificeLevel to 7
[20:38:44.7781508] [Info   :SlendermanMod] Registered spawn rate for custom level type Gloom to 10
[20:38:44.7781508] [Info   :SlendermanMod] Registered spawn rate for custom level type Auralis to 10
[20:38:44.7781508] [Info   :SlendermanMod] Registered spawn rate for custom level type Junic to 9
[20:38:44.7781508] [Info   :SlendermanMod] Registered spawn rate for custom level type Acidir to 10
[20:38:44.7781508] [Info   :SlendermanMod] Registered spawn rate for custom level type Cosmocos to 10
[20:38:44.7781508] [Info   :SlendermanMod] Registered spawn rate for custom level type Polarus to 1
[20:38:44.7781508] [Info   :SlendermanMod] Registered spawn rate for custom level type Desolation to 10
[20:38:44.7781508] [Info   :SlendermanMod] Registered spawn rate for custom level type Embrion to 10
[20:38:44.7781508] [Info   :SlendermanMod] Registered spawn rate for custom level type Affliction to 10
[20:38:44.7781508] [Info   :SlendermanMod] Registered spawn rate for custom level type Eve to 10
[20:38:44.7781508] [Info   :SlendermanMod] Registered spawn rate for custom level type Gratar to 7
[20:38:44.7781508] [Info   :SlendermanMod] Registered spawn rate for custom level type Infernis to 6
[20:38:44.7781508] [Info   :SlendermanMod] Registered spawn rate for custom level type Harloth to 7
[20:38:44.7781508] [Info   :SlendermanMod] Registered spawn rate for custom level type Asteroid to 4
[20:38:44.7781508] [Info   :SlendermanMod] Registered spawn rate for custom level type Celest to 10
[20:38:44.7781508] [Info   :SlendermanMod] Registered spawn rate for custom level type Siabudabu to 9
[20:38:44.7781508] [Info   :SlendermanMod] Registered spawn rate for custom level type Ganimedes to 7
[20:38:44.7781508] [Info   :SlendermanMod] Registered spawn rate for custom level type Kast to 7
[20:38:44.7781508] [Info   :SlendermanMod] Registered spawn rate for custom level type Secret Labs to 11
[20:38:44.7781508] [Info   :SlendermanMod] Registered spawn rate for custom level type Solace to 10
[20:38:44.7781508] [Info   :SlendermanMod] Registered spawn rate for custom level type Synthesis to 10
[20:38:44.7781508] [Info   :SlendermanMod] Registered spawn rate for custom level type PsychSanctum to 10
[20:38:44.7781508] [Info   :SlendermanMod] Registered spawn rate for custom level type Sanguine to 10
[20:38:44.7791497] [Info   :SlendermanMod] Registered spawn rate for custom level type Harloth to 4
[20:38:44.7838230] [Info   :SlendermanMod] Plugin sparble.slendermanmod is loaded!
[20:38:44.7853270] [Info   :SlendermanMod] ⠀⠀⠀⠀⠀⠀⠀⠀⠀⠀⠀⠀⠀⠀⢀⣤⣶⣾⣿⣶⣶⣄⠀⠀⠀⠀⠀⠀⠀⠀⠀⠀⠀⠀⠀⠀⠀⠀⠀⠀⠀⠀⠀⠀⠀⠀⠀⠀⠀⠀⠀⠀⠀⠀⠀⠀⠀⠀⠀⠀⠀⠀⠀⠀⠀
[20:38:44.7853270] [Info   :SlendermanMod] ⠀⠀⠀⠀⠀⠀⠀⠀⠀⠀⠀⠀⠀⢠⣿⣿⣿⣿⣿⣿⣿⣿⣷⡄⠀⠀⠀⠀⠀⠀⠀⠀⠀⠀⠀⠀⠀⠀⠀⠀⠀⠀⠀⠀⠀⠀⠀⠀⠀⠀⠀⠀⠀⠀⠀⠀⠀⠀⠀⠀⠀⠀⠀⠀⠀
[20:38:44.7853270] [Info   :SlendermanMod] ⠀⠀⠀⠀⠀⠀⠀⠀⠀⠀⠀⠀⢀⣿⣿⣿⣿⣿⣿⣿⣿⣿⣿⣿⣆⠀⠀⠀⠀⠀⠀⠀⠀⠀⠀⠀⠀⠀⠀⢀⣤⣶⣾⣿⣿⣿⣶⣦⡀⠀⠀⠀⠀⠀⠀⠀⠀⠀⠀⠀⠀⠀⠀
[20:38:44.7853270] [Info   :SlendermanMod] ⠀⠀⠀⠀⠀⠀⠀⠀⠀⠀⠀⠀⢸⣿⣿⣿⣿⠟⠛⠻⣿⣿⣿⣿⣿⣆⠀⠀⠀⠀⠀⠀⠀⠀⠀⠀⠀⠀⣠⣿⣿⣿⣿⣿⣿⣿⣿⣿⣿⣄⠀⠀⠀⠀⠀⠀⠀⠀⠀⠀⠀⠀⠀
[20:38:44.7853270] [Info   :SlendermanMod] ⠀⠀⠀⠀⠀⠀⠀⠀⠀⠀⠀⠀⢸⣿⣿⣿⠃⠀⠀⠀⠘⣿⣿⣿⣿⣿⡄⠀⠀⠀⠀⠀⠀⠀⠀⠀⠀⢰⣿⣿⣿⡿⠋⠀⠀⠈⠻⣿⣿⣿⡄⠀⠀⠀⠀⠀⠀⠀⠀⠀⠀⠀⠀
[20:38:44.7853270] [Info   :SlendermanMod] ⠀⠀⠀⠀⠀⠀⠀⠀⠀⠀⠀⠀⠸⣿⣿⣿⡄⠀⠀⠀⠀⠘⣿⣿⣿⣿⣷⠀⠀⠀⠀⠀⠀⠀⠀⠀⠀⣸⣿⣿⡿⠁⠀⠀⠀⠀⠀⠘⣿⣿⣧⢀⣀⣀⣀⣀⣀⡀⠀⠀⠀⠀
[20:38:44.7853270] [Info   :SlendermanMod] ⠀⠀⠀⣀⣴⣾⣿⣿⣿⣿⣿⣿⣶⣿⣿⣿⣇⠀⠀⠀⠀⠀⢹⣿⣿⣿⣿⣇⠀⠀⠀⠀⠀⠀⠀⠀⠀⣿⣿⣿⠃⠀⠀⠀⠀⠀⠀⠀⣿⣿⣟⣿⣿⣿⣿⣿⣿⣿⣿⣦⣄⠀⠀⠀⠀
[20:38:44.7853270] [Info   :SlendermanMod] ⠀⠀⣴⣿⣿⣿⣿⣿⣿⣿⣿⣿⣿⣿⣿⣿⣿⡀⠀⠀⠀⠀⠈⣿⣿⣿⣿⣿⡈⠂⠀⠀⠀⠀⠀⠐⣿⣿⣿⣿⠀⠀⠀⠀⠀⠀⢀⣼⣿⣿⣿⣿⣿⣿⣿⠿⠿⠿⢿⣿⣿⣧⠀⠀⠀
[20:38:44.7853270] [Info   :SlendermanMod] ⠀⣼⣿⣿⡿⠛⠉⠉⠙⠻⢿⣿⣿⣿⣿⣿⣿⣧⠀⠀⠀⠀⠀⢸⣿⣿⣿⣿⣷⡀⠀⠀⠀⠀⠀⢠⣿⣿⣿⡇⠀⠀⠀⠀⠀⢠⣿⣿⣿⣿⣇⣿⠟⠉⢠⠀⠀⠀⠀⠈⢿⣿⣧⠀⠀
[20:38:44.7853270] [Info   :SlendermanMod] ⢰⣿⣿⡟⠁⠀⠀⠀⠀⠀⠀⠙⢿⣿⣿⣿⣿⣿⣷⡄⠀⠀⠀⠈⣿⣿⣿⣿⣿⣧⠀⣀⠀⠀⣠⣿⣿⣿⣿⡇⠀⠀⠀⠀⢠⣿⣿⣿⣿⣿⣿⡄⠀⣠⣾⠀⠀⠀⠀⠀⠈⣿⣿⠀⠀
[20:38:44.7853270] [Info   :SlendermanMod] ⣸⣿⣿⠁⠀⠀⠀⠀⠀⠀⠀⠀⠀⠙⢿⣿⣿⣿⣿⣿⣆⠀⠀⠀⢸⣿⣿⣿⣿⡟⠣⡈⠉⠉⠁⡙⠻⣿⣿⡇⠀⠀⠀⢠⣿⣿⣿⣿⣿⡿⢿⣿⣿⡿⠃⠀⠀⠀⠀⠀⠀⢸⣿⠀⠀
[20:38:44.7853270] [Info   :SlendermanMod] ⢿⣿⣿⠀⠀⠀⠀⠀⠀⠀⠀⢀⠀⠀⠈⢻⣿⣿⣿⣿⣿⣦⠀⠀⠀⣿⣿⣿⣿⡇⠀⠙⢦⣠⠞⠁⠀⣿⣿⣦⣄⣀⣀⣿⣿⣿⣿⣿⡿⠀⠀⠀⠀⠀⠀⠀⠀⠀⠀⠀⣠⣿⡟⠀⠀
[20:38:44.7853270] [Info   :SlendermanMod] ⢸⣿⣿⡆⠀⠀⠀⠀⠀⠀⠀⢸⣇⠀⠀⢀⣿⣿⣿⣿⣿⣿⣷⣶⣿⣿⣿⣿⣿⣿⡴⠶⣿⣿⣿⠓⢶⣿⣿⣿⣿⣿⣿⣿⣿⣿⣿⡿⠀⠀⠀⠀⠀⠀⣾⡏⠀⠀⢀⣴⣿⠟⠀⠀⠀
[20:38:44.7853270] [Info   :SlendermanMod] ⠀⢻⣿⣿⣆⠀⠀⠀⠀⠀⠀⠈⢿⣷⣶⣾⣿⠛⢿⣿⣿⣿⣿⣿⣿⣿⣿⣿⣿⣿⣷⠀⢸⣯⡏⠀⣾⣿⣿⣿⣿⣿⣿⣿⣿⣿⣿⡇⠀⠀⠀⠀⠀⢀⣙⣻⣿⣿⣿⣿⣷⣦⣄⠀⠀
[20:38:44.7853270] [Info   :SlendermanMod] ⠀⠀⠙⢿⣿⣧⣄⠀⠀⠀⠀⣀⣠⣭⣽⣋⣁⠀⢨⣿⣿⣿⣿⣿⣿⣿⣿⣿⣿⣿⣿⣇⣼⣿⣿⢠⣿⣿⣿⣿⣿⣿⣿⣿⣿⣿⣿⡇⠀⠀⣀⣤⣾⣿⣿⣿⣿⣿⣿⣿⣿⣿⣿⣷⡀
[20:38:44.7853270] [Info   :SlendermanMod] ⠀⠀⠀⠀⠀⠀⠈⢻⣿⣿⣿⣿⡿⠿⣿⣿⣿⣿⣿⣿⣿⣿⣿⣿⣿⣿⣿⣿⣿⣿⣿⣿⣿⣿⣿⣿⣿⣿⣿⣿⣿⣿⣿⣿⣿⣿⣿⣿⣿⣿⣿⣿⣿⣿⡿⠛⠋⠉⠉⠻⣿⣿⣿⣿⣿
[20:38:44.7853270] [Info   :SlendermanMod] ⠀⠀⠀⠀⠀⠀⢠⣿⣿⣿⣯⠁⠀⠀⠀⠈⠙⢻⣿⣿⣿⣿⣿⣿⣿⣿⣿⣿⣿⣿⣿⣿⣿⣿⣿⣿⣿⣿⣿⣿⣿⣿⣿⣿⣿⣿⣿⣿⣿⣿⣿⠿⠋⠁⠀⠀⠀⠀⠀⠀⣿⣿⣿⣿⣿
[20:38:44.7853270] [Info   :SlendermanMod] ⠀⠀⠀⠀⠀⠀⢸⣿⣿⣿⠟⠀⠀⠀⠀⠀⠀⢸⣿⣿⣿⣿⣿⣿⣿⣿⣿⣿⣿⣿⣿⣿⣿⣿⣿⣿⣿⣿⣿⣿⣿⣿⣿⣿⣿⣿⣿⣿⣿⠋⠀⠀⠀⠀⠀⠀⠀⠀⠀⢠⣿⣿⣿⣿⠇
[20:38:44.7853270] [Info   :SlendermanMod] ⠀⠀⠀⠀⠀⠀⢸⣿⣿⡇⠀⠀⠀⠀⠀⠀⠀⣾⣿⣿⣿⣿⣿⣿⣿⣿⣿⣿⣿⣿⣿⣿⣿⣿⣿⣿⣿⣿⣿⣿⣿⣿⣿⣿⣿⣿⣿⣿⣿⡄⠀⠀⠀⠀⠀⠀⠀⣠⣶⣿⣿⣿⣿⠏⠀
[20:38:44.7853270] [Info   :SlendermanMod] ⠀⠀⠀⠀⠀⠀⠘⣿⣿⣷⡀⠀⠀⠀⠀⠀⢀⣿⣿⣿⣿⣿⡏⠀⣿⣿⣿⣿⣿⣿⣿⣿⣿⣹⣿⣿⣿⣿⣿⣿⣿⣿⡟⠿⣿⣿⣿⣿⣿⡇⠀⠀⠀⠀⣠⣴⣿⣿⣿⣿⣿⠟⠁⠀⠀
[20:38:44.7853270] [Info   :SlendermanMod] ⠀⠀⠀⠀⠀⠀⠀⠹⣿⣿⣿⣄⠀⠀⠀⠀⣸⣿⣿⣿⣿⣿⠁⠀⢿⣿⣿⣿⣿⣿⣿⣿⣿⣿⣿⣿⣿⣿⣿⣿⣿⣿⡇⠀⢿⣿⣿⣿⣿⣿⠀⢀⣴⣾⣿⡿⠟⠛⠋⠉⠀⠀⠀⠀⠀
[20:38:44.7853270] [Info   :SlendermanMod] ⠀⠀⠀⠀⠀⠀⠀⠀⠈⠻⣿⣿⣷⡄⠀⠀⣿⣿⣿⣿⣿⡏⠀⠀⢸⣿⣿⣿⣿⣿⣿⣿⣿⣻⣿⣿⣿⣿⣿⣿⣿⣿⠃⠀⠘⣿⣿⣿⣿⣿⣰⣿⡿⠟⠁⠀⠀⠀⠀⠀⠀⠀⠀⠀⠀
[20:38:44.7853270] [Info   :SlendermanMod] ⠀⠀⠀⠀⠀⠀⠀⠀⠀⠀⠈⢻⣿⣿⡆⢸⣿⣿⣿⣿⣿⠁⠀⠀⠀⣿⣿⣿⣿⣿⣿⣿⣿⣿⣿⣿⣿⣿⣿⣿⣿⣿⠀⠀⠀⢻⣿⣿⣿⣿⣿⡟⠁⠀⠀⠀⠀⠀⠀⠀⠀⠀⠀⠀⠀
[20:38:44.7853270] [Info   :SlendermanMod] ⠀⠀⠀⠀⠀⠀⠀⠀⠀⠀⠀⠀⢹⣿⡇⣸⣿⣿⣿⣿⡏⠀⠀⠀⠀⣿⣿⣿⣿⣿⣿⣿⣿⣿⣿⣿⣿⣿⣿⣿⣿⣿⠀⠀⠀⠘⣿⣿⣿⣿⣿⠀⠀⠀⠀⠀⠀⠀⠀⠀⠀⠀⠀⠀⠀
[20:38:44.7853270] [Info   :SlendermanMod] ⠀⠀⠀⠀⠀⠀⠀⠀⠠⣄⣀⣠⣾⡿⠁⣿⣿⣿⣿⣿⣄⠀⠀⠀⠀⣿⣿⣿⣿⣿⣿⣿⣿⣿⣿⣿⣿⣿⣿⣿⣿⡇⠀⠀⠀⢀⣿⣿⣿⣿⣿⣄⡀⣀⡤⠀⠀⠀⠀⠀⠀⠀⠀⠀⠀
[20:38:44.7853270] [Info   :SlendermanMod] ⠀⠀⠀⠀⠀⠀⠀⠀⠀⠈⠛⠛⠋⠀⠀⢿⣿⣿⣿⣿⣿⣦⡀⠀⠀⣿⣿⣿⣿⣿⣿⣿⣿⢹⣿⣿⣿⣿⣿⣿⣿⣷⠀⠀⣠⣿⣿⣿⣿⣿⣿⠛⠟⠛⠁⠀⠀⠀⠀⠀⠀⠀⠀⠀⠀
[20:38:44.7853270] [Info   :SlendermanMod] ⠀⠀⠀⠀⠀⠀⠀⠀⠀⠀⠀⠀⠀⠀⠀⠀⠙⠿⣿⣿⣿⣿⣿⣦⣀⣿⣿⣿⣿⣿⣿⣿⣿⣸⣿⣿⣿⣿⣿⣿⣿⣿⣤⣾⣿⣿⣿⣿⡿⠛⠁⠀⠀⠀⠀⠀⠀⠀⠀⠀⠀⠀⠀⠀⠀
[20:38:44.7853270] [Info   :SlendermanMod] Don't forget to check your back...
[20:38:44.7853270] [Info   :   BepInEx] Loading [SpectateEnemy 2.9.1]
[20:38:44.8235874] [Info   :SpectateEnemy] SpectateEnemy loaded!
[20:38:44.8295993] [Info   :   BepInEx] Loading [BetterPaycheck 0.9.2]
[20:38:44.8352192] [Info   :Swaggies.BetterPaycheck] BetterPaycheck up and running.
[20:38:44.8407255] [Info   :   BepInEx] Loading [S1.42AB Interior Weight Normalization 1.0.0]
[20:38:44.8427252] [Info   :S1.42AB Interior Weight Normalization] Validated dependency imabatby.lethallevelloader v1.7.12.
[20:38:45.0342063] [Info   :S1.42AB Interior Weight Normalization] Validated exact LethalLevelLoader dungeon-selection contract for post-viability rarity normalization.
[20:38:45.0452171] [Info   :S1.42AB Interior Weight Normalization] S1.42AB interior weight normalization armed: LethalLevelLoader keeps full ownership of viability/exclusion matching; only positive rarities in the already-returned viable dungeon list are normalized to 100. No dungeon is added, removed, deduplicated, re-registered or config-rewritten by this patch.
[20:38:45.0462216] [Info   :   BepInEx] Loading [S1.42AE CodeRebirth Microwave Spawn Tuning 1.0.0]
[20:38:45.0482223] [Info   :S1.42AE CodeRebirth Microwave Spawn Tuning] Validated dependency CodeRebirth v1.6.9.
[20:38:45.0537334] [Info   :S1.42AE CodeRebirth Microwave Spawn Tuning] Validated dependency com.github.teamxiaolan.dawnlib v0.9.25.
[20:38:45.0537334] [Info   :S1.42AE CodeRebirth Microwave Spawn Tuning] Validated dependency com.github.teamxiaolan.dawnlib.dusk v0.9.25.
[20:38:45.0537334] [Info   :S1.42AE CodeRebirth Microwave Spawn Tuning] S1.42AE microwave spawn tuning armed; waiting for DawnLib moon-registry freeze to validate the 18 Moon / 18 Interior provider contract and scale only effective Moon/tag curves by 0.5.
[20:38:45.0537334] [Info   :   BepInEx] Loading [S1.42AJ-DIAG1 LC Office Selection 1.0.0]
[20:38:45.0682596] [Info   :S1.42AJ-DIAG1 LC Office Selection] [AJDIAG1] ARMED exact LLL/postfix/caller/asset contracts; Offense selection only; after accepted normalization; DIAGNOSTIC ONLY, NEVER ACCEPT.
[20:38:45.0737674] [Info   :S1.42AJ-DIAG1 LC Office Selection] [AJDIAG1] Target postfix owners: tendas.lethalcompany.s142abinteriorweightnormalization, tendas.lethalcompany.s142ajdiag1officeselection
[20:38:45.0737674] [Info   :   BepInEx] Loading [S1.42Z CodeRebirth Aerial Defense Spawn Tuning 1.0.0]
[20:38:45.0747668] [Info   :S1.42Z CodeRebirth Aerial Defense Spawn Tuning] Validated dependency CodeRebirth v1.6.9.
[20:38:45.0862909] [Info   :S1.42Z CodeRebirth Aerial Defense Spawn Tuning] Validated dependency com.github.teamxiaolan.dawnlib v0.9.25.
[20:38:45.0862909] [Info   :S1.42Z CodeRebirth Aerial Defense Spawn Tuning] Validated dependency com.github.teamxiaolan.dawnlib.dusk v0.9.25.
[20:38:45.0862909] [Info   :S1.42Z CodeRebirth Aerial Defense Spawn Tuning] S1.42Z aerial-defense spawn tuning armed; waiting for DawnLib moon-registry freeze to validate and scale both code_rebirth:air_control_unit and code_rebirth:gunslinger_greg curves by 0.5.
[20:38:45.0872929] [Info   :   BepInEx] Loading [S1.42Z Jetpack Acceleration 1.0.0]
[20:38:45.0892959] [Info   :S1.42Z Jetpack Acceleration] Validated dependency butterystancakes.lethalcompany.butterybalance v0.7.0.
[20:38:45.0968063] [Info   :S1.42Z Jetpack Acceleration] Validated dependency butterystancakes.lethalcompany.jetpackfixes v1.6.3.
[20:38:45.0968063] [Info   :S1.42Z Jetpack Acceleration] Validated dependency com.malco.lethalcompany.moreshipupgrades v3.14.1.
[20:38:45.0988054] [Debug  :ButteRyBalance] Transpiler (Jetpack): Dynamic inertia
[20:38:45.0988054] [Debug  :Jetpack Fixes] Transpiler: Reverse jetpackPower comparison on isGrounded check (allows for sliding)
[20:38:45.0988054] [Debug  :Jetpack Fixes] Transpiler: Reduce raycast range from 25 to 4
[20:38:45.0988054] [Debug  :Jetpack Fixes] Transpiler: Replace layer mask with custom
[20:38:45.0988054] [Debug  :Jetpack Fixes] Transpiler: Remove 4 unit distance check (redundant)
[20:38:45.0988054] [Debug  :Jetpack Fixes] Transpiler: Replace "Gravity" with "Inertia"
[20:38:45.1023100] [Info   :S1.42Z Jetpack Acceleration] S1.42Z Jetpack acceleration patch armed: JetpackItem.Update() local-player base acceleration 10 -> 18, ordered after ButteRyBalance; V49 handling/deceleration, maximum power/speed, battery, price and JetpackFixes safety logic are untouched.
[20:38:45.1023100] [Info   :   BepInEx] Loading [S1.39 Compatibility Fixes 1.3.14]
[20:38:45.1138473] [Debug  :Matty's Fixes] RoundManager.SpawnScrapInLevel patched
[20:38:45.1748571] [Info   :S1.39 Compatibility Fixes] [EnemyScanFix] Patched EnemyScan to list every active EnemyAI regardless of ScanNodeProperties.
[20:38:47.8951859] [Info   :S1.39 Compatibility Fixes] [PikminCraneShield] Protected Pikmin/Puffmin from CodeRebirth utility kill RPCs. This provides a direct failsafe for Autonomous Crane squish kills even when LethalMin's crane toggles are already false.
[20:38:49.0962911] [Info   :S1.39 Compatibility Fixes] [LMDLGuard] Patched LethalModDataLib bulk ModDataAttribute registration to skip Chainloader PluginInfo entries with null Instance while preserving registration for valid plugins.
[20:38:49.0982956] [Info   :S1.39 Compatibility Fixes] [PufferPikminGuard] Patched PufferAI.Start to remove LethalMin-injected Pikmin effect-trigger components from Puffer smoke only.
[20:38:49.0982956] [Info   :S1.39 Compatibility Fixes] [EnemyIsolation] Diagnostic enemy isolation is disabled.
[20:38:49.1012950] [Debug  :ButteRyBalance] Transpiler (Jetpack): Dynamic inertia
[20:38:49.1012950] [Debug  :Jetpack Fixes] Transpiler: Reverse jetpackPower comparison on isGrounded check (allows for sliding)
[20:38:49.1012950] [Debug  :Jetpack Fixes] Transpiler: Reduce raycast range from 25 to 4
[20:38:49.1012950] [Debug  :Jetpack Fixes] Transpiler: Replace layer mask with custom
[20:38:49.1012950] [Debug  :Jetpack Fixes] Transpiler: Remove 4 unit distance check (redundant)
[20:38:49.1012950] [Debug  :Jetpack Fixes] Transpiler: Replace "Gravity" with "Inertia"
[20:38:49.1076926] [Debug  :ButteRyBalance] Transpiler (Jetpack): Dynamic inertia
[20:38:49.1076926] [Debug  :Jetpack Fixes] Transpiler: Reverse jetpackPower comparison on isGrounded check (allows for sliding)
[20:38:49.1076926] [Debug  :Jetpack Fixes] Transpiler: Reduce raycast range from 25 to 4
[20:38:49.1076926] [Debug  :Jetpack Fixes] Transpiler: Replace layer mask with custom
[20:38:49.1076926] [Debug  :Jetpack Fixes] Transpiler: Remove 4 unit distance check (redundant)
[20:38:49.1076926] [Debug  :Jetpack Fixes] Transpiler: Replace "Gravity" with "Inertia"
[20:38:49.1131952] [Warning:S1.39 Compatibility Fixes] [CoronerJetpackGuard] Removed 2/2 Coroner JetpackItem.Update patch method(s). Coroner remains enabled; only the per-frame Jetpack death detector is disabled to stop null-player log spam. Jetpack-specific death text may fall back to Coroner/vanilla generic cause reporting.
[20:38:49.1151995] [Info   :S1.39 Compatibility Fixes] [Jetpack140] Jetpack Item asset is not loaded yet; narrow asset targeting will retry.
[20:38:49.1151995] [Info   :S1.39 Compatibility Fixes] [Jetpack140] Using loaded Jetpack Item asset targeting only; no GrabbableObject.Start Harmony patch.
[20:38:49.1181987] [Info   :S1.39 Compatibility Fixes] [BaboonHawkCorpseGuard] Patched exact declared BaboonBirdAI.CanGrabScrap(GrabbableObject). Living Baboon Hawks will ignore only the SellBodies Dead Baboon Hawk item; players/Pikmin remain unaffected.
[20:38:49.1181987] [Info   :S1.39 Compatibility Fixes] [LethalMinNativeOwnership] Pikmin -> enemy combat, native PikminEnemy death detection, latch removal, TaskEnd/SetToIdle, enemy-body carry, and Onion delivery remain owned by LethalMin. Baboon Hawk compatibility blocks only Hawk -> Pikmin entry points; the BaboonBirdPikminEnemy component stays enabled.
[20:38:49.1181987] [Info   :S1.39 Compatibility Fixes] S1.39 Compatibility Fixes loaded. Ship-door anti-lockout, complete EnemyScan output, natural CodeRebirth currency/map-object filtering, Flash Turret suppression, CodeRebirth kill-RPC Pikmin protection, the optional LethalModDataLib null-plugin guard, Puffer smoke Pikmin-effect guard, exact PikminAI enemy-grab prevention for proven Thumper/Baboon Hawk gaps, Baboon Hawk -> Pikmin collision/bite protection without disabling LethalMin's adapter lifecycle, Coroner Jetpack log-spam guard, throttled ship-door compatibility audit, the 140-second Jetpack target, and the late-lifecycle isolated-enemy diagnostic are active.
[20:38:49.1181987] [Info   :   BepInEx] Loading [TooManySuits 2.0.4]
[20:38:49.1531072] [Info   :   BepInEx] Loading [BetterVehicleControls 1.1.8]
[20:38:49.1747230] [Debug  :Buttery Fixes] Transpiler (Cruiser effects): Fix 2 audible noises at once
[20:38:49.1812332] [Debug  :ButteRyBalance] Transpiler (Cruiser): Dynamic turbo
[20:38:49.1812332] [Warning:BetterVehicleControls] AddTurboBoost failed to replace maxTurboBoosts
[20:38:49.1889061] [Debug  :ButteRyBalance] Transpiler (Cruiser): Dynamic regen/meter
[20:38:49.1899060] [Warning:BetterVehicleControls] ReactToDamage failed to replace maxTurboBoosts
[20:38:49.1919077] [Info   :   BepInEx] Loading [LobbyImprovements 1.1.4]
[20:38:49.2251902] [Warning:MoreCompany] KickPlayer failed to append reason
[20:38:49.2251902] [Warning:LethalFixes] KickPlayer failed to add reason
[20:38:49.2369441] [Debug  :Buttery Fixes] Transpiler (RoundManager.GenerateNewLevelClientRpc): Cache mold manager
[20:38:49.2369441] [Debug  :Buttery Fixes] Transpiler (RoundManager.GenerateNewLevelClientRpc): Cache mold manager
[20:38:49.3184380] [Info   :LobbyImprovements] Patches Loaded
[20:38:49.3244573] [Info   :   BepInEx] Loading [TheCabinet 1.12.1]
[20:38:49.6267831] [Debug  :PathfindingLib] Changed prefabbed NavMeshAgent Cabinet's area mask from 0xFFFFFFFF to 0xFFFFFFFF to allow traversal of non-smart off-mesh links.
[20:38:49.6277831] [Message:TheCabinet] Registering using the following string :
Experimentation:1,Assurance:0,Vow:7,Offense:0,March:8,Adamance:12,Rend:25,Dine:60,Titan:80,Embrion:40,Artifice:310,attenuation:1,retinue:8,volition:45,detritus:30,icebound:26,collateral:2,hydro:6,landslide:1,integrity:28,humidity:36,submersion:13,corrosion:2,vertigo:18,brutality:80,devastation:9,acidir:29,asteroid13:0,atlantica:0,berunah:17,calist:19,core:0,cubatres:31,demetrica:14,dreck:9,ducksteroid14:0,empra:56,etern:31,faith:19,filitrios:14,fissionc:20,gratar:0,hyve:0,hyx:20,infernis:0,junic:0,lecaro:0,motra:0,polarus:16,repress:18,roart:8,thalasso:0,trite:19,utril:11,wither:56,All:5
[20:38:49.6353222] [Debug  :TheCabinet] Registered spawn rate for level type ExperimentationLevel to 1
[20:38:49.6353222] [Debug  :TheCabinet] Registered spawn rate for level type AssuranceLevel to 0
[20:38:49.6353222] [Debug  :TheCabinet] Registered spawn rate for level type VowLevel to 7
[20:38:49.6353222] [Debug  :TheCabinet] Registered spawn rate for level type OffenseLevel to 0
[20:38:49.6353222] [Debug  :TheCabinet] Registered spawn rate for level type MarchLevel to 8
[20:38:49.6353222] [Debug  :TheCabinet] Registered spawn rate for level type AdamanceLevel to 12
[20:38:49.6353222] [Debug  :TheCabinet] Registered spawn rate for level type RendLevel to 25
[20:38:49.6353222] [Debug  :TheCabinet] Registered spawn rate for level type DineLevel to 60
[20:38:49.6353222] [Debug  :TheCabinet] Registered spawn rate for level type TitanLevel to 80
[20:38:49.6353222] [Debug  :TheCabinet] Registered spawn rate for level type EmbrionLevel to 40
[20:38:49.6353222] [Debug  :TheCabinet] Registered spawn rate for level type ArtificeLevel to 310
[20:38:49.6353222] [Debug  :TheCabinet] Registered spawn rate for custom level type attenuation to 1
[20:38:49.6353222] [Debug  :TheCabinet] Registered spawn rate for custom level type retinue to 8
[20:38:49.6353222] [Debug  :TheCabinet] Registered spawn rate for custom level type volition to 45
[20:38:49.6353222] [Debug  :TheCabinet] Registered spawn rate for custom level type detritus to 30
[20:38:49.6353222] [Debug  :TheCabinet] Registered spawn rate for custom level type icebound to 26
[20:38:49.6353222] [Debug  :TheCabinet] Registered spawn rate for custom level type collateral to 2
[20:38:49.6353222] [Debug  :TheCabinet] Registered spawn rate for custom level type hydro to 6
[20:38:49.6353222] [Debug  :TheCabinet] Registered spawn rate for custom level type landslide to 1
[20:38:49.6353222] [Debug  :TheCabinet] Registered spawn rate for custom level type integrity to 28
[20:38:49.6353222] [Debug  :TheCabinet] Registered spawn rate for custom level type humidity to 36
[20:38:49.6353222] [Debug  :TheCabinet] Registered spawn rate for custom level type submersion to 13
[20:38:49.6353222] [Debug  :TheCabinet] Registered spawn rate for custom level type corrosion to 2
[20:38:49.6353222] [Debug  :TheCabinet] Registered spawn rate for custom level type vertigo to 18
[20:38:49.6353222] [Debug  :TheCabinet] Registered spawn rate for custom level type brutality to 80
[20:38:49.6353222] [Debug  :TheCabinet] Registered spawn rate for custom level type devastation to 9
[20:38:49.6353222] [Debug  :TheCabinet] Registered spawn rate for custom level type acidir to 29
[20:38:49.6353222] [Debug  :TheCabinet] Registered spawn rate for custom level type asteroid13 to 0
[20:38:49.6353222] [Debug  :TheCabinet] Registered spawn rate for custom level type atlantica to 0
[20:38:49.6353222] [Debug  :TheCabinet] Registered spawn rate for custom level type berunah to 17
[20:38:49.6353222] [Debug  :TheCabinet] Registered spawn rate for custom level type calist to 19
[20:38:49.6353222] [Debug  :TheCabinet] Registered spawn rate for custom level type core to 0
[20:38:49.6353222] [Debug  :TheCabinet] Registered spawn rate for custom level type cubatres to 31
[20:38:49.6353222] [Debug  :TheCabinet] Registered spawn rate for custom level type demetrica to 14
[20:38:49.6353222] [Debug  :TheCabinet] Registered spawn rate for custom level type dreck to 9
[20:38:49.6353222] [Debug  :TheCabinet] Registered spawn rate for custom level type ducksteroid14 to 0
[20:38:49.6353222] [Debug  :TheCabinet] Registered spawn rate for custom level type empra to 56
[20:38:49.6353222] [Debug  :TheCabinet] Registered spawn rate for custom level type etern to 31
[20:38:49.6353222] [Debug  :TheCabinet] Registered spawn rate for custom level type faith to 19
[20:38:49.6353222] [Debug  :TheCabinet] Registered spawn rate for custom level type filitrios to 14
[20:38:49.6353222] [Debug  :TheCabinet] Registered spawn rate for custom level type fissionc to 20
[20:38:49.6353222] [Debug  :TheCabinet] Registered spawn rate for custom level type gratar to 0
[20:38:49.6353222] [Debug  :TheCabinet] Registered spawn rate for custom level type hyve to 0
[20:38:49.6353222] [Debug  :TheCabinet] Registered spawn rate for custom level type hyx to 20
[20:38:49.6353222] [Debug  :TheCabinet] Registered spawn rate for custom level type infernis to 0
[20:38:49.6353222] [Debug  :TheCabinet] Registered spawn rate for custom level type junic to 0
[20:38:49.6353222] [Debug  :TheCabinet] Registered spawn rate for custom level type lecaro to 0
[20:38:49.6353222] [Debug  :TheCabinet] Registered spawn rate for custom level type motra to 0
[20:38:49.6353222] [Debug  :TheCabinet] Registered spawn rate for custom level type polarus to 16
[20:38:49.6353222] [Debug  :TheCabinet] Registered spawn rate for custom level type repress to 18
[20:38:49.6353222] [Debug  :TheCabinet] Registered spawn rate for custom level type roart to 8
[20:38:49.6353222] [Debug  :TheCabinet] Registered spawn rate for custom level type thalasso to 0
[20:38:49.6353222] [Debug  :TheCabinet] Registered spawn rate for custom level type trite to 19
[20:38:49.6353222] [Debug  :TheCabinet] Registered spawn rate for custom level type utril to 11
[20:38:49.6353222] [Debug  :TheCabinet] Registered spawn rate for custom level type wither to 56
[20:38:49.6353222] [Debug  :TheCabinet] Registered spawn rate for level type All to 5
[20:38:49.6353222] [Info   :TheCabinet] Plugin VectorV.TheCabinet is loaded!
[20:38:49.6363215] [Info   :   BepInEx] Loading [MaskedInvisFix 0.0.3]
[20:38:49.6373185] [Debug  :MaskedInvisFix] Patching...
[20:38:49.6508436] [Debug  :MaskedInvisFix] Finished patching!
[20:38:49.6508436] [Info   :MaskedInvisFix] VirusTLNR.MaskedInvisFix v0.0.3 has loaded!
[20:38:49.6508436] [Info   :   BepInEx] Loading [RandomEnemiesSize 1.1.20]
[20:38:49.6551796] [Info   :RandomEnemiesSize] RandomEnemiesSize starting....
[20:38:49.6621954] [Info   : Unity Log] LethalLevelLoader found !
[20:38:49.6747558] [Debug  :ainavt.lc.lethalconfig] Registered config "RandomEnemiesSize/General/ChanceOfRandomSize"
[20:38:49.6767563] [Debug  :ainavt.lc.lethalconfig] Registered config "RandomEnemiesSize/General/MinMonstersSizeIndoor"
[20:38:49.6777556] [Debug  :ainavt.lc.lethalconfig] Registered config "RandomEnemiesSize/General/MaxMonstersSizeIndoor"
[20:38:49.6787561] [Debug  :ainavt.lc.lethalconfig] Registered config "RandomEnemiesSize/General/MinMonstersSizeOutdoor"
[20:38:49.6787561] [Debug  :ainavt.lc.lethalconfig] Registered config "RandomEnemiesSize/General/MaxMonstersSizeOutdoor"
[20:38:49.6797557] [Debug  :ainavt.lc.lethalconfig] Registered config "RandomEnemiesSize/Custom/AffectVanillaEnemies"
[20:38:49.6812584] [Debug  :ainavt.lc.lethalconfig] Registered config "RandomEnemiesSize/Custom/AffectModdedEnemies"
[20:38:49.6812584] [Debug  :ainavt.lc.lethalconfig] Registered config "RandomEnemiesSize/Custom/CustomEnemiesSize"
[20:38:49.6827701] [Debug  :ainavt.lc.lethalconfig] Registered config "RandomEnemiesSize/Custom/CustomInteriorsSize"
[20:38:49.6837762] [Debug  :ainavt.lc.lethalconfig] Registered config "RandomEnemiesSize/Custom/CustomMoonEnemiesSize"
[20:38:49.6847767] [Debug  :ainavt.lc.lethalconfig] Registered config "RandomEnemiesSize/Custom/CustomFixedEnemiesSize"
[20:38:49.6857761] [Debug  :ainavt.lc.lethalconfig] Registered config "RandomEnemiesSize/Turret/AffectTurretSize"
[20:38:49.6857761] [Debug  :ainavt.lc.lethalconfig] Registered config "RandomEnemiesSize/Turret/MinTurretSize"
[20:38:49.6872808] [Debug  :ainavt.lc.lethalconfig] Registered config "RandomEnemiesSize/Turret/MaxTurretSize"
[20:38:49.6872808] [Debug  :ainavt.lc.lethalconfig] Registered config "RandomEnemiesSize/Landmine/AffectLandMineSize"
[20:38:49.6882846] [Debug  :ainavt.lc.lethalconfig] Registered config "RandomEnemiesSize/Landmine/MinLandMinesSize"
[20:38:49.6892849] [Debug  :ainavt.lc.lethalconfig] Registered config "RandomEnemiesSize/Landmine/MaxLandMinesSize"
[20:38:49.6902853] [Debug  :ainavt.lc.lethalconfig] Registered config "RandomEnemiesSize/SpikeTrap/AffectSpikeTrapSize"
[20:38:49.6912848] [Debug  :ainavt.lc.lethalconfig] Registered config "RandomEnemiesSize/SpikeTrap/MinSpikeTrapSize"
[20:38:49.6912848] [Debug  :ainavt.lc.lethalconfig] Registered config "RandomEnemiesSize/SpikeTrap/MaxSpikeTrapSize"
[20:38:49.6912848] [Debug  :ainavt.lc.lethalconfig] Registered config "RandomEnemiesSize/ModdedHazard/AffectModdedHazard"
[20:38:49.6927878] [Debug  :ainavt.lc.lethalconfig] Registered config "RandomEnemiesSize/ModdedHazard/MinModdedHazardSize"
[20:38:49.6937917] [Debug  :ainavt.lc.lethalconfig] Registered config "RandomEnemiesSize/ModdedHazard/MaxModdedHazardSize"
[20:38:49.6937917] [Debug  :ainavt.lc.lethalconfig] Registered config "RandomEnemiesSize/Influences/InfluenceHp"
[20:38:49.6947923] [Debug  :ainavt.lc.lethalconfig] Registered config "RandomEnemiesSize/Influences/InfluenceSound"
[20:38:49.6947923] [Debug  :ainavt.lc.lethalconfig] Registered config "RandomEnemiesSize/Influences/InfluenceSoundMinPitch"
[20:38:49.6957917] [Debug  :ainavt.lc.lethalconfig] Registered config "RandomEnemiesSize/Influences/InfluenceSoundMaxPitch"
[20:38:49.6957917] [Debug  :ainavt.lc.lethalconfig] Registered config "RandomEnemiesSize/Influences/InfluenceBeehive"
[20:38:49.6967925] [Debug  :ainavt.lc.lethalconfig] Registered config "RandomEnemiesSize/Influences/influenceSapsuckerEggs"
[20:38:49.6972955] [Debug  :ainavt.lc.lethalconfig] Registered config "RandomEnemiesSize/FunMode/FunMode"
[20:38:49.6972955] [Debug  :ainavt.lc.lethalconfig] Registered config "RandomEnemiesSize/FunMode/FunModeHorizontalSizeMin"
[20:38:49.6983001] [Debug  :ainavt.lc.lethalconfig] Registered config "RandomEnemiesSize/FunMode/FunModeHorizontalSizeMax"
[20:38:49.6992994] [Debug  :ainavt.lc.lethalconfig] Registered config "RandomEnemiesSize/FunMode/LockHorizontalAxis"
[20:38:49.6992994] [Debug  :ainavt.lc.lethalconfig] Registered config "RandomEnemiesSize/DEV/DevLogs"
[20:38:49.7313866] [Debug  :Buttery Fixes] Transpiler (RoundManager.GenerateNewLevelClientRpc): Cache mold manager
[20:38:49.7313866] [Debug  :Buttery Fixes] Transpiler (RoundManager.GenerateNewLevelClientRpc): Cache mold manager
[20:38:49.7358990] [Info   :RandomEnemiesSize] RandomEnemiesSize Patched !!
[20:38:49.7368989] [Info   :   BepInEx] Loading [ReXuvination 1.1.0]
[20:38:49.7378986] [Info   :ReXuvination] Initializing Configs
[20:38:49.7388987] [Info   :ReXuvination] Patching Methods
[20:38:49.7686558] [Info   :ReXuvination] ReXuvination v1.1.0 Loaded! also you lost the game!
[20:38:49.7686558] [Info   :   BepInEx] Loading [SoftMaskKiller 0.0.1]
[20:38:49.7746981] [Info   :SoftMaskKiller] Initializing Configs
[20:38:49.7825578] [Info   :SoftMaskKiller] Patching Methods
[20:38:49.7902020] [Info   :SoftMaskKiller] SoftMaskKiller v0.0.1 Loaded!
[20:38:49.7902020] [Info   :   BepInEx] Loading [PathfindingLagFix 2.4.2]
[20:38:49.7947101] [Info   :PathfindingLagFix] Zaggy1024.PathfindingLagFix 2.4.2 is using preset OnlyFixes with options:
[20:38:49.9596404] [Info   :   BepInEx] Loading [LC Always Hear Active Walkies Fork 1.6.0]
[20:38:50.0440131] [Debug  :Jetpack Fixes] Transpiler: Replace "Gravity" with "Inertia"
[20:38:50.0440131] [Debug  :Jetpack Fixes] Transpiler: Replace "Gravity" with "Inertia"
[20:38:50.0440131] [Debug  :Jetpack Fixes] Transpiler: Replace "Gravity" with "Inertia"
[20:38:50.0946760] [Info   :ZetaArcade.LCAlwaysHearActiveWalkieFork] \ /
[20:38:50.1032081] [Info   :ZetaArcade.LCAlwaysHearActiveWalkieFork] /|\
[20:38:50.1032081] [Info   :ZetaArcade.LCAlwaysHearActiveWalkieFork]  |----|
[20:38:50.1032081] [Info   :ZetaArcade.LCAlwaysHearActiveWalkieFork]  |[__]| Always Hear Active Walkies
[20:38:50.1032081] [Info   :ZetaArcade.LCAlwaysHearActiveWalkieFork]  |.  .| Version 1.6.0 Loaded
[20:38:50.1032081] [Info   :ZetaArcade.LCAlwaysHearActiveWalkieFork]  |____|
[20:38:50.1032081] [Info   :ZetaArcade.LCAlwaysHearActiveWalkieFork] 
[20:38:50.1032081] [Info   :ZetaArcade.LCAlwaysHearActiveWalkieFork] AudibleDistance: 12
[20:38:50.1032081] [Info   :ZetaArcade.LCAlwaysHearActiveWalkieFork] WalkieRecordingRange: 20
[20:38:50.1032081] [Info   :ZetaArcade.LCAlwaysHearActiveWalkieFork] PlayerToPlayerSpatialHearingRange: 20
[20:38:50.1032081] [Info   :   BepInEx] Loading [PremiumScraps 2.5.0]
[20:38:50.7362017] [Debug  :Jetpack Fixes] Transpiler: Replace "Gravity" with "Inertia"
[20:38:50.7362017] [Debug  :Jetpack Fixes] Transpiler: Replace "Gravity" with "Inertia"
[20:38:50.7362017] [Debug  :Jetpack Fixes] Transpiler: Replace "Gravity" with "Inertia"
[20:38:50.8905453] [Debug  :Jetpack Fixes] Transpiler: Replace "Gravity" with "Inertia"
[20:38:50.8905453] [Debug  :Jetpack Fixes] Transpiler: Replace "Gravity" with "Inertia"
[20:38:50.8905453] [Debug  :Jetpack Fixes] Transpiler: Replace "Gravity" with "Inertia"
[20:38:50.9317253] [Info   :PremiumScraps] PremiumScraps is loaded !
[20:38:50.9379907] [Info   :   BepInEx] Loading [ChillaxScraps 1.6.6]
[20:38:52.0549989] [Info   :ChillaxScraps] ChillaxScraps is loaded !
[20:38:52.0610631] [Info   :me.loaforc.soundapi] Starting Sound-pack loading pipeline
[20:38:52.0782852] [Info   :me.loaforc.soundapi] (Step 1) Loading Sound-pack definitions took 12ms
[20:38:52.0782852] [Warning:me.loaforc.soundapi] No sound-packs were found to load! This can be ignorable if you're doing testing or using SoundAPI for another purpose, but if you expected sound-packs to load you may have set it up incorrectly.
[20:38:52.0782852] [Info   :me.loaforc.soundapi] (Step 2) Loading Sound-pack mappings ('0') took 0ms
[20:38:52.0782852] [Info   :me.loaforc.soundapi] (Step 3) Skipped 0 collection(s), 0 replacement(s), 0 sound(s)
[20:38:52.0782852] [Info   :me.loaforc.soundapi] (Step 3) Loading sound replacement collections took 0ms
[20:38:52.0782852] [Info   :me.loaforc.soundapi] (Step 4) Started loading 0 audio file(s)
[20:38:52.0782852] [Info   :me.loaforc.soundapi] Waiting for splash screens to complete to continue...
[20:38:52.0782852] [Message:   BepInEx] Chainloader startup complete
[20:38:52.0793431] [Info   :LethalLevelLoader] Patching TimeOfDay speed multipliers!
[20:38:52.0889442] [Info   :LethalLevelLoader] DawnLib found! Enabling compatibility patches...
[20:38:52.1183417] [Info   :LethalLevelLoader] LethalLib found! Enabling compatibility patches...
[20:38:52.1779434] [Info   :LethalLevelLoader] Additional LethalLevelLoader Compatibilities Done.
[20:38:53.8493919] [Info   :LethalLevelLoader] cabalmoon.lethalbundle Loaded (145.67s)!
[20:38:53.9541320] [Info   :LethalLevelLoader] flickermoon.lethalbundle Loaded (145.77s)!
[20:38:53.9781914] [Info   :LethalLevelLoader] pareidoliamoon.lethalbundle Loaded (145.8s)!
[20:38:54.0499381] [Info   :LethalLevelLoader] abaddonmoon.lethalbundle Loaded (145.87s)!
[20:38:54.2828913] [Info   :LethalLevelLoader] shuttermoon.lethalbundle Loaded (146.1s)!
[20:38:54.4883631] [Info   :LethalLevelLoader] lamentmoon.lethalbundle Loaded (146.31s)!
[20:38:54.8407896] [Info   :LethalLevelLoader] vigilancemoon.lethalbundle Loaded (146.66s)!
[20:38:55.0985125] [Debug  :PathfindingLib] Changed prefabbed NavMeshAgent IrisMaskVariant's area mask from 0xFFFFFFFF to 0xFFFFFFFF to allow traversal of non-smart off-mesh links.
[20:38:55.0985125] [Info   :LethalLevelLoader] geminimoon.lethalbundle Loaded (146.92s)!
[20:38:55.1455847] [Info   :LethalLevelLoader] 1load bearing awesome doohickey blaster.lethalbundle Loaded (146.96s)!
[20:38:55.2433420] [Warning: Unity Log] The referenced script (ElevatorMod.Patches.ElevatorStartRoom) on this Behaviour is missing!
[20:38:55.2433420] [Warning: Unity Log] The referenced script (ElevatorMod.Patches.FloorNumber) on this Behaviour is missing!
[20:38:55.2728672] [Warning: Unity Log] The referenced script on this Behaviour (Game Object 'DPF_EntryRoom') is missing!
[20:38:55.3250535] [Warning: Unity Log] The referenced script on this Behaviour (Game Object 'DPF_EntryRoom') is missing!
[20:38:55.4311007] [Info   :LethalLevelLoader] dungeon_abandonedfoundry.lethalbundle Loaded (147.25s)!
[20:38:55.4470055] [Info   :LethalLevelLoader] generic scrap bunker crowbar.lethalbundle Loaded (147.27s)!
[20:38:55.5273769] [Warning: Unity Log] The referenced script (ElevatorMod.Patches.ElevatorStartRoom) on this Behaviour is missing!
[20:38:55.5273769] [Warning: Unity Log] The referenced script on this Behaviour (Game Object '') is missing!
[20:38:55.5477051] [Warning: Unity Log] The referenced script (ElevatorMod.Patches.FloorNumber) on this Behaviour is missing!
[20:38:55.5477051] [Warning: Unity Log] The referenced script on this Behaviour (Game Object '') is missing!
[20:38:55.5912561] [Info   :LethalLevelLoader] dungeon_subsystem.lethalbundle Loaded (147.41s)!
[20:38:55.8329229] [Info   :LethalLevelLoader] dungeon_ravenmanor.lethalbundle Loaded (147.65s)!
[20:38:55.8472544] [Info   :LethalLevelLoader] generic scrap bunker general.lethalbundle Loaded (147.67s)!
[20:38:55.8598192] [Info   :LethalLevelLoader] generic scrap bunker jammer.lethalbundle Loaded (147.68s)!
[20:38:55.9027049] [Warning: Unity Log] The referenced script (ElevatorMod.Patches.ElevatorStartRoom) on this Behaviour is missing!
[20:38:55.9027049] [Warning: Unity Log] The referenced script on this Behaviour (Game Object '') is missing!
[20:38:55.9429731] [Warning: Unity Log] The referenced script (ElevatorMod.Patches.FloorNumber) on this Behaviour is missing!
[20:38:55.9469862] [Warning: Unity Log] The referenced script on this Behaviour (Game Object 'STU_EntryLobby') is missing!
[20:38:56.0034307] [Info   :LethalLevelLoader] dungeon_studio.lethalbundle Loaded (147.82s)!
[20:38:56.2192717] [Info   :LethalLevelLoader] dungeon_caverns.lethalbundle Loaded (148.04s)!
[20:38:56.2304065] [Info   :LethalLevelLoader] generic scrap tower elevator key.lethalbundle Loaded (148.05s)!
[20:38:56.2449423] [Info   :LethalLevelLoader] generic scrap bunker impact grenade.lethalbundle Loaded (148.06s)!
[20:38:56.2459412] [Info   :LethalLevelLoader] jll config generic interiors.lethalbundle Loaded (148.06s)!
[20:38:56.2544503] [Info   :LethalLevelLoader] generic scrap bunker military shotgun.lethalbundle Loaded (148.07s)!
[20:38:56.3600284] [Warning: Unity Log] The referenced script (ElevatorMod.Patches.ElevatorStartRoom) on this Behaviour is missing!
[20:38:56.3600284] [Warning: Unity Log] The referenced script on this Behaviour (Game Object '') is missing!
[20:38:56.3645350] [Warning: Unity Log] The referenced script (ElevatorMod.Patches.FloorNumber) on this Behaviour is missing!
[20:38:56.3645350] [Warning: Unity Log] The referenced script on this Behaviour (Game Object '') is missing!
[20:38:56.5500296] [Info   :LethalLevelLoader] dungeon_grayapartments.lethalbundle Loaded (148.37s)!
[20:38:56.5596441] [Info   :LethalLevelLoader] generic scrap bunker single shotgun.lethalbundle Loaded (148.38s)!
[20:38:56.5631477] [Info   :LethalLevelLoader] arcadiamod.lethalbundle Loaded (148.38s)!
[20:38:57.1942581] [Info   :LethalLevelLoader] dungeon_acf.lethalbundle Loaded (149.02s)!
[20:38:57.2238615] [Info   :LethalLevelLoader] egypt.lethalbundle Loaded (149.04s)!
[20:38:57.6312819] [Info   :LethalLevelLoader] fracturedcomplex.lethalbundle Loaded (149.45s)!
[20:38:57.7489757] [Warning: Unity Log] The referenced script (UnityMeshSimplifier.LODBackupComponent) on this Behaviour is missing!
[20:38:57.9180270] [Warning: Unity Log] The referenced script on this Behaviour (Game Object 'GameObject (3)') is missing!
[20:38:58.0291133] [Info   :LethalLevelLoader] storagecomplex.lethalbundle Loaded (149.85s)!
[20:38:58.4030409] [Info   :LethalLevelLoader] atlanticdungeoninterior.lethalbundle Loaded (150.22s)!
[20:38:58.4298814] [Warning: Unity Log] The referenced script (UnityMeshSimplifier.LODBackupComponent) on this Behaviour is missing!
[20:38:58.4298814] [Warning: Unity Log] The referenced script on this Behaviour (Game Object '') is missing!
[20:38:58.4566058] [Warning: Unity Log] The referenced script (UnityMeshSimplifier.LODBackupComponent) on this Behaviour is missing!
[20:38:58.4566058] [Warning: Unity Log] The referenced script (UnityMeshSimplifier.LODBackupComponent) on this Behaviour is missing!
[20:38:58.4586109] [Warning: Unity Log] The referenced script (UnityMeshSimplifier.LODBackupComponent) on this Behaviour is missing!
[20:38:58.4586109] [Warning: Unity Log] The referenced script (UnityMeshSimplifier.LODBackupComponent) on this Behaviour is missing!
[20:38:58.4606114] [Warning: Unity Log] The referenced script (UnityMeshSimplifier.LODBackupComponent) on this Behaviour is missing!
[20:38:58.4606114] [Warning: Unity Log] The referenced script (UnityMeshSimplifier.LODBackupComponent) on this Behaviour is missing!
[20:38:58.4606114] [Warning: Unity Log] The referenced script on this Behaviour (Game Object '') is missing!
[20:38:58.4606114] [Warning: Unity Log] The referenced script (UnityMeshSimplifier.LODBackupComponent) on this Behaviour is missing!
[20:38:58.4606114] [Warning: Unity Log] The referenced script on this Behaviour (Game Object '') is missing!
[20:38:58.4606114] [Warning: Unity Log] The referenced script (UnityMeshSimplifier.LODBackupComponent) on this Behaviour is missing!
[20:38:58.4606114] [Warning: Unity Log] The referenced script on this Behaviour (Game Object '') is missing!
[20:38:58.4617003] [Warning: Unity Log] The referenced script (UnityMeshSimplifier.LODBackupComponent) on this Behaviour is missing!
[20:38:58.4617003] [Warning: Unity Log] The referenced script on this Behaviour (Game Object '') is missing!
[20:38:58.4652106] [Warning: Unity Log] The referenced script (UnityMeshSimplifier.LODBackupComponent) on this Behaviour is missing!
[20:38:58.4652106] [Warning: Unity Log] The referenced script on this Behaviour (Game Object '') is missing!
[20:38:58.4652106] [Warning: Unity Log] The referenced script (UnityMeshSimplifier.LODBackupComponent) on this Behaviour is missing!
[20:38:58.4652106] [Warning: Unity Log] The referenced script (UnityMeshSimplifier.LODBackupComponent) on this Behaviour is missing!
[20:38:58.4652106] [Warning: Unity Log] The referenced script on this Behaviour (Game Object '') is missing!
[20:38:58.4662092] [Warning: Unity Log] The referenced script (UnityMeshSimplifier.LODBackupComponent) on this Behaviour is missing!
[20:38:58.4662092] [Warning: Unity Log] The referenced script (UnityMeshSimplifier.LODBackupComponent) on this Behaviour is missing!
[20:38:58.4672092] [Warning: Unity Log] The referenced script (UnityMeshSimplifier.LODBackupComponent) on this Behaviour is missing!
[20:38:58.4672092] [Warning: Unity Log] The referenced script (UnityMeshSimplifier.LODBackupComponent) on this Behaviour is missing!
[20:38:58.4672092] [Warning: Unity Log] The referenced script on this Behaviour (Game Object '') is missing!
[20:38:58.4672092] [Warning: Unity Log] The referenced script (UnityMeshSimplifier.LODBackupComponent) on this Behaviour is missing!
[20:38:58.4682086] [Warning: Unity Log] The referenced script (UnityMeshSimplifier.LODBackupComponent) on this Behaviour is missing!
[20:38:58.4692126] [Warning: Unity Log] The referenced script (UnityMeshSimplifier.LODBackupComponent) on this Behaviour is missing!
[20:38:58.4702089] [Warning: Unity Log] The referenced script (UnityMeshSimplifier.LODBackupComponent) on this Behaviour is missing!
[20:38:58.4702089] [Warning: Unity Log] The referenced script (UnityMeshSimplifier.LODBackupComponent) on this Behaviour is missing!
[20:38:58.4702089] [Warning: Unity Log] The referenced script on this Behaviour (Game Object '') is missing!
[20:38:58.4712088] [Warning: Unity Log] The referenced script (UnityMeshSimplifier.LODBackupComponent) on this Behaviour is missing!
[20:38:58.4712088] [Warning: Unity Log] The referenced script on this Behaviour (Game Object '') is missing!
[20:38:58.4712088] [Warning: Unity Log] The referenced script (UnityMeshSimplifier.LODBackupComponent) on this Behaviour is missing!
[20:38:58.4732256] [Warning: Unity Log] The referenced script (UnityMeshSimplifier.LODBackupComponent) on this Behaviour is missing!
[20:38:58.4742316] [Warning: Unity Log] The referenced script (UnityMeshSimplifier.LODBackupComponent) on this Behaviour is missing!
[20:38:58.4742316] [Warning: Unity Log] The referenced script on this Behaviour (Game Object '') is missing!
[20:38:58.4752297] [Warning: Unity Log] The referenced script on this Behaviour (Game Object 'CreeperVine (2)') is missing!
[20:38:58.4762321] [Warning: Unity Log] The referenced script (UnityMeshSimplifier.LODBackupComponent) on this Behaviour is missing!
[20:38:58.4762321] [Warning: Unity Log] The referenced script on this Behaviour (Game Object '') is missing!
[20:38:58.4762321] [Warning: Unity Log] The referenced script (UnityMeshSimplifier.LODBackupComponent) on this Behaviour is missing!
[20:38:58.4762321] [Warning: Unity Log] The referenced script on this Behaviour (Game Object '') is missing!
[20:38:58.4762321] [Warning: Unity Log] The referenced script (UnityMeshSimplifier.LODBackupComponent) on this Behaviour is missing!
[20:38:58.4762321] [Warning: Unity Log] The referenced script on this Behaviour (Game Object '') is missing!
[20:38:58.4782320] [Warning: Unity Log] The referenced script (UnityMeshSimplifier.LODBackupComponent) on this Behaviour is missing!
[20:38:58.4782320] [Warning: Unity Log] The referenced script on this Behaviour (Game Object '') is missing!
[20:38:58.4782320] [Warning: Unity Log] The referenced script (UnityMeshSimplifier.LODBackupComponent) on this Behaviour is missing!
[20:38:58.4812324] [Warning: Unity Log] The referenced script (UnityMeshSimplifier.LODBackupComponent) on this Behaviour is missing!
[20:38:58.4812324] [Warning: Unity Log] The referenced script (UnityMeshSimplifier.LODBackupComponent) on this Behaviour is missing!
[20:38:58.4827362] [Warning: Unity Log] The referenced script (UnityMeshSimplifier.LODBackupComponent) on this Behaviour is missing!
[20:38:58.4827362] [Warning: Unity Log] The referenced script on this Behaviour (Game Object '') is missing!
[20:38:58.4827362] [Warning: Unity Log] The referenced script (UnityMeshSimplifier.LODBackupComponent) on this Behaviour is missing!
[20:38:58.4827362] [Warning: Unity Log] The referenced script on this Behaviour (Game Object '') is missing!
[20:38:58.4837399] [Warning: Unity Log] The referenced script (UnityMeshSimplifier.LODBackupComponent) on this Behaviour is missing!
[20:38:58.4847409] [Warning: Unity Log] The referenced script (UnityMeshSimplifier.LODBackupComponent) on this Behaviour is missing!
[20:38:58.4882087] [Warning: Unity Log] The referenced script (UnityMeshSimplifier.LODBackupComponent) on this Behaviour is missing!
[20:38:58.4882087] [Warning: Unity Log] The referenced script on this Behaviour (Game Object '') is missing!
[20:38:58.4907194] [Warning: Unity Log] The referenced script (UnityMeshSimplifier.LODBackupComponent) on this Behaviour is missing!
[20:38:58.4917193] [Warning: Unity Log] The referenced script on this Behaviour (Game Object 'Plane.031 (25)') is missing!
[20:38:58.4917193] [Warning: Unity Log] The referenced script (UnityMeshSimplifier.LODBackupComponent) on this Behaviour is missing!
[20:38:58.4917193] [Warning: Unity Log] The referenced script on this Behaviour (Game Object '') is missing!
[20:38:58.4917193] [Warning: Unity Log] The referenced script (UnityMeshSimplifier.LODBackupComponent) on this Behaviour is missing!
[20:38:58.4917193] [Warning: Unity Log] The referenced script on this Behaviour (Game Object '') is missing!
[20:38:58.4917193] [Warning: Unity Log] The referenced script (UnityMeshSimplifier.LODBackupComponent) on this Behaviour is missing!
[20:38:58.4917193] [Warning: Unity Log] The referenced script on this Behaviour (Game Object '') is missing!
[20:38:58.4917193] [Warning: Unity Log] The referenced script (UnityMeshSimplifier.LODBackupComponent) on this Behaviour is missing!
[20:38:58.4917193] [Warning: Unity Log] The referenced script (UnityMeshSimplifier.LODBackupComponent) on this Behaviour is missing!
[20:38:58.4917193] [Warning: Unity Log] The referenced script on this Behaviour (Game Object '') is missing!
[20:38:58.4927189] [Warning: Unity Log] The referenced script (UnityMeshSimplifier.LODBackupComponent) on this Behaviour is missing!
[20:38:58.4927189] [Warning: Unity Log] The referenced script on this Behaviour (Game Object '') is missing!
[20:38:58.4938074] [Warning: Unity Log] The referenced script (UnityMeshSimplifier.LODBackupComponent) on this Behaviour is missing!
[20:38:58.4996692] [Warning: Unity Log] The referenced script (UnityMeshSimplifier.LODBackupComponent) on this Behaviour is missing!
[20:38:58.4996692] [Warning: Unity Log] The referenced script (UnityMeshSimplifier.LODBackupComponent) on this Behaviour is missing!
[20:38:58.4996692] [Warning: Unity Log] The referenced script on this Behaviour (Game Object '') is missing!
[20:38:58.4996692] [Warning: Unity Log] The referenced script (UnityMeshSimplifier.LODBackupComponent) on this Behaviour is missing!
[20:38:58.4996692] [Warning: Unity Log] The referenced script on this Behaviour (Game Object '') is missing!
[20:38:58.5098842] [Warning: Unity Log] The referenced script (UnityMeshSimplifier.LODBackupComponent) on this Behaviour is missing!
[20:38:58.5098842] [Warning: Unity Log] The referenced script on this Behaviour (Game Object '') is missing!
[20:38:58.5098842] [Warning: Unity Log] The referenced script (UnityMeshSimplifier.LODBackupComponent) on this Behaviour is missing!
[20:38:58.5118837] [Warning: Unity Log] The referenced script (UnityMeshSimplifier.LODBackupComponent) on this Behaviour is missing!
[20:38:58.5118837] [Warning: Unity Log] The referenced script (UnityMeshSimplifier.LODBackupComponent) on this Behaviour is missing!
[20:38:58.5118837] [Warning: Unity Log] The referenced script on this Behaviour (Game Object '') is missing!
[20:38:58.5118837] [Warning: Unity Log] The referenced script (UnityMeshSimplifier.LODBackupComponent) on this Behaviour is missing!
[20:38:58.5118837] [Warning: Unity Log] The referenced script on this Behaviour (Game Object '') is missing!
[20:38:58.5128841] [Warning: Unity Log] The referenced script (UnityMeshSimplifier.LODBackupComponent) on this Behaviour is missing!
[20:38:58.5139409] [Warning: Unity Log] The referenced script (UnityMeshSimplifier.LODBackupComponent) on this Behaviour is missing!
[20:38:58.5139409] [Warning: Unity Log] The referenced script on this Behaviour (Game Object '') is missing!
[20:38:58.5139409] [Warning: Unity Log] The referenced script (UnityMeshSimplifier.LODBackupComponent) on this Behaviour is missing!
[20:38:58.5159402] [Warning: Unity Log] The referenced script (UnityMeshSimplifier.LODBackupComponent) on this Behaviour is missing!
[20:38:58.5169400] [Warning: Unity Log] The referenced script (UnityMeshSimplifier.LODBackupComponent) on this Behaviour is missing!
[20:38:58.5169400] [Warning: Unity Log] The referenced script on this Behaviour (Game Object '') is missing!
[20:38:58.5179407] [Warning: Unity Log] The referenced script (UnityMeshSimplifier.LODBackupComponent) on this Behaviour is missing!
[20:38:58.5179407] [Warning: Unity Log] The referenced script on this Behaviour (Game Object '') is missing!
[20:38:58.5199405] [Warning: Unity Log] The referenced script (UnityMeshSimplifier.LODBackupComponent) on this Behaviour is missing!
[20:38:58.5199405] [Warning: Unity Log] The referenced script (UnityMeshSimplifier.LODBackupComponent) on this Behaviour is missing!
[20:38:58.5199405] [Warning: Unity Log] The referenced script on this Behaviour (Game Object '') is missing!
[20:38:58.5199405] [Warning: Unity Log] The referenced script (UnityMeshSimplifier.LODBackupComponent) on this Behaviour is missing!
[20:38:58.5199405] [Warning: Unity Log] The referenced script on this Behaviour (Game Object '') is missing!
[20:38:58.5209413] [Warning: Unity Log] The referenced script (UnityMeshSimplifier.LODBackupComponent) on this Behaviour is missing!
[20:38:58.5209413] [Warning: Unity Log] The referenced script on this Behaviour (Game Object '') is missing!
[20:38:58.5224559] [Warning: Unity Log] The referenced script (UnityMeshSimplifier.LODBackupComponent) on this Behaviour is missing!
[20:38:58.5224559] [Warning: Unity Log] The referenced script on this Behaviour (Game Object '') is missing!
[20:38:58.5229673] [Warning: Unity Log] The referenced script (UnityMeshSimplifier.LODBackupComponent) on this Behaviour is missing!
[20:38:58.5229673] [Warning: Unity Log] The referenced script (UnityMeshSimplifier.LODBackupComponent) on this Behaviour is missing!
[20:38:58.5229673] [Warning: Unity Log] The referenced script (UnityMeshSimplifier.LODBackupComponent) on this Behaviour is missing!
[20:38:58.5229673] [Warning: Unity Log] The referenced script (UnityMeshSimplifier.LODBackupComponent) on this Behaviour is missing!
[20:38:58.5239715] [Warning: Unity Log] The referenced script (UnityMeshSimplifier.LODBackupComponent) on this Behaviour is missing!
[20:38:58.5239715] [Warning: Unity Log] The referenced script on this Behaviour (Game Object '') is missing!
[20:38:58.5249750] [Warning: Unity Log] The referenced script on this Behaviour (Game Object 'BushyBuish') is missing!
[20:38:58.5249750] [Warning: Unity Log] The referenced script (UnityMeshSimplifier.LODBackupComponent) on this Behaviour is missing!
[20:38:58.5249750] [Warning: Unity Log] The referenced script on this Behaviour (Game Object 'CreeperVine (4)') is missing!
[20:38:58.5249750] [Warning: Unity Log] The referenced script on this Behaviour (Game Object 'BushyBuish') is missing!
[20:38:58.5269747] [Warning: Unity Log] The referenced script (UnityMeshSimplifier.LODBackupComponent) on this Behaviour is missing!
[20:38:58.5269747] [Warning: Unity Log] The referenced script on this Behaviour (Game Object '') is missing!
[20:38:58.5279750] [Warning: Unity Log] The referenced script (UnityMeshSimplifier.LODBackupComponent) on this Behaviour is missing!
[20:38:58.5341126] [Warning: Unity Log] The referenced script (UnityMeshSimplifier.LODBackupComponent) on this Behaviour is missing!
[20:38:58.5341126] [Warning: Unity Log] The referenced script (UnityMeshSimplifier.LODBackupComponent) on this Behaviour is missing!
[20:38:58.5341126] [Warning: Unity Log] The referenced script on this Behaviour (Game Object '') is missing!
[20:38:58.5351114] [Warning: Unity Log] The referenced script (UnityMeshSimplifier.LODBackupComponent) on this Behaviour is missing!
[20:38:58.5351114] [Warning: Unity Log] The referenced script on this Behaviour (Game Object '') is missing!
[20:38:58.5361125] [Warning: Unity Log] The referenced script (UnityMeshSimplifier.LODBackupComponent) on this Behaviour is missing!
[20:38:58.5378080] [Warning: Unity Log] The referenced script on this Behaviour (Game Object 'CreeperVine (2)') is missing!
[20:38:58.5378080] [Warning: Unity Log] The referenced script (UnityMeshSimplifier.LODBackupComponent) on this Behaviour is missing!
[20:38:58.5378080] [Warning: Unity Log] The referenced script on this Behaviour (Game Object '') is missing!
[20:38:58.5398128] [Warning: Unity Log] The referenced script (UnityMeshSimplifier.LODBackupComponent) on this Behaviour is missing!
[20:38:58.5398128] [Warning: Unity Log] The referenced script (UnityMeshSimplifier.LODBackupComponent) on this Behaviour is missing!
[20:38:58.5416956] [Warning: Unity Log] The referenced script (UnityMeshSimplifier.LODBackupComponent) on this Behaviour is missing!
[20:38:58.5416956] [Warning: Unity Log] The referenced script (UnityMeshSimplifier.LODBackupComponent) on this Behaviour is missing!
[20:38:58.5416956] [Warning: Unity Log] The referenced script on this Behaviour (Game Object '') is missing!
[20:38:58.5432098] [Warning: Unity Log] The referenced script (UnityMeshSimplifier.LODBackupComponent) on this Behaviour is missing!
[20:38:58.5432098] [Warning: Unity Log] The referenced script on this Behaviour (Game Object '') is missing!
[20:38:58.5442148] [Warning: Unity Log] The referenced script (UnityMeshSimplifier.LODBackupComponent) on this Behaviour is missing!
[20:38:58.5442148] [Warning: Unity Log] The referenced script (UnityMeshSimplifier.LODBackupComponent) on this Behaviour is missing!
[20:38:58.5442148] [Warning: Unity Log] The referenced script on this Behaviour (Game Object '') is missing!
[20:38:58.5687788] [Warning: Unity Log] The referenced script (UnityMeshSimplifier.LODBackupComponent) on this Behaviour is missing!
[20:38:58.5687788] [Warning: Unity Log] The referenced script on this Behaviour (Game Object '') is missing!
[20:38:58.5697791] [Warning: Unity Log] The referenced script on this Behaviour (Game Object 'Plane.031 (25)') is missing!
[20:38:58.5697791] [Warning: Unity Log] The referenced script (UnityMeshSimplifier.LODBackupComponent) on this Behaviour is missing!
[20:38:58.5717779] [Warning: Unity Log] The referenced script (UnityMeshSimplifier.LODBackupComponent) on this Behaviour is missing!
[20:38:58.5717779] [Warning: Unity Log] The referenced script on this Behaviour (Game Object '') is missing!
[20:38:58.5717779] [Warning: Unity Log] The referenced script on this Behaviour (Game Object 'BushyBuish') is missing!
[20:38:58.5727772] [Warning: Unity Log] The referenced script (UnityMeshSimplifier.LODBackupComponent) on this Behaviour is missing!
[20:38:58.5727772] [Warning: Unity Log] The referenced script (UnityMeshSimplifier.LODBackupComponent) on this Behaviour is missing!
[20:38:58.5727772] [Warning: Unity Log] The referenced script (UnityMeshSimplifier.LODBackupComponent) on this Behaviour is missing!
[20:38:58.5737946] [Warning: Unity Log] The referenced script on this Behaviour (Game Object 'BushyBuish') is missing!
[20:38:58.5757940] [Warning: Unity Log] The referenced script (UnityMeshSimplifier.LODBackupComponent) on this Behaviour is missing!
[20:38:58.5767947] [Warning: Unity Log] The referenced script (UnityMeshSimplifier.LODBackupComponent) on this Behaviour is missing!
[20:38:58.5777953] [Warning: Unity Log] The referenced script on this Behaviour (Game Object 'BushyBuish') is missing!
[20:38:58.5777953] [Warning: Unity Log] The referenced script on this Behaviour (Game Object 'CreeperVine (4)') is missing!
[20:38:58.5777953] [Warning: Unity Log] The referenced script (UnityMeshSimplifier.LODBackupComponent) on this Behaviour is missing!
[20:38:58.5787947] [Warning: Unity Log] The referenced script (UnityMeshSimplifier.LODBackupComponent) on this Behaviour is missing!
[20:38:58.5787947] [Warning: Unity Log] The referenced script on this Behaviour (Game Object '') is missing!
[20:38:58.5797954] [Warning: Unity Log] The referenced script (UnityMeshSimplifier.LODBackupComponent) on this Behaviour is missing!
[20:38:58.5797954] [Warning: Unity Log] The referenced script (UnityMeshSimplifier.LODBackupComponent) on this Behaviour is missing!
[20:38:58.5797954] [Warning: Unity Log] The referenced script (UnityMeshSimplifier.LODBackupComponent) on this Behaviour is missing!
[20:38:58.5807946] [Warning: Unity Log] The referenced script on this Behaviour (Game Object '') is missing!
[20:38:58.5807946] [Warning: Unity Log] The referenced script on this Behaviour (Game Object 'Plane.031 (25)') is missing!
[20:38:58.5817945] [Warning: Unity Log] The referenced script (UnityMeshSimplifier.LODBackupComponent) on this Behaviour is missing!
[20:38:58.5848058] [Warning: Unity Log] The referenced script (UnityMeshSimplifier.LODBackupComponent) on this Behaviour is missing!
[20:38:58.5848058] [Warning: Unity Log] The referenced script on this Behaviour (Game Object 'CreeperVine (3)') is missing!
[20:38:58.5858048] [Warning: Unity Log] The referenced script (UnityMeshSimplifier.LODBackupComponent) on this Behaviour is missing!
[20:38:58.5858048] [Warning: Unity Log] The referenced script on this Behaviour (Game Object 'CreeperVine (4)') is missing!
[20:38:58.5868054] [Warning: Unity Log] The referenced script (UnityMeshSimplifier.LODBackupComponent) on this Behaviour is missing!
[20:38:58.5868054] [Warning: Unity Log] The referenced script on this Behaviour (Game Object '') is missing!
[20:38:58.5883130] [Warning: Unity Log] The referenced script on this Behaviour (Game Object 'CreeperVine (2)') is missing!
[20:38:58.5883130] [Warning: Unity Log] The referenced script (UnityMeshSimplifier.LODBackupComponent) on this Behaviour is missing!
[20:38:58.5898167] [Warning: Unity Log] The referenced script (UnityMeshSimplifier.LODBackupComponent) on this Behaviour is missing!
[20:38:58.5898167] [Warning: Unity Log] The referenced script (UnityMeshSimplifier.LODBackupComponent) on this Behaviour is missing!
[20:38:58.5908223] [Warning: Unity Log] The referenced script on this Behaviour (Game Object 'CreeperVine (4)') is missing!
[20:38:58.5908223] [Warning: Unity Log] The referenced script on this Behaviour (Game Object 'CreeperVine (4)') is missing!
[20:38:58.5933254] [Warning: Unity Log] The referenced script (UnityMeshSimplifier.LODBackupComponent) on this Behaviour is missing!
[20:38:58.5933254] [Warning: Unity Log] The referenced script (UnityMeshSimplifier.LODBackupComponent) on this Behaviour is missing!
[20:38:58.5933254] [Warning: Unity Log] The referenced script on this Behaviour (Game Object '') is missing!
[20:38:58.5933254] [Warning: Unity Log] The referenced script on this Behaviour (Game Object 'Plane.031 (25)') is missing!
[20:38:58.5933254] [Warning: Unity Log] The referenced script on this Behaviour (Game Object 'CreeperVine (2)') is missing!
[20:38:58.5968342] [Warning: Unity Log] The referenced script on this Behaviour (Game Object 'BushyBuish') is missing!
[20:38:58.5968342] [Warning: Unity Log] The referenced script on this Behaviour (Game Object 'CreeperVine (4)') is missing!
[20:38:58.6028422] [Warning: Unity Log] The referenced script (UnityMeshSimplifier.LODBackupComponent) on this Behaviour is missing!
[20:38:58.6038469] [Warning: Unity Log] The referenced script (UnityMeshSimplifier.LODBackupComponent) on this Behaviour is missing!
[20:38:58.6038469] [Warning: Unity Log] The referenced script on this Behaviour (Game Object '') is missing!
[20:38:58.6048463] [Warning: Unity Log] The referenced script on this Behaviour (Game Object 'CreeperVine (2)') is missing!
[20:38:58.6103523] [Warning: Unity Log] The referenced script on this Behaviour (Game Object 'CreeperVine (2)') is missing!
[20:38:58.6103523] [Warning: Unity Log] The referenced script (UnityMeshSimplifier.LODBackupComponent) on this Behaviour is missing!
[20:38:58.6103523] [Warning: Unity Log] The referenced script (UnityMeshSimplifier.LODBackupComponent) on this Behaviour is missing!
[20:38:58.6113525] [Warning: Unity Log] The referenced script on this Behaviour (Game Object 'BushyBuish') is missing!
[20:38:58.6113525] [Warning: Unity Log] The referenced script (UnityMeshSimplifier.LODBackupComponent) on this Behaviour is missing!
[20:38:58.6113525] [Warning: Unity Log] The referenced script on this Behaviour (Game Object '') is missing!
[20:38:58.6183725] [Warning: Unity Log] The referenced script on this Behaviour (Game Object 'CreeperVine (3)') is missing!
[20:38:58.6183725] [Warning: Unity Log] The referenced script on this Behaviour (Game Object 'BushyBuish') is missing!
[20:38:58.6183725] [Warning: Unity Log] The referenced script on this Behaviour (Game Object 'CreeperVine (2)') is missing!
[20:38:58.6203704] [Warning: Unity Log] The referenced script (UnityMeshSimplifier.LODBackupComponent) on this Behaviour is missing!
[20:38:58.6203704] [Warning: Unity Log] The referenced script on this Behaviour (Game Object '') is missing!
[20:38:58.6213704] [Warning: Unity Log] The referenced script on this Behaviour (Game Object 'BushyBuish') is missing!
[20:38:58.6213704] [Warning: Unity Log] The referenced script (UnityMeshSimplifier.LODBackupComponent) on this Behaviour is missing!
[20:38:58.6228744] [Warning: Unity Log] The referenced script (UnityMeshSimplifier.LODBackupComponent) on this Behaviour is missing!
[20:38:58.6228744] [Warning: Unity Log] The referenced script on this Behaviour (Game Object '') is missing!
[20:38:58.6228744] [Warning: Unity Log] The referenced script (UnityMeshSimplifier.LODBackupComponent) on this Behaviour is missing!
[20:38:58.6228744] [Warning: Unity Log] The referenced script (UnityMeshSimplifier.LODBackupComponent) on this Behaviour is missing!
[20:38:58.6238781] [Warning: Unity Log] The referenced script on this Behaviour (Game Object 'CreeperVine (2)') is missing!
[20:38:58.6248784] [Warning: Unity Log] The referenced script on this Behaviour (Game Object 'CreeperVine (2)') is missing!
[20:38:58.6258785] [Warning: Unity Log] The referenced script on this Behaviour (Game Object 'BushyBuish') is missing!
[20:38:58.6258785] [Warning: Unity Log] The referenced script (UnityMeshSimplifier.LODBackupComponent) on this Behaviour is missing!
[20:38:58.6258785] [Warning: Unity Log] The referenced script (UnityMeshSimplifier.LODBackupComponent) on this Behaviour is missing!
[20:38:58.6258785] [Warning: Unity Log] The referenced script on this Behaviour (Game Object '') is missing!
[20:38:58.6268786] [Warning: Unity Log] The referenced script (UnityMeshSimplifier.LODBackupComponent) on this Behaviour is missing!
[20:38:58.6268786] [Warning: Unity Log] The referenced script on this Behaviour (Game Object '') is missing!
[20:38:58.6318774] [Warning: Unity Log] The referenced script on this Behaviour (Game Object 'CreeperVine (3)') is missing!
[20:38:58.6339886] [Warning: Unity Log] The referenced script (UnityMeshSimplifier.LODBackupComponent) on this Behaviour is missing!
[20:38:58.6349870] [Warning: Unity Log] The referenced script on this Behaviour (Game Object 'Plane.031 (25)') is missing!
[20:38:58.6379867] [Warning: Unity Log] The referenced script on this Behaviour (Game Object 'BushyBuish') is missing!
[20:38:58.6379867] [Warning: Unity Log] The referenced script (UnityMeshSimplifier.LODBackupComponent) on this Behaviour is missing!
[20:38:58.6379867] [Warning: Unity Log] The referenced script on this Behaviour (Game Object 'CreeperVine (4)') is missing!
[20:38:58.6379867] [Warning: Unity Log] The referenced script (UnityMeshSimplifier.LODBackupComponent) on this Behaviour is missing!
[20:38:58.6404948] [Warning: Unity Log] The referenced script (UnityMeshSimplifier.LODBackupComponent) on this Behaviour is missing!
[20:38:58.6404948] [Warning: Unity Log] The referenced script on this Behaviour (Game Object 'CreeperVine (4)') is missing!
[20:38:58.6414941] [Warning: Unity Log] The referenced script on this Behaviour (Game Object 'BushyBuish') is missing!
[20:38:58.6414941] [Warning: Unity Log] The referenced script on this Behaviour (Game Object 'CreeperVine (4)') is missing!
[20:38:58.6414941] [Warning: Unity Log] The referenced script (UnityMeshSimplifier.LODBackupComponent) on this Behaviour is missing!
[20:38:58.6414941] [Warning: Unity Log] The referenced script on this Behaviour (Game Object '') is missing!
[20:38:58.6429981] [Warning: Unity Log] The referenced script (UnityMeshSimplifier.LODBackupComponent) on this Behaviour is missing!
[20:38:58.6429981] [Warning: Unity Log] The referenced script on this Behaviour (Game Object '') is missing!
[20:38:58.6429981] [Warning: Unity Log] The referenced script (UnityMeshSimplifier.LODBackupComponent) on this Behaviour is missing!
[20:38:58.6429981] [Warning: Unity Log] The referenced script on this Behaviour (Game Object '') is missing!
[20:38:58.6440019] [Warning: Unity Log] The referenced script (UnityMeshSimplifier.LODBackupComponent) on this Behaviour is missing!
[20:38:58.6440019] [Warning: Unity Log] The referenced script on this Behaviour (Game Object '') is missing!
[20:38:58.6440019] [Warning: Unity Log] The referenced script on this Behaviour (Game Object 'CreeperVine (2)') is missing!
[20:38:58.6597049] [Warning: Unity Log] The referenced script on this Behaviour (Game Object 'BushyBuish') is missing!
[20:38:58.6617054] [Warning: Unity Log] The referenced script (UnityMeshSimplifier.LODBackupComponent) on this Behaviour is missing!
[20:38:58.6672162] [Warning: Unity Log] The referenced script on this Behaviour (Game Object 'BushyBuish') is missing!
[20:38:58.6692174] [Warning: Unity Log] The referenced script on this Behaviour (Game Object 'CreeperVine (3)') is missing!
[20:38:58.6692174] [Warning: Unity Log] The referenced script on this Behaviour (Game Object 'CreeperVine (4)') is missing!
[20:38:58.6737265] [Warning: Unity Log] The referenced script on this Behaviour (Game Object 'Plane.031 (25)') is missing!
[20:38:58.6737265] [Warning: Unity Log] The referenced script (UnityMeshSimplifier.LODBackupComponent) on this Behaviour is missing!
[20:38:58.6762354] [Warning: Unity Log] The referenced script on this Behaviour (Game Object 'BushyBuish') is missing!
[20:38:58.6762354] [Warning: Unity Log] The referenced script (UnityMeshSimplifier.LODBackupComponent) on this Behaviour is missing!
[20:38:58.6772347] [Warning: Unity Log] The referenced script on this Behaviour (Game Object 'CreeperVine (4)') is missing!
[20:38:58.6772347] [Warning: Unity Log] The referenced script on this Behaviour (Game Object 'CreeperVine (4)') is missing!
[20:38:58.6772347] [Warning: Unity Log] The referenced script (UnityMeshSimplifier.LODBackupComponent) on this Behaviour is missing!
[20:38:58.6772347] [Warning: Unity Log] The referenced script on this Behaviour (Game Object '') is missing!
[20:38:58.6792368] [Warning: Unity Log] The referenced script on this Behaviour (Game Object 'CreeperVine (3)') is missing!
[20:38:58.6802335] [Warning: Unity Log] The referenced script on this Behaviour (Game Object 'Plane.031 (25)') is missing!
[20:38:58.6802335] [Warning: Unity Log] The referenced script on this Behaviour (Game Object 'CreeperVine (3)') is missing!
[20:38:58.6812341] [Warning: Unity Log] The referenced script on this Behaviour (Game Object 'CreeperVine (3)') is missing!
[20:38:58.6812341] [Warning: Unity Log] The referenced script on this Behaviour (Game Object 'CreeperVine (2)') is missing!
[20:38:58.6822336] [Warning: Unity Log] The referenced script (UnityMeshSimplifier.LODBackupComponent) on this Behaviour is missing!
[20:38:58.6822336] [Warning: Unity Log] The referenced script on this Behaviour (Game Object '') is missing!
[20:38:58.6837422] [Warning: Unity Log] The referenced script on this Behaviour (Game Object 'CreeperVine (2)') is missing!
[20:38:58.6837422] [Warning: Unity Log] The referenced script on this Behaviour (Game Object 'BushyBuish') is missing!
[20:38:58.6837422] [Warning: Unity Log] The referenced script on this Behaviour (Game Object 'CreeperVine (4)') is missing!
[20:38:58.6892486] [Warning: Unity Log] The referenced script on this Behaviour (Game Object 'CreeperVine (4)') is missing!
[20:38:58.6927563] [Warning: Unity Log] The referenced script (UnityMeshSimplifier.LODBackupComponent) on this Behaviour is missing!
[20:38:58.6927563] [Warning: Unity Log] The referenced script on this Behaviour (Game Object '') is missing!
[20:38:58.6946478] [Warning: Unity Log] The referenced script on this Behaviour (Game Object 'BushyBuish') is missing!
[20:38:58.6956528] [Warning: Unity Log] The referenced script on this Behaviour (Game Object 'Plane.031 (25)') is missing!
[20:38:58.6956528] [Warning: Unity Log] The referenced script on this Behaviour (Game Object 'CreeperVine (4)') is missing!
[20:38:58.6976521] [Warning: Unity Log] The referenced script on this Behaviour (Game Object 'CreeperVine (4)') is missing!
[20:38:58.6986551] [Warning: Unity Log] The referenced script on this Behaviour (Game Object 'CreeperVine (2)') is missing!
[20:38:58.6986551] [Warning: Unity Log] The referenced script on this Behaviour (Game Object 'CreeperVine (3)') is missing!
[20:38:58.6986551] [Warning: Unity Log] The referenced script on this Behaviour (Game Object 'CreeperVine (4)') is missing!
[20:38:58.6986551] [Warning: Unity Log] The referenced script on this Behaviour (Game Object 'BushyBuish') is missing!
[20:38:58.6986551] [Warning: Unity Log] The referenced script on this Behaviour (Game Object 'CreeperVine (6)') is missing!
[20:38:58.6996514] [Warning: Unity Log] The referenced script on this Behaviour (Game Object 'Plane.031 (25)') is missing!
[20:38:58.6996514] [Warning: Unity Log] The referenced script on this Behaviour (Game Object 'Plane.031 (25)') is missing!
[20:38:58.7006512] [Warning: Unity Log] The referenced script on this Behaviour (Game Object 'CreeperVine (4)') is missing!
[20:38:58.7017118] [Warning: Unity Log] The referenced script on this Behaviour (Game Object 'CreeperVine (2)') is missing!
[20:38:58.7032148] [Warning: Unity Log] The referenced script on this Behaviour (Game Object 'BushyBuish') is missing!
[20:38:58.7032148] [Warning: Unity Log] The referenced script on this Behaviour (Game Object 'BushyBuish') is missing!
[20:38:58.7042199] [Warning: Unity Log] The referenced script on this Behaviour (Game Object 'CreeperVine (4)') is missing!
[20:38:58.7938216] [Info   :LethalLevelLoader] deepmines.lethalbundle Loaded (150.62s)!
[20:38:59.0157368] [Info   :LethalLevelLoader] extendedmineshaft.lethalbundle Loaded (150.83s)!
[20:38:59.3281879] [Info   :LethalLevelLoader] liminalhouse.lethalbundle Loaded (151.15s)!
[20:38:59.4831933] [Info   :LethalLevelLoader] sewers.lethalbundle Loaded (151.3s)!
[20:38:59.4917612] [Warning: Unity Log] The referenced script (WesleysRandomThings.Shenanigans.Arachnohead) on this Behaviour is missing!
[20:38:59.5004126] [Warning: Unity Log] The referenced script (WesleysRandomThings.Shenanigans.ArachnoheadWebTrap) on this Behaviour is missing!
[20:38:59.5004126] [Warning: Unity Log] The referenced script on this Behaviour (Game Object '') is missing!
[20:38:59.5105022] [Warning: Unity Log] The referenced script on this Behaviour (Game Object 'Arachnohead') is missing!
[20:38:59.5330588] [Debug  :PathfindingLib] Changed prefabbed NavMeshAgent HangedGirl's area mask from 0xFFFFFFFF to 0xFFFFFFFF to allow traversal of non-smart off-mesh links.
[20:38:59.5330588] [Debug  :PathfindingLib] Changed prefabbed NavMeshAgent FloatingGirlHead's area mask from 0x000006DF to 0x020006DF to allow traversal of non-smart off-mesh links.
[20:38:59.5340647] [Debug  :PathfindingLib] Changed prefabbed NavMeshAgent Elder's area mask from 0x00000B1F to 0x02000B1F to allow traversal of non-smart off-mesh links.
[20:38:59.5340647] [Debug  :PathfindingLib] Changed prefabbed NavMeshAgent Arachnohead's area mask from 0x0000027F to 0x0200027F to allow traversal of non-smart off-mesh links.
[20:38:59.5340647] [Debug  :PathfindingLib] Changed prefabbed NavMeshAgent ArachnoheadFixed's area mask from 0x0000027F to 0x0200027F to allow traversal of non-smart off-mesh links.
[20:38:59.5340647] [Info   :LethalLevelLoader] enemyvariants.lethalbundle Loaded (151.35s)!
[20:38:59.8138262] [Info   :LethalLevelLoader] expandedfacility.lethalbundle Loaded (151.63s)!
[20:38:59.8218263] [Debug  :PathfindingLib] Changed prefabbed NavMeshAgent DarkSpringMan's area mask from 0x0000061F to 0x0200061F to allow traversal of non-smart off-mesh links.
[20:38:59.8218263] [Info   :LethalLevelLoader] enemyvariantsp2.lethalbundle Loaded (151.64s)!
[20:39:00.3272172] [Debug  :PathfindingLib] Changed prefabbed NavMeshAgent MannequinA's area mask from 0x0000061F to 0x0200061F to allow traversal of non-smart off-mesh links.
[20:39:00.3272172] [Debug  :PathfindingLib] Changed prefabbed NavMeshAgent MannequinC's area mask from 0x0000061F to 0x0200061F to allow traversal of non-smart off-mesh links.
[20:39:00.3282168] [Debug  :PathfindingLib] Changed prefabbed NavMeshAgent MannequinB's area mask from 0x0000061F to 0x0200061F to allow traversal of non-smart off-mesh links.
[20:39:00.3312346] [Info   :LethalLevelLoader] storeinterior.lethalbundle Loaded (152.15s)!
[20:39:00.5730674] [Info   :LethalLevelLoader] argent.lethalbundle Loaded (152.39s)!
[20:39:00.7231052] [Warning: Unity Log] The referenced script (LethalToolbox.ApparatusTakenEvent) on this Behaviour is missing!
[20:39:01.1851237] [Warning: Unity Log] The referenced script on this Behaviour (Game Object 'Teleporter') is missing!
[20:39:01.4214837] [Info   :LethalLevelLoader] grandarmoryinterior.lethalbundle Loaded (153.24s)!
[20:39:01.6633206] [Info   :LethalLevelLoader] psychsanctum.lethalbundle Loaded (153.48s)!
[20:39:02.8166594] [Warning: Unity Log] The referenced script (UnityMeshSimplifier.LODBackupComponent) on this Behaviour is missing!
[20:39:03.2312234] [Warning: Unity Log] The referenced script (UnityMeshSimplifier.LODBackupComponent) on this Behaviour is missing!
[20:39:03.5247743] [Warning: Unity Log] The referenced script on this Behaviour (Game Object 'GameObject') is missing!
[20:39:03.6132178] [Warning: Unity Log] The referenced script on this Behaviour (Game Object 'GameObject') is missing!
[20:39:04.4128133] [Info   :LethalLevelLoader] supermarket.lethalbundle Loaded (156.23s)!
[20:39:05.1789203] [Debug  :PathfindingLib] Changed prefabbed NavMeshAgent DarkSpringMan's area mask from 0x0000061F to 0x0200061F to allow traversal of non-smart off-mesh links.
[20:39:05.1934462] [Info   :LethalLevelLoader] therubberrooms.lethalbundle Loaded (157.01s)!
[20:39:05.2163160] [Info   :LethalLevelLoader] spectralis.lethalbundle Loaded (157.03s)!
[20:39:05.3052834] [Warning: Unity Log] The referenced script on this Behaviour (Game Object '') is missing!
[20:39:05.3409140] [Warning: Unity Log] The referenced script on this Behaviour (Game Object '') is missing!
[20:39:05.3454208] [Warning: Unity Log] The referenced script on this Behaviour (Game Object '') is missing!
[20:39:05.4167831] [Warning: Unity Log] The referenced script on this Behaviour (Game Object 'DoorLockPickSound') is missing!
[20:39:05.4821685] [Warning: Unity Log] The referenced script on this Behaviour (Game Object '') is missing!
[20:39:05.7087115] [Info   :LethalLevelLoader] generic interiors tower.lethalbundle Loaded (157.53s)!
[20:39:05.9393017] [Info   :LethalLevelLoader] sanguine.lethalbundle Loaded (157.76s)!
[20:39:06.1640982] [Info   :LethalLevelLoader] spookymanor.lethalbundle Loaded (157.98s)!
[20:39:06.3791344] [Info   :LethalLevelLoader] zenit.lethalbundle Loaded (158.2s)!
[20:39:06.7415120] [Info   :LethalLevelLoader] generic interiors dr and ss.lethalbundle Loaded (158.56s)!
[20:39:08.1318534] [Info   :LethalLevelLoader] toystoreinterior.lethalbundle Loaded (159.95s)!
[20:39:08.1910121] [Info   :LethalLevelLoader] scoopycastle.lethalbundle Loaded (160.01s)!
[20:39:08.4668873] [Debug  :PathfindingLib] Changed prefabbed NavMeshAgent RadMechEnemy's area mask from 0x00002B9F to 0x02002B9F to allow traversal of non-smart off-mesh links.
[20:39:08.4688937] [Info   :LethalLevelLoader] junkrooms.lethalbundle Loaded (160.29s)!
[20:39:08.5930938] [Info   :LethalLevelLoader] circusfacility.lethalbundle Loaded (160.41s)!
[20:39:08.9094516] [Info   :LethalLevelLoader] bozoros.lethalbundle Loaded (160.73s)!
[20:39:09.0582641] [Debug  :PathfindingLib] Changed prefabbed NavMeshAgent RadMechEnemy's area mask from 0x00000B9F to 0x02000B9F to allow traversal of non-smart off-mesh links.
[20:39:09.0602635] [Info   :LethalLevelLoader] shatteredrooms.lethalbundle Loaded (160.88s)!
[20:39:09.0861119] [Info   :LethalLevelLoader] immersivescrapassets.lethalbundle Loaded (160.9s)!
[20:39:09.4614370] [Warning: Unity Log] The referenced script on this Behaviour (Game Object '') is missing!
[20:39:09.4688597] [Warning: Unity Log] The referenced script on this Behaviour (Game Object '') is missing!
[20:39:09.6283258] [Warning: Unity Log] The referenced script on this Behaviour (Game Object '') is missing!
[20:39:09.6551377] [Warning: Unity Log] The referenced script on this Behaviour (Game Object '') is missing!
[20:39:09.8178485] [Warning: Unity Log] The referenced script on this Behaviour (Game Object 'EntranceTeleportB') is missing!
[20:39:09.8199160] [Warning: Unity Log] The referenced script on this Behaviour (Game Object 'DoorLockPickSound') is missing!
[20:39:10.0157039] [Warning: Unity Log] The referenced script on this Behaviour (Game Object '') is missing!
[20:39:10.6541712] [Info   :LethalLevelLoader] generic interiors sh and br.lethalbundle Loaded (162.47s)!
[20:39:11.5183543] [Warning: Unity Log] The referenced script on this Behaviour (Game Object '') is missing!
[20:39:11.8398672] [Warning: Unity Log] The referenced script on this Behaviour (Game Object '') is missing!
[20:39:11.9001821] [Warning: Unity Log] The referenced script on this Behaviour (Game Object '') is missing!
[20:39:12.2582046] [Warning: Unity Log] The referenced script on this Behaviour (Game Object 'DoorLockPickSound') is missing!
[20:39:12.7081537] [Warning: Unity Log] The referenced script on this Behaviour (Game Object '') is missing!
[20:39:14.0381750] [Info   :LethalLevelLoader] generic interiors bunker.lethalbundle Loaded (165.86s)!
[20:39:15.2072145] [Debug  :PathfindingLib] Changed prefabbed NavMeshAgent RadMechEnemy's area mask from 0x0000039F to 0x0200039F to allow traversal of non-smart off-mesh links.
[20:39:15.2217704] [Info   :LethalLevelLoader] museuminterior.lethalbundle Loaded (167.04s)!
[20:39:15.6453654] [Info   :LethalLevelLoader] slaughterhouseinterior.lethalbundle Loaded (167.46s)!
[20:39:15.8549500] [Info   :LethalLevelLoader] greenhouseinterior.lethalbundle Loaded (167.67s)!
[20:39:16.0770607] [Warning: Unity Log] The referenced script (Spectre.Misc.ManualReflectionRenderer) on this Behaviour is missing!
[20:39:16.0770607] [Warning: Unity Log] The referenced script on this Behaviour (Game Object '') is missing!
[20:39:16.1867877] [Warning: Unity Log] The referenced script on this Behaviour (Game Object '') is missing!
[20:39:16.7732469] [Info   :LethalLevelLoader] boomsinterior.lethalbundle Loaded (168.59s)!
[20:39:16.7732469] [Info   :LethalLevelLoader] Finished Processing Bundles!
[20:39:16.7803499] [Info   :LethalLevelLoader] LethalBundleManger Recieved Group: Abaddonmoon.lethalbundle
[20:39:16.7803499] [Info   :LethalLevelLoader] Found ExtendedMod: ExtendedMod_Abaddon
[20:39:16.7818543] [Info   :LethalLevelLoader] LethalBundleManger Recieved Group: Cabalmoon.lethalbundle
[20:39:16.7833659] [Info   :LethalLevelLoader] Found ExtendedMod: ExtendedMod_CabalMoon
[20:39:16.7833659] [Info   :LethalLevelLoader] LethalBundleManger Recieved Group: Flickermoon.lethalbundle
[20:39:16.7833659] [Info   :LethalLevelLoader] Found ExtendedMod: ExtendedMod_Flicker
[20:39:16.7833659] [Info   :LethalLevelLoader] LethalBundleManger Recieved Group: Geminimoon.lethalbundle
[20:39:16.7833659] [Info   :LethalLevelLoader] Found ExtendedMod: GeminiMoon
[20:39:16.7843705] [Info   :LethalLevelLoader] LethalBundleManger Recieved Group: Lamentmoon.lethalbundle
[20:39:16.7843705] [Info   :LethalLevelLoader] Found ExtendedMod: ExtendedMod_Lament
[20:39:16.7843705] [Info   :LethalLevelLoader] LethalBundleManger Recieved Group: Pareidoliamoon.lethalbundle
[20:39:16.7843705] [Info   :LethalLevelLoader] Found ExtendedMod: ExtendedMod_Pareidolia
[20:39:16.7843705] [Info   :LethalLevelLoader] LethalBundleManger Recieved Group: Shuttermoon.lethalbundle
[20:39:16.7843705] [Info   :LethalLevelLoader] Found ExtendedMod: ExtendedMod_Shutter
[20:39:16.7843705] [Info   :LethalLevelLoader] LethalBundleManger Recieved Group: Vigilancemoon.lethalbundle
[20:39:16.7843705] [Info   :LethalLevelLoader] Found ExtendedMod: ExtendedMod_VigilanceMoon
[20:39:16.7843705] [Info   :LethalLevelLoader] LethalBundleManger Recieved Group: Egypt.lethalbundle
[20:39:16.7843705] [Info   :LethalLevelLoader] Found ExtendedMod: Egypt
[20:39:16.7853692] [Info   :LethalLevelLoader] LethalBundleManger Recieved Group: Arcadiamod.lethalbundle
[20:39:16.7853692] [Info   :LethalLevelLoader] Found ExtendedMod: ArcadiaMod
[20:39:16.7853692] [Info   :LethalLevelLoader] LethalBundleManger Recieved Group: Argent.lethalbundle
[20:39:16.7853692] [Info   :LethalLevelLoader] Found ExtendedMod: Argent
[20:39:16.7853692] [Info   :LethalLevelLoader] LethalBundleManger Recieved Group: Psychsanctum.lethalbundle
[20:39:16.7853692] [Info   :LethalLevelLoader] Found ExtendedMod: PsychSanctum
[20:39:16.7863696] [Info   :LethalLevelLoader] LethalBundleManger Recieved Group: Sanguine.lethalbundle
[20:39:16.7863696] [Info   :LethalLevelLoader] Found ExtendedMod: Sanguine
[20:39:16.7863696] [Info   :LethalLevelLoader] LethalBundleManger Recieved Group: Spectralis.lethalbundle
[20:39:16.7863696] [Info   :LethalLevelLoader] Found ExtendedMod: Spectralis
[20:39:16.7863696] [Info   :LethalLevelLoader] LethalBundleManger Recieved Group: Zenit.lethalbundle
[20:39:16.7863696] [Info   :LethalLevelLoader] Found ExtendedMod: Zenit
[20:39:16.7863696] [Info   :LethalLevelLoader] LethalBundleManger Recieved Group: Bozoros.lethalbundle
[20:39:16.7863696] [Info   :LethalLevelLoader] Found ExtendedMod: BozorosExtendedMod
[20:39:16.7893687] [Info   :LethalLevelLoader] LethalBundleManger Recieved Group: Deepmines.lethalbundle
[20:39:16.7913690] [Info   :LethalLevelLoader] Found ExtendedMod: BUNDLEME
[20:39:16.7923690] [Info   :LethalLevelLoader] LethalBundleManger Recieved Group: Liminalhouse.lethalbundle
[20:39:16.7938740] [Info   :LethalLevelLoader] Found ExtendedMod: ExtendedModHouse
[20:39:16.7948801] [Info   :LethalLevelLoader] LethalBundleManger Recieved Group: Storagecomplex.lethalbundle
[20:39:16.7973811] [Info   :LethalLevelLoader] Found ExtendedMod: ExtendedModComplex
[20:39:16.7993854] [Info   :LethalLevelLoader] LethalBundleManger Recieved Group: Supermarket.lethalbundle
[20:39:16.8205612] [Info   :LethalLevelLoader] Found ExtendedMod: extendedmodmarket
[20:39:16.8699154] [Info   :LethalLevelLoader] LethalBundleManger Recieved Group: Boomsinterior.lethalbundle
[20:39:16.8719164] [Info   :LethalLevelLoader] Found ExtendedMod: ExtendedMod
[20:39:16.8759699] [Info   :LethalLevelLoader] LethalBundleManger Recieved Group: Dungeon_abandonedfoundry.lethalbundle
[20:39:16.8769717] [Info   :LethalLevelLoader] Found ExtendedMod: ExtendedMod_DPF
[20:39:16.8769717] [Info   :LethalLevelLoader] LethalBundleManger Recieved Group: Dungeon_acf.lethalbundle
[20:39:16.8789712] [Info   :LethalLevelLoader] Found ExtendedMod: ExtendedMod_ResearchStation
[20:39:16.8799705] [Info   :LethalLevelLoader] LethalBundleManger Recieved Group: Dungeon_caverns.lethalbundle
[20:39:16.8799705] [Info   :LethalLevelLoader] Found ExtendedMod: ExtendedMod_SpelunkersParadise
[20:39:16.8809699] [Info   :LethalLevelLoader] LethalBundleManger Recieved Group: Dungeon_grayapartments.lethalbundle
[20:39:16.8819724] [Info   :LethalLevelLoader] Found ExtendedMod: ExtendedMod_GrayApps
[20:39:16.8819724] [Info   :LethalLevelLoader] LethalBundleManger Recieved Group: Dungeon_ravenmanor.lethalbundle
[20:39:16.8834757] [Info   :LethalLevelLoader] Found ExtendedMod: ExtendedMod_RavenManor
[20:39:16.8834757] [Info   :LethalLevelLoader] LethalBundleManger Recieved Group: Dungeon_studio.lethalbundle
[20:39:16.8834757] [Info   :LethalLevelLoader] Found ExtendedMod: ExtendedMod_Studio
[20:39:16.8844800] [Info   :LethalLevelLoader] LethalBundleManger Recieved Group: Dungeon_subsystem.lethalbundle
[20:39:16.8854806] [Info   :LethalLevelLoader] Found ExtendedMod: ExtendedMod_SubSystem
[20:39:16.8864801] [Info   :LethalLevelLoader] LethalBundleManger Recieved Group: 1load bearing awesome doohickey blaster.lethalbundle
[20:39:16.8864801] [Info   :LethalLevelLoader] Found ExtendedMod: The awesome doohickey blaster em
[20:39:16.8864801] [Info   :LethalLevelLoader] LethalBundleManger Recieved Group: Generic interiors bunker.lethalbundle
[20:39:16.9150770] [Info   :LethalLevelLoader] Found ExtendedMod: Bunker Interior EM
[20:39:16.9643633] [Info   :LethalLevelLoader] LethalBundleManger Recieved Group: Generic interiors dr and ss.lethalbundle
[20:39:16.9653641] [Info   :LethalLevelLoader] Found ExtendedMod: DR and SS Interior EM
[20:39:16.9663641] [Info   :LethalLevelLoader] LethalBundleManger Recieved Group: Generic interiors sh and br.lethalbundle
[20:39:16.9759806] [Info   :LethalLevelLoader] Found ExtendedMod: SH and BR Interior EM
[20:39:16.9905078] [Info   :LethalLevelLoader] LethalBundleManger Recieved Group: Generic interiors tower.lethalbundle
[20:39:16.9920108] [Info   :LethalLevelLoader] Found ExtendedMod: Tower Interior EM
[20:39:16.9935227] [Info   :LethalLevelLoader] LethalBundleManger Recieved Group: Generic scrap bunker crowbar.lethalbundle
[20:39:16.9935227] [Info   :LethalLevelLoader] Found ExtendedMod: Light Crowbar EM
[20:39:16.9935227] [Info   :LethalLevelLoader] LethalBundleManger Recieved Group: Generic scrap bunker general.lethalbundle
[20:39:16.9935227] [Info   :LethalLevelLoader] Found ExtendedMod: Bunker Scrap EM
[20:39:16.9935227] [Info   :LethalLevelLoader] LethalBundleManger Recieved Group: Generic scrap bunker impact grenade.lethalbundle
[20:39:16.9935227] [Info   :LethalLevelLoader] Found ExtendedMod: ImpactGrenadeEM
[20:39:16.9935227] [Info   :LethalLevelLoader] LethalBundleManger Recieved Group: Generic scrap bunker jammer.lethalbundle
[20:39:16.9935227] [Info   :LethalLevelLoader] Found ExtendedMod: JammerEM
[20:39:16.9935227] [Info   :LethalLevelLoader] LethalBundleManger Recieved Group: Generic scrap bunker military shotgun.lethalbundle
[20:39:16.9935227] [Info   :LethalLevelLoader] Found ExtendedMod: LongShotgunEM
[20:39:16.9935227] [Info   :LethalLevelLoader] LethalBundleManger Recieved Group: Generic scrap bunker single shotgun.lethalbundle
[20:39:16.9935227] [Info   :LethalLevelLoader] Found ExtendedMod: SingleBarrelEM
[20:39:16.9935227] [Info   :LethalLevelLoader] LethalBundleManger Recieved Group: Generic scrap tower elevator key.lethalbundle
[20:39:16.9935227] [Info   :LethalLevelLoader] Found ExtendedMod: Tower Scrap EM
[20:39:16.9935227] [Info   :LethalLevelLoader] LethalBundleManger Recieved Group: Jll config generic interiors.lethalbundle
[20:39:16.9945295] [Info   :LethalLevelLoader] LethalBundleManger Recieved Group: Atlanticdungeoninterior.lethalbundle
[20:39:16.9965295] [Info   :LethalLevelLoader] Found ExtendedMod: AquaticDungeonMod
[20:39:17.0020372] [Info   :dev.ladyalice.dungenplus] Added DunGenExtender asset for AquaticDungeonFlow
[20:39:17.0020372] [Info   :LethalLevelLoader] LethalBundleManger Recieved Group: Expandedfacility.lethalbundle
[20:39:17.0020372] [Info   :LethalLevelLoader] Found ExtendedMod: ExpandedFacilityMod
[20:39:17.0020372] [Info   :LethalLevelLoader] LethalBundleManger Recieved Group: Extendedmineshaft.lethalbundle
[20:39:17.0035414] [Info   :LethalLevelLoader] Found ExtendedMod: ExtendedMineshaftMod
[20:39:17.0035414] [Info   :LethalLevelLoader] LethalBundleManger Recieved Group: Fracturedcomplex.lethalbundle
[20:39:17.0045480] [Info   :LethalLevelLoader] Found ExtendedMod: FracturedComplexMod
[20:39:17.0055469] [Info   :LethalLevelLoader] LethalBundleManger Recieved Group: Grandarmoryinterior.lethalbundle
[20:39:17.0100541] [Info   :LethalLevelLoader] Found ExtendedMod: GrandArmoryMod
[20:39:17.0135770] [Info   :LethalLevelLoader] LethalBundleManger Recieved Group: Greenhouseinterior.lethalbundle
[20:39:17.0165830] [Info   :LethalLevelLoader] Found ExtendedMod: GreenhouseMod
[20:39:17.0185818] [Info   :LethalLevelLoader] LethalBundleManger Recieved Group: Museuminterior.lethalbundle
[20:39:17.0346675] [Info   :LethalLevelLoader] Found ExtendedMod: MuseumInteriorMod
[20:39:17.0503461] [Info   :LethalLevelLoader] LethalBundleManger Recieved Group: Sewers.lethalbundle
[20:39:17.0503461] [Info   :LethalLevelLoader] Found ExtendedMod: DeepSewersMod
[20:39:17.0513465] [Info   :LethalLevelLoader] LethalBundleManger Recieved Group: Spookymanor.lethalbundle
[20:39:17.0523470] [Info   :LethalLevelLoader] Found ExtendedMod: SpookyManorMod
[20:39:17.0523470] [Info   :LethalLevelLoader] LethalBundleManger Recieved Group: Storeinterior.lethalbundle
[20:39:17.0558522] [Info   :LethalLevelLoader] Found ExtendedMod: StoreMod
[20:39:17.0588516] [Info   :LethalLevelLoader] LethalBundleManger Recieved Group: Therubberrooms.lethalbundle
[20:39:17.0639329] [Info   :LethalLevelLoader] Found ExtendedMod: TheRubberRoomMod
[20:39:17.0699385] [Info   :LethalLevelLoader] LethalBundleManger Recieved Group: Toystoreinterior.lethalbundle
[20:39:17.0874662] [Info   :LethalLevelLoader] Found ExtendedMod: ToyStoreMod
[20:39:17.1055315] [Info   :LethalLevelLoader] LethalBundleManger Recieved Group: Enemyvariants.lethalbundle
[20:39:17.1055315] [Info   :LethalLevelLoader] Found ExtendedMod: HangedGirlExtendedMod
[20:39:17.1055315] [Info   :LethalLevelLoader] LethalBundleManger Recieved Group: Enemyvariantsp2.lethalbundle
[20:39:17.1055315] [Info   :LethalLevelLoader] Found ExtendedMod: EnemyVariantsMod
[20:39:17.1055315] [Info   :LethalLevelLoader] LethalBundleManger Recieved Group: Junkrooms.lethalbundle
[20:39:17.1075330] [Info   :LethalLevelLoader] Found ExtendedMod: ExtendedMod
[20:39:17.1085333] [Warning:dev.ladyalice.dungenplus] .lethalbundle does not contain any ExtendedContent. Unless you are manually creating and adding your ExtendedDungeonFlow with code, the DunGenExtender will probably not work.
[20:39:17.1085333] [Info   :dev.ladyalice.dungenplus] Added DunGenExtender asset for junkrooms
[20:39:17.1085333] [Info   :LethalLevelLoader] LethalBundleManger Recieved Group: Shatteredrooms.lethalbundle
[20:39:17.1110425] [Info   :dev.ladyalice.dungenplus] Added DunGenExtender asset for shatteredrooms
[20:39:17.1110425] [Info   :LethalLevelLoader] LethalBundleManger Recieved Group: Scoopycastle.lethalbundle
[20:39:17.1115471] [Info   :LethalLevelLoader] Found ExtendedMod: ScoopyCastle
[20:39:17.1115471] [Warning:dev.ladyalice.dungenplus] .lethalbundle does not contain any ExtendedContent. Unless you are manually creating and adding your ExtendedDungeonFlow with code, the DunGenExtender will probably not work.
[20:39:17.1115471] [Info   :dev.ladyalice.dungenplus] Added DunGenExtender asset for CastleFlow
[20:39:17.1115471] [Info   :LethalLevelLoader] LethalBundleManger Recieved Group: Circusfacility.lethalbundle
[20:39:17.1125521] [Info   :LethalLevelLoader] Found ExtendedMod: CircusFacilityExtendedMod
[20:39:17.1125521] [Info   :LethalLevelLoader] LethalBundleManger Recieved Group: Slaughterhouseinterior.lethalbundle
[20:39:17.1153525] [Info   :LethalLevelLoader] Found ExtendedMod: SlaughterhouseMod
[20:39:17.1183568] [Info   :LethalLevelLoader] LethalBundleManger Recieved Group: Immersivescrapassets.lethalbundle
[20:39:17.1183568] [Info   :LethalLevelLoader] Found ExtendedMod: ImmersiveScrapsExtendedMod
[20:39:17.1183568] [Info   :ImmersiveScrap] immersivescrapassets.lethalbundle (UnityEngine.AssetBundle)
[20:39:17.1724825] [Warning: Unity Log] The referenced script (BrutalCompanyMinus.Minus.MonoBehaviours.ButlerSword) on this Behaviour is missing!
[20:39:17.1753252] [Warning: Unity Log] The referenced script on this Behaviour (Game Object 'ButlerSword') is missing!
[20:39:17.2717521] [Debug  :PathfindingLib] Changed prefabbed NavMeshAgent NutSlayerEnemy's area mask from 0x000000DF to 0x020000DF to allow traversal of non-smart off-mesh links.
[20:39:17.2717521] [Debug  :PathfindingLib] Changed prefabbed NavMeshAgent KamikazieBugEnemy's area mask from 0xFFFFFFFF to 0xFFFFFFFF to allow traversal of non-smart off-mesh links.
[20:39:17.2717521] [Debug  :PathfindingLib] Changed prefabbed NavMeshAgent AntiCoilHeadEnemy's area mask from 0x0000001F to 0x0200001F to allow traversal of non-smart off-mesh links.
[20:39:17.2895577] [Warning: Unity Log] The referenced script on this Behaviour (Game Object '<null>') is missing!
[20:39:17.2905573] [Warning: Unity Log] The referenced script on this Behaviour (Game Object '<null>') is missing!
[20:39:17.2905573] [Warning: Unity Log] The referenced script on this Behaviour (Game Object '<null>') is missing!
[20:39:17.2905573] [Warning: Unity Log] The referenced script on this Behaviour (Game Object '<null>') is missing!
[20:39:17.5578510] [Debug  :PathfindingLib] Changed prefabbed NavMeshAgent Cat's area mask from 0xFFFFFFFF to 0xFFFFFFFF to allow traversal of non-smart off-mesh links.
[20:39:17.5708654] [Warning: Unity Log] The referenced script on this Behaviour (Game Object '<null>') is missing!
[20:39:17.5708654] [Warning: Unity Log] The referenced script on this Behaviour (Game Object '<null>') is missing!
[20:39:17.5708654] [Warning: Unity Log] The referenced script on this Behaviour (Game Object '<null>') is missing!
[20:39:17.5708654] [Warning: Unity Log] The referenced script on this Behaviour (Game Object '<null>') is missing!
[20:39:17.5708654] [Warning: Unity Log] The referenced script on this Behaviour (Game Object '<null>') is missing!
[20:39:17.5708654] [Warning: Unity Log] The referenced script on this Behaviour (Game Object '<null>') is missing!
[20:39:17.5708654] [Warning: Unity Log] The referenced script on this Behaviour (Game Object '<null>') is missing!
[20:39:17.5708654] [Warning: Unity Log] The referenced script on this Behaviour (Game Object '<null>') is missing!
[20:39:17.5708654] [Warning: Unity Log] The referenced script on this Behaviour (Game Object '<null>') is missing!
[20:39:17.5708654] [Warning: Unity Log] The referenced script on this Behaviour (Game Object '<null>') is missing!
[20:39:17.5708654] [Warning: Unity Log] The referenced script on this Behaviour (Game Object '<null>') is missing!
[20:39:17.5708654] [Warning: Unity Log] The referenced script on this Behaviour (Game Object '<null>') is missing!
[20:39:17.5708654] [Warning: Unity Log] The referenced script on this Behaviour (Game Object '<null>') is missing!
[20:39:17.5708654] [Warning: Unity Log] The referenced script on this Behaviour (Game Object '<null>') is missing!
[20:39:17.5818799] [Info   :JacobG5.JLL] [User] Successfully Registered 18 JLLMods and 0 LevelPropertyOverrides.
[20:39:17.5843876] [Info   :rectorado.JKConfig] Applying configs for 6 JKConfig files
[20:39:17.5883864] [Info   :rectorado.JKConfig] Applied 0: C:\Users\Milan\AppData\Roaming\com.kesomannen.gale\lethal-company\profiles\LC V1 S1.42AJ-DIAG1 LC Office Diagnostic\BepInEx\config\JKConfig\GenericGMD.GI Military Shotgun.cfg
[20:39:17.5883864] [Info   :rectorado.JKConfig] Applied 0: C:\Users\Milan\AppData\Roaming\com.kesomannen.gale\lethal-company\profiles\LC V1 S1.42AJ-DIAG1 LC Office Diagnostic\BepInEx\config\JKConfig\GenericGMD.GI Jammer.cfg
[20:39:17.5883864] [Info   :rectorado.JKConfig] Applied 0: C:\Users\Milan\AppData\Roaming\com.kesomannen.gale\lethal-company\profiles\LC V1 S1.42AJ-DIAG1 LC Office Diagnostic\BepInEx\config\JKConfig\GenericGMD.GI Impact Flash.cfg
[20:39:17.5898898] [Info   :rectorado.JKConfig] Applied 0: C:\Users\Milan\AppData\Roaming\com.kesomannen.gale\lethal-company\profiles\LC V1 S1.42AJ-DIAG1 LC Office Diagnostic\BepInEx\config\JKConfig\GenericGMD.GI Bunker Scrap.cfg
[20:39:17.5908948] [Info   :rectorado.JKConfig] Applied 0: C:\Users\Milan\AppData\Roaming\com.kesomannen.gale\lethal-company\profiles\LC V1 S1.42AJ-DIAG1 LC Office Diagnostic\BepInEx\config\JKConfig\GenericGMD.GI Single Barrel.cfg
[20:39:17.5918948] [Info   :rectorado.JKConfig] Applied 0: C:\Users\Milan\AppData\Roaming\com.kesomannen.gale\lethal-company\profiles\LC V1 S1.42AJ-DIAG1 LC Office Diagnostic\BepInEx\config\JKConfig\GenericGMD.GI Light Crowbar.cfg
[20:39:17.5918948] [Info   :LethalLevelLoader] LethalBundleManger Finished Requested Load
[20:39:17.5964645] [Info   :ImmersiveScrap] Registered spawn rate for Vanilla to 20
[20:39:17.5964645] [Info   :ImmersiveScrap] Registered spawn rate for Custom to 20
[20:39:17.5964645] [Info   :ImmersiveScrap] Updated matching properties for AlcoholFlaskItem (Item).
[20:39:17.5964645] [Info   :ImmersiveScrap] Registered spawn rate for Vanilla to 20
[20:39:17.5964645] [Info   :ImmersiveScrap] Registered spawn rate for Custom to 20
[20:39:17.5964645] [Info   :ImmersiveScrap] Updated matching properties for AnvilItem (Item).
[20:39:17.5964645] [Info   :ImmersiveScrap] Registered spawn rate for Vanilla to 20
[20:39:17.5964645] [Info   :ImmersiveScrap] Registered spawn rate for Custom to 20
[20:39:17.5964645] [Info   :ImmersiveScrap] Updated matching properties for BaseballbatItem (Item).
[20:39:17.5964645] [Info   :ImmersiveScrap] Registered spawn rate for Vanilla to 20
[20:39:17.5964645] [Info   :ImmersiveScrap] Registered spawn rate for Custom to 20
[20:39:17.5964645] [Info   :ImmersiveScrap] Updated matching properties for BeercanItem (Item).
[20:39:17.5964645] [Info   :ImmersiveScrap] Registered spawn rate for Vanilla to 20
[20:39:17.5964645] [Info   :ImmersiveScrap] Registered spawn rate for Custom to 20
[20:39:17.5964645] [Info   :ImmersiveScrap] Updated matching properties for BrickItem (Item).
[20:39:17.5964645] [Info   :ImmersiveScrap] Registered spawn rate for Vanilla to 20
[20:39:17.5964645] [Info   :ImmersiveScrap] Registered spawn rate for Custom to 20
[20:39:17.5964645] [Info   :ImmersiveScrap] Updated matching properties for BrokenengineItem (Item).
[20:39:17.5964645] [Info   :ImmersiveScrap] Registered spawn rate for Vanilla to 20
[20:39:17.5964645] [Info   :ImmersiveScrap] Registered spawn rate for Custom to 20
[20:39:17.5964645] [Info   :ImmersiveScrap] Updated matching properties for BucketItem (Item).
[20:39:17.5964645] [Info   :ImmersiveScrap] Registered spawn rate for Vanilla to 20
[20:39:17.5964645] [Info   :ImmersiveScrap] Registered spawn rate for Custom to 20
[20:39:17.5964645] [Info   :ImmersiveScrap] Updated matching properties for CanpaintItem (Item).
[20:39:17.5964645] [Info   :ImmersiveScrap] Registered spawn rate for Vanilla to 20
[20:39:17.5964645] [Info   :ImmersiveScrap] Registered spawn rate for Custom to 20
[20:39:17.5964645] [Info   :ImmersiveScrap] Updated matching properties for CanteenItem (Item).
[20:39:17.5964645] [Info   :ImmersiveScrap] Registered spawn rate for Vanilla to 20
[20:39:17.5964645] [Info   :ImmersiveScrap] Registered spawn rate for Custom to 20
[20:39:17.5974639] [Info   :ImmersiveScrap] Updated matching properties for CarbatteryItem (Item).
[20:39:17.5974639] [Info   :ImmersiveScrap] Registered spawn rate for Vanilla to 20
[20:39:17.5974639] [Info   :ImmersiveScrap] Registered spawn rate for Custom to 20
[20:39:17.5974639] [Info   :ImmersiveScrap] Updated matching properties for ClampItem (Item).
[20:39:17.5974639] [Info   :ImmersiveScrap] Registered spawn rate for Vanilla to 20
[20:39:17.5974639] [Info   :ImmersiveScrap] Registered spawn rate for Custom to 20
[20:39:17.5974639] [Info   :ImmersiveScrap] Updated matching properties for ClockItem (Item).
[20:39:17.5974639] [Info   :ImmersiveScrap] Registered spawn rate for Vanilla to 20
[20:39:17.5974639] [Info   :ImmersiveScrap] Registered spawn rate for Custom to 20
[20:39:17.5974639] [Info   :ImmersiveScrap] Updated matching properties for FancyPaintingItem (Item).
[20:39:17.5974639] [Info   :ImmersiveScrap] Registered spawn rate for Vanilla to 20
[20:39:17.5974639] [Info   :ImmersiveScrap] Registered spawn rate for Custom to 20
[20:39:17.5974639] [Info   :ImmersiveScrap] Updated matching properties for FanItem (Item).
[20:39:17.5974639] [Info   :ImmersiveScrap] Registered spawn rate for Vanilla to 20
[20:39:17.5974639] [Info   :ImmersiveScrap] Registered spawn rate for Custom to 20
[20:39:17.5974639] [Info   :ImmersiveScrap] Updated matching properties for FireaxeItem (Item).
[20:39:17.5974639] [Info   :ImmersiveScrap] Registered spawn rate for Vanilla to 20
[20:39:17.5974639] [Info   :ImmersiveScrap] Registered spawn rate for Custom to 20
[20:39:17.5974639] [Info   :ImmersiveScrap] Updated matching properties for FireextinguisherItem (Item).
[20:39:17.5974639] [Info   :ImmersiveScrap] Registered spawn rate for Vanilla to 20
[20:39:17.5974639] [Info   :ImmersiveScrap] Registered spawn rate for Custom to 20
[20:39:17.5974639] [Info   :ImmersiveScrap] Updated matching properties for FirehydrantItem (Item).
[20:39:17.5974639] [Info   :ImmersiveScrap] Registered spawn rate for Vanilla to 20
[20:39:17.5974639] [Info   :ImmersiveScrap] Registered spawn rate for Custom to 20
[20:39:17.5974639] [Info   :ImmersiveScrap] Updated matching properties for FoodcanItem (Item).
[20:39:17.5974639] [Info   :ImmersiveScrap] Registered spawn rate for Vanilla to 20
[20:39:17.5974639] [Info   :ImmersiveScrap] Registered spawn rate for Custom to 20
[20:39:17.5974639] [Info   :ImmersiveScrap] Updated matching properties for GameboyItem (Item).
[20:39:17.5974639] [Info   :ImmersiveScrap] Registered spawn rate for Vanilla to 20
[20:39:17.5974639] [Info   :ImmersiveScrap] Registered spawn rate for Custom to 20
[20:39:17.5974639] [Info   :ImmersiveScrap] Updated matching properties for GarbageItem (Item).
[20:39:17.5974639] [Info   :ImmersiveScrap] Registered spawn rate for Vanilla to 20
[20:39:17.5974639] [Info   :ImmersiveScrap] Registered spawn rate for Custom to 20
[20:39:17.5974639] [Info   :ImmersiveScrap] Updated matching properties for HammerItem (Item).
[20:39:17.5974639] [Info   :ImmersiveScrap] Registered spawn rate for Vanilla to 20
[20:39:17.5974639] [Info   :ImmersiveScrap] Registered spawn rate for Custom to 20
[20:39:17.5974639] [Info   :ImmersiveScrap] Updated matching properties for JerrycanItem (Item).
[20:39:17.5974639] [Info   :ImmersiveScrap] Registered spawn rate for Vanilla to 20
[20:39:17.5974639] [Info   :ImmersiveScrap] Registered spawn rate for Custom to 20
[20:39:17.5974639] [Info   :ImmersiveScrap] Updated matching properties for KeyboardItem (Item).
[20:39:17.5974639] [Info   :ImmersiveScrap] Registered spawn rate for Vanilla to 20
[20:39:17.5974639] [Info   :ImmersiveScrap] Registered spawn rate for Custom to 20
[20:39:17.5974639] [Info   :ImmersiveScrap] Updated matching properties for LanternItem (Item).
[20:39:17.5974639] [Info   :ImmersiveScrap] Registered spawn rate for Vanilla to 20
[20:39:17.5974639] [Info   :ImmersiveScrap] Registered spawn rate for Custom to 20
[20:39:17.5974639] [Info   :ImmersiveScrap] Updated matching properties for LibrarylampItem (Item).
[20:39:17.5974639] [Info   :ImmersiveScrap] Registered spawn rate for Vanilla to 20
[20:39:17.5974639] [Info   :ImmersiveScrap] Registered spawn rate for Custom to 20
[20:39:17.5974639] [Info   :ImmersiveScrap] Updated matching properties for PlantItem (Item).
[20:39:17.5974639] [Info   :ImmersiveScrap] Registered spawn rate for Vanilla to 20
[20:39:17.5974639] [Info   :ImmersiveScrap] Registered spawn rate for Custom to 20
[20:39:17.5974639] [Info   :ImmersiveScrap] Updated matching properties for PliersItem (Item).
[20:39:17.5974639] [Info   :ImmersiveScrap] Registered spawn rate for Vanilla to 20
[20:39:17.5974639] [Info   :ImmersiveScrap] Registered spawn rate for Custom to 20
[20:39:17.5974639] [Info   :ImmersiveScrap] Updated matching properties for PlungerItem (Item).
[20:39:17.5974639] [Info   :ImmersiveScrap] Registered spawn rate for Vanilla to 20
[20:39:17.5974639] [Info   :ImmersiveScrap] Registered spawn rate for Custom to 20
[20:39:17.5974639] [Info   :ImmersiveScrap] Updated matching properties for RetroToyItem (Item).
[20:39:17.5974639] [Info   :ImmersiveScrap] Registered spawn rate for Vanilla to 20
[20:39:17.5974639] [Info   :ImmersiveScrap] Registered spawn rate for Custom to 20
[20:39:17.5974639] [Info   :ImmersiveScrap] Updated matching properties for ScrewdriverItem (Item).
[20:39:17.5974639] [Info   :ImmersiveScrap] Registered spawn rate for Vanilla to 20
[20:39:17.5974639] [Info   :ImmersiveScrap] Registered spawn rate for Custom to 20
[20:39:17.5974639] [Info   :ImmersiveScrap] Updated matching properties for SinkItem (Item).
[20:39:17.5974639] [Info   :ImmersiveScrap] Registered spawn rate for Vanilla to 20
[20:39:17.5974639] [Info   :ImmersiveScrap] Registered spawn rate for Custom to 20
[20:39:17.5974639] [Info   :ImmersiveScrap] Updated matching properties for SocketWrenchItem (Item).
[20:39:17.5974639] [Info   :ImmersiveScrap] Registered spawn rate for Vanilla to 20
[20:39:17.5974639] [Info   :ImmersiveScrap] Registered spawn rate for Custom to 20
[20:39:17.5974639] [Info   :ImmersiveScrap] Updated matching properties for SqueakytoyItem (Item).
[20:39:17.5974639] [Info   :ImmersiveScrap] Registered spawn rate for Vanilla to 20
[20:39:17.5974639] [Info   :ImmersiveScrap] Registered spawn rate for Custom to 20
[20:39:17.5974639] [Info   :ImmersiveScrap] Updated matching properties for SuitcaseItem (Item).
[20:39:17.5974639] [Info   :ImmersiveScrap] Registered spawn rate for Vanilla to 20
[20:39:17.5974639] [Info   :ImmersiveScrap] Registered spawn rate for Custom to 20
[20:39:17.5974639] [Info   :ImmersiveScrap] Updated matching properties for ToasterItem (Item).
[20:39:17.5974639] [Info   :ImmersiveScrap] Registered spawn rate for Vanilla to 20
[20:39:17.5974639] [Info   :ImmersiveScrap] Registered spawn rate for Custom to 20
[20:39:17.5974639] [Info   :ImmersiveScrap] Updated matching properties for ToolboxItem (Item).
[20:39:17.5974639] [Info   :ImmersiveScrap] Registered spawn rate for Vanilla to 20
[20:39:17.5974639] [Info   :ImmersiveScrap] Registered spawn rate for Custom to 20
[20:39:17.5974639] [Info   :ImmersiveScrap] Updated matching properties for TophatItem (Item).
[20:39:17.5974639] [Info   :ImmersiveScrap] Registered spawn rate for Vanilla to 20
[20:39:17.5974639] [Info   :ImmersiveScrap] Registered spawn rate for Custom to 20
[20:39:17.5974639] [Info   :ImmersiveScrap] Updated matching properties for TrafficconeItem (Item).
[20:39:17.5974639] [Info   :ImmersiveScrap] Registered spawn rate for Vanilla to 20
[20:39:17.5974639] [Info   :ImmersiveScrap] Registered spawn rate for Custom to 20
[20:39:17.5974639] [Info   :ImmersiveScrap] Updated matching properties for VentItem (Item).
[20:39:17.5974639] [Info   :ImmersiveScrap] Registered spawn rate for Vanilla to 20
[20:39:17.5974639] [Info   :ImmersiveScrap] Registered spawn rate for Custom to 20
[20:39:17.5974639] [Info   :ImmersiveScrap] Updated matching properties for WateringCanItem (Item).
[20:39:17.5974639] [Info   :ImmersiveScrap] Registered spawn rate for Vanilla to 20
[20:39:17.5974639] [Info   :ImmersiveScrap] Registered spawn rate for Custom to 20
[20:39:17.5974639] [Info   :ImmersiveScrap] Updated matching properties for WheelItem (Item).
[20:39:17.5974639] [Info   :ImmersiveScrap] Registered spawn rate for Vanilla to 20
[20:39:17.5974639] [Info   :ImmersiveScrap] Registered spawn rate for Custom to 20
[20:39:17.5974639] [Info   :ImmersiveScrap] Updated matching properties for WinebottleItem (Item).
[20:39:17.5974639] [Info   :ImmersiveScrap] Registered spawn rate for Vanilla to 20
[20:39:17.5974639] [Info   :ImmersiveScrap] Registered spawn rate for Custom to 20
[20:39:17.5974639] [Info   :ImmersiveScrap] Updated matching properties for WrenchItem (Item).
[20:39:17.5974639] [Info   :ImmersiveScrap] Registered spawn rate for Vanilla to 20
[20:39:17.5974639] [Info   :ImmersiveScrap] Registered spawn rate for Custom to 20
[20:39:17.5974639] [Info   :ImmersiveScrap] Updated matching properties for AlcoholFlaskItem (Item).
[20:39:17.5974639] [Info   :ImmersiveScrap] Registered spawn rate for Vanilla to 20
[20:39:17.5974639] [Info   :ImmersiveScrap] Registered spawn rate for Custom to 20
[20:39:17.5974639] [Info   :ImmersiveScrap] Updated matching properties for AnvilItem (Item).
[20:39:17.5974639] [Info   :ImmersiveScrap] Registered spawn rate for Vanilla to 20
[20:39:17.5974639] [Info   :ImmersiveScrap] Registered spawn rate for Custom to 20
[20:39:17.5974639] [Info   :ImmersiveScrap] Updated matching properties for BaseballbatItem (Item).
[20:39:17.5974639] [Info   :ImmersiveScrap] Registered spawn rate for Vanilla to 20
[20:39:17.5974639] [Info   :ImmersiveScrap] Registered spawn rate for Custom to 20
[20:39:17.5974639] [Info   :ImmersiveScrap] Updated matching properties for BeercanItem (Item).
[20:39:17.5974639] [Info   :ImmersiveScrap] Registered spawn rate for Vanilla to 20
[20:39:17.5974639] [Info   :ImmersiveScrap] Registered spawn rate for Custom to 20
[20:39:17.5974639] [Info   :ImmersiveScrap] Updated matching properties for BrickItem (Item).
[20:39:17.5974639] [Info   :ImmersiveScrap] Registered spawn rate for Vanilla to 20
[20:39:17.5974639] [Info   :ImmersiveScrap] Registered spawn rate for Custom to 20
[20:39:17.5974639] [Info   :ImmersiveScrap] Updated matching properties for BrokenengineItem (Item).
[20:39:17.5974639] [Info   :ImmersiveScrap] Registered spawn rate for Vanilla to 20
[20:39:17.5974639] [Info   :ImmersiveScrap] Registered spawn rate for Custom to 20
[20:39:17.5974639] [Info   :ImmersiveScrap] Updated matching properties for BucketItem (Item).
[20:39:17.5974639] [Info   :ImmersiveScrap] Registered spawn rate for Vanilla to 20
[20:39:17.5974639] [Info   :ImmersiveScrap] Registered spawn rate for Custom to 20
[20:39:17.5974639] [Info   :ImmersiveScrap] Updated matching properties for CanpaintItem (Item).
[20:39:17.5974639] [Info   :ImmersiveScrap] Registered spawn rate for Vanilla to 20
[20:39:17.5974639] [Info   :ImmersiveScrap] Registered spawn rate for Custom to 20
[20:39:17.5974639] [Info   :ImmersiveScrap] Updated matching properties for CanteenItem (Item).
[20:39:17.5974639] [Info   :ImmersiveScrap] Registered spawn rate for Vanilla to 20
[20:39:17.5974639] [Info   :ImmersiveScrap] Registered spawn rate for Custom to 20
[20:39:17.5974639] [Info   :ImmersiveScrap] Updated matching properties for CarbatteryItem (Item).
[20:39:17.5974639] [Info   :ImmersiveScrap] Registered spawn rate for Vanilla to 20
[20:39:17.5974639] [Info   :ImmersiveScrap] Registered spawn rate for Custom to 20
[20:39:17.5974639] [Info   :ImmersiveScrap] Updated matching properties for ClampItem (Item).
[20:39:17.5974639] [Info   :ImmersiveScrap] Registered spawn rate for Vanilla to 20
[20:39:17.5974639] [Info   :ImmersiveScrap] Registered spawn rate for Custom to 20
[20:39:17.5974639] [Info   :ImmersiveScrap] Updated matching properties for ClockItem (Item).
[20:39:17.5974639] [Info   :ImmersiveScrap] Registered spawn rate for Vanilla to 20
[20:39:17.5974639] [Info   :ImmersiveScrap] Registered spawn rate for Custom to 20
[20:39:17.5974639] [Info   :ImmersiveScrap] Updated matching properties for FancyPaintingItem (Item).
[20:39:17.5974639] [Info   :ImmersiveScrap] Registered spawn rate for Vanilla to 20
[20:39:17.5974639] [Info   :ImmersiveScrap] Registered spawn rate for Custom to 20
[20:39:17.5974639] [Info   :ImmersiveScrap] Updated matching properties for FanItem (Item).
[20:39:17.5974639] [Info   :ImmersiveScrap] Registered spawn rate for Vanilla to 20
[20:39:17.5974639] [Info   :ImmersiveScrap] Registered spawn rate for Custom to 20
[20:39:17.5984636] [Info   :ImmersiveScrap] Updated matching properties for FireaxeItem (Item).
[20:39:17.5984636] [Info   :ImmersiveScrap] Registered spawn rate for Vanilla to 20
[20:39:17.5984636] [Info   :ImmersiveScrap] Registered spawn rate for Custom to 20
[20:39:17.5984636] [Info   :ImmersiveScrap] Updated matching properties for FireextinguisherItem (Item).
[20:39:17.5984636] [Info   :ImmersiveScrap] Registered spawn rate for Vanilla to 20
[20:39:17.5984636] [Info   :ImmersiveScrap] Registered spawn rate for Custom to 20
[20:39:17.5984636] [Info   :ImmersiveScrap] Updated matching properties for FirehydrantItem (Item).
[20:39:17.5984636] [Info   :ImmersiveScrap] Registered spawn rate for Vanilla to 20
[20:39:17.5984636] [Info   :ImmersiveScrap] Registered spawn rate for Custom to 20
[20:39:17.5984636] [Info   :ImmersiveScrap] Updated matching properties for FoodcanItem (Item).
[20:39:17.5984636] [Info   :ImmersiveScrap] Registered spawn rate for Vanilla to 20
[20:39:17.5984636] [Info   :ImmersiveScrap] Registered spawn rate for Custom to 20
[20:39:17.5984636] [Info   :ImmersiveScrap] Updated matching properties for GameboyItem (Item).
[20:39:17.5984636] [Info   :ImmersiveScrap] Registered spawn rate for Vanilla to 20
[20:39:17.5984636] [Info   :ImmersiveScrap] Registered spawn rate for Custom to 20
[20:39:17.5984636] [Info   :ImmersiveScrap] Updated matching properties for GarbageItem (Item).
[20:39:17.5984636] [Info   :ImmersiveScrap] Registered spawn rate for Vanilla to 20
[20:39:17.5984636] [Info   :ImmersiveScrap] Registered spawn rate for Custom to 20
[20:39:17.5984636] [Info   :ImmersiveScrap] Updated matching properties for HammerItem (Item).
[20:39:17.5984636] [Info   :ImmersiveScrap] Registered spawn rate for Vanilla to 20
[20:39:17.5984636] [Info   :ImmersiveScrap] Registered spawn rate for Custom to 20
[20:39:17.5984636] [Info   :ImmersiveScrap] Updated matching properties for JerrycanItem (Item).
[20:39:17.5984636] [Info   :ImmersiveScrap] Registered spawn rate for Vanilla to 20
[20:39:17.5984636] [Info   :ImmersiveScrap] Registered spawn rate for Custom to 20
[20:39:17.5984636] [Info   :ImmersiveScrap] Updated matching properties for KeyboardItem (Item).
[20:39:17.5984636] [Info   :ImmersiveScrap] Registered spawn rate for Vanilla to 20
[20:39:17.5984636] [Info   :ImmersiveScrap] Registered spawn rate for Custom to 20
[20:39:17.5984636] [Info   :ImmersiveScrap] Updated matching properties for LanternItem (Item).
[20:39:17.5984636] [Info   :ImmersiveScrap] Registered spawn rate for Vanilla to 20
[20:39:17.5984636] [Info   :ImmersiveScrap] Registered spawn rate for Custom to 20
[20:39:17.5984636] [Info   :ImmersiveScrap] Updated matching properties for LibrarylampItem (Item).
[20:39:17.5984636] [Info   :ImmersiveScrap] Registered spawn rate for Vanilla to 20
[20:39:17.5984636] [Info   :ImmersiveScrap] Registered spawn rate for Custom to 20
[20:39:17.5984636] [Info   :ImmersiveScrap] Updated matching properties for PlantItem (Item).
[20:39:17.5984636] [Info   :ImmersiveScrap] Registered spawn rate for Vanilla to 20
[20:39:17.5984636] [Info   :ImmersiveScrap] Registered spawn rate for Custom to 20
[20:39:17.5984636] [Info   :ImmersiveScrap] Updated matching properties for PliersItem (Item).
[20:39:17.5984636] [Info   :ImmersiveScrap] Registered spawn rate for Vanilla to 20
[20:39:17.5984636] [Info   :ImmersiveScrap] Registered spawn rate for Custom to 20
[20:39:17.5984636] [Info   :ImmersiveScrap] Updated matching properties for PlungerItem (Item).
[20:39:17.5984636] [Info   :ImmersiveScrap] Registered spawn rate for Vanilla to 20
[20:39:17.5984636] [Info   :ImmersiveScrap] Registered spawn rate for Custom to 20
[20:39:17.5984636] [Info   :ImmersiveScrap] Updated matching properties for RetroToyItem (Item).
[20:39:17.5984636] [Info   :ImmersiveScrap] Registered spawn rate for Vanilla to 20
[20:39:17.5984636] [Info   :ImmersiveScrap] Registered spawn rate for Custom to 20
[20:39:17.5984636] [Info   :ImmersiveScrap] Updated matching properties for ScrewdriverItem (Item).
[20:39:17.5984636] [Info   :ImmersiveScrap] Registered spawn rate for Vanilla to 20
[20:39:17.5984636] [Info   :ImmersiveScrap] Registered spawn rate for Custom to 20
[20:39:17.5984636] [Info   :ImmersiveScrap] Updated matching properties for SinkItem (Item).
[20:39:17.5984636] [Info   :ImmersiveScrap] Registered spawn rate for Vanilla to 20
[20:39:17.5984636] [Info   :ImmersiveScrap] Registered spawn rate for Custom to 20
[20:39:17.5984636] [Info   :ImmersiveScrap] Updated matching properties for SocketWrenchItem (Item).
[20:39:17.5984636] [Info   :ImmersiveScrap] Registered spawn rate for Vanilla to 20
[20:39:17.5984636] [Info   :ImmersiveScrap] Registered spawn rate for Custom to 20
[20:39:17.5984636] [Info   :ImmersiveScrap] Updated matching properties for SqueakytoyItem (Item).
[20:39:17.5984636] [Info   :ImmersiveScrap] Registered spawn rate for Vanilla to 20
[20:39:17.5984636] [Info   :ImmersiveScrap] Registered spawn rate for Custom to 20
[20:39:17.5984636] [Info   :ImmersiveScrap] Updated matching properties for SuitcaseItem (Item).
[20:39:17.5984636] [Info   :ImmersiveScrap] Registered spawn rate for Vanilla to 20
[20:39:17.5984636] [Info   :ImmersiveScrap] Registered spawn rate for Custom to 20
[20:39:17.5984636] [Info   :ImmersiveScrap] Updated matching properties for ToasterItem (Item).
[20:39:17.5984636] [Info   :ImmersiveScrap] Registered spawn rate for Vanilla to 20
[20:39:17.5984636] [Info   :ImmersiveScrap] Registered spawn rate for Custom to 20
[20:39:17.5984636] [Info   :ImmersiveScrap] Updated matching properties for ToolboxItem (Item).
[20:39:17.5984636] [Info   :ImmersiveScrap] Registered spawn rate for Vanilla to 20
[20:39:17.5984636] [Info   :ImmersiveScrap] Registered spawn rate for Custom to 20
[20:39:17.5984636] [Info   :ImmersiveScrap] Updated matching properties for TophatItem (Item).
[20:39:17.5984636] [Info   :ImmersiveScrap] Registered spawn rate for Vanilla to 20
[20:39:17.5984636] [Info   :ImmersiveScrap] Registered spawn rate for Custom to 20
[20:39:17.5984636] [Info   :ImmersiveScrap] Updated matching properties for TrafficconeItem (Item).
[20:39:17.5984636] [Info   :ImmersiveScrap] Registered spawn rate for Vanilla to 20
[20:39:17.5984636] [Info   :ImmersiveScrap] Registered spawn rate for Custom to 20
[20:39:17.5984636] [Info   :ImmersiveScrap] Updated matching properties for VentItem (Item).
[20:39:17.5984636] [Info   :ImmersiveScrap] Registered spawn rate for Vanilla to 20
[20:39:17.5984636] [Info   :ImmersiveScrap] Registered spawn rate for Custom to 20
[20:39:17.5984636] [Info   :ImmersiveScrap] Updated matching properties for WateringCanItem (Item).
[20:39:17.5984636] [Info   :ImmersiveScrap] Registered spawn rate for Vanilla to 20
[20:39:17.5984636] [Info   :ImmersiveScrap] Registered spawn rate for Custom to 20
[20:39:17.5984636] [Info   :ImmersiveScrap] Updated matching properties for WheelItem (Item).
[20:39:17.5984636] [Info   :ImmersiveScrap] Registered spawn rate for Vanilla to 20
[20:39:17.5984636] [Info   :ImmersiveScrap] Registered spawn rate for Custom to 20
[20:39:17.5984636] [Info   :ImmersiveScrap] Updated matching properties for WinebottleItem (Item).
[20:39:17.5984636] [Info   :ImmersiveScrap] Registered spawn rate for Vanilla to 20
[20:39:17.5984636] [Info   :ImmersiveScrap] Registered spawn rate for Custom to 20
[20:39:17.5984636] [Info   :ImmersiveScrap] Updated matching properties for WrenchItem (Item).
[20:39:17.6153025] [Info   :LethalLevelLoader] Custom Content Processed. Unlocking Main Menu.
[20:39:17.6163026] [Debug  :HauntedHarpist|1.3.24] Harp audio clip 'HarpMusic1' loaded asynchronously
[20:39:17.6163026] [Debug  :HauntedHarpist|1.3.24] Harp audio clip 'HarpMusic2' loaded asynchronously
[20:39:17.6163026] [Debug  :HauntedHarpist|1.3.24] Harp audio clip 'HarpMusic3' loaded asynchronously
[20:39:17.6163026] [Debug  :HauntedHarpist|1.3.24] Bagpipes audio clip 'BagpipeMusic' loaded asynchronously
[20:39:17.6347403] [Debug  :me.loaforc.soundapi] manager disabled
[20:39:17.6347403] [Debug  :me.loaforc.soundapi] manager destroyed
[20:39:17.6526609] [Warning:LethalPerformance] EntranceTeleport search called with inactive objects, probably will cause incompatibility!
[20:39:17.7916410] [Info   :ReservedFlashlightSlot-2.0.10] Initializing hotkeys.
[20:39:17.7941497] [Info   :ReservedSprayPaintSlot-1.1.3] Initializing hotkeys.
[20:39:17.7951484] [Info   :ReservedUtilitySlot-1.0.7] Initializing hotkeys.
[20:39:17.7971512] [Info   :ReservedWalkieSlot-2.0.7] Initializing hotkeys.
[20:39:17.7981534] [Info   :ReservedWeaponSlot-1.1.5] Initializing hotkeys.
[20:39:17.8332540] [Info   :BrutalCompanyMinusExtraReborn] Found CullFactory mod, Will attempt to grab OnTeleportOtherPlayerThroughEntrance() and OnTeleportLocalPlayerThroughEntrance() methodInfos
[20:39:17.8332540] [Info   :BrutalCompanyMinusExtraReborn] Scopophobia is present. Shy Guy and NoShyGuy event will now occur.
[20:39:17.8332540] [Info   :BrutalCompanyMinusExtraReborn] Kittenji.HerobrineMod is present. Herobrine event will now occur.
[20:39:17.8332540] [Info   :BrutalCompanyMinusExtraReborn] Ccode.SirenHead is present. SirenHead event will now occur.
[20:39:17.8332540] [Info   :BrutalCompanyMinusExtraReborn] nomnomab.rollinggiant is present. RollingGiant and NoRollingGiant event will now occur.
[20:39:17.8332540] [Info   :BrutalCompanyMinusExtraReborn] com.zealsprince.locker is present. Locker and NoLocker event will now occur.
[20:39:17.8332540] [Info   :BrutalCompanyMinusExtraReborn] Kittenji.FootballEntity is present. Football event will now occur.
[20:39:17.8332540] [Info   :BrutalCompanyMinusExtraReborn] sparble.slendermanmod is present. SlenderMan event will now occur
[20:39:17.8332540] [Info   :BrutalCompanyMinusExtraReborn] CodeRebirth is present. CodeRebirth Detected
[20:39:17.8332540] [Info   :BrutalCompanyMinusExtraReborn] Jordo.NeedyCats is present. Needy Cats Detected
[20:39:17.8332540] [Info   :BrutalCompanyMinusExtraReborn] FlipMods.HotbarPlus is present. HotBarPlus Detected.
[20:39:17.8332540] [Info   :BrutalCompanyMinusExtraReborn] com.github.biodiversitylc.Biodiversity is present. Biodiversity Detected
[20:39:17.8332540] [Info   :BrutalCompanyMinusExtraReborn] MelanieMelicious.furniturePack0 is present. Furniture Pack Detected
[20:39:17.8332540] [Info   :BrutalCompanyMinusExtraReborn] butterystancakes.lethalcompany.barberfixes is present. Barber Fixes Detected
[20:39:17.8332540] [Info   :BrutalCompanyMinusExtraReborn] com.github.teamxiaolan.dawnlib is present. DawnLib Detected.
[20:39:18.7435525] [Info   :me.loaforc.soundapi] Starting AudioManager.
[20:39:18.7874699] [Info   :KawaiiBone.Remnants] Loading in items.
[20:39:18.7884699] [Info   :KawaiiBone.Remnants] Registering Rocket Launcher as scrap.
[20:39:18.7904694] [Info   :KawaiiBone.Remnants] Added Rocket Launcher as a scrap item.
[20:39:18.7904694] [Info   :KawaiiBone.Remnants] Registering Utility Belt as scrap.
[20:39:18.7914689] [Info   :KawaiiBone.Remnants] Added Utility Belt as a scrap item.
[20:39:18.7914689] [Info   :KawaiiBone.Remnants] Registering Missile as scrap.
[20:39:18.7914689] [Info   :KawaiiBone.Remnants] Added Missile as a scrap item.
[20:39:18.7914689] [Info   :KawaiiBone.Remnants] Registering Emergency Flare (ammo) as scrap.
[20:39:18.7914689] [Info   :KawaiiBone.Remnants] Added Emergency Flare (ammo) as a scrap item.
[20:39:18.7914689] [Info   :KawaiiBone.Remnants] Registering Remote Radar as scrap.
[20:39:18.7914689] [Info   :KawaiiBone.Remnants] Added Remote Radar as a scrap item.
[20:39:18.7914689] [Info   :KawaiiBone.Remnants] Registering Toy Hammer as scrap.
[20:39:18.7914689] [Info   :KawaiiBone.Remnants] Added Toy Hammer as a scrap item.
[20:39:18.7914689] [Info   :KawaiiBone.Remnants] Registering Flaregun as scrap.
[20:39:18.7914689] [Info   :KawaiiBone.Remnants] Added Flaregun as a scrap item.
[20:39:18.7914689] [Info   :KawaiiBone.Remnants] Registering Hacking Tool as scrap.
[20:39:18.7924695] [Info   :KawaiiBone.Remnants] Added Hacking Tool as a scrap item.
[20:39:18.7924695] [Info   :KawaiiBone.Remnants] Registering Pinger as scrap.
[20:39:18.7924695] [Info   :KawaiiBone.Remnants] Added Pinger as a scrap item.
[20:39:18.7924695] [Info   :KawaiiBone.Remnants] Registering Night Vision Goggles as scrap.
[20:39:18.7924695] [Info   :KawaiiBone.Remnants] Added Night Vision Goggles as a scrap item.
[20:39:18.7924695] [Info   :KawaiiBone.Remnants] Registering Medic Bag as scrap.
[20:39:18.7934692] [Info   :KawaiiBone.Remnants] Added Medic Bag as a scrap item.
[20:39:18.7934692] [Info   :KawaiiBone.Remnants] Registering Cat Food as scrap.
[20:39:18.7934692] [Info   :KawaiiBone.Remnants] Added Cat Food as a scrap item.
[20:39:18.7939739] [Info   :KawaiiBone.Remnants] Registering Whistle as scrap.
[20:39:18.7939739] [Info   :KawaiiBone.Remnants] Added Whistle as a scrap item.
[20:39:18.7939739] [Info   :KawaiiBone.Remnants] Registering PluckAPhone as scrap.
[20:39:18.7939739] [Info   :KawaiiBone.Remnants] Added PluckAPhone as a scrap item.
[20:39:18.7939739] [Info   :KawaiiBone.Remnants] Registering Glow Seed as scrap.
[20:39:18.7939739] [Info   :KawaiiBone.Remnants] Added Glow Seed as a scrap item.
[20:39:18.7949775] [Info   :KawaiiBone.Remnants] Registering Boombox as scrap.
[20:39:18.7949775] [Info   :KawaiiBone.Remnants] Added Boombox as a scrap item.
[20:39:18.7949775] [Info   :KawaiiBone.Remnants] Items loaded in.
[20:39:18.8386039] [Info   :KawaiiBone.Remnants] Registering custom moons data.
[20:39:18.8386039] [Info   :KawaiiBone.Remnants] New moon found attempting to register bodies to moon: Black Mesa
[20:39:18.8396058] [Info   :KawaiiBone.Remnants] Registered bodies to moon: Black Mesa
[20:39:18.8396058] [Info   :KawaiiBone.Remnants] New moon found attempting to register bodies to moon: 745 Oxyde
[20:39:18.8396058] [Info   :KawaiiBone.Remnants] Registered bodies to moon: 745 Oxyde
[20:39:18.8396058] [Info   :KawaiiBone.Remnants] New moon found attempting to register bodies to moon: 198 Cabal
[20:39:18.8396058] [Info   :KawaiiBone.Remnants] Registered bodies to moon: 198 Cabal
[20:39:18.8396058] [Info   :KawaiiBone.Remnants] New moon found attempting to register bodies to moon: 556 Flicker
[20:39:18.8396058] [Info   :KawaiiBone.Remnants] Registered bodies to moon: 556 Flicker
[20:39:18.8396058] [Info   :KawaiiBone.Remnants] New moon found attempting to register bodies to moon: 559 Pareidolia
[20:39:18.8396058] [Info   :KawaiiBone.Remnants] Registered bodies to moon: 559 Pareidolia
[20:39:18.8396058] [Info   :KawaiiBone.Remnants] New moon found attempting to register bodies to moon: 161 Abaddon
[20:39:18.8396058] [Info   :KawaiiBone.Remnants] Registered bodies to moon: 161 Abaddon
[20:39:18.8396058] [Info   :KawaiiBone.Remnants] New moon found attempting to register bodies to moon: 556 Shutter
[20:39:18.8396058] [Info   :KawaiiBone.Remnants] Registered bodies to moon: 556 Shutter
[20:39:18.8396058] [Info   :KawaiiBone.Remnants] New moon found attempting to register bodies to moon: 551 Lament
[20:39:18.8396058] [Info   :KawaiiBone.Remnants] Registered bodies to moon: 551 Lament
[20:39:18.8396058] [Info   :KawaiiBone.Remnants] New moon found attempting to register bodies to moon: 607 Vigilance
[20:39:18.8396058] [Info   :KawaiiBone.Remnants] Registered bodies to moon: 607 Vigilance
[20:39:18.8396058] [Info   :KawaiiBone.Remnants] New moon found attempting to register bodies to moon: The Iris
[20:39:18.8396058] [Info   :KawaiiBone.Remnants] Registered bodies to moon: The Iris
[20:39:18.8396058] [Info   :KawaiiBone.Remnants] New moon found attempting to register bodies to moon: 31 Arcadia
[20:39:18.8396058] [Info   :KawaiiBone.Remnants] Registered bodies to moon: 31 Arcadia
[20:39:18.8396058] [Info   :KawaiiBone.Remnants] New moon found attempting to register bodies to moon: 10 EGypt
[20:39:18.8396058] [Info   :KawaiiBone.Remnants] Registered bodies to moon: 10 EGypt
[20:39:18.8396058] [Info   :KawaiiBone.Remnants] New moon found attempting to register bodies to moon: 32 Argent
[20:39:18.8396058] [Info   :KawaiiBone.Remnants] Registered bodies to moon: 32 Argent
[20:39:18.8396058] [Info   :KawaiiBone.Remnants] New moon found attempting to register bodies to moon: 111 PsychSanctum
[20:39:18.8396058] [Info   :KawaiiBone.Remnants] Registered bodies to moon: 111 PsychSanctum
[20:39:18.8396058] [Info   :KawaiiBone.Remnants] New moon found attempting to register bodies to moon: Spectralis
[20:39:18.8396058] [Info   :KawaiiBone.Remnants] Registered bodies to moon: Spectralis
[20:39:18.8396058] [Info   :KawaiiBone.Remnants] New moon found attempting to register bodies to moon: Sanguine
[20:39:18.8396058] [Info   :KawaiiBone.Remnants] Registered bodies to moon: Sanguine
[20:39:18.8396058] [Info   :KawaiiBone.Remnants] New moon found attempting to register bodies to moon: 37 Zenit
[20:39:18.8396058] [Info   :KawaiiBone.Remnants] Registered bodies to moon: 37 Zenit
[20:39:18.8396058] [Info   :KawaiiBone.Remnants] New moon found attempting to register bodies to moon: 823 Bozoros
[20:39:18.8396058] [Info   :KawaiiBone.Remnants] Registered bodies to moon: 823 Bozoros
[20:39:18.8396058] [Info   :KawaiiBone.Remnants] Custom moons data registered.
[20:39:18.9009309] [Info   :KawaiiBone.Remnants] Loaded asset: DefaultBodyItem
[20:39:18.9034361] [Info   :KawaiiBone.Remnants] Loaded asset: HeadBurstBodyItem
[20:39:18.9034361] [Info   :KawaiiBone.Remnants] Loaded asset: CoilBodyItem
[20:39:18.9044401] [Info   :KawaiiBone.Remnants] Loaded asset: WebbedBodyItem
[20:39:18.9054401] [Info   :KawaiiBone.Remnants] Loaded asset: DefaultBodyProp
[20:39:18.9054401] [Info   :KawaiiBone.Remnants] Loaded asset: HeadBurstBodyProp
[20:39:18.9054401] [Info   :KawaiiBone.Remnants] Loaded asset: CoilHeadBodyProp
[20:39:18.9064404] [Info   :KawaiiBone.Remnants] Loaded asset: WebbedBodyProp
[20:39:18.9064404] [Info   :MoreBattery] [MoreBattery] Spawning HUD GameObject on scene loaded: InitSceneLaunchOptions
[20:39:18.9079449] [Info   :MoreBattery] [MoreBattery] Successfully spawned HUD GameObject!
[20:39:22.6902644] [Warning:LCSoundTool] Networking disabled. Mod in fully client side mode, but no networked actions can take place! You can safely ignore this if you want the mod to run fully client side.
[20:39:22.7320155] [Debug  :   BepInEx] [UnityInput] Unknown key name: OEM1, skipping remapping
[20:39:22.7320155] [Debug  :   BepInEx] [UnityInput] Unknown key name: OEM2, skipping remapping
[20:39:22.7320155] [Debug  :   BepInEx] [UnityInput] Unknown key name: OEM3, skipping remapping
[20:39:22.7320155] [Debug  :   BepInEx] [UnityInput] Unknown key name: OEM4, skipping remapping
[20:39:22.7320155] [Debug  :   BepInEx] [UnityInput] Unknown key name: OEM5, skipping remapping
[20:39:22.7320155] [Debug  :   BepInEx] [UnityInput] Unknown key name: IMESelected, skipping remapping
[20:39:22.7435550] [Debug  :   BepInEx] [UnityInput] Using NewInputSystem
[20:39:22.8377416] [Info   :S1.39 Compatibility Fixes] [LethalMinEnemyGrabGuard] Patched exact declared LethalMin.PikminAI.GrabPikmin(Transform,float,int) with a prevention-only prefix. No delayed repair, state snapshot, release-method reflection, or leader/follow restoration is installed.
[20:39:22.9534911] [Debug  :Enemy Sound Fixes] Transpiler (MouthDogAI.OnCollideWithEnemy): Don't play hit sound when attacking dead enemy
[20:39:22.9554974] [Info   :S1.39 Compatibility Fixes] [MouthDogPikminGuard] Patched exact declared LethalMin.MouthDogPikminEnemy.DoCheckInterval() with a Priority.First prevention-only prefix. The adapter remains enabled; native Pikmin -> Mouth Dog combat/lifecycle remains owned by LethalMin.
[20:39:22.9554974] [Info   :S1.39 Compatibility Fixes] [MouthDogVanillaCollisionGuard] Patched exact declared MouthDogAI.OnCollideWithEnemy(Collider,EnemyAI) with a Priority.First prevention-only prefix. Only validated runtime LethalMin.PikminAI collisions are skipped; null and non-Pikmin EnemyAI pass through unchanged.
[20:39:22.9584982] [Info   :S1.39 Compatibility Fixes] [MouthDogVanillaCollisionGuard] Exact target co-patch ownership: prefixes=[NoteBoxz.LethalMin,tendas.s139.compatibilityfixes]; postfixes=[<none>]; transpilers=[butterystancakes.lethalcompany.enemysoundfixes]; finalizers=[<none>].
[20:39:23.0756224] [Info   :S1.39 Compatibility Fixes] [BaboonHawkPikminGuard] One-way Hawk -> Pikmin protection initialized; collisionPatched=True; bitePatched=True; BaboonBirdPikminEnemy remains ENABLED so native PikminEnemy.Update death/unlatch cleanup can run.
[20:39:23.0776231] [Info   :me.loaforc.soundapi] Splash screens done! Continuing pipeline
[20:39:23.0776231] [Warning:me.loaforc.soundapi] The game will freeze for a moment!
[20:39:23.0796232] [Warning:GoldenKitten.FairAI] MoreShipUpgrades assembly not found. Skipping optional patch.
[20:39:23.0796232] [Warning:GoldenKitten.FairAI] LethalConfig assembly not found. Skipping optional patch.
[20:39:23.0796232] [Warning:GoldenKitten.FairAI] LethalThings assembly not found. Skipping optional patch.
[20:39:23.0796232] [Warning:GoldenKitten.FairAI] Surfaced assembly not found. Skipping optional patch.
[20:39:23.0796232] [Warning:GoldenKitten.FairAI] TheNameIsTyler.TurretSettings assembly not found. Skipping optional patch.
[20:39:23.0796232] [Info   :GoldenKitten.FairAI] Optional Components initiated!
[20:39:23.0821309] [Info   :me.loaforc.soundapi] (Step 5) All file reads are done, waiting for the audio clips conversions.
[20:39:23.0821309] [Info   :me.loaforc.soundapi] (Step 6) Took 5ms to finish loading audio clips from files
[20:39:23.0821309] [Debug  :me.loaforc.soundapi] Active Threads that are left over: 0
[20:39:23.0821309] [Info   :me.loaforc.soundapi] Entire load process took an effective 17ms
[20:39:23.1820975] [Info   :LethalPerformance.Patcher] Saved 145 config(s)
[20:39:24.3008485] [Info   :MoreBattery] [MoreBattery HUD] Component OnGUI first call! ShowDebugUI = False
[20:39:24.3415185] [Info   :GoldenKitten.FairAI] Fair AI initiated!
[20:39:24.3445567] [Info   :LethalPerformance.Patcher] Saved 1 config(s)
[20:39:24.3716161] [Info   :LethalPerformance.Patcher] Saved 1 config(s)
[20:39:24.3761319] [Info   :LethalPerformance.Patcher] Saved 1 config(s)
[20:39:24.3836555] [Info   :LethalPerformance.Patcher] Saved 2 config(s)
[20:39:24.3906654] [Info   :LethalPerformance.Patcher] Saved 2 config(s)
[20:39:24.3916636] [Info   :LethalPerformance.Patcher] Saved 1 config(s)
[20:39:24.5305262] [Info   :qwbarch.Mirage] Loaded settings: {
  "localPlayerVolume": 0.5,
  "neverDeleteRecordings": true,
  "allowRecordVoice": true,
  "muteVoiceMimic": false
}
[20:39:24.5526714] [Info   :LethalPerformance.Patcher] Saved 1 config(s)
[20:39:24.5536769] [Info   :LethalPerformance.Patcher] Saved 1 config(s)
[20:39:24.8035368] [Debug  :LCUltrawide_Community] NOT setting PixelResolution to [0]
[20:39:24.9011666] [Info   :GeneralImprovements] Automatically launching ONLINE mode.
[20:39:24.9212127] [Info   : Unity Log] Saving changed settings
[20:39:24.9242237] [Debug  :LCUltrawide_Community] NOT setting PixelResolution to [0]
[20:39:24.9866468] [Info   :LethalPerformance] Saved 1 save(s)
[20:39:26.6746220] [Debug  :PathfindingLib] Changed prefabbed NavMeshAgent JesterEnemy's area mask from 0x000026DF to 0x020026DF to allow traversal of non-smart off-mesh links.
[20:39:26.6746220] [Debug  :PathfindingLib] Changed prefabbed NavMeshAgent BaboonHawkEnemy's area mask from 0x00002BFD to 0x02002BFD to allow traversal of non-smart off-mesh links.
[20:39:26.6746220] [Debug  :PathfindingLib] Changed prefabbed NavMeshAgent TestCapsuleEnemy's area mask from 0xFFFFFFFF to 0xFFFFFFFF to allow traversal of non-smart off-mesh links.
[20:39:26.6746220] [Debug  :PathfindingLib] Changed prefabbed NavMeshAgent PumaEnemy's area mask from 0x00002FFF to 0x02002FFF to allow traversal of non-smart off-mesh links.
[20:39:26.6746220] [Debug  :PathfindingLib] Changed prefabbed NavMeshAgent ButlerEnemy's area mask from 0x000027DD to 0x020027DD to allow traversal of non-smart off-mesh links.
[20:39:26.6746220] [Debug  :PathfindingLib] Changed prefabbed NavMeshAgent DocileLocustBees's area mask from 0x000000EF to 0x020000EF to allow traversal of non-smart off-mesh links.
[20:39:26.6746220] [Debug  :PathfindingLib] Changed prefabbed NavMeshAgent RedLocustBees's area mask from 0xFFFFFFFF to 0xFFFFFFFF to allow traversal of non-smart off-mesh links.
[20:39:26.6746220] [Debug  :PathfindingLib] Changed prefabbed NavMeshAgent ButlerBees's area mask from 0xFFFFFFFF to 0xFFFFFFFF to allow traversal of non-smart off-mesh links.
[20:39:26.6746220] [Debug  :PathfindingLib] Changed prefabbed NavMeshAgent CaveDwellerEnemy's area mask from 0xFFFFFFFF to 0xFFFFFFFF to allow traversal of non-smart off-mesh links.
[20:39:26.6746220] [Debug  :PathfindingLib] Changed prefabbed NavMeshAgent BaboonHawkEnemy's area mask from 0x00002BFD to 0x02002BFD to allow traversal of non-smart off-mesh links.
[20:39:26.6746220] [Debug  :PathfindingLib] Changed prefabbed NavMeshAgent ForestGiant's area mask from 0x00002B1F to 0x02002B1F to allow traversal of non-smart off-mesh links.
[20:39:26.6746220] [Debug  :PathfindingLib] Changed prefabbed NavMeshAgent DressGirl's area mask from 0xFFFFFFFF to 0xFFFFFFFF to allow traversal of non-smart off-mesh links.
[20:39:26.6746220] [Debug  :PathfindingLib] Changed prefabbed NavMeshAgent SandSpider's area mask from 0x0000227F to 0x0200227F to allow traversal of non-smart off-mesh links.
[20:39:26.6746220] [Debug  :PathfindingLib] Changed prefabbed NavMeshAgent HoarderBug's area mask from 0xFFFFFFFF to 0xFFFFFFFF to allow traversal of non-smart off-mesh links.
[20:39:26.6746220] [Debug  :PathfindingLib] Changed prefabbed NavMeshAgent SandWorm's area mask from 0x0000320B to 0x0200320B to allow traversal of non-smart off-mesh links.
[20:39:26.6746220] [Debug  :PathfindingLib] Changed prefabbed NavMeshAgent CadaverBloomBurstEnemy's area mask from 0xFFFFFFFF to 0xFFFFFFFF to allow traversal of non-smart off-mesh links.
[20:39:26.6746220] [Debug  :PathfindingLib] Changed prefabbed NavMeshAgent Centipede's area mask from 0xFFFFFFFF to 0xFFFFFFFF to allow traversal of non-smart off-mesh links.
[20:39:26.6746220] [Debug  :PathfindingLib] Changed prefabbed NavMeshAgent MouthDog's area mask from 0x00002B5F to 0x02002B5F to allow traversal of non-smart off-mesh links.
[20:39:26.6746220] [Debug  :PathfindingLib] Changed prefabbed NavMeshAgent ClaySurgeon's area mask from 0x000027FD to 0x020027FD to allow traversal of non-smart off-mesh links.
[20:39:26.6746220] [Debug  :PathfindingLib] Changed prefabbed NavMeshAgent DoublewingedBird's area mask from 0x000020EF to 0x020020EF to allow traversal of non-smart off-mesh links.
[20:39:26.6746220] [Debug  :PathfindingLib] Changed prefabbed NavMeshAgent LassoMan's area mask from 0x0000265F to 0x0200265F to allow traversal of non-smart off-mesh links.
[20:39:26.6746220] [Debug  :PathfindingLib] Changed prefabbed NavMeshAgent SpringMan's area mask from 0x0000261F to 0x0200261F to allow traversal of non-smart off-mesh links.
[20:39:26.6746220] [Debug  :PathfindingLib] Changed prefabbed NavMeshAgent BushWolfEnemy's area mask from 0x0000215F to 0x0200215F to allow traversal of non-smart off-mesh links.
[20:39:26.6756199] [Debug  :PathfindingLib] Changed prefabbed NavMeshAgent FlowerSnakeEnemy's area mask from 0xFFFFFFFF to 0xFFFFFFFF to allow traversal of non-smart off-mesh links.
[20:39:26.6756199] [Debug  :PathfindingLib] Changed prefabbed NavMeshAgent GiantKiwi's area mask from 0xFFFFFFFF to 0xFFFFFFFF to allow traversal of non-smart off-mesh links.
[20:39:26.6756199] [Debug  :PathfindingLib] Changed prefabbed NavMeshAgent NutcrackerEnemy's area mask from 0x000026DF to 0x020026DF to allow traversal of non-smart off-mesh links.
[20:39:26.6756199] [Debug  :PathfindingLib] Changed prefabbed NavMeshAgent Flowerman's area mask from 0x000026DF to 0x020026DF to allow traversal of non-smart off-mesh links.
[20:39:26.6756199] [Debug  :PathfindingLib] Changed prefabbed NavMeshAgent Crawler's area mask from 0x0000267F to 0x0200267F to allow traversal of non-smart off-mesh links.
[20:39:26.6756199] [Debug  :PathfindingLib] Changed prefabbed NavMeshAgent RadMechEnemy's area mask from 0x00002B9F to 0x02002B9F to allow traversal of non-smart off-mesh links.
[20:39:26.6756199] [Debug  :PathfindingLib] Changed prefabbed NavMeshAgent MaskedPlayerEnemy's area mask from 0xFFFFFFFF to 0xFFFFFFFF to allow traversal of non-smart off-mesh links.
[20:39:26.6756199] [Debug  :PathfindingLib] Changed prefabbed NavMeshAgent StingrayEnemy's area mask from 0x000026DF to 0x020026DF to allow traversal of non-smart off-mesh links.
[20:39:26.6756199] [Debug  :PathfindingLib] Changed prefabbed NavMeshAgent CadaverGrowthMasterAI's area mask from 0xFFFFFFFF to 0xFFFFFFFF to allow traversal of non-smart off-mesh links.
[20:39:26.6756199] [Debug  :PathfindingLib] Changed prefabbed NavMeshAgent Blob's area mask from 0x0000227B to 0x0200227B to allow traversal of non-smart off-mesh links.
[20:39:26.6756199] [Debug  :PathfindingLib] Changed prefabbed NavMeshAgent PufferEnemy's area mask from 0xFFFFFFFF to 0xFFFFFFFF to allow traversal of non-smart off-mesh links.
[20:39:26.7068265] [Warning:LethalPerformance] EntranceTeleport search called with inactive objects, probably will cause incompatibility!
[20:39:26.7098273] [Debug  :LobbyControl] 0 & 1 = 0
[20:39:26.7098273] [Debug  :LobbyControl] Checkpoint 'SyncAlreadyHeldObjects' from 'LobbyControl' created with mask '1'
[20:39:26.7108280] [Debug  :LobbyControl] 1 & 1 = 1
[20:39:26.7108280] [Debug  :LobbyControl] 1 & 10 = 0b
[20:39:26.7108280] [Debug  :LobbyControl] Checkpoint 'SyncAllPlayerLevels' from 'LobbyControl' created with mask '10'
[20:39:26.7108280] [Debug  :LobbyControl] 11 & 1 = 1
[20:39:26.7108280] [Debug  :LobbyControl] 11 & 10 = 10b
[20:39:26.7108280] [Debug  :LobbyControl] 11 & 100 = 0b
[20:39:26.7108280] [Debug  :LobbyControl] Checkpoint 'SendNewPlayerValues' from 'LobbyControl' created with mask '100'
[20:39:26.7108280] [Info   : Unity Log] subcribing to steam callbacks
[20:39:26.7295003] [Debug  :   DawnLib] Removing LethalLevelLoader dungeon generation transpiler.
[20:39:27.1575391] [Info   :KawaiiBone.Remnants] Loading in items.
[20:39:27.1585400] [Info   :KawaiiBone.Remnants] Registering Belt bag as scrap.
[20:39:27.1595395] [Info   :KawaiiBone.Remnants] Added Belt bag as a scrap item.
[20:39:27.1595395] [Info   :KawaiiBone.Remnants] Registering Extension ladder as scrap.
[20:39:27.1595395] [Info   :KawaiiBone.Remnants] Added Extension ladder as a scrap item.
[20:39:27.1595395] [Info   :KawaiiBone.Remnants] Registering Flashlight as scrap.
[20:39:27.1595395] [Info   :KawaiiBone.Remnants] Added Flashlight as a scrap item.
[20:39:27.1595395] [Info   :KawaiiBone.Remnants] Registering Jetpack as scrap.
[20:39:27.1595395] [Info   :KawaiiBone.Remnants] Added Jetpack as a scrap item.
[20:39:27.1595395] [Info   :KawaiiBone.Remnants] Registering Lockpicker as scrap.
[20:39:27.1595395] [Info   :KawaiiBone.Remnants] Added Lockpicker as a scrap item.
[20:39:27.1595395] [Info   :KawaiiBone.Remnants] Registering Pro-flashlight as scrap.
[20:39:27.1595395] [Info   :KawaiiBone.Remnants] Added Pro-flashlight as a scrap item.
[20:39:27.1595395] [Info   :KawaiiBone.Remnants] Registering Radar-booster as scrap.
[20:39:27.1605392] [Info   :KawaiiBone.Remnants] Added Radar-booster as a scrap item.
[20:39:27.1605392] [Info   :KawaiiBone.Remnants] Registering Shovel as scrap.
[20:39:27.1605392] [Info   :KawaiiBone.Remnants] Added Shovel as a scrap item.
[20:39:27.1605392] [Info   :KawaiiBone.Remnants] Registering Spray paint as scrap.
[20:39:27.1605392] [Info   :KawaiiBone.Remnants] Added Spray paint as a scrap item.
[20:39:27.1605392] [Info   :KawaiiBone.Remnants] Registering Stun grenade as scrap.
[20:39:27.1605392] [Info   :KawaiiBone.Remnants] Added Stun grenade as a scrap item.
[20:39:27.1605392] [Info   :KawaiiBone.Remnants] Registering TZP-Inhalant as scrap.
[20:39:27.1605392] [Info   :KawaiiBone.Remnants] Added TZP-Inhalant as a scrap item.
[20:39:27.1605392] [Info   :KawaiiBone.Remnants] Registering Walkie-talkie as scrap.
[20:39:27.1605392] [Info   :KawaiiBone.Remnants] Added Walkie-talkie as a scrap item.
[20:39:27.1605392] [Info   :KawaiiBone.Remnants] Registering Weed killer as scrap.
[20:39:27.1605392] [Info   :KawaiiBone.Remnants] Added Weed killer as a scrap item.
[20:39:27.1605392] [Info   :KawaiiBone.Remnants] Registering Zap gun as scrap.
[20:39:27.1615394] [Info   :KawaiiBone.Remnants] Added Zap gun as a scrap item.
[20:39:27.1615394] [Info   :KawaiiBone.Remnants] Items loaded in.
[20:39:27.2003816] [Info   :KawaiiBone.Remnants] Registering custom moons data.
[20:39:27.2003816] [Info   :KawaiiBone.Remnants] Custom moons data registered.
[20:39:27.2013820] [Debug  :LCUltrawide_Community] NOT setting PixelResolution to [0]
[20:39:29.0437691] [Debug  :PathfindingLib] Changed prefabbed NavMeshAgent Ogopogo's area mask from 0x00000000 to 0x02000000 to allow traversal of non-smart off-mesh links.
[20:39:29.0592804] [Debug  :PathfindingLib] Changed prefabbed NavMeshAgent Vermin's area mask from 0x00000000 to 0x02000000 to allow traversal of non-smart off-mesh links.
[20:39:29.1553901] [Debug  :PathfindingLib] Changed prefabbed NavMeshAgent MicBird's area mask from 0x0000039D to 0x0200039D to allow traversal of non-smart off-mesh links.
[20:39:29.2668374] [Debug  :PathfindingLib] Changed prefabbed NavMeshAgent Prototax's area mask from 0x000003FD to 0x020003FD to allow traversal of non-smart off-mesh links.
[20:39:29.2688390] [Debug  :PathfindingLib] Changed prefabbed NavMeshAgent LeafBoi's area mask from 0x000003FD to 0x020003FD to allow traversal of non-smart off-mesh links.
[20:39:29.2713419] [Warning:Biodiversity|0.2.9] Loading Audio data for 'leafHappy1' because it does not have preloadAudioData enabled!
[20:39:29.2723458] [Warning:Biodiversity|0.2.9] Loading Audio data for 'leafHappy2' because it does not have preloadAudioData enabled!
[20:39:29.2738486] [Warning:Biodiversity|0.2.9] Loading Audio data for 'leafHappy3' because it does not have preloadAudioData enabled!
[20:39:29.2748543] [Warning:Biodiversity|0.2.9] Loading Audio data for 'leafHit' because it does not have preloadAudioData enabled!
[20:39:29.2758545] [Warning:Biodiversity|0.2.9] Loading Audio data for 'leafScare' because it does not have preloadAudioData enabled!
[20:39:29.2758545] [Warning:Biodiversity|0.2.9] Loading Audio data for 'leafScareLow1' because it does not have preloadAudioData enabled!
[20:39:29.2768523] [Warning:Biodiversity|0.2.9] Loading Audio data for 'leafScareLow2' because it does not have preloadAudioData enabled!
[20:39:29.2778532] [Warning:Biodiversity|0.2.9] Loading Audio data for 'proto_hit' because it does not have preloadAudioData enabled!
[20:39:29.2788520] [Warning:Biodiversity|0.2.9] Loading Audio data for 'proto_step' because it does not have preloadAudioData enabled!
[20:39:29.2798522] [Warning:Biodiversity|0.2.9] Loading Audio data for 'spew2' because it does not have preloadAudioData enabled!
[20:39:29.3267026] [Debug  :PathfindingLib] Changed prefabbed NavMeshAgent CoilCrab's area mask from 0xFFFFFFFF to 0xFFFFFFFF to allow traversal of non-smart off-mesh links.
[20:39:29.5923286] [Debug  :PathfindingLib] Changed prefabbed NavMeshAgent AloeBracken's area mask from 0x000000CF to 0x020000CF to allow traversal of non-smart off-mesh links.
[20:39:29.5978532] [Warning:Biodiversity|0.2.9] Loading Audio data for 'AloeChase' because it does not have preloadAudioData enabled!
[20:39:29.5978532] [Warning:Biodiversity|0.2.9] VideoClip: 'AloeTerminalVideo' is being loaded from 'AloeAssets' instead of the dedicated video clip bundle. It will not work correctly.
[20:39:29.9826735] [Debug  :Matty's Fixes] RoundManager.SpawnScrapInLevel patched
[20:39:30.0445841] [Info   :Biodiversity|0.2.9] "i love MEN with BIG ARMS and STRONGMAN LEGS" - Monty
[20:39:30.0495885] [Info   :LethalLevelLoader] Registering Bundle Content!
[20:39:30.3054958] [Error  : Unity Log] NetworkPrefab (BigDoorSpawn) has a duplicate GlobalObjectIdHash source entry value of: 0!
[20:39:30.3054958] [Error  : Unity Log] NetworkPrefab (CrystalScrapSpawn) has a duplicate GlobalObjectIdHash source entry value of: 0!
[20:39:30.3065237] [Error  : Unity Log] NetworkPrefab (Tooletnits) has a duplicate GlobalObjectIdHash source entry value of: 2151174361!
[20:39:30.3065237] [Error  : Unity Log] NetworkPrefab (Fridgelooty) has a duplicate GlobalObjectIdHash source entry value of: 3371793150!
[20:39:30.3065237] [Error  : Unity Log] NetworkPrefab (1MainEntranceStuff) has a duplicate GlobalObjectIdHash source entry value of: 2810456385!
[20:39:30.3065237] [Error  : Unity Log] NetworkPrefab (BunkerHeavyDoorMapModel) has a duplicate GlobalObjectIdHash source entry value of: 2141666470!
[20:39:30.3065237] [Error  : Unity Log] NetworkPrefab (1MainEntranceStuff) has a duplicate GlobalObjectIdHash source entry value of: 2810456385!
[20:39:30.3065237] [Error  : Unity Log] NetworkPrefab (BunkerHeavyDoorMapModel) has a duplicate GlobalObjectIdHash source entry value of: 2141666470!
[20:39:30.3065237] [Error  : Unity Log] NetworkPrefab (1MainEntranceStuff) has a duplicate GlobalObjectIdHash source entry value of: 2810456385!
[20:39:30.3065237] [Error  : Unity Log] NetworkPrefab (Loungedoor) has a duplicate GlobalObjectIdHash source entry value of: 188745222!
[20:39:30.3065237] [Error  : Unity Log] NetworkPrefab (GlassDoorMapSpawn) has a duplicate GlobalObjectIdHash source entry value of: 0!
[20:39:30.3075234] [Error  : Unity Log] NetworkPrefab (KeySpawner) has a duplicate GlobalObjectIdHash source entry value of: 0!
[20:39:30.3075234] [Error  : Unity Log] NetworkPrefab (MannequinSpawnerB) has a duplicate GlobalObjectIdHash source entry value of: 0!
[20:39:30.3075234] [Error  : Unity Log] NetworkPrefab (MannequinSpawnerA) has a duplicate GlobalObjectIdHash source entry value of: 0!
[20:39:30.3075234] [Error  : Unity Log] NetworkPrefab (MannequinSpawnerC) has a duplicate GlobalObjectIdHash source entry value of: 0!
[20:39:30.3075234] [Error  : Unity Log] NetworkPrefab (GridCabinetInternals) has a duplicate GlobalObjectIdHash source entry value of: 4184295196!
[20:39:30.3075234] [Error  : Unity Log] NetworkPrefab (DrawerLootSpawns) has a duplicate GlobalObjectIdHash source entry value of: 607143571!
[20:39:30.3075234] [Error  : Unity Log] NetworkPrefab (Landmine) has a duplicate GlobalObjectIdHash source entry value of: 0!
[20:39:30.3085220] [Error  : Unity Log] NetworkPrefab (TurretContainer) has a duplicate GlobalObjectIdHash source entry value of: 0!
[20:39:30.3085220] [Error  : Unity Log] NetworkPrefab (officedoor) has a duplicate GlobalObjectIdHash source entry value of: 2302528180!
[20:39:30.3085220] [Error  : Unity Log] NetworkPrefab (DrawerLootSpawns) has a duplicate GlobalObjectIdHash source entry value of: 607143571!
[20:39:30.3235329] [Info   :LethalLevelLoader] Skipped Registering 42 NetworkObjects As They Were Already Registered.
[20:39:30.3889449] [Debug  :ButteRyBalance] Successfully registered network handler. This is good news!
[20:39:30.3914969] [Info   :GeneralImprovements] Adding ToggleableFancyLamp behavior to FancyLamp prefab.
[20:39:30.3960113] [Info   :GeneralImprovements] Item Soccer ball being set to NON conductive.
[20:39:30.3960113] [Info   :GeneralImprovements] Item Toilet paper being set to NON conductive.
[20:39:30.3960113] [Info   :GeneralImprovements] Item Control pad being set to NON conductive.
[20:39:30.3960113] [Info   :GeneralImprovements] Item Zed Dog being set to NON conductive.
[20:39:30.4000163] [Info   :   OpenLib] com.malco.lethalcompany.moreshipupgrades detected! Plugin: darmuhsTerminalStuff has set compatibility bool - True
[20:39:30.4085477] [Debug  :ainavt.lc.lethalconfig] Registered config "LethalConfig.ConfigItems.GenericButtonConfigItem"
[20:39:30.4266659] [Info   :com.github.zehsteam.SellMyScrap] Registered "NetworkHandler" network prefab.
[20:39:30.4266659] [Info   :com.github.zehsteam.SellMyScrap] Registered "OctolarScrapEater" network prefab.
[20:39:30.4266659] [Info   :com.github.zehsteam.SellMyScrap] Registered "TakeyScrapEater" network prefab.
[20:39:30.4266659] [Info   :com.github.zehsteam.SellMyScrap] Registered "MaxwellScrapEater" network prefab.
[20:39:30.4266659] [Info   :com.github.zehsteam.SellMyScrap] Registered "YippeeScrapEater" network prefab.
[20:39:30.4266659] [Info   :com.github.zehsteam.SellMyScrap] Registered "CookieFumoScrapEater" network prefab.
[20:39:30.4266659] [Info   :com.github.zehsteam.SellMyScrap] Registered "PsychoScrapEater" network prefab.
[20:39:30.4266659] [Info   :com.github.zehsteam.SellMyScrap] Registered "ZombiesScrapEater" network prefab.
[20:39:30.4266659] [Info   :com.github.zehsteam.SellMyScrap] Registered "WolfyScrapEater" network prefab.
[20:39:30.4266659] [Info   :com.github.zehsteam.SellMyScrap] Registered "GlitchScrapEater" network prefab.
[20:39:30.4266659] [Info   :mrgrm7.LethalCasino] Adding slot machine to network prefab
[20:39:30.4522437] [Debug  :PathfindingLib] Changed prefabbed NavMeshAgent AntiCoilHeadEnemy's area mask from 0x0000001F to 0x0200001F to allow traversal of non-smart off-mesh links.
[20:39:30.4582760] [Debug  :PathfindingLib] Changed prefabbed NavMeshAgent NutSlayerEnemy's area mask from 0x000000DF to 0x020000DF to allow traversal of non-smart off-mesh links.
[20:39:30.5100909] [Debug  :PathfindingLib] Changed prefabbed NavMeshAgent KamikazieBugEnemy's area mask from 0xFFFFFFFF to 0xFFFFFFFF to allow traversal of non-smart off-mesh links.
[20:39:30.6449848] [Debug  :PathfindingLib] Changed prefabbed NavMeshAgent Cat's area mask from 0xFFFFFFFF to 0xFFFFFFFF to allow traversal of non-smart off-mesh links.
[20:39:30.6449848] [Info   :Jordo.NeedyCats] Added NeedyCats prefabs to Network Manager.
[20:39:30.6808946] [Info   :MrHat.BasedDecorPlacement] Unlockables prefab scan finished
[20:39:30.6808946] [Info   :MrHat.BasedDecorPlacement] Checked: 0
[20:39:30.6808946] [Info   :MrHat.BasedDecorPlacement] Colliders changed to trigger: 0
[20:39:30.6808946] [Info   :MrHat.BasedDecorPlacement] Box colliders added: 0
[20:39:30.6959748] [Debug  : LethalMin] No LethalMin bundles found in the plugins folder
[20:39:30.7195894] [Warning: Unity Log] The referenced script on this Behaviour (Game Object 'DBR') is missing!
[20:39:30.7311129] [Debug  :PathfindingLib] Changed prefabbed NavMeshAgent PikminFormationTarget's area mask from 0xFFFFFFFF to 0xFFFFFFFF to allow traversal of non-smart off-mesh links.
[20:39:30.7321126] [Info   : LethalMin] Registered Prefab to Network: CompanyPikminEnemyScript
[20:39:30.7321126] [Info   : LethalMin] Registered Prefab to Network: EnemyGrabbableItem
[20:39:30.7321126] [Info   : LethalMin] Registered Prefab to Network: Onion
[20:39:30.7321126] [Info   : LethalMin] Registered Prefab to Network: OnionGrabable
[20:39:30.7321126] [Info   : LethalMin] Registered Prefab to Network: ShipOnion
[20:39:30.7321126] [Info   : LethalMin] Registered Prefab to Network: Pikmin
[20:39:30.7321126] [Info   : LethalMin] Registered Prefab to Network: PikminItemNode
[20:39:30.7321126] [Info   : LethalMin] Registered Prefab to Network: PikminManager
[20:39:30.7321126] [Info   : LethalMin] Registered Prefab to Network: PikminNoticeZone
[20:39:30.7321126] [Info   : LethalMin] Registered Prefab to Network: Puffmin
[20:39:30.7321126] [Info   : LethalMin] Registered Prefab to Network: ShipPhaseOnion
[20:39:30.7321126] [Info   : LethalMin] Registered Prefab to Network: Sprout
[20:39:30.7321126] [Info   : LethalMin] Registered Prefab to Network: GlowMob
[20:39:30.7321126] [Info   : LethalMin] Registered Prefab to Network: GlowSeed
[20:39:30.7321126] [Info   : LethalMin] Registered Prefab to Network: Lumiknull
[20:39:30.7321126] [Info   : LethalMin] Registered Prefab to Network: Triknull
[20:39:30.7321126] [Info   : LethalMin] Registered Prefab to Network: CallBackControler
[20:39:30.7321126] [Info   : LethalMin] Registered Prefab to Network: PluckAphone
[20:39:30.7321126] [Info   : LethalMin] Registered Prefab to Network: Whisle
[20:39:30.8315474] [Debug  :ScienceBirdTweaks] Found cruiser target particle!
[20:39:30.8598160] [Debug  :ScienceBirdTweaks] Found jetpack target particle!
[20:39:30.8608153] [Debug  :ScienceBirdTweaks] Found jetpack target particle!
[20:39:30.8881046] [Debug  :ScienceBirdTweaks] Found old bird target particle on SmokeTrail!
[20:39:30.8881046] [Debug  :ScienceBirdTweaks] Found old bird target particle on SmokeTrailRightLeg!
[20:39:30.8881046] [Debug  :ScienceBirdTweaks] Found old bird target particle on Smoke (1)!
[20:39:30.8881046] [Debug  :ScienceBirdTweaks] Found old bird target particle on SmokeTrail!
[20:39:30.8881046] [Debug  :ScienceBirdTweaks] Found old bird target particle on SmokeTrailRightLeg!
[20:39:30.8881046] [Debug  :ScienceBirdTweaks] Found old bird target particle on Smoke (1)!
[20:39:30.8881046] [Debug  :ScienceBirdTweaks] Found old bird target particle on SmokeTrail!
[20:39:30.8881046] [Debug  :ScienceBirdTweaks] Found old bird target particle on SmokeTrailRightLeg!
[20:39:30.8881046] [Debug  :ScienceBirdTweaks] Found old bird target particle on Smoke (1)!
[20:39:30.8881046] [Debug  :ScienceBirdTweaks] Found old bird target particle on SmokeTrail!
[20:39:30.8881046] [Debug  :ScienceBirdTweaks] Found old bird target particle on SmokeTrailRightLeg!
[20:39:30.8881046] [Debug  :ScienceBirdTweaks] Found old bird target particle on Smoke (1)!
[20:39:31.4098842] [Debug  :ScienceBirdTweaks] Found explosion target particle!
[20:39:31.4098842] [Debug  :ScienceBirdTweaks] Found explosion target particle!
[20:39:31.4098842] [Debug  :ScienceBirdTweaks] Found explosion target particle!
[20:39:31.4098842] [Debug  :ScienceBirdTweaks] Found explosion target particle!
[20:39:31.4108853] [Debug  :ScienceBirdTweaks] Found explosion target particle!
[20:39:31.4108853] [Debug  :ScienceBirdTweaks] Found explosion target particle!
[20:39:31.4108853] [Debug  :ScienceBirdTweaks] Initializing furniture holder!
[20:39:31.5367610] [Debug  :ScienceBirdTweaks] Found shell!
[20:39:31.5537922] [Info   :MaxWasUnavailable.LethalModDataLib] Registering ModDataAttribute fields...
[20:39:31.6796631] [Warning:S1.39 Compatibility Fixes] [LMDLGuard] Skipping Chainloader PluginInfo with null Instance: MW.MagicWesleyInteriors
[20:39:31.7196073] [Info   :S1.39 Compatibility Fixes] [LMDLGuard] Safe ModDataAttribute scan completed: plugins=163, types=10581, nullInstancesSkipped=1.
[20:39:31.7196073] [Info   :MaxWasUnavailable.LethalModDataLib] Hooking up save, load and delete events...
[20:39:31.7196073] [Info   :MaxWasUnavailable.LethalModDataLib] ModDataHandler initialised!
[20:39:31.7221150] [Debug  :MaxWasUnavailable.LethalModDataLib] Loading data from file LCGeneralSaveData.moddata with key MaxWasUnavailable.LethalModDataLib.LMDLVersion...
[20:39:31.7281303] [Debug  :MaxWasUnavailable.LethalModDataLib] LethalModDataLib version (1.2.2) matches last saved version (1.2.2).
[20:39:31.7291399] [Debug  :MaxWasUnavailable.LethalModDataLib] Saving data to file LCGeneralSaveData.moddata with key MaxWasUnavailable.LethalModDataLib.LMDLVersion...
[20:39:31.7572211] [Info   : LethalMin] Initalizing Pikmin Items...
[20:39:31.7895847] [Info   : LethalMin] Adding PikminItem Compoent to PatcherGunItem
[20:39:31.7905846] [Debug  : LethalMin] Calculated weight for Zap gun: 11 lb, Devided weight: 4.4 lb
[20:39:31.7910880] [Debug  : LethalMin] (PatcherGunItem) Colider: PatcherGunItem (UnityEngine.BoxCollider)
[20:39:31.7910880] [Debug  : LethalMin] (PatcherGunItem) Center: (28.44, 2.10, -13.86)
[20:39:31.7920925] [Debug  : LethalMin] Creating counter for PatcherGunItem
[20:39:31.7951452] [Info   : LethalMin] Adding PikminItem Compoent to WeedKillerItem
[20:39:31.7951452] [Debug  : LethalMin] Calculated weight for Weed killer: 0 lb, Devided weight: 0 lb
[20:39:31.7951452] [Debug  : LethalMin] (WeedKillerItem) Colider: WeedKillerItem (UnityEngine.BoxCollider)
[20:39:31.7951452] [Debug  : LethalMin] (WeedKillerItem) Center: (-186.62, -97.90, 75.21)
[20:39:31.7951452] [Debug  : LethalMin] Creating counter for WeedKillerItem
[20:39:31.7951452] [Info   : LethalMin] Adding PikminItem Compoent to WalkieTalkie
[20:39:31.7951452] [Debug  : LethalMin] Calculated weight for Walkie-talkie: 0 lb, Devided weight: 0 lb
[20:39:31.7951452] [Debug  : LethalMin] (WalkieTalkie) Colider: WalkieTalkie (UnityEngine.BoxCollider)
[20:39:31.7951452] [Debug  : LethalMin] (WalkieTalkie) Center: (3.74, 1.82, -13.70)
[20:39:31.7951452] [Debug  : LethalMin] Creating counter for WalkieTalkie
[20:39:31.7951452] [Info   : LethalMin] Adding PikminItem Compoent to TZPChemical
[20:39:31.7951452] [Debug  : LethalMin] Calculated weight for TZP-Inhalant: 0 lb, Devided weight: 0 lb
[20:39:31.7951452] [Debug  : LethalMin] (TZPChemical) Colider: TZPChemical (UnityEngine.BoxCollider)
[20:39:31.7951452] [Debug  : LethalMin] (TZPChemical) Center: (-135.80, -142.79, 102.07)
[20:39:31.7951452] [Debug  : LethalMin] Creating counter for TZPChemical
[20:39:31.7961455] [Info   : LethalMin] Adding PikminItem Compoent to StunGrenade
[20:39:31.7961455] [Debug  : LethalMin] Calculated weight for Stun grenade: 5 lb, Devided weight: 2 lb
[20:39:31.7961455] [Debug  : LethalMin] (StunGrenade) Colider: StunGrenade (UnityEngine.BoxCollider)
[20:39:31.7961455] [Debug  : LethalMin] (StunGrenade) Center: (1.20, 1.99, -14.55)
[20:39:31.7961455] [Debug  : LethalMin] Creating counter for StunGrenade
[20:39:31.7961455] [Info   : LethalMin] Adding PikminItem Compoent to SprayPaintItem
[20:39:31.7961455] [Debug  : LethalMin] Calculated weight for Spray paint: 0 lb, Devided weight: 0 lb
[20:39:31.7961455] [Debug  : LethalMin] (SprayPaintItem) Colider: SprayPaintItem (UnityEngine.BoxCollider)
[20:39:31.7961455] [Debug  : LethalMin] (SprayPaintItem) Center: (-183.05, -98.27, 69.71)
[20:39:31.7961455] [Debug  : LethalMin] Creating counter for SprayPaintItem
[20:39:31.7961455] [Info   : LethalMin] Adding PikminItem Compoent to ShovelItem
[20:39:31.7961455] [Debug  : LethalMin] Calculated weight for Shovel: 14 lb, Devided weight: 5.6 lb
[20:39:31.7961455] [Debug  : LethalMin] (ShovelItem) Colider: ShovelItem (UnityEngine.BoxCollider)
[20:39:31.7961455] [Debug  : LethalMin] (ShovelItem) Center: (5.50, 1.85, -14.42)
[20:39:31.7971455] [Debug  : LethalMin] Creating counter for ShovelItem
[20:39:31.7971455] [Info   : LethalMin] Adding PikminItem Compoent to RadarBoosterDevice
[20:39:31.7971455] [Debug  : LethalMin] Calculated weight for Radar-booster: 19 lb, Devided weight: 7.6 lb
[20:39:31.7971455] [Debug  : LethalMin] (RadarBoosterDevice) Colider: RadarBoosterDevice (UnityEngine.BoxCollider)
[20:39:31.7971455] [Debug  : LethalMin] (RadarBoosterDevice) Center: (-203.45, 10.00, 38.85)
[20:39:31.7971455] [Debug  : LethalMin] Creating counter for RadarBoosterDevice
[20:39:31.7981452] [Info   : LethalMin] Adding PikminItem Compoent to FlashlightItem
[20:39:31.7981452] [Debug  : LethalMin] Calculated weight for Pro-flashlight: 5 lb, Devided weight: 2 lb
[20:39:31.7981452] [Debug  : LethalMin] (FlashlightItem) Colider: FlashlightItem (UnityEngine.BoxCollider)
[20:39:31.7981452] [Debug  : LethalMin] (FlashlightItem) Center: (40.00, -3.65, -2.61)
[20:39:31.7981452] [Debug  : LethalMin] Creating counter for FlashlightItem
[20:39:31.7981452] [Info   : LethalMin] Adding PikminItem Compoent to LockPickerItem
[20:39:31.7981452] [Debug  : LethalMin] Calculated weight for Lockpicker: 11 lb, Devided weight: 4.4 lb
[20:39:31.7981452] [Debug  : LethalMin] (LockPickerItem) Colider: LockPickerItem (UnityEngine.BoxCollider)
[20:39:31.7981452] [Debug  : LethalMin] (LockPickerItem) Center: (-178.02, -147.05, 66.30)
[20:39:31.7981452] [Debug  : LethalMin] Creating counter for LockPickerItem
[20:39:31.7991444] [Info   : LethalMin] Adding PikminItem Compoent to JetpackItem
[20:39:31.7991444] [Debug  : LethalMin] Calculated weight for Jetpack: 52 lb, Devided weight: 20.8 lb
[20:39:31.7991444] [Debug  : LethalMin] (JetpackItem) Colider: JetpackItem (UnityEngine.BoxCollider)
[20:39:31.7991444] [Debug  : LethalMin] (JetpackItem) Center: (2.64, 2.18, -13.87)
[20:39:31.7991444] [Debug  : LethalMin] Creating counter for JetpackItem
[20:39:31.8001446] [Info   : LethalMin] Adding PikminItem Compoent to BBFlashlight
[20:39:31.8001446] [Debug  : LethalMin] Calculated weight for Flashlight: 0 lb, Devided weight: 0 lb
[20:39:31.8001446] [Debug  : LethalMin] (BBFlashlight) Colider: BBFlashlight (UnityEngine.BoxCollider)
[20:39:31.8001446] [Debug  : LethalMin] (BBFlashlight) Center: (-3.55, 1.93, -15.05)
[20:39:31.8001446] [Debug  : LethalMin] Creating counter for BBFlashlight
[20:39:31.8001446] [Info   : LethalMin] Adding PikminItem Compoent to ExtensionLadderItem
[20:39:31.8001446] [Debug  : LethalMin] Calculated weight for Extension ladder: 0 lb, Devided weight: 0 lb
[20:39:31.8001446] [Debug  : LethalMin] (ExtensionLadderItem) Colider: ExtensionLadderItem (UnityEngine.BoxCollider)
[20:39:31.8001446] [Debug  : LethalMin] (ExtensionLadderItem) Center: (-138.61, -143.21, 100.35)
[20:39:31.8001446] [Debug  : LethalMin] Creating counter for ExtensionLadderItem
[20:39:31.8011448] [Info   : LethalMin] Adding PikminItem Compoent to BeltBagItem
[20:39:31.8011448] [Debug  : LethalMin] Calculated weight for Belt bag: 16 lb, Devided weight: 6.4 lb
[20:39:31.8011448] [Debug  : LethalMin] (BeltBagItem) Colider: BeltBagItem (UnityEngine.BoxCollider)
[20:39:31.8011448] [Debug  : LethalMin] (BeltBagItem) Center: (-175.92, -97.16, 73.91)
[20:39:31.8011448] [Debug  : LethalMin] Creating counter for BeltBagItem
[20:39:31.8011448] [Info   : LethalMin] Adding PikminItem Compoent to Boombox
[20:39:31.8011448] [Debug  : LethalMin] Calculated weight for Boombox: 16 lb, Devided weight: 6.4 lb
[20:39:31.8011448] [Debug  : LethalMin] (Boombox) Colider: Boombox (UnityEngine.BoxCollider)
[20:39:31.8011448] [Debug  : LethalMin] (Boombox) Center: (45.05, -3.21, -1.95)
[20:39:31.8011448] [Debug  : LethalMin] Creating counter for Boombox
[20:39:31.8021442] [Warning: LethalMin] Item GlowSeed is not valid for Pikmin! Skipping...
[20:39:31.8021442] [Info   : LethalMin] Adding PikminItem Compoent to PluckAphone
[20:39:31.8021442] [Debug  : LethalMin] Calculated weight for PluckAPhone: 0 lb, Devided weight: 0 lb
[20:39:31.8021442] [Debug  : LethalMin] (PluckAphone) Colider: PluckAphone (UnityEngine.BoxCollider)
[20:39:31.8021442] [Debug  : LethalMin] (PluckAphone) Center: (0.00, 0.00, 0.00)
[20:39:31.8021442] [Debug  : LethalMin] Creating counter for PluckAphone
[20:39:31.8021442] [Info   : LethalMin] Adding PikminItem Compoent to Whisle
[20:39:31.8021442] [Debug  : LethalMin] Calculated weight for Whistle: 0 lb, Devided weight: 0 lb
[20:39:31.8021442] [Debug  : LethalMin] (Whisle) Colider: Whisle (UnityEngine.BoxCollider)
[20:39:31.8021442] [Debug  : LethalMin] (Whisle) Center: (0.00, 0.00, 0.00)
[20:39:31.8021442] [Debug  : LethalMin] Creating counter for Whisle
[20:39:31.8021442] [Info   : LethalMin] Adding PikminItem Compoent to CatFood
[20:39:31.8021442] [Debug  : LethalMin] Calculated weight for Cat Food: 0 lb, Devided weight: 0 lb
[20:39:31.8021442] [Debug  : LethalMin] (CatFood) Colider: CatFood (UnityEngine.BoxCollider)
[20:39:31.8021442] [Debug  : LethalMin] (CatFood) Center: (0.00, 0.00, 0.00)
[20:39:31.8021442] [Debug  : LethalMin] Creating counter for CatFood
[20:39:31.8036909] [Info   : LethalMin] Adding PikminItem Compoent to MedKitMap
[20:39:31.8036909] [Debug  : LethalMin] Calculated weight for Medic Bag: 16 lb, Devided weight: 6.4 lb
[20:39:31.8036909] [Debug  : LethalMin] (MedKitMap) Colider: MedKitMap (UnityEngine.BoxCollider)
[20:39:31.8036909] [Debug  : LethalMin] (MedKitMap) Center: (0.00, 0.00, 0.00)
[20:39:31.8036909] [Debug  : LethalMin] Creating counter for MedKitMap
[20:39:31.8036909] [Info   : LethalMin] Adding PikminItem Compoent to gogglesPrefab
[20:39:31.8036909] [Debug  : LethalMin] Calculated weight for Night Vision Goggles: 4 lb, Devided weight: 1.6 lb
[20:39:31.8036909] [Debug  : LethalMin] (gogglesPrefab) Colider: gogglesPrefab (UnityEngine.BoxCollider)
[20:39:31.8036909] [Debug  : LethalMin] (gogglesPrefab) Center: (0.00, 0.00, 0.00)
[20:39:31.8036909] [Debug  : LethalMin] Creating counter for gogglesPrefab
[20:39:31.8046950] [Info   : LethalMin] Adding PikminItem Compoent to PingTool
[20:39:31.8046950] [Debug  : LethalMin] Calculated weight for Pinger: 3 lb, Devided weight: 1.2 lb
[20:39:31.8046950] [Debug  : LethalMin] (PingTool) Colider: PingTool (UnityEngine.BoxCollider)
[20:39:31.8046950] [Debug  : LethalMin] (PingTool) Center: (0.00, 0.00, 0.00)
[20:39:31.8046950] [Debug  : LethalMin] Creating counter for PingTool
[20:39:31.8046950] [Info   : LethalMin] Adding PikminItem Compoent to HackingTool
[20:39:31.8046950] [Debug  : LethalMin] Calculated weight for Hacking Tool: 5 lb, Devided weight: 2 lb
[20:39:31.8046950] [Debug  : LethalMin] (HackingTool) Colider: HackingTool (UnityEngine.BoxCollider)
[20:39:31.8046950] [Debug  : LethalMin] (HackingTool) Center: (0.00, 0.00, 0.00)
[20:39:31.8046950] [Debug  : LethalMin] Creating counter for HackingTool
[20:39:31.8056958] [Info   : LethalMin] Adding PikminItem Compoent to Flaregun
[20:39:31.8056958] [Debug  : LethalMin] Calculated weight for Flaregun: 3 lb, Devided weight: 1.2 lb
[20:39:31.8056958] [Debug  : LethalMin] (Flaregun) Colider: Flaregun (UnityEngine.BoxCollider)
[20:39:31.8056958] [Debug  : LethalMin] (Flaregun) Center: (0.00, 0.00, 0.00)
[20:39:31.8056958] [Debug  : LethalMin] Creating counter for Flaregun
[20:39:31.8056958] [Info   : LethalMin] Adding PikminItem Compoent to ToyHammer
[20:39:31.8056958] [Debug  : LethalMin] Calculated weight for Toy Hammer: 10 lb, Devided weight: 4 lb
[20:39:31.8056958] [Debug  : LethalMin] (ToyHammer) Colider: ToyHammer (UnityEngine.BoxCollider)
[20:39:31.8056958] [Debug  : LethalMin] (ToyHammer) Center: (5.50, 1.85, -14.42)
[20:39:31.8056958] [Debug  : LethalMin] Creating counter for ToyHammer
[20:39:31.8056958] [Info   : LethalMin] Adding PikminItem Compoent to HandheldRadar
[20:39:31.8056958] [Debug  : LethalMin] Calculated weight for Remote Radar: 5 lb, Devided weight: 2 lb
[20:39:31.8056958] [Debug  : LethalMin] (HandheldRadar) Colider: HandheldRadar (UnityEngine.BoxCollider)
[20:39:31.8056958] [Debug  : LethalMin] (HandheldRadar) Center: (0.00, 0.00, 0.00)
[20:39:31.8056958] [Debug  : LethalMin] Creating counter for HandheldRadar
[20:39:31.8056958] [Info   : LethalMin] Adding PikminItem Compoent to FlaregunAmmo
[20:39:31.8056958] [Debug  : LethalMin] Calculated weight for Emergency Flare (ammo): 1 lb, Devided weight: 0.4 lb
[20:39:31.8056958] [Debug  : LethalMin] (FlaregunAmmo) Colider: FlaregunAmmo (UnityEngine.BoxCollider)
[20:39:31.8056958] [Debug  : LethalMin] (FlaregunAmmo) Center: (0.00, 0.00, 0.00)
[20:39:31.8056958] [Debug  : LethalMin] Creating counter for FlaregunAmmo
[20:39:31.8071988] [Info   : LethalMin] Adding PikminItem Compoent to RocketLauncherAmmo
[20:39:31.8071988] [Debug  : LethalMin] Calculated weight for Missile: 9 lb, Devided weight: 3.6 lb
[20:39:31.8071988] [Debug  : LethalMin] (RocketLauncherAmmo) Colider: RocketLauncherAmmo (UnityEngine.BoxCollider)
[20:39:31.8071988] [Debug  : LethalMin] (RocketLauncherAmmo) Center: (0.00, 0.00, 0.00)
[20:39:31.8071988] [Debug  : LethalMin] Creating counter for RocketLauncherAmmo
[20:39:31.8071988] [Info   : LethalMin] Adding PikminItem Compoent to PouchItem
