[10:57:42.3883606] [Debug  :ainavt.lc.lethalconfig] Registered config "Matty's Fixes/LethalLib|com.github.biodiversitylc.Biodiversity/Motherboard"
[10:57:42.3883606] [Debug  :ainavt.lc.lethalconfig] Registered config "Matty's Fixes/LethalLib|com.github.biodiversitylc.Biodiversity/Coil-crab"
[10:57:42.3893609] [Debug  :ainavt.lc.lethalconfig] Registered config "Matty's Fixes/LethalLib|com.github.biodiversitylc.Biodiversity/Baboon Skull"
[10:57:42.3893609] [Debug  :ainavt.lc.lethalconfig] Registered config "Matty's Fixes/LethalLib|com.github.biodiversitylc.Biodiversity/Skull"
[10:57:42.3893609] [Debug  :ainavt.lc.lethalconfig] Registered config "Matty's Fixes/LethalLib|com.github.biodiversitylc.Biodiversity/Masked Mug"
[10:57:42.3893609] [Debug  :ainavt.lc.lethalconfig] Registered config "Matty's Fixes/LethalLib|com.github.biodiversitylc.Biodiversity/Ogopogo Trophy"
[10:57:42.3893609] [Debug  :ainavt.lc.lethalconfig] Registered config "Matty's Fixes/DawnLib|unknown_lib/SlayerShotgun"
[10:57:42.3893609] [Debug  :ainavt.lc.lethalconfig] Registered config "Matty's Fixes/DawnLib|unknown_lib/Grabbable Turret"
[10:57:42.3903598] [Debug  :ainavt.lc.lethalconfig] Registered config "Matty's Fixes/DawnLib|unknown_lib/Grabbable Landmine"
[10:57:42.3903598] [Info   : Unity Log] 1107298560
[10:57:42.3903598] [Info   : Unity Log] 1107298560
[10:57:42.4339700] [Info   :LethalLevelLoader] Loading Previously Saved SelectableLevel: Offense
[10:57:42.4339700] [Info   : Unity Log] level id: 8
[10:57:42.4339700] [Info   : Unity Log] Changing level
[10:57:42.4349700] [Info   :LethalLevelLoader] Refeshing Loaded Bundles Status!
[10:57:42.4349700] [Info   :LethalLevelLoader] Sending LoadedStatus: True To Server!
[10:57:42.4349700] [Info   :LethalLevelLoader] LoadedStatus Is Currently: (1 / 1)
[10:57:42.4349700] [Info   :LethalLevelLoader] Saving Current SelectableLevel: 21 Offense
[10:57:42.4399714] [Info   :GeneralImprovements] Updated fancy weather monitors
[10:57:42.4409698] [Info   :GeneralImprovements] Updated profit quota and deadline monitors
[10:57:42.4409698] [Info   : Unity Log] Loading from data: for 41 Experimentation: iterations at 0, starting at node #-1
[10:57:42.4409698] [Info   : Unity Log] Loading from data: for 220 Assurance: iterations at 0, starting at node #-1
[10:57:42.4409698] [Info   : Unity Log] Loading from data: for 56 Vow: iterations at 0, starting at node #-1
[10:57:42.4409698] [Info   : Unity Log] Loading from data: for 71 Gordion: iterations at 0, starting at node #-1
[10:57:42.4409698] [Info   : Unity Log] Loading from data: for 61 March: iterations at 0, starting at node #-1
[10:57:42.4409698] [Info   : Unity Log] Loading from data: for 20 Adamance: iterations at 5, starting at node #-1
[10:57:42.4419708] [Info   : Unity Log] Loading from data: for 85 Rend: iterations at 4, starting at node #-1
[10:57:42.4419708] [Info   : Unity Log] Loading from data: for 7 Dine: iterations at 0, starting at node #-1
[10:57:42.4419708] [Info   : Unity Log] Loading from data: for 21 Offense: iterations at 0, starting at node #-1
[10:57:42.4419708] [Info   : Unity Log] Loading from data: for 8 Titan: iterations at 0, starting at node #-1
[10:57:42.4419708] [Info   : Unity Log] Loading from data: for 68 Artifice: iterations at 0, starting at node #-1
[10:57:42.4419708] [Info   : Unity Log] Loading from data: for 44 Liquidation: iterations at 53, starting at node #-1
[10:57:42.4419708] [Info   : Unity Log] Loading from data: for 5 Embrion: iterations at 23, starting at node #-1
[10:57:42.4419708] [Info   : Unity Log] Loading from data: for 10 EGypt: iterations at 0, starting at node #-1
[10:57:42.4419708] [Info   : Unity Log] Loading from data: for 31 Arcadia: iterations at 13, starting at node #-1
[10:57:42.4419708] [Info   : Unity Log] Loading from data: for 161 Abaddon: iterations at 0, starting at node #-1
[10:57:42.4419708] [Info   : Unity Log] Loading from data: for 198 Cabal: iterations at 0, starting at node #-1
[10:57:42.4419708] [Info   : Unity Log] Loading from data: for 556 Flicker: iterations at 7, starting at node #-1
[10:57:42.4419708] [Info   : Unity Log] Loading from data: for The Iris: iterations at 0, starting at node #-1
[10:57:42.4419708] [Info   : Unity Log] Loading from data: for 551 Lament: iterations at 0, starting at node #-1
[10:57:42.4419708] [Info   : Unity Log] Loading from data: for 823 Bozoros: iterations at 0, starting at node #-1
[10:57:42.4419708] [Info   : Unity Log] Loading from data: for 559 Pareidolia: iterations at 0, starting at node #-1
[10:57:42.4419708] [Info   : Unity Log] Loading from data: for 556 Shutter: iterations at 0, starting at node #-1
[10:57:42.4419708] [Info   : Unity Log] Loading from data: for 32 Argent: iterations at 0, starting at node #-1
[10:57:42.4419708] [Info   : Unity Log] Loading from data: for 111 PsychSanctum: iterations at 0, starting at node #-1
[10:57:42.4419708] [Info   : Unity Log] Loading from data: for Sanguine: iterations at 0, starting at node #-1
[10:57:42.4419708] [Info   : Unity Log] Loading from data: for Spectralis: iterations at 0, starting at node #-1
[10:57:42.4419708] [Info   : Unity Log] Loading from data: for 37 Zenit: iterations at 0, starting at node #-1
[10:57:42.4419708] [Info   : Unity Log] Loading from data: for 607 Vigilance: iterations at 0, starting at node #-1
[10:57:42.4419708] [Info   : Unity Log] Loading from data: for Black Mesa: iterations at 0, starting at node #-1
[10:57:42.4419708] [Info   : Unity Log] Loading from data: for 745 Oxyde: iterations at 0, starting at node #-1
[10:57:42.4419708] [Info   : Unity Log] Weather chance: 0.5424005; 1
[10:57:42.4481011] [Info   : Unity Log] Item sales percentages #0: 0
[10:57:42.4481011] [Info   : Unity Log] Item sales percentages #1: 0
[10:57:42.4481011] [Info   : Unity Log] Item sales percentages #2: 0
[10:57:42.4481011] [Info   : Unity Log] Item sales percentages #3: 0
[10:57:42.4481011] [Info   : Unity Log] Item sales percentages #4: 0
[10:57:42.4481011] [Info   : Unity Log] Item sales percentages #5: 0
[10:57:42.4481011] [Info   : Unity Log] Item sales percentages #6: 0
[10:57:42.4481011] [Info   : Unity Log] Item sales percentages #7: 0
[10:57:42.4481011] [Info   : Unity Log] Item sales percentages #8: 0
[10:57:42.4481011] [Info   : Unity Log] Item sales percentages #9: 0
[10:57:42.4481011] [Info   : Unity Log] Item sales percentages #10: 0
[10:57:42.4481011] [Info   : Unity Log] Item sales percentages #11: 0
[10:57:42.4481011] [Info   : Unity Log] Item sales percentages #12: 0
[10:57:42.4481011] [Info   : Unity Log] Item sales percentages #13: 0
[10:57:42.4481011] [Info   : Unity Log] Item sales percentages #14: 0
[10:57:42.4481011] [Info   : Unity Log] Item sales percentages #15: 0
[10:57:42.4481011] [Info   : Unity Log] Item sales percentages #16: 0
[10:57:42.4481011] [Info   : Unity Log] Item sales percentages #17: 0
[10:57:42.4481011] [Info   : Unity Log] Item sales percentages #18: 0
[10:57:42.4481011] [Info   : Unity Log] Item sales percentages #19: 0
[10:57:42.4481011] [Info   : Unity Log] Item sales percentages #20: 0
[10:57:42.4481011] [Info   : Unity Log] Item sales percentages #21: 0
[10:57:42.4481011] [Info   : Unity Log] Item sales percentages #22: 0
[10:57:42.4481011] [Info   : Unity Log] Item sales percentages #23: 0
[10:57:42.4481011] [Info   : Unity Log] Item sales percentages #24: 0
[10:57:42.4481011] [Info   : Unity Log] Item sales percentages #25: 0
[10:57:42.4481011] [Info   : Unity Log] Item sales percentages #26: 0
[10:57:42.4481011] [Info   : Unity Log] Item sales percentages #27: 0
[10:57:42.4481011] [Info   : Unity Log] Item sales percentages #28: 0
[10:57:42.4481011] [Info   : Unity Log] Item sales percentages #29: 0
[10:57:42.4481011] [Info   : Unity Log] Item sales percentages #30: 0
[10:57:42.4481011] [Info   : Unity Log] Item sales percentages #31: 0
[10:57:42.4481011] [Info   :GeneralImprovements] Updated sales display.
[10:57:42.4531598] [Info   : Unity Log] unlockable index: 11; Light switch
[10:57:42.4531598] [Info   : Unity Log] Placing scene object at saved position: Light switch
[10:57:42.4732086] [Debug  :ScienceBirdTweaks] Parented furniture holder to ship!
[10:57:42.4742138] [Info   : Unity Log] unlockable index: 16; Terminal
[10:57:42.4742138] [Info   : Unity Log] Placing scene object at saved position: Terminal
[10:57:42.4917181] [Info   : Unity Log] use saved position data false; pos: (6.72, 1.94, -12.33); rot: (270.00, 181.80, 0.00)
[10:57:42.4917181] [Info   : Unity Log] Saving placed position as: (6.72, 1.94, -12.33)
[10:57:42.4927647] [Info   : Unity Log] unlockable index: 34; Med Station
[10:57:42.4927647] [Info   : Unity Log] Placing scene object at saved position: Med Station
[10:57:42.5097786] [Info   : Unity Log] unlockable index: 35; Item Charger
[10:57:42.5097786] [Info   : Unity Log] Placing scene object at saved position: Item Charger
[10:57:42.5257974] [Info   : Unity Log] unlockable index: 36; pikmin-container
[10:57:42.5257974] [Info   : Unity Log] Instantiating prefab for item pikmin-container
[10:57:42.5257974] [Info   : Unity Log] item awake: ShipOnion(Clone); id: -1
[10:57:42.5267963] [Info   : Unity Log] unlockable index: 262; Shutter
[10:57:42.5267963] [Info   : Unity Log] Instantiating prefab for item Shutter
[10:57:42.5267963] [Info   : Unity Log] item awake: PrefabShutterSwitch(Clone); id: 262
[10:57:42.5267963] [Info   : Unity Log] placedPosition: (0.00, 0.00, 0.00)
[10:57:42.5277957] [Info   : Unity Log] Luck calculated: 0
[10:57:42.5277957] [Info   : Unity Log] unlockable index: 0; Orange suit
[10:57:42.5277957] [Info   : Unity Log] item awake: ChangableSuit(Clone); id: -1
[10:57:42.5277957] [Warning: Unity Log] NetworkVariable is written to, but doesn't know its NetworkBehaviour yet. Are you modifying a NetworkVariable before the NetworkObject is spawned?
[10:57:42.5323016] [Debug  :ScienceBirdTweaks] Parenting suits to ship!
[10:57:42.5333053] [Info   : Unity Log] unlockable index: 265; Anby
[10:57:42.5333053] [Info   : Unity Log] item awake: ChangableSuit(Clone); id: -1
[10:57:42.5333053] [Warning: Unity Log] NetworkVariable is written to, but doesn't know its NetworkBehaviour yet. Are you modifying a NetworkVariable before the NetworkObject is spawned?
[10:57:42.5333053] [Debug  :ScienceBirdTweaks] Parenting suits to ship!
[10:57:42.5333053] [Info   : Unity Log] unlockable index: 266; Blake Belladonna [Timeskip]
[10:57:42.5333053] [Info   : Unity Log] item awake: ChangableSuit(Clone); id: -1
[10:57:42.5333053] [Warning: Unity Log] NetworkVariable is written to, but doesn't know its NetworkBehaviour yet. Are you modifying a NetworkVariable before the NetworkObject is spawned?
[10:57:42.5333053] [Debug  :ScienceBirdTweaks] Parenting suits to ship!
[10:57:42.5333053] [Info   : Unity Log] unlockable index: 267; Blake Belladonna
[10:57:42.5333053] [Info   : Unity Log] item awake: ChangableSuit(Clone); id: -1
[10:57:42.5333053] [Warning: Unity Log] NetworkVariable is written to, but doesn't know its NetworkBehaviour yet. Are you modifying a NetworkVariable before the NetworkObject is spawned?
[10:57:42.5333053] [Debug  :ScienceBirdTweaks] Parenting suits to ship!
[10:57:42.5333053] [Info   : Unity Log] unlockable index: 268; Cheval Grand [School]
[10:57:42.5333053] [Info   : Unity Log] item awake: ChangableSuit(Clone); id: -1
[10:57:42.5343038] [Warning: Unity Log] NetworkVariable is written to, but doesn't know its NetworkBehaviour yet. Are you modifying a NetworkVariable before the NetworkObject is spawned?
[10:57:42.5343038] [Debug  :ScienceBirdTweaks] Parenting suits to ship!
[10:57:42.5343038] [Info   : Unity Log] unlockable index: 269; Cheval Grand
[10:57:42.5343038] [Info   : Unity Log] item awake: ChangableSuit(Clone); id: -1
[10:57:42.5343038] [Warning: Unity Log] NetworkVariable is written to, but doesn't know its NetworkBehaviour yet. Are you modifying a NetworkVariable before the NetworkObject is spawned?
[10:57:42.5343038] [Debug  :ScienceBirdTweaks] Parenting suits to ship!
[10:57:42.5343038] [Info   : Unity Log] unlockable index: 270; Faust
[10:57:42.5343038] [Info   : Unity Log] item awake: ChangableSuit(Clone); id: -1
[10:57:42.5343038] [Warning: Unity Log] NetworkVariable is written to, but doesn't know its NetworkBehaviour yet. Are you modifying a NetworkVariable before the NetworkObject is spawned?
[10:57:42.5343038] [Debug  :ScienceBirdTweaks] Parenting suits to ship!
[10:57:42.5343038] [Info   : Unity Log] unlockable index: 271; Kiana [Finality]
[10:57:42.5343038] [Info   : Unity Log] item awake: ChangableSuit(Clone); id: -1
[10:57:42.5343038] [Warning: Unity Log] NetworkVariable is written to, but doesn't know its NetworkBehaviour yet. Are you modifying a NetworkVariable before the NetworkObject is spawned?
[10:57:42.5343038] [Debug  :ScienceBirdTweaks] Parenting suits to ship!
[10:57:42.5343038] [Info   : Unity Log] unlockable index: 272; Kiana
[10:57:42.5343038] [Info   : Unity Log] item awake: ChangableSuit(Clone); id: -1
[10:57:42.5343038] [Warning: Unity Log] NetworkVariable is written to, but doesn't know its NetworkBehaviour yet. Are you modifying a NetworkVariable before the NetworkObject is spawned?
[10:57:42.5353036] [Debug  :ScienceBirdTweaks] Parenting suits to ship!
[10:57:42.5353036] [Info   : Unity Log] unlockable index: 273; Mayano Top Gun [School]
[10:57:42.5353036] [Info   : Unity Log] item awake: ChangableSuit(Clone); id: -1
[10:57:42.5353036] [Warning: Unity Log] NetworkVariable is written to, but doesn't know its NetworkBehaviour yet. Are you modifying a NetworkVariable before the NetworkObject is spawned?
[10:57:42.5353036] [Debug  :ScienceBirdTweaks] Parenting suits to ship!
[10:57:42.5353036] [Info   : Unity Log] unlockable index: 274; Mayano Top Gun
[10:57:42.5353036] [Info   : Unity Log] item awake: ChangableSuit(Clone); id: -1
[10:57:42.5353036] [Warning: Unity Log] NetworkVariable is written to, but doesn't know its NetworkBehaviour yet. Are you modifying a NetworkVariable before the NetworkObject is spawned?
[10:57:42.5353036] [Debug  :ScienceBirdTweaks] Parenting suits to ship!
[10:57:42.5353036] [Info   : Unity Log] unlockable index: 275; Mejiro McQueen [School]
[10:57:42.5353036] [Info   : Unity Log] item awake: ChangableSuit(Clone); id: -1
[10:57:42.5353036] [Warning: Unity Log] NetworkVariable is written to, but doesn't know its NetworkBehaviour yet. Are you modifying a NetworkVariable before the NetworkObject is spawned?
[10:57:42.5363033] [Debug  :ScienceBirdTweaks] Parenting suits to ship!
[10:57:42.5363033] [Info   : Unity Log] unlockable index: 276; Mejiro McQueen
[10:57:42.5363033] [Info   : Unity Log] item awake: ChangableSuit(Clone); id: -1
[10:57:42.5363033] [Warning: Unity Log] NetworkVariable is written to, but doesn't know its NetworkBehaviour yet. Are you modifying a NetworkVariable before the NetworkObject is spawned?
[10:57:42.5363033] [Debug  :ScienceBirdTweaks] Parenting suits to ship!
[10:57:42.5363033] [Info   : Unity Log] unlockable index: 277; Mostima [Maid]
[10:57:42.5363033] [Info   : Unity Log] item awake: ChangableSuit(Clone); id: -1
[10:57:42.5363033] [Warning: Unity Log] NetworkVariable is written to, but doesn't know its NetworkBehaviour yet. Are you modifying a NetworkVariable before the NetworkObject is spawned?
[10:57:42.5363033] [Debug  :ScienceBirdTweaks] Parenting suits to ship!
[10:57:42.5363033] [Info   : Unity Log] unlockable index: 278; Mostima
[10:57:42.5363033] [Info   : Unity Log] item awake: ChangableSuit(Clone); id: -1
[10:57:42.5363033] [Warning: Unity Log] NetworkVariable is written to, but doesn't know its NetworkBehaviour yet. Are you modifying a NetworkVariable before the NetworkObject is spawned?
[10:57:42.5363033] [Debug  :ScienceBirdTweaks] Parenting suits to ship!
[10:57:42.5363033] [Info   : Unity Log] unlockable index: 279; Roland
[10:57:42.5363033] [Info   : Unity Log] item awake: ChangableSuit(Clone); id: -1
[10:57:42.5363033] [Warning: Unity Log] NetworkVariable is written to, but doesn't know its NetworkBehaviour yet. Are you modifying a NetworkVariable before the NetworkObject is spawned?
[10:57:42.5373026] [Debug  :ScienceBirdTweaks] Parenting suits to ship!
[10:57:42.5373026] [Info   : Unity Log] unlockable index: 280; Ruby Rose [Timeskip]
[10:57:42.5373026] [Info   : Unity Log] item awake: ChangableSuit(Clone); id: -1
[10:57:42.5373026] [Warning: Unity Log] NetworkVariable is written to, but doesn't know its NetworkBehaviour yet. Are you modifying a NetworkVariable before the NetworkObject is spawned?
[10:57:42.5373026] [Debug  :ScienceBirdTweaks] Parenting suits to ship!
[10:57:42.5373026] [Info   : Unity Log] unlockable index: 281; Ruby Rose
[10:57:42.5373026] [Info   : Unity Log] item awake: ChangableSuit(Clone); id: -1
[10:57:42.5373026] [Warning: Unity Log] NetworkVariable is written to, but doesn't know its NetworkBehaviour yet. Are you modifying a NetworkVariable before the NetworkObject is spawned?
[10:57:42.5373026] [Debug  :ScienceBirdTweaks] Parenting suits to ship!
[10:57:42.5373026] [Info   : Unity Log] unlockable index: 282; Silence Suzuka [School]
[10:57:42.5373026] [Info   : Unity Log] item awake: ChangableSuit(Clone); id: -1
[10:57:42.5373026] [Warning: Unity Log] NetworkVariable is written to, but doesn't know its NetworkBehaviour yet. Are you modifying a NetworkVariable before the NetworkObject is spawned?
[10:57:42.5373026] [Debug  :ScienceBirdTweaks] Parenting suits to ship!
[10:57:42.5373026] [Info   : Unity Log] unlockable index: 283; Silence Suzuka
[10:57:42.5373026] [Info   : Unity Log] item awake: ChangableSuit(Clone); id: -1
[10:57:42.5373026] [Warning: Unity Log] NetworkVariable is written to, but doesn't know its NetworkBehaviour yet. Are you modifying a NetworkVariable before the NetworkObject is spawned?
[10:57:42.5373026] [Debug  :ScienceBirdTweaks] Parenting suits to ship!
[10:57:42.5383041] [Info   : Unity Log] unlockable index: 284; Sparkle
[10:57:42.5383041] [Info   : Unity Log] item awake: ChangableSuit(Clone); id: -1
[10:57:42.5383041] [Warning: Unity Log] NetworkVariable is written to, but doesn't know its NetworkBehaviour yet. Are you modifying a NetworkVariable before the NetworkObject is spawned?
[10:57:42.5383041] [Debug  :ScienceBirdTweaks] Parenting suits to ship!
[10:57:42.5383041] [Info   : Unity Log] unlockable index: 285; Theresa [Lunar Vow]
[10:57:42.5383041] [Info   : Unity Log] item awake: ChangableSuit(Clone); id: -1
[10:57:42.5383041] [Warning: Unity Log] NetworkVariable is written to, but doesn't know its NetworkBehaviour yet. Are you modifying a NetworkVariable before the NetworkObject is spawned?
[10:57:42.5383041] [Debug  :ScienceBirdTweaks] Parenting suits to ship!
[10:57:42.5383041] [Info   : Unity Log] unlockable index: 286; Weedy
[10:57:42.5383041] [Info   : Unity Log] item awake: ChangableSuit(Clone); id: -1
[10:57:42.5383041] [Warning: Unity Log] NetworkVariable is written to, but doesn't know its NetworkBehaviour yet. Are you modifying a NetworkVariable before the NetworkObject is spawned?
[10:57:42.5383041] [Debug  :ScienceBirdTweaks] Parenting suits to ship!
[10:57:42.5383041] [Info   : Unity Log] unlockable index: 287; Weiss Schnee [Timeskip]
[10:57:42.5383041] [Info   : Unity Log] item awake: ChangableSuit(Clone); id: -1
[10:57:42.5383041] [Warning: Unity Log] NetworkVariable is written to, but doesn't know its NetworkBehaviour yet. Are you modifying a NetworkVariable before the NetworkObject is spawned?
[10:57:42.5383041] [Debug  :ScienceBirdTweaks] Parenting suits to ship!
[10:57:42.5393028] [Info   : Unity Log] unlockable index: 288; Weiss Schnee
[10:57:42.5393028] [Info   : Unity Log] item awake: ChangableSuit(Clone); id: -1
[10:57:42.5393028] [Warning: Unity Log] NetworkVariable is written to, but doesn't know its NetworkBehaviour yet. Are you modifying a NetworkVariable before the NetworkObject is spawned?
[10:57:42.5393028] [Debug  :ScienceBirdTweaks] Parenting suits to ship!
[10:57:42.5393028] [Info   : Unity Log] unlockable index: 289; Yae Sakura [Neon Shade]
[10:57:42.5393028] [Info   : Unity Log] item awake: ChangableSuit(Clone); id: -1
[10:57:42.5393028] [Warning: Unity Log] NetworkVariable is written to, but doesn't know its NetworkBehaviour yet. Are you modifying a NetworkVariable before the NetworkObject is spawned?
[10:57:42.5393028] [Debug  :ScienceBirdTweaks] Parenting suits to ship!
[10:57:42.5393028] [Info   : Unity Log] unlockable index: 290; Yang Xiao Long [Timeskip]
[10:57:42.5393028] [Info   : Unity Log] item awake: ChangableSuit(Clone); id: -1
[10:57:42.5393028] [Warning: Unity Log] NetworkVariable is written to, but doesn't know its NetworkBehaviour yet. Are you modifying a NetworkVariable before the NetworkObject is spawned?
[10:57:42.5393028] [Debug  :ScienceBirdTweaks] Parenting suits to ship!
[10:57:42.5393028] [Info   : Unity Log] unlockable index: 291; Yang Xiao Long
[10:57:42.5393028] [Info   : Unity Log] item awake: ChangableSuit(Clone); id: -1
[10:57:42.5393028] [Warning: Unity Log] NetworkVariable is written to, but doesn't know its NetworkBehaviour yet. Are you modifying a NetworkVariable before the NetworkObject is spawned?
[10:57:42.5393028] [Debug  :ScienceBirdTweaks] Parenting suits to ship!
[10:57:42.5403024] [Info   : Unity Log] unlockable index: 292; Zero Two [Red Suit]
[10:57:42.5403024] [Info   : Unity Log] item awake: ChangableSuit(Clone); id: -1
[10:57:42.5403024] [Warning: Unity Log] NetworkVariable is written to, but doesn't know its NetworkBehaviour yet. Are you modifying a NetworkVariable before the NetworkObject is spawned?
[10:57:42.5403024] [Debug  :ScienceBirdTweaks] Parenting suits to ship!
[10:57:42.5403024] [Info   : Unity Log] unlockable index: 293; Zero Two [School]
[10:57:42.5403024] [Info   : Unity Log] item awake: ChangableSuit(Clone); id: -1
[10:57:42.5403024] [Warning: Unity Log] NetworkVariable is written to, but doesn't know its NetworkBehaviour yet. Are you modifying a NetworkVariable before the NetworkObject is spawned?
[10:57:42.5403024] [Debug  :ScienceBirdTweaks] Parenting suits to ship!
[10:57:42.5403024] [Info   : Unity Log] unlockable index: 294; Zero Two [White Suit]
[10:57:42.5403024] [Info   : Unity Log] item awake: ChangableSuit(Clone); id: -1
[10:57:42.5403024] [Warning: Unity Log] NetworkVariable is written to, but doesn't know its NetworkBehaviour yet. Are you modifying a NetworkVariable before the NetworkObject is spawned?
[10:57:42.5403024] [Debug  :ScienceBirdTweaks] Parenting suits to ship!
[10:57:42.5403024] [Info   : Unity Log] unlockable index: 295; Zero Two
[10:57:42.5403024] [Info   : Unity Log] item awake: ChangableSuit(Clone); id: -1
[10:57:42.5403024] [Warning: Unity Log] NetworkVariable is written to, but doesn't know its NetworkBehaviour yet. Are you modifying a NetworkVariable before the NetworkObject is spawned?
[10:57:42.5403024] [Debug  :ScienceBirdTweaks] Parenting suits to ship!
[10:57:42.5403024] [Info   : Unity Log] unlockable index: 296; Glow
[10:57:42.5403024] [Info   : Unity Log] item awake: ChangableSuit(Clone); id: -1
[10:57:42.5403024] [Warning: Unity Log] NetworkVariable is written to, but doesn't know its NetworkBehaviour yet. Are you modifying a NetworkVariable before the NetworkObject is spawned?
[10:57:42.5403024] [Debug  :ScienceBirdTweaks] Parenting suits to ship!
[10:57:42.5403024] [Info   : Unity Log] unlockable index: 297; Kirby
[10:57:42.5403024] [Info   : Unity Log] item awake: ChangableSuit(Clone); id: -1
[10:57:42.5403024] [Warning: Unity Log] NetworkVariable is written to, but doesn't know its NetworkBehaviour yet. Are you modifying a NetworkVariable before the NetworkObject is spawned?
[10:57:42.5418070] [Debug  :ScienceBirdTweaks] Parenting suits to ship!
[10:57:42.5418070] [Info   : Unity Log] unlockable index: 298; Knuckles
[10:57:42.5418070] [Info   : Unity Log] item awake: ChangableSuit(Clone); id: -1
[10:57:42.5418070] [Warning: Unity Log] NetworkVariable is written to, but doesn't know its NetworkBehaviour yet. Are you modifying a NetworkVariable before the NetworkObject is spawned?
[10:57:42.5418070] [Debug  :ScienceBirdTweaks] Parenting suits to ship!
[10:57:42.5418070] [Info   : Unity Log] unlockable index: 299; Luigi
[10:57:42.5418070] [Info   : Unity Log] item awake: ChangableSuit(Clone); id: -1
[10:57:42.5418070] [Warning: Unity Log] NetworkVariable is written to, but doesn't know its NetworkBehaviour yet. Are you modifying a NetworkVariable before the NetworkObject is spawned?
[10:57:42.5418070] [Debug  :ScienceBirdTweaks] Parenting suits to ship!
[10:57:42.5418070] [Info   : Unity Log] unlockable index: 300; Mario
[10:57:42.5418070] [Info   : Unity Log] item awake: ChangableSuit(Clone); id: -1
[10:57:42.5418070] [Warning: Unity Log] NetworkVariable is written to, but doesn't know its NetworkBehaviour yet. Are you modifying a NetworkVariable before the NetworkObject is spawned?
[10:57:42.5418070] [Debug  :ScienceBirdTweaks] Parenting suits to ship!
[10:57:42.5428106] [Info   : Unity Log] unlockable index: 301; Minion
[10:57:42.5428106] [Info   : Unity Log] item awake: ChangableSuit(Clone); id: -1
[10:57:42.5428106] [Warning: Unity Log] NetworkVariable is written to, but doesn't know its NetworkBehaviour yet. Are you modifying a NetworkVariable before the NetworkObject is spawned?
[10:57:42.5428106] [Debug  :ScienceBirdTweaks] Parenting suits to ship!
[10:57:42.5428106] [Info   : Unity Log] unlockable index: 302; Skeleton
[10:57:42.5428106] [Info   : Unity Log] item awake: ChangableSuit(Clone); id: -1
[10:57:42.5428106] [Warning: Unity Log] NetworkVariable is written to, but doesn't know its NetworkBehaviour yet. Are you modifying a NetworkVariable before the NetworkObject is spawned?
[10:57:42.5428106] [Debug  :ScienceBirdTweaks] Parenting suits to ship!
[10:57:42.5428106] [Info   : Unity Log] unlockable index: 303; Slayer
[10:57:42.5428106] [Info   : Unity Log] item awake: ChangableSuit(Clone); id: -1
[10:57:42.5428106] [Warning: Unity Log] NetworkVariable is written to, but doesn't know its NetworkBehaviour yet. Are you modifying a NetworkVariable before the NetworkObject is spawned?
[10:57:42.5428106] [Debug  :ScienceBirdTweaks] Parenting suits to ship!
[10:57:42.5428106] [Info   : Unity Log] unlockable index: 304; Smile
[10:57:42.5428106] [Info   : Unity Log] item awake: ChangableSuit(Clone); id: -1
[10:57:42.5428106] [Warning: Unity Log] NetworkVariable is written to, but doesn't know its NetworkBehaviour yet. Are you modifying a NetworkVariable before the NetworkObject is spawned?
[10:57:42.5438112] [Debug  :ScienceBirdTweaks] Parenting suits to ship!
[10:57:42.5463192] [Info   :TooManyEmotes-2.3.17] Loading game values.
[10:57:42.5463192] [Info   :TooManyEmotes-2.3.17] Resetting unlocked emotes.
[10:57:42.5473189] [Info   :TooManyEmotes-2.3.17] Loading 0 unlocked emotes for player: MasaeAhmya
[10:57:42.5473189] [Info   :TooManyEmotes-2.3.17] Loading 100 emote credits for player: MasaeAhmya
[10:57:42.5473189] [Info   :TooManyEmotes-2.3.17] Loaded Seed: 746501728
[10:57:42.5699224] [Error  : Unity Log] Scan node is missing for item!: WeedKillerItem(Clone)
[10:57:42.5699224] [Info   :ReservedSprayPaintSlot-1.1.3] Loading spraypaint save data. Remaining capacity: 10
[10:57:42.5739543] [Error  : Unity Log] Scan node is missing for item!: ShovelItem(Clone)
[10:57:42.5749540] [Error  : Unity Log] Scan node is missing for item!: FlashlightItem(Clone)
[10:57:42.5749540] [Error  : Unity Log] Scan node is missing for item!: ShovelItem(Clone)
[10:57:42.5759554] [Debug  :ScienceBirdTweaks] Setting subtext...
[10:57:42.6000829] [Info   :GeneralImprovements] Updated ship scrap total monitors to $1448 (16 items).
[10:57:42.6256202] [Debug  :MrHat.BasedDecorPlacement] Ship out of bounds trigger expanded for furniture placement
[10:57:42.6256202] [Debug  : LightsOut] PhysicsProp has no light
[10:57:42.6256202] [Debug  : LightsOut] ClipboardItem is not a predefined type
[10:57:42.6256202] [Debug  : LightsOut] SprayPaintItem is not a predefined type
[10:57:42.6256202] [Debug  : LightsOut] Shovel is not a predefined type
[10:57:42.6256202] [Debug  : LightsOut] FlashlightItem is not a predefined type
[10:57:42.6256202] [Debug  : LightsOut] Shovel is not a predefined type
[10:57:42.6256202] [Debug  : LightsOut] Money is not a predefined type
[10:57:42.6266195] [Debug  : LightsOut] KeyItem is not a predefined type
[10:57:42.6266195] [Debug  : LightsOut] KeyItem is not a predefined type
[10:57:42.6266195] [Debug  : LightsOut] KeyItem is not a predefined type
[10:57:42.6266195] [Debug  : LightsOut] PhysicsProp has no light
[10:57:42.6266195] [Debug  : LightsOut] Arson is not a predefined type
[10:57:42.6266195] [Debug  : LightsOut] PhysicsProp has no light
[10:57:42.6266195] [Debug  : LightsOut] PhysicsProp has no light
[10:57:42.6266195] [Debug  : LightsOut] PhysicsProp has no light
[10:57:42.6266195] [Debug  : LightsOut] NoisemakerProp is not a predefined type
[10:57:42.6266195] [Debug  : LightsOut] PhysicsProp has no light
[10:57:42.6266195] [Debug  : LightsOut] PhysicsProp has no light
[10:57:42.6266195] [Debug  : LightsOut] PhysicsProp has no light
[10:57:42.6266195] [Debug  : LightsOut] PhysicsProp has no light
[10:57:42.6266195] [Debug  : LightsOut] PhysicsProp has no light
[10:57:42.6266195] [Debug  : LightsOut] PhysicsProp has no light
[10:57:42.6266195] [Debug  : LightsOut] PhysicsProp has no light
[10:57:42.6266195] [Debug  : LightsOut] PhysicsProp has no light
[10:57:42.6266195] [Debug  : LightsOut] Disabling light of Mystic Cristal
[10:57:42.6266195] [Debug  : LightsOut] KeyItem is not a predefined type
[10:57:42.6266195] [Debug  : LightsOut] KeyItem is not a predefined type
[10:57:42.6266195] [Debug  : LightsOut] PhysicsProp has no light
[10:57:42.6306185] [Warning:qwbarch.Mirage] Failed to register a scrap item to the config: "Iron" Ingot
[10:57:42.6321257] [Warning:qwbarch.Mirage] Failed to register a scrap item to the config: Cartridge [Racing into the Night]
[10:57:42.6321257] [Warning:qwbarch.Mirage] Failed to register a scrap item to the config: Cartridge [ReDreaming Angel]
[10:57:42.6321257] [Warning:qwbarch.Mirage] Failed to register a scrap item to the config: Cartridge [Glitched]
[10:57:42.6321257] [Info   : Unity Log] Loaded vehicle ID: -1
[10:57:42.6331312] [Info   :GeneralImprovements] Updated fancy weather monitors
[10:57:42.6351344] [Info   : Unity Log] april 1 date: Wednesday, April 1, 2026
[10:57:42.6351344] [Info   : Unity Log] DateTime.Today: Monday, September 14, 2026
[10:57:42.6446500] [Info   : Unity Log] item awake: TooManySuitsPageLabel; id: -1
[10:57:42.6456490] [Info   :JacobG5.JLL] [User] JLL Network Manager Initialized.
[10:57:42.6456490] [Info   :TooManyEmotes-2.3.17] Rotating emote selection in store. Seed: 746501728
[10:57:42.6480587] [Info   :OpenBodyCams] Using custom camera settings from MainCamera.
[10:57:42.6485648] [Debug  :Mask Fixes] Random suit list: Added "Orange suit"
[10:57:42.6485648] [Debug  :Mask Fixes] Random suit list: Added "Green suit"
[10:57:42.6495699] [Debug  :Mask Fixes] Random suit list: Added "Hazard suit"
[10:57:42.6495699] [Debug  :Mask Fixes] Random suit list: Added "Pajama suit"
[10:57:42.6495699] [Debug  :Mask Fixes] Random suit list: Added "Purple Suit"
[10:57:42.6495699] [Debug  :Mask Fixes] Random suit list: Added "Bee Suit"
[10:57:42.6495699] [Debug  :Mask Fixes] Random suit list: Added "Bunny Suit"
[10:57:42.6560763] [Info   :More Ship Upgrades] Registering key item under level 0 of Fusion Matter
[10:57:42.6560763] [Info   :More Ship Upgrades] Registering flashlight item under level 0 of Fusion Matter
[10:57:42.6560763] [Info   :More Ship Upgrades] Registering walkie-talkie item under level 0 of Fusion Matter
[10:57:42.6560763] [Info   :More Ship Upgrades] Registering shovel item under level 1 of Fusion Matter
[10:57:42.6560763] [Info   :More Ship Upgrades] Registering pro-flashlight item under level 1 of Fusion Matter
[10:57:42.6560763] [Info   :More Ship Upgrades] Registering belt bag item under level 2 of Fusion Matter
[10:57:42.6560763] [Info   :More Ship Upgrades] Registering radar-booster item under level 2 of Fusion Matter
[10:57:42.6560763] [Info   :More Ship Upgrades] [Hunter] Hoarding Bug set to be harvestable at level 1
[10:57:42.6560763] [Info   :More Ship Upgrades] [Hunter] Snare Flea set to be harvestable at level 1
[10:57:42.6560763] [Info   :More Ship Upgrades] [Hunter] Spore Lizard set to be harvestable at level 1
[10:57:42.6560763] [Info   :More Ship Upgrades] [Hunter] Bunker Spider set to be harvestable at level 2
[10:57:42.6560763] [Info   :More Ship Upgrades] [Hunter] Baboon Hawk set to be harvestable at level 2
[10:57:42.6560763] [Info   :More Ship Upgrades] [Hunter] Tulip Snake set to be harvestable at level 2
[10:57:42.6560763] [Info   :More Ship Upgrades] [Hunter] Kidnapper Fox set to be harvestable at level 2
[10:57:42.6560763] [Info   :More Ship Upgrades] [Hunter] Giant Kiwi set to be harvestable at level 2
[10:57:42.6560763] [Info   :More Ship Upgrades] [Hunter] Bracken set to be harvestable at level 3
[10:57:42.6560763] [Info   :More Ship Upgrades] [Hunter] Eyeless Dog set to be harvestable at level 3
[10:57:42.6560763] [Info   :More Ship Upgrades] [Hunter] Half/Thumper set to be harvestable at level 3
[10:57:42.6560763] [Info   :More Ship Upgrades] [Hunter] Manticoil set to be harvestable at level 3
[10:57:42.6560763] [Info   :More Ship Upgrades] [Hunter] Maneater set to be harvestable at level 3
[10:57:42.6560763] [Info   :More Ship Upgrades] [Hunter] Forest Giant set to be harvestable at level 4
[10:57:42.6570767] [Info   :More Ship Upgrades] [UpgradeBus] Successfully reconstructed with hosts config.
[10:57:42.6570767] [Info   :MoreBattery] MoreBattery: Configuration successfully synchronized with host!
[10:57:42.6595811] [Info   :BrutalCompanyMinusExtraReborn] Attempting to load randomizer data
[10:57:42.6690987] [Info   :KawaiiBone.Remnants] Patching register body suits.
[10:57:42.6700986] [Info   :KawaiiBone.Remnants] Registering suits data.
[10:57:42.6700986] [Info   :KawaiiBone.Remnants] Register suit data of: Orange suit
[10:57:42.6700986] [Info   :KawaiiBone.Remnants] Register suit data of: Green suit
[10:57:42.6700986] [Info   :KawaiiBone.Remnants] Register suit data of: Hazard suit
[10:57:42.6700986] [Info   :KawaiiBone.Remnants] Register suit data of: Pajama suit
[10:57:42.6700986] [Info   :KawaiiBone.Remnants] Register suit data of: Purple Suit
[10:57:42.6700986] [Info   :KawaiiBone.Remnants] Register suit data of: Bee Suit
[10:57:42.6700986] [Info   :KawaiiBone.Remnants] Register suit data of: Bunny Suit
[10:57:42.6700986] [Info   :KawaiiBone.Remnants] Register suit data of: Anby
[10:57:42.6700986] [Info   :KawaiiBone.Remnants] Register suit data of: Blake Belladonna
[10:57:42.6700986] [Info   :KawaiiBone.Remnants] Register suit data of: Cheval Grand
[10:57:42.6700986] [Info   :KawaiiBone.Remnants] Register suit data of: Faust
[10:57:42.6700986] [Info   :KawaiiBone.Remnants] Register suit data of: Kiana
[10:57:42.6700986] [Info   :KawaiiBone.Remnants] Register suit data of: Mayano Top Gun
[10:57:42.6700986] [Info   :KawaiiBone.Remnants] Register suit data of: Mejiro McQueen
[10:57:42.6700986] [Info   :KawaiiBone.Remnants] Register suit data of: Mostima
[10:57:42.6700986] [Info   :KawaiiBone.Remnants] Register suit data of: Roland
[10:57:42.6700986] [Info   :KawaiiBone.Remnants] Register suit data of: Ruby Rose
[10:57:42.6700986] [Info   :KawaiiBone.Remnants] Register suit data of: Silence Suzuka
[10:57:42.6700986] [Info   :KawaiiBone.Remnants] Register suit data of: Sparkle
[10:57:42.6700986] [Info   :KawaiiBone.Remnants] Register suit data of: Weedy
[10:57:42.6700986] [Info   :KawaiiBone.Remnants] Register suit data of: Weiss Schnee
[10:57:42.6700986] [Info   :KawaiiBone.Remnants] Register suit data of: Yang Xiao Long
[10:57:42.6700986] [Info   :KawaiiBone.Remnants] Register suit data of: Zero Two
[10:57:42.6700986] [Info   :KawaiiBone.Remnants] Register suit data of: Glow
[10:57:42.6700986] [Info   :KawaiiBone.Remnants] Register suit data of: Kirby
[10:57:42.6700986] [Info   :KawaiiBone.Remnants] Register suit data of: Knuckles
[10:57:42.6700986] [Info   :KawaiiBone.Remnants] Register suit data of: Luigi
[10:57:42.6700986] [Info   :KawaiiBone.Remnants] Register suit data of: Mario
[10:57:42.6700986] [Info   :KawaiiBone.Remnants] Register suit data of: Minion
[10:57:42.6700986] [Info   :KawaiiBone.Remnants] Register suit data of: Skeleton
[10:57:42.6700986] [Info   :KawaiiBone.Remnants] Register suit data of: Slayer
[10:57:42.6700986] [Info   :KawaiiBone.Remnants] Register suit data of: Smile
[10:57:42.6700986] [Info   :KawaiiBone.Remnants] Suits data registered.
[10:57:42.6716016] [Message:LethalSponge] ---
[10:57:42.6716016] [Message:LethalSponge] Initializing Sponge
[10:57:42.6716016] [Message:LethalSponge] Type '/sponge help' in chat for commands.
[10:57:42.6716016] [Message:LethalSponge] Sponge Initialised.
[10:57:42.6716016] [Message:LethalSponge] ---
[10:57:42.6801263] [Message:LethalSponge] Finding Ship cameras.
[10:57:42.6811267] [Message:LethalSponge] Ship cameras patched.
[10:57:43.0687146] [Info   : LethalMin] Created Item Arrival Zone of type Ship on object HangarShip
[10:57:43.0687146] [Info   : LethalMin] Creating PikminManager
[10:57:43.2264541] [Info   :ScienceBirdTweaks] ShipFloodlightController component added.
[10:57:43.2329685] [Debug  :ainavt.lc.lethalconfig] Registered config "Scopophobia/41 Experimentation Spawn Settings/SpawnWeight"
[10:57:43.2329685] [Debug  :ainavt.lc.lethalconfig] Registered config "Scopophobia/41 Experimentation Spawn Settings/MaxSpawnCount"
[10:57:43.2329685] [Debug  :ainavt.lc.lethalconfig] Registered config "Scopophobia/41 Experimentation Spawn Settings/SpawnInside"
[10:57:43.2329685] [Debug  :ainavt.lc.lethalconfig] Registered config "Scopophobia/41 Experimentation Spawn Settings/SpawnOutside"
[10:57:43.2339674] [Debug  :ainavt.lc.lethalconfig] Registered config "Scopophobia/220 Assurance Spawn Settings/SpawnWeight"
[10:57:43.2339674] [Debug  :ainavt.lc.lethalconfig] Registered config "Scopophobia/220 Assurance Spawn Settings/MaxSpawnCount"
[10:57:43.2339674] [Debug  :ainavt.lc.lethalconfig] Registered config "Scopophobia/220 Assurance Spawn Settings/SpawnInside"
[10:57:43.2339674] [Debug  :ainavt.lc.lethalconfig] Registered config "Scopophobia/220 Assurance Spawn Settings/SpawnOutside"
[10:57:43.2349670] [Debug  :ainavt.lc.lethalconfig] Registered config "Scopophobia/56 Vow Spawn Settings/SpawnWeight"
[10:57:43.2349670] [Debug  :ainavt.lc.lethalconfig] Registered config "Scopophobia/56 Vow Spawn Settings/MaxSpawnCount"
[10:57:43.2349670] [Debug  :ainavt.lc.lethalconfig] Registered config "Scopophobia/56 Vow Spawn Settings/SpawnInside"
[10:57:43.2349670] [Debug  :ainavt.lc.lethalconfig] Registered config "Scopophobia/56 Vow Spawn Settings/SpawnOutside"
[10:57:43.2359663] [Debug  :ainavt.lc.lethalconfig] Registered config "Scopophobia/61 March Spawn Settings/SpawnWeight"
[10:57:43.2359663] [Debug  :ainavt.lc.lethalconfig] Registered config "Scopophobia/61 March Spawn Settings/MaxSpawnCount"
[10:57:43.2359663] [Debug  :ainavt.lc.lethalconfig] Registered config "Scopophobia/61 March Spawn Settings/SpawnInside"
[10:57:43.2359663] [Debug  :ainavt.lc.lethalconfig] Registered config "Scopophobia/61 March Spawn Settings/SpawnOutside"
[10:57:43.2369668] [Debug  :ainavt.lc.lethalconfig] Registered config "Scopophobia/20 Adamance Spawn Settings/SpawnWeight"
[10:57:43.2369668] [Debug  :ainavt.lc.lethalconfig] Registered config "Scopophobia/20 Adamance Spawn Settings/MaxSpawnCount"
[10:57:43.2369668] [Debug  :ainavt.lc.lethalconfig] Registered config "Scopophobia/20 Adamance Spawn Settings/SpawnInside"
[10:57:43.2369668] [Debug  :ainavt.lc.lethalconfig] Registered config "Scopophobia/20 Adamance Spawn Settings/SpawnOutside"
[10:57:43.2379664] [Debug  :ainavt.lc.lethalconfig] Registered config "Scopophobia/85 Rend Spawn Settings/SpawnWeight"
[10:57:43.2379664] [Debug  :ainavt.lc.lethalconfig] Registered config "Scopophobia/85 Rend Spawn Settings/MaxSpawnCount"
[10:57:43.2379664] [Debug  :ainavt.lc.lethalconfig] Registered config "Scopophobia/85 Rend Spawn Settings/SpawnInside"
[10:57:43.2379664] [Debug  :ainavt.lc.lethalconfig] Registered config "Scopophobia/85 Rend Spawn Settings/SpawnOutside"
[10:57:43.2389685] [Debug  :ainavt.lc.lethalconfig] Registered config "Scopophobia/7 Dine Spawn Settings/SpawnWeight"
[10:57:43.2389685] [Debug  :ainavt.lc.lethalconfig] Registered config "Scopophobia/7 Dine Spawn Settings/MaxSpawnCount"
[10:57:43.2389685] [Debug  :ainavt.lc.lethalconfig] Registered config "Scopophobia/7 Dine Spawn Settings/SpawnInside"
[10:57:43.2389685] [Debug  :ainavt.lc.lethalconfig] Registered config "Scopophobia/7 Dine Spawn Settings/SpawnOutside"
[10:57:43.2399669] [Debug  :ainavt.lc.lethalconfig] Registered config "Scopophobia/21 Offense Spawn Settings/SpawnWeight"
[10:57:43.2399669] [Debug  :ainavt.lc.lethalconfig] Registered config "Scopophobia/21 Offense Spawn Settings/MaxSpawnCount"
[10:57:43.2399669] [Debug  :ainavt.lc.lethalconfig] Registered config "Scopophobia/21 Offense Spawn Settings/SpawnInside"
[10:57:43.2399669] [Debug  :ainavt.lc.lethalconfig] Registered config "Scopophobia/21 Offense Spawn Settings/SpawnOutside"
[10:57:43.2409672] [Debug  :ainavt.lc.lethalconfig] Registered config "Scopophobia/8 Titan Spawn Settings/SpawnWeight"
[10:57:43.2409672] [Debug  :ainavt.lc.lethalconfig] Registered config "Scopophobia/8 Titan Spawn Settings/MaxSpawnCount"
[10:57:43.2409672] [Debug  :ainavt.lc.lethalconfig] Registered config "Scopophobia/8 Titan Spawn Settings/SpawnInside"
[10:57:43.2409672] [Debug  :ainavt.lc.lethalconfig] Registered config "Scopophobia/8 Titan Spawn Settings/SpawnOutside"
[10:57:43.2419670] [Debug  :ainavt.lc.lethalconfig] Registered config "Scopophobia/68 Artifice Spawn Settings/SpawnWeight"
[10:57:43.2419670] [Debug  :ainavt.lc.lethalconfig] Registered config "Scopophobia/68 Artifice Spawn Settings/MaxSpawnCount"
[10:57:43.2419670] [Debug  :ainavt.lc.lethalconfig] Registered config "Scopophobia/68 Artifice Spawn Settings/SpawnInside"
[10:57:43.2419670] [Debug  :ainavt.lc.lethalconfig] Registered config "Scopophobia/68 Artifice Spawn Settings/SpawnOutside"
[10:57:43.2431072] [Debug  :ainavt.lc.lethalconfig] Registered config "Scopophobia/44 Liquidation Spawn Settings/SpawnWeight"
[10:57:43.2431072] [Debug  :ainavt.lc.lethalconfig] Registered config "Scopophobia/44 Liquidation Spawn Settings/MaxSpawnCount"
[10:57:43.2431072] [Debug  :ainavt.lc.lethalconfig] Registered config "Scopophobia/44 Liquidation Spawn Settings/SpawnInside"
[10:57:43.2431072] [Debug  :ainavt.lc.lethalconfig] Registered config "Scopophobia/44 Liquidation Spawn Settings/SpawnOutside"
[10:57:43.2441074] [Debug  :ainavt.lc.lethalconfig] Registered config "Scopophobia/5 Embrion Spawn Settings/SpawnWeight"
[10:57:43.2441074] [Debug  :ainavt.lc.lethalconfig] Registered config "Scopophobia/5 Embrion Spawn Settings/MaxSpawnCount"
[10:57:43.2441074] [Debug  :ainavt.lc.lethalconfig] Registered config "Scopophobia/5 Embrion Spawn Settings/SpawnInside"
[10:57:43.2441074] [Debug  :ainavt.lc.lethalconfig] Registered config "Scopophobia/5 Embrion Spawn Settings/SpawnOutside"
[10:57:43.2451068] [Debug  :ainavt.lc.lethalconfig] Registered config "Scopophobia/10 EGypt Spawn Settings/SpawnWeight"
[10:57:43.2451068] [Debug  :ainavt.lc.lethalconfig] Registered config "Scopophobia/10 EGypt Spawn Settings/MaxSpawnCount"
[10:57:43.2451068] [Debug  :ainavt.lc.lethalconfig] Registered config "Scopophobia/10 EGypt Spawn Settings/SpawnInside"
[10:57:43.2451068] [Debug  :ainavt.lc.lethalconfig] Registered config "Scopophobia/10 EGypt Spawn Settings/SpawnOutside"
[10:57:43.2451068] [Debug  :ainavt.lc.lethalconfig] Registered config "Scopophobia/31 Arcadia Spawn Settings/SpawnWeight"
[10:57:43.2461067] [Debug  :ainavt.lc.lethalconfig] Registered config "Scopophobia/31 Arcadia Spawn Settings/MaxSpawnCount"
[10:57:43.2461067] [Debug  :ainavt.lc.lethalconfig] Registered config "Scopophobia/31 Arcadia Spawn Settings/SpawnInside"
[10:57:43.2461067] [Debug  :ainavt.lc.lethalconfig] Registered config "Scopophobia/31 Arcadia Spawn Settings/SpawnOutside"
[10:57:43.2461067] [Debug  :ainavt.lc.lethalconfig] Registered config "Scopophobia/161 Abaddon Spawn Settings/SpawnWeight"
[10:57:43.2471073] [Debug  :ainavt.lc.lethalconfig] Registered config "Scopophobia/161 Abaddon Spawn Settings/MaxSpawnCount"
[10:57:43.2471073] [Debug  :ainavt.lc.lethalconfig] Registered config "Scopophobia/161 Abaddon Spawn Settings/SpawnInside"
[10:57:43.2471073] [Debug  :ainavt.lc.lethalconfig] Registered config "Scopophobia/161 Abaddon Spawn Settings/SpawnOutside"
[10:57:43.2471073] [Debug  :ainavt.lc.lethalconfig] Registered config "Scopophobia/198 Cabal Spawn Settings/SpawnWeight"
[10:57:43.2481742] [Debug  :ainavt.lc.lethalconfig] Registered config "Scopophobia/198 Cabal Spawn Settings/MaxSpawnCount"
[10:57:43.2481742] [Debug  :ainavt.lc.lethalconfig] Registered config "Scopophobia/198 Cabal Spawn Settings/SpawnInside"
[10:57:43.2481742] [Debug  :ainavt.lc.lethalconfig] Registered config "Scopophobia/198 Cabal Spawn Settings/SpawnOutside"
[10:57:43.2491712] [Debug  :ainavt.lc.lethalconfig] Registered config "Scopophobia/556 Flicker Spawn Settings/SpawnWeight"
[10:57:43.2491712] [Debug  :ainavt.lc.lethalconfig] Registered config "Scopophobia/556 Flicker Spawn Settings/MaxSpawnCount"
[10:57:43.2491712] [Debug  :ainavt.lc.lethalconfig] Registered config "Scopophobia/556 Flicker Spawn Settings/SpawnInside"
[10:57:43.2491712] [Debug  :ainavt.lc.lethalconfig] Registered config "Scopophobia/556 Flicker Spawn Settings/SpawnOutside"
[10:57:43.2491712] [Debug  :ainavt.lc.lethalconfig] Registered config "Scopophobia/The Iris Spawn Settings/SpawnWeight"
[10:57:43.2491712] [Debug  :ainavt.lc.lethalconfig] Registered config "Scopophobia/The Iris Spawn Settings/MaxSpawnCount"
[10:57:43.2491712] [Debug  :ainavt.lc.lethalconfig] Registered config "Scopophobia/The Iris Spawn Settings/SpawnInside"
[10:57:43.2506748] [Debug  :ainavt.lc.lethalconfig] Registered config "Scopophobia/The Iris Spawn Settings/SpawnOutside"
[10:57:43.2506748] [Debug  :ainavt.lc.lethalconfig] Registered config "Scopophobia/551 Lament Spawn Settings/SpawnWeight"
[10:57:43.2516782] [Debug  :ainavt.lc.lethalconfig] Registered config "Scopophobia/551 Lament Spawn Settings/MaxSpawnCount"
[10:57:43.2516782] [Debug  :ainavt.lc.lethalconfig] Registered config "Scopophobia/551 Lament Spawn Settings/SpawnInside"
[10:57:43.2516782] [Debug  :ainavt.lc.lethalconfig] Registered config "Scopophobia/551 Lament Spawn Settings/SpawnOutside"
[10:57:43.2516782] [Debug  :ainavt.lc.lethalconfig] Registered config "Scopophobia/823 Bozoros Spawn Settings/SpawnWeight"
[10:57:43.2527228] [Debug  :ainavt.lc.lethalconfig] Registered config "Scopophobia/823 Bozoros Spawn Settings/MaxSpawnCount"
[10:57:43.2527228] [Debug  :ainavt.lc.lethalconfig] Registered config "Scopophobia/823 Bozoros Spawn Settings/SpawnInside"
[10:57:43.2527228] [Debug  :ainavt.lc.lethalconfig] Registered config "Scopophobia/823 Bozoros Spawn Settings/SpawnOutside"
[10:57:43.2527228] [Debug  :ainavt.lc.lethalconfig] Registered config "Scopophobia/559 Pareidolia Spawn Settings/SpawnWeight"
[10:57:43.2537222] [Debug  :ainavt.lc.lethalconfig] Registered config "Scopophobia/559 Pareidolia Spawn Settings/MaxSpawnCount"
[10:57:43.2537222] [Debug  :ainavt.lc.lethalconfig] Registered config "Scopophobia/559 Pareidolia Spawn Settings/SpawnInside"
[10:57:43.2537222] [Debug  :ainavt.lc.lethalconfig] Registered config "Scopophobia/559 Pareidolia Spawn Settings/SpawnOutside"
[10:57:43.2537222] [Debug  :ainavt.lc.lethalconfig] Registered config "Scopophobia/32 Argent Spawn Settings/SpawnWeight"
[10:57:43.2537222] [Debug  :ainavt.lc.lethalconfig] Registered config "Scopophobia/32 Argent Spawn Settings/MaxSpawnCount"
[10:57:43.2547234] [Debug  :ainavt.lc.lethalconfig] Registered config "Scopophobia/32 Argent Spawn Settings/SpawnInside"
[10:57:43.2547234] [Debug  :ainavt.lc.lethalconfig] Registered config "Scopophobia/32 Argent Spawn Settings/SpawnOutside"
[10:57:43.2547234] [Debug  :ainavt.lc.lethalconfig] Registered config "Scopophobia/111 PsychSanctum Spawn Settings/SpawnWeight"
[10:57:43.2547234] [Debug  :ainavt.lc.lethalconfig] Registered config "Scopophobia/111 PsychSanctum Spawn Settings/MaxSpawnCount"
[10:57:43.2557229] [Debug  :ainavt.lc.lethalconfig] Registered config "Scopophobia/111 PsychSanctum Spawn Settings/SpawnInside"
[10:57:43.2557229] [Debug  :ainavt.lc.lethalconfig] Registered config "Scopophobia/111 PsychSanctum Spawn Settings/SpawnOutside"
[10:57:43.2557229] [Debug  :ainavt.lc.lethalconfig] Registered config "Scopophobia/Sanguine Spawn Settings/SpawnWeight"
[10:57:43.2557229] [Debug  :ainavt.lc.lethalconfig] Registered config "Scopophobia/Sanguine Spawn Settings/MaxSpawnCount"
[10:57:43.2567230] [Debug  :ainavt.lc.lethalconfig] Registered config "Scopophobia/Sanguine Spawn Settings/SpawnInside"
[10:57:43.2567230] [Debug  :ainavt.lc.lethalconfig] Registered config "Scopophobia/Sanguine Spawn Settings/SpawnOutside"
[10:57:43.2577216] [Debug  :ainavt.lc.lethalconfig] Registered config "Scopophobia/Spectralis Spawn Settings/SpawnWeight"
[10:57:43.2577216] [Debug  :ainavt.lc.lethalconfig] Registered config "Scopophobia/Spectralis Spawn Settings/MaxSpawnCount"
[10:57:43.2587215] [Debug  :ainavt.lc.lethalconfig] Registered config "Scopophobia/Spectralis Spawn Settings/SpawnInside"
[10:57:43.2587215] [Debug  :ainavt.lc.lethalconfig] Registered config "Scopophobia/Spectralis Spawn Settings/SpawnOutside"
[10:57:43.2597210] [Debug  :ainavt.lc.lethalconfig] Registered config "Scopophobia/37 Zenit Spawn Settings/SpawnWeight"
[10:57:43.2597210] [Debug  :ainavt.lc.lethalconfig] Registered config "Scopophobia/37 Zenit Spawn Settings/MaxSpawnCount"
[10:57:43.2597210] [Debug  :ainavt.lc.lethalconfig] Registered config "Scopophobia/37 Zenit Spawn Settings/SpawnInside"
[10:57:43.2607212] [Debug  :ainavt.lc.lethalconfig] Registered config "Scopophobia/37 Zenit Spawn Settings/SpawnOutside"
[10:57:43.2607212] [Debug  :ainavt.lc.lethalconfig] Registered config "Scopophobia/607 Vigilance Spawn Settings/SpawnWeight"
[10:57:43.2607212] [Debug  :ainavt.lc.lethalconfig] Registered config "Scopophobia/607 Vigilance Spawn Settings/MaxSpawnCount"
[10:57:43.2617248] [Debug  :ainavt.lc.lethalconfig] Registered config "Scopophobia/607 Vigilance Spawn Settings/SpawnInside"
[10:57:43.2617248] [Debug  :ainavt.lc.lethalconfig] Registered config "Scopophobia/607 Vigilance Spawn Settings/SpawnOutside"
[10:57:43.2617248] [Debug  :ainavt.lc.lethalconfig] Registered config "Scopophobia/Black Mesa Spawn Settings/SpawnWeight"
[10:57:43.2617248] [Debug  :ainavt.lc.lethalconfig] Registered config "Scopophobia/Black Mesa Spawn Settings/MaxSpawnCount"
[10:57:43.2617248] [Debug  :ainavt.lc.lethalconfig] Registered config "Scopophobia/Black Mesa Spawn Settings/SpawnInside"
[10:57:43.2628388] [Debug  :ainavt.lc.lethalconfig] Registered config "Scopophobia/Black Mesa Spawn Settings/SpawnOutside"
[10:57:43.2718375] [Info   :WaterAssetRestorer] Initializing water materials...
[10:57:43.3376805] [Debug  :WaterAssetRestorer] Found material 'Water_mat_04' in scene.
[10:57:43.3376805] [Info   :WaterAssetRestorer] Material 'Water_mat_04' search completed. Found: Yes
[10:57:43.7971093] [Debug  :WaterAssetRestorer] Found prefab 'CaveWaterTile'.
[10:57:43.7971093] [Debug  :WaterAssetRestorer] Found material 'CaveWater' in prefab 'CaveWaterTile'.
[10:57:43.7971093] [Info   :WaterAssetRestorer] Material 'CaveWater' search completed. Found: Yes
[10:57:44.3145446] [Debug  :WaterAssetRestorer] Found prefab 'PoolTile'.
[10:57:44.3145446] [Debug  :WaterAssetRestorer] Found material 'PoolWater' in prefab 'PoolTile'.
[10:57:44.3145446] [Info   :WaterAssetRestorer] Material 'PoolWater' search completed. Found: Yes
[10:57:44.3145446] [Info   :LethalThingsReloaded] Conductive charger messages registered
[10:57:44.3155484] [Warning:DawnLib.DuskMod] Unlockable: Light switch doesn't have a prefab nor does it spawn as one, this means that you cannot replace this unlockable.
[10:57:44.3155484] [Warning:DawnLib.DuskMod] Unlockable: Bunkbeds doesn't have a prefab nor does it spawn as one, this means that you cannot replace this unlockable.
[10:57:44.3155484] [Warning:DawnLib.DuskMod] Unlockable: File Cabinet doesn't have a prefab nor does it spawn as one, this means that you cannot replace this unlockable.
[10:57:44.3155484] [Warning:DawnLib.DuskMod] Unlockable: Cupboard doesn't have a prefab nor does it spawn as one, this means that you cannot replace this unlockable.
[10:57:44.3155484] [Warning:DawnLib.DuskMod] Unlockable: Terminal doesn't have a prefab nor does it spawn as one, this means that you cannot replace this unlockable.
[10:57:44.3205478] [Debug  :ButteRyBalance] ExperimentationLevel: ForestGiant - 20 => 0
[10:57:44.3220551] [Debug  :ButteRyBalance] AssuranceLevel.spawnableScrap: Large axle - 30 => 94
[10:57:44.3220551] [Debug  :ButteRyBalance] AssuranceLevel.spawnableScrap: V-type engine - 40 => 80
[10:57:44.3220551] [Debug  :ButteRyBalance] AssuranceLevel.spawnableScrap: Metal sheet - 23 => 65
[10:57:44.3220551] [Debug  :ButteRyBalance] AssuranceLevel.spawnableScrap: Big screw - 59 => 89
[10:57:44.3220551] [Debug  :ButteRyBalance] AssuranceLevel.spawnableScrap: Toy cube - 31 => 11
[10:57:44.3220551] [Debug  :ButteRyBalance] AssuranceLevel.spawnableScrap: Stop sign - 34 => 27
[10:57:44.3220551] [Debug  :ButteRyBalance] AssuranceLevel.spawnableScrap: Bottles - 111 => 67
[10:57:44.3220551] [Debug  :ButteRyBalance] AssuranceLevel.spawnableScrap: Yield sign - 17 => 28
[10:57:44.3220551] [Debug  :ButteRyBalance] AssuranceLevel.spawnableScrap: Homemade flashbang - 14 => 13
[10:57:44.3220551] [Debug  :ButteRyBalance] AssuranceLevel.spawnableScrap: Toilet paper - 19 => 18
[10:57:44.3220551] [Debug  :ButteRyBalance] AssuranceLevel.spawnableScrap: +(Candy, 3)
[10:57:44.3220551] [Debug  :ButteRyBalance] AssuranceLevel: Masked - 12 => 2
[10:57:44.3230639] [Debug  :ButteRyBalance] VowLevel.minScrap: 12 => 10
[10:57:44.3230639] [Debug  :ButteRyBalance] VowLevel.maxScrap: 15 => 13
[10:57:44.3230639] [Debug  :ButteRyBalance] VowLevel.spawnableScrap: Zed Dog - 1 => 5
[10:57:44.3240759] [Debug  :ButteRyBalance] VowLevel.maxOutsideEnemyPowerCount: 6 => 7
[10:57:44.3240759] [Debug  :ButteRyBalance] VowLevel: Spring - 4 => 0
[10:57:44.3240759] [Debug  :ButteRyBalance] AdamanceLevel.spawnableScrap: Easter egg - 50 => 71
[10:57:44.3240759] [Debug  :ButteRyBalance] AdamanceLevel: Butler - 10 => 10
[10:57:44.3240759] [Debug  :ButteRyBalance] AdamanceLevel: Masked - 5 => 0
[10:57:44.3240759] [Debug  :ButteRyBalance] RendLevel.spawnableScrap: Zed Dog - 2 => 8
[10:57:44.3250644] [Debug  :ButteRyBalance] DineLevel.minScrap: 200 => 38
[10:57:44.3250644] [Debug  :ButteRyBalance] DineLevel.maxScrap: 250 => 75
[10:57:44.3250644] [Debug  :ButteRyBalance] DineLevel.spawnableScrap: Whoopie cushion - 1 => 1
[10:57:44.3250644] [Debug  :ButteRyBalance] DineLevel.spawnableScrap: Easter egg - 1 => 1
[10:57:44.3250644] [Debug  :ButteRyBalance] DineLevel.spawnableScrap: Hand - 100 => 100
[10:57:44.3250644] [Debug  :ButteRyBalance] DineLevel.spawnableScrap: Bone - 79 => 79
[10:57:44.3250644] [Debug  :ButteRyBalance] DineLevel.spawnableScrap: Ribcage - 79 => 79
[10:57:44.3250644] [Debug  :ButteRyBalance] DineLevel.spawnableScrap: Ear - 41 => 41
[10:57:44.3250644] [Debug  :ButteRyBalance] DineLevel.spawnableScrap: Foot - 100 => 100
[10:57:44.3250644] [Debug  :ButteRyBalance] DineLevel.spawnableScrap: Knee - 55 => 55
[10:57:44.3250644] [Debug  :ButteRyBalance] DineLevel.spawnableScrap: Heart - 6 => 6
[10:57:44.3250644] [Debug  :ButteRyBalance] DineLevel.spawnableScrap: Tongue - 32 => 32
[10:57:44.3250644] [Debug  :ButteRyBalance] DineLevel.spawnableScrap: +(Zed Dog, 1)
[10:57:44.3250644] [Debug  :ButteRyBalance] DineLevel.maxEnemyPowerCount: 16 => 15
[10:57:44.3250644] [Debug  :ButteRyBalance] DineLevel.maxOutsideEnemyPowerCount: 9 => 10
[10:57:44.3250644] [Debug  :ButteRyBalance] DineLevel: ForestGiant - 100 => 28
[10:57:44.3250644] [Debug  :ButteRyBalance] DineLevel: RadMech - 3 => 13
[10:57:44.3260633] [Debug  :ButteRyBalance] OffenseLevel.indoorMapHazards.Landmines
[10:57:44.3260633] [Debug  :ButteRyBalance] OffenseLevel.indoorMapHazards.Turrets
[10:57:44.3260633] [Debug  :ButteRyBalance] OffenseLevel.indoorMapHazards.SpikeTraps
[10:57:44.3260633] [Debug  :ButteRyBalance] OffenseLevel.spawnableScrap: Large axle - 94 => 30
[10:57:44.3260633] [Debug  :ButteRyBalance] OffenseLevel.spawnableScrap: V-type engine - 80 => 40
[10:57:44.3260633] [Debug  :ButteRyBalance] OffenseLevel.spawnableScrap: Metal sheet - 65 => 23
[10:57:44.3260633] [Debug  :ButteRyBalance] OffenseLevel.spawnableScrap: Big screw - 89 => 59
[10:57:44.3260633] [Debug  :ButteRyBalance] OffenseLevel.spawnableScrap: Toy cube - 18 => 31
[10:57:44.3260633] [Debug  :ButteRyBalance] OffenseLevel.spawnableScrap: Stop sign - 27 => 40
[10:57:44.3260633] [Debug  :ButteRyBalance] OffenseLevel.spawnableScrap: Yield sign - 28 => 12
[10:57:44.3260633] [Debug  :ButteRyBalance] OffenseLevel.spawnableScrap: Homemade flashbang - 13 => 14
[10:57:44.3260633] [Debug  :ButteRyBalance] OffenseLevel.spawnableScrap: Toilet paper - 18 => 19
[10:57:44.3260633] [Debug  :ButteRyBalance] OffenseLevel.spawnableScrap: +(Gold bar, 4)
[10:57:44.3260633] [Debug  :ButteRyBalance] TitanLevel: Girl - 17 => 28
[10:57:44.3260633] [Debug  :ButteRyBalance] TitanLevel: RadMech - 7 => 13
[10:57:44.3260633] [Debug  :ButteRyBalance] TitanLevel: Blob - 20 => 41
[10:57:44.3260633] [Debug  :ButteRyBalance] TitanLevel: Hoarding bug - 38 => 55
[10:57:44.3260633] [Debug  :ButteRyBalance] ArtificeLevel.spawnableScrap: Gold bar - 32 => 36
[10:57:44.3270632] [Debug  :ButteRyBalance] Girl: Don't push
[10:57:44.3270632] [Debug  :ButteRyBalance] Coil-head: Power level 1 -> 2
[10:57:44.3270632] [Debug  :ButteRyBalance] Butler: Increased chance in manors
[10:57:44.3270632] [Debug  :ButteRyBalance] Maneater: Power level 2 -> 3
[10:57:44.3270632] [Debug  :ButteRyBalance] Cadavers: Power level 2 -> 4
[10:57:44.3270632] [Debug  :ButteRyBalance] Old Bird: See through fog
[10:57:44.3270632] [Debug  :ButteRyBalance] Jetpack.item.disallowUtilitySlot: False -> True
[10:57:44.3270632] [Debug  :ButteRyBalance] ProFlashlight.creditsWorth: $28 -> $32
[10:57:44.3270632] [Debug  :ButteRyBalance] ZapGun.creditsWorth: $400 -> $200
[10:57:44.3270632] [Debug  :ButteRyBalance] Jetpack.item.disallowUtilitySlot: False -> True
[10:57:44.3270632] [Debug  :ButteRyBalance] ProFlashlight.creditsWorth: $28 -> $32
[10:57:44.3270632] [Debug  :ButteRyBalance] ZapGun.creditsWorth: $400 -> $200
[10:57:44.3270632] [Debug  :ButteRyBalance] Thumper: Stun multiplier 0.4 -> 1
[10:57:44.3270632] [Debug  :ButteRyBalance] Hoarding bug: Stun multiplier 0.3 -> 0.5
[10:57:44.3280639] [Debug  :ButteRyBalance] Maneater: Add IVisibleThreat
[10:57:44.3280639] [Debug  :ButteRyBalance] Cadaver Bloom: Add IVisibleThreat
[10:57:44.3280639] [Debug  :ButteRyBalance] Cadaver Bloom: Add collider
[10:57:44.3280639] [Debug  :ButteRyBalance] Cruiser: Price $370 -> $700
[10:57:44.3280639] [Debug  :ButteRyBalance] Cruiser: Regen (16, 8) => (7, 16)
[10:57:44.3280639] [Debug  :ButteRyBalance] Cruiser: Crash (0.2, 28) => (0.35, 27)
[10:57:44.3280639] [Debug  :ButteRyBalance] Cruiser: Turbo 0 => 5
[10:57:44.3280639] [Debug  :ButteRyBalance] Weed killer: Damage 8 => 7
[10:57:44.3290642] [Message:com.github.zehsteam.SellMyScrap] Nyawr: Networking works! YIPPEE!
[10:57:44.3476800] [Info   :ReservedItemSlotCore-2.0.41] Initializing ReservedPlayerData for player: Player (1)
[10:57:44.3889161] [Debug  :PathfindingLib] Changed prefabbed NavMeshAgent PikminFormationTarget's area mask from 0xFFFFFFFF to 0xFFFFFFFF to allow traversal of non-smart off-mesh links.
[10:57:44.3899178] [Warning: Unity Log] Failed to create agent because there is no valid NavMesh
[10:57:44.3919180] [Info   :ReservedItemSlotCore-2.0.41] Initializing ReservedPlayerData for player: Player (3)
[10:57:44.3919180] [Warning: Unity Log] Failed to create agent because there is no valid NavMesh
[10:57:44.3933664] [Info   :ReservedItemSlotCore-2.0.41] Initializing ReservedPlayerData for player: Player (2)
[10:57:44.3933664] [Warning: Unity Log] Failed to create agent because there is no valid NavMesh
[10:57:44.3943663] [Info   :ReservedItemSlotCore-2.0.41] Initializing ReservedPlayerData for player: Player
[10:57:44.3953644] [Warning: Unity Log] Failed to create agent because there is no valid NavMesh
[10:57:44.4273999] [Warning:BrutalCompanyMinusExtraReborn] Net object Awake called
[10:57:44.4329128] [Info   :BrutalCompanyMinusExtraReborn] Added None Multiplier: BrutalCompanyMinus.Minus.Weather
[10:57:44.4329128] [Info   :BrutalCompanyMinusExtraReborn] Added DustCloud Multiplier: BrutalCompanyMinus.Minus.Weather
[10:57:44.4329128] [Info   :BrutalCompanyMinusExtraReborn] Added Rainy Multiplier: BrutalCompanyMinus.Minus.Weather
[10:57:44.4329128] [Info   :BrutalCompanyMinusExtraReborn] Added Stormy Multiplier: BrutalCompanyMinus.Minus.Weather
[10:57:44.4329128] [Info   :BrutalCompanyMinusExtraReborn] Added Foggy Multiplier: BrutalCompanyMinus.Minus.Weather
[10:57:44.4329128] [Info   :BrutalCompanyMinusExtraReborn] Added Flooded Multiplier: BrutalCompanyMinus.Minus.Weather
[10:57:44.4329128] [Info   :BrutalCompanyMinusExtraReborn] Added Eclipsed Multiplier: BrutalCompanyMinus.Minus.Weather
[10:57:44.4359137] [Info   : Unity Log] Group credits: 241
[10:57:44.4379137] [Debug  :Buttery Fixes] Bestiary: Mask hornets
[10:57:44.4379137] [Debug  :Buttery Fixes] Price: Fridge
[10:57:44.4379137] [Debug  :Buttery Fixes] Terminal: Upgrades
[10:57:44.4598875] [Message:suitsTerminal] InitOneTime for BetterMenu stuff!
[10:57:44.5120325] [Debug  : LethalMin] Changed keyword 'pikmin-container' to 'pikmincontainer' for compatibility with LethalMin
[10:57:44.5120325] [Debug  : LethalMin] Changed keyword 'pikmin-signal' to 'pikminsignal' for compatibility with LethalMin
[10:57:44.5152593] [Debug  :   DawnLib] Registry 'Story Logs' (DawnStoryLogInfo) contains '18' entries.
[10:57:44.5152593] [Debug  :   DawnLib] lethal_company:first_log__aug_twotwo -> First Log - Aug 22
[10:57:44.5152593] [Debug  :   DawnLib] lethal_company:mummy__aug_twofour -> Mummy - Aug 24
[10:57:44.5152593] [Debug  :   DawnLib] lethal_company:swing_of_things__aug_twoseven -> Swing of things - Aug 27
[10:57:44.5152593] [Debug  :   DawnLib] lethal_company:autopilot__aug_threeone -> Autopilot - Aug 31
[10:57:44.5152593] [Debug  :   DawnLib] lethal_company:behind_the_wall__sep_four -> Behind The Wall - Sep 4
[10:57:44.5152593] [Debug  :   DawnLib] lethal_company:goodbye__sep_seven -> Goodbye - Sep 7
[10:57:44.5152593] [Debug  :   DawnLib] lethal_company:screams__sep_onethree -> Screams - Sep 13
[10:57:44.5152593] [Debug  :   DawnLib] lethal_company:golden_planet__sep_ -> Golden planet - Sep ??
[10:57:44.5152593] [Debug  :   DawnLib] lethal_company:idea__sep_oneeight -> Idea - Sep 18
[10:57:44.5152593] [Debug  :   DawnLib] lethal_company:nonsense__sep_twoseven -> Nonsense - Sep 27
[10:57:44.5152593] [Debug  :   DawnLib] lethal_company:hiding__sep_threezero -> Hiding - Sep 30
[10:57:44.5152593] [Debug  :   DawnLib] lethal_company:desmond__oct_seven -> Desmond - Oct 7
[10:57:44.5152593] [Debug  :   DawnLib] lethal_company:real_job__oct_one -> Real Job - Oct 1
[10:57:44.5152593] [Debug  :   DawnLib] lethal_company:team_synergy__oct_onezero -> Team Synergy - Oct 10
[10:57:44.5152593] [Debug  :   DawnLib] lethal_company:letter_of_resignation__oct_onethree -> Letter Of Resignation - Oct 13
[10:57:44.5152593] [Debug  :   DawnLib] lethal_company:work__oct_onefive -> Work - Oct 15
[10:57:44.5152593] [Debug  :   DawnLib] unknown_lib:breakthrough_and_breakdown__mar_seven,_oneninesixthree -> Breakthrough and Breakdown - Mar 7, 1963
[10:57:44.5152593] [Debug  :   DawnLib] unknown_lib:heat_and_hallucinations__sep_twothree -> Heat and Hallucinations - Sep 23
[10:57:44.5162591] [Debug  :   DawnLib] Registry 'Weathers' (DawnWeatherEffectInfo) contains '6' entries.
[10:57:44.5162591] [Debug  :   DawnLib] lethal_company:rolling_ground_fog -> rolling ground fog
[10:57:44.5162591] [Debug  :   DawnLib] lethal_company:rainy -> rainy
[10:57:44.5162591] [Debug  :   DawnLib] lethal_company:stormy -> stormy
[10:57:44.5162591] [Debug  :   DawnLib] lethal_company:foggy -> foggy
[10:57:44.5162591] [Debug  :   DawnLib] lethal_company:flooded -> flooded
[10:57:44.5162591] [Debug  :   DawnLib] lethal_company:eclipsed -> eclipsed
[10:57:44.5392813] [Info   :qwbarch.Mirage] This configuration will be synced with clients: {
  "enemies": [
    "Baboon hawk",
    "Bunker Spider",
    "Centipede",
    "Clay Surgeon",
    "Flowerman",
    "Hoarding bug",
    "IrisMaskVariant",
    "Masked",
    "MouthDog",
    "Puffer",
    "RollingGiant",
    "Spring"
  ],
  "totalItemWeights": 31,
  "storeItemWeights": {
    "Extension ladder": 1,
    "Pro-flashlight": 10,
    "Shovel": 15,
    "Spray paint": 1,
    "Stun grenade": 1,
    "Walkie-talkie": 3
  },
  "disabledScrapItems": [
    "Apparatus"
  ],
  "maskedMimicChance": 100,
  "nonMaskedMimicChance": 100,
  "minimumDelayMasked": 3000,
  "maximumDelayMasked": 12000,
  "minimumDelayNonMasked": 5000,
  "maximumDelayNonMasked": 12000,
  "maskedItemSpawnChance": 50,
  "storeItemRollChance": 30,
  "maskedDropStoreItemOnDeath": 50,
  "maskedDropScrapItemOnDeath": 100,
  "emitFlashlightChance": 100,
  "scrapValueMultiplier": 1.0,
  "enableMimicVoiceWhileAlive": true,
  "enableRecordVoiceWhileDead": true,
  "enableArmsOut": false,
  "enableMaskTexture": false,
  "enableRadarSpin": false,
  "mimicVoiceWhileHiding": false,
  "copyMaskedVisuals": true,
  "enablePlayerNames": true
}
[10:57:44.5447974] [Debug  :ainavt.lc.lethalconfig] Injecting mod config menu into quick menu...
[10:57:44.5477987] [Warning: Unity Log] Parent of RectTransform is being set with parent property. Consider using the SetParent method instead, with the worldPositionStays argument set to false. This will retain local orientation and scale rather than world orientation and scale, which can prevent common UI scaling issues.
[10:57:44.5503037] [Warning:Buttery Fixes] allEnemiesList: Tried to cache reference to "Jester" more than once
[10:57:44.5503037] [Warning:Buttery Fixes] allEnemiesList: Tried to cache reference to "Jester" more than once
[10:57:44.5503037] [Warning:Buttery Fixes] allEnemiesList: Tried to cache reference to "IrisSpecificMask" more than once
[10:57:44.5503037] [Warning:Buttery Fixes] allEnemiesList: Tried to cache reference to "MannequinA" more than once
[10:57:44.5503037] [Warning:Buttery Fixes] allEnemiesList: Tried to cache reference to "MannequinB" more than once
[10:57:44.5503037] [Warning:Buttery Fixes] allEnemiesList: Tried to cache reference to "MannequinC" more than once
[10:57:44.5503037] [Warning:Buttery Fixes] allEnemiesList: Tried to cache reference to "ArachnoheadEnemy" more than once
[10:57:44.5503037] [Warning:Buttery Fixes] allEnemiesList: Tried to cache reference to "DarkSpringMan" more than once
[10:57:44.5503037] [Warning:Buttery Fixes] allEnemiesList: Tried to cache reference to "Elder" more than once
[10:57:44.5503037] [Warning:Buttery Fixes] allEnemiesList: Tried to cache reference to "FloatingGirlHead" more than once
[10:57:44.5503037] [Warning:Buttery Fixes] allEnemiesList: Tried to cache reference to "HangedGirlEnemy" more than once
[10:57:44.5503037] [Warning:Buttery Fixes] allEnemiesList: Tried to cache reference to "JPOGRaptor" more than once
[10:57:44.5503037] [Warning:Buttery Fixes] allEnemiesList: Tried to cache reference to "JPOGTrexObj" more than once
[10:57:44.5503037] [Warning:Buttery Fixes] allEnemiesList: Tried to cache reference to "Boomba" more than once
[10:57:44.5503037] [Warning:Buttery Fixes] allEnemiesList: Tried to cache reference to "CrystalRay" more than once
[10:57:44.5503037] [Warning:Buttery Fixes] allEnemiesList: Tried to cache reference to "CactusBudlingObj" more than once
[10:57:44.5503037] [Warning:Buttery Fixes] allEnemiesList: Tried to cache reference to "RabbitMagicianObj" more than once
[10:57:44.5503037] [Warning:Buttery Fixes] allEnemiesList: Tried to cache reference to "PeaceKeeperObj" more than once
[10:57:44.5503037] [Warning:Buttery Fixes] allEnemiesList: Tried to cache reference to "ManorLordObj" more than once
[10:57:44.5503037] [Warning:Buttery Fixes] allEnemiesList: Tried to cache reference to "JanitorObj" more than once
[10:57:44.5503037] [Warning:Buttery Fixes] allEnemiesList: Tried to cache reference to "DriftwoodMenaceObj" more than once
[10:57:44.5503037] [Warning:Buttery Fixes] allEnemiesList: Tried to cache reference to "NancyObj" more than once
[10:57:44.5503037] [Warning:Buttery Fixes] allEnemiesList: Tried to cache reference to "CutieflyObj" more than once
[10:57:44.5503037] [Warning:Buttery Fixes] allEnemiesList: Tried to cache reference to "MonarchObj" more than once
[10:57:44.5503037] [Warning:Buttery Fixes] allEnemiesList: Tried to cache reference to "MistressObj" more than once
[10:57:44.5503037] [Warning:Buttery Fixes] allEnemiesList: Tried to cache reference to "RedwoodTitanObj" more than once
[10:57:44.5503037] [Warning:Buttery Fixes] allEnemiesList: Tried to cache reference to "SnailCatEnemyObj" more than once
[10:57:44.5503037] [Warning:Buttery Fixes] allEnemiesList: Tried to cache reference to "DuckObj" more than once
[10:57:44.5503037] [Warning:Buttery Fixes] allEnemiesList: Tried to cache reference to "TransporterObj" more than once
[10:57:44.5503037] [Warning:Buttery Fixes] allEnemiesList: Tried to cache reference to "DebtCollectorObj" more than once
[10:57:44.5503037] [Warning:Buttery Fixes] allEnemiesList: Tried to cache reference to "GuardsmanObj" more than once
[10:57:44.5503037] [Warning:Buttery Fixes] allEnemiesList: Tried to cache reference to "IrisSpecificMask" more than once
[10:57:44.5503037] [Warning:Buttery Fixes] allEnemiesList: Tried to cache reference to "MannequinA" more than once
[10:57:44.5503037] [Warning:Buttery Fixes] allEnemiesList: Tried to cache reference to "MannequinB" more than once
[10:57:44.5503037] [Warning:Buttery Fixes] allEnemiesList: Tried to cache reference to "MannequinC" more than once
[10:57:44.5503037] [Warning:Buttery Fixes] allEnemiesList: Tried to cache reference to "ArachnoheadEnemy" more than once
[10:57:44.5503037] [Warning:Buttery Fixes] allEnemiesList: Tried to cache reference to "DarkSpringMan" more than once
[10:57:44.5503037] [Warning:Buttery Fixes] allEnemiesList: Tried to cache reference to "Elder" more than once
[10:57:44.5503037] [Warning:Buttery Fixes] allEnemiesList: Tried to cache reference to "FloatingGirlHead" more than once
[10:57:44.5503037] [Warning:Buttery Fixes] allEnemiesList: Tried to cache reference to "HangedGirlEnemy" more than once
[10:57:44.5503037] [Warning:Buttery Fixes] allEnemiesList: Tried to cache reference to "JPOGRaptor" more than once
[10:57:44.5503037] [Warning:Buttery Fixes] allEnemiesList: Tried to cache reference to "JPOGTrexObj" more than once
[10:57:44.5503037] [Warning:Buttery Fixes] allEnemiesList: Tried to cache reference to "Boomba" more than once
[10:57:44.5503037] [Warning:Buttery Fixes] allEnemiesList: Tried to cache reference to "CrystalRay" more than once
[10:57:44.5503037] [Warning:Buttery Fixes] allEnemiesList: Tried to cache reference to "CactusBudlingObj" more than once
[10:57:44.5503037] [Warning:Buttery Fixes] allEnemiesList: Tried to cache reference to "RabbitMagicianObj" more than once
[10:57:44.5503037] [Warning:Buttery Fixes] allEnemiesList: Tried to cache reference to "PeaceKeeperObj" more than once
[10:57:44.5503037] [Warning:Buttery Fixes] allEnemiesList: Tried to cache reference to "ManorLordObj" more than once
[10:57:44.5503037] [Warning:Buttery Fixes] allEnemiesList: Tried to cache reference to "JanitorObj" more than once
[10:57:44.5503037] [Warning:Buttery Fixes] allEnemiesList: Tried to cache reference to "DriftwoodMenaceObj" more than once
[10:57:44.5503037] [Warning:Buttery Fixes] allEnemiesList: Tried to cache reference to "NancyObj" more than once
[10:57:44.5503037] [Warning:Buttery Fixes] allEnemiesList: Tried to cache reference to "CutieflyObj" more than once
[10:57:44.5503037] [Warning:Buttery Fixes] allEnemiesList: Tried to cache reference to "MonarchObj" more than once
[10:57:44.5503037] [Warning:Buttery Fixes] allEnemiesList: Tried to cache reference to "MistressObj" more than once
[10:57:44.5503037] [Warning:Buttery Fixes] allEnemiesList: Tried to cache reference to "RedwoodTitanObj" more than once
[10:57:44.5503037] [Warning:Buttery Fixes] allEnemiesList: Tried to cache reference to "SnailCatEnemyObj" more than once
[10:57:44.5503037] [Warning:Buttery Fixes] allEnemiesList: Tried to cache reference to "DuckObj" more than once
[10:57:44.5503037] [Warning:Buttery Fixes] allEnemiesList: Tried to cache reference to "TransporterObj" more than once
[10:57:44.5503037] [Warning:Buttery Fixes] allEnemiesList: Tried to cache reference to "DebtCollectorObj" more than once
[10:57:44.5503037] [Warning:Buttery Fixes] allEnemiesList: Tried to cache reference to "GuardsmanObj" more than once
[10:57:44.5518252] [Debug  :Buttery Fixes] Crawler: Fix radar appearance
[10:57:44.5518252] [Debug  :Buttery Fixes] Blob: Don't "die" when crushed by spike trap
[10:57:44.5518252] [Debug  :Buttery Fixes] Spring: Fix radar appearance
[10:57:44.5518252] [Debug  :Buttery Fixes] Butler: Fixed LOD fade for "MeshContainer"
[10:57:44.5518252] [Debug  :Buttery Fixes] Conductive: Maneater (False)
[10:57:44.5528321] [Debug  :Buttery Fixes] Aloe: Fixed LOD fade for "Body"
[10:57:44.5528321] [Debug  :Buttery Fixes] MouthDog: Fixed LOD fade for "MouthDogModel"
[10:57:44.5528321] [Debug  :Buttery Fixes] Earth Leviathan: Don't get eaten by other worms
[10:57:44.5528321] [Debug  :Buttery Fixes] ForestGiant: Rename scan node
[10:57:44.5528321] [Debug  :Buttery Fixes] Baboon hawk: Fixed LOD fade for "BaboonBirdModel"
[10:57:44.5528321] [Debug  :Buttery Fixes] RadMech: Scan on both sides
[10:57:44.5603392] [Debug  :Enemy Sound Fixes] Fix bracken stun sound
[10:57:44.5603392] [Debug  :Enemy Sound Fixes] Cached generic damage sound
[10:57:44.5603392] [Debug  :Enemy Sound Fixes] Remove thunder sound from thumper
[10:57:44.5603392] [Debug  :Enemy Sound Fixes] Loop snare flea walking and clinging
[10:57:44.5603392] [Debug  :Enemy Sound Fixes] Fix maneater clicking volume
[10:57:44.5603392] [Debug  :Enemy Sound Fixes] Adjust cadaver vent sounds
[10:57:44.5603392] [Debug  :Enemy Sound Fixes] Fix forest giant global audio volume
[10:57:44.5603392] [Debug  :Enemy Sound Fixes] Overwritten missing forest giant hit sound
[10:57:44.5603392] [Debug  :Enemy Sound Fixes] Fix forest giant burning volume fade
[10:57:44.5603392] [Debug  :Enemy Sound Fixes] Fix sapsucker death poof
[10:57:44.5603392] [Debug  :Enemy Sound Fixes] Overwritten missing eyeless dog hit sound
[10:57:44.5603392] [Debug  :Enemy Sound Fixes] Overwritten missing giant sapsucker hit sound
[10:57:44.5935150] [Debug  :UniversalRadar] Config processing complete (0.02527618s)
[10:57:44.6347248] [Error  : Unity Log] ArgumentException: Cannot use whitespace characters at start or end of section and key names
Parameter name: key
Stack trace:
LethalPerformance.Patcher.Patches.Patch_ConfigDefinition.CheckInvalidConfigCharsOptimized (System.String value, System.String name) (at /_/Patches/Patch_ConfigDefinition.cs:47)
(wrapper dynamic-method) BepInEx.Configuration.ConfigDefinition.DMD<BepInEx.Configuration.ConfigDefinition::CheckInvalidConfigChars>(string,string)
BepInEx.Configuration.ConfigDefinition..ctor (System.String section, System.String key) (at <d1b9206986c241dcad96bb21eee55a97>:IL_0011)
BepInEx.Configuration.ConfigFile.Bind[T] (System.String section, System.String key, T defaultValue, System.String description) (at <d1b9206986c241dcad96bb21eee55a97>:IL_0000)
SpectateEnemy.SpectateEnemies.PopulateSettings () (at <6a0cd69b1fb8434abb8f61ea4f46ad20>:IL_0076)
SpectateEnemy.Patches.QuickMenuManager_Patches.Postfix () (at <6a0cd69b1fb8434abb8f61ea4f46ad20>:IL_0023)
(wrapper dynamic-method) QuickMenuManager.DMD<QuickMenuManager::Start>(QuickMenuManager)
(wrapper dynamic-method) MonoMod.Utils.DynamicMethodDefinition.Trampoline<QuickMenuManager::Start>?-1694169068(QuickMenuManager)
Dawn.EnemyRegistrationHandler.AddEnemiesToDebugList (On.QuickMenuManager+orig_Start orig, QuickMenuManager self) (at ./src/API/Enemies/.EnemyRegistrationHandler.cs:273)
(wrapper dynamic-method) MonoMod.Utils.DynamicMethodDefinition.Hook<QuickMenuManager::Start>?769767540(QuickMenuManager)
(wrapper dynamic-method) MonoMod.Utils.DynamicMethodDefinition.Trampoline<QuickMenuManager::Start>?506999990(QuickMenuManager)
Dawn.Internal.DebugPatches.AddDebugFixes (On.QuickMenuManager+orig_Start orig, QuickMenuManager self) (at ./src/Internal/Patches/DebugPatches.cs:34)
(wrapper dynamic-method) MonoMod.Utils.DynamicMethodDefinition.Hook<QuickMenuManager::Start>?1037697444(QuickMenuManager)
(wrapper dynamic-method) MonoMod.Utils.DynamicMethodDefinition.Trampoline<QuickMenuManager::Start>?-1584234990(QuickMenuManager)
LethalLib.Modules.Enemies.QuickMenuManager_Start (On.QuickMenuManager+orig_Start orig, QuickMenuManager self) (at ./Modules/Enemies.cs:58)
(wrapper dynamic-method) MonoMod.Utils.DynamicMethodDefinition.Hook<QuickMenuManager::Start>?1455544340(QuickMenuManager)

[10:57:44.6377261] [Info   :Jordo.NeedyCats] Added NeedyCats to all levels.
[10:57:44.6387265] [Message:Rolling Giant] [HandleSpawnScrap] Adding scrap to Vow:12,March:12,Rend:12,Dine:12,Offense:12,Titan:12
[10:57:44.6397281] [Message:Rolling Giant] Added giant poster to 56 Vow with chance of 12
[10:57:44.6397281] [Message:Rolling Giant] Added giant poster to 61 March with chance of 12
[10:57:44.6397281] [Message:Rolling Giant] Added giant poster to 85 Rend with chance of 12
[10:57:44.6397281] [Message:Rolling Giant] Added giant poster to 7 Dine with chance of 12
[10:57:44.6397281] [Message:Rolling Giant] Added giant poster to 21 Offense with chance of 12
[10:57:44.6397281] [Message:Rolling Giant] Added giant poster to 8 Titan with chance of 12
[10:57:44.6407266] [Message:Rolling Giant] [HandleSpawnInSelection] Adding enemies to Vow:17,March:20,Rend:54,Dine:65,Offense:20,Titan:35,Experimentation:12,Assurance:10
[10:57:44.6407266] [Message:Rolling Giant] Added RollingGiant to 41 Experimentation with chance of 12 (inside)
[10:57:44.6407266] [Message:Rolling Giant] Added RollingGiant to 220 Assurance with chance of 10 (inside)
[10:57:44.6407266] [Message:Rolling Giant] Added RollingGiant to 56 Vow with chance of 17 (inside)
[10:57:44.6407266] [Message:Rolling Giant] Added RollingGiant to 61 March with chance of 20 (inside)
[10:57:44.6407266] [Message:Rolling Giant] Added RollingGiant to 85 Rend with chance of 54 (inside)
[10:57:44.6407266] [Message:Rolling Giant] Added RollingGiant to 7 Dine with chance of 65 (inside)
[10:57:44.6407266] [Message:Rolling Giant] Added RollingGiant to 21 Offense with chance of 20 (inside)
[10:57:44.6407266] [Message:Rolling Giant] Added RollingGiant to 8 Titan with chance of 35 (inside)
[10:57:44.6482345] [Info   : LethalHUD] Cached vanilla scanline texture.
[10:57:44.6482345] [Info   : LethalHUD] Cached vanilla scannode sprites.
[10:57:44.6517414] [Debug  : LethalHUD] ScanTexture pixel count: 65536
[10:57:44.6549445] [Debug  : LethalHUD] ScanTexture pixel count: 65536
[10:57:44.6829773] [Info   :MoreCompany] Setting initial volume for 0 to 16
[10:57:44.6829773] [Info   :MoreCompany] Setting initial volume for 1 to 16
[10:57:44.6829773] [Info   :MoreCompany] Setting initial volume for 2 to 16
[10:57:44.6829773] [Info   :MoreCompany] Setting initial volume for 3 to 16
[10:57:44.7080009] [Info   : Unity Log] planet mold states length: 31
[10:57:44.7090021] [Debug  :ReXuvination] Optimised Collider layers in OutOfBoundsTrigger for Object: OutOfBounds (UnityEngine.GameObject)
[10:57:44.7090021] [Debug  :ReXuvination] Optimised Collider layers in OutOfBoundsTrigger for Object: OutOfBoundsTrigger1 (UnityEngine.GameObject)
[10:57:44.7101873] [Debug  :Matty's Fixes] Vanilla/clipboard(115) needs to compute vertical offset - scheduled
[10:57:44.7101873] [Error  : Unity Log] Coroutine couldn't be started because the the game object 'ClipboardManual' is inactive!
[10:57:44.7101873] [Info   : LethalMin] Creating PikminItemNode for ClipboardManual at (9.67, 1.44, -13.51)...
[10:57:44.7186954] [Debug  :Matty's Fixes] Vanilla/Sticky note(116) needs to compute vertical offset - scheduled
[10:57:44.7186954] [Error  : Unity Log] Coroutine couldn't be started because the the game object 'StickyNoteItem' is inactive!
[10:57:44.7186954] [Info   : LethalMin] Creating PikminItemNode for StickyNoteItem at (8.79, 2.25, -17.46)...
[10:57:44.7186954] [Debug  :ReXuvination] Optimised Collider layers in InteractTrigger for Object: LadderTrigger (UnityEngine.GameObject)
[10:57:44.7196959] [Info   :ReservedItemSlotCore-2.0.41] Initializing ReservedPlayerData for player: Player (4)
[10:57:44.7206959] [Warning: Unity Log] Failed to create agent because there is no valid NavMesh
[10:57:44.7216956] [Info   :ReservedItemSlotCore-2.0.41] Initializing ReservedPlayerData for player: Player (5)
[10:57:44.7216956] [Warning: Unity Log] Failed to create agent because there is no valid NavMesh
[10:57:44.7230385] [Info   :ReservedItemSlotCore-2.0.41] Initializing ReservedPlayerData for player: Player (6)
[10:57:44.7260424] [Warning: Unity Log] Failed to create agent because there is no valid NavMesh
[10:57:44.7270392] [Info   :ReservedItemSlotCore-2.0.41] Initializing ReservedPlayerData for player: Player (7)
[10:57:44.7280391] [Warning: Unity Log] Failed to create agent because there is no valid NavMesh
[10:57:44.7280391] [Info   :ReservedItemSlotCore-2.0.41] Initializing ReservedPlayerData for player: Player (8)
[10:57:44.7290387] [Warning: Unity Log] Failed to create agent because there is no valid NavMesh
[10:57:44.7300387] [Info   :ReservedItemSlotCore-2.0.41] Initializing ReservedPlayerData for player: Player (9)
[10:57:44.7310391] [Warning: Unity Log] Failed to create agent because there is no valid NavMesh
[10:57:44.7320467] [Info   :ReservedItemSlotCore-2.0.41] Initializing ReservedPlayerData for player: Player (10)
[10:57:44.7320467] [Warning: Unity Log] Failed to create agent because there is no valid NavMesh
[10:57:44.7330505] [Info   :ReservedItemSlotCore-2.0.41] Initializing ReservedPlayerData for player: Player (11)
[10:57:44.7340505] [Warning: Unity Log] Failed to create agent because there is no valid NavMesh
[10:57:44.7350506] [Info   :ReservedItemSlotCore-2.0.41] Initializing ReservedPlayerData for player: Player (12)
[10:57:44.7350506] [Warning: Unity Log] Failed to create agent because there is no valid NavMesh
[10:57:44.7360505] [Info   :ReservedItemSlotCore-2.0.41] Initializing ReservedPlayerData for player: Player (13)
[10:57:44.7370511] [Warning: Unity Log] Failed to create agent because there is no valid NavMesh
[10:57:44.7380519] [Info   :ReservedItemSlotCore-2.0.41] Initializing ReservedPlayerData for player: Player (14)
[10:57:44.7380519] [Warning: Unity Log] Failed to create agent because there is no valid NavMesh
[10:57:44.7390516] [Info   :ReservedItemSlotCore-2.0.41] Initializing ReservedPlayerData for player: Player (15)
[10:57:44.7400518] [Warning: Unity Log] Failed to create agent because there is no valid NavMesh
[10:57:44.7410516] [Debug  :ReXuvination] Optimised Collider layers in InteractTrigger for Object: Trigger (UnityEngine.GameObject)
[10:57:44.7410516] [Debug  :ReXuvination] Optimised Collider layers in InteractTrigger for Object: Trigger (UnityEngine.GameObject)
[10:57:44.7410516] [Debug  :ReXuvination] Optimised Collider layers in InteractTrigger for Object: InteractTrigger (UnityEngine.GameObject)
[10:57:44.7410516] [Debug  :ReXuvination] Optimised Collider layers in InteractTrigger for Object: LeverContainer (UnityEngine.GameObject)
[10:57:44.7410516] [Debug  :ReXuvination] Optimised Collider layers in InteractTrigger for Object: ChangableSuit(Clone) (UnityEngine.GameObject)
[10:57:44.7410516] [Debug  :ReXuvination] Optimised Collider layers in InteractTrigger for Object: ChangableSuit(Clone) (UnityEngine.GameObject)
[10:57:44.7410516] [Debug  :ReXuvination] Optimised Collider layers in InteractTrigger for Object: ChangableSuit(Clone) (UnityEngine.GameObject)
[10:57:44.7410516] [Debug  :ReXuvination] Optimised Collider layers in InteractTrigger for Object: ChangableSuit(Clone) (UnityEngine.GameObject)
[10:57:44.7410516] [Debug  :ReXuvination] Optimised Collider layers in InteractTrigger for Object: ChangableSuit(Clone) (UnityEngine.GameObject)
[10:57:44.7410516] [Debug  :ReXuvination] Optimised Collider layers in InteractTrigger for Object: ChangableSuit(Clone) (UnityEngine.GameObject)
[10:57:44.7410516] [Debug  :ReXuvination] Optimised Collider layers in InteractTrigger for Object: ChangableSuit(Clone) (UnityEngine.GameObject)
[10:57:44.7410516] [Debug  :ReXuvination] Optimised Collider layers in InteractTrigger for Object: ChangableSuit(Clone) (UnityEngine.GameObject)
[10:57:44.7410516] [Debug  :ReXuvination] Optimised Collider layers in InteractTrigger for Object: ChangableSuit(Clone) (UnityEngine.GameObject)
[10:57:44.7410516] [Debug  :ReXuvination] Optimised Collider layers in InteractTrigger for Object: ChangableSuit(Clone) (UnityEngine.GameObject)
[10:57:44.7410516] [Debug  :ReXuvination] Optimised Collider layers in InteractTrigger for Object: ChangableSuit(Clone) (UnityEngine.GameObject)
[10:57:44.7410516] [Debug  :ReXuvination] Optimised Collider layers in InteractTrigger for Object: ChangableSuit(Clone) (UnityEngine.GameObject)
[10:57:44.7410516] [Debug  :ReXuvination] Optimised Collider layers in InteractTrigger for Object: ChangableSuit(Clone) (UnityEngine.GameObject)
[10:57:44.7410516] [Debug  :ReXuvination] Optimised Collider layers in InteractTrigger for Object: ChangableSuit(Clone) (UnityEngine.GameObject)
[10:57:44.7410516] [Debug  :ReXuvination] Optimised Collider layers in InteractTrigger for Object: ChangableSuit(Clone) (UnityEngine.GameObject)
[10:57:44.7410516] [Debug  :ReXuvination] Optimised Collider layers in InteractTrigger for Object: ChangableSuit(Clone) (UnityEngine.GameObject)
[10:57:44.7410516] [Debug  :ReXuvination] Optimised Collider layers in InteractTrigger for Object: ChangableSuit(Clone) (UnityEngine.GameObject)
[10:57:44.7410516] [Debug  :ReXuvination] Optimised Collider layers in InteractTrigger for Object: ChangableSuit(Clone) (UnityEngine.GameObject)
[10:57:44.7410516] [Debug  :ReXuvination] Optimised Collider layers in InteractTrigger for Object: ChangableSuit(Clone) (UnityEngine.GameObject)
[10:57:44.7410516] [Debug  :ReXuvination] Optimised Collider layers in InteractTrigger for Object: ChangableSuit(Clone) (UnityEngine.GameObject)
[10:57:44.7410516] [Debug  :ReXuvination] Optimised Collider layers in InteractTrigger for Object: ChangableSuit(Clone) (UnityEngine.GameObject)
[10:57:44.7420513] [Debug  :ReXuvination] Optimised Collider layers in InteractTrigger for Object: ChangableSuit(Clone) (UnityEngine.GameObject)
[10:57:44.7420513] [Debug  :ReXuvination] Optimised Collider layers in InteractTrigger for Object: ChangableSuit(Clone) (UnityEngine.GameObject)
[10:57:44.7420513] [Debug  :ReXuvination] Optimised Collider layers in InteractTrigger for Object: ChangableSuit(Clone) (UnityEngine.GameObject)
[10:57:44.7420513] [Debug  :ReXuvination] Optimised Collider layers in InteractTrigger for Object: ChangableSuit(Clone) (UnityEngine.GameObject)
[10:57:44.7420513] [Debug  :ReXuvination] Optimised Collider layers in InteractTrigger for Object: ChangableSuit(Clone) (UnityEngine.GameObject)
[10:57:44.7420513] [Debug  :ReXuvination] Optimised Collider layers in InteractTrigger for Object: ChangableSuit(Clone) (UnityEngine.GameObject)
[10:57:44.7420513] [Debug  :ReXuvination] Optimised Collider layers in InteractTrigger for Object: ChangableSuit(Clone) (UnityEngine.GameObject)
[10:57:44.7420513] [Debug  :ReXuvination] Optimised Collider layers in InteractTrigger for Object: ChangableSuit(Clone) (UnityEngine.GameObject)
[10:57:44.7420513] [Debug  :ReXuvination] Optimised Collider layers in InteractTrigger for Object: ChangableSuit(Clone) (UnityEngine.GameObject)
[10:57:44.7420513] [Debug  :ReXuvination] Optimised Collider layers in InteractTrigger for Object: ChangableSuit(Clone) (UnityEngine.GameObject)
[10:57:44.7420513] [Debug  :ReXuvination] Optimised Collider layers in InteractTrigger for Object: ChangableSuit(Clone) (UnityEngine.GameObject)
[10:57:44.7420513] [Debug  :ReXuvination] Optimised Collider layers in InteractTrigger for Object: ChangableSuit(Clone) (UnityEngine.GameObject)
[10:57:44.7420513] [Debug  :ReXuvination] Optimised Collider layers in InteractTrigger for Object: ChangableSuit(Clone) (UnityEngine.GameObject)
[10:57:44.7420513] [Debug  :ReXuvination] Optimised Collider layers in InteractTrigger for Object: ChangableSuit(Clone) (UnityEngine.GameObject)
[10:57:44.7420513] [Debug  :ReXuvination] Optimised Collider layers in InteractTrigger for Object: ChangableSuit(Clone) (UnityEngine.GameObject)
[10:57:44.7420513] [Debug  :ReXuvination] Optimised Collider layers in InteractTrigger for Object: ChangableSuit(Clone) (UnityEngine.GameObject)
[10:57:44.7420513] [Debug  :ReXuvination] Optimised Collider layers in InteractTrigger for Object: ChangableSuit(Clone) (UnityEngine.GameObject)
[10:57:44.7420513] [Debug  :ReXuvination] Optimised Collider layers in InteractTrigger for Object: ChangableSuit(Clone) (UnityEngine.GameObject)
[10:57:44.7420513] [Debug  :ReXuvination] Optimised Collider layers in InteractTrigger for Object: ChangableSuit(Clone) (UnityEngine.GameObject)
[10:57:44.7420513] [Debug  :ReXuvination] Optimised Collider layers in InteractTrigger for Object: ChangableSuit(Clone) (UnityEngine.GameObject)
[10:57:44.7420513] [Debug  :ReXuvination] Optimised Collider layers in InteractTrigger for Object: trigger (UnityEngine.GameObject)
[10:57:44.7420513] [Debug  :ReXuvination] Optimised Collider layers in InteractTrigger for Object: trigger (UnityEngine.GameObject)
[10:57:44.8132558] [Info   : Unity Log] Taking control of player Player and enabling camera!
[10:57:44.8132558] [Info   : Unity Log] Switch camera to 'MainCamera'
[10:57:44.8267796] [Info   :LobbyImprovements] Registered Named Message Handlers
[10:57:44.8317810] [Info   : Unity Log] Starting voice tracking for player: MasaeAhmya
[10:57:44.8442270] [Info   :MoreCompany] Server received 1 cosmetics from 0 | Request All: True
[10:57:44.8442270] [Info   :MoreCompany] Sending 1 cosmetics to the server | Request All: True
[10:57:44.8462266] [Info   :TooManyEmotes-2.3.17] Loading ThirdPersonEmoteController preferences.
[10:57:44.8472273] [Info   : Unity Log] Switch camera to 'MainCamera'
[10:57:44.8472273] [Info   :TooManyEmotes-2.3.17] Initializing local player.
[10:57:44.8512270] [Debug  :Buttery Fixes] "Fake helmet" no longer casts a shadow
[10:57:44.8512270] [Debug  :Buttery Fixes] Fix "MONITORING: Player"
[10:57:44.8557428] [Info   :ReservedItemSlotCore-2.0.41] Unlocking reserved item slot: flashlight
[10:57:44.8557428] [Info   :ReservedItemSlotCore-2.0.41] Unlocking reserved item slot: spray_paint
[10:57:44.8557428] [Info   :ReservedItemSlotCore-2.0.41] Unlocking reserved item slot: utility
[10:57:44.8557428] [Info   :ReservedItemSlotCore-2.0.41] Unlocking reserved item slot: key_slot
[10:57:44.8557428] [Info   :ReservedItemSlotCore-2.0.41] Unlocking reserved item slot: walkie_talkie
[10:57:44.8557428] [Info   :ReservedItemSlotCore-2.0.41] Unlocking reserved item slot: weapons
[10:57:44.8557428] [Info   :ReservedItemSlotCore-2.0.41] Unlocking reserved item slot: ammo
[10:57:44.8557428] [Error  :ReservedItemSlotCore-2.0.41] Synced with host!
[10:57:44.8597413] [Info   :GeneralImprovements] Hiding old monitors
[10:57:44.8642897] [Info   :OpenBodyCams] Creating a new camera for Cube.001.
[10:57:44.9394320] [Info   :HotbarPlus-1.8.5] Resetting energy bars.
[10:57:44.9419347] [Info   : Unity Log] Switch camera to 'MainCamera'
[10:57:44.9429384] [Info   : Unity Log] !!!! ENABLING CAMERA FOR PLAYER: Player
[10:57:44.9429384] [Info   : Unity Log] !!!! connectedPlayersAmount: 0
[10:57:44.9489423] [Debug  :PizzaTowerEscapeMusic GameEventListener] Sound Manager created
[10:57:44.9569764] [Info   :PizzaTowerEscapeMusic MusicManager] All music clips unloaded
[10:57:44.9740174] [Debug  :PizzaTowerEscapeMusic GameEventListener] Level has changed to 21 Offense
[10:57:44.9780143] [Info   : LethalMin] Binding input actions for MasaeAhmya
[10:57:44.9835245] [Debug  :LCUltrawide_Community] ChangeAspectRatio - 1.777778
[10:57:44.9835245] [Debug  :LCUltrawide_Community] Setting hudmanager playerScreenTexture.texture to preferred height & width
[10:57:44.9835245] [Debug  :LCUltrawide_Community] Setting Terminal playerScreenTexHighRes to preferred height & width
[10:57:44.9835245] [Debug  :LCUltrawide_Community] Resetting gameplayCamera aspect
[10:57:44.9835245] [Debug  :LCUltrawide_Community] Updating UI/Canvas/Panel AspectRatioFitter aspectRatio to 1.777778
[10:57:44.9835245] [Debug  :LCUltrawide_Community] Updating UI/Canvas CanvasScaler to preferred height/width
[10:57:44.9845227] [Debug  :LCUltrawide_Community] Updating HUDManager HUDContainer AspectRatioFitter to preferred height/width
[10:57:44.9845227] [Debug  :LCUltrawide_Community] Updating Systems/UI/UICamera field of view to fix stretched HUD elements
[10:57:44.9845227] [Debug  :LCUltrawide_Community] Updating HUDManager Inventory position for preferred resolution
[10:57:44.9845227] [Debug  :LCUltrawide_Community] Updating PlayerHUDHelmetModel transform scale width for preferred resolution
[10:57:44.9845227] [Debug  :LCUltrawide_Community] New Aspect Ratio: 1.777778
[10:57:44.9940503] [Warning:S1.39 Compatibility Fixes] [DoorAudit] Hangar state changed -> CLOSED; doorPower=1.000; landed=False; leaving=False; living=1; livingInsideShip=1
[10:57:45.0141138] [Info   : LethalMin] ShipOnion: restored 38 pikmin from save after storage retrieval.
[10:57:45.0171115] [Debug  :GeneralImprovements] KEEPING WeedKillerItem(Clone) IN PLACE
[10:57:45.0171115] [Debug  :Matty's Fixes] Vanilla/Weed killer(237) needs to compute vertical offset - scheduled
[10:57:45.0400670] [Debug  : LethalMin] Initializing PikminItem WeedKillerItem(Clone) with item WeedKillerItem(Clone) (True)
[10:57:45.0420646] [Debug  :GeneralImprovements] KEEPING ShovelItem(Clone) IN PLACE
[10:57:45.0420646] [Debug  :Matty's Fixes] Vanilla/Shovel(238) needs to compute vertical offset - scheduled
[10:57:45.0597450] [Debug  : LethalMin] Initializing PikminItem ShovelItem(Clone) with item ShovelItem(Clone) (True)
[10:57:45.0597450] [Debug  :GeneralImprovements] KEEPING FlashlightItem(Clone) IN PLACE
[10:57:45.0597450] [Debug  :Matty's Fixes] Vanilla/Pro-flashlight(239) needs to compute vertical offset - scheduled
[10:57:45.0790713] [Info   :MoreBattery] Applied battery multiplier of 2x to item: 'Pro-flashlight' (Original battery life: 300s -> New battery life: 600s)
[10:57:45.0790713] [Debug  : LethalMin] Initializing PikminItem FlashlightItem(Clone) with item FlashlightItem(Clone) (True)
[10:57:45.0800747] [Debug  :GeneralImprovements] KEEPING ShovelItem(Clone) IN PLACE
[10:57:45.0800747] [Debug  :Matty's Fixes] Vanilla/Shovel(240) needs to compute vertical offset - scheduled
[10:57:45.0960889] [Debug  : LethalMin] Initializing PikminItem ShovelItem(Clone) with item ShovelItem(Clone) (True)
[10:57:45.0970864] [Debug  :GeneralImprovements] KEEPING DollaBill(Clone) IN PLACE
[10:57:45.0970864] [Debug  :Matty's Fixes] LethalLevelLoader/CodeRebirth/Crisp Dollar Bill(241) needs to compute vertical offset - scheduled
[10:57:45.1131502] [Debug  : LethalMin] Initializing PikminItem DollaBill(Clone) with item DollaBill(Clone) (True)
[10:57:45.1131502] [Debug  :GeneralImprovements] KEEPING Key(Clone) IN PLACE
[10:57:45.1131502] [Debug  :Matty's Fixes] Vanilla/Key(242) needs to compute vertical offset - scheduled
[10:57:45.1321743] [Debug  : LethalMin] Initializing PikminItem Key(Clone) with item Key(Clone) (True)
[10:57:45.1321743] [Debug  :GeneralImprovements] KEEPING Key(Clone) IN PLACE
[10:57:45.1321743] [Debug  :Matty's Fixes] Vanilla/Key(243) needs to compute vertical offset - scheduled
[10:57:45.1496907] [Debug  : LethalMin] Initializing PikminItem Key(Clone) with item Key(Clone) (True)
[10:57:45.1496907] [Debug  :GeneralImprovements] KEEPING Key(Clone) IN PLACE
[10:57:45.1496907] [Debug  :Matty's Fixes] Vanilla/Key(244) needs to compute vertical offset - scheduled
[10:57:45.1657039] [Debug  : LethalMin] Initializing PikminItem Key(Clone) with item Key(Clone) (True)
[10:57:45.1667050] [Debug  :GeneralImprovements] KEEPING FirehydrantPrefab(Clone) IN PLACE
[10:57:45.1667050] [Debug  :Matty's Fixes] LethalLevelLoader/ImmersiveScraps/Fire hydrant(245) needs to compute vertical offset - scheduled
[10:57:45.1828250] [Debug  : LethalMin] Initializing PikminItem FirehydrantPrefab(Clone) with item FirehydrantPrefab(Clone) (True)
[10:57:45.1838246] [Debug  :GeneralImprovements] KEEPING ArsonPlush(Clone) IN PLACE
[10:57:45.1838246] [Debug  :Matty's Fixes] LethalLevelLoader/Lethalthings/Arson Plush(246) needs to compute vertical offset - scheduled
[10:57:45.2023571] [Debug  : LethalMin] Initializing PikminItem ArsonPlush(Clone) with item ArsonPlush(Clone) (True)
[10:57:45.2033579] [Debug  :GeneralImprovements] KEEPING Cog(Clone) IN PLACE
[10:57:45.2033579] [Debug  :Matty's Fixes] Vanilla/Large axle(247) needs to compute vertical offset - scheduled
[10:57:45.2198653] [Debug  : LethalMin] Initializing PikminItem Cog(Clone) with item Cog(Clone) (True)
[10:57:45.2198653] [Debug  :GeneralImprovements] KEEPING EnginePart(Clone) IN PLACE
[10:57:45.2198653] [Debug  :Matty's Fixes] Vanilla/V-type engine(248) needs to compute vertical offset - scheduled
[10:57:45.2370961] [Debug  : LethalMin] Initializing PikminItem EnginePart(Clone) with item EnginePart(Clone) (True)
[10:57:45.2370961] [Debug  :GeneralImprovements] KEEPING PlantPrefab(Clone) IN PLACE
[10:57:45.2370961] [Debug  :Matty's Fixes] LethalLevelLoader/ImmersiveScraps/ImmersivePlant(249) needs to compute vertical offset - scheduled
[10:57:45.2525950] [Debug  : LethalMin] Initializing PikminItem PlantPrefab(Clone) with item PlantPrefab(Clone) (True)
[10:57:45.2535997] [Debug  :GeneralImprovements] KEEPING Moogle(Clone) IN PLACE
[10:57:45.2535997] [Debug  :Matty's Fixes] LethalLib/PremiumScraps/Moogle(250) needs to compute vertical offset - scheduled
[10:57:45.2701060] [Debug  : LethalMin] Initializing PikminItem Moogle(Clone) with item Moogle(Clone) (True)
[10:57:45.2701060] [Debug  :GeneralImprovements] KEEPING GarbageLid(Clone) IN PLACE
[10:57:45.2701060] [Debug  :Matty's Fixes] Vanilla/Garbage lid(251) needs to compute vertical offset - scheduled
[10:57:45.2871344] [Debug  : LethalMin] Initializing PikminItem GarbageLid(Clone) with item GarbageLid(Clone) (True)
[10:57:45.2871344] [Debug  :GeneralImprovements] KEEPING BinFullOfBottles(Clone) IN PLACE
[10:57:45.2871344] [Debug  :Matty's Fixes] Vanilla/Bottles(252) needs to compute vertical offset - scheduled
[10:57:45.3031481] [Debug  : LethalMin] Initializing PikminItem BinFullOfBottles(Clone) with item BinFullOfBottles(Clone) (True)
[10:57:45.3041519] [Debug  :GeneralImprovements] KEEPING GoldBar(Clone) IN PLACE
[10:57:45.3041519] [Debug  :Matty's Fixes] Vanilla/Gold bar(253) needs to compute vertical offset - scheduled
[10:57:45.3202042] [Debug  : LethalMin] Initializing PikminItem GoldBar(Clone) with item GoldBar(Clone) (True)
[10:57:45.3202042] [Debug  :GeneralImprovements] KEEPING GoldBar(Clone) IN PLACE
[10:57:45.3202042] [Debug  :Matty's Fixes] Vanilla/Gold bar(254) needs to compute vertical offset - scheduled
[10:57:45.3382298] [Debug  : LethalMin] Initializing PikminItem GoldBar(Clone) with item GoldBar(Clone) (True)
[10:57:45.3382298] [Debug  :GeneralImprovements] KEEPING GoldBar(Clone) IN PLACE
[10:57:45.3382298] [Debug  :Matty's Fixes] Vanilla/Gold bar(255) needs to compute vertical offset - scheduled
[10:57:45.3548342] [Debug  : LethalMin] Initializing PikminItem GoldBar(Clone) with item GoldBar(Clone) (True)
[10:57:45.3548342] [Debug  :GeneralImprovements] KEEPING GoldBar(Clone) IN PLACE
[10:57:45.3548342] [Debug  :Matty's Fixes] Vanilla/Gold bar(256) needs to compute vertical offset - scheduled
[10:57:45.3718463] [Debug  : LethalMin] Initializing PikminItem GoldBar(Clone) with item GoldBar(Clone) (True)
[10:57:45.3718463] [Debug  :GeneralImprovements] KEEPING GoldBar(Clone) IN PLACE
[10:57:45.3718463] [Debug  :Matty's Fixes] Vanilla/Gold bar(257) needs to compute vertical offset - scheduled
[10:57:45.3878693] [Debug  : LethalMin] Initializing PikminItem GoldBar(Clone) with item GoldBar(Clone) (True)
[10:57:45.3878693] [Debug  :GeneralImprovements] KEEPING GoldBar(Clone) IN PLACE
[10:57:45.3888678] [Debug  :Matty's Fixes] Vanilla/Gold bar(258) needs to compute vertical offset - scheduled
[10:57:45.4044588] [Debug  : LethalMin] Initializing PikminItem GoldBar(Clone) with item GoldBar(Clone) (True)
[10:57:45.4054563] [Debug  :GeneralImprovements] KEEPING Cristal(Clone) IN PLACE
[10:57:45.4054563] [Debug  :Matty's Fixes] LethalLib/PremiumScraps/Mystic Cristal(259) needs to compute vertical offset - scheduled
[10:57:45.4231141] [Debug  : LethalMin] Initializing PikminItem Cristal(Clone) with item Cristal(Clone) (True)
[10:57:45.4231141] [Debug  :GeneralImprovements] KEEPING Key(Clone) IN PLACE
[10:57:45.4231141] [Debug  :Matty's Fixes] Vanilla/Key(260) needs to compute vertical offset - scheduled
[10:57:45.4406547] [Debug  : LethalMin] Initializing PikminItem Key(Clone) with item Key(Clone) (True)
[10:57:45.4406547] [Debug  :GeneralImprovements] KEEPING Key(Clone) IN PLACE
[10:57:45.4406547] [Debug  :Matty's Fixes] Vanilla/Key(261) needs to compute vertical offset - scheduled
[10:57:45.4588789] [Debug  : LethalMin] Initializing PikminItem Key(Clone) with item Key(Clone) (True)
[10:57:45.4588789] [Debug  :GeneralImprovements] KEEPING Painting0.1(Clone) IN PLACE
[10:57:45.4588789] [Debug  :Matty's Fixes] DawnLib/unknown_lib/Dog Painting(262) needs to compute vertical offset - scheduled
[10:57:45.4753998] [Debug  : LethalMin] Initializing PikminItem Painting0.1(Clone) with item Painting0.1(Clone) (True)
[10:57:45.5450271] [Message: LethalMin] Registered Raptor As Pikmin Enemy, Added (3) latch triggers
[10:57:45.5450271] [Message: LethalMin] Registered T-rex As Pikmin Enemy, Added (1) latch triggers
[10:57:45.5450271] [Message: LethalMin] Registered Boomba As Pikmin Enemy, Added (1) latch triggers
[10:57:45.5450271] [Message: LethalMin] Registered Crystal Ray As Pikmin Enemy, Added (1) latch triggers
[10:57:45.5450271] [Message: LethalMin] Registered Cactus Budling As Pikmin Enemy, Added (7) latch triggers
[10:57:45.5450271] [Message: LethalMin] Registered Rabbit Magician As Pikmin Enemy, Added (1) latch triggers
[10:57:45.5450271] [Message: LethalMin] Registered Peace Keeper As Pikmin Enemy, Added (9) latch triggers
[10:57:45.5460300] [Message: LethalMin] Registered Lord Of The Manor As Pikmin Enemy, Added (1) latch triggers
[10:57:45.5460300] [Message: LethalMin] Registered Janitor As Pikmin Enemy, Added (1) latch triggers
[10:57:45.5460300] [Message: LethalMin] Registered Driftwood Menace As Pikmin Enemy, Added (14) latch triggers
[10:57:45.5460300] [Message: LethalMin] Registered Nancy As Pikmin Enemy, Added (1) latch triggers
[10:57:45.5460300] [Message: LethalMin] Registered Monarch As Pikmin Enemy, Added (1) latch triggers
[10:57:45.5460300] [Message: LethalMin] Registered CutieFly As Pikmin Enemy, Added (1) latch triggers
[10:57:45.5460300] [Message: LethalMin] Registered Mistress As Pikmin Enemy, Added (0) latch triggers
[10:57:45.5460300] [Message: LethalMin] Registered Redwood Titan As Pikmin Enemy, Added (5) latch triggers
[10:57:45.5460300] [Message: LethalMin] Registered Real Enemy SnailCat As Pikmin Enemy, Added (1) latch triggers
[10:57:45.5460300] [Message: LethalMin] Registered Duck As Pikmin Enemy, Added (1) latch triggers
[10:57:45.5460300] [Message: LethalMin] Registered Transporter As Pikmin Enemy, Added (1) latch triggers
[10:57:45.5460300] [Message: LethalMin] Registered Debt Collector As Pikmin Enemy, Added (9) latch triggers
[10:57:45.5460300] [Message: LethalMin] Registered Guardsman As Pikmin Enemy, Added (15) latch triggers
[10:57:45.5460300] [Message: LethalMin] Registered Siren Head As Pikmin Enemy, Added (1) latch triggers
[10:57:45.5460300] [Message: LethalMin] Registered NutSlayer As Pikmin Enemy, Added (1) latch triggers
[10:57:45.5460300] [Message: LethalMin] Registered kamikazieBugs As Pikmin Enemy, Added (2) latch triggers
[10:57:45.5460300] [Message: LethalMin] Registered Anti Coil-Head As Pikmin Enemy, Added (1) latch triggers
[10:57:45.5460300] [Message: LethalMin] Registered Locker As Pikmin Enemy, Added (1) latch triggers
[10:57:45.5460300] [Message: LethalMin] Registered ImmortalSnail As Pikmin Enemy, Added (1) latch triggers
[10:57:45.5460300] [Message: LethalMin] Registered Football As Pikmin Enemy, Added (1) latch triggers
[10:57:45.5460300] [Message: LethalMin] Registered Herobrine As Pikmin Enemy, Added (1) latch triggers
[10:57:45.5470271] [Message: LethalMin] Registered BagpipeGhost As Pikmin Enemy, Added (1) latch triggers
[10:57:45.5470271] [Message: LethalMin] Registered HarpGhost As Pikmin Enemy, Added (1) latch triggers
[10:57:45.5470271] [Message: LethalMin] Registered EnforcerGhost As Pikmin Enemy, Added (1) latch triggers
[10:57:45.5470271] [Message: LethalMin] Registered RollingGiant As Pikmin Enemy, Added (1) latch triggers
[10:57:45.5470271] [Message: LethalMin] Registered RollingGiant As Pikmin Enemy, Added (1) latch triggers
[10:57:45.5470271] [Message: LethalMin] Registered RollingGiant As Pikmin Enemy, Added (1) latch triggers
[10:57:45.5470271] [Message: LethalMin] Registered Puffmin As Pikmin Enemy, Added (0) latch triggers
[10:57:45.5470271] [Message: LethalMin] Registered Shy guy As Pikmin Enemy, Added (1) latch triggers
[10:57:45.5470271] [Message: LethalMin] Registered Men-stalker As Pikmin Enemy, Added (1) latch triggers
[10:57:45.5470271] [Message: LethalMin] Registered SlendermanEnemy As Pikmin Enemy, Added (1) latch triggers
[10:57:45.5470271] [Message: LethalMin] Registered Cabinet As Pikmin Enemy, Added (1) latch triggers
[10:57:45.5470271] [Message: LethalMin] Registered IrisMaskVariant As Pikmin Enemy, Added (1) latch triggers
[10:57:45.5470271] [Message: LethalMin] Registered Dark Spring As Pikmin Enemy, Added (1) latch triggers
[10:57:45.5470271] [Message: LethalMin] Registered Floating head As Pikmin Enemy, Added (1) latch triggers
[10:57:45.5470271] [Message: LethalMin] Registered Arachnohead As Pikmin Enemy, Added (2) latch triggers
[10:57:45.5480276] [Message: LethalMin] Registered Emma As Pikmin Enemy, Added (1) latch triggers
[10:57:45.5480276] [Message: LethalMin] Registered Elder As Pikmin Enemy, Added (2) latch triggers
[10:57:45.5480276] [Message: LethalMin] Registered Broken Mannequin As Pikmin Enemy, Added (1) latch triggers
[10:57:45.5480276] [Message: LethalMin] Registered Headless Mannequin As Pikmin Enemy, Added (1) latch triggers
[10:57:45.5480276] [Message: LethalMin] Registered Mannequin As Pikmin Enemy, Added (1) latch triggers
[10:57:45.5480276] [Message: LethalMin] Registered Dark Spring As Pikmin Enemy, Added (1) latch triggers
[10:57:45.5480276] [Message: LethalMin] Registered Baboon hawk As Pikmin Enemy, Added (1) latch triggers
[10:57:45.5480276] [Message: LethalMin] Registered Blob As Pikmin Enemy, Added (9) latch triggers
[10:57:45.5480276] [Message: LethalMin] Registered Bush Wolf As Pikmin Enemy, Added (1) latch triggers
[10:57:45.5490286] [Message: LethalMin] Registered Butler As Pikmin Enemy, Added (1) latch triggers
[10:57:45.5490286] [Message: LethalMin] Registered Butler Bees As Pikmin Enemy, Added (1) latch triggers
[10:57:45.5490286] [Message: LethalMin] Registered Cadaver Bloom As Pikmin Enemy, Added (1) latch triggers
[10:57:45.5490286] [Message: LethalMin] Registered Cadaver Growths As Pikmin Enemy, Added (0) latch triggers
[10:57:45.5490286] [Message: LethalMin] Registered Maneater As Pikmin Enemy, Added (2) latch triggers
[10:57:45.5490286] [Message: LethalMin] Registered Centipede As Pikmin Enemy, Added (1) latch triggers
[10:57:45.5500276] [Message: LethalMin] Registered Clay Surgeon As Pikmin Enemy, Added (1) latch triggers
[10:57:45.5500276] [Message: LethalMin] Registered Crawler As Pikmin Enemy, Added (2) latch triggers
[10:57:45.5500276] [Message: LethalMin] Registered Docile Locust Bees As Pikmin Enemy, Added (0) latch triggers
[10:57:45.5500276] [Message: LethalMin] Registered Manticoil As Pikmin Enemy, Added (2) latch triggers
[10:57:45.5500276] [Message: LethalMin] Registered Tulip Snake As Pikmin Enemy, Added (1) latch triggers
[10:57:45.5500276] [Info   : LethalMin] Found RedLocustBee state: idle
[10:57:45.5500276] [Info   : LethalMin] Found RedLocustBee state: defending
[10:57:45.5500276] [Info   : LethalMin] Found RedLocustBee state: aggression
[10:57:45.5500276] [Info   : LethalMin] Added state: pikmin_defending to RedLocustBees enemy behaviour states index 3
[10:57:45.5500276] [Message: LethalMin] Registered Red Locust Bees As Pikmin Enemy, Added (1) latch triggers
[10:57:45.5500276] [Message: LethalMin] Registered Girl As Pikmin Enemy, Added (1) latch triggers
[10:57:45.5500276] [Message: LethalMin] Registered Flowerman As Pikmin Enemy, Added (1) latch triggers
[10:57:45.5500276] [Message: LethalMin] Registered ForestGiant As Pikmin Enemy, Added (2) latch triggers
[10:57:45.5500276] [Message: LethalMin] Registered GiantKiwi As Pikmin Enemy, Added (1) latch triggers
[10:57:45.5510273] [Message: LethalMin] Registered Hoarding bug As Pikmin Enemy, Added (2) latch triggers
[10:57:45.5510273] [Message: LethalMin] Registered Jester As Pikmin Enemy, Added (1) latch triggers
[10:57:45.5510273] [Message: LethalMin] Registered Lasso As Pikmin Enemy, Added (1) latch triggers
[10:57:45.5510273] [Message: LethalMin] Registered Masked As Pikmin Enemy, Added (1) latch triggers
[10:57:45.5510273] [Message: LethalMin] Registered MouthDog As Pikmin Enemy, Added (1) latch triggers
[10:57:45.5510273] [Message: LethalMin] Registered Nutcracker As Pikmin Enemy, Added (1) latch triggers
[10:57:45.5510273] [Message: LethalMin] Registered Puffer As Pikmin Enemy, Added (1) latch triggers
[10:57:45.5510273] [Message: LethalMin] Registered Feiopar As Pikmin Enemy, Added (1) latch triggers
[10:57:45.5520270] [Message: LethalMin] Registered RadMech As Pikmin Enemy, Added (1) latch triggers
[10:57:45.5520270] [Message: LethalMin] Registered Red pill As Pikmin Enemy, Added (0) latch triggers
[10:57:45.5520270] [Message: LethalMin] Registered Bunker Spider As Pikmin Enemy, Added (2) latch triggers
[10:57:45.5520270] [Message: LethalMin] Registered Earth Leviathan As Pikmin Enemy, Added (5) latch triggers
[10:57:45.5520270] [Message: LethalMin] Registered Spring As Pikmin Enemy, Added (1) latch triggers
[10:57:45.5520270] [Message: LethalMin] Registered Stingray As Pikmin Enemy, Added (1) latch triggers
[10:57:45.5520270] [Message: LethalMin] Registered Vermin As Pikmin Enemy, Added (1) latch triggers
[10:57:45.5520270] [Message: LethalMin] Registered Ogopogo As Pikmin Enemy, Added (1) latch triggers
[10:57:45.5520270] [Message: LethalMin] Registered Boom bird As Pikmin Enemy, Added (2) latch triggers
[10:57:45.5520270] [Message: LethalMin] Registered Leaf boy As Pikmin Enemy, Added (1) latch triggers
[10:57:45.5520270] [Message: LethalMin] Registered Prototax As Pikmin Enemy, Added (1) latch triggers
[10:57:45.5520270] [Message: LethalMin] Registered Coil Crab As Pikmin Enemy, Added (1) latch triggers
[10:57:45.5520270] [Message: LethalMin] Registered Aloe As Pikmin Enemy, Added (1) latch triggers
[10:57:45.5881094] [Info   : LethalMin] Created a new ChainIKConstraint from Rig 1 - RightArm for the whistle animation on IrisMaskVariant
[10:57:45.5881094] [Debug  : LethalMin] Added PuffminLeader script to IrisMaskVariant
[10:57:45.5881094] [Info   : LethalMin] Created a new ChainIKConstraint from Rig 1 - RightArm for the whistle animation on MaskedPlayerEnemy
[10:57:45.5881094] [Debug  : LethalMin] Added PuffminLeader script to MaskedPlayerEnemy
[10:57:45.6269191] [Info   : LethalMin] Refreshing onions for ShipPhaseOnionContainer(Clone)
[10:57:45.6279121] [Info   : LethalMin] Removing ship phase onions
[10:57:45.6509244] [Debug  : LethalMin] ---Loading LethalMin Data---
[10:57:45.6509244] [Debug  : LethalMin] SavePath: LCSaveFile1_LethalMinSave
[10:57:45.6509244] [Debug  : LethalMin] Loaded 106 pikmin left from save file
[10:57:45.6519229] [Debug  : LethalMin] Loaded LethalMin.Pikmin.PikminFiredStats fired stats from save file
[10:57:45.6524303] [Debug  : LethalMin] Loaded (8, 5, 7, 0, 4, 1) onions from save file
[10:57:45.6524303] [Debug  : LethalMin] Loaded (9, 0, 1, 4, 7, 5, 8, 6) scanned types from save file
[10:57:45.6524303] [Debug  : LethalMin] Loaded 0 leafling players from save file
[10:57:45.6524303] [Debug  : LethalMin] ---Finished Loading LethalMin Data---
[10:57:45.6524303] [Info   : LethalMin] Cheat_InvinceablePikmin set to True
[10:57:45.6524303] [Debug  :ScienceBirdTweaks] ShipFloodlightController Start: Got StartOfRound reference. Waiting for initialization and landing.
[10:57:45.6771794] [Debug  :ScienceBirdTweaks] Found parent container: 'ShipLightsPost'.
[10:57:45.6771794] [Debug  :ScienceBirdTweaks] Found pivot child: 'Cube.006'.
[10:57:45.6771794] [Debug  :ScienceBirdTweaks] Found sibling: 'Floodlight1'.
[10:57:45.6771794] [Debug  :ScienceBirdTweaks] Found sibling: 'Floodlight2'.
[10:57:45.8049073] [Debug  : LethalMin] Animator Controller changed from metarigOtherPlayers to metarig
[10:57:45.8079051] [Debug  :BrutalCompanyMinusExtraReborn] Set UI Up Arrow color to: 00A000
[10:57:45.8079051] [Debug  :BrutalCompanyMinusExtraReborn] Set UI Up Arrow color to: 00A000
[10:57:45.8079051] [Debug  :BrutalCompanyMinusExtraReborn] Set UI Up Arrow color to: 00A000
[10:57:45.8079051] [Debug  :BrutalCompanyMinusExtraReborn] Set UI Down Arrow color to: 00A000
[10:57:45.8079051] [Debug  :BrutalCompanyMinusExtraReborn] Set UI Down Arrow color to: 00A000
[10:57:45.8079051] [Debug  :BrutalCompanyMinusExtraReborn] Set UI Down Arrow color to: 00A000
[10:57:45.8079051] [Debug  :BrutalCompanyMinusExtraReborn] Set UI letter color to: 00A000
[10:57:45.8089037] [Message:BrutalCompanyMinusExtraReborn] Got a default scale of 1, 1, 1.
[10:57:45.8089037] [Message:BrutalCompanyMinusExtraReborn] Modifying by a scale of 1, 1, 1.
[10:57:45.8089037] [Message:BrutalCompanyMinusExtraReborn] Got a default position of 797, 405, 0.
[10:57:45.8089037] [Message:BrutalCompanyMinusExtraReborn] Modifying to a position of 0, 0, 0.
[10:57:45.8089037] [Message:BrutalCompanyMinusExtraReborn] Got a default position of 0, 0, 0.
[10:57:45.8089037] [Message:BrutalCompanyMinusExtraReborn] Modifying to a position of 0, 0, 0.
[10:57:45.8219822] [Info   :PizzaTowerEscapeMusic MusicManager] Loaded music (Alarm_01.ogg) from file
[10:57:45.9903263] [Info   :LethalPerformance] Saved 2 save(s)
[10:57:45.9918310] [Info   : LethalMin] Leader connection detected!
[10:57:45.9978390] [Info   :LethalPerformance.Patcher] Saved 9 config(s)
[10:57:46.0867748] [Info   :TooManyEmotes-2.3.17] Rotating emote selection in store. Seed: 746501728
[10:57:47.1605024] [Debug  :ScienceBirdTweaks] All objects found: 3 objects.
[10:57:47.1630094] [Debug  :ScienceBirdTweaks] Stored initial state for Cube.006: Pos=(-2.67, 9.63, -6.84), Rot=(270.00, 270.00, 0.00)
[10:57:47.1630094] [Debug  :ScienceBirdTweaks] Stored initial state for Floodlight1: Pos=(-2.21, 10.08, -6.88), Rot=(12.40, 136.10, 92.11)
[10:57:47.1630094] [Debug  :ScienceBirdTweaks] Stored initial state for Floodlight2: Pos=(-3.12, 10.10, -6.88), Rot=(12.40, 220.33, 92.11)
[10:57:47.1952555] [Info   :GeneralImprovements] Found saved suit ID for player MasaeAhmya - changing to Skeleton.
[10:57:47.1972541] [Debug  :Matty's Fixes] Vanilla/Weed killer(237) is computing vertical offset
[10:57:47.2072763] [Debug  :Matty's Fixes] Vanilla/Weed killer new offset is 0.466042
[10:57:47.2072763] [Debug  :Matty's Fixes] Vanilla/Weed killer(237) position updated [(4.97, 0.02, -7.00)] -> [(4.97, -0.01, -7.00)]
[10:57:47.2072763] [Debug  :Matty's Fixes] Vanilla/Shovel(238) is computing vertical offset
[10:57:47.2072763] [Debug  :Matty's Fixes] Vanilla/Shovel new offset is 0.05423262
[10:57:47.2072763] [Debug  :Matty's Fixes] Vanilla/Shovel(238) position updated [(4.89, 0.02, -7.38)] -> [(4.89, -0.02, -7.38)]
[10:57:47.2072763] [Debug  :Matty's Fixes] Vanilla/Pro-flashlight(239) is computing vertical offset
[10:57:47.2082764] [Debug  :Matty's Fixes] Vanilla/Pro-flashlight new offset is 0.07735135
[10:57:47.2082764] [Debug  :Matty's Fixes] Vanilla/Pro-flashlight(239) position updated [(4.37, 0.02, -7.26)] -> [(4.37, -0.02, -7.26)]
[10:57:47.2082764] [Debug  :Matty's Fixes] Vanilla/Shovel(240) position updated [(-1.55, 0.02, -6.67)] -> [(-1.55, -0.02, -6.67)]
[10:57:47.2082764] [Debug  :Matty's Fixes] LethalLevelLoader/CodeRebirth/Crisp Dollar Bill(241) is computing vertical offset
[10:57:47.2082764] [Debug  :Matty's Fixes] LethalLevelLoader/CodeRebirth/Crisp Dollar Bill new offset is 6.575137E-07
[10:57:47.2082764] [Debug  :Matty's Fixes] LethalLevelLoader/CodeRebirth/Crisp Dollar Bill(241) position updated [(1.25, 0.03, -7.71)] -> [(1.25, 0.03, -7.71)]
[10:57:47.2082764] [Debug  :Matty's Fixes] Vanilla/Key(242) is computing vertical offset
[10:57:47.2082764] [Debug  :Matty's Fixes] Vanilla/Key new offset is 0.008278889
[10:57:47.2082764] [Debug  :Matty's Fixes] Vanilla/Key(242) position updated [(1.25, 0.03, -6.64)] -> [(1.25, -0.04, -6.64)]
[10:57:47.2082764] [Debug  :Matty's Fixes] Vanilla/Key(243) position updated [(3.62, 0.02, -6.85)] -> [(3.62, -0.04, -6.85)]
[10:57:47.2082764] [Debug  :Matty's Fixes] Vanilla/Key(244) position updated [(-0.44, 0.03, -5.49)] -> [(-0.44, -0.04, -5.49)]
[10:57:47.2082764] [Debug  :Matty's Fixes] LethalLevelLoader/ImmersiveScraps/Fire hydrant(245) is computing vertical offset
[10:57:47.2092769] [Debug  :Matty's Fixes] LethalLevelLoader/ImmersiveScraps/Fire hydrant original offset is 0
[10:57:47.2092769] [Debug  :Matty's Fixes] LethalLevelLoader/Lethalthings/Arson Plush(246) is computing vertical offset
[10:57:47.2092769] [Debug  :Matty's Fixes] LethalLevelLoader/Lethalthings/Arson Plush new offset is 0.01987118
[10:57:47.2092769] [Debug  :Matty's Fixes] LethalLevelLoader/Lethalthings/Arson Plush(246) position updated [(0.69, 0.03, -6.22)] -> [(0.69, 0.05, -6.22)]
[10:57:47.2092769] [Debug  :Matty's Fixes] Vanilla/Large axle(247) is computing vertical offset
[10:57:47.2102768] [Debug  :Matty's Fixes] Vanilla/Large axle new offset is 0.6651653
[10:57:47.2102768] [Debug  :Matty's Fixes] Vanilla/Large axle(247) position updated [(0.77, 0.03, -6.87)] -> [(0.77, 0.19, -6.87)]
[10:57:47.2102768] [Debug  :Matty's Fixes] Vanilla/V-type engine(248) is computing vertical offset
[10:57:47.2102768] [Debug  :Matty's Fixes] Vanilla/V-type engine new offset is 0.5033054
[10:57:47.2102768] [Debug  :Matty's Fixes] Vanilla/V-type engine(248) position updated [(1.53, 0.02, -6.67)] -> [(1.53, 0.13, -6.67)]
[10:57:47.2102768] [Debug  :Matty's Fixes] LethalLevelLoader/ImmersiveScraps/ImmersivePlant(249) is computing vertical offset
[10:57:47.2102768] [Debug  :Matty's Fixes] LethalLevelLoader/ImmersiveScraps/ImmersivePlant original offset is 0
[10:57:47.2102768] [Debug  :Matty's Fixes] LethalLib/PremiumScraps/Moogle(250) is computing vertical offset
[10:57:47.2127847] [Debug  :Matty's Fixes] LethalLib/PremiumScraps/Moogle new offset is 0.002857834
[10:57:47.2127847] [Debug  :Matty's Fixes] LethalLib/PremiumScraps/Moogle(250) position updated [(1.50, 0.02, -7.76)] -> [(1.50, 0.03, -7.76)]
[10:57:47.2127847] [Debug  :Matty's Fixes] Vanilla/Garbage lid(251) is computing vertical offset
[10:57:47.2127847] [Debug  :Matty's Fixes] Vanilla/Garbage lid new offset is 0.0369454
[10:57:47.2127847] [Debug  :Matty's Fixes] Vanilla/Garbage lid(251) position updated [(5.62, 0.02, -5.93)] -> [(5.62, 0.04, -5.93)]
[10:57:47.2127847] [Debug  :Matty's Fixes] Vanilla/Bottles(252) is computing vertical offset
[10:57:47.2137842] [Debug  :Matty's Fixes] Vanilla/Bottles new offset is 0.2901816
[10:57:47.2137842] [Debug  :Matty's Fixes] Vanilla/Bottles(252) position updated [(0.66, 0.03, -6.56)] -> [(0.66, 0.02, -6.56)]
[10:57:47.2137842] [Debug  :Matty's Fixes] Vanilla/Gold bar(253) is computing vertical offset
[10:57:47.2137842] [Debug  :Matty's Fixes] Vanilla/Gold bar new offset is 0.08164414
[10:57:47.2137842] [Debug  :Matty's Fixes] Vanilla/Gold bar(253) position updated [(0.12, 0.03, -7.07)] -> [(0.12, 0.04, -7.07)]
[10:57:47.2137842] [Debug  :Matty's Fixes] Vanilla/Gold bar(254) position updated [(0.95, 0.03, -6.65)] -> [(0.95, 0.04, -6.65)]
[10:57:47.2137842] [Debug  :Matty's Fixes] Vanilla/Gold bar(255) position updated [(0.15, 0.03, -7.23)] -> [(0.15, 0.04, -7.23)]
[10:57:47.2137842] [Debug  :Matty's Fixes] Vanilla/Gold bar(256) position updated [(0.86, 0.03, -7.45)] -> [(0.86, 0.04, -7.45)]
[10:57:47.2137842] [Debug  :Matty's Fixes] Vanilla/Gold bar(257) position updated [(2.27, 0.02, -7.04)] -> [(2.27, 0.04, -7.04)]
[10:57:47.2137842] [Debug  :Matty's Fixes] Vanilla/Gold bar(258) position updated [(0.60, 0.03, -6.52)] -> [(0.60, 0.04, -6.52)]
[10:57:47.2137842] [Debug  :Matty's Fixes] LethalLib/PremiumScraps/Mystic Cristal(259) is computing vertical offset
[10:57:47.2137842] [Debug  :Matty's Fixes] LethalLib/PremiumScraps/Mystic Cristal new offset is 0.2013499
[10:57:47.2137842] [Debug  :Matty's Fixes] LethalLib/PremiumScraps/Mystic Cristal(259) position updated [(1.45, 0.02, -7.78)] -> [(1.45, 0.23, -7.78)]
[10:57:47.2137842] [Debug  :Matty's Fixes] Vanilla/Key(260) position updated [(0.78, 0.03, -7.40)] -> [(0.78, -0.04, -7.40)]
[10:57:47.2137842] [Debug  :Matty's Fixes] Vanilla/Key(261) position updated [(0.66, 0.03, -6.29)] -> [(0.66, -0.04, -6.29)]
[10:57:47.2137842] [Debug  :Matty's Fixes] DawnLib/unknown_lib/Dog Painting(262) is computing vertical offset
[10:57:47.2137842] [Debug  :Matty's Fixes] DawnLib/unknown_lib/Dog Painting new offset is -1.187995E-05
[10:57:47.2137842] [Debug  :Matty's Fixes] DawnLib/unknown_lib/Dog Painting(262) position updated [(1.14, 0.03, -7.28)] -> [(1.14, 0.03, -7.28)]
[10:57:47.2137842] [Info   :PizzaTowerEscapeMusic MusicManager] Loaded music (Alarm_02.ogg) from file
[10:57:48.3974184] [Warning: Unity Log] BoxCollider does not support negative scale or size.
The effective box size has been forced positive and is likely to give unexpected collision geometry.
If you absolutely need to use negative scaling you can use the convex MeshCollider. Scene hierarchy path "Environment/HangarShip/LightSwitchContainer/PlacementCollider"
[10:57:48.3974184] [Warning: Unity Log] BoxCollider does not support negative scale or size.
The effective box size has been forced positive and is likely to give unexpected collision geometry.
If you absolutely need to use negative scaling you can use the convex MeshCollider. Scene hierarchy path "Environment/HangarShip/Cube"
[10:57:48.3974184] [Warning: Unity Log] BoxCollider does not support negative scale or size.
The effective box size has been forced positive and is likely to give unexpected collision geometry.
If you absolutely need to use negative scaling you can use the convex MeshCollider. Scene hierarchy path "Environment/HangarShip/ShipBottomColliders/Cube (1)"
[10:57:48.3974184] [Warning: Unity Log] BoxCollider does not support negative scale or size.
The effective box size has been forced positive and is likely to give unexpected collision geometry.
If you absolutely need to use negative scaling you can use the convex MeshCollider. Scene hierarchy path "Environment/HangarShip/ControlDesk.001"
[10:57:48.3974184] [Warning: Unity Log] BoxCollider does not support negative scale or size.
The effective box size has been forced positive and is likely to give unexpected collision geometry.
If you absolutely need to use negative scaling you can use the convex MeshCollider. Scene hierarchy path "Environment/HangarShip/ShipBottomColliders/Cube (3)"
[10:57:48.3974184] [Warning: Unity Log] BoxCollider does not support negative scale or size.
The effective box size has been forced positive and is likely to give unexpected collision geometry.
If you absolutely need to use negative scaling you can use the convex MeshCollider. Scene hierarchy path "Environment/HangarShip/ShipBottomColliders/Cube (7)"
[10:57:48.3974184] [Warning: Unity Log] BoxCollider does not support negative scale or size.
The effective box size has been forced positive and is likely to give unexpected collision geometry.
If you absolutely need to use negative scaling you can use the convex MeshCollider. Scene hierarchy path "Environment/HangarShip/ShipBottomColliders/Cube (6)"
[10:57:48.3974184] [Warning: Unity Log] BoxCollider does not support negative scale or size.
The effective box size has been forced positive and is likely to give unexpected collision geometry.
If you absolutely need to use negative scaling you can use the convex MeshCollider. Scene hierarchy path "Environment/HangarShip/ShipBottomColliders/Cube (8)"
[10:57:48.3974184] [Warning: Unity Log] BoxCollider does not support negative scale or size.
The effective box size has been forced positive and is likely to give unexpected collision geometry.
If you absolutely need to use negative scaling you can use the convex MeshCollider. Scene hierarchy path "Environment/HangarShip/ShipBottomColliders/Cube (5)"
[10:57:48.3974184] [Warning: Unity Log] BoxCollider does not support negative scale or size.
The effective box size has been forced positive and is likely to give unexpected collision geometry.
If you absolutely need to use negative scaling you can use the convex MeshCollider. Scene hierarchy path "Environment/HangarShip/ShipBottomColliders/Cube (4)"
[10:57:48.3974184] [Warning: Unity Log] BoxCollider does not support negative scale or size.
The effective box size has been forced positive and is likely to give unexpected collision geometry.
If you absolutely need to use negative scaling you can use the convex MeshCollider. Scene hierarchy path "Environment/HangarShip/EnginePart(Clone)/ScanNode"
[10:57:48.3974184] [Warning: Unity Log] BoxCollider does not support negative scale or size.
The effective box size has been forced positive and is likely to give unexpected collision geometry.
If you absolutely need to use negative scaling you can use the convex MeshCollider. Scene hierarchy path "Environment/HangarShip/EnginePart(Clone)"
[10:57:48.4019250] [Warning:   Coroner] Could not access dying player: Collider was not a player!
[10:57:48.4030068] [Warning:   Coroner] Could not access dying player: Index not assigned!
[10:57:48.4030068] [Debug  :   Coroner] Handling Out of Bounds death...
[10:57:48.4030068] [Warning:   Coroner] Could not access dying player: Collider was not a player!
[10:57:48.4030068] [Warning:   Coroner] Could not access dying player: Index not assigned!
[10:57:48.4030068] [Debug  :   Coroner] Handling Out of Bounds death...
[10:57:48.4030068] [Warning:   Coroner] Could not access dying player: Collider was not a player!
[10:57:48.4030068] [Warning:   Coroner] Could not access dying player: Index not assigned!
[10:57:48.4030068] [Debug  :   Coroner] Handling Out of Bounds death...
[10:57:48.4080104] [Debug  :PizzaTowerEscapeMusic GameEventListener] Player entered ship
[10:57:48.4438880] [Debug  :LobbyControl] Lobby took 14831ms to load
[10:57:48.4438880] [Debug  :   DawnLib] DuskNetworker started.
[10:57:48.4448884] [Info   :PizzaTowerEscapeMusic MusicManager] Loaded music (Alarm_03.ogg) from file
[10:57:48.6631102] [Info   : Unity Log] radar target index 0
[10:57:48.6671093] [Info   :PizzaTowerEscapeMusic MusicManager] Loaded music (Alarm_04.ogg) from file
[10:57:48.8382929] [Debug  :MrHat.BasedItemSaving] Host restored 26 of 26 saved item poses
[10:57:48.8382929] [Info   : MrHat.Lib] HatNet messages ready
[10:57:48.8603230] [Warning: Unity Log] BoxCollider does not support negative scale or size.
The effective box size has been forced positive and is likely to give unexpected collision geometry.
If you absolutely need to use negative scaling you can use the convex MeshCollider. Scene hierarchy path "Environment/HangarShip/StorageCloset/Cube.000/Cube"
[10:57:48.8603230] [Info   : Unity Log] [F] Registering spawnables in instance 'delayed'.
[10:57:48.8603230] [Info   :HerobrineMod] Registering spawnables in instance 'delayed'.
[10:57:48.8758510] [Info   :PizzaTowerEscapeMusic MusicManager] Loaded music (Alarm_05.ogg) from file
[10:57:49.0901914] [Info   :PizzaTowerEscapeMusic MusicManager] Loaded music (ByeByeThere.ogg) from file
[10:57:49.0956970] [Info   :PizzaTowerEscapeMusic MusicManager] Music clips done loading
[10:57:49.2758260] [Message:darmuhsTerminalStuff] Mode set to - [ None ] OnUpdateCamsEvent
[10:57:49.2773295] [Info   :More Ship Upgrades] [LguStore] Loading SteamID: 76561198152102027
[10:57:49.2773295] [Info   :More Ship Upgrades] [LguStore] Successfully loaded save data for ID: 76561198152102027
[10:57:49.2783335] [Info   :More Ship Upgrades] [UpgradeBus] Loaded sale of 0.7639316 for Bargain Connections.
[10:57:49.2783335] [Info   :More Ship Upgrades] [UpgradeBus] Loaded sale of 0.6034822 for Bigger Lungs.
[10:57:49.2783335] [Info   :More Ship Upgrades] [UpgradeBus] Loaded sale of 0.6393916 for Clay Glasses.
[10:57:49.2783335] [Info   :More Ship Upgrades] [UpgradeBus] Loaded sale of 0.8824858 for Fedora Suit.
[10:57:49.2783335] [Info   :More Ship Upgrades] [UpgradeBus] Loaded sale of 0.6314437 for Locksmith.
[10:57:49.2783335] [Info   :More Ship Upgrades] [UpgradeBus] Loaded sale of 0.8386321 for Running Shoes.
[10:57:49.2783335] [Info   :More Ship Upgrades] [UpgradeBus] Loaded sale of 0.6299759 for Sick Beats.
[10:57:49.2783335] [Info   :More Ship Upgrades] [UpgradeBus] Loaded sale of 0.6719078 for Traction Boots.
[10:57:49.4175196] [Info   : Unity Log] radar target index 0
[10:57:51.2683555] [Info   :ReservedItemSlotCore-2.0.41] Unlocking reserved item slot: flashlight
[10:57:51.2718636] [Warning: Unity Log] Parent of RectTransform is being set with parent property. Consider using the SetParent method instead, with the worldPositionStays argument set to false. This will retain local orientation and scale rather than world orientation and scale, which can prevent common UI scaling issues.
[10:57:51.2723661] [Info   :ReservedItemSlotCore-2.0.41] Unlocking reserved item slot: spray_paint
[10:57:51.2723661] [Warning: Unity Log] Parent of RectTransform is being set with parent property. Consider using the SetParent method instead, with the worldPositionStays argument set to false. This will retain local orientation and scale rather than world orientation and scale, which can prevent common UI scaling issues.
[10:57:51.2723661] [Info   :ReservedItemSlotCore-2.0.41] Unlocking reserved item slot: utility
[10:57:51.2733703] [Warning: Unity Log] Parent of RectTransform is being set with parent property. Consider using the SetParent method instead, with the worldPositionStays argument set to false. This will retain local orientation and scale rather than world orientation and scale, which can prevent common UI scaling issues.
[10:57:51.2733703] [Info   :ReservedItemSlotCore-2.0.41] Unlocking reserved item slot: key_slot
[10:57:51.2733703] [Warning: Unity Log] Parent of RectTransform is being set with parent property. Consider using the SetParent method instead, with the worldPositionStays argument set to false. This will retain local orientation and scale rather than world orientation and scale, which can prevent common UI scaling issues.
[10:57:51.2733703] [Info   :ReservedItemSlotCore-2.0.41] Unlocking reserved item slot: walkie_talkie
[10:57:51.2733703] [Warning: Unity Log] Parent of RectTransform is being set with parent property. Consider using the SetParent method instead, with the worldPositionStays argument set to false. This will retain local orientation and scale rather than world orientation and scale, which can prevent common UI scaling issues.
[10:57:51.2733703] [Info   :ReservedItemSlotCore-2.0.41] Unlocking reserved item slot: weapons
[10:57:51.2733703] [Warning: Unity Log] Parent of RectTransform is being set with parent property. Consider using the SetParent method instead, with the worldPositionStays argument set to false. This will retain local orientation and scale rather than world orientation and scale, which can prevent common UI scaling issues.
[10:57:51.2733703] [Info   :ReservedItemSlotCore-2.0.41] Unlocking reserved item slot: ammo
[10:57:51.2743747] [Warning: Unity Log] Parent of RectTransform is being set with parent property. Consider using the SetParent method instead, with the worldPositionStays argument set to false. This will retain local orientation and scale rather than world orientation and scale, which can prevent common UI scaling issues.
[10:57:51.2994187] [Info   : Unity Log] Setting default suit!
[10:57:51.3520289] [Debug  :   Coroner] Querying target player parameters pre-death...
[10:57:51.3520289] [Debug  :   Coroner] Query successful!True
[10:57:53.2720078] [Message:suitsTerminal] displaying hint in chat.
[10:57:53.2720078] [Info   :More Ship Upgrades] [LguStore] Applying loaded upgrades...
[10:57:53.6993143] [Info   :ReservedItemSlotCore-2.0.41] Beginning grab on reserved item: Pro-flashlight Previous item slot: 0
[10:57:53.8032734] [Debug  : LightsOut] GrabItem Pro-flashlight
[10:57:53.8032734] [Debug  : LightsOut] FlashlightItem is not a predefined type
[10:57:54.5818821] [Info   :ReservedItemSlotCore-2.0.41] Beginning grab on reserved item: Key Previous item slot: 0
[10:57:54.6867295] [Debug  : LightsOut] GrabItem Key
[10:57:54.6867295] [Debug  : LightsOut] KeyItem is not a predefined type
[10:57:56.6166977] [Info   : Unity Log] Update used by player client rpc has been called for interact trigger: StartGameLever
[10:57:56.6176987] [Info   : Unity Log] Start lever animation A
[10:57:56.6176987] [Info   : Unity Log] Start lever animation B
[10:57:56.6176987] [Info   : Unity Log] Start lever animation C
[10:57:56.6176987] [Info   : Unity Log] Start lever animation D; False 
[10:57:56.6176987] [Info   : Unity Log] Start lever animation E; True ; False
[10:57:56.6176987] [Info   : Unity Log] Start lever animation F
[10:57:56.6176987] [Info   : Unity Log] Lever animation: setting bool to True
[10:57:56.6262092] [Info   : Unity Log] Sent lever animation RPC on this client
[10:57:58.2873326] [Info   : Unity Log] Stop special animation F
[10:57:58.2873326] [Info   : Unity Log] Start game A
[10:57:58.2873326] [Info   : Unity Log] Start game B
[10:57:58.2873326] [Info   : Unity Log] Start game C
[10:57:58.2873326] [Info   : Unity Log] Start game D; True ; False
[10:57:58.2873326] [Info   : Unity Log] Start game E
[10:57:58.2873326] [Info   : Unity Log] Start game successful
[10:57:58.2873326] [Debug  :LobbyControl] Setting lobby to not joinable.
[10:57:58.2888360] [Debug  :ShipWindows] Network manager already exists! Destroying...
[10:57:58.2924233] [Debug  :LobbyControl] Preventing the closing of Steam lobby.
[10:57:58.2924233] [Debug  :MrHat.MisideItems.Internals] Has House Teleporter been unlocked? False
[10:57:58.2924233] [Debug  :MrHat.MisideItems.Internals] Has House Teleporter been unlocked? False
[10:57:58.2924233] [Info   : Unity Log] RANDOM MAP SEED: 94924441
[10:57:58.2934280] [Info   : Unity Log] Loading scene
[10:57:58.2934280] [Info   : Unity Log] Scene that began loading: Level7Offense
[10:57:58.2934280] [Info   : Unity Log] LOADING GAME!!!!!
[10:57:58.2944300] [Info   : Unity Log] Waiting for all players to load!
[10:57:58.2944300] [Debug  :   Coroner] New round started! Resetting causes of death...
[10:57:58.2944300] [Debug  :   Coroner] Clearing cause of death for player 0
[10:57:58.2954274] [Debug  :   Coroner] Clearing cause of death for player 1
[10:57:58.2954274] [Debug  :   Coroner] Clearing cause of death for player 2
[10:57:58.2954274] [Debug  :   Coroner] Clearing cause of death for player 3
[10:57:58.2954274] [Debug  :   Coroner] Clearing cause of death for player 4
[10:57:58.2954274] [Debug  :   Coroner] Clearing cause of death for player 5
[10:57:58.2954274] [Debug  :   Coroner] Clearing cause of death for player 6
[10:57:58.2954274] [Debug  :   Coroner] Clearing cause of death for player 7
[10:57:58.2954274] [Debug  :   Coroner] Clearing cause of death for player 8
[10:57:58.2954274] [Debug  :   Coroner] Clearing cause of death for player 9
[10:57:58.2954274] [Debug  :   Coroner] Clearing cause of death for player 10
[10:57:58.2954274] [Debug  :   Coroner] Clearing cause of death for player 11
[10:57:58.2954274] [Debug  :   Coroner] Clearing cause of death for player 12
[10:57:58.2954274] [Debug  :   Coroner] Clearing cause of death for player 13
[10:57:58.2954274] [Debug  :   Coroner] Clearing cause of death for player 14
[10:57:58.2954274] [Debug  :   Coroner] Clearing cause of death for player 15
[10:57:58.2954274] [Info   :Rolling Giant] [RandomlyMoveWhileLooking]: moveSpeed: 2, moveAcceleration: 1, moveDeceleration: 0.5, rotateToLookAtPlayer: True, delayBeforeLookingAtPlayer: 2, lookAtPlayerDuration: 3, waitTimeMin: 1, waitTimeMax: 3, randomMoveTimeMin: 1, randomMoveTimeMax: 3, lookTimeBeforeAgro: 0
[10:57:58.2954274] [Info   :Rolling Giant] Resetting all rolling giants!
[10:57:58.2954274] [Info   :Rolling Giant] Config sync request received from client: 0
[10:57:58.3075043] [Info   :Rolling Giant] Config sync sent to client: 0
[10:57:58.3075043] [Info   :Rolling Giant] Config sync request sent.
[10:57:58.3075043] [Message:Rolling Giant] Rolling Giant AI changed: RandomlyMoveWhileLooking
[10:57:58.3105125] [Info   :MrHat.BasedDecorPlacement] Active build mode cancelled for departure
[10:57:58.3105125] [Info   : Unity Log] Stop special animation G
[10:57:58.3268000] [Debug  :   Coroner] Querying target player parameters pre-death...
[10:57:58.3268000] [Debug  :   Coroner] Query successful!True
[10:57:58.6031699] [Warning: Unity Log] The referenced script on this Behaviour (Game Object 'rock.015_LOD1') is missing!
[10:57:58.6031699] [Warning: Unity Log] The referenced script on this Behaviour (Game Object 'rock.002_LOD1') is missing!
[10:57:58.6031699] [Warning: Unity Log] The referenced script on this Behaviour (Game Object 'rock.011_LOD1') is missing!
[10:57:58.6031699] [Warning: Unity Log] The referenced script on this Behaviour (Game Object 'rock.011_LOD1') is missing!
[10:57:58.6031699] [Warning: Unity Log] The referenced script on this Behaviour (Game Object 'FactoryHouse') is missing!
[10:57:58.6031699] [Warning: Unity Log] The referenced script on this Behaviour (Game Object 'rock.001_LOD1') is missing!
[10:57:58.6031699] [Warning: Unity Log] The referenced script on this Behaviour (Game Object 'rock.011_LOD1') is missing!
[10:57:58.6031699] [Warning: Unity Log] The referenced script on this Behaviour (Game Object 'rock.012_LOD1') is missing!
[10:57:58.6031699] [Warning: Unity Log] The referenced script on this Behaviour (Game Object 'Steam Audio Static Mesh') is missing!
[10:57:58.6031699] [Warning: Unity Log] The referenced script on this Behaviour (Game Object 'TrainCarTank') is missing!
[10:57:58.6031699] [Warning: Unity Log] The referenced script on this Behaviour (Game Object 'Cube.007') is missing!
[10:57:58.6031699] [Warning: Unity Log] The referenced script on this Behaviour (Game Object 'Buttresses.001') is missing!
[10:57:58.6031699] [Warning: Unity Log] The referenced script on this Behaviour (Game Object 'rock.015_LOD1') is missing!
[10:57:58.6031699] [Warning: Unity Log] The referenced script on this Behaviour (Game Object 'Cube.002') is missing!
[10:57:58.6031699] [Warning: Unity Log] The referenced script on this Behaviour (Game Object 'Cube') is missing!
[10:57:58.6031699] [Warning: Unity Log] The referenced script on this Behaviour (Game Object 'BigMachine') is missing!
[10:57:58.6031699] [Warning: Unity Log] The referenced script on this Behaviour (Game Object 'CatwalkstairsAlleyLowDetail') is missing!
[10:57:58.6031699] [Warning: Unity Log] The referenced script on this Behaviour (Game Object 'CementRaisedBridge') is missing!
[10:57:58.6031699] [Warning: Unity Log] The referenced script on this Behaviour (Game Object 'rock.011_LOD1') is missing!
[10:57:58.6031699] [Warning: Unity Log] The referenced script on this Behaviour (Game Object 'rock.001_LOD1') is missing!
[10:57:58.6031699] [Warning: Unity Log] The referenced script on this Behaviour (Game Object 'rock.013_LOD1') is missing!
[10:57:58.6031699] [Warning: Unity Log] The referenced script on this Behaviour (Game Object 'rock.013_LOD1') is missing!
[10:57:58.6031699] [Warning: Unity Log] The referenced script on this Behaviour (Game Object 'rock.012_LOD1') is missing!
[10:57:58.6031699] [Warning: Unity Log] The referenced script on this Behaviour (Game Object 'rock.007_LOD1') is missing!
[10:57:58.6031699] [Warning: Unity Log] The referenced script on this Behaviour (Game Object 'rock.002_LOD1') is missing!
[10:57:58.6031699] [Warning: Unity Log] The referenced script on this Behaviour (Game Object 'rock.011_LOD1') is missing!
[10:57:58.6031699] [Warning: Unity Log] The referenced script on this Behaviour (Game Object 'Cube') is missing!
[10:57:58.6031699] [Warning: Unity Log] The referenced script on this Behaviour (Game Object 'WaterTowerTank') is missing!
[10:57:58.6722911] [Info   : Unity Log] Subscribe to startedLandingShip
[10:57:58.6732967] [Warning: Unity Log] One Static Lighting Sky component was already set for baking, only the latest one will be used.
[10:57:58.6753017] [Debug  :ReXuvination] Optimised Collider layers in KillLocalPlayer for Object: KillTrigger (UnityEngine.GameObject)
[10:57:58.6883360] [Debug  :Buttery Fixes] Detected landing on Offense
[10:57:58.6883360] [Debug  :Buttery Fixes] Offense - Fixed factory ambience
[10:57:58.6883360] [Debug  :Buttery Fixes] Hide out-of-bounds objects (Experimentation and leftovers)
[10:57:58.8606742] [Warning: Unity Log] LadderTrigger is disabled! Netcode for GameObjects does not support spawning disabled NetworkBehaviours! The InteractTrigger component was skipped during spawn!
[10:57:58.8606742] [Warning: Unity Log] LadderTrigger is disabled! Netcode for GameObjects does not support spawning disabled NetworkBehaviours! The InteractTrigger component was skipped during spawn!
[10:57:58.8606742] [Warning: Unity Log] LadderTrigger is disabled! Netcode for GameObjects does not support spawning disabled NetworkBehaviours! The InteractTrigger component was skipped during spawn!
[10:57:58.9513425] [Debug  :UniversalRadar] NAV MAX: 68.12984, NAV MIN: -6.340155
[10:57:58.9683852] [Debug  :UniversalRadar] First time load: Fetched 1 terrain renderers
[10:57:58.9758985] [Debug  :UniversalRadar] Adding terrain paths to dictionary under identifier (21 Offense, Level7Offense)
[10:57:58.9758985] [Debug  :UniversalRadar] Terrain max: 68.0728, terrain min: -6.340155 (68.12984, -6.340155)
[10:57:58.9784101] [Debug  :UniversalRadar] First time radar generation complete (0.09803772s)
[10:57:58.9784101] [Debug  :UniversalRadar] Disabling existing contour map!
[10:57:58.9794095] [Info   : LethalMin] __ LethalMin On Game Started __
[10:57:58.9794095] [Info   : LethalMin] __ LethalMin On Game Started Finished __
[10:57:58.9829121] [Info   :Scopophobia] Scopophobia disabled Audio Spacializer errors!
[10:57:58.9849158] [Debug  :ReXuvination] Optimised Collider layers in InteractTrigger for Object: EntranceTeleportA (UnityEngine.GameObject)
[10:57:58.9849158] [Debug  :ReXuvination] Optimised Collider layers in InteractTrigger for Object: EntranceTeleportB (UnityEngine.GameObject)
[10:57:58.9849158] [Debug  :ReXuvination] Optimised Collider layers in InteractTrigger for Object: StoryLogCollectable (3) (UnityEngine.GameObject)
[10:57:58.9849158] [Debug  :ReXuvination] Optimised Collider layers in InteractTrigger for Object: Trigger (UnityEngine.GameObject)
[10:57:58.9849158] [Debug  :ReXuvination] Optimised Collider layers in InteractTrigger for Object: KillTrigger (UnityEngine.GameObject)
[10:57:58.9849158] [Debug  :ReXuvination] Optimised Collider layers in InteractTrigger for Object: LadderTrigger (UnityEngine.GameObject)
[10:57:58.9849158] [Debug  :ReXuvination] Optimised Collider layers in InteractTrigger for Object: LadderTrigger (UnityEngine.GameObject)
[10:57:58.9849158] [Debug  :ReXuvination] Optimised Collider layers in OutOfBoundsTrigger for Object: OutOfBoundsTriggerFactory (UnityEngine.GameObject)
[10:57:58.9849158] [Debug  :Buttery Fixes] Fix foliage colors
[10:57:58.9859173] [Debug  :Buttery Fixes] Cause of death: Dropship
[10:57:58.9864212] [Debug  :Enemy Sound Fixes] Doppler level: Dropship
[10:57:58.9864212] [Debug  :   Coroner] Item dropship spawned! Modifying kill trigger...
[10:57:59.0077929] [Warning: Unity Log] BoxCollider does not support negative scale or size.
The effective box size has been forced positive and is likely to give unexpected collision geometry.
If you absolutely need to use negative scaling you can use the convex MeshCollider. Scene hierarchy path "Environment/Map/ModelsIntroScene/ChainlinkFence (18)"
[10:57:59.0077929] [Warning: Unity Log] BoxCollider does not support negative scale or size.
The effective box size has been forced positive and is likely to give unexpected collision geometry.
If you absolutely need to use negative scaling you can use the convex MeshCollider. Scene hierarchy path "Environment/Map/ModelsIntroScene/ChainlinkFence (19)"
[10:57:59.0077929] [Warning: Unity Log] BoxCollider does not support negative scale or size.
The effective box size has been forced positive and is likely to give unexpected collision geometry.
If you absolutely need to use negative scaling you can use the convex MeshCollider. Scene hierarchy path "Environment/Map/ModelsIntroScene/ChainlinkFence (17)"
[10:57:59.0077929] [Warning: Unity Log] BoxCollider does not support negative scale or size.
The effective box size has been forced positive and is likely to give unexpected collision geometry.
If you absolutely need to use negative scaling you can use the convex MeshCollider. Scene hierarchy path "Environment/Map/ModelsIntroScene/Girder1 (5)/Collider (2)"
[10:57:59.1785101] [Info   :BrutalCompanyMinusExtraReborn] Executing OnShipLeave for all events()
[10:57:59.1860349] [Info   :HotbarPlus-1.8.5] Finished receiving OnUpdatePurchasedHotbarSlots update. New purchased hotbar slots: 0
[10:57:59.1870339] [Info   :HotbarPlus-1.8.5] Finished receiving OnUpdatePurchasedHotbarSlots update. New purchased hotbar slots: 0
[10:57:59.1960574] [Info   :BrutalCompanyMinusExtraReborn] Storing un-modified level paramaters on level:OffenseLevel
[10:57:59.1960574] [Info   :BrutalCompanyMinusExtraReborn] Resetting level values before changing.
[10:57:59.1970572] [Info   :BrutalCompanyMinusExtraReborn] Set eventType weight for Insane to 375
[10:57:59.1970572] [Info   :BrutalCompanyMinusExtraReborn] Set eventType weight for VeryBad to 375
[10:57:59.1970572] [Info   :BrutalCompanyMinusExtraReborn] Set eventType weight for Bad to 375
[10:57:59.1970572] [Info   :BrutalCompanyMinusExtraReborn] Set eventType weight for Neutral to 375
[10:57:59.1970572] [Info   :BrutalCompanyMinusExtraReborn] Set eventType weight for Good to 375
[10:57:59.1970572] [Info   :BrutalCompanyMinusExtraReborn] Set eventType weight for VeryGood to 375
[10:57:59.1970572] [Info   :BrutalCompanyMinusExtraReborn] Set eventType weight for Rare to 375
[10:57:59.1970572] [Info   :BrutalCompanyMinusExtraReborn] Set eventType weight for Remove to 375
[10:57:59.1995608] [Info   :BrutalCompanyMinusExtraReborn] Checking blacklist for event ShyGuy
[10:57:59.1995608] [Info   :BrutalCompanyMinusExtraReborn] Event chosen: ShyGuy
[10:57:59.2120965] [Info   :BrutalCompanyMinusExtraReborn] MapMultipliers = [scrapValueMultiplier: 1, scrapAmountMultiplier: 1, factorySizeMultiplier: 1, EnemyHp: 0, insideSpawnChanceAdditive: 0, outsideSpawnChanceAdditive: 0, SpawnChanceMultiplier: 1, SpawnCapMultiplier: 1, InsidePower: 0, OutsidePower: 0]
[10:57:59.2120965] [Info   :BrutalCompanyMinusExtraReborn] Inside Spawn Curve
[10:57:59.2120965] [Info   :BrutalCompanyMinusExtraReborn] Time:0 + $Value:-3.679245
[10:57:59.2120965] [Info   :BrutalCompanyMinusExtraReborn] Time:0.2675084 + $Value:0.161918
[10:57:59.2120965] [Info   :BrutalCompanyMinusExtraReborn] Time:0.7624402 + $Value:7.363626
[10:57:59.2120965] [Info   :BrutalCompanyMinusExtraReborn] Time:1 + $Value:15
[10:57:59.2120965] [Info   :BrutalCompanyMinusExtraReborn] Outside Spawn Curve
[10:57:59.2120965] [Info   :BrutalCompanyMinusExtraReborn] Time:-7.736962E-07 + $Value:-2.8875
[10:57:59.2120965] [Info   :BrutalCompanyMinusExtraReborn] Time:0.4209173 + $Value:-1.073028
[10:57:59.2120965] [Info   :BrutalCompanyMinusExtraReborn] Time:1.005263 + $Value:5.391635
[10:57:59.2120965] [Info   :BrutalCompanyMinusExtraReborn] Daytime Spawn Curve
[10:57:59.2120965] [Info   :BrutalCompanyMinusExtraReborn] Time:0 + $Value:-8.727501
[10:57:59.2120965] [Info   :BrutalCompanyMinusExtraReborn] Time:0.4764326 + $Value:-7.944879
[10:57:59.2120965] [Info   :BrutalCompanyMinusExtraReborn] Time:0.9998173 + $Value:-14.8181
[10:57:59.2296251] [Info   : Unity Log] Weed: moldspreaditerations: 0; position: -1
[10:57:59.2341389] [Info   : Unity Log] Roundmanager: Refreshed OutsideAINodes list!: 42
[10:57:59.2341389] [Info   : Unity Log] Roundmanager: Refreshed OutsideAINodes list!: 42
[10:57:59.2341389] [Info   : Unity Log] RANDOM MAP SEED - 94924441
Client #0
Moon: 21 Offense
[10:57:59.2351433] [Debug  :More Ship Upgrades] Adding speed in FinishGeneratingLevel callback
[10:57:59.2351433] [Info   :LethalLevelLoader] Getting Random DungeonFlows!
[10:57:59.2386462] [Info   :LethalLevelLoader] ExtendedLevel <-> ExtendedDungeonFlow Dynamic Matching Report.

Info For ExtendedLevel: OffenseExtendedLevel | Planet Name: Offense | Content Tags: Vanilla, Vanilla, Free, Canyon | Route Price: 0 | Current Weather: None
Unviable ExtendedDungeonFlows: ACF Site, Supermarket, Zeranos Gray Apartments, junkrooms, Treatement Amenity, Lantern Manor, Raven Manor, Spelunkers Caverns (Basic), Spelunkers Caverns (Crystal), Spelunkers Caverns (Frozen), Spelunkers Caverns (Overgrown), Studio Floor
Viable ExtendedDungeonFlows: LiminalHouse (300), Sub Systems (275), Abandoned Foundry (250), Facility (100), Fractured Complex (100), Greenhouse (100), Art Gallery (100), Decrepit store (100), Expanded facility (100), Expanded Mineshaft (100), Spooky manor (100), Deep Sewers (100), Mausoleum (100), Museum (100), ScoopyCastle (100), Slaughterhouse (100), Storage Complex (100), Grand Armory (100), Rubber Rooms (100), Atlantean Citadel (100), Drains (100), Haunted Mansion (100), Mineshaft (100), Black Mesa (100), Bunker (100), Circus Facility (100), Substation (100), Toy Store (100), Storehouse (100), Tower (100), Liminal Facility (100), Shatteredrooms (75), Lead Factory (70), Spelunkers Caverns (Random) (50), Crimson Keep (35), Gray Apartments (25), DeepcoreMines (25), Spelunkers Caverns (Magmatic) (25), Belleville Appartements (20), Goldstay Hotel (20)

[10:57:59.2396509] [Info   :S1.42AB Interior Weight Normalization] [InteriorWeightNormalization] Final effective viable pool for Offense: LiminalHouse(100), Sub Systems(100), Abandoned Foundry(100), Facility(100), Fractured Complex(100), Greenhouse(100), Art Gallery(100), Decrepit store(100), Expanded facility(100), Expanded Mineshaft(100), Spooky manor(100), Deep Sewers(100), Mausoleum(100), Museum(100), ScoopyCastle(100), Slaughterhouse(100), Storage Complex(100), Grand Armory(100), Rubber Rooms(100), Atlantean Citadel(100), Drains(100), Haunted Mansion(100), Mineshaft(100), Black Mesa(100), Bunker(100), Circus Facility(100), Substation(100), Toy Store(100), Storehouse(100), Tower(100), Liminal Facility(100), Shatteredrooms(100), Lead Factory(100), Spelunkers Caverns (Random)(100), Crimson Keep(100), Gray Apartments(100), DeepcoreMines(100), Spelunkers Caverns (Magmatic)(100), Belleville Appartements(100), Goldstay Hotel(100)
[10:57:59.2396509] [Info   :S1.42AB Interior Weight Normalization] [InteriorWeightNormalization] Normalized 12/40 returned viable dungeon weights to 100; pre-normalization range was 20..300; debugResults=True.
[10:57:59.2406511] [Info   :LethalLevelLoader] Setting Random DungeonFlows!
[10:57:59.2406511] [Error  :  HarmonyX] Error while running static void loaforcsSoundAPI.LethalCompany.Patches.RoundManagerPatch::Reporting(). Error: System.TypeLoadException: Failure has occurred while loading a type.
  at (wrapper dynamic-method) RoundManager.DMD<RoundManager::GenerateNewFloor>(RoundManager)
[10:57:59.2406511] [Info   : Unity Log] Now listening to dungeon generator status.
[10:57:59.3345890] [Info   :LethalLevelLoader] CurrentLevel: Offense DungeonSize Is: 1.25 | Leaving DungeonSize As: 1.25
[10:57:59.3375888] [Debug  :ButteRyBalance] Final length multiplier: 1.25 (Interior #26, seed: 94924441)
[10:57:59.3375888] [Info   :dev.ladyalice.dungenplus] Did not load a DunGenExtenderer
[10:57:59.3375888] [Debug  :dev.ladyalice.dungenplus] Initialized ScrapItemManager to 21 Offense
[10:57:59.3375888] [Debug  :dev.ladyalice.dungenplus] Initialized EnemyManager to 21 Offense
[10:57:59.3400992] [Info   :LethalLevelLoader] Fire Exit Patch Report, Details Below;

EntranceTeleports Found, Offense Contains 2 Entrances! (1 Fire Escapes)
Main Entrance: EntranceTeleportB (Entrance ID: 1)
Alternate Entrance: EntranceTeleportB (Entrance ID: 1)
Found Fire Escape GlobalProp: (ID: 1231), Modifying Spawn rate Count From (1,1) To (1,1)


[10:57:59.3436015] [Info   :S1.42AB Interior Weight Normalization] [InteriorWeightNormalization] Final effective viable pool for Offense: Facility(100), Haunted Mansion(100), Mineshaft(100), Black Mesa(100), Abandoned Foundry(100), DeepcoreMines(100), LiminalHouse(100), Bunker(100), Drains(100), Substation(100), Liminal Facility(100), Storehouse(100), Tower(100), Gray Apartments(100), Belleville Appartements(100), Crimson Keep(100), Goldstay Hotel(100), Lead Factory(100), Circus Facility(100), Atlantean Citadel(100), Deep Sewers(100), Fractured Complex(100), Greenhouse(100), Art Gallery(100), Decrepit store(100), Expanded facility(100), Expanded Mineshaft(100), Grand Armory(100), Spooky manor(100), Mausoleum(100), Museum(100), ScoopyCastle(100), Shatteredrooms(100), Slaughterhouse(100), Spelunkers Caverns (Random)(100), Spelunkers Caverns (Magmatic)(100), Storage Complex(100), Sub Systems(100), Rubber Rooms(100), Toy Store(100)
[10:57:59.3436015] [Info   :S1.42AB Interior Weight Normalization] [InteriorWeightNormalization] Normalized 12/40 returned viable dungeon weights to 100; pre-normalization range was 20..300; debugResults=False.
[10:57:59.3436015] [Info   :LethalLevelLoader] Created New Day History Log! PlanetName: Offense ,Circus Facility ,Quota: 4 , Day: 1 , Weather: None
[10:57:59.3446024] [Info   :       Cat] Meow?
[10:57:59.3446024] [Info   :       Cat] Meow.
[10:57:59.3446024] [Info   :       Cat] I am cat.
[10:57:59.3446024] [Info   :       Cat] I have come to share my wisdom.
[10:57:59.3446024] [Info   :       Cat] EHEM.
[10:57:59.3446024] [Info   :       Cat] Meeeooowwwwww.
[10:57:59.3446024] [Info   :Slaughterhouse Scripts] Adding new rules to Slaughterhouse dungeon generation.
[10:57:59.4132214] [Debug  :dev.ladyalice.dungenplus] Main branch gen failed at Branch 0 (Length: 4, Ratio: 0.2666667)
Prev tile: Circus_CatwalkTile2x1Split
Archetype: CircusFacilityArchetypeMaze
Tilesets: CircusMaze (DunGen.TileSet)
Reason: DunGen.TileIsCollidingPlacementResult
Available Doorways: NorthLeftDoor, NorthRightDoor, SouthLeftDoor, SouthRightDoor, WestDoor
Used Doorways: EastDoor

[10:57:59.4422767] [Debug  :dev.ladyalice.dungenplus] Main branch gen failed at Branch 0 (Length: 4, Ratio: 0.2352941)
Prev tile: Circus_CatwalkTile2x1Split
Archetype: CircusFacilityArchetype
Tilesets: CircusHallwayTiles (DunGen.TileSet)
Reason: DunGen.TileIsCollidingPlacementResult
Available Doorways: NorthLeftDoor, NorthRightDoor, SouthLeftDoor, SouthRightDoor, WestDoor
Used Doorways: EastDoor

[10:57:59.4678329] [Debug  :dev.ladyalice.dungenplus] Main branch gen failed at Branch 0 (Length: 4, Ratio: 0.2352941)
Prev tile: Circus_HallwayCloverInverse
Archetype: CircusFacilityArchetype
Tilesets: CircusHallwayTiles (DunGen.TileSet)
Reason: DunGen.NoMatchingDoorwayPlacementResult
Available Doorways: NorthConnector, EastConnector, WestConnector
Used Doorways: SouthDoor

[10:58:00.9341775] [Debug  :ReXuvination] Optimised Collider layers in KillLocalPlayer for Object: KillTrigger (UnityEngine.GameObject)
[10:58:01.0305303] [Debug  :ReXuvination] Optimised Collider layers in KillLocalPlayer for Object: KillTrigger (UnityEngine.GameObject)
[10:58:01.0495635] [Debug  :ReXuvination] Optimised Collider layers in KillLocalPlayer for Object: KillTrigger (UnityEngine.GameObject)
[10:58:01.0562226] [Debug  :ReXuvination] Optimised Collider layers in KillLocalPlayer for Object: KillTrigger (UnityEngine.GameObject)
[10:58:01.1280149] [Debug  :ReXuvination] Optimised Collider layers in KillLocalPlayer for Object: KillTrigger (UnityEngine.GameObject)
[10:58:01.1450464] [Debug  :ReXuvination] Optimised Collider layers in KillLocalPlayer for Object: KillTrigger (UnityEngine.GameObject)
[10:58:01.3773791] [Debug  :ReXuvination] Optimised Collider layers in KillLocalPlayer for Object: KillTrigger (UnityEngine.GameObject)
[10:58:01.4975167] [Debug  :TestAccountCore] Hazard injection: 0 matches, 0 hazards
[10:58:01.4975167] [Debug  :TestAccountCore] Hazard injection: 1 matches, 0 hazards
[10:58:01.5000335] [Debug  :TestAccountCore] Hazard injection: 0 matches, 0 hazards
[10:58:01.5000335] [Debug  :TestAccountCore] Hazard injection: 0 matches, 0 hazards
[10:58:01.5000335] [Debug  :TestAccountCore] Hazard injection: 0 matches, 0 hazards
[10:58:01.5000335] [Debug  :TestAccountCore] Hazard injection: 0 matches, 0 hazards
[10:58:01.5000335] [Debug  :TestAccountCore] Hazard injection: 1 matches, 0 hazards
[10:58:01.5000335] [Debug  :TestAccountCore] Hazard injection: 1 matches, 0 hazards
[10:58:01.5000335] [Debug  :TestAccountCore] Hazard injection: 1 matches, 0 hazards
[10:58:01.5000335] [Debug  :TestAccountCore] Hazard injection: 1 matches, 0 hazards
[10:58:01.5000335] [Debug  :TestAccountCore] Hazard injection: 0 matches, 0 hazards
[10:58:01.5000335] [Debug  :TestAccountCore] Hazard injection: 0 matches, 0 hazards
[10:58:01.5000335] [Debug  :TestAccountCore] Hazard injection: 0 matches, 0 hazards
[10:58:01.5000335] [Debug  :TestAccountCore] Hazard injection: 0 matches, 0 hazards
[10:58:01.5000335] [Debug  :TestAccountCore] Hazard injection: 0 matches, 0 hazards
[10:58:01.5000335] [Debug  :TestAccountCore] Hazard injection: 0 matches, 0 hazards
[10:58:01.5000335] [Debug  :TestAccountCore] Hazard injection: 0 matches, 0 hazards
[10:58:01.5000335] [Debug  :TestAccountCore] Hazard injection: 0 matches, 0 hazards
[10:58:01.5000335] [Debug  :TestAccountCore] Hazard injection: 0 matches, 0 hazards
[10:58:01.5000335] [Debug  :TestAccountCore] Hazard injection: 0 matches, 0 hazards
[10:58:01.5000335] [Debug  :TestAccountCore] Hazard injection: 1 matches, 0 hazards
[10:58:01.5000335] [Debug  :TestAccountCore] Hazard injection: 1 matches, 0 hazards
[10:58:01.5000335] [Debug  :TestAccountCore] Hazard injection: 0 matches, 0 hazards
[10:58:01.5000335] [Debug  :TestAccountCore] Hazard injection: 0 matches, 0 hazards
[10:58:01.5000335] [Debug  :TestAccountCore] Hazard injection: 1 matches, 0 hazards
[10:58:01.5000335] [Debug  :TestAccountCore] Hazard injection: 1 matches, 0 hazards
[10:58:01.5000335] [Debug  :TestAccountCore] Hazard injection: 0 matches, 0 hazards
[10:58:01.5000335] [Debug  :TestAccountCore] Hazard injection: 0 matches, 0 hazards
[10:58:01.5000335] [Debug  :TestAccountCore] Hazard injection: 0 matches, 0 hazards
[10:58:01.5000335] [Debug  :TestAccountCore] Hazard injection: 0 matches, 0 hazards
[10:58:01.5000335] [Debug  :TestAccountCore] Hazard injection: 0 matches, 0 hazards
[10:58:01.5000335] [Debug  :TestAccountCore] Hazard injection: 0 matches, 0 hazards
[10:58:01.5000335] [Debug  :TestAccountCore] Hazard injection: 0 matches, 0 hazards
[10:58:01.5000335] [Debug  :TestAccountCore] Hazard injection: 0 matches, 0 hazards
[10:58:01.5000335] [Debug  :TestAccountCore] Hazard injection: 0 matches, 0 hazards
[10:58:01.5000335] [Debug  :TestAccountCore] Hazard injection: 0 matches, 0 hazards
[10:58:01.5000335] [Debug  :TestAccountCore] Hazard injection: 1 matches, 0 hazards
[10:58:01.5000335] [Debug  :TestAccountCore] Hazard injection: 1 matches, 0 hazards
[10:58:01.5000335] [Debug  :TestAccountCore] Hazard injection: 1 matches, 0 hazards
[10:58:01.5000335] [Debug  :TestAccountCore] Hazard injection: 1 matches, 0 hazards
[10:58:01.5000335] [Debug  :TestAccountCore] Hazard injection: 0 matches, 0 hazards
[10:58:01.5000335] [Debug  :TestAccountCore] Hazard injection: 0 matches, 0 hazards
[10:58:01.5000335] [Debug  :TestAccountCore] Hazard injection: 1 matches, 0 hazards
[10:58:01.5000335] [Debug  :TestAccountCore] Hazard injection: 1 matches, 0 hazards
[10:58:01.5000335] [Debug  :TestAccountCore] Hazard injection: 0 matches, 0 hazards
[10:58:01.5000335] [Debug  :TestAccountCore] Hazard injection: 0 matches, 0 hazards
[10:58:01.5000335] [Debug  :TestAccountCore] Hazard injection: 1 matches, 0 hazards
[10:58:01.5000335] [Debug  :TestAccountCore] Hazard injection: 1 matches, 0 hazards
[10:58:01.5000335] [Debug  :TestAccountCore] Hazard injection: 0 matches, 0 hazards
[10:58:01.5000335] [Debug  :TestAccountCore] Hazard injection: 0 matches, 0 hazards
[10:58:01.5000335] [Debug  :TestAccountCore] Hazard injection: 0 matches, 0 hazards
[10:58:01.5000335] [Debug  :TestAccountCore] Hazard injection: 0 matches, 0 hazards
[10:58:01.5000335] [Debug  :TestAccountCore] Hazard injection: 0 matches, 0 hazards
[10:58:01.5000335] [Debug  :TestAccountCore] Hazard injection: 0 matches, 0 hazards
[10:58:01.5000335] [Debug  :TestAccountCore] Hazard injection: 0 matches, 0 hazards
[10:58:01.5000335] [Debug  :TestAccountCore] Hazard injection: 0 matches, 0 hazards
[10:58:01.5000335] [Debug  :TestAccountCore] Hazard injection: 0 matches, 0 hazards
[10:58:01.5000335] [Debug  :TestAccountCore] Hazard injection: 0 matches, 0 hazards
[10:58:01.5000335] [Debug  :TestAccountCore] Hazard injection: 1 matches, 0 hazards
[10:58:01.5000335] [Debug  :TestAccountCore] Hazard injection: 1 matches, 0 hazards
[10:58:01.5000335] [Debug  :TestAccountCore] Hazard injection: 1 matches, 0 hazards
[10:58:01.5000335] [Debug  :TestAccountCore] Hazard injection: 0 matches, 0 hazards
[10:58:01.5000335] [Debug  :TestAccountCore] Hazard injection: 0 matches, 0 hazards
[10:58:01.5000335] [Debug  :TestAccountCore] Hazard injection: 0 matches, 0 hazards
[10:58:01.5000335] [Debug  :TestAccountCore] Hazard injection: 0 matches, 0 hazards
[10:58:01.5015366] [Debug  :TestAccountCore] Hazard injection: 1 matches, 0 hazards
[10:58:01.5015366] [Debug  :TestAccountCore] Hazard injection: 1 matches, 0 hazards
[10:58:01.5015366] [Debug  :TestAccountCore] Hazard injection: 1 matches, 0 hazards
[10:58:01.5015366] [Debug  :TestAccountCore] Hazard injection: 0 matches, 0 hazards
[10:58:01.5015366] [Debug  :TestAccountCore] Hazard injection: 0 matches, 0 hazards
[10:58:01.5015366] [Debug  :TestAccountCore] Hazard injection: 1 matches, 0 hazards
[10:58:01.5015366] [Debug  :TestAccountCore] Hazard injection: 1 matches, 0 hazards
[10:58:01.5015366] [Debug  :TestAccountCore] Hazard injection: 1 matches, 0 hazards
[10:58:01.5015366] [Debug  :TestAccountCore] Hazard injection: 1 matches, 0 hazards
[10:58:01.5015366] [Debug  :TestAccountCore] Hazard injection: 1 matches, 0 hazards
[10:58:01.5015366] [Debug  :TestAccountCore] Hazard injection: 1 matches, 0 hazards
[10:58:01.5015366] [Debug  :TestAccountCore] Hazard injection: 1 matches, 0 hazards
[10:58:01.5015366] [Debug  :TestAccountCore] Hazard injection: 1 matches, 0 hazards
[10:58:01.5015366] [Debug  :TestAccountCore] Hazard injection: 1 matches, 0 hazards
[10:58:01.5015366] [Debug  :TestAccountCore] Hazard injection: 1 matches, 0 hazards
[10:58:01.5015366] [Debug  :TestAccountCore] Hazard injection: 0 matches, 0 hazards
[10:58:01.5015366] [Debug  :TestAccountCore] Hazard injection: 0 matches, 0 hazards
[10:58:01.5015366] [Debug  :TestAccountCore] Hazard injection: 1 matches, 0 hazards
[10:58:01.5015366] [Debug  :TestAccountCore] Hazard injection: 1 matches, 0 hazards
[10:58:01.5015366] [Debug  :TestAccountCore] Hazard injection: 1 matches, 0 hazards
[10:58:01.5015366] [Debug  :TestAccountCore] Hazard injection: 1 matches, 0 hazards
[10:58:01.5015366] [Debug  :TestAccountCore] Hazard injection: 1 matches, 0 hazards
[10:58:01.5015366] [Debug  :TestAccountCore] Hazard injection: 1 matches, 0 hazards
[10:58:01.5015366] [Debug  :TestAccountCore] Hazard injection: 1 matches, 0 hazards
[10:58:01.5015366] [Debug  :TestAccountCore] Hazard injection: 1 matches, 0 hazards
[10:58:01.5015366] [Debug  :TestAccountCore] Hazard injection: 1 matches, 0 hazards
[10:58:01.5015366] [Debug  :TestAccountCore] Hazard injection: 1 matches, 0 hazards
[10:58:01.5015366] [Debug  :TestAccountCore] Hazard injection: 1 matches, 0 hazards
[10:58:01.5015366] [Debug  :TestAccountCore] Hazard injection: 1 matches, 0 hazards
[10:58:01.5015366] [Debug  :TestAccountCore] Hazard injection: 1 matches, 0 hazards
[10:58:01.5015366] [Debug  :TestAccountCore] Hazard injection: 1 matches, 0 hazards
[10:58:01.5015366] [Debug  :TestAccountCore] Hazard injection: 1 matches, 0 hazards
[10:58:01.5015366] [Debug  :TestAccountCore] Hazard injection: 1 matches, 0 hazards
[10:58:01.5020553] [Debug  :TestAccountCore] Hazard injection: 1 matches, 0 hazards
[10:58:01.5020553] [Debug  :TestAccountCore] Hazard injection: 1 matches, 0 hazards
[10:58:01.5020553] [Debug  :TestAccountCore] Hazard injection: 1 matches, 0 hazards
[10:58:01.5020553] [Debug  :TestAccountCore] Hazard injection: 1 matches, 0 hazards
[10:58:01.5020553] [Debug  :TestAccountCore] Hazard injection: 0 matches, 0 hazards
[10:58:01.5020553] [Debug  :TestAccountCore] Hazard injection: 0 matches, 0 hazards
[10:58:01.5020553] [Debug  :TestAccountCore] Hazard injection: 0 matches, 0 hazards
[10:58:01.5020553] [Debug  :TestAccountCore] Hazard injection: 0 matches, 0 hazards
[10:58:01.5020553] [Debug  :TestAccountCore] Hazard injection: 0 matches, 0 hazards
[10:58:01.5020553] [Debug  :TestAccountCore] Hazard injection: 0 matches, 0 hazards
[10:58:01.5020553] [Debug  :TestAccountCore] Hazard injection: 1 matches, 0 hazards
[10:58:01.5020553] [Debug  :TestAccountCore] Hazard injection: 0 matches, 0 hazards
[10:58:01.5020553] [Debug  :TestAccountCore] Hazard injection: 0 matches, 0 hazards
[10:58:01.5020553] [Debug  :TestAccountCore] Hazard injection: 1 matches, 0 hazards
[10:58:01.5020553] [Debug  :TestAccountCore] Hazard injection: 1 matches, 0 hazards
[10:58:01.5020553] [Debug  :TestAccountCore] Hazard injection: 0 matches, 0 hazards
[10:58:01.5020553] [Debug  :TestAccountCore] Hazard injection: 0 matches, 0 hazards
[10:58:01.5020553] [Debug  :TestAccountCore] Hazard injection: 1 matches, 0 hazards
[10:58:01.5020553] [Debug  :TestAccountCore] Hazard injection: 0 matches, 0 hazards
[10:58:01.5020553] [Debug  :TestAccountCore] Hazard injection: 0 matches, 0 hazards
[10:58:01.5020553] [Debug  :TestAccountCore] Hazard injection: 0 matches, 0 hazards
[10:58:01.5020553] [Debug  :TestAccountCore] Hazard injection: 0 matches, 0 hazards
[10:58:01.5020553] [Debug  :TestAccountCore] Hazard injection: 0 matches, 0 hazards
[10:58:01.5020553] [Debug  :TestAccountCore] Hazard injection: 0 matches, 0 hazards
[10:58:01.5020553] [Debug  :TestAccountCore] Hazard injection: 0 matches, 0 hazards
[10:58:01.5020553] [Debug  :TestAccountCore] Hazard injection: 0 matches, 0 hazards
[10:58:01.5020553] [Debug  :TestAccountCore] Hazard injection: 1 matches, 0 hazards
[10:58:01.5020553] [Debug  :TestAccountCore] Hazard injection: 1 matches, 0 hazards
[10:58:01.5020553] [Debug  :TestAccountCore] Hazard injection: 0 matches, 0 hazards
[10:58:01.5020553] [Debug  :TestAccountCore] Hazard injection: 0 matches, 0 hazards
[10:58:01.5020553] [Debug  :TestAccountCore] Hazard injection: 0 matches, 0 hazards
[10:58:01.5020553] [Debug  :TestAccountCore] Hazard injection: 0 matches, 0 hazards
[10:58:01.5020553] [Debug  :TestAccountCore] Hazard injection: 0 matches, 0 hazards
[10:58:01.5020553] [Debug  :TestAccountCore] Hazard injection: 0 matches, 0 hazards
[10:58:01.5020553] [Debug  :TestAccountCore] Hazard injection: 0 matches, 0 hazards
[10:58:01.5020553] [Debug  :TestAccountCore] Hazard injection: 0 matches, 0 hazards
[10:58:01.5020553] [Debug  :TestAccountCore] Hazard injection: 0 matches, 0 hazards
[10:58:01.5020553] [Debug  :TestAccountCore] Hazard injection: 0 matches, 0 hazards
[10:58:01.5020553] [Debug  :TestAccountCore] Hazard injection: 0 matches, 0 hazards
[10:58:01.5020553] [Debug  :TestAccountCore] Hazard injection: 0 matches, 0 hazards
[10:58:01.5020553] [Debug  :TestAccountCore] Hazard injection: 0 matches, 0 hazards
[10:58:01.5020553] [Debug  :TestAccountCore] Hazard injection: 0 matches, 0 hazards
[10:58:01.5020553] [Debug  :TestAccountCore] Hazard injection: 0 matches, 0 hazards
[10:58:01.5020553] [Debug  :TestAccountCore] Hazard injection: 0 matches, 0 hazards
[10:58:01.5020553] [Debug  :TestAccountCore] Hazard injection: 0 matches, 0 hazards
[10:58:01.5020553] [Debug  :TestAccountCore] Hazard injection: 0 matches, 0 hazards
[10:58:01.5020553] [Debug  :TestAccountCore] Hazard injection: 0 matches, 0 hazards
[10:58:01.5020553] [Debug  :TestAccountCore] Hazard injection: 0 matches, 0 hazards
[10:58:01.5020553] [Debug  :TestAccountCore] Hazard injection: 0 matches, 0 hazards
[10:58:01.5020553] [Debug  :TestAccountCore] Hazard injection: 0 matches, 0 hazards
[10:58:01.5020553] [Debug  :TestAccountCore] Hazard injection: 0 matches, 0 hazards
[10:58:01.5020553] [Debug  :TestAccountCore] Hazard injection: 0 matches, 0 hazards
[10:58:01.5020553] [Debug  :TestAccountCore] Hazard injection: 0 matches, 0 hazards
[10:58:01.5020553] [Debug  :TestAccountCore] Hazard injection: 0 matches, 0 hazards
[10:58:01.5020553] [Debug  :TestAccountCore] Hazard injection: 1 matches, 0 hazards
[10:58:01.5020553] [Debug  :TestAccountCore] Hazard injection: 1 matches, 0 hazards
[10:58:01.5020553] [Debug  :TestAccountCore] Hazard injection: 1 matches, 0 hazards
[10:58:01.5020553] [Debug  :TestAccountCore] Hazard injection: 1 matches, 0 hazards
[10:58:01.5020553] [Debug  :TestAccountCore] Hazard injection: 1 matches, 0 hazards
[10:58:01.5020553] [Debug  :TestAccountCore] Hazard injection: 1 matches, 0 hazards
[10:58:01.5020553] [Debug  :TestAccountCore] Hazard injection: 1 matches, 0 hazards
[10:58:01.5020553] [Debug  :TestAccountCore] Hazard injection: 1 matches, 0 hazards
[10:58:01.5020553] [Debug  :TestAccountCore] Hazard injection: 0 matches, 0 hazards
[10:58:01.5020553] [Debug  :TestAccountCore] Hazard injection: 0 matches, 0 hazards
[10:58:01.5020553] [Debug  :TestAccountCore] Hazard injection: 1 matches, 0 hazards
[10:58:01.5020553] [Debug  :TestAccountCore] Hazard injection: 1 matches, 0 hazards
[10:58:01.5020553] [Debug  :TestAccountCore] Hazard injection: 1 matches, 0 hazards
[10:58:01.5020553] [Debug  :TestAccountCore] Hazard injection: 1 matches, 0 hazards
[10:58:01.5020553] [Debug  :TestAccountCore] Hazard injection: 1 matches, 0 hazards
[10:58:01.5020553] [Debug  :TestAccountCore] Hazard injection: 1 matches, 0 hazards
[10:58:01.5020553] [Debug  :TestAccountCore] Hazard injection: 0 matches, 0 hazards
[10:58:01.5020553] [Debug  :TestAccountCore] Hazard injection: 0 matches, 0 hazards
[10:58:01.5020553] [Debug  :TestAccountCore] Hazard injection: 0 matches, 0 hazards
[10:58:01.5020553] [Debug  :TestAccountCore] Hazard injection: 0 matches, 0 hazards
[10:58:01.5020553] [Debug  :TestAccountCore] Hazard injection: 0 matches, 0 hazards
[10:58:01.5020553] [Debug  :TestAccountCore] Hazard injection: 0 matches, 0 hazards
[10:58:01.9007471] [Debug  : LethalMin] Number of Dungeons in Scene: 1 (Multiple Dungeons: False)
[10:58:01.9653808] [Info   :BrutalCompanyMinusExtraReborn] Area gen: 0
[10:58:02.0340742] [Info   : Unity Log] Anomaly random yrotation farthest: 232
[10:58:02.0405804] [Debug  :ButteRyBalance] OffenseLevel: SpawnDenialPoint (Entrance)
[10:58:02.0405804] [Debug  :ButteRyBalance] OffenseLevel: SpawnDenialPoint (Entrance)
[10:58:02.0470873] [Debug  :ButteRyBalance] OffenseLevel: SpawnDenialPoint (Ladder)
[10:58:02.0470873] [Debug  :ButteRyBalance] OffenseLevel: SpawnDenialPoint (Ladder)
[10:58:02.0470873] [Debug  :ButteRyBalance] OffenseLevel: SpawnDenialPoint (Ladder)
[10:58:02.0470873] [Debug  :ButteRyBalance] OffenseLevel: SpawnDenialPoint (Ladder)
[10:58:02.6396711] [Info   : Unity Log] Dungeon has finished generating on this client after multiple frames
[10:58:02.6507019] [Debug  :ReXuvination] Optimised Collider layers in InteractTrigger for Object: Metal Crate(Clone) (UnityEngine.GameObject)
[10:58:03.8850291] [Debug  :PizzaTowerEscapeMusic GameEventListener] Dungeon done generating
[10:58:03.9523924] [Info   : Unity Log] Players finished generating the new floor
[10:58:04.2791330] [Info   : Unity Log] Spawning synced props on server. Length: 45
[10:58:04.2801372] [Debug  :ReXuvination] Optimised Collider layers in DoorLock for Object: Cube (UnityEngine.GameObject)
[10:58:04.2811370] [Debug  :ReXuvination] Optimised Collider layers in DoorLock for Object: Cube (UnityEngine.GameObject)
[10:58:04.2811370] [Debug  :ReXuvination] Optimised Collider layers in DoorLock for Object: Cube (UnityEngine.GameObject)
[10:58:04.2811370] [Debug  :ReXuvination] Optimised Collider layers in DoorLock for Object: Cube (UnityEngine.GameObject)
[10:58:04.2811370] [Debug  :ReXuvination] Optimised Collider layers in DoorLock for Object: Cube (UnityEngine.GameObject)
[10:58:04.2826448] [Debug  :ReXuvination] Optimised Collider layers in DoorLock for Object: Cube (UnityEngine.GameObject)
[10:58:04.2826448] [Debug  :ReXuvination] Optimised Collider layers in DoorLock for Object: Cube (UnityEngine.GameObject)
[10:58:04.2826448] [Debug  :ReXuvination] Optimised Collider layers in DoorLock for Object: Cube (UnityEngine.GameObject)
[10:58:04.2826448] [Debug  :ReXuvination] Optimised Collider layers in DoorLock for Object: Cube (UnityEngine.GameObject)
[10:58:04.2836465] [Debug  :ReXuvination] Optimised Collider layers in DoorLock for Object: Cube (UnityEngine.GameObject)
[10:58:04.2836465] [Debug  :ReXuvination] Optimised Collider layers in DoorLock for Object: Cube (UnityEngine.GameObject)
[10:58:04.2836465] [Debug  :ReXuvination] Optimised Collider layers in DoorLock for Object: Cube (UnityEngine.GameObject)
[10:58:04.2836465] [Debug  :ReXuvination] Optimised Collider layers in DoorLock for Object: Cube (UnityEngine.GameObject)
[10:58:04.2836465] [Debug  :ReXuvination] Optimised Collider layers in DoorLock for Object: Cube (UnityEngine.GameObject)
[10:58:04.2836465] [Debug  :ReXuvination] Optimised Collider layers in DoorLock for Object: Cube (UnityEngine.GameObject)
[10:58:04.2836465] [Debug  :ReXuvination] Optimised Collider layers in DoorLock for Object: Cube (UnityEngine.GameObject)
[10:58:04.2856464] [Warning: Unity Log] Only custom filters can be played. Please add a custom filter or an audioclip to the audiosource (SteamValve(Clone)).
[10:58:04.2866464] [Warning: Unity Log] Only custom filters can be played. Please add a custom filter or an audioclip to the audiosource (SteamValve(Clone)).
[10:58:04.2866464] [Info   : LethalMin] Created Item Arrival Zone of type Exit on object EntranceTeleportB(Clone)
[10:58:04.2876467] [Info   : LethalMin] Created Item Arrival Zone of type Exit on object EntranceTeleportA(Clone)
[10:58:04.2921494] [Debug  :ReXuvination] Optimised Collider layers in DoorLock for Object: Cube (UnityEngine.GameObject)
[10:58:04.2921494] [Debug  :ReXuvination] Optimised Collider layers in DoorLock for Object: Cube (UnityEngine.GameObject)
[10:58:04.2941536] [Info   : Unity Log] clientRPC scrap values length: 0
[10:58:04.4504574] [Info   :KawaiiBone.Remnants] Patching remnant items spawns.
[10:58:04.4559641] [Info   : Unity Log] Number of scrap to spawn: 16. minTotalScrapValue: 100. Total value of items: 0.
[10:58:04.5034986] [Debug  :BrutalCompanyMinusExtraReborn] LungProp stats: [isScrap: True] [isLungDocked: False] [isLungPowered: False] [hasBeenHeld: False] [isInShipRoom: False] [isInElevator: False] [name: BozorosApparatus(Clone)] [scrapname: Bozo-Apparatus] [currentDungeonType: 26]
[10:58:04.5044985] [Info   :KawaiiBone.Remnants] Patching remnant items.
[10:58:04.5074992] [Info   :KawaiiBone.Remnants] Randomizing items batteries.
[10:58:04.5074992] [Info   :KawaiiBone.Remnants] Spawning bodies.
[10:58:04.5074992] [Warning:KawaiiBone.Remnants] List to spawn bodies on, is null or is empty!
[10:58:04.5074992] [Info   :KawaiiBone.Remnants] Patching spawn remnant items.
[10:58:04.5160039] [Info   :KawaiiBone.Remnants] Has updated Hacking Tool charge to 0.18
[10:58:04.5180052] [Info   :KawaiiBone.Remnants] Patching end of Spawn Scrap.
[10:58:04.5180052] [Info   : LethalMin] Spawing Onion items
[10:58:04.5735863] [Info   : Unity Log] Anomaly random yrotation farthest: 9
[10:58:04.5755859] [Debug  :ainavt.lc.lethalconfig] Registered config "Matty's Fixes/Unknown/Medic Bag"
[10:58:04.6236273] [Info   : Unity Log] Anomaly random yrotation farthest: -2
[10:58:04.6246294] [Info   : Unity Log] Anomaly random yrotation farthest: 70
[10:58:04.6256273] [Info   : Unity Log] Anomaly random yrotation farthest: 252
[10:58:04.6256273] [Info   : Unity Log] Anomaly random yrotation farthest: 192
[10:58:04.6446609] [Info   :LethalFixes] Cached 0 Outside Map Objects
[10:58:04.6496631] [Debug  :ReXuvination] Optimised Collider layers in InteractTrigger for Object: Cube (UnityEngine.GameObject)
[10:58:04.6496631] [Debug  :ReXuvination] Optimised Collider layers in InteractTrigger for Object: Cube (UnityEngine.GameObject)
[10:58:04.6496631] [Debug  :ReXuvination] Optimised Collider layers in InteractTrigger for Object: Cube (UnityEngine.GameObject)
[10:58:04.6496631] [Debug  :ReXuvination] Optimised Collider layers in InteractTrigger for Object: Cube (UnityEngine.GameObject)
[10:58:04.6496631] [Debug  :ReXuvination] Optimised Collider layers in InteractTrigger for Object: Cube (UnityEngine.GameObject)
[10:58:04.6496631] [Debug  :ReXuvination] Optimised Collider layers in InteractTrigger for Object: Cube (UnityEngine.GameObject)
[10:58:04.6496631] [Debug  :ReXuvination] Optimised Collider layers in InteractTrigger for Object: Cube (UnityEngine.GameObject)
[10:58:04.6496631] [Debug  :ReXuvination] Optimised Collider layers in InteractTrigger for Object: Cube (UnityEngine.GameObject)
[10:58:04.6496631] [Debug  :ReXuvination] Optimised Collider layers in InteractTrigger for Object: Cube (UnityEngine.GameObject)
[10:58:04.6496631] [Debug  :ReXuvination] Optimised Collider layers in InteractTrigger for Object: Cube (UnityEngine.GameObject)
[10:58:04.6496631] [Debug  :ReXuvination] Optimised Collider layers in InteractTrigger for Object: Cube (UnityEngine.GameObject)
[10:58:04.6496631] [Debug  :ReXuvination] Optimised Collider layers in InteractTrigger for Object: Cube (UnityEngine.GameObject)
[10:58:04.6496631] [Debug  :ReXuvination] Optimised Collider layers in InteractTrigger for Object: Cube (UnityEngine.GameObject)
[10:58:04.6496631] [Debug  :ReXuvination] Optimised Collider layers in InteractTrigger for Object: Cube (UnityEngine.GameObject)
[10:58:04.6496631] [Debug  :ReXuvination] Optimised Collider layers in InteractTrigger for Object: Cube (UnityEngine.GameObject)
[10:58:04.6496631] [Debug  :ReXuvination] Optimised Collider layers in InteractTrigger for Object: Cube (UnityEngine.GameObject)
[10:58:04.6496631] [Debug  :ReXuvination] Optimised Collider layers in InteractTrigger for Object: SeatTrigger (UnityEngine.GameObject)
[10:58:04.6496631] [Debug  :ReXuvination] Optimised Collider layers in InteractTrigger for Object: SeatTrigger (UnityEngine.GameObject)
[10:58:04.6496631] [Debug  :ReXuvination] Optimised Collider layers in InteractTrigger for Object: PlaceableSurface (UnityEngine.GameObject)
[10:58:04.6496631] [Debug  :ReXuvination] Optimised Collider layers in InteractTrigger for Object: PlaceableSurface (1) (UnityEngine.GameObject)
[10:58:04.6496631] [Debug  :ReXuvination] Optimised Collider layers in InteractTrigger for Object: PlaceableSurface (2) (UnityEngine.GameObject)
[10:58:04.6496631] [Debug  :ReXuvination] Optimised Collider layers in InteractTrigger for Object: SeatTrigger (UnityEngine.GameObject)
[10:58:04.6496631] [Debug  :ReXuvination] Optimised Collider layers in InteractTrigger for Object: SeatTrigger (UnityEngine.GameObject)
[10:58:04.6496631] [Debug  :ReXuvination] Optimised Collider layers in InteractTrigger for Object: SeatTrigger (UnityEngine.GameObject)
[10:58:04.6496631] [Debug  :ReXuvination] Optimised Collider layers in InteractTrigger for Object: SeatTrigger (UnityEngine.GameObject)
[10:58:04.6496631] [Debug  :ReXuvination] Optimised Collider layers in InteractTrigger for Object: SeatTrigger (UnityEngine.GameObject)
[10:58:04.6496631] [Debug  :ReXuvination] Optimised Collider layers in InteractTrigger for Object: SeatTrigger (UnityEngine.GameObject)
[10:58:04.6496631] [Debug  :ReXuvination] Optimised Collider layers in InteractTrigger for Object: SeatTrigger (UnityEngine.GameObject)
[10:58:04.6496631] [Debug  :ReXuvination] Optimised Collider layers in InteractTrigger for Object: SeatTrigger (UnityEngine.GameObject)
[10:58:04.6496631] [Debug  :ReXuvination] Optimised Collider layers in InteractTrigger for Object: SeatTrigger (UnityEngine.GameObject)
[10:58:04.6496631] [Debug  :ReXuvination] Optimised Collider layers in InteractTrigger for Object: SeatTrigger (UnityEngine.GameObject)
[10:58:04.6496631] [Debug  :ReXuvination] Optimised Collider layers in InteractTrigger for Object: SeatTrigger (UnityEngine.GameObject)
[10:58:04.6496631] [Debug  :ReXuvination] Optimised Collider layers in InteractTrigger for Object: SeatTrigger (UnityEngine.GameObject)
[10:58:04.6496631] [Debug  :ReXuvination] Optimised Collider layers in InteractTrigger for Object: SteamValve(Clone) (UnityEngine.GameObject)
[10:58:04.6496631] [Debug  :ReXuvination] Optimised Collider layers in InteractTrigger for Object: SteamValve(Clone) (UnityEngine.GameObject)
[10:58:04.6496631] [Debug  :ReXuvination] Optimised Collider layers in InteractTrigger for Object: EntranceTeleportB(Clone) (UnityEngine.GameObject)
[10:58:04.6496631] [Debug  :ReXuvination] Optimised Collider layers in InteractTrigger for Object: PlaceableSurface (UnityEngine.GameObject)
[10:58:04.6496631] [Debug  :ReXuvination] Optimised Collider layers in InteractTrigger for Object: PlaceableSurface (1) (UnityEngine.GameObject)
[10:58:04.6496631] [Debug  :ReXuvination] Optimised Collider layers in InteractTrigger for Object: PlaceableSurface (2) (UnityEngine.GameObject)
[10:58:04.6496631] [Debug  :ReXuvination] Optimised Collider layers in InteractTrigger for Object: SeatTrigger (UnityEngine.GameObject)
[10:58:04.6496631] [Debug  :ReXuvination] Optimised Collider layers in InteractTrigger for Object: SeatTrigger (UnityEngine.GameObject)
[10:58:04.6496631] [Debug  :ReXuvination] Optimised Collider layers in InteractTrigger for Object: SeatTrigger (UnityEngine.GameObject)
[10:58:04.6496631] [Debug  :ReXuvination] Optimised Collider layers in InteractTrigger for Object: SeatTrigger (UnityEngine.GameObject)
[10:58:04.6496631] [Debug  :ReXuvination] Optimised Collider layers in InteractTrigger for Object: SeatTrigger (UnityEngine.GameObject)
[10:58:04.6496631] [Debug  :ReXuvination] Optimised Collider layers in InteractTrigger for Object: SeatTrigger (UnityEngine.GameObject)
[10:58:04.6496631] [Debug  :ReXuvination] Optimised Collider layers in InteractTrigger for Object: SeatTrigger (UnityEngine.GameObject)
[10:58:04.6496631] [Debug  :ReXuvination] Optimised Collider layers in InteractTrigger for Object: Cube (UnityEngine.GameObject)
[10:58:04.6496631] [Debug  :ReXuvination] Optimised Collider layers in InteractTrigger for Object: EntranceTeleportA(Clone) (UnityEngine.GameObject)
[10:58:04.6496631] [Debug  :ReXuvination] Optimised Collider layers in InteractTrigger for Object: BreakerSwitch1 (UnityEngine.GameObject)
[10:58:04.6496631] [Debug  :ReXuvination] Optimised Collider layers in InteractTrigger for Object: BreakerSwitch2 (UnityEngine.GameObject)
[10:58:04.6496631] [Debug  :ReXuvination] Optimised Collider layers in InteractTrigger for Object: BreakerSwitch3 (UnityEngine.GameObject)
[10:58:04.6496631] [Debug  :ReXuvination] Optimised Collider layers in InteractTrigger for Object: BreakerSwitch4 (UnityEngine.GameObject)
[10:58:04.6496631] [Debug  :ReXuvination] Optimised Collider layers in InteractTrigger for Object: BreakerSwitch5 (UnityEngine.GameObject)
[10:58:04.6496631] [Debug  :ReXuvination] Optimised Collider layers in InteractTrigger for Object: PowerBoxDoor (UnityEngine.GameObject)
[10:58:04.6496631] [Debug  :ReXuvination] Optimised Collider layers in InteractTrigger for Object: Cube (UnityEngine.GameObject)
[10:58:04.6496631] [Debug  :ReXuvination] Optimised Collider layers in InteractTrigger for Object: Cube (UnityEngine.GameObject)
[10:58:04.6496631] [Debug  :ReXuvination] Optimised Collider layers in InteractTrigger for Object: Trigger (UnityEngine.GameObject)
[10:58:04.6496631] [Debug  :ReXuvination] Optimised Collider layers in InteractTrigger for Object: HoardingBugEggs(Clone) (UnityEngine.GameObject)
[10:58:04.6496631] [Debug  :ReXuvination] Optimised Collider layers in InteractTrigger for Object: DataPC(Clone) (UnityEngine.GameObject)
[10:58:04.6496631] [Debug  :ReXuvination] Optimised Collider layers in InteractTrigger for Object: Pentagram(Clone) (UnityEngine.GameObject)
[10:58:04.6496631] [Debug  :ReXuvination] Optimised Collider layers in InteractTrigger for Object: SerialDisplay (UnityEngine.GameObject)
[10:58:04.6496631] [Debug  :ReXuvination] Optimised Collider layers in InteractTrigger for Object: RedTrigger (UnityEngine.GameObject)
[10:58:04.6496631] [Debug  :ReXuvination] Optimised Collider layers in InteractTrigger for Object: RedTrigger (UnityEngine.GameObject)
[10:58:04.6496631] [Debug  :ReXuvination] Optimised Collider layers in InteractTrigger for Object: RedTrigger (UnityEngine.GameObject)
[10:58:04.6496631] [Debug  :ReXuvination] Optimised Collider layers in InteractTrigger for Object: RedTrigger (UnityEngine.GameObject)
[10:58:04.6496631] [Debug  :ReXuvination] Optimised Collider layers in InteractTrigger for Object: GreenTrigger (UnityEngine.GameObject)
[10:58:04.6496631] [Debug  :ReXuvination] Optimised Collider layers in InteractTrigger for Object: GreenTrigger (UnityEngine.GameObject)
[10:58:04.6496631] [Debug  :ReXuvination] Optimised Collider layers in InteractTrigger for Object: GreenTrigger (UnityEngine.GameObject)
[10:58:04.6496631] [Debug  :ReXuvination] Optimised Collider layers in InteractTrigger for Object: GreenTrigger (UnityEngine.GameObject)
[10:58:04.6496631] [Debug  :ReXuvination] Optimised Collider layers in InteractTrigger for Object: BlueTrigger (UnityEngine.GameObject)
[10:58:04.6496631] [Debug  :ReXuvination] Optimised Collider layers in InteractTrigger for Object: BlueTrigger (UnityEngine.GameObject)
[10:58:04.6496631] [Debug  :ReXuvination] Optimised Collider layers in InteractTrigger for Object: BlueTrigger (UnityEngine.GameObject)
[10:58:04.6496631] [Debug  :ReXuvination] Optimised Collider layers in InteractTrigger for Object: BlueTrigger (UnityEngine.GameObject)
[10:58:04.6506632] [Debug  :Matty's Fixes] LethalLevelLoader/LethalMattsMod/Bozo-Apparatus(357) needs to compute vertical offset - scheduled
[10:58:04.6521678] [Debug  :More Ship Upgrades] Midas Touch affecting apparatus is enabled, increasing the original scrap value of apparatus (80)...
[10:58:04.6521678] [Debug  :More Ship Upgrades] Set new scrap value of apparatus to 80...
[10:58:04.6521678] [Info   :LethalPerformance.Patcher] Saved 1 config(s)
[10:58:04.6521678] [Debug  :Buttery Fixes] Scan node: Apparatus
[10:58:04.6531729] [Debug  :Matty's Fixes] LethalLevelLoader/Lethalthings/Toy Revolver(361) needs to compute vertical offset - scheduled
[10:58:04.9144455] [Debug  :Matty's Fixes] LethalLib/PremiumScraps/Frieren(362) needs to compute vertical offset - scheduled
[10:58:04.9634915] [Debug  :Matty's Fixes] LethalLib/MonsterPlushies/Nutcracker Plushie(363) needs to compute vertical offset - scheduled
[10:58:04.9835137] [Debug  :Matty's Fixes] LethalLevelLoader/ImmersiveScraps/Garbage(364) needs to compute vertical offset - scheduled
[10:58:05.0025312] [Debug  :Matty's Fixes] Vanilla/Flask(365) needs to compute vertical offset - scheduled
[10:58:05.0215492] [Debug  :Matty's Fixes] LethalLevelLoader/Lethalthings/Toy Revolver(366) needs to compute vertical offset - scheduled
[10:58:05.0395818] [Debug  :Matty's Fixes] LethalLevelLoader/ImmersiveScraps/Plunger(367) needs to compute vertical offset - scheduled
[10:58:05.0566050] [Debug  :Matty's Fixes] LethalLib/MonsterPlushies/Coil head Plushie(368) needs to compute vertical offset - scheduled
[10:58:05.0746245] [Debug  :Matty's Fixes] LethalLevelLoader/ImmersiveScraps/Socket Wrench(369) needs to compute vertical offset - scheduled
[10:58:05.0921424] [Debug  :Matty's Fixes] LethalLib/MonsterPlushies/Hoarding Bug Plushie(370) needs to compute vertical offset - scheduled
[10:58:05.1096599] [Debug  :Matty's Fixes] LethalLevelLoader/ImmersiveScraps/ISqueaky toy(371) needs to compute vertical offset - scheduled
[10:58:05.1266806] [Debug  :Matty's Fixes] Vanilla/Magnifying glass(372) needs to compute vertical offset - scheduled
[10:58:05.1457141] [Debug  :Matty's Fixes] LethalLib/Scopophobia/ShyGuyPainting(373) needs to compute vertical offset - scheduled
[10:58:05.1652506] [Debug  :Matty's Fixes] LethalLevelLoader/ImmersiveScraps/Wrench(374) needs to compute vertical offset - scheduled
[10:58:05.2183079] [Debug  :Matty's Fixes] Vanilla/Cat Food(377) needs to compute vertical offset - scheduled
[10:58:05.2378383] [Debug  :Matty's Fixes] DawnLib/unknown_lib/Emergency Flare (ammo)(378) needs to compute vertical offset - scheduled
[10:58:05.2558593] [Debug  :Matty's Fixes] DawnLib/unknown_lib/Hacking Tool(379) needs to compute vertical offset - scheduled
[10:58:05.2738789] [Debug  :Matty's Fixes] Unknown/Medic Bag(384) needs to compute vertical offset - scheduled
[10:58:05.2908957] [Debug  :Matty's Fixes] Unknown/Medic Bag(385) needs to compute vertical offset - scheduled
[10:58:05.3079186] [Debug  :Matty's Fixes] Unknown/Medic Bag(386) needs to compute vertical offset - scheduled
[10:58:05.3259391] [Debug  :Matty's Fixes] LethalLib/MoreShipUpgrades/Lost Scavenger(387) needs to compute vertical offset - scheduled
[10:58:05.3429642] [Debug  :Matty's Fixes] LethalLib/MoreShipUpgrades/Hoarding Bug Eggs(388) needs to compute vertical offset - scheduled
[10:58:05.3429642] [Warning: LethalMin] Item HoardingBugEggs(Clone) is not valid for Pikmin! Skipping...
[10:58:05.5591863] [Debug  :Matty's Fixes] LethalLib/MoreShipUpgrades/Data PC(389) needs to compute vertical offset - scheduled
[10:58:05.5591863] [Warning: LethalMin] Item DataPC(Clone) is not valid for Pikmin! Skipping...
[10:58:05.5822103] [Debug  :Matty's Fixes] LethalLib/MoreShipUpgrades/Heart(390) needs to compute vertical offset - scheduled
[10:58:05.6448324] [Debug  :Matty's Fixes] LethalLib/MoreShipUpgrades/Heart(391) needs to compute vertical offset - scheduled
[10:58:05.6673627] [Debug  :Matty's Fixes] LethalLib/MoreShipUpgrades/Heart(392) needs to compute vertical offset - scheduled
[10:58:05.6863805] [Debug  :Matty's Fixes] LethalLib/MoreShipUpgrades/Crucifix(393) needs to compute vertical offset - scheduled
[10:58:05.7109069] [Debug  :Matty's Fixes] LethalLib/MoreShipUpgrades/Crucifix(394) needs to compute vertical offset - scheduled
[10:58:05.7299285] [Debug  :Matty's Fixes] LethalLib/MoreShipUpgrades/Crucifix(395) needs to compute vertical offset - scheduled
[10:58:05.7479631] [Debug  :Matty's Fixes] LethalLib/MoreShipUpgrades/Candelabra(396) needs to compute vertical offset - scheduled
[10:58:06.4326046] [Debug  :Matty's Fixes] LethalLib/MoreShipUpgrades/Candelabra(397) needs to compute vertical offset - scheduled
[10:58:06.4536406] [Debug  :Matty's Fixes] LethalLib/MoreShipUpgrades/Candelabra(398) needs to compute vertical offset - scheduled
[10:58:06.4721628] [Debug  :Matty's Fixes] LethalLib/MoreShipUpgrades/Teddy Bear(399) needs to compute vertical offset - scheduled
[10:58:06.4926927] [Debug  :Matty's Fixes] LethalLib/MoreShipUpgrades/Teddy Bear(400) needs to compute vertical offset - scheduled
[10:58:06.5112097] [Debug  :Matty's Fixes] LethalLib/MoreShipUpgrades/Teddy Bear(401) needs to compute vertical offset - scheduled
[10:58:06.5292308] [Debug  :Matty's Fixes] LethalLib/MoreShipUpgrades/Bones(402) needs to compute vertical offset - scheduled
[10:58:06.5472567] [Debug  :Matty's Fixes] LethalLib/MoreShipUpgrades/Bones(403) needs to compute vertical offset - scheduled
[10:58:06.5647804] [Debug  :Matty's Fixes] LethalLib/MoreShipUpgrades/Bones(404) needs to compute vertical offset - scheduled
[10:58:06.5827943] [Debug  :Matty's Fixes] LethalLib/MoreShipUpgrades/Pentagram(405) needs to compute vertical offset - scheduled
[10:58:06.5827943] [Warning: LethalMin] Item Pentagram(Clone) is not valid for Pikmin! Skipping...
[10:58:06.6008178] [Debug  :Matty's Fixes] LethalLib/MoreShipUpgrades/Bomb(406) needs to compute vertical offset - scheduled
[10:58:06.6008178] [Warning: LethalMin] Item Bomb(Clone) is not valid for Pikmin! Skipping...
[10:58:07.0887883] [Info   : Unity Log] CircusBigDoor(Clone) creating doorcode object in parent MapScreenUIWorldSpace (UnityEngine.RectTransform): DoorCodeUIObject(Clone)
[10:58:07.0907896] [Info   : Unity Log] CircusBigDoor(Clone) creating doorcode object in parent MapScreenUIWorldSpace (UnityEngine.RectTransform): DoorCodeUIObject(Clone)
[10:58:07.0922946] [Info   : Unity Log] CircusBigDoor(Clone) creating doorcode object in parent MapScreenUIWorldSpace (UnityEngine.RectTransform): DoorCodeUIObject(Clone)
[10:58:07.0922946] [Info   : Unity Log] CircusBigDoor(Clone) creating doorcode object in parent MapScreenUIWorldSpace (UnityEngine.RectTransform): DoorCodeUIObject(Clone)
[10:58:07.0938087] [Debug  : LethalMin] Initializing PikminItem BozorosApparatus(Clone) with item BozorosApparatus(Clone) (True)
[10:58:07.0938087] [Debug  : LethalMin] Initializing PikminItem FlagGun(Clone) with item FlagGun(Clone) (True)
[10:58:07.0938087] [Debug  : LethalMin] Initializing PikminItem Frieren(Clone) with item Frieren(Clone) (True)
[10:58:07.0938087] [Debug  : LethalMin] Initializing PikminItem NutCracker(Clone) with item NutCracker(Clone) (True)
[10:58:07.0938087] [Debug  : LethalMin] Initializing PikminItem GarbagePrefab(Clone) with item GarbagePrefab(Clone) (True)
[10:58:07.0938087] [Debug  : LethalMin] Initializing PikminItem Flask(Clone) with item Flask(Clone) (True)
[10:58:07.0938087] [Debug  : LethalMin] Initializing PikminItem FlagGun(Clone) with item FlagGun(Clone) (True)
[10:58:07.0938087] [Debug  : LethalMin] Initializing PikminItem PlungerPrefab(Clone) with item PlungerPrefab(Clone) (True)
[10:58:07.0938087] [Debug  : LethalMin] Initializing PikminItem CoilHeadPlush(Clone) with item CoilHeadPlush(Clone) (True)
[10:58:07.0938087] [Debug  : LethalMin] Initializing PikminItem SocketWrenchPrefab(Clone) with item SocketWrenchPrefab(Clone) (True)
[10:58:07.0938087] [Debug  : LethalMin] Initializing PikminItem Lootbugplush(Clone) with item Lootbugplush(Clone) (True)
[10:58:07.0938087] [Debug  : LethalMin] Initializing PikminItem SqueakytoyPrefab(Clone) with item SqueakytoyPrefab(Clone) (True)
[10:58:07.0948136] [Debug  : LethalMin] Initializing PikminItem MagnifyingGlass(Clone) with item MagnifyingGlass(Clone) (True)
[10:58:07.0948136] [Debug  : LethalMin] Initializing PikminItem ShyGuyPainting1(Clone) with item ShyGuyPainting1(Clone) (True)
[10:58:07.0948136] [Debug  : LethalMin] Initializing PikminItem WrenchPrefab(Clone) with item WrenchPrefab(Clone) (True)
[10:58:07.0948136] [Debug  : LethalMin] Initializing PikminItem BinFullOfBottles(Clone) with item BinFullOfBottles(Clone) (True)
[10:58:07.0948136] [Debug  : LethalMin] Initializing PikminItem GarbageLid(Clone) with item GarbageLid(Clone) (True)
[10:58:07.0948136] [Debug  : LethalMin] Initializing PikminItem CatFood(Clone) with item CatFood(Clone) (True)
[10:58:07.0948136] [Debug  : LethalMin] Initializing PikminItem FlaregunAmmo(Clone) with item FlaregunAmmo(Clone) (True)
[10:58:07.0948136] [Debug  : LethalMin] Initializing PikminItem HackingTool(Clone) with item HackingTool(Clone) (True)
[10:58:07.0958134] [Info   : Unity Log] Landmine creating doorcode object in parent MapScreenUIWorldSpace (UnityEngine.RectTransform): DoorCodeUIObject(Clone)
[10:58:07.0968142] [Debug  :Buttery Fixes] Landmine #-337114: Nudged radar dot upwards
[10:58:07.0978153] [Debug  :ReXuvination] Optimised Collider layers in Landmine for Object: Landmine (UnityEngine.GameObject)
[10:58:07.0978153] [Info   : Unity Log] Landmine creating doorcode object in parent MapScreenUIWorldSpace (UnityEngine.RectTransform): DoorCodeUIObject(Clone)
[10:58:07.0978153] [Debug  :Buttery Fixes] Landmine #-337248: Nudged radar dot upwards
[10:58:07.0978153] [Debug  :ReXuvination] Optimised Collider layers in Landmine for Object: Landmine (UnityEngine.GameObject)
[10:58:07.1008139] [Info   : Unity Log] Landmine creating doorcode object in parent MapScreenUIWorldSpace (UnityEngine.RectTransform): DoorCodeUIObject(Clone)
[10:58:07.1008139] [Debug  :Buttery Fixes] Landmine #-337382: Nudged radar dot upwards
[10:58:07.1008139] [Debug  :ReXuvination] Optimised Collider layers in Landmine for Object: Landmine (UnityEngine.GameObject)
[10:58:07.1023172] [Info   : Unity Log] TurretScript creating doorcode object in parent MapScreenUIWorldSpace (UnityEngine.RectTransform): DoorCodeUIObject(Clone)
[10:58:07.1053268] [Warning: LethalMin] Pikmin Item MedKitMap(Clone) does not exist in the PikminManager.
[10:58:07.1063259] [Warning: LethalMin] Pikmin Item MedKitMap(Clone) does not exist in the PikminManager.
[10:58:07.1063259] [Warning: LethalMin] Pikmin Item MedKitMap(Clone) does not exist in the PikminManager.
[10:58:07.1063259] [Warning: LethalMin] Pikmin Item ScavExtract(Clone) does not exist in the PikminManager.
[10:58:07.1063259] [Warning: LethalMin] Pikmin Item Heart(Clone) does not exist in the PikminManager.
[10:58:07.1063259] [Warning: LethalMin] Pikmin Item Heart(Clone) does not exist in the PikminManager.
[10:58:07.1063259] [Warning: LethalMin] Pikmin Item Heart(Clone) does not exist in the PikminManager.
[10:58:07.1063259] [Warning: LethalMin] Pikmin Item Crucifix(Clone) does not exist in the PikminManager.
[10:58:07.1063259] [Warning: LethalMin] Pikmin Item Crucifix(Clone) does not exist in the PikminManager.
[10:58:07.1063259] [Warning: LethalMin] Pikmin Item Crucifix(Clone) does not exist in the PikminManager.
[10:58:07.1073266] [Warning: LethalMin] Pikmin Item candelabra(Clone) does not exist in the PikminManager.
[10:58:07.1073266] [Warning: LethalMin] Pikmin Item candelabra(Clone) does not exist in the PikminManager.
[10:58:07.1073266] [Warning: LethalMin] Pikmin Item candelabra(Clone) does not exist in the PikminManager.
[10:58:07.1073266] [Warning: LethalMin] Pikmin Item Teddy Bear(Clone) does not exist in the PikminManager.
[10:58:07.1073266] [Warning: LethalMin] Pikmin Item Teddy Bear(Clone) does not exist in the PikminManager.
[10:58:07.1073266] [Warning: LethalMin] Pikmin Item Teddy Bear(Clone) does not exist in the PikminManager.
[10:58:07.1073266] [Warning: LethalMin] Pikmin Item Bones(Clone) does not exist in the PikminManager.
[10:58:07.1073266] [Warning: LethalMin] Pikmin Item Bones(Clone) does not exist in the PikminManager.
[10:58:07.1073266] [Warning: LethalMin] Pikmin Item Bones(Clone) does not exist in the PikminManager.
[10:58:07.1498920] [Info   : Unity Log] Interact trigger destroying! name: Trigger
[10:58:07.1498920] [Info   : Unity Log] Interact trigger destroying! name: HoardingBugEggs(Clone)
[10:58:07.1498920] [Info   : Unity Log] Interact trigger destroying! name: DataPC(Clone)
[10:58:07.1508919] [Info   : Unity Log] Interact trigger destroying! name: Pentagram(Clone)
[10:58:07.1508919] [Info   : Unity Log] Interact trigger destroying! name: SerialDisplay
[10:58:07.1508919] [Info   : Unity Log] Interact trigger destroying! name: RedTrigger
[10:58:07.1508919] [Info   : Unity Log] Interact trigger destroying! name: RedTrigger
[10:58:07.1508919] [Info   : Unity Log] Interact trigger destroying! name: RedTrigger
[10:58:07.1508919] [Info   : Unity Log] Interact trigger destroying! name: RedTrigger
[10:58:07.1508919] [Info   : Unity Log] Interact trigger destroying! name: GreenTrigger
[10:58:07.1508919] [Info   : Unity Log] Interact trigger destroying! name: GreenTrigger
[10:58:07.1508919] [Info   : Unity Log] Interact trigger destroying! name: GreenTrigger
[10:58:07.1508919] [Info   : Unity Log] Interact trigger destroying! name: GreenTrigger
[10:58:07.1508919] [Info   : Unity Log] Interact trigger destroying! name: BlueTrigger
[10:58:07.1508919] [Info   : Unity Log] Interact trigger destroying! name: BlueTrigger
[10:58:07.1508919] [Info   : Unity Log] Interact trigger destroying! name: BlueTrigger
[10:58:07.1508919] [Info   : Unity Log] Interact trigger destroying! name: BlueTrigger
[10:58:07.1924449] [Debug  : LethalMin] IsClientRpcPrefixValid (No): RpcExecStage is Send, IsClient: True, IsHost: True FinishGeneratingNewLevelClientRpcPrefix
[10:58:07.1924449] [Debug  : LethalMin] IsClientRpcPrefixValid (Yes): RpcExecStage is Execute, IsClient: True, IsHost: True FinishGeneratingNewLevelClientRpcPrefix
[10:58:07.1929487] [Info   :BrutalCompanyMinusExtraReborn] Active State: True
[10:58:07.2189804] [Info   : Unity Log] Setting door CircusBigDoor(Clone) with code k9 to open
[10:58:07.2189804] [Info   : Unity Log] setting big door open for door CircusBigDoor(Clone); True; True
[10:58:07.2189804] [Info   : Unity Log] Setting door CircusBigDoor(Clone) with code t2 to open
[10:58:07.2189804] [Info   : Unity Log] setting big door open for door CircusBigDoor(Clone); True; True
[10:58:07.2189804] [Info   : Unity Log] Setting door CircusBigDoor(Clone) with code u9 to open
[10:58:07.2189804] [Info   : Unity Log] setting big door open for door CircusBigDoor(Clone); True; True
[10:58:07.2199793] [Debug  :PathfindingLib] EntranceTeleportA (EntranceTeleport) (277) connects to EntranceTeleportA(Clone) (EntranceTeleport) (355)
[10:58:07.2224839] [Debug  :PathfindingLib] EntranceTeleportB (EntranceTeleport) (278) connects to EntranceTeleportB(Clone) (EntranceTeleport) (348)
[10:58:07.2224839] [Debug  :PathfindingLib] EntranceTeleportB(Clone) (EntranceTeleport) (348) connects to EntranceTeleportB (EntranceTeleport) (278)
[10:58:07.2224839] [Debug  :PathfindingLib] EntranceTeleportA(Clone) (EntranceTeleport) (355) connects to EntranceTeleportA (EntranceTeleport) (277)
[10:58:07.2244935] [Debug  : LethalMin] Found 4 entrances:
 - EntranceTeleportA <=> EntranceTeleportA(Clone)
 - EntranceTeleportB <=> EntranceTeleportB(Clone)
[10:58:07.2244935] [Info   :CullFactory] Generation has completed with seed 94924441.
[10:58:07.2740611] [Info   :CullFactory] Preparing tile information for CircusFacilityFlow took 29.167ms
[10:58:07.2810649] [Warning:LethalPerformance] GrabbableObject search called with inactive objects, probably will cause incompatibility!
[10:58:07.3221191] [Debug  :ButteRyBalance] Barber - Dynamic Spawn Settings: 2/8 (Interior ID: 26)
[10:58:07.3261297] [Debug  :Spawn Cycle Fixes] Predictor: Spawn wave at time 100
[10:58:07.3261297] [Debug  :Spawn Cycle Fixes] Predictor: Base amount is -2.838085
[10:58:07.3261297] [Debug  :Spawn Cycle Fixes] Predictor: Adjusted amount is -1.588085 (1 days left)
[10:58:07.3261297] [Debug  :Spawn Cycle Fixes] Predictor: Spawning 0 enemies
[10:58:07.3261297] [Debug  :Spawn Cycle Fixes] Predictor: Spawn wave at time 180
[10:58:07.3261297] [Debug  :Spawn Cycle Fixes] Predictor: Base amount is -2.615933
[10:58:07.3261297] [Debug  :Spawn Cycle Fixes] Predictor: Adjusted amount is -1.365933 (1 days left)
[10:58:07.3261297] [Debug  :Spawn Cycle Fixes] Predictor: Spawning 0 enemies
[10:58:07.3261297] [Debug  :Spawn Cycle Fixes] Predictor: Spawn wave at time 300
[10:58:07.3261297] [Debug  :Spawn Cycle Fixes] Predictor: Base amount is -2.215615
[10:58:07.3261297] [Debug  :Spawn Cycle Fixes] Predictor: Adjusted amount is -0.9656146 (1 days left)
[10:58:07.3261297] [Debug  :Spawn Cycle Fixes] Predictor: Spawning 0 enemies
[10:58:07.3261297] [Debug  :Spawn Cycle Fixes] Predictor: Spawn wave at time 420
[10:58:07.3261297] [Debug  :Spawn Cycle Fixes] Predictor: Base amount is -1.474799
[10:58:07.3261297] [Debug  :Spawn Cycle Fixes] Predictor: Adjusted amount is -0.2247989 (1 days left)
[10:58:07.3261297] [Debug  :Spawn Cycle Fixes] Predictor: Spawning 0 enemies
[10:58:07.3261297] [Debug  :Spawn Cycle Fixes] Predictor: Spawn wave at time 540
[10:58:07.3261297] [Debug  :Spawn Cycle Fixes] Predictor: Base amount is -0.134636
[10:58:07.3261297] [Debug  :Spawn Cycle Fixes] Predictor: Adjusted amount is 1.115364 (1 days left)
[10:58:07.3261297] [Debug  :Spawn Cycle Fixes] Predictor: Spawning 0 enemies
[10:58:07.3261297] [Debug  :Spawn Cycle Fixes] Predictor: Spawn wave at time 660
[10:58:07.3261297] [Debug  :Spawn Cycle Fixes] Predictor: Base amount is 0.5946491
[10:58:07.3261297] [Debug  :Spawn Cycle Fixes] Predictor: Adjusted amount is 1.844649 (1 days left)
[10:58:07.3261297] [Debug  :Spawn Cycle Fixes] Predictor: Spawning 0 enemies
[10:58:07.3261297] [Debug  :Spawn Cycle Fixes] Predictor: Spawn wave at time 780
[10:58:07.3261297] [Debug  :Spawn Cycle Fixes] Predictor: Base amount is 1.126973
[10:58:07.3261297] [Debug  :Spawn Cycle Fixes] Predictor: Adjusted amount is 2.376973 (1 days left)
[10:58:07.3261297] [Debug  :Spawn Cycle Fixes] Predictor: Spawning 3 enemies
[10:58:07.3261297] [Debug  :Spawn Cycle Fixes] Predictor: Processing "MouthDog"
[10:58:07.3261297] [Debug  :Spawn Cycle Fixes] Predictor: "MouthDog" at 100 weight (0 spawned)
[10:58:07.3261297] [Debug  :Spawn Cycle Fixes] Predictor: Processing "ForestGiant"
[10:58:07.3261297] [Debug  :Spawn Cycle Fixes] Predictor: "ForestGiant" at 9 weight (0 spawned)
[10:58:07.3261297] [Debug  :Spawn Cycle Fixes] Predictor: Processing "SandWorm"
[10:58:07.3261297] [Debug  :Spawn Cycle Fixes] Predictor: "SandWorm" at 37 weight (0 spawned)
[10:58:07.3261297] [Debug  :Spawn Cycle Fixes] Predictor: Processing "BaboonHawk"
[10:58:07.3261297] [Debug  :Spawn Cycle Fixes] Predictor: "BaboonHawk" at 60 weight (0 spawned)
[10:58:07.3261297] [Debug  :Spawn Cycle Fixes] Predictor: Processing "RadMech"
[10:58:07.3261297] [Debug  :Spawn Cycle Fixes] Predictor: "RadMech" at 70 weight (0 spawned)
[10:58:07.3261297] [Debug  :Spawn Cycle Fixes] Predictor: Processing "Nutcracker"
[10:58:07.3261297] [Debug  :Spawn Cycle Fixes] Predictor: "Nutcracker" at 7 weight (0 spawned)
[10:58:07.3261297] [Debug  :Spawn Cycle Fixes] Predictor: Processing "SirenHead"
[10:58:07.3261297] [Debug  :Spawn Cycle Fixes] Predictor: "SirenHead" at 30 weight (0 spawned)
[10:58:07.3261297] [Debug  :Spawn Cycle Fixes] Predictor: Processing "Vermin"
[10:58:07.3261297] [Debug  :Spawn Cycle Fixes] Predictor: "Vermin" at 0 weight (0 spawned)
[10:58:07.3261297] [Debug  :Spawn Cycle Fixes] Predictor: Processing "ShyGuyDef"
[10:58:07.3261297] [Debug  :Spawn Cycle Fixes] Predictor: "ShyGuyDef" at 0 weight (0 spawned)
[10:58:07.3261297] [Debug  :Spawn Cycle Fixes] Predictor: Processing "JPOGRaptor"
[10:58:07.3261297] [Debug  :Spawn Cycle Fixes] Predictor: "JPOGRaptor" at 0 weight (0 spawned)
[10:58:07.3261297] [Debug  :Spawn Cycle Fixes] Predictor: Processing "JPOGTrexObj"
[10:58:07.3261297] [Debug  :Spawn Cycle Fixes] Predictor: "JPOGTrexObj" at 0 weight (0 spawned)
[10:58:07.3261297] [Debug  :Spawn Cycle Fixes] Predictor: Processing "CactusBudlingObj"
[10:58:07.3261297] [Debug  :Spawn Cycle Fixes] Predictor: "CactusBudlingObj" at 0 weight (0 spawned)
[10:58:07.3261297] [Debug  :Spawn Cycle Fixes] Predictor: Processing "DriftwoodMenaceObj"
[10:58:07.3261297] [Debug  :Spawn Cycle Fixes] Predictor: "DriftwoodMenaceObj" at 3 weight (0 spawned)
[10:58:07.3261297] [Debug  :Spawn Cycle Fixes] Predictor: Processing "MonarchObj"
[10:58:07.3261297] [Debug  :Spawn Cycle Fixes] Predictor: "MonarchObj" at 0 weight (0 spawned)
[10:58:07.3261297] [Debug  :Spawn Cycle Fixes] Predictor: Processing "RedwoodTitanObj"
[10:58:07.3261297] [Debug  :Spawn Cycle Fixes] Predictor: "RedwoodTitanObj" at 6 weight (0 spawned)
[10:58:07.3261297] [Debug  :Spawn Cycle Fixes] Predictor: Processing "DebtCollectorObj"
[10:58:07.3261297] [Debug  :Spawn Cycle Fixes] Predictor: Processing "GuardsmanObj"
[10:58:07.3261297] [Debug  :Spawn Cycle Fixes] Predictor: "GuardsmanObj" at 0 weight (0 spawned)
[10:58:07.3261297] [Debug  :Spawn Cycle Fixes] Predictor: Processing "ShyGuyDef"
[10:58:07.3261297] [Debug  :Spawn Cycle Fixes] Predictor: "ShyGuyDef" at 0 weight (0 spawned)
[10:58:07.3261297] [Debug  :Spawn Cycle Fixes] Predictor: 322 total weight
[10:58:07.3261297] [Debug  :Spawn Cycle Fixes] Predictor: Tracking "BaboonHawk"
[10:58:07.3261297] [Debug  :Spawn Cycle Fixes] Predictor: Tracking "BaboonHawk"
[10:58:07.3261297] [Debug  :Spawn Cycle Fixes] Predictor: Processing "MouthDog"
[10:58:07.3261297] [Debug  :Spawn Cycle Fixes] Predictor: "MouthDog" at 100 weight (0 spawned)
[10:58:07.3261297] [Debug  :Spawn Cycle Fixes] Predictor: Processing "ForestGiant"
[10:58:07.3261297] [Debug  :Spawn Cycle Fixes] Predictor: "ForestGiant" at 9 weight (0 spawned)
[10:58:07.3261297] [Debug  :Spawn Cycle Fixes] Predictor: Processing "SandWorm"
[10:58:07.3261297] [Debug  :Spawn Cycle Fixes] Predictor: "SandWorm" at 37 weight (0 spawned)
[10:58:07.3261297] [Debug  :Spawn Cycle Fixes] Predictor: Processing "BaboonHawk"
[10:58:07.3261297] [Debug  :Spawn Cycle Fixes] Predictor: "BaboonHawk" at 141 weight (2 spawned)
[10:58:07.3261297] [Debug  :Spawn Cycle Fixes] Predictor: Processing "RadMech"
[10:58:07.3261297] [Debug  :Spawn Cycle Fixes] Predictor: "RadMech" at 70 weight (0 spawned)
[10:58:07.3261297] [Debug  :Spawn Cycle Fixes] Predictor: Processing "Nutcracker"
[10:58:07.3261297] [Debug  :Spawn Cycle Fixes] Predictor: "Nutcracker" at 7 weight (0 spawned)
[10:58:07.3261297] [Debug  :Spawn Cycle Fixes] Predictor: Processing "SirenHead"
[10:58:07.3261297] [Debug  :Spawn Cycle Fixes] Predictor: "SirenHead" at 30 weight (0 spawned)
[10:58:07.3261297] [Debug  :Spawn Cycle Fixes] Predictor: Processing "Vermin"
[10:58:07.3261297] [Debug  :Spawn Cycle Fixes] Predictor: "Vermin" at 0 weight (0 spawned)
[10:58:07.3261297] [Debug  :Spawn Cycle Fixes] Predictor: Processing "ShyGuyDef"
[10:58:07.3261297] [Debug  :Spawn Cycle Fixes] Predictor: "ShyGuyDef" at 0 weight (0 spawned)
[10:58:07.3261297] [Debug  :Spawn Cycle Fixes] Predictor: Processing "JPOGRaptor"
[10:58:07.3261297] [Debug  :Spawn Cycle Fixes] Predictor: "JPOGRaptor" at 0 weight (0 spawned)
[10:58:07.3261297] [Debug  :Spawn Cycle Fixes] Predictor: Processing "JPOGTrexObj"
[10:58:07.3261297] [Debug  :Spawn Cycle Fixes] Predictor: "JPOGTrexObj" at 0 weight (0 spawned)
[10:58:07.3261297] [Debug  :Spawn Cycle Fixes] Predictor: Processing "CactusBudlingObj"
[10:58:07.3261297] [Debug  :Spawn Cycle Fixes] Predictor: "CactusBudlingObj" at 0 weight (0 spawned)
[10:58:07.3261297] [Debug  :Spawn Cycle Fixes] Predictor: Processing "DriftwoodMenaceObj"
[10:58:07.3261297] [Debug  :Spawn Cycle Fixes] Predictor: "DriftwoodMenaceObj" at 3 weight (0 spawned)
[10:58:07.3261297] [Debug  :Spawn Cycle Fixes] Predictor: Processing "MonarchObj"
[10:58:07.3261297] [Debug  :Spawn Cycle Fixes] Predictor: "MonarchObj" at 0 weight (0 spawned)
[10:58:07.3261297] [Debug  :Spawn Cycle Fixes] Predictor: Processing "RedwoodTitanObj"
[10:58:07.3261297] [Debug  :Spawn Cycle Fixes] Predictor: "RedwoodTitanObj" at 6 weight (0 spawned)
[10:58:07.3261297] [Debug  :Spawn Cycle Fixes] Predictor: Processing "DebtCollectorObj"
[10:58:07.3261297] [Debug  :Spawn Cycle Fixes] Predictor: Processing "GuardsmanObj"
[10:58:07.3261297] [Debug  :Spawn Cycle Fixes] Predictor: "GuardsmanObj" at 0 weight (0 spawned)
[10:58:07.3261297] [Debug  :Spawn Cycle Fixes] Predictor: Processing "ShyGuyDef"
[10:58:07.3261297] [Debug  :Spawn Cycle Fixes] Predictor: "ShyGuyDef" at 0 weight (0 spawned)
[10:58:07.3261297] [Debug  :Spawn Cycle Fixes] Predictor: 403 total weight
[10:58:07.3261297] [Debug  :Spawn Cycle Fixes] Predictor: Tracking "BaboonHawk"
[10:58:07.3261297] [Debug  :Spawn Cycle Fixes] Predictor: Tracking "BaboonHawk"
[10:58:07.3261297] [Debug  :Spawn Cycle Fixes] Predictor: Spawning "BaboonHawk" nest
[10:58:07.3271290] [Info   :   NestFix] SpawnNestObjectForOutsideEnemyPrefix was called with 42 nodes, 32 tries left
[10:58:07.3397675] [Debug  :Spawn Cycle Fixes] Predictor: Processing "MouthDog"
[10:58:07.3397675] [Debug  :Spawn Cycle Fixes] Predictor: "MouthDog" at 100 weight (0 spawned)
[10:58:07.3397675] [Debug  :Spawn Cycle Fixes] Predictor: Processing "ForestGiant"
[10:58:07.3397675] [Debug  :Spawn Cycle Fixes] Predictor: "ForestGiant" at 9 weight (0 spawned)
[10:58:07.3397675] [Debug  :Spawn Cycle Fixes] Predictor: Processing "SandWorm"
[10:58:07.3397675] [Debug  :Spawn Cycle Fixes] Predictor: "SandWorm" at 37 weight (0 spawned)
[10:58:07.3397675] [Debug  :Spawn Cycle Fixes] Predictor: Processing "BaboonHawk"
[10:58:07.3397675] [Debug  :Spawn Cycle Fixes] Predictor: "BaboonHawk" at 67 weight (4 spawned)
[10:58:07.3397675] [Debug  :Spawn Cycle Fixes] Predictor: Processing "RadMech"
[10:58:07.3397675] [Debug  :Spawn Cycle Fixes] Predictor: "RadMech" at 70 weight (0 spawned)
[10:58:07.3397675] [Debug  :Spawn Cycle Fixes] Predictor: Processing "Nutcracker"
[10:58:07.3397675] [Debug  :Spawn Cycle Fixes] Predictor: "Nutcracker" at 7 weight (0 spawned)
[10:58:07.3397675] [Debug  :Spawn Cycle Fixes] Predictor: Processing "SirenHead"
[10:58:07.3397675] [Debug  :Spawn Cycle Fixes] Predictor: "SirenHead" at 30 weight (0 spawned)
[10:58:07.3397675] [Debug  :Spawn Cycle Fixes] Predictor: Processing "Vermin"
[10:58:07.3397675] [Debug  :Spawn Cycle Fixes] Predictor: "Vermin" at 0 weight (0 spawned)
[10:58:07.3397675] [Debug  :Spawn Cycle Fixes] Predictor: Processing "ShyGuyDef"
[10:58:07.3397675] [Debug  :Spawn Cycle Fixes] Predictor: "ShyGuyDef" at 0 weight (0 spawned)
[10:58:07.3397675] [Debug  :Spawn Cycle Fixes] Predictor: Processing "JPOGRaptor"
[10:58:07.3397675] [Debug  :Spawn Cycle Fixes] Predictor: "JPOGRaptor" at 0 weight (0 spawned)
[10:58:07.3397675] [Debug  :Spawn Cycle Fixes] Predictor: Processing "JPOGTrexObj"
[10:58:07.3397675] [Debug  :Spawn Cycle Fixes] Predictor: "JPOGTrexObj" at 0 weight (0 spawned)
[10:58:07.3397675] [Debug  :Spawn Cycle Fixes] Predictor: Processing "CactusBudlingObj"
[10:58:07.3397675] [Debug  :Spawn Cycle Fixes] Predictor: "CactusBudlingObj" at 0 weight (0 spawned)
[10:58:07.3397675] [Debug  :Spawn Cycle Fixes] Predictor: Processing "DriftwoodMenaceObj"
[10:58:07.3397675] [Debug  :Spawn Cycle Fixes] Predictor: "DriftwoodMenaceObj" at 3 weight (0 spawned)
[10:58:07.3397675] [Debug  :Spawn Cycle Fixes] Predictor: Processing "MonarchObj"
[10:58:07.3397675] [Debug  :Spawn Cycle Fixes] Predictor: "MonarchObj" at 0 weight (0 spawned)
[10:58:07.3397675] [Debug  :Spawn Cycle Fixes] Predictor: Processing "RedwoodTitanObj"
[10:58:07.3397675] [Debug  :Spawn Cycle Fixes] Predictor: "RedwoodTitanObj" at 6 weight (0 spawned)
[10:58:07.3397675] [Debug  :Spawn Cycle Fixes] Predictor: Processing "DebtCollectorObj"
[10:58:07.3397675] [Debug  :Spawn Cycle Fixes] Predictor: Processing "GuardsmanObj"
[10:58:07.3397675] [Debug  :Spawn Cycle Fixes] Predictor: "GuardsmanObj" at 0 weight (0 spawned)
[10:58:07.3397675] [Debug  :Spawn Cycle Fixes] Predictor: Processing "ShyGuyDef"
[10:58:07.3397675] [Debug  :Spawn Cycle Fixes] Predictor: "ShyGuyDef" at 0 weight (0 spawned)
[10:58:07.3397675] [Debug  :Spawn Cycle Fixes] Predictor: 329 total weight
[10:58:07.3397675] [Debug  :Spawn Cycle Fixes] Predictor: Tracking "MouthDog"
[10:58:07.3397675] [Debug  :Spawn Cycle Fixes] Predictor: Spawn wave at time 900
[10:58:07.3397675] [Debug  :Spawn Cycle Fixes] Predictor: Base amount is 1.779541
[10:58:07.3397675] [Debug  :Spawn Cycle Fixes] Predictor: Adjusted amount is 3.029541 (1 days left)
[10:58:07.3397675] [Debug  :Spawn Cycle Fixes] Predictor: Spawning 0 enemies
[10:58:07.3397675] [Debug  :Spawn Cycle Fixes] Predictor: Spawn wave at time 1020
[10:58:07.3397675] [Debug  :Spawn Cycle Fixes] Predictor: Base amount is 3.103928
[10:58:07.3397675] [Debug  :Spawn Cycle Fixes] Predictor: Adjusted amount is 4.353928 (1 days left)
[10:58:07.3397675] [Debug  :Spawn Cycle Fixes] Predictor: Spawning 4 enemies
[10:58:07.3397675] [Debug  :Spawn Cycle Fixes] Predictor: Processing "MouthDog"
[10:58:07.3397675] [Debug  :Spawn Cycle Fixes] Predictor: "MouthDog" at 100 weight (1 spawned)
[10:58:07.3397675] [Debug  :Spawn Cycle Fixes] Predictor: Processing "ForestGiant"
[10:58:07.3397675] [Debug  :Spawn Cycle Fixes] Predictor: "ForestGiant" at 9 weight (0 spawned)
[10:58:07.3397675] [Debug  :Spawn Cycle Fixes] Predictor: Processing "SandWorm"
[10:58:07.3397675] [Debug  :Spawn Cycle Fixes] Predictor: "SandWorm" at 37 weight (0 spawned)
[10:58:07.3397675] [Debug  :Spawn Cycle Fixes] Predictor: Processing "BaboonHawk"
[10:58:07.3397675] [Debug  :Spawn Cycle Fixes] Predictor: "BaboonHawk" at 67 weight (4 spawned)
[10:58:07.3397675] [Debug  :Spawn Cycle Fixes] Predictor: Processing "RadMech"
[10:58:07.3397675] [Debug  :Spawn Cycle Fixes] Predictor: "RadMech" at 82 weight (0 spawned)
[10:58:07.3397675] [Debug  :Spawn Cycle Fixes] Predictor: Processing "Nutcracker"
[10:58:07.3397675] [Debug  :Spawn Cycle Fixes] Predictor: "Nutcracker" at 7 weight (0 spawned)
[10:58:07.3397675] [Debug  :Spawn Cycle Fixes] Predictor: Processing "SirenHead"
[10:58:07.3397675] [Debug  :Spawn Cycle Fixes] Predictor: "SirenHead" at 30 weight (0 spawned)
[10:58:07.3397675] [Debug  :Spawn Cycle Fixes] Predictor: Processing "Vermin"
[10:58:07.3397675] [Debug  :Spawn Cycle Fixes] Predictor: "Vermin" at 0 weight (0 spawned)
[10:58:07.3397675] [Debug  :Spawn Cycle Fixes] Predictor: Processing "ShyGuyDef"
[10:58:07.3397675] [Debug  :Spawn Cycle Fixes] Predictor: "ShyGuyDef" at 0 weight (0 spawned)
[10:58:07.3397675] [Debug  :Spawn Cycle Fixes] Predictor: Processing "JPOGRaptor"
[10:58:07.3397675] [Debug  :Spawn Cycle Fixes] Predictor: "JPOGRaptor" at 0 weight (0 spawned)
[10:58:07.3397675] [Debug  :Spawn Cycle Fixes] Predictor: Processing "JPOGTrexObj"
[10:58:07.3397675] [Debug  :Spawn Cycle Fixes] Predictor: "JPOGTrexObj" at 0 weight (0 spawned)
[10:58:07.3397675] [Debug  :Spawn Cycle Fixes] Predictor: Processing "CactusBudlingObj"
[10:58:07.3397675] [Debug  :Spawn Cycle Fixes] Predictor: "CactusBudlingObj" at 0 weight (0 spawned)
[10:58:07.3397675] [Debug  :Spawn Cycle Fixes] Predictor: Processing "DriftwoodMenaceObj"
[10:58:07.3397675] [Debug  :Spawn Cycle Fixes] Predictor: "DriftwoodMenaceObj" at 3 weight (0 spawned)
[10:58:07.3397675] [Debug  :Spawn Cycle Fixes] Predictor: Processing "MonarchObj"
[10:58:07.3397675] [Debug  :Spawn Cycle Fixes] Predictor: "MonarchObj" at 0 weight (0 spawned)
[10:58:07.3397675] [Debug  :Spawn Cycle Fixes] Predictor: Processing "RedwoodTitanObj"
[10:58:07.3397675] [Debug  :Spawn Cycle Fixes] Predictor: "RedwoodTitanObj" at 5 weight (0 spawned)
[10:58:07.3397675] [Debug  :Spawn Cycle Fixes] Predictor: Processing "DebtCollectorObj"
[10:58:07.3397675] [Debug  :Spawn Cycle Fixes] Predictor: Processing "GuardsmanObj"
[10:58:07.3397675] [Debug  :Spawn Cycle Fixes] Predictor: "GuardsmanObj" at 0 weight (0 spawned)
[10:58:07.3397675] [Debug  :Spawn Cycle Fixes] Predictor: Processing "ShyGuyDef"
[10:58:07.3397675] [Debug  :Spawn Cycle Fixes] Predictor: "ShyGuyDef" at 0 weight (0 spawned)
[10:58:07.3397675] [Debug  :Spawn Cycle Fixes] Predictor: 340 total weight
[10:58:07.3397675] [Debug  :Spawn Cycle Fixes] Predictor: Tracking "ForestGiant"
[10:58:07.3397675] [Debug  :Spawn Cycle Fixes] Predictor: Processing "MouthDog"
[10:58:07.3397675] [Debug  :Spawn Cycle Fixes] Predictor: "MouthDog" at 100 weight (1 spawned)
[10:58:07.3397675] [Debug  :Spawn Cycle Fixes] Predictor: Processing "ForestGiant"
[10:58:07.3397675] [Debug  :Spawn Cycle Fixes] Predictor: "ForestGiant" at 9 weight (1 spawned)
[10:58:07.3397675] [Debug  :Spawn Cycle Fixes] Predictor: Processing "SandWorm"
[10:58:07.3397675] [Debug  :Spawn Cycle Fixes] Predictor: "SandWorm" at 37 weight (0 spawned)
[10:58:07.3397675] [Debug  :Spawn Cycle Fixes] Predictor: Processing "BaboonHawk"
[10:58:07.3397675] [Debug  :Spawn Cycle Fixes] Predictor: "BaboonHawk" at 67 weight (4 spawned)
[10:58:07.3397675] [Debug  :Spawn Cycle Fixes] Predictor: Processing "RadMech"
[10:58:07.3397675] [Debug  :Spawn Cycle Fixes] Predictor: "RadMech" at 82 weight (0 spawned)
[10:58:07.3397675] [Debug  :Spawn Cycle Fixes] Predictor: Processing "Nutcracker"
[10:58:07.3397675] [Debug  :Spawn Cycle Fixes] Predictor: "Nutcracker" at 7 weight (0 spawned)
[10:58:07.3397675] [Debug  :Spawn Cycle Fixes] Predictor: Processing "SirenHead"
[10:58:07.3397675] [Debug  :Spawn Cycle Fixes] Predictor: "SirenHead" at 30 weight (0 spawned)
[10:58:07.3397675] [Debug  :Spawn Cycle Fixes] Predictor: Processing "Vermin"
[10:58:07.3397675] [Debug  :Spawn Cycle Fixes] Predictor: "Vermin" at 0 weight (0 spawned)
[10:58:07.3397675] [Debug  :Spawn Cycle Fixes] Predictor: Processing "ShyGuyDef"
[10:58:07.3397675] [Debug  :Spawn Cycle Fixes] Predictor: "ShyGuyDef" at 0 weight (0 spawned)
[10:58:07.3397675] [Debug  :Spawn Cycle Fixes] Predictor: Processing "JPOGRaptor"
[10:58:07.3397675] [Debug  :Spawn Cycle Fixes] Predictor: "JPOGRaptor" at 0 weight (0 spawned)
[10:58:07.3397675] [Debug  :Spawn Cycle Fixes] Predictor: Processing "JPOGTrexObj"
[10:58:07.3397675] [Debug  :Spawn Cycle Fixes] Predictor: Processing "CactusBudlingObj"
[10:58:07.3397675] [Debug  :Spawn Cycle Fixes] Predictor: "CactusBudlingObj" at 0 weight (0 spawned)
[10:58:07.3397675] [Debug  :Spawn Cycle Fixes] Predictor: Processing "DriftwoodMenaceObj"
[10:58:07.3397675] [Debug  :Spawn Cycle Fixes] Predictor: "DriftwoodMenaceObj" at 3 weight (0 spawned)
[10:58:07.3397675] [Debug  :Spawn Cycle Fixes] Predictor: Processing "MonarchObj"
[10:58:07.3397675] [Debug  :Spawn Cycle Fixes] Predictor: "MonarchObj" at 0 weight (0 spawned)
[10:58:07.3397675] [Debug  :Spawn Cycle Fixes] Predictor: Processing "RedwoodTitanObj"
[10:58:07.3397675] [Debug  :Spawn Cycle Fixes] Predictor: "RedwoodTitanObj" at 5 weight (0 spawned)
[10:58:07.3397675] [Debug  :Spawn Cycle Fixes] Predictor: Processing "DebtCollectorObj"
[10:58:07.3397675] [Debug  :Spawn Cycle Fixes] Predictor: Processing "GuardsmanObj"
[10:58:07.3397675] [Debug  :Spawn Cycle Fixes] Predictor: "GuardsmanObj" at 0 weight (0 spawned)
[10:58:07.3397675] [Debug  :Spawn Cycle Fixes] Predictor: Processing "ShyGuyDef"
[10:58:07.3397675] [Debug  :Spawn Cycle Fixes] Predictor: "ShyGuyDef" at 0 weight (0 spawned)
[10:58:07.3397675] [Debug  :Spawn Cycle Fixes] Predictor: 340 total weight
[10:58:07.3397675] [Debug  :Spawn Cycle Fixes] Predictor: Tracking "SandWorm"
[10:58:07.3397675] [Debug  :Spawn Cycle Fixes] Predictor: Processing "MouthDog"
[10:58:07.3397675] [Debug  :Spawn Cycle Fixes] Predictor: "MouthDog" at 100 weight (1 spawned)
[10:58:07.3397675] [Debug  :Spawn Cycle Fixes] Predictor: Processing "ForestGiant"
[10:58:07.3397675] [Debug  :Spawn Cycle Fixes] Predictor: "ForestGiant" at 9 weight (1 spawned)
[10:58:07.3397675] [Debug  :Spawn Cycle Fixes] Predictor: Processing "SandWorm"
[10:58:07.3397675] [Debug  :Spawn Cycle Fixes] Predictor: "SandWorm" at 37 weight (1 spawned)
[10:58:07.3397675] [Debug  :Spawn Cycle Fixes] Predictor: Processing "BaboonHawk"
[10:58:07.3397675] [Debug  :Spawn Cycle Fixes] Predictor: "BaboonHawk" at 67 weight (4 spawned)
[10:58:07.3397675] [Debug  :Spawn Cycle Fixes] Predictor: Processing "RadMech"
[10:58:07.3397675] [Debug  :Spawn Cycle Fixes] Predictor: Processing "Nutcracker"
[10:58:07.3397675] [Debug  :Spawn Cycle Fixes] Predictor: Processing "SirenHead"
[10:58:07.3397675] [Debug  :Spawn Cycle Fixes] Predictor: "SirenHead" at 30 weight (0 spawned)
[10:58:07.3397675] [Debug  :Spawn Cycle Fixes] Predictor: Processing "Vermin"
[10:58:07.3397675] [Debug  :Spawn Cycle Fixes] Predictor: "Vermin" at 0 weight (0 spawned)
[10:58:07.3397675] [Debug  :Spawn Cycle Fixes] Predictor: Processing "ShyGuyDef"
[10:58:07.3397675] [Debug  :Spawn Cycle Fixes] Predictor: "ShyGuyDef" at 0 weight (0 spawned)
[10:58:07.3397675] [Debug  :Spawn Cycle Fixes] Predictor: Processing "JPOGRaptor"
[10:58:07.3397675] [Debug  :Spawn Cycle Fixes] Predictor: Processing "JPOGTrexObj"
[10:58:07.3397675] [Debug  :Spawn Cycle Fixes] Predictor: Processing "CactusBudlingObj"
[10:58:07.3397675] [Debug  :Spawn Cycle Fixes] Predictor: Processing "DriftwoodMenaceObj"
[10:58:07.3397675] [Debug  :Spawn Cycle Fixes] Predictor: "DriftwoodMenaceObj" at 3 weight (0 spawned)
[10:58:07.3397675] [Debug  :Spawn Cycle Fixes] Predictor: Processing "MonarchObj"
[10:58:07.3397675] [Debug  :Spawn Cycle Fixes] Predictor: "MonarchObj" at 0 weight (0 spawned)
[10:58:07.3397675] [Debug  :Spawn Cycle Fixes] Predictor: Processing "RedwoodTitanObj"
[10:58:07.3397675] [Debug  :Spawn Cycle Fixes] Predictor: "RedwoodTitanObj" at 5 weight (0 spawned)
[10:58:07.3397675] [Debug  :Spawn Cycle Fixes] Predictor: Processing "DebtCollectorObj"
[10:58:07.3397675] [Debug  :Spawn Cycle Fixes] Predictor: Processing "GuardsmanObj"
[10:58:07.3397675] [Debug  :Spawn Cycle Fixes] Predictor: "GuardsmanObj" at 0 weight (0 spawned)
[10:58:07.3397675] [Debug  :Spawn Cycle Fixes] Predictor: Processing "ShyGuyDef"
[10:58:07.3397675] [Debug  :Spawn Cycle Fixes] Predictor: "ShyGuyDef" at 0 weight (0 spawned)
[10:58:07.3397675] [Debug  :Spawn Cycle Fixes] Predictor: 251 total weight
[10:58:07.3397675] [Debug  :Spawn Cycle Fixes] Predictor: Tracking "BaboonHawk"
[10:58:07.3397675] [Debug  :Spawn Cycle Fixes] Predictor: Tracking "BaboonHawk"
[10:58:07.3397675] [Debug  :Spawn Cycle Fixes] Predictor: Processing "MouthDog"
[10:58:07.3397675] [Debug  :Spawn Cycle Fixes] Predictor: "MouthDog" at 100 weight (1 spawned)
[10:58:07.3397675] [Debug  :Spawn Cycle Fixes] Predictor: Processing "ForestGiant"
[10:58:07.3397675] [Debug  :Spawn Cycle Fixes] Predictor: Processing "SandWorm"
[10:58:07.3397675] [Debug  :Spawn Cycle Fixes] Predictor: "SandWorm" at 37 weight (1 spawned)
[10:58:07.3397675] [Debug  :Spawn Cycle Fixes] Predictor: Processing "BaboonHawk"
[10:58:07.3397675] [Debug  :Spawn Cycle Fixes] Predictor: "BaboonHawk" at 32 weight (6 spawned)
[10:58:07.3397675] [Debug  :Spawn Cycle Fixes] Predictor: Processing "RadMech"
[10:58:07.3397675] [Debug  :Spawn Cycle Fixes] Predictor: Processing "Nutcracker"
[10:58:07.3397675] [Debug  :Spawn Cycle Fixes] Predictor: Processing "SirenHead"
[10:58:07.3397675] [Debug  :Spawn Cycle Fixes] Predictor: "SirenHead" at 30 weight (0 spawned)
[10:58:07.3397675] [Debug  :Spawn Cycle Fixes] Predictor: Processing "Vermin"
[10:58:07.3397675] [Debug  :Spawn Cycle Fixes] Predictor: "Vermin" at 0 weight (0 spawned)
[10:58:07.3397675] [Debug  :Spawn Cycle Fixes] Predictor: Processing "ShyGuyDef"
[10:58:07.3397675] [Debug  :Spawn Cycle Fixes] Predictor: Processing "JPOGRaptor"
[10:58:07.3397675] [Debug  :Spawn Cycle Fixes] Predictor: Processing "JPOGTrexObj"
[10:58:07.3397675] [Debug  :Spawn Cycle Fixes] Predictor: Processing "CactusBudlingObj"
[10:58:07.3397675] [Debug  :Spawn Cycle Fixes] Predictor: Processing "DriftwoodMenaceObj"
[10:58:07.3397675] [Debug  :Spawn Cycle Fixes] Predictor: "DriftwoodMenaceObj" at 3 weight (0 spawned)
[10:58:07.3397675] [Debug  :Spawn Cycle Fixes] Predictor: Processing "MonarchObj"
[10:58:07.3397675] [Debug  :Spawn Cycle Fixes] Predictor: Processing "RedwoodTitanObj"
[10:58:07.3397675] [Debug  :Spawn Cycle Fixes] Predictor: "RedwoodTitanObj" at 5 weight (0 spawned)
[10:58:07.3397675] [Debug  :Spawn Cycle Fixes] Predictor: Processing "DebtCollectorObj"
[10:58:07.3397675] [Debug  :Spawn Cycle Fixes] Predictor: Processing "GuardsmanObj"
[10:58:07.3397675] [Debug  :Spawn Cycle Fixes] Predictor: "GuardsmanObj" at 0 weight (0 spawned)
[10:58:07.3397675] [Debug  :Spawn Cycle Fixes] Predictor: Processing "ShyGuyDef"
[10:58:07.3397675] [Debug  :Spawn Cycle Fixes] Predictor: 207 total weight
[10:58:07.3397675] [Debug  :Spawn Cycle Fixes] Predictor: Tracking "SandWorm"
[10:58:07.3447774] [Debug  :Spawn Cycle Fixes] Predictor: Complete
[10:58:07.3909343] [Info   :GeneralImprovements] Disabling ship scan node until landed.
[10:58:07.3909343] [Info   :GeneralImprovements] Updated remaining scrap display.
[10:58:07.3979501] [Debug  :Enemy Sound Fixes] PowerBoxDoor: AnimatedObjectTrigger audios
[10:58:07.3989513] [Debug  :Enemy Sound Fixes] Cube: AnimatedObjectTrigger audios
[10:58:07.4044591] [Debug  :UniversalRadar] Interior radar check complete (0.003227234s)
[10:58:07.4044591] [Info   :WaterAssetRestorer] Swapping water materials...
[10:58:07.6102807] [Info   : LethalMin] __ LethalMin On Game Loaded __
[10:58:07.6731666] [Info   : LethalMin] Added Pikmin Effect Trigger to: WaterTrigger
[10:58:07.7167138] [Info   : LethalMin] Wild Spawn Falloff is disabled.
[10:58:07.7207108] [Info   : LethalMin] -- Spawning Sprouts --
[10:58:07.7232188] [Info   : LethalMin] Base spawn chance: 0, Map Pikmin Spawn Chance: 0
[10:58:07.7242200] [Info   : LethalMin] === Pikmin Spawning Odds [Offense] (None) ===
[10:58:07.7242200] [Info   : LethalMin]   [Blue Pikmin]: base=0.500 = 0.500
[10:58:07.7252187] [Info   : LethalMin]   [Ice Pikmin]: base=0.500 * moonType(Offense)=0.250 = 0.125
[10:58:07.7252187] [Info   : LethalMin]   [Red Pikmin]: base=0.500 = 0.500
[10:58:07.7252187] [Info   : LethalMin]   [Rock Pikmin]: base=0.500 = 0.500
[10:58:07.7252187] [Info   : LethalMin]   [Winged Pikmin]: base=0.500 = 0.500
[10:58:07.7252187] [Info   : LethalMin]   [Yellow Pikmin]: base=0.500 = 0.500
[10:58:07.7252187] [Info   : LethalMin] =================================
[10:58:07.7252187] [Debug  : LethalMin] Sprouts Odds: Blue Pikmin: 0.5, Ice Pikmin: 0.125, Red Pikmin: 0.5, Rock Pikmin: 0.5, Winged Pikmin: 0.5, Yellow Pikmin: 0.5
[10:58:07.7252187] [Info   : LethalMin] -- Spawned 0 sprouts on the map. --
[10:58:07.7302183] [Info   : LethalMin] -- Spawning Map Pikmin --
[10:58:07.7497784] [Info   : LethalMin] Map Possible Spawn Amount: 341
[10:58:07.7497784] [Info   : LethalMin] Base spawn chance: 0, Map Pikmin Spawn Chance: 0
[10:58:07.7497784] [Info   : LethalMin] === Pikmin Spawning Odds [Offense] (None) ===
[10:58:07.7497784] [Info   : LethalMin]   [Bulbmin]: base=0.500 = 0.500
[10:58:07.7497784] [Info   : LethalMin]   [Purple Pikmin]: base=0.500 = 0.500
[10:58:07.7497784] [Info   : LethalMin]   [White Pikmin]: base=0.500 = 0.500
[10:58:07.7497784] [Info   : LethalMin] =================================
[10:58:07.7497784] [Info   : LethalMin] Map Pikmin Odds: Bulbmin: 0.5, Purple Pikmin: 0.5, White Pikmin: 0.5
[10:58:07.7497784] [Info   : LethalMin] -- Finished spawning map pikmin, total spawned: 0 --
[10:58:07.7552877] [Debug  : LethalMin] Found 4 entrances:
 - EntranceTeleportA <=> EntranceTeleportA(Clone)
 - (EntranceTeleportB -> Pikmin Teleport Destination) <=> EntranceTeleportB(Clone) [Manually Added]
[10:58:07.7587907] [Info   : LethalMin] Can path on moon: True True
[10:58:07.7587907] [Info   : LethalMin] __ LethalMin On Game Loaded Finished __
[10:58:07.7607905] [Info   :WaterAssetRestorer] Swapping water materials...
[10:58:07.9657051] [Debug  :Matty's Fixes] LethalLib/PremiumScraps/Frieren(362) is computing vertical offset
[10:58:07.9677050] [Debug  :Matty's Fixes] LethalLib/PremiumScraps/Frieren new offset is 0.01082307
[10:58:07.9677050] [Debug  :Matty's Fixes] LethalLib/PremiumScraps/Frieren(362) position updated [(0.00, 0.00, 0.00)] -> [(0.00, 0.01, 0.00)]
[10:58:07.9677050] [Debug  :Matty's Fixes] LethalLevelLoader/ImmersiveScraps/Garbage(364) is computing vertical offset
[10:58:07.9677050] [Debug  :Matty's Fixes] LethalLevelLoader/ImmersiveScraps/Garbage new offset is 0.01915193
[10:58:07.9677050] [Debug  :Matty's Fixes] LethalLevelLoader/ImmersiveScraps/Garbage(364) position updated [(0.00, 0.00, 0.00)] -> [(0.00, 0.02, 0.00)]
[10:58:07.9677050] [Debug  :Matty's Fixes] Vanilla/Flask(365) is computing vertical offset
[10:58:07.9677050] [Debug  :Matty's Fixes] Vanilla/Flask new offset is 0.2389828
[10:58:07.9677050] [Debug  :Matty's Fixes] Vanilla/Flask(365) position updated [(0.00, 0.00, 0.00)] -> [(0.00, 0.03, 0.00)]
[10:58:07.9677050] [Debug  :Matty's Fixes] LethalLevelLoader/ImmersiveScraps/Plunger(367) is computing vertical offset
[10:58:07.9677050] [Debug  :Matty's Fixes] LethalLevelLoader/ImmersiveScraps/Plunger new offset is 1.192093E-07
[10:58:07.9677050] [Debug  :Matty's Fixes] LethalLevelLoader/ImmersiveScraps/Plunger(367) position updated [(0.00, 0.00, 0.00)] -> [(0.00, 0.00, 0.00)]
[10:58:07.9677050] [Debug  :Matty's Fixes] LethalLevelLoader/ImmersiveScraps/Socket Wrench(369) is computing vertical offset
[10:58:07.9677050] [Debug  :Matty's Fixes] LethalLevelLoader/ImmersiveScraps/Socket Wrench new offset is -3.72529E-09
[10:58:07.9677050] [Debug  :Matty's Fixes] LethalLevelLoader/ImmersiveScraps/Socket Wrench(369) position updated [(0.00, 0.00, 0.00)] -> [(0.00, 0.00, 0.00)]
[10:58:07.9677050] [Debug  :Matty's Fixes] LethalLevelLoader/ImmersiveScraps/ISqueaky toy(371) is computing vertical offset
[10:58:07.9677050] [Debug  :Matty's Fixes] LethalLevelLoader/ImmersiveScraps/ISqueaky toy original offset is 0
[10:58:07.9677050] [Debug  :Matty's Fixes] Vanilla/Magnifying glass(372) is computing vertical offset
[10:58:07.9677050] [Debug  :Matty's Fixes] Vanilla/Magnifying glass new offset is 0.04636009
[10:58:07.9677050] [Debug  :Matty's Fixes] Vanilla/Magnifying glass(372) position updated [(0.00, 0.00, 0.00)] -> [(0.00, 0.00, 0.00)]
[10:58:07.9677050] [Debug  :Matty's Fixes] LethalLib/Scopophobia/ShyGuyPainting(373) is computing vertical offset
[10:58:07.9677050] [Debug  :Matty's Fixes] LethalLib/Scopophobia/ShyGuyPainting new offset is 0.03740676
[10:58:07.9677050] [Debug  :Matty's Fixes] LethalLib/Scopophobia/ShyGuyPainting(373) position updated [(0.00, 0.00, 0.00)] -> [(0.00, 0.04, 0.00)]
[10:58:07.9687045] [Debug  :Matty's Fixes] LethalLevelLoader/ImmersiveScraps/Wrench(374) is computing vertical offset
[10:58:07.9687045] [Debug  :Matty's Fixes] LethalLevelLoader/ImmersiveScraps/Wrench original offset is 0
[10:58:07.9687045] [Debug  :Matty's Fixes] DawnLib/unknown_lib/Emergency Flare (ammo)(378) is computing vertical offset
[10:58:07.9687045] [Debug  :Matty's Fixes] DawnLib/unknown_lib/Emergency Flare (ammo) new offset is 0.09336772
[10:58:07.9687045] [Debug  :Matty's Fixes] DawnLib/unknown_lib/Emergency Flare (ammo)(378) position updated [(0.00, 0.00, 0.00)] -> [(0.00, -0.07, 0.00)]
[10:58:07.9687045] [Debug  :Matty's Fixes] DawnLib/unknown_lib/Hacking Tool(379) is computing vertical offset
[10:58:07.9697056] [Debug  :Matty's Fixes] DawnLib/unknown_lib/Hacking Tool new offset is -0.002768099
[10:58:07.9697056] [Debug  :Matty's Fixes] DawnLib/unknown_lib/Hacking Tool(379) position updated [(0.00, 0.00, 0.00)] -> [(0.00, -0.16, 0.00)]
[10:58:07.9732147] [Info   :LethalPerformance.Patcher] Saved 1 config(s)
[10:58:08.0953619] [Debug  :Starlancer AI Fix] Finding outside AI nodes.
[10:58:08.0963621] [Debug  :Starlancer AI Fix] Finding inside AI nodes.
[10:58:08.0963621] [Debug  :GeneralImprovements] Updated danger level display.
[10:58:08.1158997] [Debug  : LethalMin] Initializing PikminItem Key(Clone) with item Key(Clone) (True)
[10:58:08.1158997] [Debug  : LethalMin] Initializing PikminItem Key(Clone) with item Key(Clone) (True)
[10:58:08.1158997] [Debug  : LethalMin] Initializing PikminItem Key(Clone) with item Key(Clone) (True)
[10:58:08.1158997] [Debug  : LethalMin] Initializing PikminItem Key(Clone) with item Key(Clone) (True)
[10:58:08.1158997] [Debug  : LethalMin] Initializing PikminItem Key(Clone) with item Key(Clone) (True)
[10:58:08.1158997] [Debug  : LethalMin] Initializing PikminItem Key(Clone) with item Key(Clone) (True)
[10:58:08.2045715] [Info   :GeneralImprovements] Updated remaining scrap display.
[10:58:08.2085709] [Debug  :Matty's Fixes] LethalLib/MonsterPlushies/Nutcracker Plushie(363) is computing vertical offset
[10:58:08.2105713] [Debug  :Matty's Fixes] LethalLib/MonsterPlushies/Nutcracker Plushie new offset is 0.0129784
[10:58:08.2105713] [Debug  :Matty's Fixes] LethalLib/MonsterPlushies/Nutcracker Plushie(363) position updated [(-74.97, -218.97, 102.15)] -> [(-74.97, -218.95, 102.15)]
[10:58:08.2797234] [Info   : LethalMin] Generating Floor Data for 1 Dungeons.
[10:58:08.2822279] [Debug  : LethalMin] did not find any flor data
[10:58:08.4676297] [Debug  :Matty's Fixes] LethalLevelLoader/Lethalthings/Toy Revolver(361) is computing vertical offset
[10:58:08.4706294] [Debug  :Matty's Fixes] LethalLevelLoader/Lethalthings/Toy Revolver new offset is 0.04463413
[10:58:08.4706294] [Debug  :Matty's Fixes] LethalLevelLoader/Lethalthings/Toy Revolver(361) position updated [(-79.71, -218.20, 141.85)] -> [(-79.71, -218.32, 141.85)]
[10:58:08.4706294] [Debug  :Matty's Fixes] LethalLevelLoader/Lethalthings/Toy Revolver(366) position updated [(-58.75, -218.81, 142.60)] -> [(-58.75, -218.92, 142.60)]
[10:58:08.4706294] [Debug  :Matty's Fixes] Vanilla/Cat Food(377) is computing vertical offset
[10:58:08.4721352] [Debug  :Matty's Fixes] Vanilla/Cat Food new offset is 1.490116E-08
[10:58:08.4721352] [Debug  :Matty's Fixes] Vanilla/Cat Food(377) position updated [(-100.03, -218.97, 81.69)] -> [(-100.03, -218.97, 81.69)]
[10:58:08.5063590] [Debug  :Matty's Fixes] LethalLib/MonsterPlushies/Coil head Plushie(368) is computing vertical offset
[10:58:08.5073600] [Debug  :Matty's Fixes] LethalLib/MonsterPlushies/Coil head Plushie new offset is 0.01150441
[10:58:08.5073600] [Debug  :Matty's Fixes] LethalLib/MonsterPlushies/Coil head Plushie(368) position updated [(-41.84, -220.17, 108.83)] -> [(-41.84, -220.16, 108.83)]
[10:58:08.5073600] [Debug  :Matty's Fixes] LethalLib/MonsterPlushies/Hoarding Bug Plushie(370) is computing vertical offset
[10:58:08.5073600] [Debug  :Matty's Fixes] LethalLib/MonsterPlushies/Hoarding Bug Plushie new offset is 0.002971709
[10:58:08.5073600] [Debug  :Matty's Fixes] LethalLib/MonsterPlushies/Hoarding Bug Plushie(370) position updated [(-23.05, -225.23, 103.68)] -> [(-23.05, -225.22, 103.68)]
[10:58:08.8025625] [Debug  :Buttery Fixes] Cleared "profitable" stat for all employees
[10:58:08.8025625] [Info   : Unity Log] Start audios played from highandlowaudio; False ; False
[10:58:08.8482276] [Warning:   Coroner] Could not access dying player: Collider was not a player!
[10:58:08.8482276] [Warning:   Coroner] Could not access dying player: Index not assigned!
[10:58:08.8482276] [Debug  :   Coroner] Handling Out of Bounds death...
[10:58:08.8482276] [Warning:   Coroner] Could not access dying player: Collider was not a player!
[10:58:08.8482276] [Warning:   Coroner] Could not access dying player: Index not assigned!
[10:58:08.8482276] [Debug  :   Coroner] Handling Out of Bounds death...
[10:58:08.8482276] [Warning:   Coroner] Could not access dying player: Collider was not a player!
[10:58:08.8482276] [Warning:   Coroner] Could not access dying player: Index not assigned!
[10:58:08.8482276] [Debug  :   Coroner] Handling Out of Bounds death...
[10:58:08.8482276] [Warning:   Coroner] Could not access dying player: Collider was not a player!
[10:58:08.8482276] [Warning:   Coroner] Could not access dying player: Index not assigned!
[10:58:08.8482276] [Debug  :   Coroner] Handling Out of Bounds death...
[10:58:08.8482276] [Warning:   Coroner] Could not access dying player: Collider was not a player!
[10:58:08.8482276] [Warning:   Coroner] Could not access dying player: Index not assigned!
[10:58:08.8482276] [Debug  :   Coroner] Handling Out of Bounds death...
[10:58:08.8492296] [Warning:   Coroner] Could not access dying player: Collider was not a player!
[10:58:08.8492296] [Warning:   Coroner] Could not access dying player: Index not assigned!
[10:58:08.8492296] [Debug  :   Coroner] Handling Out of Bounds death...
[10:58:08.8492296] [Warning:   Coroner] Could not access dying player: Collider was not a player!
[10:58:08.8492296] [Warning:   Coroner] Could not access dying player: Index not assigned!
[10:58:08.8492296] [Debug  :   Coroner] Handling Out of Bounds death...
[10:58:08.8492296] [Warning:   Coroner] Could not access dying player: Collider was not a player!
[10:58:08.8492296] [Warning:   Coroner] Could not access dying player: Index not assigned!
[10:58:08.8492296] [Debug  :   Coroner] Handling Out of Bounds death...
[10:58:08.8492296] [Warning:   Coroner] Could not access dying player: Collider was not a player!
[10:58:08.8492296] [Warning:   Coroner] Could not access dying player: Index not assigned!
[10:58:08.8492296] [Debug  :   Coroner] Handling Out of Bounds death...
[10:58:08.8492296] [Warning:   Coroner] Could not access dying player: Collider was not a player!
[10:58:08.8492296] [Warning:   Coroner] Could not access dying player: Index not assigned!
[10:58:08.8492296] [Debug  :   Coroner] Handling Out of Bounds death...
[10:58:08.8492296] [Warning:   Coroner] Could not access dying player: Collider was not a player!
[10:58:08.8492296] [Warning:   Coroner] Could not access dying player: Index not assigned!
[10:58:08.8492296] [Debug  :   Coroner] Handling Out of Bounds death...
[10:58:08.8492296] [Warning:   Coroner] Could not access dying player: Collider was not a player!
[10:58:08.8492296] [Warning:   Coroner] Could not access dying player: Index not assigned!
[10:58:08.8492296] [Debug  :   Coroner] Handling Out of Bounds death...
[10:58:08.8492296] [Warning:   Coroner] Could not access dying player: Collider was not a player!
[10:58:08.8492296] [Warning:   Coroner] Could not access dying player: Index not assigned!
[10:58:08.8492296] [Debug  :   Coroner] Handling Out of Bounds death...
[10:58:08.8492296] [Warning:   Coroner] Could not access dying player: Collider was not a player!
[10:58:08.8492296] [Warning:   Coroner] Could not access dying player: Index not assigned!
[10:58:08.8492296] [Debug  :   Coroner] Handling Out of Bounds death...
[10:58:08.8492296] [Warning:   Coroner] Could not access dying player: Collider was not a player!
[10:58:08.8492296] [Warning:   Coroner] Could not access dying player: Index not assigned!
[10:58:08.8492296] [Debug  :   Coroner] Handling Out of Bounds death...
[10:58:08.8492296] [Warning:   Coroner] Could not access dying player: Collider was not a player!
[10:58:08.8492296] [Warning:   Coroner] Could not access dying player: Index not assigned!
[10:58:08.8492296] [Debug  :   Coroner] Handling Out of Bounds death...
[10:58:08.8492296] [Warning:   Coroner] Could not access dying player: Collider was not a player!
[10:58:08.8492296] [Warning:   Coroner] Could not access dying player: Index not assigned!
[10:58:08.8492296] [Debug  :   Coroner] Handling Out of Bounds death...
[10:58:08.8492296] [Warning:   Coroner] Could not access dying player: Collider was not a player!
[10:58:08.8492296] [Warning:   Coroner] Could not access dying player: Index not assigned!
[10:58:08.8492296] [Debug  :   Coroner] Handling Out of Bounds death...
[10:58:08.8492296] [Warning:   Coroner] Could not access dying player: Collider was not a player!
[10:58:08.8492296] [Warning:   Coroner] Could not access dying player: Index not assigned!
[10:58:08.8492296] [Debug  :   Coroner] Handling Out of Bounds death...
[10:58:08.8492296] [Warning:   Coroner] Could not access dying player: Collider was not a player!
[10:58:08.8492296] [Warning:   Coroner] Could not access dying player: Index not assigned!
[10:58:08.8492296] [Debug  :   Coroner] Handling Out of Bounds death...
[10:58:08.8492296] [Warning:   Coroner] Could not access dying player: Collider was not a player!
[10:58:08.8492296] [Warning:   Coroner] Could not access dying player: Index not assigned!
[10:58:08.8492296] [Debug  :   Coroner] Handling Out of Bounds death...
[10:58:08.8492296] [Warning:   Coroner] Could not access dying player: Collider was not a player!
[10:58:08.8492296] [Warning:   Coroner] Could not access dying player: Index not assigned!
[10:58:08.8492296] [Debug  :   Coroner] Handling Out of Bounds death...
[10:58:08.8492296] [Warning:   Coroner] Could not access dying player: Collider was not a player!
[10:58:08.8492296] [Warning:   Coroner] Could not access dying player: Index not assigned!
[10:58:08.8492296] [Debug  :   Coroner] Handling Out of Bounds death...
[10:58:08.8492296] [Warning:   Coroner] Could not access dying player: Collider was not a player!
[10:58:08.8492296] [Warning:   Coroner] Could not access dying player: Index not assigned!
[10:58:08.8492296] [Debug  :   Coroner] Handling Out of Bounds death...
[10:58:08.8492296] [Warning:   Coroner] Could not access dying player: Collider was not a player!
[10:58:08.8492296] [Warning:   Coroner] Could not access dying player: Index not assigned!
[10:58:08.8492296] [Debug  :   Coroner] Handling Out of Bounds death...
[10:58:08.8492296] [Warning:   Coroner] Could not access dying player: Collider was not a player!
[10:58:08.8492296] [Warning:   Coroner] Could not access dying player: Index not assigned!
[10:58:08.8492296] [Debug  :   Coroner] Handling Out of Bounds death...
[10:58:08.8492296] [Warning:   Coroner] Could not access dying player: Collider was not a player!
[10:58:08.8492296] [Warning:   Coroner] Could not access dying player: Index not assigned!
[10:58:08.8492296] [Debug  :   Coroner] Handling Out of Bounds death...
[10:58:08.8492296] [Warning:   Coroner] Could not access dying player: Collider was not a player!
[10:58:08.8492296] [Warning:   Coroner] Could not access dying player: Index not assigned!
[10:58:08.8492296] [Debug  :   Coroner] Handling Out of Bounds death...
[10:58:08.8492296] [Warning:   Coroner] Could not access dying player: Collider was not a player!
[10:58:08.8492296] [Warning:   Coroner] Could not access dying player: Index not assigned!
[10:58:08.8492296] [Debug  :   Coroner] Handling Out of Bounds death...
[10:58:08.8492296] [Warning:   Coroner] Could not access dying player: Collider was not a player!
[10:58:08.8492296] [Warning:   Coroner] Could not access dying player: Index not assigned!
[10:58:08.8492296] [Debug  :   Coroner] Handling Out of Bounds death...
[10:58:08.8492296] [Warning:   Coroner] Could not access dying player: Collider was not a player!
[10:58:08.8492296] [Warning:   Coroner] Could not access dying player: Index not assigned!
[10:58:08.8492296] [Debug  :   Coroner] Handling Out of Bounds death...
[10:58:08.8492296] [Warning:   Coroner] Could not access dying player: Collider was not a player!
[10:58:08.8492296] [Warning:   Coroner] Could not access dying player: Index not assigned!
[10:58:08.8492296] [Debug  :   Coroner] Handling Out of Bounds death...
[10:58:08.8492296] [Warning:   Coroner] Could not access dying player: Collider was not a player!
[10:58:08.8492296] [Warning:   Coroner] Could not access dying player: Index not assigned!
[10:58:08.8492296] [Debug  :   Coroner] Handling Out of Bounds death...
[10:58:08.8492296] [Warning:   Coroner] Could not access dying player: Collider was not a player!
[10:58:08.8492296] [Warning:   Coroner] Could not access dying player: Index not assigned!
[10:58:08.8492296] [Debug  :   Coroner] Handling Out of Bounds death...
[10:58:08.8492296] [Warning:   Coroner] Could not access dying player: Collider was not a player!
[10:58:08.8492296] [Warning:   Coroner] Could not access dying player: Index not assigned!
[10:58:08.8492296] [Debug  :   Coroner] Handling Out of Bounds death...
[10:58:08.8492296] [Warning:   Coroner] Could not access dying player: Collider was not a player!
[10:58:08.8492296] [Warning:   Coroner] Could not access dying player: Index not assigned!
[10:58:08.8492296] [Debug  :   Coroner] Handling Out of Bounds death...
[10:58:08.8492296] [Warning:   Coroner] Could not access dying player: Collider was not a player!
[10:58:08.8492296] [Warning:   Coroner] Could not access dying player: Index not assigned!
[10:58:08.8492296] [Debug  :   Coroner] Handling Out of Bounds death...
[10:58:08.8492296] [Warning:   Coroner] Could not access dying player: Collider was not a player!
[10:58:08.8492296] [Warning:   Coroner] Could not access dying player: Index not assigned!
[10:58:08.8492296] [Debug  :   Coroner] Handling Out of Bounds death...
[10:58:08.8492296] [Warning:   Coroner] Could not access dying player: Collider was not a player!
[10:58:08.8492296] [Warning:   Coroner] Could not access dying player: Index not assigned!
[10:58:08.8492296] [Debug  :   Coroner] Handling Out of Bounds death...
[10:58:08.8492296] [Warning:   Coroner] Could not access dying player: Collider was not a player!
[10:58:08.8492296] [Warning:   Coroner] Could not access dying player: Index not assigned!
[10:58:08.8492296] [Debug  :   Coroner] Handling Out of Bounds death...
[10:58:08.8492296] [Warning:   Coroner] Could not access dying player: Collider was not a player!
[10:58:08.8492296] [Warning:   Coroner] Could not access dying player: Index not assigned!
[10:58:08.8492296] [Debug  :   Coroner] Handling Out of Bounds death...
[10:58:08.8492296] [Warning:   Coroner] Could not access dying player: Collider was not a player!
[10:58:08.8492296] [Warning:   Coroner] Could not access dying player: Index not assigned!
[10:58:08.8492296] [Debug  :   Coroner] Handling Out of Bounds death...
[10:58:08.8492296] [Warning:   Coroner] Could not access dying player: Collider was not a player!
[10:58:08.8492296] [Warning:   Coroner] Could not access dying player: Index not assigned!
[10:58:08.8492296] [Debug  :   Coroner] Handling Out of Bounds death...
[10:58:08.8492296] [Warning:   Coroner] Could not access dying player: Collider was not a player!
[10:58:08.8492296] [Warning:   Coroner] Could not access dying player: Index not assigned!
[10:58:08.8492296] [Debug  :   Coroner] Handling Out of Bounds death...
[10:58:08.8492296] [Warning:   Coroner] Could not access dying player: Collider was not a player!
[10:58:08.8492296] [Warning:   Coroner] Could not access dying player: Index not assigned!
[10:58:08.8492296] [Debug  :   Coroner] Handling Out of Bounds death...
[10:58:08.8492296] [Warning:   Coroner] Could not access dying player: Collider was not a player!
[10:58:08.8492296] [Warning:   Coroner] Could not access dying player: Index not assigned!
[10:58:08.8492296] [Debug  :   Coroner] Handling Out of Bounds death...
[10:58:08.8492296] [Warning:   Coroner] Could not access dying player: Collider was not a player!
[10:58:08.8492296] [Warning:   Coroner] Could not access dying player: Index not assigned!
[10:58:08.8492296] [Debug  :   Coroner] Handling Out of Bounds death...
[10:58:08.8492296] [Warning:   Coroner] Could not access dying player: Collider was not a player!
[10:58:08.8492296] [Warning:   Coroner] Could not access dying player: Index not assigned!
[10:58:08.8492296] [Debug  :   Coroner] Handling Out of Bounds death...
[10:58:08.8492296] [Warning:   Coroner] Could not access dying player: Collider was not a player!
[10:58:08.8492296] [Warning:   Coroner] Could not access dying player: Index not assigned!
[10:58:08.8492296] [Debug  :   Coroner] Handling Out of Bounds death...
[10:58:08.8492296] [Warning:   Coroner] Could not access dying player: Collider was not a player!
[10:58:08.8492296] [Warning:   Coroner] Could not access dying player: Index not assigned!
[10:58:08.8492296] [Debug  :   Coroner] Handling Out of Bounds death...
[10:58:08.8492296] [Warning:   Coroner] Could not access dying player: Collider was not a player!
[10:58:08.8492296] [Warning:   Coroner] Could not access dying player: Index not assigned!
[10:58:08.8492296] [Debug  :   Coroner] Handling Out of Bounds death...
[10:58:08.8492296] [Warning:   Coroner] Could not access dying player: Collider was not a player!
[10:58:08.8492296] [Warning:   Coroner] Could not access dying player: Index not assigned!
[10:58:08.8492296] [Debug  :   Coroner] Handling Out of Bounds death...
[10:58:08.8492296] [Warning:   Coroner] Could not access dying player: Collider was not a player!
[10:58:08.8492296] [Warning:   Coroner] Could not access dying player: Index not assigned!
[10:58:08.8492296] [Debug  :   Coroner] Handling Out of Bounds death...
[10:58:08.8492296] [Warning:   Coroner] Could not access dying player: Collider was not a player!
[10:58:08.8492296] [Warning:   Coroner] Could not access dying player: Index not assigned!
[10:58:08.8492296] [Debug  :   Coroner] Handling Out of Bounds death...
[10:58:08.8492296] [Warning:   Coroner] Could not access dying player: Collider was not a player!
[10:58:08.8492296] [Warning:   Coroner] Could not access dying player: Index not assigned!
[10:58:08.8492296] [Debug  :   Coroner] Handling Out of Bounds death...
[10:58:08.8492296] [Warning:   Coroner] Could not access dying player: Collider was not a player!
[10:58:08.8492296] [Warning:   Coroner] Could not access dying player: Index not assigned!
[10:58:08.8492296] [Debug  :   Coroner] Handling Out of Bounds death...
[10:58:08.8492296] [Warning:   Coroner] Could not access dying player: Collider was not a player!
[10:58:08.8492296] [Warning:   Coroner] Could not access dying player: Index not assigned!
[10:58:08.8492296] [Debug  :   Coroner] Handling Out of Bounds death...
[10:58:08.8492296] [Warning:   Coroner] Could not access dying player: Collider was not a player!
[10:58:08.8492296] [Warning:   Coroner] Could not access dying player: Index not assigned!
[10:58:08.8492296] [Debug  :   Coroner] Handling Out of Bounds death...
[10:58:08.8492296] [Warning:   Coroner] Could not access dying player: Collider was not a player!
[10:58:08.8492296] [Warning:   Coroner] Could not access dying player: Index not assigned!
[10:58:08.8492296] [Debug  :   Coroner] Handling Out of Bounds death...
[10:58:08.8492296] [Warning:   Coroner] Could not access dying player: Collider was not a player!
[10:58:08.8492296] [Warning:   Coroner] Could not access dying player: Index not assigned!
[10:58:08.8492296] [Debug  :   Coroner] Handling Out of Bounds death...
[10:58:08.8492296] [Warning:   Coroner] Could not access dying player: Collider was not a player!
[10:58:08.8492296] [Warning:   Coroner] Could not access dying player: Index not assigned!
[10:58:08.8492296] [Debug  :   Coroner] Handling Out of Bounds death...
[10:58:08.8492296] [Warning:   Coroner] Could not access dying player: Collider was not a player!
[10:58:08.8492296] [Warning:   Coroner] Could not access dying player: Index not assigned!
[10:58:08.8492296] [Debug  :   Coroner] Handling Out of Bounds death...
[10:58:08.8492296] [Warning:   Coroner] Could not access dying player: Collider was not a player!
[10:58:08.8492296] [Warning:   Coroner] Could not access dying player: Index not assigned!
[10:58:08.8492296] [Debug  :   Coroner] Handling Out of Bounds death...
[10:58:08.8492296] [Warning:   Coroner] Could not access dying player: Collider was not a player!
[10:58:08.8492296] [Warning:   Coroner] Could not access dying player: Index not assigned!
[10:58:08.8492296] [Debug  :   Coroner] Handling Out of Bounds death...
[10:58:08.8492296] [Warning:   Coroner] Could not access dying player: Collider was not a player!
[10:58:08.8492296] [Warning:   Coroner] Could not access dying player: Index not assigned!
[10:58:08.8492296] [Debug  :   Coroner] Handling Out of Bounds death...
[10:58:08.8492296] [Warning:   Coroner] Could not access dying player: Collider was not a player!
[10:58:08.8492296] [Warning:   Coroner] Could not access dying player: Index not assigned!
[10:58:08.8492296] [Debug  :   Coroner] Handling Out of Bounds death...
[10:58:08.8492296] [Warning:   Coroner] Could not access dying player: Collider was not a player!
[10:58:08.8492296] [Warning:   Coroner] Could not access dying player: Index not assigned!
[10:58:08.8492296] [Debug  :   Coroner] Handling Out of Bounds death...
[10:58:08.8492296] [Warning:   Coroner] Could not access dying player: Collider was not a player!
[10:58:08.8492296] [Warning:   Coroner] Could not access dying player: Index not assigned!
[10:58:08.8492296] [Debug  :   Coroner] Handling Out of Bounds death...
[10:58:08.8492296] [Warning:   Coroner] Could not access dying player: Collider was not a player!
[10:58:08.8492296] [Warning:   Coroner] Could not access dying player: Index not assigned!
[10:58:08.8492296] [Debug  :   Coroner] Handling Out of Bounds death...
[10:58:08.8492296] [Warning:   Coroner] Could not access dying player: Collider was not a player!
[10:58:08.8492296] [Warning:   Coroner] Could not access dying player: Index not assigned!
[10:58:08.8492296] [Debug  :   Coroner] Handling Out of Bounds death...
[10:58:08.8492296] [Warning:   Coroner] Could not access dying player: Collider was not a player!
[10:58:08.8492296] [Warning:   Coroner] Could not access dying player: Index not assigned!
[10:58:08.8492296] [Debug  :   Coroner] Handling Out of Bounds death...
[10:58:08.8492296] [Warning:   Coroner] Could not access dying player: Collider was not a player!
[10:58:08.8492296] [Warning:   Coroner] Could not access dying player: Index not assigned!
[10:58:08.8492296] [Debug  :   Coroner] Handling Out of Bounds death...
[10:58:08.8492296] [Warning:   Coroner] Could not access dying player: Collider was not a player!
[10:58:08.8492296] [Warning:   Coroner] Could not access dying player: Index not assigned!
[10:58:08.8492296] [Debug  :   Coroner] Handling Out of Bounds death...
[10:58:08.8492296] [Warning:   Coroner] Could not access dying player: Collider was not a player!
[10:58:08.8492296] [Warning:   Coroner] Could not access dying player: Index not assigned!
[10:58:08.8492296] [Debug  :   Coroner] Handling Out of Bounds death...
[10:58:08.8492296] [Warning:   Coroner] Could not access dying player: Collider was not a player!
[10:58:08.8492296] [Warning:   Coroner] Could not access dying player: Index not assigned!
[10:58:08.8492296] [Debug  :   Coroner] Handling Out of Bounds death...
[10:58:08.8492296] [Warning:   Coroner] Could not access dying player: Collider was not a player!
[10:58:08.8492296] [Warning:   Coroner] Could not access dying player: Index not assigned!
[10:58:08.8492296] [Debug  :   Coroner] Handling Out of Bounds death...
[10:58:08.8492296] [Warning:   Coroner] Could not access dying player: Collider was not a player!
