[10:55:59.0971880] [Debug  :PathfindingLib] Changed prefabbed NavMeshAgent Puffmin's area mask from 0xFFFFFFFF to 0xFFFFFFFF to allow traversal of non-smart off-mesh links.
[10:55:59.0971880] [Info   : LethalMin] LethalMin: Registering Items
[10:55:59.1172105] [Info   : LethalMin] LethalMin: Registering Pikmin Types
[10:55:59.1504027] [Info   : LethalMin] Registering 10 Pikmin Types
[10:55:59.1514072] [Message: LethalMin] Registering Pikmin Type: Blue Pikmin
[10:55:59.1524117] [Info   : LethalMin] Generating config file for Pikmin Type: Blue Pikmin
[10:55:59.1629256] [Debug  : LethalMin] PikminPrimaryColor set to RGBA(0.000, 0.000, 1.000, 1.000)
[10:55:59.1639256] [Debug  : LethalMin] PikminSecondaryColor set to RGBA(0.000, 0.000, 0.502, 1.000)
[10:55:59.1639256] [Debug  : LethalMin] Skipping unsupported field type: PikminIcon (UnityEngine.Sprite)
[10:55:59.1639256] [Debug  : LethalMin] Skipping unsupported field type: AnimatedPikminGhostTexture (UnityEngine.Texture2D[])
[10:55:59.1639256] [Debug  : LethalMin] AnimatedPikminGhostFrameHold set to 2
[10:55:59.1669259] [Debug  : LethalMin] OverrideGhostTextureTileing set to (1.00, 1.00)
[10:55:59.1669259] [Debug  : LethalMin] OverrideGhostTextureOffset set to (0.00, 0.00)
[10:55:59.1669259] [Debug  : LethalMin] SetGhostColor set to True
[10:55:59.1669259] [Debug  : LethalMin] DisableRegistration set to False
[10:55:59.1679234] [Debug  : LethalMin] SetColorOnSprout set to True
[10:55:59.1679234] [Debug  : LethalMin] UseOverrideSproutGlowColor set to False
[10:55:59.1679234] [Debug  : LethalMin] OverrideSproutGlowColor set to RGBA(1.000, 1.000, 1.000, 1.000)
[10:55:59.1699233] [Debug  : LethalMin] growSpeeds set to System.Collections.Generic.List`1[System.Single]
[10:55:59.1699233] [Debug  : LethalMin] growAttacks set to System.Collections.Generic.List`1[System.Single]
[10:55:59.1699233] [Debug  : LethalMin] growCarryStrengths set to System.Collections.Generic.List`1[System.Int32]
[10:55:59.1699233] [Debug  : LethalMin] GrowSpeedMultiplier set to 1
[10:55:59.1711218] [Debug  : LethalMin] DefaultSpeed set to 1
[10:55:59.1711218] [Debug  : LethalMin] RunningSpeedMultiplier set to 1.5
[10:55:59.1711218] [Debug  : LethalMin] CarryStrength set to 3
[10:55:59.1711218] [Debug  : LethalMin] ThrowForce set to (15.00, 15.00, 15.00)
[10:55:59.1731221] [Debug  : LethalMin] HazardsResistantTo set to System.Collections.Generic.List`1[PikminHazard]
[10:55:59.1731221] [Debug  : LethalMin] ItemDetectionRange set to 5
[10:55:59.1741224] [Debug  : LethalMin] CanLatchOnToObjects set to True
[10:55:59.1741224] [Debug  : LethalMin] CanJumpOntoObjects set to True
[10:55:59.1741224] [Debug  : LethalMin] CanCarryObjects set to True
[10:55:59.1741224] [Debug  : LethalMin] AttackStrength set to 1
[10:55:59.1741224] [Debug  : LethalMin] AttackRate set to 0.5
[10:55:59.1741224] [Debug  : LethalMin] AttackDistance set to 0.5
[10:55:59.1741224] [Debug  : LethalMin] JumpLatchOnRange set to 5
[10:55:59.1741224] [Debug  : LethalMin] DamageDeltUponDeath set to 0
[10:55:59.1751201] [Debug  : LethalMin] DeathDamageRange set to 0
[10:55:59.1751201] [Debug  : LethalMin] DamageDeltUpLanding set to 0
[10:55:59.1751201] [Debug  : LethalMin] ShakeEndurance set to 0.75
[10:55:59.1751201] [Debug  : LethalMin] SpawnsIndoors set to False
[10:55:59.1751201] [Debug  : LethalMin] SpawnsOutdoors set to True
[10:55:59.1751201] [Debug  : LethalMin] SpawnsAsSprout set to True
[10:55:59.1761207] [Debug  : LethalMin] UsesPikminContainer set to False
[10:55:59.1761207] [Debug  : LethalMin] SpawnAfterDay set to -1
[10:55:59.1761207] [Debug  : LethalMin] MoonSpawnMultipliers set to System.Collections.Generic.List`1[System.String]
[10:55:59.1761207] [Debug  : LethalMin] TagSpawnMultipliers set to System.Collections.Generic.List`1[System.String]
[10:55:59.1761207] [Debug  : LethalMin] WeatherSpawnMultipliers set to System.Collections.Generic.List`1[System.String]
[10:55:59.1761207] [Debug  : LethalMin] InstaEnterOnion set to False
[10:55:59.1771192] [Debug  : LethalMin] UsePresetFormatting set to True
[10:55:59.1771192] [Debug  : LethalMin] HelpfulLevel set to 45%
[10:55:59.1771192] [Debug  : LethalMin] ScientificName set to Pikminidae caerula
[10:55:59.1771192] [Debug  : LethalMin] piklopediaName set to 
[10:55:59.1771192] [Debug  : LethalMin] MaxGroupSpawnSize set to 3
[10:55:59.1771192] [Info   : LethalMin] Config file generated for Pikmin Type: Blue Pikmin at BepInEx/BepInEx\config\Pikmin\Blue Pikmin.cfg
[10:55:59.1791204] [Debug  :ainavt.lc.lethalconfig] Registered config "LethalMin/Pikmin/Blue Pikmin"
[10:55:59.1826332] [Info   : LethalMin] Added event at time (4.59) for Pikmin_Stretch
[10:55:59.1826332] [Info   : LethalMin] Added event at time (3.956667) for Pikmin_Yawn
[10:55:59.1826332] [Message: LethalMin] Registered Pikmin Type: Blue Pikmin with ID: 0
[10:55:59.1836359] [Message: LethalMin] Registering Pikmin Type: Bulbmin
[10:55:59.1836359] [Info   : LethalMin] Generating config file for Pikmin Type: Bulbmin
[10:55:59.1901366] [Debug  : LethalMin] PikminPrimaryColor set to RGBA(0.906, 0.608, 0.365, 1.000)
[10:55:59.1901366] [Debug  : LethalMin] PikminSecondaryColor set to RGBA(0.502, 0.224, 0.000, 1.000)
[10:55:59.1901366] [Debug  : LethalMin] Skipping unsupported field type: PikminIcon (UnityEngine.Sprite)
[10:55:59.1901366] [Debug  : LethalMin] Skipping unsupported field type: AnimatedPikminGhostTexture (UnityEngine.Texture2D[])
[10:55:59.1911426] [Debug  : LethalMin] AnimatedPikminGhostFrameHold set to 2
[10:55:59.1911426] [Debug  : LethalMin] OverrideGhostTextureTileing set to (1.00, 1.50)
[10:55:59.1911426] [Debug  : LethalMin] OverrideGhostTextureOffset set to (0.00, -0.25)
[10:55:59.1911426] [Debug  : LethalMin] SetGhostColor set to False
[10:55:59.1911426] [Debug  : LethalMin] DisableRegistration set to False
[10:55:59.1911426] [Debug  : LethalMin] SetColorOnSprout set to True
[10:55:59.1911426] [Debug  : LethalMin] UseOverrideSproutGlowColor set to True
[10:55:59.1911426] [Debug  : LethalMin] OverrideSproutGlowColor set to RGBA(0.220, 1.000, 0.000, 1.000)
[10:55:59.1921409] [Debug  : LethalMin] growSpeeds set to System.Collections.Generic.List`1[System.Single]
[10:55:59.1921409] [Debug  : LethalMin] growAttacks set to System.Collections.Generic.List`1[System.Single]
[10:55:59.1921409] [Debug  : LethalMin] growCarryStrengths set to System.Collections.Generic.List`1[System.Int32]
[10:55:59.1921409] [Debug  : LethalMin] GrowSpeedMultiplier set to 1
[10:55:59.1921409] [Debug  : LethalMin] DefaultSpeed set to 1
[10:55:59.1921409] [Debug  : LethalMin] RunningSpeedMultiplier set to 1.5
[10:55:59.1921409] [Debug  : LethalMin] CarryStrength set to 3
[10:55:59.1921409] [Debug  : LethalMin] ThrowForce set to (15.00, 15.00, 15.00)
[10:55:59.1921409] [Debug  : LethalMin] HazardsResistantTo set to System.Collections.Generic.List`1[PikminHazard]
[10:55:59.1921409] [Debug  : LethalMin] ItemDetectionRange set to 5
[10:55:59.1921409] [Debug  : LethalMin] CanLatchOnToObjects set to True
[10:55:59.1921409] [Debug  : LethalMin] CanJumpOntoObjects set to True
[10:55:59.1936439] [Debug  : LethalMin] CanCarryObjects set to True
[10:55:59.1936439] [Debug  : LethalMin] AttackStrength set to 1
[10:55:59.1936439] [Debug  : LethalMin] AttackRate set to 0.5
[10:55:59.1936439] [Debug  : LethalMin] AttackDistance set to 0.5
[10:55:59.1936439] [Debug  : LethalMin] JumpLatchOnRange set to 5
[10:55:59.1936439] [Debug  : LethalMin] DamageDeltUponDeath set to 0
[10:55:59.1936439] [Debug  : LethalMin] DeathDamageRange set to 0
[10:55:59.1936439] [Debug  : LethalMin] DamageDeltUpLanding set to 0
[10:55:59.1936439] [Debug  : LethalMin] ShakeEndurance set to 0.75
[10:55:59.1946517] [Debug  : LethalMin] SpawnsIndoors set to True
[10:55:59.1946517] [Debug  : LethalMin] SpawnsOutdoors set to False
[10:55:59.1946517] [Debug  : LethalMin] SpawnsAsSprout set to False
[10:55:59.1946517] [Debug  : LethalMin] UsesPikminContainer set to False
[10:55:59.1946517] [Debug  : LethalMin] SpawnAfterDay set to -1
[10:55:59.1946517] [Debug  : LethalMin] MoonSpawnMultipliers set to System.Collections.Generic.List`1[System.String]
[10:55:59.1946517] [Debug  : LethalMin] TagSpawnMultipliers set to System.Collections.Generic.List`1[System.String]
[10:55:59.1946517] [Debug  : LethalMin] WeatherSpawnMultipliers set to System.Collections.Generic.List`1[System.String]
[10:55:59.1946517] [Debug  : LethalMin] InstaEnterOnion set to False
[10:55:59.1956487] [Debug  : LethalMin] UsePresetFormatting set to True
[10:55:59.1956487] [Debug  : LethalMin] HelpfulLevel set to 60%
[10:55:59.1956487] [Debug  : LethalMin] ScientificName set to Parasiticus pikminicus
[10:55:59.1956487] [Debug  : LethalMin] piklopediaName set to 
[10:55:59.1956487] [Debug  : LethalMin] MaxGroupSpawnSize set to 3
[10:55:59.1956487] [Info   : LethalMin] Config file generated for Pikmin Type: Bulbmin at BepInEx/BepInEx\config\Pikmin\Bulbmin.cfg
[10:55:59.1976488] [Debug  :ainavt.lc.lethalconfig] Registered config "LethalMin/Pikmin/Bulbmin"
[10:55:59.1976488] [Message: LethalMin] Registered Pikmin Type: Bulbmin with ID: 1
[10:55:59.1976488] [Message: LethalMin] Registering Pikmin Type: Glow Pikmin
[10:55:59.1976488] [Info   : LethalMin] Generating config file for Pikmin Type: Glow Pikmin
[10:55:59.2031634] [Debug  : LethalMin] PikminPrimaryColor set to RGBA(0.000, 1.000, 0.008, 1.000)
[10:55:59.2031634] [Debug  : LethalMin] PikminSecondaryColor set to RGBA(0.102, 0.565, 0.035, 1.000)
[10:55:59.2031634] [Debug  : LethalMin] Skipping unsupported field type: PikminIcon (UnityEngine.Sprite)
[10:55:59.2031634] [Debug  : LethalMin] Skipping unsupported field type: AnimatedPikminGhostTexture (UnityEngine.Texture2D[])
[10:55:59.2031634] [Debug  : LethalMin] AnimatedPikminGhostFrameHold set to 2
[10:55:59.2031634] [Debug  : LethalMin] OverrideGhostTextureTileing set to (1.00, 1.00)
[10:55:59.2031634] [Debug  : LethalMin] OverrideGhostTextureOffset set to (0.00, 0.00)
[10:55:59.2041618] [Debug  : LethalMin] SetGhostColor set to True
[10:55:59.2041618] [Debug  : LethalMin] DisableRegistration set to False
[10:55:59.2041618] [Debug  : LethalMin] SetColorOnSprout set to True
[10:55:59.2041618] [Debug  : LethalMin] UseOverrideSproutGlowColor set to False
[10:55:59.2041618] [Debug  : LethalMin] OverrideSproutGlowColor set to RGBA(1.000, 1.000, 1.000, 1.000)
[10:55:59.2041618] [Debug  : LethalMin] growSpeeds set to System.Collections.Generic.List`1[System.Single]
[10:55:59.2051633] [Debug  : LethalMin] growAttacks set to System.Collections.Generic.List`1[System.Single]
[10:55:59.2051633] [Debug  : LethalMin] growCarryStrengths set to System.Collections.Generic.List`1[System.Int32]
[10:55:59.2051633] [Debug  : LethalMin] GrowSpeedMultiplier set to 5
[10:55:59.2051633] [Debug  : LethalMin] DefaultSpeed set to 1
[10:55:59.2051633] [Debug  : LethalMin] RunningSpeedMultiplier set to 1.5
[10:55:59.2051633] [Debug  : LethalMin] CarryStrength set to 3
[10:55:59.2051633] [Debug  : LethalMin] ThrowForce set to (15.00, 15.00, 15.00)
[10:55:59.2051633] [Debug  : LethalMin] HazardsResistantTo set to System.Collections.Generic.List`1[PikminHazard]
[10:55:59.2061612] [Debug  : LethalMin] ItemDetectionRange set to 5
[10:55:59.2061612] [Debug  : LethalMin] CanLatchOnToObjects set to True
[10:55:59.2061612] [Debug  : LethalMin] CanJumpOntoObjects set to True
[10:55:59.2061612] [Debug  : LethalMin] CanCarryObjects set to True
[10:55:59.2071622] [Debug  : LethalMin] AttackStrength set to 1
[10:55:59.2071622] [Debug  : LethalMin] AttackRate set to 0.5
[10:55:59.2071622] [Debug  : LethalMin] AttackDistance set to 0.5
[10:55:59.2071622] [Debug  : LethalMin] JumpLatchOnRange set to 5
[10:55:59.2071622] [Debug  : LethalMin] DamageDeltUponDeath set to 0
[10:55:59.2081624] [Debug  : LethalMin] DeathDamageRange set to 0
[10:55:59.2081624] [Debug  : LethalMin] DamageDeltUpLanding set to 0
[10:55:59.2081624] [Debug  : LethalMin] ShakeEndurance set to 0.75
[10:55:59.2081624] [Debug  : LethalMin] SpawnsIndoors set to False
[10:55:59.2091614] [Debug  : LethalMin] SpawnsOutdoors set to False
[10:55:59.2091614] [Debug  : LethalMin] SpawnsAsSprout set to False
[10:55:59.2091614] [Debug  : LethalMin] UsesPikminContainer set to False
[10:55:59.2091614] [Debug  : LethalMin] SpawnAfterDay set to 6
[10:55:59.2091614] [Debug  : LethalMin] MoonSpawnMultipliers set to System.Collections.Generic.List`1[System.String]
[10:55:59.2091614] [Debug  : LethalMin] TagSpawnMultipliers set to System.Collections.Generic.List`1[System.String]
[10:55:59.2101607] [Debug  : LethalMin] WeatherSpawnMultipliers set to System.Collections.Generic.List`1[System.String]
[10:55:59.2101607] [Debug  : LethalMin] InstaEnterOnion set to False
[10:55:59.2101607] [Debug  : LethalMin] UsePresetFormatting set to True
[10:55:59.2101607] [Debug  : LethalMin] HelpfulLevel set to 90%
[10:55:59.2101607] [Debug  : LethalMin] ScientificName set to Pikminidae supravelum
[10:55:59.2101607] [Debug  : LethalMin] piklopediaName set to 
[10:55:59.2101607] [Debug  : LethalMin] MaxGroupSpawnSize set to 3
[10:55:59.2101607] [Info   : LethalMin] Config file generated for Pikmin Type: Glow Pikmin at BepInEx/BepInEx\config\Pikmin\Glow Pikmin.cfg
[10:55:59.2121887] [Debug  :ainavt.lc.lethalconfig] Registered config "LethalMin/Pikmin/Glow Pikmin"
[10:55:59.2131913] [Info   : LethalMin] Added Custom Script: GlowPikminAI to PikminAI!
[10:55:59.2131913] [Message: LethalMin] Registered Pikmin Type: Glow Pikmin with ID: 2
[10:55:59.2131913] [Message: LethalMin] Registering Pikmin Type: Ice Pikmin
[10:55:59.2131913] [Info   : LethalMin] Generating config file for Pikmin Type: Ice Pikmin
[10:55:59.2196915] [Debug  : LethalMin] PikminPrimaryColor set to RGBA(0.000, 1.000, 1.000, 1.000)
[10:55:59.2196915] [Debug  : LethalMin] PikminSecondaryColor set to RGBA(0.000, 0.502, 0.502, 1.000)
[10:55:59.2196915] [Debug  : LethalMin] Skipping unsupported field type: PikminIcon (UnityEngine.Sprite)
[10:55:59.2206972] [Debug  : LethalMin] Skipping unsupported field type: AnimatedPikminGhostTexture (UnityEngine.Texture2D[])
[10:55:59.2206972] [Debug  : LethalMin] AnimatedPikminGhostFrameHold set to 2
[10:55:59.2206972] [Debug  : LethalMin] OverrideGhostTextureTileing set to (1.00, 1.00)
[10:55:59.2206972] [Debug  : LethalMin] OverrideGhostTextureOffset set to (0.00, 0.00)
[10:55:59.2206972] [Debug  : LethalMin] SetGhostColor set to True
[10:55:59.2206972] [Debug  : LethalMin] DisableRegistration set to False
[10:55:59.2206972] [Debug  : LethalMin] SetColorOnSprout set to True
[10:55:59.2216963] [Debug  : LethalMin] UseOverrideSproutGlowColor set to False
[10:55:59.2216963] [Debug  : LethalMin] OverrideSproutGlowColor set to RGBA(1.000, 1.000, 1.000, 1.000)
[10:55:59.2216963] [Debug  : LethalMin] growSpeeds set to System.Collections.Generic.List`1[System.Single]
[10:55:59.2216963] [Debug  : LethalMin] growAttacks set to System.Collections.Generic.List`1[System.Single]
[10:55:59.2216963] [Debug  : LethalMin] growCarryStrengths set to System.Collections.Generic.List`1[System.Int32]
[10:55:59.2216963] [Debug  : LethalMin] GrowSpeedMultiplier set to 1
[10:55:59.2226958] [Debug  : LethalMin] DefaultSpeed set to 1
[10:55:59.2226958] [Debug  : LethalMin] RunningSpeedMultiplier set to 1.5
[10:55:59.2226958] [Debug  : LethalMin] CarryStrength set to 3
[10:55:59.2226958] [Debug  : LethalMin] ThrowForce set to (15.00, 15.00, 15.00)
[10:55:59.2226958] [Debug  : LethalMin] HazardsResistantTo set to System.Collections.Generic.List`1[PikminHazard]
[10:55:59.2226958] [Debug  : LethalMin] ItemDetectionRange set to 5
[10:55:59.2226958] [Debug  : LethalMin] CanLatchOnToObjects set to True
[10:55:59.2226958] [Debug  : LethalMin] CanJumpOntoObjects set to True
[10:55:59.2236961] [Debug  : LethalMin] CanCarryObjects set to True
[10:55:59.2236961] [Debug  : LethalMin] AttackStrength set to 0.5
[10:55:59.2236961] [Debug  : LethalMin] AttackRate set to 0.5
[10:55:59.2236961] [Debug  : LethalMin] AttackDistance set to 0.5
[10:55:59.2236961] [Debug  : LethalMin] JumpLatchOnRange set to 5
[10:55:59.2236961] [Debug  : LethalMin] DamageDeltUponDeath set to 0
[10:55:59.2246964] [Debug  : LethalMin] DeathDamageRange set to 0
[10:55:59.2246964] [Debug  : LethalMin] DamageDeltUpLanding set to 0
[10:55:59.2246964] [Debug  : LethalMin] ShakeEndurance set to 0.75
[10:55:59.2246964] [Debug  : LethalMin] SpawnsIndoors set to False
[10:55:59.2246964] [Debug  : LethalMin] SpawnsOutdoors set to True
[10:55:59.2246964] [Debug  : LethalMin] SpawnsAsSprout set to True
[10:55:59.2246964] [Debug  : LethalMin] UsesPikminContainer set to False
[10:55:59.2246964] [Debug  : LethalMin] SpawnAfterDay set to 6
[10:55:59.2256952] [Debug  : LethalMin] MoonSpawnMultipliers set to System.Collections.Generic.List`1[System.String]
[10:55:59.2256952] [Debug  : LethalMin] TagSpawnMultipliers set to System.Collections.Generic.List`1[System.String]
[10:55:59.2256952] [Debug  : LethalMin] WeatherSpawnMultipliers set to System.Collections.Generic.List`1[System.String]
[10:55:59.2256952] [Debug  : LethalMin] InstaEnterOnion set to False
[10:55:59.2256952] [Debug  : LethalMin] UsePresetFormatting set to True
[10:55:59.2256952] [Debug  : LethalMin] HelpfulLevel set to 25%
[10:55:59.2256952] [Debug  : LethalMin] ScientificName set to Pikminidae habiglacius
[10:55:59.2266976] [Debug  : LethalMin] piklopediaName set to 
[10:55:59.2266976] [Debug  : LethalMin] MaxGroupSpawnSize set to 3
[10:55:59.2266976] [Info   : LethalMin] Config file generated for Pikmin Type: Ice Pikmin at BepInEx/BepInEx\config\Pikmin\Ice Pikmin.cfg
[10:55:59.2276967] [Debug  :ainavt.lc.lethalconfig] Registered config "LethalMin/Pikmin/Ice Pikmin"
[10:55:59.2286971] [Info   : LethalMin] Added Custom Script: IcePikminAI to PikminAI!
[10:55:59.2286971] [Message: LethalMin] Registered Pikmin Type: Ice Pikmin with ID: 3
[10:55:59.2286971] [Message: LethalMin] Registering Pikmin Type: Purple Pikmin
[10:55:59.2286971] [Info   : LethalMin] Generating config file for Pikmin Type: Purple Pikmin
[10:55:59.2337621] [Debug  : LethalMin] PikminPrimaryColor set to RGBA(0.502, 0.000, 1.000, 1.000)
[10:55:59.2337621] [Debug  : LethalMin] PikminSecondaryColor set to RGBA(0.243, 0.000, 0.502, 1.000)
[10:55:59.2337621] [Debug  : LethalMin] Skipping unsupported field type: PikminIcon (UnityEngine.Sprite)
[10:55:59.2337621] [Debug  : LethalMin] Skipping unsupported field type: AnimatedPikminGhostTexture (UnityEngine.Texture2D[])
[10:55:59.2347624] [Debug  : LethalMin] AnimatedPikminGhostFrameHold set to 2
[10:55:59.2347624] [Debug  : LethalMin] OverrideGhostTextureTileing set to (1.00, 1.00)
[10:55:59.2347624] [Debug  : LethalMin] OverrideGhostTextureOffset set to (0.00, 0.00)
[10:55:59.2347624] [Debug  : LethalMin] SetGhostColor set to True
[10:55:59.2347624] [Debug  : LethalMin] DisableRegistration set to False
[10:55:59.2347624] [Debug  : LethalMin] SetColorOnSprout set to True
[10:55:59.2357629] [Debug  : LethalMin] UseOverrideSproutGlowColor set to False
[10:55:59.2357629] [Debug  : LethalMin] OverrideSproutGlowColor set to RGBA(1.000, 1.000, 1.000, 1.000)
[10:55:59.2357629] [Debug  : LethalMin] growSpeeds set to System.Collections.Generic.List`1[System.Single]
[10:55:59.2357629] [Debug  : LethalMin] growAttacks set to System.Collections.Generic.List`1[System.Single]
[10:55:59.2357629] [Debug  : LethalMin] growCarryStrengths set to System.Collections.Generic.List`1[System.Int32]
[10:55:59.2357629] [Debug  : LethalMin] GrowSpeedMultiplier set to 1
[10:55:59.2357629] [Debug  : LethalMin] DefaultSpeed set to 1
[10:55:59.2357629] [Debug  : LethalMin] RunningSpeedMultiplier set to 1.25
[10:55:59.2367619] [Debug  : LethalMin] CarryStrength set to 30
[10:55:59.2367619] [Debug  : LethalMin] ThrowForce set to (21.00, 21.00, 21.00)
[10:55:59.2367619] [Debug  : LethalMin] HazardsResistantTo set to System.Collections.Generic.List`1[PikminHazard]
[10:55:59.2367619] [Debug  : LethalMin] ItemDetectionRange set to 5
[10:55:59.2367619] [Debug  : LethalMin] CanLatchOnToObjects set to True
[10:55:59.2367619] [Debug  : LethalMin] CanJumpOntoObjects set to True
[10:55:59.2377623] [Debug  : LethalMin] CanCarryObjects set to True
[10:55:59.2377623] [Debug  : LethalMin] AttackStrength set to 1
[10:55:59.2377623] [Debug  : LethalMin] AttackRate set to 0.5
[10:55:59.2377623] [Debug  : LethalMin] AttackDistance set to 0.5
[10:55:59.2377623] [Debug  : LethalMin] JumpLatchOnRange set to 3
[10:55:59.2377623] [Debug  : LethalMin] DamageDeltUponDeath set to 0
[10:55:59.2377623] [Debug  : LethalMin] DeathDamageRange set to 0
[10:55:59.2377623] [Debug  : LethalMin] DamageDeltUpLanding set to 6
[10:55:59.2377623] [Debug  : LethalMin] ShakeEndurance set to 0.75
[10:55:59.2387635] [Debug  : LethalMin] SpawnsIndoors set to True
[10:55:59.2387635] [Debug  : LethalMin] SpawnsOutdoors set to False
[10:55:59.2387635] [Debug  : LethalMin] SpawnsAsSprout set to False
[10:55:59.2387635] [Debug  : LethalMin] UsesPikminContainer set to True
[10:55:59.2387635] [Debug  : LethalMin] SpawnAfterDay set to -1
[10:55:59.2387635] [Debug  : LethalMin] MoonSpawnMultipliers set to System.Collections.Generic.List`1[System.String]
[10:55:59.2387635] [Debug  : LethalMin] TagSpawnMultipliers set to System.Collections.Generic.List`1[System.String]
[10:55:59.2387635] [Debug  : LethalMin] WeatherSpawnMultipliers set to System.Collections.Generic.List`1[System.String]
[10:55:59.2387635] [Debug  : LethalMin] InstaEnterOnion set to False
[10:55:59.2397614] [Debug  : LethalMin] UsePresetFormatting set to True
[10:55:59.2397614] [Debug  : LethalMin] HelpfulLevel set to 70%
[10:55:59.2397614] [Debug  : LethalMin] ScientificName set to Pikminidae yokozunum
[10:55:59.2397614] [Debug  : LethalMin] piklopediaName set to 
[10:55:59.2397614] [Debug  : LethalMin] MaxGroupSpawnSize set to 3
[10:55:59.2397614] [Info   : LethalMin] Config file generated for Pikmin Type: Purple Pikmin at BepInEx/BepInEx\config\Pikmin\Purple Pikmin.cfg
[10:55:59.2408107] [Debug  :ainavt.lc.lethalconfig] Registered config "LethalMin/Pikmin/Purple Pikmin"
[10:55:59.2418077] [Info   : LethalMin] Added Custom Script: PurplePikminAI to PikminAI!
[10:55:59.2418077] [Message: LethalMin] Registered Pikmin Type: Purple Pikmin with ID: 4
[10:55:59.2418077] [Message: LethalMin] Registering Pikmin Type: Red Pikmin
[10:55:59.2418077] [Info   : LethalMin] Generating config file for Pikmin Type: Red Pikmin
[10:55:59.2474165] [Debug  : LethalMin] PikminPrimaryColor set to RGBA(1.000, 0.000, 0.000, 1.000)
[10:55:59.2474165] [Debug  : LethalMin] PikminSecondaryColor set to RGBA(0.502, 0.000, 0.000, 1.000)
[10:55:59.2474165] [Debug  : LethalMin] Skipping unsupported field type: PikminIcon (UnityEngine.Sprite)
[10:55:59.2474165] [Debug  : LethalMin] Skipping unsupported field type: AnimatedPikminGhostTexture (UnityEngine.Texture2D[])
[10:55:59.2474165] [Debug  : LethalMin] AnimatedPikminGhostFrameHold set to 2
[10:55:59.2474165] [Debug  : LethalMin] OverrideGhostTextureTileing set to (1.00, 1.00)
[10:55:59.2474165] [Debug  : LethalMin] OverrideGhostTextureOffset set to (0.00, 0.00)
[10:55:59.2474165] [Debug  : LethalMin] SetGhostColor set to True
[10:55:59.2484216] [Debug  : LethalMin] DisableRegistration set to False
[10:55:59.2484216] [Debug  : LethalMin] SetColorOnSprout set to True
[10:55:59.2484216] [Debug  : LethalMin] UseOverrideSproutGlowColor set to False
[10:55:59.2484216] [Debug  : LethalMin] OverrideSproutGlowColor set to RGBA(1.000, 1.000, 1.000, 1.000)
[10:55:59.2484216] [Debug  : LethalMin] growSpeeds set to System.Collections.Generic.List`1[System.Single]
[10:55:59.2484216] [Debug  : LethalMin] growAttacks set to System.Collections.Generic.List`1[System.Single]
[10:55:59.2484216] [Debug  : LethalMin] growCarryStrengths set to System.Collections.Generic.List`1[System.Int32]
[10:55:59.2484216] [Debug  : LethalMin] GrowSpeedMultiplier set to 1
[10:55:59.2484216] [Debug  : LethalMin] DefaultSpeed set to 1
[10:55:59.2484216] [Debug  : LethalMin] RunningSpeedMultiplier set to 1.5
[10:55:59.2484216] [Debug  : LethalMin] CarryStrength set to 3
[10:55:59.2484216] [Debug  : LethalMin] ThrowForce set to (15.00, 15.00, 15.00)
[10:55:59.2499265] [Debug  : LethalMin] HazardsResistantTo set to System.Collections.Generic.List`1[PikminHazard]
[10:55:59.2499265] [Debug  : LethalMin] ItemDetectionRange set to 5
[10:55:59.2499265] [Debug  : LethalMin] CanLatchOnToObjects set to True
[10:55:59.2499265] [Debug  : LethalMin] CanJumpOntoObjects set to True
[10:55:59.2499265] [Debug  : LethalMin] CanCarryObjects set to True
[10:55:59.2499265] [Debug  : LethalMin] AttackStrength set to 5
[10:55:59.2499265] [Debug  : LethalMin] AttackRate set to 0.5
[10:55:59.2499265] [Debug  : LethalMin] AttackDistance set to 0.5
[10:55:59.2499265] [Debug  : LethalMin] JumpLatchOnRange set to 5
[10:55:59.2509314] [Debug  : LethalMin] DamageDeltUponDeath set to 0
[10:55:59.2509314] [Debug  : LethalMin] DeathDamageRange set to 0
[10:55:59.2509314] [Debug  : LethalMin] DamageDeltUpLanding set to 0
[10:55:59.2509314] [Debug  : LethalMin] ShakeEndurance set to 0.75
[10:55:59.2509314] [Debug  : LethalMin] SpawnsIndoors set to False
[10:55:59.2509314] [Debug  : LethalMin] SpawnsOutdoors set to True
[10:55:59.2509314] [Debug  : LethalMin] SpawnsAsSprout set to True
[10:55:59.2509314] [Debug  : LethalMin] UsesPikminContainer set to False
[10:55:59.2519766] [Debug  : LethalMin] SpawnAfterDay set to -1
[10:55:59.2519766] [Debug  : LethalMin] MoonSpawnMultipliers set to System.Collections.Generic.List`1[System.String]
[10:55:59.2519766] [Debug  : LethalMin] TagSpawnMultipliers set to System.Collections.Generic.List`1[System.String]
[10:55:59.2519766] [Debug  : LethalMin] WeatherSpawnMultipliers set to System.Collections.Generic.List`1[System.String]
[10:55:59.2519766] [Debug  : LethalMin] InstaEnterOnion set to False
[10:55:59.2519766] [Debug  : LethalMin] UsePresetFormatting set to True
[10:55:59.2519766] [Debug  : LethalMin] HelpfulLevel set to 50%
[10:55:59.2519766] [Debug  : LethalMin] ScientificName set to Pikminidae rubrus
[10:55:59.2529778] [Debug  : LethalMin] piklopediaName set to 
[10:55:59.2529778] [Debug  : LethalMin] MaxGroupSpawnSize set to 3
[10:55:59.2529778] [Info   : LethalMin] Config file generated for Pikmin Type: Red Pikmin at BepInEx/BepInEx\config\Pikmin\Red Pikmin.cfg
[10:55:59.2539780] [Debug  :ainavt.lc.lethalconfig] Registered config "LethalMin/Pikmin/Red Pikmin"
[10:55:59.2539780] [Message: LethalMin] Registered Pikmin Type: Red Pikmin with ID: 5
[10:55:59.2539780] [Message: LethalMin] Registering Pikmin Type: Rock Pikmin
[10:55:59.2539780] [Info   : LethalMin] Generating config file for Pikmin Type: Rock Pikmin
[10:55:59.2589769] [Debug  : LethalMin] PikminPrimaryColor set to RGBA(0.588, 0.588, 0.588, 1.000)
[10:55:59.2589769] [Debug  : LethalMin] PikminSecondaryColor set to RGBA(0.294, 0.294, 0.294, 1.000)
[10:55:59.2589769] [Debug  : LethalMin] Skipping unsupported field type: PikminIcon (UnityEngine.Sprite)
[10:55:59.2589769] [Debug  : LethalMin] Skipping unsupported field type: AnimatedPikminGhostTexture (UnityEngine.Texture2D[])
[10:55:59.2599749] [Debug  : LethalMin] AnimatedPikminGhostFrameHold set to 2
[10:55:59.2599749] [Debug  : LethalMin] OverrideGhostTextureTileing set to (1.00, 1.00)
[10:55:59.2599749] [Debug  : LethalMin] OverrideGhostTextureOffset set to (0.00, 0.00)
[10:55:59.2599749] [Debug  : LethalMin] SetGhostColor set to True
[10:55:59.2599749] [Debug  : LethalMin] DisableRegistration set to False
[10:55:59.2599749] [Debug  : LethalMin] SetColorOnSprout set to False
[10:55:59.2599749] [Debug  : LethalMin] UseOverrideSproutGlowColor set to False
[10:55:59.2610650] [Debug  : LethalMin] OverrideSproutGlowColor set to RGBA(1.000, 1.000, 1.000, 1.000)
[10:55:59.2610650] [Debug  : LethalMin] growSpeeds set to System.Collections.Generic.List`1[System.Single]
[10:55:59.2610650] [Debug  : LethalMin] growAttacks set to System.Collections.Generic.List`1[System.Single]
[10:55:59.2610650] [Debug  : LethalMin] growCarryStrengths set to System.Collections.Generic.List`1[System.Int32]
[10:55:59.2610650] [Debug  : LethalMin] GrowSpeedMultiplier set to 1
[10:55:59.2610650] [Debug  : LethalMin] DefaultSpeed set to 1
[10:55:59.2610650] [Debug  : LethalMin] RunningSpeedMultiplier set to 1.5
[10:55:59.2620646] [Debug  : LethalMin] CarryStrength set to 3
[10:55:59.2620646] [Debug  : LethalMin] ThrowForce set to (15.00, 15.00, 15.00)
[10:55:59.2620646] [Debug  : LethalMin] HazardsResistantTo set to System.Collections.Generic.List`1[PikminHazard]
[10:55:59.2620646] [Debug  : LethalMin] ItemDetectionRange set to 5
[10:55:59.2620646] [Debug  : LethalMin] CanLatchOnToObjects set to False
[10:55:59.2620646] [Debug  : LethalMin] CanJumpOntoObjects set to False
[10:55:59.2620646] [Debug  : LethalMin] CanCarryObjects set to True
[10:55:59.2620646] [Debug  : LethalMin] AttackStrength set to 2.5
[10:55:59.2630639] [Debug  : LethalMin] AttackRate set to 0.5
[10:55:59.2630639] [Debug  : LethalMin] AttackDistance set to 0.5
[10:55:59.2630639] [Debug  : LethalMin] JumpLatchOnRange set to 5
[10:55:59.2630639] [Debug  : LethalMin] DamageDeltUponDeath set to 0
[10:55:59.2630639] [Debug  : LethalMin] DeathDamageRange set to 0
[10:55:59.2630639] [Debug  : LethalMin] DamageDeltUpLanding set to 0
[10:55:59.2630639] [Debug  : LethalMin] ShakeEndurance set to 0.75
[10:55:59.2630639] [Debug  : LethalMin] SpawnsIndoors set to False
[10:55:59.2630639] [Debug  : LethalMin] SpawnsOutdoors set to True
[10:55:59.2630639] [Debug  : LethalMin] SpawnsAsSprout set to True
[10:55:59.2640641] [Debug  : LethalMin] UsesPikminContainer set to False
[10:55:59.2640641] [Debug  : LethalMin] SpawnAfterDay set to 3
[10:55:59.2640641] [Debug  : LethalMin] MoonSpawnMultipliers set to System.Collections.Generic.List`1[System.String]
[10:55:59.2640641] [Debug  : LethalMin] TagSpawnMultipliers set to System.Collections.Generic.List`1[System.String]
[10:55:59.2640641] [Debug  : LethalMin] WeatherSpawnMultipliers set to System.Collections.Generic.List`1[System.String]
[10:55:59.2640641] [Debug  : LethalMin] InstaEnterOnion set to False
[10:55:59.2640641] [Debug  : LethalMin] UsePresetFormatting set to True
[10:55:59.2640641] [Debug  : LethalMin] HelpfulLevel set to 65%
[10:55:59.2650649] [Debug  : LethalMin] ScientificName set to Pikminidae habisaxum
[10:55:59.2650649] [Debug  : LethalMin] piklopediaName set to 
[10:55:59.2650649] [Debug  : LethalMin] MaxGroupSpawnSize set to 3
[10:55:59.2650649] [Info   : LethalMin] Config file generated for Pikmin Type: Rock Pikmin at BepInEx/BepInEx\config\Pikmin\Rock Pikmin.cfg
[10:55:59.2660628] [Debug  :ainavt.lc.lethalconfig] Registered config "LethalMin/Pikmin/Rock Pikmin"
[10:55:59.2670651] [Info   : LethalMin] Added Custom Script: RockPikminAI to PikminAI!
[10:55:59.2670651] [Message: LethalMin] Registered Pikmin Type: Rock Pikmin with ID: 6
[10:55:59.2670651] [Message: LethalMin] Registering Pikmin Type: White Pikmin
[10:55:59.2670651] [Info   : LethalMin] Generating config file for Pikmin Type: White Pikmin
[10:55:59.2715672] [Debug  : LethalMin] PikminPrimaryColor set to RGBA(1.000, 1.000, 1.000, 1.000)
[10:55:59.2715672] [Debug  : LethalMin] PikminSecondaryColor set to RGBA(0.502, 0.502, 0.502, 1.000)
[10:55:59.2715672] [Debug  : LethalMin] Skipping unsupported field type: PikminIcon (UnityEngine.Sprite)
[10:55:59.2715672] [Debug  : LethalMin] Skipping unsupported field type: AnimatedPikminGhostTexture (UnityEngine.Texture2D[])
[10:55:59.2715672] [Debug  : LethalMin] AnimatedPikminGhostFrameHold set to 2
[10:55:59.2715672] [Debug  : LethalMin] OverrideGhostTextureTileing set to (1.00, 1.00)
[10:55:59.2715672] [Debug  : LethalMin] OverrideGhostTextureOffset set to (0.00, 0.00)
[10:55:59.2725708] [Debug  : LethalMin] SetGhostColor set to True
[10:55:59.2725708] [Debug  : LethalMin] DisableRegistration set to False
[10:55:59.2725708] [Debug  : LethalMin] SetColorOnSprout set to True
[10:55:59.2725708] [Debug  : LethalMin] UseOverrideSproutGlowColor set to False
[10:55:59.2725708] [Debug  : LethalMin] OverrideSproutGlowColor set to RGBA(1.000, 1.000, 1.000, 1.000)
[10:55:59.2725708] [Debug  : LethalMin] growSpeeds set to System.Collections.Generic.List`1[System.Single]
[10:55:59.2725708] [Debug  : LethalMin] growAttacks set to System.Collections.Generic.List`1[System.Single]
[10:55:59.2735684] [Debug  : LethalMin] growCarryStrengths set to System.Collections.Generic.List`1[System.Int32]
[10:55:59.2735684] [Debug  : LethalMin] GrowSpeedMultiplier set to 1
[10:55:59.2735684] [Debug  : LethalMin] DefaultSpeed set to 1
[10:55:59.2735684] [Debug  : LethalMin] RunningSpeedMultiplier set to 1.5
[10:55:59.2735684] [Debug  : LethalMin] CarryStrength set to 3
[10:55:59.2735684] [Debug  : LethalMin] ThrowForce set to (15.00, 15.00, 15.00)
[10:55:59.2735684] [Debug  : LethalMin] HazardsResistantTo set to System.Collections.Generic.List`1[PikminHazard]
[10:55:59.2735684] [Debug  : LethalMin] ItemDetectionRange set to 15
[10:55:59.2745694] [Debug  : LethalMin] CanLatchOnToObjects set to True
[10:55:59.2745694] [Debug  : LethalMin] CanJumpOntoObjects set to True
[10:55:59.2745694] [Debug  : LethalMin] CanCarryObjects set to True
[10:55:59.2745694] [Debug  : LethalMin] AttackStrength set to 1
[10:55:59.2745694] [Debug  : LethalMin] AttackRate set to 0.5
[10:55:59.2745694] [Debug  : LethalMin] AttackDistance set to 0.5
[10:55:59.2745694] [Debug  : LethalMin] JumpLatchOnRange set to 5
[10:55:59.2745694] [Debug  : LethalMin] DamageDeltUponDeath set to 200
[10:55:59.2755685] [Debug  : LethalMin] DeathDamageRange set to 5
[10:55:59.2755685] [Debug  : LethalMin] DamageDeltUpLanding set to 0
[10:55:59.2755685] [Debug  : LethalMin] ShakeEndurance set to 0.75
[10:55:59.2755685] [Debug  : LethalMin] SpawnsIndoors set to True
[10:55:59.2755685] [Debug  : LethalMin] SpawnsOutdoors set to False
[10:55:59.2765691] [Debug  : LethalMin] SpawnsAsSprout set to False
[10:55:59.2765691] [Debug  : LethalMin] UsesPikminContainer set to True
[10:55:59.2765691] [Debug  : LethalMin] SpawnAfterDay set to -1
[10:55:59.2765691] [Debug  : LethalMin] MoonSpawnMultipliers set to System.Collections.Generic.List`1[System.String]
[10:55:59.2775690] [Debug  : LethalMin] TagSpawnMultipliers set to System.Collections.Generic.List`1[System.String]
[10:55:59.2775690] [Debug  : LethalMin] WeatherSpawnMultipliers set to System.Collections.Generic.List`1[System.String]
[10:55:59.2775690] [Debug  : LethalMin] InstaEnterOnion set to False
[10:55:59.2775690] [Debug  : LethalMin] UsePresetFormatting set to True
[10:55:59.2785679] [Debug  : LethalMin] HelpfulLevel set to 50%
[10:55:59.2785679] [Debug  : LethalMin] ScientificName set to Pikminidae venalbius
[10:55:59.2785679] [Debug  : LethalMin] piklopediaName set to 
[10:55:59.2785679] [Debug  : LethalMin] MaxGroupSpawnSize set to 3
[10:55:59.2785679] [Info   : LethalMin] Config file generated for Pikmin Type: White Pikmin at BepInEx/BepInEx\config\Pikmin\White Pikmin.cfg
[10:55:59.2810772] [Debug  :ainavt.lc.lethalconfig] Registered config "LethalMin/Pikmin/White Pikmin"
[10:55:59.2810772] [Message: LethalMin] Registered Pikmin Type: White Pikmin with ID: 7
[10:55:59.2810772] [Message: LethalMin] Registering Pikmin Type: Winged Pikmin
[10:55:59.2810772] [Info   : LethalMin] Generating config file for Pikmin Type: Winged Pikmin
[10:55:59.2870820] [Debug  : LethalMin] PikminPrimaryColor set to RGBA(1.000, 0.000, 1.000, 1.000)
[10:55:59.2870820] [Debug  : LethalMin] PikminSecondaryColor set to RGBA(0.502, 0.000, 0.502, 1.000)
[10:55:59.2870820] [Debug  : LethalMin] Skipping unsupported field type: PikminIcon (UnityEngine.Sprite)
[10:55:59.2870820] [Debug  : LethalMin] Skipping unsupported field type: AnimatedPikminGhostTexture (UnityEngine.Texture2D[])
[10:55:59.2870820] [Debug  : LethalMin] AnimatedPikminGhostFrameHold set to 2
[10:55:59.2870820] [Debug  : LethalMin] OverrideGhostTextureTileing set to (1.00, 1.50)
[10:55:59.2870820] [Debug  : LethalMin] OverrideGhostTextureOffset set to (0.00, -0.20)
[10:55:59.2870820] [Debug  : LethalMin] SetGhostColor set to True
[10:55:59.2880818] [Debug  : LethalMin] DisableRegistration set to False
[10:55:59.2880818] [Debug  : LethalMin] SetColorOnSprout set to True
[10:55:59.2880818] [Debug  : LethalMin] UseOverrideSproutGlowColor set to False
[10:55:59.2880818] [Debug  : LethalMin] OverrideSproutGlowColor set to RGBA(1.000, 1.000, 1.000, 1.000)
[10:55:59.2880818] [Debug  : LethalMin] growSpeeds set to System.Collections.Generic.List`1[System.Single]
[10:55:59.2880818] [Debug  : LethalMin] growAttacks set to System.Collections.Generic.List`1[System.Single]
[10:55:59.2880818] [Debug  : LethalMin] growCarryStrengths set to System.Collections.Generic.List`1[System.Int32]
[10:55:59.2890813] [Debug  : LethalMin] GrowSpeedMultiplier set to 1
[10:55:59.2890813] [Debug  : LethalMin] DefaultSpeed set to 1
[10:55:59.2890813] [Debug  : LethalMin] RunningSpeedMultiplier set to 1.5
[10:55:59.2890813] [Debug  : LethalMin] CarryStrength set to 3
[10:55:59.2890813] [Debug  : LethalMin] ThrowForce set to (15.00, 15.00, 15.00)
[10:55:59.2890813] [Debug  : LethalMin] HazardsResistantTo set to System.Collections.Generic.List`1[PikminHazard]
[10:55:59.2900807] [Debug  : LethalMin] ItemDetectionRange set to 5
[10:55:59.2900807] [Debug  : LethalMin] CanLatchOnToObjects set to True
[10:55:59.2900807] [Debug  : LethalMin] CanJumpOntoObjects set to True
[10:55:59.2900807] [Debug  : LethalMin] CanCarryObjects set to True
[10:55:59.2900807] [Debug  : LethalMin] AttackStrength set to 0.5
[10:55:59.2900807] [Debug  : LethalMin] AttackRate set to 0.5
[10:55:59.2900807] [Debug  : LethalMin] AttackDistance set to 0.5
[10:55:59.2900807] [Debug  : LethalMin] JumpLatchOnRange set to 5
[10:55:59.2912054] [Debug  : LethalMin] DamageDeltUponDeath set to 0
[10:55:59.2912054] [Debug  : LethalMin] DeathDamageRange set to 0
[10:55:59.2912054] [Debug  : LethalMin] DamageDeltUpLanding set to 0
[10:55:59.2912054] [Debug  : LethalMin] ShakeEndurance set to 0.75
[10:55:59.2912054] [Debug  : LethalMin] SpawnsIndoors set to False
[10:55:59.2912054] [Debug  : LethalMin] SpawnsOutdoors set to True
[10:55:59.2912054] [Debug  : LethalMin] SpawnsAsSprout set to True
[10:55:59.2922049] [Debug  : LethalMin] UsesPikminContainer set to False
[10:55:59.2922049] [Debug  : LethalMin] SpawnAfterDay set to 3
[10:55:59.2922049] [Debug  : LethalMin] MoonSpawnMultipliers set to System.Collections.Generic.List`1[System.String]
[10:55:59.2922049] [Debug  : LethalMin] TagSpawnMultipliers set to System.Collections.Generic.List`1[System.String]
[10:55:59.2922049] [Debug  : LethalMin] WeatherSpawnMultipliers set to System.Collections.Generic.List`1[System.String]
[10:55:59.2922049] [Debug  : LethalMin] InstaEnterOnion set to False
[10:55:59.2932068] [Debug  : LethalMin] UsePresetFormatting set to True
[10:55:59.2932068] [Debug  : LethalMin] HelpfulLevel set to 50%
[10:55:59.2932068] [Debug  : LethalMin] ScientificName set to Pikminidae volarosa
[10:55:59.2932068] [Debug  : LethalMin] piklopediaName set to 
[10:55:59.2932068] [Debug  : LethalMin] MaxGroupSpawnSize set to 3
[10:55:59.2932068] [Info   : LethalMin] Config file generated for Pikmin Type: Winged Pikmin at BepInEx/BepInEx\config\Pikmin\Winged Pikmin.cfg
[10:55:59.2942082] [Debug  :ainavt.lc.lethalconfig] Registered config "LethalMin/Pikmin/Winged Pikmin"
[10:55:59.2956917] [Info   : LethalMin] Added Custom Script: WingedPikminAI to PikminAI!
[10:55:59.2956917] [Info   : LethalMin] Added event at time (3.15) for wg_Gattu
[10:55:59.2956917] [Info   : LethalMin] Added event at time (4.75) for wg_Akubi
[10:55:59.2956917] [Info   : LethalMin] Added event at time (3.15) for wg_Iraira
[10:55:59.2956917] [Message: LethalMin] Registered Pikmin Type: Winged Pikmin with ID: 8
[10:55:59.2956917] [Message: LethalMin] Registering Pikmin Type: Yellow Pikmin
[10:55:59.2956917] [Info   : LethalMin] Generating config file for Pikmin Type: Yellow Pikmin
[10:55:59.2996928] [Debug  : LethalMin] PikminPrimaryColor set to RGBA(1.000, 1.000, 0.000, 1.000)
[10:55:59.3008655] [Debug  : LethalMin] PikminSecondaryColor set to RGBA(0.502, 0.502, 0.000, 1.000)
[10:55:59.3008655] [Debug  : LethalMin] Skipping unsupported field type: PikminIcon (UnityEngine.Sprite)
[10:55:59.3008655] [Debug  : LethalMin] Skipping unsupported field type: AnimatedPikminGhostTexture (UnityEngine.Texture2D[])
[10:55:59.3008655] [Debug  : LethalMin] AnimatedPikminGhostFrameHold set to 2
[10:55:59.3008655] [Debug  : LethalMin] OverrideGhostTextureTileing set to (1.00, 1.00)
[10:55:59.3008655] [Debug  : LethalMin] OverrideGhostTextureOffset set to (0.00, 0.00)
[10:55:59.3008655] [Debug  : LethalMin] SetGhostColor set to True
[10:55:59.3008655] [Debug  : LethalMin] DisableRegistration set to False
[10:55:59.3008655] [Debug  : LethalMin] SetColorOnSprout set to True
[10:55:59.3008655] [Debug  : LethalMin] UseOverrideSproutGlowColor set to False
[10:55:59.3018661] [Debug  : LethalMin] OverrideSproutGlowColor set to RGBA(1.000, 1.000, 1.000, 1.000)
[10:55:59.3018661] [Debug  : LethalMin] growSpeeds set to System.Collections.Generic.List`1[System.Single]
[10:55:59.3018661] [Debug  : LethalMin] growAttacks set to System.Collections.Generic.List`1[System.Single]
[10:55:59.3018661] [Debug  : LethalMin] growCarryStrengths set to System.Collections.Generic.List`1[System.Int32]
[10:55:59.3018661] [Debug  : LethalMin] GrowSpeedMultiplier set to 1
[10:55:59.3018661] [Debug  : LethalMin] DefaultSpeed set to 1
[10:55:59.3018661] [Debug  : LethalMin] RunningSpeedMultiplier set to 1.5
[10:55:59.3028652] [Debug  : LethalMin] CarryStrength set to 3
[10:55:59.3028652] [Debug  : LethalMin] ThrowForce set to (22.00, 22.00, 22.00)
[10:55:59.3028652] [Debug  : LethalMin] HazardsResistantTo set to System.Collections.Generic.List`1[PikminHazard]
[10:55:59.3028652] [Debug  : LethalMin] ItemDetectionRange set to 5
[10:55:59.3028652] [Debug  : LethalMin] CanLatchOnToObjects set to True
[10:55:59.3028652] [Debug  : LethalMin] CanJumpOntoObjects set to True
[10:55:59.3038654] [Debug  : LethalMin] CanCarryObjects set to True
[10:55:59.3038654] [Debug  : LethalMin] AttackStrength set to 1
[10:55:59.3038654] [Debug  : LethalMin] AttackRate set to 0.5
[10:55:59.3038654] [Debug  : LethalMin] AttackDistance set to 0.5
[10:55:59.3038654] [Debug  : LethalMin] JumpLatchOnRange set to 5
[10:55:59.3038654] [Debug  : LethalMin] DamageDeltUponDeath set to 0
[10:55:59.3038654] [Debug  : LethalMin] DeathDamageRange set to 0
[10:55:59.3038654] [Debug  : LethalMin] DamageDeltUpLanding set to 0
[10:55:59.3048642] [Debug  : LethalMin] ShakeEndurance set to 0.75
[10:55:59.3048642] [Debug  : LethalMin] SpawnsIndoors set to False
[10:55:59.3048642] [Debug  : LethalMin] SpawnsOutdoors set to True
[10:55:59.3048642] [Debug  : LethalMin] SpawnsAsSprout set to True
[10:55:59.3048642] [Debug  : LethalMin] UsesPikminContainer set to False
[10:55:59.3048642] [Debug  : LethalMin] SpawnAfterDay set to -1
[10:55:59.3048642] [Debug  : LethalMin] MoonSpawnMultipliers set to System.Collections.Generic.List`1[System.String]
[10:55:59.3058641] [Debug  : LethalMin] TagSpawnMultipliers set to System.Collections.Generic.List`1[System.String]
[10:55:59.3058641] [Debug  : LethalMin] WeatherSpawnMultipliers set to System.Collections.Generic.List`1[System.String]
[10:55:59.3058641] [Debug  : LethalMin] InstaEnterOnion set to False
[10:55:59.3058641] [Debug  : LethalMin] UsePresetFormatting set to True
[10:55:59.3058641] [Debug  : LethalMin] HelpfulLevel set to 50%
[10:55:59.3058641] [Debug  : LethalMin] ScientificName set to Pikminidae auribus
[10:55:59.3058641] [Debug  : LethalMin] piklopediaName set to 
[10:55:59.3068658] [Debug  : LethalMin] MaxGroupSpawnSize set to 3
[10:55:59.3068658] [Info   : LethalMin] Config file generated for Pikmin Type: Yellow Pikmin at BepInEx/BepInEx\config\Pikmin\Yellow Pikmin.cfg
[10:55:59.3078677] [Debug  :ainavt.lc.lethalconfig] Registered config "LethalMin/Pikmin/Yellow Pikmin"
[10:55:59.3078677] [Message: LethalMin] Registered Pikmin Type: Yellow Pikmin with ID: 9
[10:55:59.3078677] [Info   : LethalMin] LethalMin: Loading Default Moon Spawn Configs
[10:55:59.3088653] [Debug  : LethalMin] Moon spawn config loaded in memory (no file) for: Embrion
[10:55:59.3088653] [Debug  : LethalMin] Moon spawn config loaded in memory (no file) for: Adamance
[10:55:59.3088653] [Debug  : LethalMin] Moon spawn config loaded in memory (no file) for: Vow
[10:55:59.3088653] [Info   : LethalMin] LethalMin: Loading Default Weather Spawn Configs
[10:55:59.3088653] [Debug  : LethalMin] Weather spawn config loaded in memory (no file) for: Rainy
[10:55:59.3098639] [Debug  : LethalMin] Weather spawn config loaded in memory (no file) for: Eclipsed
[10:55:59.3098639] [Info   : LethalMin] LethalMin: Registering Onion Types
[10:55:59.3109073] [Info   : LethalMin] Registering 9 Onion Types
[10:55:59.3109073] [Message: LethalMin] Registering Onion Type: Blue Onion
[10:55:59.3119037] [Message: LethalMin] Registered Onion Type: Blue Onion with ID: 0
[10:55:59.3119037] [Message: LethalMin] Registering Onion Type: Ice Onion
[10:55:59.3119037] [Message: LethalMin] Registered Onion Type: Ice Onion with ID: 1
[10:55:59.3119037] [Message: LethalMin] Registering Onion Type: Pikmin Container
[10:55:59.3119037] [Message: LethalMin] Registered Onion Type: Pikmin Container with ID: 2
[10:55:59.3119037] [Message: LethalMin] Registering Onion Type: Purple Onion
[10:55:59.3119037] [Message: LethalMin] Registered Onion Type: Purple Onion with ID: 3
[10:55:59.3119037] [Message: LethalMin] Registering Onion Type: Red Onion
[10:55:59.3119037] [Message: LethalMin] Registered Onion Type: Red Onion with ID: 4
[10:55:59.3119037] [Message: LethalMin] Registering Onion Type: Rock Onion
[10:55:59.3119037] [Message: LethalMin] Registered Onion Type: Rock Onion with ID: 5
[10:55:59.3119037] [Message: LethalMin] Registering Onion Type: White Onion
[10:55:59.3119037] [Message: LethalMin] Registered Onion Type: White Onion with ID: 6
[10:55:59.3119037] [Message: LethalMin] Registering Onion Type: Winged Onion
[10:55:59.3119037] [Message: LethalMin] Registered Onion Type: Winged Onion with ID: 7
[10:55:59.3119037] [Message: LethalMin] Registering Onion Type: Yellow Onion
[10:55:59.3119037] [Message: LethalMin] Registered Onion Type: Yellow Onion with ID: 8
[10:55:59.3119037] [Info   : LethalMin] LethalMin: Registering Onion Fuse Rules
[10:55:59.3129058] [Info   : LethalMin] Registering 1 Fuse Rules
[10:55:59.3129058] [Message: LethalMin] Registering Fuse Rules: RBY_FuseRules
[10:55:59.3139065] [Message: LethalMin] Registered Fuse Rules: RBY_FuseRules with ID: 0
[10:55:59.3139065] [Info   : LethalMin] LethalMin: Registering Custom Piklopedia Entries
[10:55:59.3159068] [Info   : LethalMin] NoteBoxz.LethalMin v1.1.0(NIGHTLY) has loaded!
[10:55:59.3159068] [Info   :   BepInEx] Loading [EnemyHealthBars 1.4.0]
[10:55:59.3209453] [Debug  :EnemyHealthBars] Patching...
[10:55:59.3354525] [Debug  :EnemyHealthBars] Finished patching!
[10:55:59.3489811] [Info   :EnemyHealthBars] NoteBoxz.EnemyHealthBars v1.4.0 has loaded!
[10:55:59.3489811] [Info   :   BepInEx] Loading [Black Mesa Interior 3.4.1]
[10:55:59.3661887] [Debug  :Spawn Cycle Fixes] Transpiler (Radiation warning): Add Old Bird values after spawning
[10:55:59.4546662] [Info   :   BepInEx] Loading [PSCPLibrary 0.1.1]
[10:55:59.4566679] [Info   :PSCPLibrary] ProjectSCP.PSCPLibrary v0.1.1 has loaded!
[10:55:59.4621809] [Info   :   BepInEx] Loading [PSCPLibrary.IT 1.0.0]
[10:55:59.4651790] [Info   :PSCPLibrary.IT] ProjectSCP.PSCPLibrary.IT v1.0.0 has loaded!
[10:55:59.4736930] [Info   :   BepInEx] Loading [NestFix 1.2.0]
[10:55:59.4809311] [Info   :   BepInEx] Loading [Mirage.Core 1.0.4]
[10:55:59.4829291] [Info   :   BepInEx] Loading [Mirage 1.29.1]
[10:55:59.4849295] [Info   :   BepInEx] Loading [JKConfig 1.0.0]
[10:55:59.4869326] [Info   :rectorado.JKConfig] This thing has loaded supposedly!
[10:55:59.4920263] [Info   :   BepInEx] Loading [KenjiLib 0.7.0]
[10:55:59.4985354] [Warning:  KenjiLib] KenjiLib: Config loaded. Logging level set to [User]
[10:55:59.5050437] [Info   :  KenjiLib] [Info] KenjiLib v0.7.0 loaded successfully. :3
[10:55:59.5050437] [Info   :   BepInEx] Loading [FOV Adjust 1.1.1]
[10:55:59.5100441] [Info   :Rozebud.FovAdjust] Starting.
[10:55:59.5182815] [Info   :Rozebud.FovAdjust] Configs DONE!
[10:55:59.5582002] [Debug  :Jetpack Fixes] Transpiler: Replace "Gravity" with "Inertia"
[10:55:59.5582002] [Debug  :Jetpack Fixes] Transpiler: Replace "Gravity" with "Inertia"
[10:55:59.5582002] [Debug  :Jetpack Fixes] Transpiler: Replace "Gravity" with "Inertia"
[10:55:59.6030279] [Info   :Rozebud.FovAdjust] All FOV Adjust patches have loaded successfully.
[10:55:59.6030279] [Info   :   BepInEx] Loading [FixCameraResolutions 1.5.3]
[10:55:59.6100291] [Info   :FixCameraResolutions] Start loading plugin...
[10:55:59.6160513] [Info   :FixCameraResolutions] Resolution Config Loading...
[10:55:59.6170541] [Info   :FixCameraResolutions] Resolution Config Loaded!
[10:55:59.6170541] [Info   :FixCameraResolutions] HUD Config Loading...
[10:55:59.6170541] [Info   :FixCameraResolutions] HUD Config Loaded!
[10:55:59.6170541] [Info   :FixCameraResolutions] HDRP Config Loading...
[10:55:59.6200490] [Info   :FixCameraResolutions] HDRP Config Loaded!
[10:55:59.6205527] [Info   :FixCameraResolutions] Visor Config Loading...
[10:55:59.6205527] [Info   :FixCameraResolutions] Visor Config Loaded!
[10:55:59.6205527] [Info   :FixCameraResolutions] Lethal Config Registration
[10:55:59.6310686] [Debug  :ainavt.lc.lethalconfig] Registered config "FixCameraResolutions/Resolutions/Enable"
[10:55:59.6310686] [Debug  :ainavt.lc.lethalconfig] Registered config "FixCameraResolutions/Resolutions/Auto Size"
[10:55:59.6310686] [Debug  :ainavt.lc.lethalconfig] Registered config "FixCameraResolutions/Resolutions/Check Resolution Every Frame"
[10:55:59.6320734] [Debug  :ainavt.lc.lethalconfig] Registered config "FixCameraResolutions/Resolutions/Width"
[10:55:59.6320734] [Debug  :ainavt.lc.lethalconfig] Registered config "FixCameraResolutions/Resolutions/Height"
[10:55:59.6320734] [Debug  :ainavt.lc.lethalconfig] Registered config "LethalConfig.ConfigItems.GenericButtonConfigItem"
[10:55:59.6320734] [Debug  :ainavt.lc.lethalconfig] Registered config "FixCameraResolutions/HUD/Fixed Aspect Ratio"
[10:55:59.6320734] [Debug  :ainavt.lc.lethalconfig] Registered config "FixCameraResolutions/HUD/Check Resolution Every Frame"
[10:55:59.6320734] [Debug  :ainavt.lc.lethalconfig] Registered config "LethalConfig.ConfigItems.GenericButtonConfigItem"
[10:55:59.6330729] [Debug  :ainavt.lc.lethalconfig] Registered config "FixCameraResolutions/HDRP/Antialiasing"
[10:55:59.6330729] [Debug  :ainavt.lc.lethalconfig] Registered config "FixCameraResolutions/HDRP/Bloom"
[10:55:59.6340726] [Debug  :ainavt.lc.lethalconfig] Registered config "FixCameraResolutions/HDRP/Fog Rendering Method"
[10:55:59.6340726] [Debug  :ainavt.lc.lethalconfig] Registered config "FixCameraResolutions/HDRP/Shadow"
[10:55:59.6340726] [Debug  :ainavt.lc.lethalconfig] Registered config "FixCameraResolutions/HDRP/Post Processing"
[10:55:59.6340726] [Debug  :ainavt.lc.lethalconfig] Registered config "FixCameraResolutions/HDRP/Vignette"
[10:55:59.6340726] [Debug  :ainavt.lc.lethalconfig] Registered config "FixCameraResolutions/Visors/Disable"
[10:55:59.6360728] [Info   :FixCameraResolutions] Resolution Patch...
[10:55:59.6405778] [Info   :FixCameraResolutions] Resolution Patched!
[10:55:59.6445873] [Info   :FixCameraResolutions] Plugin FixCameraResolutions is loaded!
[10:55:59.6445873] [Info   :   BepInEx] Loading [TestAccountCore 1.18.0]
[10:55:59.6583442] [Debug  :GeneralImprovements] Patching StartOfRound.ResetShipFurniture to save furniture state.
[10:55:59.6608550] [Info   :TestAccountCore] TestAccount666.TestAccountCore v1.18.0 has loaded!
[10:55:59.6678597] [Info   :   BepInEx] Loading [ShipWindows 2.11.1]
[10:55:59.6759437] [Info   :ShipWindows] Loading ShipWindow AssetBundle...
[10:55:59.9620766] [Info   :TestAccountCore] Registering unlockable Shutter...
[10:55:59.9630760] [Info   :TestAccountCore] Fully registered unlockable Shutter!
[10:55:59.9981224] [Debug  :ShipWindows] Registering window Door Window from TestAccount666.ShipWindows!
[10:55:59.9981224] [Debug  :ShipWindows] Registering window Floor Window from TestAccount666.ShipWindows!
[10:55:59.9981224] [Debug  :ShipWindows] Registering window Left Window from TestAccount666.ShipWindows!
[10:55:59.9981224] [Debug  :ShipWindows] Registering window Right Window from TestAccount666.ShipWindows!
[10:55:59.9981224] [Debug  :ShipWindows] Registering window Roof Window from TestAccount666.ShipWindows!
[10:56:00.0146621] [Debug  :ShipWindows] Searching for start: ldfld bool StartOfRound::hangarDoorsClosed
[10:56:00.0146621] [Debug  :ShipWindows] Searching for end: ret NULL
[10:56:00.0146621] [Debug  :ShipWindows] Found start at: 32
[10:56:00.0146621] [Debug  :ShipWindows] Found end at: 60
[10:56:00.0384831] [Info   :ShipWindows] Loading Wesley voice lines...
[10:56:00.1527544] [Info   :ShipWindows] Loaded line 'ShutterClose'!
[10:56:00.2629548] [Info   :ShipWindows] Loaded line 'ShutterOpen'!
[10:56:00.3710827] [Info   :ShipWindows] Loaded line 'SellCounter1'!
[10:56:00.3710827] [Info   :ShipWindows] Loaded successfully!
[10:56:00.3710827] [Info   :   BepInEx] Loading [ScienceBirdTweaks 4.7.5]
[10:56:00.3885886] [Info   :ScienceBirdTweaks] Finished populating scrap keeping blacklists.
[10:56:00.8034264] [Debug  :ScienceBirdTweaks] Patching...
[10:56:00.8159401] [Debug  :ScienceBirdTweaks] Found shaosil!
[10:56:00.8243977] [Debug  :ScienceBirdTweaks] Found batby!
[10:56:00.8389062] [Debug  :ScienceBirdTweaks] Found test1!
[10:56:00.8399032] [Debug  :ScienceBirdTweaks] Found jacob!
[10:56:00.8499762] [Debug  :Matty's Fixes] RoundManager.SpawnScrapInLevel patched
[10:56:00.9006975] [Debug  :   Coroner] Injecting patch into Turret.Update...
[10:56:00.9006975] [Debug  :   Coroner] Done.
[10:56:00.9373500] [Debug  :GeneralImprovements] Patching AudioReverbTrigger.ChangeAudioReverbForPlayer to optimize code.
[10:56:00.9667644] [Warning:KawaiiBone.Remnants] Despawm remnant items on party wipe feature disabled, remnant items will now despawn on party wipe like scrap on the ship.
[10:56:00.9989629] [Debug  :GeneralImprovements] Patching StartOfRound.ResetShipFurniture to save furniture state.
[10:56:01.0220086] [Debug  :Buttery Fixes] Transpiler (StartOfRound.SyncShipUnlockablesClientRpc): Cache Cruiser script
[10:56:01.0365187] [Debug  :Buttery Fixes] Transpiler (ClipboardItem.Update): Cache Cruiser script
[10:56:01.0460318] [Debug  :GeneralImprovements] Patching Terminal.LoadNewNodeIfAffordable to set dropship item limit to 24.
[10:56:01.0470322] [Debug  :Buttery Fixes] Transpiler (Terminal.LoadNewNodeIfAffordable): Cache Cruiser script
[10:56:01.0470322] [Debug  :Buttery Fixes] Transpiler (Survival kit): Stun grenade -> shovel
[10:56:01.0470322] [Debug  :Buttery Fixes] Transpiler (Survival kit): Boomboxes -> walkie-talkies
[10:56:01.0470322] [Info   :darmuhsTerminalStuff] LoadNewNodeIfAffordable Transpiler Initialized
[10:56:01.0651187] [Debug  :GeneralImprovements] Patching PlayerControllerB.SetHoverTipAndCurrentInteractionTrigger to remove grab notification when not needed.
[10:56:01.1244601] [Debug  :Enemy Sound Fixes] Transpiler (Tulip snake): Remove wingflap from chuckle pool
[10:56:01.1853246] [Debug  :Buttery Fixes] Transpiler (StartOfRound.SyncShipUnlockablesClientRpc): Cache Cruiser script
[10:56:01.1958290] [Debug  :GeneralImprovements] Patching StartOfRound.ResetShipFurniture to save furniture state.
[10:56:01.2023445] [Debug  :GeneralImprovements] Patching StartOfRound.ResetShipFurniture to save furniture state.
[10:56:01.2053445] [Warning:KawaiiBone.Remnants] Despawm remnant items on party wipe feature disabled, remnant items will now despawn on party wipe like scrap on the ship.
[10:56:01.2487993] [Debug  :Buttery Fixes] Transpiler (ManualCameraRenderer.SetLineToExitFromRadarTarget): Cache elevator script
[10:56:01.2737681] [Warning:KawaiiBone.Remnants] Despawm remnant items on party wipe feature disabled, remnant items will now despawn on party wipe like scrap on the ship.
[10:56:01.3338599] [Warning:KawaiiBone.Remnants] Despawm remnant items on party wipe feature disabled, remnant items will now despawn on party wipe like scrap on the ship.
[10:56:01.4169248] [Debug  :GeneralImprovements] Patching HudManager.UpdateScanNodes to hide subtext when needed.
[10:56:01.4319519] [Debug  :Matty's Fixes] RoundManager.SpawnScrapInLevel patched
[10:56:01.4780462] [Info   : LethalMin] ShotgunItemPatch: Increased enemyColliders array size from 10 to 127
[10:56:01.4970729] [Debug  :Matty's Fixes] GrabbableObject.Start patched!
[10:56:01.5799768] [Debug  :Jetpack Fixes] Transpiler: Replace "Gravity" with "Inertia"
[10:56:01.5799768] [Debug  :Jetpack Fixes] Transpiler: Replace "Gravity" with "Inertia"
[10:56:01.5799768] [Debug  :Jetpack Fixes] Transpiler: Replace "Gravity" with "Inertia"
[10:56:01.6581350] [Debug  :GeneralImprovements] Patching PlayerControllerB.SetHoverTipAndCurrentInteractionTrigger to remove grab notification when not needed.
[10:56:01.6773462] [Debug  :ScienceBirdTweaks] Finished patching!
[10:56:01.6773462] [Info   :ScienceBirdTweaks] ScienceBird.ScienceBirdTweaks v4.7.5 has loaded!
[10:56:01.6773462] [Info   :   BepInEx] Loading [voxx.TerraMesh 1.1.7]
[10:56:01.6858629] [Info   :voxx.TerraMesh] Plugin is loaded!
[10:56:01.6910773] [Info   :   BepInEx] Loading [UniversalRadar 1.2.4]
[10:56:01.7001148] [Debug  :UniversalRadar] Found config version: 1.2.4 > 1.2.4
[10:56:01.7251257] [Debug  :UniversalRadar] Patching...
[10:56:01.7512180] [Debug  :Buttery Fixes] Transpiler (Radar): Hide arrow when players are out of bounds
[10:56:01.7573308] [Warning:KawaiiBone.Remnants] Despawm remnant items on party wipe feature disabled, remnant items will now despawn on party wipe like scrap on the ship.
[10:56:01.7604077] [Debug  :UniversalRadar] Finished patching!
[10:56:01.7604077] [Info   :UniversalRadar] ScienceBird.UniversalRadar v1.2.4 has loaded!
[10:56:01.7604077] [Info   :   BepInEx] Loading [Monster Plushies 1.2.9]
[10:56:01.7709239] [Debug  :     CSync] Successfully registered config instance InstanceKey { Guid = scin.monsterplushies, AssemblyQualifiedName = MonsterPlushies.MyConfig, MonsterPlushies, Version=1.0.0.0, Culture=neutral, PublicKeyToken=null }.
[10:56:02.6532301] [Info   :Monster Plushies] Loaded Monster Plushies
[10:56:02.6592290] [Info   :   BepInEx] Loading [Scopophobia 1.3.4]
[10:56:02.9160763] [Debug  :ainavt.lc.lethalconfig] Registered config "Scopophobia/General/Enable the Shy Guy"
[10:56:02.9160763] [Debug  :ainavt.lc.lethalconfig] Registered config "Scopophobia/General/Enable Extended Logging"
[10:56:02.9160763] [Debug  :ainavt.lc.lethalconfig] Registered config "Scopophobia/Appearance/Glowing Eyes"
[10:56:02.9160763] [Debug  :ainavt.lc.lethalconfig] Registered config "Scopophobia/Appearance/Bloody Texture"
[10:56:02.9160763] [Debug  :ainavt.lc.lethalconfig] Registered config "Scopophobia/Appearance/Bloody Death"
[10:56:02.9175818] [Debug  :ainavt.lc.lethalconfig] Registered config "Scopophobia/Appearance/Sound Pack (Curated, SCPCB, SCPCBOld, SecretLab)"
[10:56:02.9185861] [Debug  :ainavt.lc.lethalconfig] Registered config "Scopophobia/General/Speed Multiplier (Docile)"
[10:56:02.9185861] [Debug  :ainavt.lc.lethalconfig] Registered config "Scopophobia/General/Speed Multiplier (Rage)"
[10:56:02.9185861] [Debug  :ainavt.lc.lethalconfig] Registered config "Scopophobia/General/Enemy Volume"
[10:56:02.9185861] [Debug  :ainavt.lc.lethalconfig] Registered config "Scopophobia/Trigger Settings/Trigger Time"
[10:56:02.9185861] [Debug  :ainavt.lc.lethalconfig] Registered config "Scopophobia/Trigger Settings/Face Trigger Range"
[10:56:02.9185861] [Debug  :ainavt.lc.lethalconfig] Registered config "Scopophobia/Trigger Settings/Face Trigger Grace Period"
[10:56:02.9185861] [Debug  :ainavt.lc.lethalconfig] Registered config "Scopophobia/Trigger Settings/Has Max Targets"
[10:56:02.9200900] [Debug  :ainavt.lc.lethalconfig] Registered config "Scopophobia/Trigger Settings/Max Targets"
[10:56:02.9200900] [Debug  :ainavt.lc.lethalconfig] Registered config "Scopophobia/Trigger Settings/Can Exit Facility"
[10:56:02.9200900] [Debug  :ainavt.lc.lethalconfig] Registered config "Scopophobia/Spawn Settings/ProbabilityCurve"
[10:56:02.9200900] [Debug  :ainavt.lc.lethalconfig] Registered config "Scopophobia/Spawn Settings/Shy Guy Power Level"
[10:56:02.9210953] [Debug  :ainavt.lc.lethalconfig] Registered config "Scopophobia/Painting Spawn Settings/Shy Guy Painting Spawn Rarity"
[10:56:02.9210953] [Debug  :ainavt.lc.lethalconfig] Registered config "Scopophobia/Painting Spawn Settings/Hide Painting Name before Interaction"
[10:56:02.9210953] [Debug  :ainavt.lc.lethalconfig] Registered config "Scopophobia/Painting Spawn Settings/Custom Painting Name"
[10:56:02.9210953] [Debug  :ainavt.lc.lethalconfig] Registered config "Scopophobia/Painting Spawn Settings/Spawn Chance"
[10:56:02.9566214] [Debug  :PathfindingLib] Changed prefabbed NavMeshAgent ShyGuy's area mask from 0xFFFFFFFF to 0xFFFFFFFF to allow traversal of non-smart off-mesh links.
[10:56:02.9676757] [Info   :Scopophobia] Scopophobia | SCP-096 has entered the facility. All remaining personnel proceed with caution.
[10:56:02.9931229] [Info   :   BepInEx] Loading [menstalker_yaboiduckisnickerbar 1.2.2]
[10:56:03.0885181] [Debug  :PathfindingLib] Changed prefabbed NavMeshAgent menstalker_prefab's area mask from 0xFFFFFFFF to 0xFFFFFFFF to allow traversal of non-smart off-mesh links.
[10:56:03.0885181] [Info   :menstalker_yaboiduckisnickerbar] Plugin menstalker_yaboiduckisnickerbar is loaded!
[10:56:03.0950354] [Info   :   BepInEx] Loading [WaterAssetRestorer 1.0.0]
[10:56:03.0970349] [Debug  :WaterAssetRestorer] Patching...
[10:56:03.1140591] [Debug  :WaterAssetRestorer] Finished patching!
[10:56:03.1140591] [Info   :WaterAssetRestorer] Sniper1_1.WaterAssetRestorer v1.0.0 has loaded!
[10:56:03.1140591] [Info   :WaterAssetRestorer] "When you want something you don't have, W.A.R. can get it!" - idk, someone probably
[10:56:03.1140591] [Info   :   BepInEx] Loading [SnowyLib 1.13.1]
[10:56:03.1290772] [Debug  :Matty's Fixes] GrabbableObject.Start patched!
[10:56:03.1441022] [Debug  :Spawn Cycle Fixes] Transpiler (Daytime spawns): Correct time of day
[10:56:03.1451025] [Debug  :Spawn Cycle Fixes] Transpiler (Outside spawns): Correct time of day
[10:56:03.1586165] [Debug  :Matty's Fixes] GrabbableObject.Start patched!
[10:56:03.1881153] [Info   :  SnowyLib] Snowlance.SnowyLib v1.13.1 has loaded!
[10:56:03.1941970] [Info   :   BepInEx] Loading [SlendermanMod 1.2.1]
[10:56:03.5264989] [Debug  :PathfindingLib] Changed prefabbed NavMeshAgent SlendermanEnemyObj's area mask from 0xFFFFFFFF to 0xFFFFFFFF to allow traversal of non-smart off-mesh links.
[10:56:03.5320102] [Info   :SlendermanMod] Plugin sparble.slendermanmod is loaded!
[10:56:03.5380122] [Info   :SlendermanMod] ⠀⠀⠀⠀⠀⠀⠀⠀⠀⠀⠀⠀⠀⠀⢀⣤⣶⣾⣿⣶⣶⣄⠀⠀⠀⠀⠀⠀⠀⠀⠀⠀⠀⠀⠀⠀⠀⠀⠀⠀⠀⠀⠀⠀⠀⠀⠀⠀⠀⠀⠀⠀⠀⠀⠀⠀⠀⠀⠀⠀⠀⠀⠀⠀⠀
[10:56:03.5380122] [Info   :SlendermanMod] ⠀⠀⠀⠀⠀⠀⠀⠀⠀⠀⠀⠀⠀⢠⣿⣿⣿⣿⣿⣿⣿⣿⣷⡄⠀⠀⠀⠀⠀⠀⠀⠀⠀⠀⠀⠀⠀⠀⠀⠀⠀⠀⠀⠀⠀⠀⠀⠀⠀⠀⠀⠀⠀⠀⠀⠀⠀⠀⠀⠀⠀⠀⠀⠀⠀
[10:56:03.5380122] [Info   :SlendermanMod] ⠀⠀⠀⠀⠀⠀⠀⠀⠀⠀⠀⠀⢀⣿⣿⣿⣿⣿⣿⣿⣿⣿⣿⣿⣆⠀⠀⠀⠀⠀⠀⠀⠀⠀⠀⠀⠀⠀⠀⢀⣤⣶⣾⣿⣿⣿⣶⣦⡀⠀⠀⠀⠀⠀⠀⠀⠀⠀⠀⠀⠀⠀⠀
[10:56:03.5380122] [Info   :SlendermanMod] ⠀⠀⠀⠀⠀⠀⠀⠀⠀⠀⠀⠀⢸⣿⣿⣿⣿⠟⠛⠻⣿⣿⣿⣿⣿⣆⠀⠀⠀⠀⠀⠀⠀⠀⠀⠀⠀⠀⣠⣿⣿⣿⣿⣿⣿⣿⣿⣿⣿⣄⠀⠀⠀⠀⠀⠀⠀⠀⠀⠀⠀⠀⠀
[10:56:03.5380122] [Info   :SlendermanMod] ⠀⠀⠀⠀⠀⠀⠀⠀⠀⠀⠀⠀⢸⣿⣿⣿⠃⠀⠀⠀⠘⣿⣿⣿⣿⣿⡄⠀⠀⠀⠀⠀⠀⠀⠀⠀⠀⢰⣿⣿⣿⡿⠋⠀⠀⠈⠻⣿⣿⣿⡄⠀⠀⠀⠀⠀⠀⠀⠀⠀⠀⠀⠀
[10:56:03.5380122] [Info   :SlendermanMod] ⠀⠀⠀⠀⠀⠀⠀⠀⠀⠀⠀⠀⠸⣿⣿⣿⡄⠀⠀⠀⠀⠘⣿⣿⣿⣿⣷⠀⠀⠀⠀⠀⠀⠀⠀⠀⠀⣸⣿⣿⡿⠁⠀⠀⠀⠀⠀⠘⣿⣿⣧⢀⣀⣀⣀⣀⣀⡀⠀⠀⠀⠀
[10:56:03.5380122] [Info   :SlendermanMod] ⠀⠀⠀⣀⣴⣾⣿⣿⣿⣿⣿⣿⣶⣿⣿⣿⣇⠀⠀⠀⠀⠀⢹⣿⣿⣿⣿⣇⠀⠀⠀⠀⠀⠀⠀⠀⠀⣿⣿⣿⠃⠀⠀⠀⠀⠀⠀⠀⣿⣿⣟⣿⣿⣿⣿⣿⣿⣿⣿⣦⣄⠀⠀⠀⠀
[10:56:03.5380122] [Info   :SlendermanMod] ⠀⠀⣴⣿⣿⣿⣿⣿⣿⣿⣿⣿⣿⣿⣿⣿⣿⡀⠀⠀⠀⠀⠈⣿⣿⣿⣿⣿⡈⠂⠀⠀⠀⠀⠀⠐⣿⣿⣿⣿⠀⠀⠀⠀⠀⠀⢀⣼⣿⣿⣿⣿⣿⣿⣿⠿⠿⠿⢿⣿⣿⣧⠀⠀⠀
[10:56:03.5380122] [Info   :SlendermanMod] ⠀⣼⣿⣿⡿⠛⠉⠉⠙⠻⢿⣿⣿⣿⣿⣿⣿⣧⠀⠀⠀⠀⠀⢸⣿⣿⣿⣿⣷⡀⠀⠀⠀⠀⠀⢠⣿⣿⣿⡇⠀⠀⠀⠀⠀⢠⣿⣿⣿⣿⣇⣿⠟⠉⢠⠀⠀⠀⠀⠈⢿⣿⣧⠀⠀
[10:56:03.5380122] [Info   :SlendermanMod] ⢰⣿⣿⡟⠁⠀⠀⠀⠀⠀⠀⠙⢿⣿⣿⣿⣿⣿⣷⡄⠀⠀⠀⠈⣿⣿⣿⣿⣿⣧⠀⣀⠀⠀⣠⣿⣿⣿⣿⡇⠀⠀⠀⠀⢠⣿⣿⣿⣿⣿⣿⡄⠀⣠⣾⠀⠀⠀⠀⠀⠈⣿⣿⠀⠀
[10:56:03.5380122] [Info   :SlendermanMod] ⣸⣿⣿⠁⠀⠀⠀⠀⠀⠀⠀⠀⠀⠙⢿⣿⣿⣿⣿⣿⣆⠀⠀⠀⢸⣿⣿⣿⣿⡟⠣⡈⠉⠉⠁⡙⠻⣿⣿⡇⠀⠀⠀⢠⣿⣿⣿⣿⣿⡿⢿⣿⣿⡿⠃⠀⠀⠀⠀⠀⠀⢸⣿⠀⠀
[10:56:03.5380122] [Info   :SlendermanMod] ⢿⣿⣿⠀⠀⠀⠀⠀⠀⠀⠀⢀⠀⠀⠈⢻⣿⣿⣿⣿⣿⣦⠀⠀⠀⣿⣿⣿⣿⡇⠀⠙⢦⣠⠞⠁⠀⣿⣿⣦⣄⣀⣀⣿⣿⣿⣿⣿⡿⠀⠀⠀⠀⠀⠀⠀⠀⠀⠀⠀⣠⣿⡟⠀⠀
[10:56:03.5380122] [Info   :SlendermanMod] ⢸⣿⣿⡆⠀⠀⠀⠀⠀⠀⠀⢸⣇⠀⠀⢀⣿⣿⣿⣿⣿⣿⣷⣶⣿⣿⣿⣿⣿⣿⡴⠶⣿⣿⣿⠓⢶⣿⣿⣿⣿⣿⣿⣿⣿⣿⣿⡿⠀⠀⠀⠀⠀⠀⣾⡏⠀⠀⢀⣴⣿⠟⠀⠀⠀
[10:56:03.5380122] [Info   :SlendermanMod] ⠀⢻⣿⣿⣆⠀⠀⠀⠀⠀⠀⠈⢿⣷⣶⣾⣿⠛⢿⣿⣿⣿⣿⣿⣿⣿⣿⣿⣿⣿⣷⠀⢸⣯⡏⠀⣾⣿⣿⣿⣿⣿⣿⣿⣿⣿⣿⡇⠀⠀⠀⠀⠀⢀⣙⣻⣿⣿⣿⣿⣷⣦⣄⠀⠀
[10:56:03.5380122] [Info   :SlendermanMod] ⠀⠀⠙⢿⣿⣧⣄⠀⠀⠀⠀⣀⣠⣭⣽⣋⣁⠀⢨⣿⣿⣿⣿⣿⣿⣿⣿⣿⣿⣿⣿⣇⣼⣿⣿⢠⣿⣿⣿⣿⣿⣿⣿⣿⣿⣿⣿⡇⠀⠀⣀⣤⣾⣿⣿⣿⣿⣿⣿⣿⣿⣿⣿⣷⡀
[10:56:03.5380122] [Info   :SlendermanMod] ⠀⠀⠀⠀⠀⠀⠈⢻⣿⣿⣿⣿⡿⠿⣿⣿⣿⣿⣿⣿⣿⣿⣿⣿⣿⣿⣿⣿⣿⣿⣿⣿⣿⣿⣿⣿⣿⣿⣿⣿⣿⣿⣿⣿⣿⣿⣿⣿⣿⣿⣿⣿⣿⣿⡿⠛⠋⠉⠉⠻⣿⣿⣿⣿⣿
[10:56:03.5380122] [Info   :SlendermanMod] ⠀⠀⠀⠀⠀⠀⢠⣿⣿⣿⣯⠁⠀⠀⠀⠈⠙⢻⣿⣿⣿⣿⣿⣿⣿⣿⣿⣿⣿⣿⣿⣿⣿⣿⣿⣿⣿⣿⣿⣿⣿⣿⣿⣿⣿⣿⣿⣿⣿⣿⣿⠿⠋⠁⠀⠀⠀⠀⠀⠀⣿⣿⣿⣿⣿
[10:56:03.5380122] [Info   :SlendermanMod] ⠀⠀⠀⠀⠀⠀⢸⣿⣿⣿⠟⠀⠀⠀⠀⠀⠀⢸⣿⣿⣿⣿⣿⣿⣿⣿⣿⣿⣿⣿⣿⣿⣿⣿⣿⣿⣿⣿⣿⣿⣿⣿⣿⣿⣿⣿⣿⣿⣿⠋⠀⠀⠀⠀⠀⠀⠀⠀⠀⢠⣿⣿⣿⣿⠇
[10:56:03.5380122] [Info   :SlendermanMod] ⠀⠀⠀⠀⠀⠀⢸⣿⣿⡇⠀⠀⠀⠀⠀⠀⠀⣾⣿⣿⣿⣿⣿⣿⣿⣿⣿⣿⣿⣿⣿⣿⣿⣿⣿⣿⣿⣿⣿⣿⣿⣿⣿⣿⣿⣿⣿⣿⣿⡄⠀⠀⠀⠀⠀⠀⠀⣠⣶⣿⣿⣿⣿⠏⠀
[10:56:03.5380122] [Info   :SlendermanMod] ⠀⠀⠀⠀⠀⠀⠘⣿⣿⣷⡀⠀⠀⠀⠀⠀⢀⣿⣿⣿⣿⣿⡏⠀⣿⣿⣿⣿⣿⣿⣿⣿⣿⣹⣿⣿⣿⣿⣿⣿⣿⣿⡟⠿⣿⣿⣿⣿⣿⡇⠀⠀⠀⠀⣠⣴⣿⣿⣿⣿⣿⠟⠁⠀⠀
[10:56:03.5380122] [Info   :SlendermanMod] ⠀⠀⠀⠀⠀⠀⠀⠹⣿⣿⣿⣄⠀⠀⠀⠀⣸⣿⣿⣿⣿⣿⠁⠀⢿⣿⣿⣿⣿⣿⣿⣿⣿⣿⣿⣿⣿⣿⣿⣿⣿⣿⡇⠀⢿⣿⣿⣿⣿⣿⠀⢀⣴⣾⣿⡿⠟⠛⠋⠉⠀⠀⠀⠀⠀
[10:56:03.5380122] [Info   :SlendermanMod] ⠀⠀⠀⠀⠀⠀⠀⠀⠈⠻⣿⣿⣷⡄⠀⠀⣿⣿⣿⣿⣿⡏⠀⠀⢸⣿⣿⣿⣿⣿⣿⣿⣿⣻⣿⣿⣿⣿⣿⣿⣿⣿⠃⠀⠘⣿⣿⣿⣿⣿⣰⣿⡿⠟⠁⠀⠀⠀⠀⠀⠀⠀⠀⠀⠀
[10:56:03.5380122] [Info   :SlendermanMod] ⠀⠀⠀⠀⠀⠀⠀⠀⠀⠀⠈⢻⣿⣿⡆⢸⣿⣿⣿⣿⣿⠁⠀⠀⠀⣿⣿⣿⣿⣿⣿⣿⣿⣿⣿⣿⣿⣿⣿⣿⣿⣿⠀⠀⠀⢻⣿⣿⣿⣿⣿⡟⠁⠀⠀⠀⠀⠀⠀⠀⠀⠀⠀⠀⠀
[10:56:03.5380122] [Info   :SlendermanMod] ⠀⠀⠀⠀⠀⠀⠀⠀⠀⠀⠀⠀⢹⣿⡇⣸⣿⣿⣿⣿⡏⠀⠀⠀⠀⣿⣿⣿⣿⣿⣿⣿⣿⣿⣿⣿⣿⣿⣿⣿⣿⣿⠀⠀⠀⠘⣿⣿⣿⣿⣿⠀⠀⠀⠀⠀⠀⠀⠀⠀⠀⠀⠀⠀⠀
[10:56:03.5380122] [Info   :SlendermanMod] ⠀⠀⠀⠀⠀⠀⠀⠀⠠⣄⣀⣠⣾⡿⠁⣿⣿⣿⣿⣿⣄⠀⠀⠀⠀⣿⣿⣿⣿⣿⣿⣿⣿⣿⣿⣿⣿⣿⣿⣿⣿⡇⠀⠀⠀⢀⣿⣿⣿⣿⣿⣄⡀⣀⡤⠀⠀⠀⠀⠀⠀⠀⠀⠀⠀
[10:56:03.5380122] [Info   :SlendermanMod] ⠀⠀⠀⠀⠀⠀⠀⠀⠀⠈⠛⠛⠋⠀⠀⢿⣿⣿⣿⣿⣿⣦⡀⠀⠀⣿⣿⣿⣿⣿⣿⣿⣿⢹⣿⣿⣿⣿⣿⣿⣿⣷⠀⠀⣠⣿⣿⣿⣿⣿⣿⠛⠟⠛⠁⠀⠀⠀⠀⠀⠀⠀⠀⠀⠀
[10:56:03.5380122] [Info   :SlendermanMod] ⠀⠀⠀⠀⠀⠀⠀⠀⠀⠀⠀⠀⠀⠀⠀⠀⠙⠿⣿⣿⣿⣿⣿⣦⣀⣿⣿⣿⣿⣿⣿⣿⣿⣸⣿⣿⣿⣿⣿⣿⣿⣿⣤⣾⣿⣿⣿⣿⡿⠛⠁⠀⠀⠀⠀⠀⠀⠀⠀⠀⠀⠀⠀⠀⠀
[10:56:03.5380122] [Info   :SlendermanMod] Don't forget to check your back...
[10:56:03.5380122] [Info   :   BepInEx] Loading [SpectateEnemy 2.9.1]
[10:56:03.5802038] [Info   :SpectateEnemy] SpectateEnemy loaded!
[10:56:03.5862101] [Info   :   BepInEx] Loading [BetterPaycheck 0.9.2]
[10:56:03.5922756] [Info   :Swaggies.BetterPaycheck] BetterPaycheck up and running.
[10:56:03.5982726] [Info   :   BepInEx] Loading [S1.42AB Interior Weight Normalization 1.0.0]
[10:56:03.6007873] [Info   :S1.42AB Interior Weight Normalization] Validated dependency imabatby.lethallevelloader v1.7.12.
[10:56:04.4349384] [Info   :S1.42AB Interior Weight Normalization] Validated exact LethalLevelLoader dungeon-selection contract for post-viability rarity normalization.
[10:56:04.4532611] [Info   :S1.42AB Interior Weight Normalization] S1.42AB interior weight normalization armed: LethalLevelLoader keeps full ownership of viability/exclusion matching; only positive rarities in the already-returned viable dungeon list are normalized to 100. No dungeon is added, removed, deduplicated, re-registered or config-rewritten by this patch.
[10:56:04.4532611] [Info   :   BepInEx] Loading [S1.42AE CodeRebirth Microwave Spawn Tuning 1.0.0]
[10:56:04.4562618] [Info   :S1.42AE CodeRebirth Microwave Spawn Tuning] Validated dependency CodeRebirth v1.6.9.
[10:56:04.4748144] [Info   :S1.42AE CodeRebirth Microwave Spawn Tuning] Validated dependency com.github.teamxiaolan.dawnlib v0.9.25.
[10:56:04.4748144] [Info   :S1.42AE CodeRebirth Microwave Spawn Tuning] Validated dependency com.github.teamxiaolan.dawnlib.dusk v0.9.25.
[10:56:04.4748144] [Info   :S1.42AE CodeRebirth Microwave Spawn Tuning] S1.42AE microwave spawn tuning armed; waiting for DawnLib moon-registry freeze to validate the 18 Moon / 18 Interior provider contract and scale only effective Moon/tag curves by 0.5.
[10:56:04.4748144] [Info   :   BepInEx] Loading [S1.42Z CodeRebirth Aerial Defense Spawn Tuning 1.0.0]
[10:56:04.4783232] [Info   :S1.42Z CodeRebirth Aerial Defense Spawn Tuning] Validated dependency CodeRebirth v1.6.9.
[10:56:04.4868344] [Info   :S1.42Z CodeRebirth Aerial Defense Spawn Tuning] Validated dependency com.github.teamxiaolan.dawnlib v0.9.25.
[10:56:04.4868344] [Info   :S1.42Z CodeRebirth Aerial Defense Spawn Tuning] Validated dependency com.github.teamxiaolan.dawnlib.dusk v0.9.25.
[10:56:04.4868344] [Info   :S1.42Z CodeRebirth Aerial Defense Spawn Tuning] S1.42Z aerial-defense spawn tuning armed; waiting for DawnLib moon-registry freeze to validate and scale both code_rebirth:air_control_unit and code_rebirth:gunslinger_greg curves by 0.5.
[10:56:04.4868344] [Info   :   BepInEx] Loading [S1.42Z Jetpack Acceleration 1.0.0]
[10:56:04.4888347] [Info   :S1.42Z Jetpack Acceleration] Validated dependency butterystancakes.lethalcompany.butterybalance v0.7.0.
[10:56:04.4963444] [Info   :S1.42Z Jetpack Acceleration] Validated dependency butterystancakes.lethalcompany.jetpackfixes v1.6.3.
[10:56:04.4963444] [Info   :S1.42Z Jetpack Acceleration] Validated dependency com.malco.lethalcompany.moreshipupgrades v3.14.1.
[10:56:04.4973448] [Debug  :ButteRyBalance] Transpiler (Jetpack): Dynamic inertia
[10:56:04.4973448] [Debug  :Jetpack Fixes] Transpiler: Reverse jetpackPower comparison on isGrounded check (allows for sliding)
[10:56:04.4973448] [Debug  :Jetpack Fixes] Transpiler: Reduce raycast range from 25 to 4
[10:56:04.4973448] [Debug  :Jetpack Fixes] Transpiler: Replace layer mask with custom
[10:56:04.4973448] [Debug  :Jetpack Fixes] Transpiler: Remove 4 unit distance check (redundant)
[10:56:04.4973448] [Debug  :Jetpack Fixes] Transpiler: Replace "Gravity" with "Inertia"
[10:56:04.5018581] [Info   :S1.42Z Jetpack Acceleration] S1.42Z Jetpack acceleration patch armed: JetpackItem.Update() local-player base acceleration 10 -> 18, ordered after ButteRyBalance; V49 handling/deceleration, maximum power/speed, battery, price and JetpackFixes safety logic are untouched.
[10:56:04.5018581] [Info   :   BepInEx] Loading [S1.39 Compatibility Fixes 1.3.14]
[10:56:04.5158985] [Debug  :Matty's Fixes] RoundManager.SpawnScrapInLevel patched
[10:56:04.7258492] [Info   :S1.39 Compatibility Fixes] [EnemyScanFix] Patched EnemyScan to list every active EnemyAI regardless of ScanNodeProperties.
[10:56:07.0882799] [Info   :S1.39 Compatibility Fixes] [PikminCraneShield] Protected Pikmin/Puffmin from CodeRebirth utility kill RPCs. This provides a direct failsafe for Autonomous Crane squish kills even when LethalMin's crane toggles are already false.
[10:56:08.2061309] [Info   :S1.39 Compatibility Fixes] [LMDLGuard] Patched LethalModDataLib bulk ModDataAttribute registration to skip Chainloader PluginInfo entries with null Instance while preserving registration for valid plugins.
[10:56:08.2081305] [Info   :S1.39 Compatibility Fixes] [PufferPikminGuard] Patched PufferAI.Start to remove LethalMin-injected Pikmin effect-trigger components from Puffer smoke only.
[10:56:08.2081305] [Info   :S1.39 Compatibility Fixes] [EnemyIsolation] Diagnostic enemy isolation is disabled.
[10:56:08.2101313] [Debug  :ButteRyBalance] Transpiler (Jetpack): Dynamic inertia
[10:56:08.2101313] [Debug  :Jetpack Fixes] Transpiler: Reverse jetpackPower comparison on isGrounded check (allows for sliding)
[10:56:08.2101313] [Debug  :Jetpack Fixes] Transpiler: Reduce raycast range from 25 to 4
[10:56:08.2101313] [Debug  :Jetpack Fixes] Transpiler: Replace layer mask with custom
[10:56:08.2101313] [Debug  :Jetpack Fixes] Transpiler: Remove 4 unit distance check (redundant)
[10:56:08.2101313] [Debug  :Jetpack Fixes] Transpiler: Replace "Gravity" with "Inertia"
[10:56:08.2142512] [Debug  :ButteRyBalance] Transpiler (Jetpack): Dynamic inertia
[10:56:08.2142512] [Debug  :Jetpack Fixes] Transpiler: Reverse jetpackPower comparison on isGrounded check (allows for sliding)
[10:56:08.2142512] [Debug  :Jetpack Fixes] Transpiler: Reduce raycast range from 25 to 4
[10:56:08.2142512] [Debug  :Jetpack Fixes] Transpiler: Replace layer mask with custom
[10:56:08.2142512] [Debug  :Jetpack Fixes] Transpiler: Remove 4 unit distance check (redundant)
[10:56:08.2142512] [Debug  :Jetpack Fixes] Transpiler: Replace "Gravity" with "Inertia"
[10:56:08.2162522] [Warning:S1.39 Compatibility Fixes] [CoronerJetpackGuard] Removed 2/2 Coroner JetpackItem.Update patch method(s). Coroner remains enabled; only the per-frame Jetpack death detector is disabled to stop null-player log spam. Jetpack-specific death text may fall back to Coroner/vanilla generic cause reporting.
[10:56:08.2192507] [Info   :S1.39 Compatibility Fixes] [Jetpack140] Jetpack Item asset is not loaded yet; narrow asset targeting will retry.
[10:56:08.2192507] [Info   :S1.39 Compatibility Fixes] [Jetpack140] Using loaded Jetpack Item asset targeting only; no GrabbableObject.Start Harmony patch.
[10:56:08.2237617] [Info   :S1.39 Compatibility Fixes] [BaboonHawkCorpseGuard] Patched exact declared BaboonBirdAI.CanGrabScrap(GrabbableObject). Living Baboon Hawks will ignore only the SellBodies Dead Baboon Hawk item; players/Pikmin remain unaffected.
[10:56:08.2237617] [Info   :S1.39 Compatibility Fixes] [LethalMinNativeOwnership] Pikmin -> enemy combat, native PikminEnemy death detection, latch removal, TaskEnd/SetToIdle, enemy-body carry, and Onion delivery remain owned by LethalMin. Baboon Hawk compatibility blocks only Hawk -> Pikmin entry points; the BaboonBirdPikminEnemy component stays enabled.
[10:56:08.2237617] [Info   :S1.39 Compatibility Fixes] S1.39 Compatibility Fixes loaded. Ship-door anti-lockout, complete EnemyScan output, natural CodeRebirth currency/map-object filtering, Flash Turret suppression, CodeRebirth kill-RPC Pikmin protection, the optional LethalModDataLib null-plugin guard, Puffer smoke Pikmin-effect guard, exact PikminAI enemy-grab prevention for proven Thumper/Baboon Hawk gaps, Baboon Hawk -> Pikmin collision/bite protection without disabling LethalMin's adapter lifecycle, Coroner Jetpack log-spam guard, throttled ship-door compatibility audit, the 140-second Jetpack target, and the late-lifecycle isolated-enemy diagnostic are active.
[10:56:08.2237617] [Info   :   BepInEx] Loading [S1.42AI-DIAG1 ShyGuy Isolation 0.1.0]
[10:56:08.2322710] [Warning:S1.42AI-DIAG1 ShyGuy Isolation] [DIAG1_ENABLED] Temporary S1.42AI-DIAG1 Shy Guy isolation is enabled.
[10:56:08.2518092] [Info   :S1.42AI-DIAG1 ShyGuy Isolation] [DIAG1_TARGET_INSTALLED] RoundManager.PredictAllOutsideEnemies()
[10:56:08.2543121] [Info   :S1.42AI-DIAG1 ShyGuy Isolation] [DIAG1_TARGET_INSTALLED] RoundManager.BeginEnemySpawning()
[10:56:08.2543121] [Debug  :Spawn Cycle Fixes] Transpiler (Inside spawns): Correct time of day
[10:56:08.2543121] [Debug  :Spawn Cycle Fixes] Transpiler (Inside spawns): Use IndoorEnemySpawnPlacementRandom
[10:56:08.2573173] [Info   :S1.42AI-DIAG1 ShyGuy Isolation] [DIAG1_TARGET_INSTALLED] RoundManager.PlotOutEnemiesForNextHour()
[10:56:08.2593171] [Info   :S1.42AI-DIAG1 ShyGuy Isolation] [DIAG1_TARGET_INSTALLED] RoundManager.FinishGeneratingNewLevelClientRpc()
[10:56:08.2643373] [Debug  :Spawn Cycle Fixes] Transpiler (Spawner): Correct time of day
[10:56:08.2683362] [Info   :S1.42AI-DIAG1 ShyGuy Isolation] [DIAG1_TARGET_INSTALLED] RoundManager.AssignRandomEnemyToVent(EnemyVent,float)
[10:56:17.0307434] [Info   :S1.42AI-DIAG1 ShyGuy Isolation] [DIAG1_OWNER_TYPE_DERIVED] LethalMin.Onion.WithdrawPikminFromOnion List<T> generic argument='LethalMin.Pikmin.PikminType', assembly='NoteBoxz.LethalMin'.
[10:56:18.6161646] [Info   :S1.42AI-DIAG1 ShyGuy Isolation] [DIAG1_OWNER_TARGET_INSTALLED] FacelessStalker SpawnSlenderman
[10:56:18.6191652] [Info   :S1.42AI-DIAG1 ShyGuy Isolation] [DIAG1_OWNER_TARGET_INSTALLED] Football TrainProp ForceSpawnEnemy
[10:56:18.6221917] [Info   :S1.42AI-DIAG1 ShyGuy Isolation] [DIAG1_OWNER_TARGET_INSTALLED] Herobrine RedstoneTorch ForceSpawnEnemy
[10:56:18.6241905] [Info   :S1.42AI-DIAG1 ShyGuy Isolation] [DIAG1_OWNER_TARGET_INSTALLED] Herobrine developer cmd_Spawn
[10:56:18.6261908] [Info   :S1.42AI-DIAG1 ShyGuy Isolation] [DIAG1_OWNER_TARGET_INSTALLED] Lategame Upgrades Tools.SpawnMob(string,Vector3,int)
[10:56:18.6291910] [Info   :S1.42AI-DIAG1 ShyGuy Isolation] [DIAG1_OWNER_TARGET_INSTALLED] PremiumScraps HarryDoll enemy RPC
[10:56:18.6332503] [Info   :S1.42AI-DIAG1 ShyGuy Isolation] [DIAG1_OWNER_TARGET_INSTALLED] ChillaxScraps Ocarina enemy-dispatch RPC
[10:56:18.6372536] [Info   :S1.42AI-DIAG1 ShyGuy Isolation] [DIAG1_OWNER_TARGET_INSTALLED] CodeRebirth TornadoWeather.SpawnTornado
[10:56:18.6392493] [Info   :S1.42AI-DIAG1 ShyGuy Isolation] [DIAG1_OWNER_TARGET_INSTALLED] CodeRebirth GuardPhone.SpawnWithDelay
[10:56:18.6402533] [Info   :S1.42AI-DIAG1 ShyGuy Isolation] [DIAG1_OWNER_TARGET_INSTALLED] CodeRebirth BoxChute.SpawnEnemy
[10:56:18.6424000] [Info   :S1.42AI-DIAG1 ShyGuy Isolation] [DIAG1_OWNER_TARGET_INSTALLED] LethalMin Onion.WithdrawPikminFromOnion
[10:56:18.6444017] [Info   :S1.42AI-DIAG1 ShyGuy Isolation] [DIAG1_OWNER_TARGET_INSTALLED] LethalMin Onion.SetEnemyToBeRevived
[10:56:18.6463996] [Info   :S1.42AI-DIAG1 ShyGuy Isolation] [DIAG1_OWNER_TARGET_INSTALLED] LethalMin GlowSeed.SpawnGlowPikminServerRpc
[10:56:18.6484017] [Info   :S1.42AI-DIAG1 ShyGuy Isolation] [DIAG1_OWNER_TARGET_INSTALLED] LethalMin Lumiknull.DepositeItem
[10:56:18.6504010] [Info   :S1.42AI-DIAG1 ShyGuy Isolation] [DIAG1_OWNER_TARGET_INSTALLED] LethalMin Triknull.DepositeItem
[10:56:18.6519130] [Info   :S1.42AI-DIAG1 ShyGuy Isolation] [DIAG1_OWNER_TARGET_INSTALLED] LethalMin Sprout.PluckAndDespawnServerRpc
[10:56:18.6539103] [Info   :S1.42AI-DIAG1 ShyGuy Isolation] [DIAG1_OWNER_TARGET_INSTALLED] LethalMin Sprout.OnInteractEarlyOnOtherClients
[10:56:24.0260945] [Info   :S1.42AI-DIAG1 ShyGuy Isolation] [DIAG1_ITERATOR_TARGET_VALIDATED] KenjiLib KLightsEvent.PermanentPowerOffRoutine(): stateMachine='KenjiLib.Scripts.KLightsEvent+<PermanentPowerOffRoutine>d__12', MoveNext token=0x06000042.
[10:56:25.0690000] [Info   :S1.42AI-DIAG1 ShyGuy Isolation] [DIAG1_ITERATOR_TARGET_VALIDATED] KenjiLib KLightsEvent.TriggerAppyEventRoutine(): stateMachine='KenjiLib.Scripts.KLightsEvent+<TriggerAppyEventRoutine>d__13', MoveNext token=0x06000048.
[10:56:25.3318494] [Info   :S1.42AI-DIAG1 ShyGuy Isolation] [DIAG1_ITERATOR_TARGET_VALIDATED] itolib EventfulApparatus.HandleDisconnect(): stateMachine='itolib.Behaviours.Grabbables.EventfulApparatus+<HandleDisconnect>d__167', MoveNext token=0x06000440.
[10:56:25.5902735] [Info   :S1.42AI-DIAG1 ShyGuy Isolation] [DIAG1_ITERATOR_TARGET_VALIDATED] itolib TwinApparatus.HandleDisconnect(): stateMachine='itolib.PlayZone.TwinApparatus+<HandleDisconnect>d__7', MoveNext token=0x0600008D.
[10:56:31.4683316] [Warning:  HarmonyX] AccessTools.TypeByName: Could not find type named ElevatorMod.Patches.EndlessElevator
[10:56:31.4683316] [Error  :S1.42AI-DIAG1 ShyGuy Isolation] [DIAG1_COMPLEX_TARGET_INVALID] Required exact type 'ElevatorMod.Patches.EndlessElevator' was not found.
[10:56:31.4683316] [Error  :S1.42AI-DIAG1 ShyGuy Isolation] [DIAG1_COMPLEX_TARGET_INVALID] At least one complex owner target failed exact prevalidation. No complex owner patches were installed.
[10:56:31.4683316] [Error  :S1.42AI-DIAG1 ShyGuy Isolation] [DIAG1_INVALID] One or more exact complex package-owner targets/transpilers failed validation/installation. No fallback target is permitted.
[10:56:31.4753443] [Debug  :Spawn Cycle Fixes] Transpiler (Spawner): Correct time of day
[10:56:31.4828554] [Debug  :Spawn Cycle Fixes] Transpiler (Spawner): Correct time of day
[10:56:31.4903591] [Debug  :Spawn Cycle Fixes] Transpiler (Spawner): Correct time of day
[10:56:31.4963627] [Debug  :Spawn Cycle Fixes] Transpiler (Inside spawns): Correct time of day
[10:56:31.4963627] [Debug  :Spawn Cycle Fixes] Transpiler (Inside spawns): Use IndoorEnemySpawnPlacementRandom
[10:56:31.5446091] [Error  :S1.42AI-DIAG1 ShyGuy Isolation] [DIAG1_INSTALL_ROLLED_BACK] Removed all Harmony hooks owned by the DIAG1 Harmony instance after incomplete installation.
[10:56:31.5446091] [Info   :   BepInEx] Loading [TooManySuits 2.0.4]
[10:56:31.5691502] [Info   :   BepInEx] Loading [BetterVehicleControls 1.1.8]
[10:56:31.6041089] [Debug  :Buttery Fixes] Transpiler (Cruiser effects): Fix 2 audible noises at once
[10:56:31.6226363] [Debug  :ButteRyBalance] Transpiler (Cruiser): Dynamic turbo
[10:56:31.6226363] [Warning:BetterVehicleControls] AddTurboBoost failed to replace maxTurboBoosts
[10:56:31.6306385] [Debug  :ButteRyBalance] Transpiler (Cruiser): Dynamic regen/meter
[10:56:31.6306385] [Warning:BetterVehicleControls] ReactToDamage failed to replace maxTurboBoosts
[10:56:31.6331395] [Info   :   BepInEx] Loading [LobbyImprovements 1.1.4]
[10:56:31.6734298] [Warning:MoreCompany] KickPlayer failed to append reason
[10:56:31.6734298] [Warning:LethalFixes] KickPlayer failed to add reason
[10:56:31.6839450] [Debug  :Buttery Fixes] Transpiler (RoundManager.GenerateNewLevelClientRpc): Cache mold manager
[10:56:31.6839450] [Debug  :Buttery Fixes] Transpiler (RoundManager.GenerateNewLevelClientRpc): Cache mold manager
[10:56:31.7835380] [Info   :LobbyImprovements] Patches Loaded
[10:56:31.7890439] [Info   :   BepInEx] Loading [TheCabinet 1.12.1]
[10:56:32.0832577] [Debug  :PathfindingLib] Changed prefabbed NavMeshAgent Cabinet's area mask from 0xFFFFFFFF to 0xFFFFFFFF to allow traversal of non-smart off-mesh links.
[10:56:32.0842584] [Message:TheCabinet] Registering using the following string :
Experimentation:1,Assurance:0,Vow:7,Offense:0,March:8,Adamance:12,Rend:25,Dine:60,Titan:80,Embrion:40,Artifice:310,attenuation:1,retinue:8,volition:45,detritus:30,icebound:26,collateral:2,hydro:6,landslide:1,integrity:28,humidity:36,submersion:13,corrosion:2,vertigo:18,brutality:80,devastation:9,acidir:29,asteroid13:0,atlantica:0,berunah:17,calist:19,core:0,cubatres:31,demetrica:14,dreck:9,ducksteroid14:0,empra:56,etern:31,faith:19,filitrios:14,fissionc:20,gratar:0,hyve:0,hyx:20,infernis:0,junic:0,lecaro:0,motra:0,polarus:16,repress:18,roart:8,thalasso:0,trite:19,utril:11,wither:56,All:5
[10:56:32.0907610] [Debug  :TheCabinet] Registered spawn rate for level type ExperimentationLevel to 1
[10:56:32.0907610] [Debug  :TheCabinet] Registered spawn rate for level type AssuranceLevel to 0
[10:56:32.0907610] [Debug  :TheCabinet] Registered spawn rate for level type VowLevel to 7
[10:56:32.0907610] [Debug  :TheCabinet] Registered spawn rate for level type OffenseLevel to 0
[10:56:32.0907610] [Debug  :TheCabinet] Registered spawn rate for level type MarchLevel to 8
[10:56:32.0907610] [Debug  :TheCabinet] Registered spawn rate for level type AdamanceLevel to 12
[10:56:32.0907610] [Debug  :TheCabinet] Registered spawn rate for level type RendLevel to 25
[10:56:32.0907610] [Debug  :TheCabinet] Registered spawn rate for level type DineLevel to 60
[10:56:32.0907610] [Debug  :TheCabinet] Registered spawn rate for level type TitanLevel to 80
[10:56:32.0907610] [Debug  :TheCabinet] Registered spawn rate for level type EmbrionLevel to 40
[10:56:32.0907610] [Debug  :TheCabinet] Registered spawn rate for level type ArtificeLevel to 310
[10:56:32.0907610] [Debug  :TheCabinet] Registered spawn rate for custom level type attenuation to 1
[10:56:32.0907610] [Debug  :TheCabinet] Registered spawn rate for custom level type retinue to 8
[10:56:32.0907610] [Debug  :TheCabinet] Registered spawn rate for custom level type volition to 45
[10:56:32.0907610] [Debug  :TheCabinet] Registered spawn rate for custom level type detritus to 30
[10:56:32.0907610] [Debug  :TheCabinet] Registered spawn rate for custom level type icebound to 26
[10:56:32.0907610] [Debug  :TheCabinet] Registered spawn rate for custom level type collateral to 2
[10:56:32.0907610] [Debug  :TheCabinet] Registered spawn rate for custom level type hydro to 6
[10:56:32.0907610] [Debug  :TheCabinet] Registered spawn rate for custom level type landslide to 1
[10:56:32.0907610] [Debug  :TheCabinet] Registered spawn rate for custom level type integrity to 28
[10:56:32.0907610] [Debug  :TheCabinet] Registered spawn rate for custom level type humidity to 36
[10:56:32.0907610] [Debug  :TheCabinet] Registered spawn rate for custom level type submersion to 13
[10:56:32.0907610] [Debug  :TheCabinet] Registered spawn rate for custom level type corrosion to 2
[10:56:32.0907610] [Debug  :TheCabinet] Registered spawn rate for custom level type vertigo to 18
[10:56:32.0907610] [Debug  :TheCabinet] Registered spawn rate for custom level type brutality to 80
[10:56:32.0907610] [Debug  :TheCabinet] Registered spawn rate for custom level type devastation to 9
[10:56:32.0907610] [Debug  :TheCabinet] Registered spawn rate for custom level type acidir to 29
[10:56:32.0907610] [Debug  :TheCabinet] Registered spawn rate for custom level type asteroid13 to 0
[10:56:32.0907610] [Debug  :TheCabinet] Registered spawn rate for custom level type atlantica to 0
[10:56:32.0907610] [Debug  :TheCabinet] Registered spawn rate for custom level type berunah to 17
[10:56:32.0907610] [Debug  :TheCabinet] Registered spawn rate for custom level type calist to 19
[10:56:32.0907610] [Debug  :TheCabinet] Registered spawn rate for custom level type core to 0
[10:56:32.0907610] [Debug  :TheCabinet] Registered spawn rate for custom level type cubatres to 31
[10:56:32.0907610] [Debug  :TheCabinet] Registered spawn rate for custom level type demetrica to 14
[10:56:32.0907610] [Debug  :TheCabinet] Registered spawn rate for custom level type dreck to 9
[10:56:32.0907610] [Debug  :TheCabinet] Registered spawn rate for custom level type ducksteroid14 to 0
[10:56:32.0907610] [Debug  :TheCabinet] Registered spawn rate for custom level type empra to 56
[10:56:32.0907610] [Debug  :TheCabinet] Registered spawn rate for custom level type etern to 31
[10:56:32.0907610] [Debug  :TheCabinet] Registered spawn rate for custom level type faith to 19
[10:56:32.0907610] [Debug  :TheCabinet] Registered spawn rate for custom level type filitrios to 14
[10:56:32.0907610] [Debug  :TheCabinet] Registered spawn rate for custom level type fissionc to 20
[10:56:32.0907610] [Debug  :TheCabinet] Registered spawn rate for custom level type gratar to 0
[10:56:32.0907610] [Debug  :TheCabinet] Registered spawn rate for custom level type hyve to 0
[10:56:32.0907610] [Debug  :TheCabinet] Registered spawn rate for custom level type hyx to 20
[10:56:32.0907610] [Debug  :TheCabinet] Registered spawn rate for custom level type infernis to 0
[10:56:32.0907610] [Debug  :TheCabinet] Registered spawn rate for custom level type junic to 0
[10:56:32.0907610] [Debug  :TheCabinet] Registered spawn rate for custom level type lecaro to 0
[10:56:32.0907610] [Debug  :TheCabinet] Registered spawn rate for custom level type motra to 0
[10:56:32.0907610] [Debug  :TheCabinet] Registered spawn rate for custom level type polarus to 16
[10:56:32.0907610] [Debug  :TheCabinet] Registered spawn rate for custom level type repress to 18
[10:56:32.0907610] [Debug  :TheCabinet] Registered spawn rate for custom level type roart to 8
[10:56:32.0907610] [Debug  :TheCabinet] Registered spawn rate for custom level type thalasso to 0
[10:56:32.0907610] [Debug  :TheCabinet] Registered spawn rate for custom level type trite to 19
[10:56:32.0907610] [Debug  :TheCabinet] Registered spawn rate for custom level type utril to 11
[10:56:32.0907610] [Debug  :TheCabinet] Registered spawn rate for custom level type wither to 56
[10:56:32.0907610] [Debug  :TheCabinet] Registered spawn rate for level type All to 5
[10:56:32.0917649] [Info   :TheCabinet] Plugin VectorV.TheCabinet is loaded!
[10:56:32.0917649] [Info   :   BepInEx] Loading [MaskedInvisFix 0.0.3]
[10:56:32.0937707] [Debug  :MaskedInvisFix] Patching...
[10:56:32.1072315] [Debug  :MaskedInvisFix] Finished patching!
[10:56:32.1072315] [Info   :MaskedInvisFix] VirusTLNR.MaskedInvisFix v0.0.3 has loaded!
[10:56:32.1072315] [Info   :   BepInEx] Loading [RandomEnemiesSize 1.1.20]
[10:56:32.1161819] [Info   :RandomEnemiesSize] RandomEnemiesSize starting....
[10:56:32.1226947] [Info   : Unity Log] LethalLevelLoader found !
[10:56:32.1327230] [Debug  :ainavt.lc.lethalconfig] Registered config "RandomEnemiesSize/General/ChanceOfRandomSize"
[10:56:32.1327230] [Debug  :ainavt.lc.lethalconfig] Registered config "RandomEnemiesSize/General/MinMonstersSizeIndoor"
[10:56:32.1337234] [Debug  :ainavt.lc.lethalconfig] Registered config "RandomEnemiesSize/General/MaxMonstersSizeIndoor"
[10:56:32.1347233] [Debug  :ainavt.lc.lethalconfig] Registered config "RandomEnemiesSize/General/MinMonstersSizeOutdoor"
[10:56:32.1347233] [Debug  :ainavt.lc.lethalconfig] Registered config "RandomEnemiesSize/General/MaxMonstersSizeOutdoor"
[10:56:32.1357219] [Debug  :ainavt.lc.lethalconfig] Registered config "RandomEnemiesSize/Custom/AffectVanillaEnemies"
[10:56:32.1357219] [Debug  :ainavt.lc.lethalconfig] Registered config "RandomEnemiesSize/Custom/AffectModdedEnemies"
[10:56:32.1367227] [Debug  :ainavt.lc.lethalconfig] Registered config "RandomEnemiesSize/Custom/CustomEnemiesSize"
[10:56:32.1377234] [Debug  :ainavt.lc.lethalconfig] Registered config "RandomEnemiesSize/Custom/CustomInteriorsSize"
[10:56:32.1377234] [Debug  :ainavt.lc.lethalconfig] Registered config "RandomEnemiesSize/Custom/CustomMoonEnemiesSize"
[10:56:32.1387242] [Debug  :ainavt.lc.lethalconfig] Registered config "RandomEnemiesSize/Custom/CustomFixedEnemiesSize"
[10:56:32.1387242] [Debug  :ainavt.lc.lethalconfig] Registered config "RandomEnemiesSize/Turret/AffectTurretSize"
[10:56:32.1397267] [Debug  :ainavt.lc.lethalconfig] Registered config "RandomEnemiesSize/Turret/MinTurretSize"
[10:56:32.1407227] [Debug  :ainavt.lc.lethalconfig] Registered config "RandomEnemiesSize/Turret/MaxTurretSize"
[10:56:32.1407227] [Debug  :ainavt.lc.lethalconfig] Registered config "RandomEnemiesSize/Landmine/AffectLandMineSize"
[10:56:32.1418020] [Debug  :ainavt.lc.lethalconfig] Registered config "RandomEnemiesSize/Landmine/MinLandMinesSize"
[10:56:32.1418020] [Debug  :ainavt.lc.lethalconfig] Registered config "RandomEnemiesSize/Landmine/MaxLandMinesSize"
[10:56:32.1428020] [Debug  :ainavt.lc.lethalconfig] Registered config "RandomEnemiesSize/SpikeTrap/AffectSpikeTrapSize"
[10:56:32.1428020] [Debug  :ainavt.lc.lethalconfig] Registered config "RandomEnemiesSize/SpikeTrap/MinSpikeTrapSize"
[10:56:32.1438050] [Debug  :ainavt.lc.lethalconfig] Registered config "RandomEnemiesSize/SpikeTrap/MaxSpikeTrapSize"
[10:56:32.1438050] [Debug  :ainavt.lc.lethalconfig] Registered config "RandomEnemiesSize/ModdedHazard/AffectModdedHazard"
[10:56:32.1448019] [Debug  :ainavt.lc.lethalconfig] Registered config "RandomEnemiesSize/ModdedHazard/MinModdedHazardSize"
[10:56:32.1458300] [Debug  :ainavt.lc.lethalconfig] Registered config "RandomEnemiesSize/ModdedHazard/MaxModdedHazardSize"
[10:56:32.1458300] [Debug  :ainavt.lc.lethalconfig] Registered config "RandomEnemiesSize/Influences/InfluenceHp"
[10:56:32.1468313] [Debug  :ainavt.lc.lethalconfig] Registered config "RandomEnemiesSize/Influences/InfluenceSound"
[10:56:32.1478318] [Debug  :ainavt.lc.lethalconfig] Registered config "RandomEnemiesSize/Influences/InfluenceSoundMinPitch"
[10:56:32.1478318] [Debug  :ainavt.lc.lethalconfig] Registered config "RandomEnemiesSize/Influences/InfluenceSoundMaxPitch"
[10:56:32.1488330] [Debug  :ainavt.lc.lethalconfig] Registered config "RandomEnemiesSize/Influences/InfluenceBeehive"
[10:56:32.1488330] [Debug  :ainavt.lc.lethalconfig] Registered config "RandomEnemiesSize/Influences/influenceSapsuckerEggs"
[10:56:32.1503366] [Debug  :ainavt.lc.lethalconfig] Registered config "RandomEnemiesSize/FunMode/FunMode"
[10:56:32.1503366] [Debug  :ainavt.lc.lethalconfig] Registered config "RandomEnemiesSize/FunMode/FunModeHorizontalSizeMin"
[10:56:32.1513434] [Debug  :ainavt.lc.lethalconfig] Registered config "RandomEnemiesSize/FunMode/FunModeHorizontalSizeMax"
[10:56:32.1513434] [Debug  :ainavt.lc.lethalconfig] Registered config "RandomEnemiesSize/FunMode/LockHorizontalAxis"
[10:56:32.1523433] [Debug  :ainavt.lc.lethalconfig] Registered config "RandomEnemiesSize/DEV/DevLogs"
[10:56:32.1829767] [Debug  :Buttery Fixes] Transpiler (RoundManager.GenerateNewLevelClientRpc): Cache mold manager
[10:56:32.1829767] [Debug  :Buttery Fixes] Transpiler (RoundManager.GenerateNewLevelClientRpc): Cache mold manager
[10:56:32.1869736] [Info   :RandomEnemiesSize] RandomEnemiesSize Patched !!
[10:56:32.1879762] [Info   :   BepInEx] Loading [ReXuvination 1.1.0]
[10:56:32.1889752] [Info   :ReXuvination] Initializing Configs
[10:56:32.1904796] [Info   :ReXuvination] Patching Methods
[10:56:32.2175751] [Info   :ReXuvination] ReXuvination v1.1.0 Loaded! also you lost the game!
[10:56:32.2175751] [Info   :   BepInEx] Loading [SoftMaskKiller 0.0.1]
[10:56:32.2236095] [Info   :SoftMaskKiller] Initializing Configs
[10:56:32.2306133] [Info   :SoftMaskKiller] Patching Methods
[10:56:32.2377501] [Info   :SoftMaskKiller] SoftMaskKiller v0.0.1 Loaded!
[10:56:32.2377501] [Info   :   BepInEx] Loading [PathfindingLagFix 2.4.2]
[10:56:32.2453263] [Info   :PathfindingLagFix] Zaggy1024.PathfindingLagFix 2.4.2 is using preset OnlyFixes with options:
[10:56:32.4048964] [Info   :   BepInEx] Loading [LC Always Hear Active Walkies Fork 1.6.0]
[10:56:32.4673233] [Debug  :Jetpack Fixes] Transpiler: Replace "Gravity" with "Inertia"
[10:56:32.4673233] [Debug  :Jetpack Fixes] Transpiler: Replace "Gravity" with "Inertia"
[10:56:32.4673233] [Debug  :Jetpack Fixes] Transpiler: Replace "Gravity" with "Inertia"
[10:56:32.4946566] [Info   :ZetaArcade.LCAlwaysHearActiveWalkieFork] \ /
[10:56:32.5006554] [Info   :ZetaArcade.LCAlwaysHearActiveWalkieFork] /|\
[10:56:32.5006554] [Info   :ZetaArcade.LCAlwaysHearActiveWalkieFork]  |----|
[10:56:32.5006554] [Info   :ZetaArcade.LCAlwaysHearActiveWalkieFork]  |[__]| Always Hear Active Walkies
[10:56:32.5006554] [Info   :ZetaArcade.LCAlwaysHearActiveWalkieFork]  |.  .| Version 1.6.0 Loaded
[10:56:32.5006554] [Info   :ZetaArcade.LCAlwaysHearActiveWalkieFork]  |____|
[10:56:32.5006554] [Info   :ZetaArcade.LCAlwaysHearActiveWalkieFork] 
[10:56:32.5006554] [Info   :ZetaArcade.LCAlwaysHearActiveWalkieFork] AudibleDistance: 12
[10:56:32.5006554] [Info   :ZetaArcade.LCAlwaysHearActiveWalkieFork] WalkieRecordingRange: 20
[10:56:32.5006554] [Info   :ZetaArcade.LCAlwaysHearActiveWalkieFork] PlayerToPlayerSpatialHearingRange: 20
[10:56:32.5006554] [Info   :   BepInEx] Loading [PremiumScraps 2.5.0]
[10:56:33.0987932] [Debug  :Jetpack Fixes] Transpiler: Replace "Gravity" with "Inertia"
[10:56:33.0987932] [Debug  :Jetpack Fixes] Transpiler: Replace "Gravity" with "Inertia"
[10:56:33.0987932] [Debug  :Jetpack Fixes] Transpiler: Replace "Gravity" with "Inertia"
[10:56:33.2112460] [Debug  :Jetpack Fixes] Transpiler: Replace "Gravity" with "Inertia"
[10:56:33.2112460] [Debug  :Jetpack Fixes] Transpiler: Replace "Gravity" with "Inertia"
[10:56:33.2112460] [Debug  :Jetpack Fixes] Transpiler: Replace "Gravity" with "Inertia"
[10:56:33.2670425] [Info   :PremiumScraps] PremiumScraps is loaded !
[10:56:33.2766061] [Info   :   BepInEx] Loading [ChillaxScraps 1.6.6]
[10:56:34.3916744] [Info   :ChillaxScraps] ChillaxScraps is loaded !
[10:56:34.3976717] [Info   :me.loaforc.soundapi] Starting Sound-pack loading pipeline
[10:56:34.4142389] [Info   :me.loaforc.soundapi] (Step 1) Loading Sound-pack definitions took 10ms
[10:56:34.4142389] [Warning:me.loaforc.soundapi] No sound-packs were found to load! This can be ignorable if you're doing testing or using SoundAPI for another purpose, but if you expected sound-packs to load you may have set it up incorrectly.
[10:56:34.4142389] [Info   :me.loaforc.soundapi] (Step 2) Loading Sound-pack mappings ('0') took 0ms
[10:56:34.4142389] [Info   :me.loaforc.soundapi] (Step 3) Skipped 0 collection(s), 0 replacement(s), 0 sound(s)
[10:56:34.4142389] [Info   :me.loaforc.soundapi] (Step 3) Loading sound replacement collections took 0ms
[10:56:34.4142389] [Info   :me.loaforc.soundapi] (Step 4) Started loading 0 audio file(s)
[10:56:34.4142389] [Info   :me.loaforc.soundapi] Waiting for splash screens to complete to continue...
[10:56:34.4152397] [Message:   BepInEx] Chainloader startup complete
[10:56:34.4162407] [Info   :LethalLevelLoader] Patching TimeOfDay speed multipliers!
[10:56:34.4257532] [Info   :LethalLevelLoader] DawnLib found! Enabling compatibility patches...
[10:56:34.4348931] [Info   :LethalLevelLoader] LethalLib found! Enabling compatibility patches...
[10:56:34.4916569] [Info   :LethalLevelLoader] Additional LethalLevelLoader Compatibilities Done.
[10:56:36.1978644] [Info   :LethalLevelLoader] cabalmoon.lethalbundle Loaded (100.09s)!
[10:56:36.2792725] [Info   :LethalLevelLoader] flickermoon.lethalbundle Loaded (100.17s)!
[10:56:36.3108183] [Info   :LethalLevelLoader] pareidoliamoon.lethalbundle Loaded (100.2s)!
[10:56:36.3443612] [Info   :LethalLevelLoader] abaddonmoon.lethalbundle Loaded (100.24s)!
[10:56:36.3618846] [Info   :LethalLevelLoader] shuttermoon.lethalbundle Loaded (100.25s)!
[10:56:36.5551747] [Info   :LethalLevelLoader] vigilancemoon.lethalbundle Loaded (100.44s)!
[10:56:36.8520073] [Info   :LethalLevelLoader] 1load bearing awesome doohickey blaster.lethalbundle Loaded (100.74s)!
[10:56:37.2506884] [Info   :LethalLevelLoader] lamentmoon.lethalbundle Loaded (101.14s)!
[10:56:37.2970372] [Debug  :PathfindingLib] Changed prefabbed NavMeshAgent IrisMaskVariant's area mask from 0xFFFFFFFF to 0xFFFFFFFF to allow traversal of non-smart off-mesh links.
[10:56:37.2990363] [Info   :LethalLevelLoader] geminimoon.lethalbundle Loaded (101.19s)!
[10:56:37.3849214] [Warning: Unity Log] The referenced script (ElevatorMod.Patches.ElevatorStartRoom) on this Behaviour is missing!
[10:56:37.3849214] [Warning: Unity Log] The referenced script (ElevatorMod.Patches.FloorNumber) on this Behaviour is missing!
[10:56:37.3979393] [Warning: Unity Log] The referenced script on this Behaviour (Game Object 'DPF_EntryRoom') is missing!
[10:56:37.4444851] [Warning: Unity Log] The referenced script on this Behaviour (Game Object 'DPF_EntryRoom') is missing!
[10:56:37.5478192] [Info   :LethalLevelLoader] dungeon_abandonedfoundry.lethalbundle Loaded (101.44s)!
[10:56:37.5673896] [Info   :LethalLevelLoader] generic scrap bunker crowbar.lethalbundle Loaded (101.45s)!
[10:56:37.7549058] [Info   :LethalLevelLoader] dungeon_caverns.lethalbundle Loaded (101.65s)!
[10:56:37.8577306] [Warning: Unity Log] The referenced script (ElevatorMod.Patches.ElevatorStartRoom) on this Behaviour is missing!
[10:56:37.8577306] [Warning: Unity Log] The referenced script on this Behaviour (Game Object '') is missing!
[10:56:37.8772553] [Warning: Unity Log] The referenced script (ElevatorMod.Patches.FloorNumber) on this Behaviour is missing!
[10:56:37.8772553] [Warning: Unity Log] The referenced script on this Behaviour (Game Object '') is missing!
[10:56:37.9435816] [Info   :LethalLevelLoader] dungeon_subsystem.lethalbundle Loaded (101.84s)!
[10:56:37.9663963] [Info   :LethalLevelLoader] generic scrap bunker impact grenade.lethalbundle Loaded (101.85s)!
[10:56:37.9814310] [Info   :LethalLevelLoader] generic scrap bunker jammer.lethalbundle Loaded (101.87s)!
[10:56:38.0205306] [Warning: Unity Log] The referenced script (ElevatorMod.Patches.ElevatorStartRoom) on this Behaviour is missing!
[10:56:38.0205306] [Warning: Unity Log] The referenced script on this Behaviour (Game Object '') is missing!
[10:56:38.0515820] [Warning: Unity Log] The referenced script (ElevatorMod.Patches.FloorNumber) on this Behaviour is missing!
[10:56:38.0545820] [Warning: Unity Log] The referenced script on this Behaviour (Game Object 'STU_EntryLobby') is missing!
[10:56:38.0970298] [Info   :LethalLevelLoader] dungeon_studio.lethalbundle Loaded (101.99s)!
[10:56:38.3328298] [Info   :LethalLevelLoader] dungeon_ravenmanor.lethalbundle Loaded (102.23s)!
[10:56:38.3348295] [Info   :LethalLevelLoader] jll config generic interiors.lethalbundle Loaded (102.22s)!
[10:56:38.3460152] [Info   :LethalLevelLoader] generic scrap bunker general.lethalbundle Loaded (102.23s)!
[10:56:38.3540353] [Info   :LethalLevelLoader] generic scrap tower elevator key.lethalbundle Loaded (102.24s)!
[10:56:38.3615450] [Info   :LethalLevelLoader] generic scrap bunker single shotgun.lethalbundle Loaded (102.25s)!
[10:56:38.3690549] [Info   :LethalLevelLoader] generic scrap bunker military shotgun.lethalbundle Loaded (102.26s)!
[10:56:38.3735628] [Info   :LethalLevelLoader] arcadiamod.lethalbundle Loaded (102.26s)!
[10:56:38.4728538] [Warning: Unity Log] The referenced script (ElevatorMod.Patches.ElevatorStartRoom) on this Behaviour is missing!
[10:56:38.4728538] [Warning: Unity Log] The referenced script on this Behaviour (Game Object '') is missing!
[10:56:38.4783623] [Warning: Unity Log] The referenced script (ElevatorMod.Patches.FloorNumber) on this Behaviour is missing!
[10:56:38.4783623] [Warning: Unity Log] The referenced script on this Behaviour (Game Object '') is missing!
[10:56:38.6669575] [Info   :LethalLevelLoader] dungeon_grayapartments.lethalbundle Loaded (102.56s)!
[10:56:39.4631280] [Info   :LethalLevelLoader] dungeon_acf.lethalbundle Loaded (103.36s)!
[10:56:39.4946722] [Info   :LethalLevelLoader] egypt.lethalbundle Loaded (103.38s)!
[10:56:39.6187698] [Warning: Unity Log] The referenced script (UnityMeshSimplifier.LODBackupComponent) on this Behaviour is missing!
[10:56:39.7929857] [Warning: Unity Log] The referenced script on this Behaviour (Game Object 'GameObject (3)') is missing!
[10:56:39.9056553] [Info   :LethalLevelLoader] storagecomplex.lethalbundle Loaded (103.8s)!
[10:56:40.2988878] [Info   :LethalLevelLoader] atlanticdungeoninterior.lethalbundle Loaded (104.19s)!
[10:56:40.6320032] [Info   :LethalLevelLoader] fracturedcomplex.lethalbundle Loaded (104.52s)!
[10:56:40.6665613] [Warning: Unity Log] The referenced script (UnityMeshSimplifier.LODBackupComponent) on this Behaviour is missing!
[10:56:40.6665613] [Warning: Unity Log] The referenced script on this Behaviour (Game Object '') is missing!
[10:56:40.6872979] [Warning: Unity Log] The referenced script (UnityMeshSimplifier.LODBackupComponent) on this Behaviour is missing!
[10:56:40.6872979] [Warning: Unity Log] The referenced script (UnityMeshSimplifier.LODBackupComponent) on this Behaviour is missing!
[10:56:40.6918148] [Warning: Unity Log] The referenced script (UnityMeshSimplifier.LODBackupComponent) on this Behaviour is missing!
[10:56:40.6918148] [Warning: Unity Log] The referenced script (UnityMeshSimplifier.LODBackupComponent) on this Behaviour is missing!
[10:56:40.6928192] [Warning: Unity Log] The referenced script (UnityMeshSimplifier.LODBackupComponent) on this Behaviour is missing!
[10:56:40.6928192] [Warning: Unity Log] The referenced script (UnityMeshSimplifier.LODBackupComponent) on this Behaviour is missing!
[10:56:40.6928192] [Warning: Unity Log] The referenced script on this Behaviour (Game Object '') is missing!
[10:56:40.6938191] [Warning: Unity Log] The referenced script (UnityMeshSimplifier.LODBackupComponent) on this Behaviour is missing!
[10:56:40.6938191] [Warning: Unity Log] The referenced script on this Behaviour (Game Object '') is missing!
[10:56:40.6938191] [Warning: Unity Log] The referenced script (UnityMeshSimplifier.LODBackupComponent) on this Behaviour is missing!
[10:56:40.6938191] [Warning: Unity Log] The referenced script on this Behaviour (Game Object '') is missing!
[10:56:40.6938191] [Warning: Unity Log] The referenced script (UnityMeshSimplifier.LODBackupComponent) on this Behaviour is missing!
[10:56:40.6938191] [Warning: Unity Log] The referenced script on this Behaviour (Game Object '') is missing!
[10:56:40.6973661] [Warning: Unity Log] The referenced script (UnityMeshSimplifier.LODBackupComponent) on this Behaviour is missing!
[10:56:40.6973661] [Warning: Unity Log] The referenced script on this Behaviour (Game Object '') is missing!
[10:56:40.6973661] [Warning: Unity Log] The referenced script (UnityMeshSimplifier.LODBackupComponent) on this Behaviour is missing!
[10:56:40.6973661] [Warning: Unity Log] The referenced script (UnityMeshSimplifier.LODBackupComponent) on this Behaviour is missing!
[10:56:40.6973661] [Warning: Unity Log] The referenced script on this Behaviour (Game Object '') is missing!
[10:56:40.6983652] [Warning: Unity Log] The referenced script (UnityMeshSimplifier.LODBackupComponent) on this Behaviour is missing!
[10:56:40.6983652] [Warning: Unity Log] The referenced script (UnityMeshSimplifier.LODBackupComponent) on this Behaviour is missing!
[10:56:40.6993670] [Warning: Unity Log] The referenced script (UnityMeshSimplifier.LODBackupComponent) on this Behaviour is missing!
[10:56:40.6993670] [Warning: Unity Log] The referenced script (UnityMeshSimplifier.LODBackupComponent) on this Behaviour is missing!
[10:56:40.6993670] [Warning: Unity Log] The referenced script on this Behaviour (Game Object '') is missing!
[10:56:40.6993670] [Warning: Unity Log] The referenced script (UnityMeshSimplifier.LODBackupComponent) on this Behaviour is missing!
[10:56:40.6993670] [Warning: Unity Log] The referenced script (UnityMeshSimplifier.LODBackupComponent) on this Behaviour is missing!
[10:56:40.7008705] [Warning: Unity Log] The referenced script (UnityMeshSimplifier.LODBackupComponent) on this Behaviour is missing!
[10:56:40.7018760] [Warning: Unity Log] The referenced script (UnityMeshSimplifier.LODBackupComponent) on this Behaviour is missing!
[10:56:40.7018760] [Warning: Unity Log] The referenced script (UnityMeshSimplifier.LODBackupComponent) on this Behaviour is missing!
[10:56:40.7018760] [Warning: Unity Log] The referenced script on this Behaviour (Game Object '') is missing!
[10:56:40.7028800] [Warning: Unity Log] The referenced script (UnityMeshSimplifier.LODBackupComponent) on this Behaviour is missing!
[10:56:40.7028800] [Warning: Unity Log] The referenced script on this Behaviour (Game Object '') is missing!
[10:56:40.7038810] [Warning: Unity Log] The referenced script (UnityMeshSimplifier.LODBackupComponent) on this Behaviour is missing!
[10:56:40.7048800] [Warning: Unity Log] The referenced script (UnityMeshSimplifier.LODBackupComponent) on this Behaviour is missing!
[10:56:40.7058821] [Warning: Unity Log] The referenced script (UnityMeshSimplifier.LODBackupComponent) on this Behaviour is missing!
[10:56:40.7058821] [Warning: Unity Log] The referenced script on this Behaviour (Game Object '') is missing!
[10:56:40.7068838] [Warning: Unity Log] The referenced script on this Behaviour (Game Object 'CreeperVine (2)') is missing!
[10:56:40.7078801] [Warning: Unity Log] The referenced script (UnityMeshSimplifier.LODBackupComponent) on this Behaviour is missing!
[10:56:40.7078801] [Warning: Unity Log] The referenced script on this Behaviour (Game Object '') is missing!
[10:56:40.7078801] [Warning: Unity Log] The referenced script (UnityMeshSimplifier.LODBackupComponent) on this Behaviour is missing!
[10:56:40.7078801] [Warning: Unity Log] The referenced script on this Behaviour (Game Object '') is missing!
[10:56:40.7078801] [Warning: Unity Log] The referenced script (UnityMeshSimplifier.LODBackupComponent) on this Behaviour is missing!
[10:56:40.7078801] [Warning: Unity Log] The referenced script on this Behaviour (Game Object '') is missing!
[10:56:40.7098808] [Warning: Unity Log] The referenced script (UnityMeshSimplifier.LODBackupComponent) on this Behaviour is missing!
[10:56:40.7098808] [Warning: Unity Log] The referenced script on this Behaviour (Game Object '') is missing!
[10:56:40.7098808] [Warning: Unity Log] The referenced script (UnityMeshSimplifier.LODBackupComponent) on this Behaviour is missing!
[10:56:40.7133911] [Warning: Unity Log] The referenced script (UnityMeshSimplifier.LODBackupComponent) on this Behaviour is missing!
[10:56:40.7133911] [Warning: Unity Log] The referenced script (UnityMeshSimplifier.LODBackupComponent) on this Behaviour is missing!
[10:56:40.7133911] [Warning: Unity Log] The referenced script (UnityMeshSimplifier.LODBackupComponent) on this Behaviour is missing!
[10:56:40.7133911] [Warning: Unity Log] The referenced script on this Behaviour (Game Object '') is missing!
[10:56:40.7148939] [Warning: Unity Log] The referenced script (UnityMeshSimplifier.LODBackupComponent) on this Behaviour is missing!
[10:56:40.7148939] [Warning: Unity Log] The referenced script on this Behaviour (Game Object '') is missing!
[10:56:40.7158982] [Warning: Unity Log] The referenced script (UnityMeshSimplifier.LODBackupComponent) on this Behaviour is missing!
[10:56:40.7158982] [Warning: Unity Log] The referenced script (UnityMeshSimplifier.LODBackupComponent) on this Behaviour is missing!
[10:56:40.7208998] [Warning: Unity Log] The referenced script (UnityMeshSimplifier.LODBackupComponent) on this Behaviour is missing!
[10:56:40.7208998] [Warning: Unity Log] The referenced script on this Behaviour (Game Object '') is missing!
[10:56:40.7219636] [Warning: Unity Log] The referenced script (UnityMeshSimplifier.LODBackupComponent) on this Behaviour is missing!
[10:56:40.7229678] [Warning: Unity Log] The referenced script on this Behaviour (Game Object 'Plane.031 (25)') is missing!
[10:56:40.7229678] [Warning: Unity Log] The referenced script (UnityMeshSimplifier.LODBackupComponent) on this Behaviour is missing!
[10:56:40.7229678] [Warning: Unity Log] The referenced script on this Behaviour (Game Object '') is missing!
[10:56:40.7239682] [Warning: Unity Log] The referenced script (UnityMeshSimplifier.LODBackupComponent) on this Behaviour is missing!
[10:56:40.7239682] [Warning: Unity Log] The referenced script on this Behaviour (Game Object '') is missing!
[10:56:40.7239682] [Warning: Unity Log] The referenced script (UnityMeshSimplifier.LODBackupComponent) on this Behaviour is missing!
[10:56:40.7239682] [Warning: Unity Log] The referenced script on this Behaviour (Game Object '') is missing!
[10:56:40.7239682] [Warning: Unity Log] The referenced script (UnityMeshSimplifier.LODBackupComponent) on this Behaviour is missing!
[10:56:40.7239682] [Warning: Unity Log] The referenced script (UnityMeshSimplifier.LODBackupComponent) on this Behaviour is missing!
[10:56:40.7239682] [Warning: Unity Log] The referenced script on this Behaviour (Game Object '') is missing!
[10:56:40.7249673] [Warning: Unity Log] The referenced script (UnityMeshSimplifier.LODBackupComponent) on this Behaviour is missing!
[10:56:40.7249673] [Warning: Unity Log] The referenced script on this Behaviour (Game Object '') is missing!
[10:56:40.7259670] [Warning: Unity Log] The referenced script (UnityMeshSimplifier.LODBackupComponent) on this Behaviour is missing!
[10:56:40.7324752] [Warning: Unity Log] The referenced script (UnityMeshSimplifier.LODBackupComponent) on this Behaviour is missing!
[10:56:40.7324752] [Warning: Unity Log] The referenced script (UnityMeshSimplifier.LODBackupComponent) on this Behaviour is missing!
[10:56:40.7324752] [Warning: Unity Log] The referenced script on this Behaviour (Game Object '') is missing!
[10:56:40.7324752] [Warning: Unity Log] The referenced script (UnityMeshSimplifier.LODBackupComponent) on this Behaviour is missing!
[10:56:40.7324752] [Warning: Unity Log] The referenced script on this Behaviour (Game Object '') is missing!
[10:56:40.7429831] [Warning: Unity Log] The referenced script (UnityMeshSimplifier.LODBackupComponent) on this Behaviour is missing!
[10:56:40.7429831] [Warning: Unity Log] The referenced script on this Behaviour (Game Object '') is missing!
[10:56:40.7439824] [Warning: Unity Log] The referenced script (UnityMeshSimplifier.LODBackupComponent) on this Behaviour is missing!
[10:56:40.7459806] [Warning: Unity Log] The referenced script (UnityMeshSimplifier.LODBackupComponent) on this Behaviour is missing!
[10:56:40.7459806] [Warning: Unity Log] The referenced script (UnityMeshSimplifier.LODBackupComponent) on this Behaviour is missing!
[10:56:40.7459806] [Warning: Unity Log] The referenced script on this Behaviour (Game Object '') is missing!
[10:56:40.7469840] [Warning: Unity Log] The referenced script (UnityMeshSimplifier.LODBackupComponent) on this Behaviour is missing!
[10:56:40.7469840] [Warning: Unity Log] The referenced script on this Behaviour (Game Object '') is missing!
[10:56:40.7479823] [Warning: Unity Log] The referenced script (UnityMeshSimplifier.LODBackupComponent) on this Behaviour is missing!
[10:56:40.7479823] [Warning: Unity Log] The referenced script (UnityMeshSimplifier.LODBackupComponent) on this Behaviour is missing!
[10:56:40.7479823] [Warning: Unity Log] The referenced script on this Behaviour (Game Object '') is missing!
[10:56:40.7489833] [Warning: Unity Log] The referenced script (UnityMeshSimplifier.LODBackupComponent) on this Behaviour is missing!
[10:56:40.7514917] [Warning: Unity Log] The referenced script (UnityMeshSimplifier.LODBackupComponent) on this Behaviour is missing!
[10:56:40.7524906] [Warning: Unity Log] The referenced script (UnityMeshSimplifier.LODBackupComponent) on this Behaviour is missing!
[10:56:40.7524906] [Warning: Unity Log] The referenced script on this Behaviour (Game Object '') is missing!
[10:56:40.7524906] [Warning: Unity Log] The referenced script (UnityMeshSimplifier.LODBackupComponent) on this Behaviour is missing!
[10:56:40.7534913] [Warning: Unity Log] The referenced script on this Behaviour (Game Object '') is missing!
[10:56:40.7554893] [Warning: Unity Log] The referenced script (UnityMeshSimplifier.LODBackupComponent) on this Behaviour is missing!
[10:56:40.7554893] [Warning: Unity Log] The referenced script (UnityMeshSimplifier.LODBackupComponent) on this Behaviour is missing!
[10:56:40.7554893] [Warning: Unity Log] The referenced script on this Behaviour (Game Object '') is missing!
[10:56:40.7564905] [Warning: Unity Log] The referenced script (UnityMeshSimplifier.LODBackupComponent) on this Behaviour is missing!
[10:56:40.7564905] [Warning: Unity Log] The referenced script on this Behaviour (Game Object '') is missing!
[10:56:40.7564905] [Warning: Unity Log] The referenced script (UnityMeshSimplifier.LODBackupComponent) on this Behaviour is missing!
[10:56:40.7564905] [Warning: Unity Log] The referenced script on this Behaviour (Game Object '') is missing!
[10:56:40.7584916] [Warning: Unity Log] The referenced script (UnityMeshSimplifier.LODBackupComponent) on this Behaviour is missing!
[10:56:40.7584916] [Warning: Unity Log] The referenced script on this Behaviour (Game Object '') is missing!
[10:56:40.7594913] [Warning: Unity Log] The referenced script (UnityMeshSimplifier.LODBackupComponent) on this Behaviour is missing!
[10:56:40.7594913] [Warning: Unity Log] The referenced script (UnityMeshSimplifier.LODBackupComponent) on this Behaviour is missing!
[10:56:40.7594913] [Warning: Unity Log] The referenced script (UnityMeshSimplifier.LODBackupComponent) on this Behaviour is missing!
[10:56:40.7594913] [Warning: Unity Log] The referenced script (UnityMeshSimplifier.LODBackupComponent) on this Behaviour is missing!
[10:56:40.7604921] [Warning: Unity Log] The referenced script (UnityMeshSimplifier.LODBackupComponent) on this Behaviour is missing!
[10:56:40.7604921] [Warning: Unity Log] The referenced script on this Behaviour (Game Object '') is missing!
[10:56:40.7615120] [Warning: Unity Log] The referenced script on this Behaviour (Game Object 'BushyBuish') is missing!
[10:56:40.7615120] [Warning: Unity Log] The referenced script (UnityMeshSimplifier.LODBackupComponent) on this Behaviour is missing!
[10:56:40.7615120] [Warning: Unity Log] The referenced script on this Behaviour (Game Object 'CreeperVine (4)') is missing!
[10:56:40.7615120] [Warning: Unity Log] The referenced script on this Behaviour (Game Object 'BushyBuish') is missing!
[10:56:40.7635106] [Warning: Unity Log] The referenced script (UnityMeshSimplifier.LODBackupComponent) on this Behaviour is missing!
[10:56:40.7635106] [Warning: Unity Log] The referenced script on this Behaviour (Game Object '') is missing!
[10:56:40.7650158] [Warning: Unity Log] The referenced script (UnityMeshSimplifier.LODBackupComponent) on this Behaviour is missing!
[10:56:40.7705224] [Warning: Unity Log] The referenced script (UnityMeshSimplifier.LODBackupComponent) on this Behaviour is missing!
[10:56:40.7715270] [Warning: Unity Log] The referenced script (UnityMeshSimplifier.LODBackupComponent) on this Behaviour is missing!
[10:56:40.7715270] [Warning: Unity Log] The referenced script on this Behaviour (Game Object '') is missing!
[10:56:40.7725271] [Warning: Unity Log] The referenced script (UnityMeshSimplifier.LODBackupComponent) on this Behaviour is missing!
[10:56:40.7725271] [Warning: Unity Log] The referenced script on this Behaviour (Game Object '') is missing!
[10:56:40.7735292] [Warning: Unity Log] The referenced script (UnityMeshSimplifier.LODBackupComponent) on this Behaviour is missing!
[10:56:40.7735292] [Warning: Unity Log] The referenced script on this Behaviour (Game Object 'CreeperVine (2)') is missing!
[10:56:40.7745299] [Warning: Unity Log] The referenced script (UnityMeshSimplifier.LODBackupComponent) on this Behaviour is missing!
[10:56:40.7745299] [Warning: Unity Log] The referenced script on this Behaviour (Game Object '') is missing!
[10:56:40.7755268] [Warning: Unity Log] The referenced script (UnityMeshSimplifier.LODBackupComponent) on this Behaviour is missing!
[10:56:40.7755268] [Warning: Unity Log] The referenced script (UnityMeshSimplifier.LODBackupComponent) on this Behaviour is missing!
[10:56:40.7775264] [Warning: Unity Log] The referenced script (UnityMeshSimplifier.LODBackupComponent) on this Behaviour is missing!
[10:56:40.7775264] [Warning: Unity Log] The referenced script (UnityMeshSimplifier.LODBackupComponent) on this Behaviour is missing!
[10:56:40.7775264] [Warning: Unity Log] The referenced script on this Behaviour (Game Object '') is missing!
[10:56:40.7775264] [Warning: Unity Log] The referenced script (UnityMeshSimplifier.LODBackupComponent) on this Behaviour is missing!
[10:56:40.7775264] [Warning: Unity Log] The referenced script on this Behaviour (Game Object '') is missing!
[10:56:40.7790316] [Warning: Unity Log] The referenced script (UnityMeshSimplifier.LODBackupComponent) on this Behaviour is missing!
[10:56:40.7790316] [Warning: Unity Log] The referenced script (UnityMeshSimplifier.LODBackupComponent) on this Behaviour is missing!
[10:56:40.7790316] [Warning: Unity Log] The referenced script on this Behaviour (Game Object '') is missing!
[10:56:40.8030671] [Warning: Unity Log] The referenced script (UnityMeshSimplifier.LODBackupComponent) on this Behaviour is missing!
[10:56:40.8030671] [Warning: Unity Log] The referenced script on this Behaviour (Game Object '') is missing!
[10:56:40.8030671] [Warning: Unity Log] The referenced script on this Behaviour (Game Object 'Plane.031 (25)') is missing!
[10:56:40.8030671] [Warning: Unity Log] The referenced script (UnityMeshSimplifier.LODBackupComponent) on this Behaviour is missing!
[10:56:40.8050656] [Warning: Unity Log] The referenced script (UnityMeshSimplifier.LODBackupComponent) on this Behaviour is missing!
[10:56:40.8050656] [Warning: Unity Log] The referenced script on this Behaviour (Game Object '') is missing!
[10:56:40.8050656] [Warning: Unity Log] The referenced script on this Behaviour (Game Object 'BushyBuish') is missing!
[10:56:40.8070656] [Warning: Unity Log] The referenced script (UnityMeshSimplifier.LODBackupComponent) on this Behaviour is missing!
[10:56:40.8070656] [Warning: Unity Log] The referenced script (UnityMeshSimplifier.LODBackupComponent) on this Behaviour is missing!
[10:56:40.8070656] [Warning: Unity Log] The referenced script (UnityMeshSimplifier.LODBackupComponent) on this Behaviour is missing!
[10:56:40.8070656] [Warning: Unity Log] The referenced script on this Behaviour (Game Object 'BushyBuish') is missing!
[10:56:40.8090654] [Warning: Unity Log] The referenced script (UnityMeshSimplifier.LODBackupComponent) on this Behaviour is missing!
[10:56:40.8105696] [Warning: Unity Log] The referenced script (UnityMeshSimplifier.LODBackupComponent) on this Behaviour is missing!
[10:56:40.8105696] [Warning: Unity Log] The referenced script on this Behaviour (Game Object 'BushyBuish') is missing!
[10:56:40.8115768] [Warning: Unity Log] The referenced script on this Behaviour (Game Object 'CreeperVine (4)') is missing!
[10:56:40.8115768] [Warning: Unity Log] The referenced script (UnityMeshSimplifier.LODBackupComponent) on this Behaviour is missing!
[10:56:40.8125751] [Warning: Unity Log] The referenced script (UnityMeshSimplifier.LODBackupComponent) on this Behaviour is missing!
[10:56:40.8125751] [Warning: Unity Log] The referenced script on this Behaviour (Game Object '') is missing!
[10:56:40.8135765] [Warning: Unity Log] The referenced script (UnityMeshSimplifier.LODBackupComponent) on this Behaviour is missing!
[10:56:40.8135765] [Warning: Unity Log] The referenced script (UnityMeshSimplifier.LODBackupComponent) on this Behaviour is missing!
[10:56:40.8135765] [Warning: Unity Log] The referenced script (UnityMeshSimplifier.LODBackupComponent) on this Behaviour is missing!
[10:56:40.8135765] [Warning: Unity Log] The referenced script on this Behaviour (Game Object '') is missing!
[10:56:40.8150797] [Warning: Unity Log] The referenced script on this Behaviour (Game Object 'Plane.031 (25)') is missing!
[10:56:40.8150797] [Warning: Unity Log] The referenced script (UnityMeshSimplifier.LODBackupComponent) on this Behaviour is missing!
[10:56:40.8215932] [Warning: Unity Log] The referenced script (UnityMeshSimplifier.LODBackupComponent) on this Behaviour is missing!
[10:56:40.8225942] [Warning: Unity Log] The referenced script on this Behaviour (Game Object 'CreeperVine (3)') is missing!
[10:56:40.8235983] [Warning: Unity Log] The referenced script (UnityMeshSimplifier.LODBackupComponent) on this Behaviour is missing!
[10:56:40.8235983] [Warning: Unity Log] The referenced script on this Behaviour (Game Object 'CreeperVine (4)') is missing!
[10:56:40.8245988] [Warning: Unity Log] The referenced script (UnityMeshSimplifier.LODBackupComponent) on this Behaviour is missing!
[10:56:40.8245988] [Warning: Unity Log] The referenced script on this Behaviour (Game Object '') is missing!
[10:56:40.8265995] [Warning: Unity Log] The referenced script on this Behaviour (Game Object 'CreeperVine (2)') is missing!
[10:56:40.8265995] [Warning: Unity Log] The referenced script (UnityMeshSimplifier.LODBackupComponent) on this Behaviour is missing!
[10:56:40.8285977] [Warning: Unity Log] The referenced script (UnityMeshSimplifier.LODBackupComponent) on this Behaviour is missing!
[10:56:40.8285977] [Warning: Unity Log] The referenced script (UnityMeshSimplifier.LODBackupComponent) on this Behaviour is missing!
[10:56:40.8295980] [Warning: Unity Log] The referenced script on this Behaviour (Game Object 'CreeperVine (4)') is missing!
[10:56:40.8295980] [Warning: Unity Log] The referenced script on this Behaviour (Game Object 'CreeperVine (4)') is missing!
[10:56:40.8317048] [Warning: Unity Log] The referenced script (UnityMeshSimplifier.LODBackupComponent) on this Behaviour is missing!
[10:56:40.8327044] [Warning: Unity Log] The referenced script (UnityMeshSimplifier.LODBackupComponent) on this Behaviour is missing!
[10:56:40.8327044] [Warning: Unity Log] The referenced script on this Behaviour (Game Object '') is missing!
[10:56:40.8327044] [Warning: Unity Log] The referenced script on this Behaviour (Game Object 'Plane.031 (25)') is missing!
[10:56:40.8337058] [Warning: Unity Log] The referenced script on this Behaviour (Game Object 'CreeperVine (2)') is missing!
[10:56:40.8357028] [Warning: Unity Log] The referenced script on this Behaviour (Game Object 'BushyBuish') is missing!
[10:56:40.8357028] [Warning: Unity Log] The referenced script on this Behaviour (Game Object 'CreeperVine (4)') is missing!
[10:56:40.8428909] [Warning: Unity Log] The referenced script (UnityMeshSimplifier.LODBackupComponent) on this Behaviour is missing!
[10:56:40.8438919] [Warning: Unity Log] The referenced script (UnityMeshSimplifier.LODBackupComponent) on this Behaviour is missing!
[10:56:40.8438919] [Warning: Unity Log] The referenced script on this Behaviour (Game Object '') is missing!
[10:56:40.8448902] [Warning: Unity Log] The referenced script on this Behaviour (Game Object 'CreeperVine (2)') is missing!
[10:56:40.8498908] [Warning: Unity Log] The referenced script on this Behaviour (Game Object 'CreeperVine (2)') is missing!
[10:56:40.8498908] [Warning: Unity Log] The referenced script (UnityMeshSimplifier.LODBackupComponent) on this Behaviour is missing!
[10:56:40.8498908] [Warning: Unity Log] The referenced script (UnityMeshSimplifier.LODBackupComponent) on this Behaviour is missing!
[10:56:40.8508896] [Warning: Unity Log] The referenced script on this Behaviour (Game Object 'BushyBuish') is missing!
[10:56:40.8508896] [Warning: Unity Log] The referenced script (UnityMeshSimplifier.LODBackupComponent) on this Behaviour is missing!
[10:56:40.8508896] [Warning: Unity Log] The referenced script on this Behaviour (Game Object '') is missing!
[10:56:40.8570146] [Warning: Unity Log] The referenced script on this Behaviour (Game Object 'CreeperVine (3)') is missing!
[10:56:40.8580156] [Warning: Unity Log] The referenced script on this Behaviour (Game Object 'BushyBuish') is missing!
[10:56:40.8580156] [Warning: Unity Log] The referenced script on this Behaviour (Game Object 'CreeperVine (2)') is missing!
[10:56:40.8590189] [Warning: Unity Log] The referenced script (UnityMeshSimplifier.LODBackupComponent) on this Behaviour is missing!
[10:56:40.8590189] [Warning: Unity Log] The referenced script on this Behaviour (Game Object '') is missing!
[10:56:40.8590189] [Warning: Unity Log] The referenced script on this Behaviour (Game Object 'BushyBuish') is missing!
[10:56:40.8605249] [Warning: Unity Log] The referenced script (UnityMeshSimplifier.LODBackupComponent) on this Behaviour is missing!
[10:56:40.8615309] [Warning: Unity Log] The referenced script (UnityMeshSimplifier.LODBackupComponent) on this Behaviour is missing!
[10:56:40.8615309] [Warning: Unity Log] The referenced script on this Behaviour (Game Object '') is missing!
[10:56:40.8615309] [Warning: Unity Log] The referenced script (UnityMeshSimplifier.LODBackupComponent) on this Behaviour is missing!
[10:56:40.8625306] [Warning: Unity Log] The referenced script (UnityMeshSimplifier.LODBackupComponent) on this Behaviour is missing!
[10:56:40.8625306] [Warning: Unity Log] The referenced script on this Behaviour (Game Object 'CreeperVine (2)') is missing!
[10:56:40.8635294] [Warning: Unity Log] The referenced script on this Behaviour (Game Object 'CreeperVine (2)') is missing!
[10:56:40.8635294] [Warning: Unity Log] The referenced script on this Behaviour (Game Object 'BushyBuish') is missing!
[10:56:40.8645299] [Warning: Unity Log] The referenced script (UnityMeshSimplifier.LODBackupComponent) on this Behaviour is missing!
[10:56:40.8645299] [Warning: Unity Log] The referenced script (UnityMeshSimplifier.LODBackupComponent) on this Behaviour is missing!
[10:56:40.8645299] [Warning: Unity Log] The referenced script on this Behaviour (Game Object '') is missing!
[10:56:40.8645299] [Warning: Unity Log] The referenced script (UnityMeshSimplifier.LODBackupComponent) on this Behaviour is missing!
[10:56:40.8655297] [Warning: Unity Log] The referenced script on this Behaviour (Game Object '') is missing!
[10:56:40.8705440] [Warning: Unity Log] The referenced script on this Behaviour (Game Object 'CreeperVine (3)') is missing!
[10:56:40.8715488] [Warning: Unity Log] The referenced script (UnityMeshSimplifier.LODBackupComponent) on this Behaviour is missing!
[10:56:40.8725486] [Warning: Unity Log] The referenced script on this Behaviour (Game Object 'Plane.031 (25)') is missing!
[10:56:40.8755473] [Warning: Unity Log] The referenced script on this Behaviour (Game Object 'BushyBuish') is missing!
[10:56:40.8765479] [Warning: Unity Log] The referenced script (UnityMeshSimplifier.LODBackupComponent) on this Behaviour is missing!
[10:56:40.8765479] [Warning: Unity Log] The referenced script on this Behaviour (Game Object 'CreeperVine (4)') is missing!
[10:56:40.8765479] [Warning: Unity Log] The referenced script (UnityMeshSimplifier.LODBackupComponent) on this Behaviour is missing!
[10:56:40.8775486] [Warning: Unity Log] The referenced script (UnityMeshSimplifier.LODBackupComponent) on this Behaviour is missing!
[10:56:40.8775486] [Warning: Unity Log] The referenced script on this Behaviour (Game Object 'CreeperVine (4)') is missing!
[10:56:40.8790558] [Warning: Unity Log] The referenced script on this Behaviour (Game Object 'BushyBuish') is missing!
[10:56:40.8790558] [Warning: Unity Log] The referenced script on this Behaviour (Game Object 'CreeperVine (4)') is missing!
[10:56:40.8790558] [Warning: Unity Log] The referenced script (UnityMeshSimplifier.LODBackupComponent) on this Behaviour is missing!
[10:56:40.8790558] [Warning: Unity Log] The referenced script on this Behaviour (Game Object '') is missing!
[10:56:40.8790558] [Warning: Unity Log] The referenced script (UnityMeshSimplifier.LODBackupComponent) on this Behaviour is missing!
[10:56:40.8790558] [Warning: Unity Log] The referenced script on this Behaviour (Game Object '') is missing!
[10:56:40.8790558] [Warning: Unity Log] The referenced script (UnityMeshSimplifier.LODBackupComponent) on this Behaviour is missing!
[10:56:40.8790558] [Warning: Unity Log] The referenced script on this Behaviour (Game Object '') is missing!
[10:56:40.8805591] [Warning: Unity Log] The referenced script (UnityMeshSimplifier.LODBackupComponent) on this Behaviour is missing!
[10:56:40.8805591] [Warning: Unity Log] The referenced script on this Behaviour (Game Object '') is missing!
[10:56:40.8805591] [Warning: Unity Log] The referenced script on this Behaviour (Game Object 'CreeperVine (2)') is missing!
[10:56:40.8950768] [Warning: Unity Log] The referenced script on this Behaviour (Game Object 'BushyBuish') is missing!
[10:56:40.8970733] [Warning: Unity Log] The referenced script (UnityMeshSimplifier.LODBackupComponent) on this Behaviour is missing!
[10:56:40.9015823] [Warning: Unity Log] The referenced script on this Behaviour (Game Object 'BushyBuish') is missing!
[10:56:40.9035819] [Warning: Unity Log] The referenced script on this Behaviour (Game Object 'CreeperVine (3)') is missing!
[10:56:40.9035819] [Warning: Unity Log] The referenced script on this Behaviour (Game Object 'CreeperVine (4)') is missing!
[10:56:40.9065818] [Warning: Unity Log] The referenced script on this Behaviour (Game Object 'Plane.031 (25)') is missing!
[10:56:40.9075831] [Warning: Unity Log] The referenced script (UnityMeshSimplifier.LODBackupComponent) on this Behaviour is missing!
[10:56:40.9095832] [Warning: Unity Log] The referenced script on this Behaviour (Game Object 'BushyBuish') is missing!
[10:56:40.9105843] [Warning: Unity Log] The referenced script (UnityMeshSimplifier.LODBackupComponent) on this Behaviour is missing!
[10:56:40.9105843] [Warning: Unity Log] The referenced script on this Behaviour (Game Object 'CreeperVine (4)') is missing!
[10:56:40.9105843] [Warning: Unity Log] The referenced script on this Behaviour (Game Object 'CreeperVine (4)') is missing!
[10:56:40.9105843] [Warning: Unity Log] The referenced script (UnityMeshSimplifier.LODBackupComponent) on this Behaviour is missing!
[10:56:40.9105843] [Warning: Unity Log] The referenced script on this Behaviour (Game Object '') is missing!
[10:56:40.9116096] [Warning: Unity Log] The referenced script on this Behaviour (Game Object 'CreeperVine (3)') is missing!
[10:56:40.9136131] [Warning: Unity Log] The referenced script on this Behaviour (Game Object 'Plane.031 (25)') is missing!
[10:56:40.9136131] [Warning: Unity Log] The referenced script on this Behaviour (Game Object 'CreeperVine (3)') is missing!
[10:56:40.9136131] [Warning: Unity Log] The referenced script on this Behaviour (Game Object 'CreeperVine (3)') is missing!
[10:56:40.9136131] [Warning: Unity Log] The referenced script on this Behaviour (Game Object 'CreeperVine (2)') is missing!
[10:56:40.9146116] [Warning: Unity Log] The referenced script (UnityMeshSimplifier.LODBackupComponent) on this Behaviour is missing!
[10:56:40.9146116] [Warning: Unity Log] The referenced script on this Behaviour (Game Object '') is missing!
[10:56:40.9156099] [Warning: Unity Log] The referenced script on this Behaviour (Game Object 'CreeperVine (2)') is missing!
[10:56:40.9166095] [Warning: Unity Log] The referenced script on this Behaviour (Game Object 'BushyBuish') is missing!
[10:56:40.9166095] [Warning: Unity Log] The referenced script on this Behaviour (Game Object 'CreeperVine (4)') is missing!
[10:56:40.9216378] [Warning: Unity Log] The referenced script on this Behaviour (Game Object 'CreeperVine (4)') is missing!
[10:56:40.9236450] [Warning: Unity Log] The referenced script (UnityMeshSimplifier.LODBackupComponent) on this Behaviour is missing!
[10:56:40.9236450] [Warning: Unity Log] The referenced script on this Behaviour (Game Object '') is missing!
[10:56:40.9246423] [Warning: Unity Log] The referenced script on this Behaviour (Game Object 'BushyBuish') is missing!
[10:56:40.9266438] [Warning: Unity Log] The referenced script on this Behaviour (Game Object 'Plane.031 (25)') is missing!
[10:56:40.9266438] [Warning: Unity Log] The referenced script on this Behaviour (Game Object 'CreeperVine (4)') is missing!
[10:56:40.9286431] [Warning: Unity Log] The referenced script on this Behaviour (Game Object 'CreeperVine (4)') is missing!
[10:56:40.9296419] [Warning: Unity Log] The referenced script on this Behaviour (Game Object 'CreeperVine (2)') is missing!
[10:56:40.9296419] [Warning: Unity Log] The referenced script on this Behaviour (Game Object 'CreeperVine (3)') is missing!
[10:56:40.9296419] [Warning: Unity Log] The referenced script on this Behaviour (Game Object 'CreeperVine (4)') is missing!
[10:56:40.9296419] [Warning: Unity Log] The referenced script on this Behaviour (Game Object 'BushyBuish') is missing!
[10:56:40.9306421] [Warning: Unity Log] The referenced script on this Behaviour (Game Object 'CreeperVine (6)') is missing!
[10:56:40.9306421] [Warning: Unity Log] The referenced script on this Behaviour (Game Object 'Plane.031 (25)') is missing!
[10:56:40.9306421] [Warning: Unity Log] The referenced script on this Behaviour (Game Object 'Plane.031 (25)') is missing!
[10:56:40.9321533] [Warning: Unity Log] The referenced script on this Behaviour (Game Object 'CreeperVine (4)') is missing!
[10:56:40.9321533] [Warning: Unity Log] The referenced script on this Behaviour (Game Object 'CreeperVine (2)') is missing!
[10:56:40.9341509] [Warning: Unity Log] The referenced script on this Behaviour (Game Object 'BushyBuish') is missing!
[10:56:40.9351526] [Warning: Unity Log] The referenced script on this Behaviour (Game Object 'BushyBuish') is missing!
[10:56:40.9351526] [Warning: Unity Log] The referenced script on this Behaviour (Game Object 'CreeperVine (4)') is missing!
[10:56:41.0288000] [Info   :LethalLevelLoader] deepmines.lethalbundle Loaded (104.92s)!
[10:56:41.2529934] [Info   :LethalLevelLoader] extendedmineshaft.lethalbundle Loaded (105.14s)!
[10:56:41.5368512] [Info   :LethalLevelLoader] expandedfacility.lethalbundle Loaded (105.42s)!
[10:56:41.8616562] [Info   :LethalLevelLoader] liminalhouse.lethalbundle Loaded (105.76s)!
[10:56:41.8696575] [Debug  :PathfindingLib] Changed prefabbed NavMeshAgent DarkSpringMan's area mask from 0x0000061F to 0x0200061F to allow traversal of non-smart off-mesh links.
[10:56:41.8696575] [Info   :LethalLevelLoader] enemyvariantsp2.lethalbundle Loaded (105.76s)!
[10:56:42.0118192] [Info   :LethalLevelLoader] sewers.lethalbundle Loaded (105.9s)!
[10:56:42.0891211] [Warning: Unity Log] The referenced script on this Behaviour (Game Object '') is missing!
[10:56:42.1246689] [Warning: Unity Log] The referenced script on this Behaviour (Game Object '') is missing!
[10:56:42.1286689] [Warning: Unity Log] The referenced script on this Behaviour (Game Object '') is missing!
[10:56:42.1977956] [Warning: Unity Log] The referenced script on this Behaviour (Game Object 'DoorLockPickSound') is missing!
[10:56:42.2598623] [Warning: Unity Log] The referenced script on this Behaviour (Game Object '') is missing!
[10:56:42.4426794] [Info   :LethalLevelLoader] generic interiors tower.lethalbundle Loaded (106.33s)!
[10:56:42.8147409] [Info   :LethalLevelLoader] generic interiors dr and ss.lethalbundle Loaded (106.7s)!
[10:56:42.8212441] [Warning: Unity Log] The referenced script (WesleysRandomThings.Shenanigans.Arachnohead) on this Behaviour is missing!
[10:56:42.8292498] [Warning: Unity Log] The referenced script (WesleysRandomThings.Shenanigans.ArachnoheadWebTrap) on this Behaviour is missing!
[10:56:42.8292498] [Warning: Unity Log] The referenced script on this Behaviour (Game Object '') is missing!
[10:56:42.8387578] [Warning: Unity Log] The referenced script on this Behaviour (Game Object 'Arachnohead') is missing!
[10:56:42.8638863] [Debug  :PathfindingLib] Changed prefabbed NavMeshAgent HangedGirl's area mask from 0xFFFFFFFF to 0xFFFFFFFF to allow traversal of non-smart off-mesh links.
[10:56:42.8638863] [Debug  :PathfindingLib] Changed prefabbed NavMeshAgent FloatingGirlHead's area mask from 0x000006DF to 0x020006DF to allow traversal of non-smart off-mesh links.
[10:56:42.8638863] [Debug  :PathfindingLib] Changed prefabbed NavMeshAgent Elder's area mask from 0x00000B1F to 0x02000B1F to allow traversal of non-smart off-mesh links.
[10:56:42.8638863] [Debug  :PathfindingLib] Changed prefabbed NavMeshAgent Arachnohead's area mask from 0x0000027F to 0x0200027F to allow traversal of non-smart off-mesh links.
[10:56:42.8638863] [Debug  :PathfindingLib] Changed prefabbed NavMeshAgent ArachnoheadFixed's area mask from 0x0000027F to 0x0200027F to allow traversal of non-smart off-mesh links.
[10:56:42.8638863] [Info   :LethalLevelLoader] enemyvariants.lethalbundle Loaded (106.75s)!
[10:56:43.1118615] [Info   :LethalLevelLoader] psychsanctum.lethalbundle Loaded (107s)!
[10:56:43.3392235] [Info   :LethalLevelLoader] sanguine.lethalbundle Loaded (107.23s)!
[10:56:44.4740162] [Warning: Unity Log] The referenced script (UnityMeshSimplifier.LODBackupComponent) on this Behaviour is missing!
[10:56:44.8836171] [Warning: Unity Log] The referenced script (UnityMeshSimplifier.LODBackupComponent) on this Behaviour is missing!
[10:56:45.1438457] [Warning: Unity Log] The referenced script on this Behaviour (Game Object 'GameObject') is missing!
[10:56:45.2269518] [Warning: Unity Log] The referenced script on this Behaviour (Game Object 'GameObject') is missing!
[10:56:45.9797014] [Info   :LethalLevelLoader] supermarket.lethalbundle Loaded (109.87s)!
[10:56:46.1246197] [Warning: Unity Log] The referenced script (LethalToolbox.ApparatusTakenEvent) on this Behaviour is missing!
[10:56:46.5936130] [Warning: Unity Log] The referenced script on this Behaviour (Game Object 'Teleporter') is missing!
[10:56:46.8317033] [Info   :LethalLevelLoader] grandarmoryinterior.lethalbundle Loaded (110.72s)!
[10:56:46.8566195] [Info   :LethalLevelLoader] spectralis.lethalbundle Loaded (110.74s)!
[10:56:47.0920442] [Info   :LethalLevelLoader] argent.lethalbundle Loaded (110.98s)!
[10:56:47.3029265] [Info   :LethalLevelLoader] zenit.lethalbundle Loaded (111.19s)!
[10:56:47.3673546] [Info   :LethalLevelLoader] scoopycastle.lethalbundle Loaded (111.25s)!
[10:56:47.5865181] [Info   :LethalLevelLoader] spookymanor.lethalbundle Loaded (111.47s)!
[10:56:48.0699635] [Debug  :PathfindingLib] Changed prefabbed NavMeshAgent MannequinA's area mask from 0x0000061F to 0x0200061F to allow traversal of non-smart off-mesh links.
[10:56:48.0699635] [Debug  :PathfindingLib] Changed prefabbed NavMeshAgent MannequinC's area mask from 0x0000061F to 0x0200061F to allow traversal of non-smart off-mesh links.
[10:56:48.0699635] [Debug  :PathfindingLib] Changed prefabbed NavMeshAgent MannequinB's area mask from 0x0000061F to 0x0200061F to allow traversal of non-smart off-mesh links.
[10:56:48.0750810] [Info   :LethalLevelLoader] storeinterior.lethalbundle Loaded (111.96s)!
[10:56:48.3691473] [Debug  :PathfindingLib] Changed prefabbed NavMeshAgent RadMechEnemy's area mask from 0x00002B9F to 0x02002B9F to allow traversal of non-smart off-mesh links.
[10:56:48.3716544] [Info   :LethalLevelLoader] junkrooms.lethalbundle Loaded (112.26s)!
[10:56:48.6844362] [Info   :LethalLevelLoader] bozoros.lethalbundle Loaded (112.57s)!
[10:56:48.8430052] [Info   :LethalLevelLoader] circusfacility.lethalbundle Loaded (112.73s)!
[10:56:48.9892261] [Debug  :PathfindingLib] Changed prefabbed NavMeshAgent RadMechEnemy's area mask from 0x00000B9F to 0x02000B9F to allow traversal of non-smart off-mesh links.
[10:56:48.9907322] [Info   :LethalLevelLoader] shatteredrooms.lethalbundle Loaded (112.88s)!
[10:56:50.3557753] [Info   :LethalLevelLoader] toystoreinterior.lethalbundle Loaded (114.24s)!
[10:56:51.1057622] [Debug  :PathfindingLib] Changed prefabbed NavMeshAgent DarkSpringMan's area mask from 0x0000061F to 0x0200061F to allow traversal of non-smart off-mesh links.
[10:56:51.1162683] [Info   :LethalLevelLoader] therubberrooms.lethalbundle Loaded (115s)!
[10:56:51.1407234] [Info   :LethalLevelLoader] immersivescrapassets.lethalbundle Loaded (115.03s)!
[10:56:52.1852162] [Debug  :PathfindingLib] Changed prefabbed NavMeshAgent RadMechEnemy's area mask from 0x0000039F to 0x0200039F to allow traversal of non-smart off-mesh links.
[10:56:52.2045949] [Info   :LethalLevelLoader] museuminterior.lethalbundle Loaded (116.09s)!
[10:56:52.6090284] [Warning: Unity Log] The referenced script on this Behaviour (Game Object '') is missing!
[10:56:52.6165355] [Warning: Unity Log] The referenced script on this Behaviour (Game Object '') is missing!
[10:56:52.7685505] [Warning: Unity Log] The referenced script on this Behaviour (Game Object '') is missing!
[10:56:52.7943600] [Warning: Unity Log] The referenced script on this Behaviour (Game Object '') is missing!
[10:56:52.9458641] [Warning: Unity Log] The referenced script on this Behaviour (Game Object 'EntranceTeleportB') is missing!
[10:56:52.9488654] [Warning: Unity Log] The referenced script on this Behaviour (Game Object 'DoorLockPickSound') is missing!
[10:56:53.1231682] [Warning: Unity Log] The referenced script on this Behaviour (Game Object '') is missing!
[10:56:53.7255915] [Info   :LethalLevelLoader] generic interiors sh and br.lethalbundle Loaded (117.61s)!
[10:56:54.1631107] [Info   :LethalLevelLoader] slaughterhouseinterior.lethalbundle Loaded (118.05s)!
[10:56:55.0250802] [Warning: Unity Log] The referenced script on this Behaviour (Game Object '') is missing!
[10:56:55.3461951] [Warning: Unity Log] The referenced script on this Behaviour (Game Object '') is missing!
[10:56:55.4056464] [Warning: Unity Log] The referenced script on this Behaviour (Game Object '') is missing!
[10:56:55.7547720] [Warning: Unity Log] The referenced script on this Behaviour (Game Object 'DoorLockPickSound') is missing!
[10:56:56.1940960] [Warning: Unity Log] The referenced script on this Behaviour (Game Object '') is missing!
[10:56:57.5656592] [Info   :LethalLevelLoader] generic interiors bunker.lethalbundle Loaded (121.45s)!
[10:56:57.7769512] [Info   :LethalLevelLoader] greenhouseinterior.lethalbundle Loaded (121.66s)!
[10:56:57.9976979] [Warning: Unity Log] The referenced script (Spectre.Misc.ManualReflectionRenderer) on this Behaviour is missing!
[10:56:57.9976979] [Warning: Unity Log] The referenced script on this Behaviour (Game Object '') is missing!
[10:56:58.1060579] [Warning: Unity Log] The referenced script on this Behaviour (Game Object '') is missing!
[10:56:58.6761163] [Info   :LethalLevelLoader] boomsinterior.lethalbundle Loaded (122.57s)!
[10:56:58.6761163] [Info   :LethalLevelLoader] Finished Processing Bundles!
[10:56:58.6826303] [Info   :LethalLevelLoader] LethalBundleManger Recieved Group: Abaddonmoon.lethalbundle
[10:56:58.6836299] [Info   :LethalLevelLoader] Found ExtendedMod: ExtendedMod_Abaddon
[10:56:58.6856300] [Info   :LethalLevelLoader] LethalBundleManger Recieved Group: Cabalmoon.lethalbundle
[10:56:58.6856300] [Info   :LethalLevelLoader] Found ExtendedMod: ExtendedMod_CabalMoon
[10:56:58.6856300] [Info   :LethalLevelLoader] LethalBundleManger Recieved Group: Flickermoon.lethalbundle
[10:56:58.6856300] [Info   :LethalLevelLoader] Found ExtendedMod: ExtendedMod_Flicker
[10:56:58.6856300] [Info   :LethalLevelLoader] LethalBundleManger Recieved Group: Geminimoon.lethalbundle
[10:56:58.6856300] [Info   :LethalLevelLoader] Found ExtendedMod: GeminiMoon
[10:56:58.6866271] [Info   :LethalLevelLoader] LethalBundleManger Recieved Group: Lamentmoon.lethalbundle
[10:56:58.6866271] [Info   :LethalLevelLoader] Found ExtendedMod: ExtendedMod_Lament
[10:56:58.6866271] [Info   :LethalLevelLoader] LethalBundleManger Recieved Group: Pareidoliamoon.lethalbundle
[10:56:58.6866271] [Info   :LethalLevelLoader] Found ExtendedMod: ExtendedMod_Pareidolia
[10:56:58.6866271] [Info   :LethalLevelLoader] LethalBundleManger Recieved Group: Shuttermoon.lethalbundle
[10:56:58.6866271] [Info   :LethalLevelLoader] Found ExtendedMod: ExtendedMod_Shutter
[10:56:58.6866271] [Info   :LethalLevelLoader] LethalBundleManger Recieved Group: Vigilancemoon.lethalbundle
[10:56:58.6866271] [Info   :LethalLevelLoader] Found ExtendedMod: ExtendedMod_VigilanceMoon
[10:56:58.6866271] [Info   :LethalLevelLoader] LethalBundleManger Recieved Group: Egypt.lethalbundle
[10:56:58.6866271] [Info   :LethalLevelLoader] Found ExtendedMod: Egypt
[10:56:58.6866271] [Info   :LethalLevelLoader] LethalBundleManger Recieved Group: Arcadiamod.lethalbundle
[10:56:58.6866271] [Info   :LethalLevelLoader] Found ExtendedMod: ArcadiaMod
[10:56:58.6876266] [Info   :LethalLevelLoader] LethalBundleManger Recieved Group: Argent.lethalbundle
[10:56:58.6876266] [Info   :LethalLevelLoader] Found ExtendedMod: Argent
[10:56:58.6876266] [Info   :LethalLevelLoader] LethalBundleManger Recieved Group: Psychsanctum.lethalbundle
[10:56:58.6876266] [Info   :LethalLevelLoader] Found ExtendedMod: PsychSanctum
[10:56:58.6876266] [Info   :LethalLevelLoader] LethalBundleManger Recieved Group: Sanguine.lethalbundle
[10:56:58.6876266] [Info   :LethalLevelLoader] Found ExtendedMod: Sanguine
[10:56:58.6876266] [Info   :LethalLevelLoader] LethalBundleManger Recieved Group: Spectralis.lethalbundle
[10:56:58.6876266] [Info   :LethalLevelLoader] Found ExtendedMod: Spectralis
[10:56:58.6886262] [Info   :LethalLevelLoader] LethalBundleManger Recieved Group: Zenit.lethalbundle
[10:56:58.6886262] [Info   :LethalLevelLoader] Found ExtendedMod: Zenit
[10:56:58.6886262] [Info   :LethalLevelLoader] LethalBundleManger Recieved Group: Bozoros.lethalbundle
[10:56:58.6886262] [Info   :LethalLevelLoader] Found ExtendedMod: BozorosExtendedMod
[10:56:58.6911313] [Info   :LethalLevelLoader] LethalBundleManger Recieved Group: Deepmines.lethalbundle
[10:56:58.6921359] [Info   :LethalLevelLoader] Found ExtendedMod: BUNDLEME
[10:56:58.6931407] [Info   :LethalLevelLoader] LethalBundleManger Recieved Group: Liminalhouse.lethalbundle
[10:56:58.6941400] [Info   :LethalLevelLoader] Found ExtendedMod: ExtendedModHouse
[10:56:58.6951423] [Info   :LethalLevelLoader] LethalBundleManger Recieved Group: Storagecomplex.lethalbundle
[10:56:58.6971420] [Info   :LethalLevelLoader] Found ExtendedMod: ExtendedModComplex
[10:56:58.7001415] [Info   :LethalLevelLoader] LethalBundleManger Recieved Group: Supermarket.lethalbundle
[10:56:58.7159880] [Info   :LethalLevelLoader] Found ExtendedMod: extendedmodmarket
[10:56:58.7473641] [Info   :LethalLevelLoader] LethalBundleManger Recieved Group: Boomsinterior.lethalbundle
[10:56:58.7493642] [Info   :LethalLevelLoader] Found ExtendedMod: ExtendedMod
[10:56:58.7538737] [Info   :LethalLevelLoader] LethalBundleManger Recieved Group: Dungeon_abandonedfoundry.lethalbundle
[10:56:58.7548757] [Info   :LethalLevelLoader] Found ExtendedMod: ExtendedMod_DPF
[10:56:58.7548757] [Info   :LethalLevelLoader] LethalBundleManger Recieved Group: Dungeon_acf.lethalbundle
[10:56:58.7560551] [Info   :LethalLevelLoader] Found ExtendedMod: ExtendedMod_ResearchStation
[10:56:58.7570551] [Info   :LethalLevelLoader] LethalBundleManger Recieved Group: Dungeon_caverns.lethalbundle
[10:56:58.7570551] [Info   :LethalLevelLoader] Found ExtendedMod: ExtendedMod_SpelunkersParadise
[10:56:58.7580549] [Info   :LethalLevelLoader] LethalBundleManger Recieved Group: Dungeon_grayapartments.lethalbundle
[10:56:58.7590548] [Info   :LethalLevelLoader] Found ExtendedMod: ExtendedMod_GrayApps
[10:56:58.7600548] [Info   :LethalLevelLoader] LethalBundleManger Recieved Group: Dungeon_ravenmanor.lethalbundle
[10:56:58.7600548] [Info   :LethalLevelLoader] Found ExtendedMod: ExtendedMod_RavenManor
[10:56:58.7610549] [Info   :LethalLevelLoader] LethalBundleManger Recieved Group: Dungeon_studio.lethalbundle
[10:56:58.7610549] [Info   :LethalLevelLoader] Found ExtendedMod: ExtendedMod_Studio
[10:56:58.7610549] [Info   :LethalLevelLoader] LethalBundleManger Recieved Group: Dungeon_subsystem.lethalbundle
[10:56:58.7621101] [Info   :LethalLevelLoader] Found ExtendedMod: ExtendedMod_SubSystem
[10:56:58.7631109] [Info   :LethalLevelLoader] LethalBundleManger Recieved Group: 1load bearing awesome doohickey blaster.lethalbundle
[10:56:58.7631109] [Info   :LethalLevelLoader] Found ExtendedMod: The awesome doohickey blaster em
[10:56:58.7631109] [Info   :LethalLevelLoader] LethalBundleManger Recieved Group: Generic interiors bunker.lethalbundle
[10:56:58.7941589] [Info   :LethalLevelLoader] Found ExtendedMod: Bunker Interior EM
[10:56:58.8521415] [Info   :LethalLevelLoader] LethalBundleManger Recieved Group: Generic interiors dr and ss.lethalbundle
[10:56:58.8541415] [Info   :LethalLevelLoader] Found ExtendedMod: DR and SS Interior EM
[10:56:58.8566506] [Info   :LethalLevelLoader] LethalBundleManger Recieved Group: Generic interiors sh and br.lethalbundle
[10:56:58.8691584] [Info   :LethalLevelLoader] Found ExtendedMod: SH and BR Interior EM
[10:56:58.8913406] [Info   :LethalLevelLoader] LethalBundleManger Recieved Group: Generic interiors tower.lethalbundle
[10:56:58.8933488] [Info   :LethalLevelLoader] Found ExtendedMod: Tower Interior EM
[10:56:58.8953484] [Info   :LethalLevelLoader] LethalBundleManger Recieved Group: Generic scrap bunker crowbar.lethalbundle
[10:56:58.8953484] [Info   :LethalLevelLoader] Found ExtendedMod: Light Crowbar EM
[10:56:58.8953484] [Info   :LethalLevelLoader] LethalBundleManger Recieved Group: Generic scrap bunker general.lethalbundle
[10:56:58.8953484] [Info   :LethalLevelLoader] Found ExtendedMod: Bunker Scrap EM
[10:56:58.8953484] [Info   :LethalLevelLoader] LethalBundleManger Recieved Group: Generic scrap bunker impact grenade.lethalbundle
[10:56:58.8953484] [Info   :LethalLevelLoader] Found ExtendedMod: ImpactGrenadeEM
[10:56:58.8963485] [Info   :LethalLevelLoader] LethalBundleManger Recieved Group: Generic scrap bunker jammer.lethalbundle
[10:56:58.8963485] [Info   :LethalLevelLoader] Found ExtendedMod: JammerEM
[10:56:58.8963485] [Info   :LethalLevelLoader] LethalBundleManger Recieved Group: Generic scrap bunker military shotgun.lethalbundle
[10:56:58.8963485] [Info   :LethalLevelLoader] Found ExtendedMod: LongShotgunEM
[10:56:58.8963485] [Info   :LethalLevelLoader] LethalBundleManger Recieved Group: Generic scrap bunker single shotgun.lethalbundle
[10:56:58.8963485] [Info   :LethalLevelLoader] Found ExtendedMod: SingleBarrelEM
[10:56:58.8963485] [Info   :LethalLevelLoader] LethalBundleManger Recieved Group: Generic scrap tower elevator key.lethalbundle
[10:56:58.8963485] [Info   :LethalLevelLoader] Found ExtendedMod: Tower Scrap EM
[10:56:58.8963485] [Info   :LethalLevelLoader] LethalBundleManger Recieved Group: Jll config generic interiors.lethalbundle
[10:56:58.8963485] [Info   :LethalLevelLoader] LethalBundleManger Recieved Group: Atlanticdungeoninterior.lethalbundle
[10:56:58.9008516] [Info   :LethalLevelLoader] Found ExtendedMod: AquaticDungeonMod
[10:56:58.9064195] [Info   :dev.ladyalice.dungenplus] Added DunGenExtender asset for AquaticDungeonFlow
[10:56:58.9064195] [Info   :LethalLevelLoader] LethalBundleManger Recieved Group: Expandedfacility.lethalbundle
[10:56:58.9074214] [Info   :LethalLevelLoader] Found ExtendedMod: ExpandedFacilityMod
[10:56:58.9074214] [Info   :LethalLevelLoader] LethalBundleManger Recieved Group: Extendedmineshaft.lethalbundle
[10:56:58.9084218] [Info   :LethalLevelLoader] Found ExtendedMod: ExtendedMineshaftMod
[10:56:58.9084218] [Info   :LethalLevelLoader] LethalBundleManger Recieved Group: Fracturedcomplex.lethalbundle
[10:56:58.9094219] [Info   :LethalLevelLoader] Found ExtendedMod: FracturedComplexMod
[10:56:58.9109255] [Info   :LethalLevelLoader] LethalBundleManger Recieved Group: Grandarmoryinterior.lethalbundle
[10:56:58.9159331] [Info   :LethalLevelLoader] Found ExtendedMod: GrandArmoryMod
[10:56:58.9209353] [Info   :LethalLevelLoader] LethalBundleManger Recieved Group: Greenhouseinterior.lethalbundle
[10:56:58.9229919] [Info   :LethalLevelLoader] Found ExtendedMod: GreenhouseMod
[10:56:58.9272689] [Info   :LethalLevelLoader] LethalBundleManger Recieved Group: Museuminterior.lethalbundle
[10:56:58.9422890] [Info   :LethalLevelLoader] Found ExtendedMod: MuseumInteriorMod
[10:56:58.9583093] [Info   :LethalLevelLoader] LethalBundleManger Recieved Group: Sewers.lethalbundle
[10:56:58.9593100] [Info   :LethalLevelLoader] Found ExtendedMod: DeepSewersMod
[10:56:58.9593100] [Info   :LethalLevelLoader] LethalBundleManger Recieved Group: Spookymanor.lethalbundle
[10:56:58.9608140] [Info   :LethalLevelLoader] Found ExtendedMod: SpookyManorMod
[10:56:58.9608140] [Info   :LethalLevelLoader] LethalBundleManger Recieved Group: Storeinterior.lethalbundle
[10:56:58.9648185] [Info   :LethalLevelLoader] Found ExtendedMod: StoreMod
[10:56:58.9688185] [Info   :LethalLevelLoader] LethalBundleManger Recieved Group: Therubberrooms.lethalbundle
[10:56:58.9763272] [Info   :LethalLevelLoader] Found ExtendedMod: TheRubberRoomMod
[10:56:58.9828365] [Info   :LethalLevelLoader] LethalBundleManger Recieved Group: Toystoreinterior.lethalbundle
[10:56:59.0038607] [Info   :LethalLevelLoader] Found ExtendedMod: ToyStoreMod
[10:56:59.0274189] [Info   :LethalLevelLoader] LethalBundleManger Recieved Group: Enemyvariants.lethalbundle
[10:56:59.0274189] [Info   :LethalLevelLoader] Found ExtendedMod: HangedGirlExtendedMod
[10:56:59.0274189] [Info   :LethalLevelLoader] LethalBundleManger Recieved Group: Enemyvariantsp2.lethalbundle
[10:56:59.0274189] [Info   :LethalLevelLoader] Found ExtendedMod: EnemyVariantsMod
[10:56:59.0274189] [Info   :LethalLevelLoader] LethalBundleManger Recieved Group: Junkrooms.lethalbundle
[10:56:59.0294193] [Info   :LethalLevelLoader] Found ExtendedMod: ExtendedMod
[10:56:59.0294193] [Warning:dev.ladyalice.dungenplus] .lethalbundle does not contain any ExtendedContent. Unless you are manually creating and adding your ExtendedDungeonFlow with code, the DunGenExtender will probably not work.
[10:56:59.0294193] [Info   :dev.ladyalice.dungenplus] Added DunGenExtender asset for junkrooms
[10:56:59.0294193] [Info   :LethalLevelLoader] LethalBundleManger Recieved Group: Shatteredrooms.lethalbundle
[10:56:59.0329278] [Info   :dev.ladyalice.dungenplus] Added DunGenExtender asset for shatteredrooms
[10:56:59.0329278] [Info   :LethalLevelLoader] LethalBundleManger Recieved Group: Scoopycastle.lethalbundle
[10:56:59.0329278] [Info   :LethalLevelLoader] Found ExtendedMod: ScoopyCastle
[10:56:59.0339278] [Warning:dev.ladyalice.dungenplus] .lethalbundle does not contain any ExtendedContent. Unless you are manually creating and adding your ExtendedDungeonFlow with code, the DunGenExtender will probably not work.
[10:56:59.0339278] [Info   :dev.ladyalice.dungenplus] Added DunGenExtender asset for CastleFlow
[10:56:59.0339278] [Info   :LethalLevelLoader] LethalBundleManger Recieved Group: Circusfacility.lethalbundle
[10:56:59.0339278] [Info   :LethalLevelLoader] Found ExtendedMod: CircusFacilityExtendedMod
[10:56:59.0339278] [Info   :LethalLevelLoader] LethalBundleManger Recieved Group: Slaughterhouseinterior.lethalbundle
[10:56:59.0369283] [Info   :LethalLevelLoader] Found ExtendedMod: SlaughterhouseMod
[10:56:59.0409283] [Info   :LethalLevelLoader] LethalBundleManger Recieved Group: Immersivescrapassets.lethalbundle
[10:56:59.0409283] [Info   :LethalLevelLoader] Found ExtendedMod: ImmersiveScrapsExtendedMod
[10:56:59.0409283] [Info   :ImmersiveScrap] immersivescrapassets.lethalbundle (UnityEngine.AssetBundle)
[10:56:59.0762078] [Warning: Unity Log] The referenced script (BrutalCompanyMinus.Minus.MonoBehaviours.ButlerSword) on this Behaviour is missing!
[10:56:59.0792109] [Warning: Unity Log] The referenced script on this Behaviour (Game Object 'ButlerSword') is missing!
[10:56:59.1731732] [Debug  :PathfindingLib] Changed prefabbed NavMeshAgent NutSlayerEnemy's area mask from 0x000000DF to 0x020000DF to allow traversal of non-smart off-mesh links.
[10:56:59.1741717] [Debug  :PathfindingLib] Changed prefabbed NavMeshAgent KamikazieBugEnemy's area mask from 0xFFFFFFFF to 0xFFFFFFFF to allow traversal of non-smart off-mesh links.
[10:56:59.1741717] [Debug  :PathfindingLib] Changed prefabbed NavMeshAgent AntiCoilHeadEnemy's area mask from 0x0000001F to 0x0200001F to allow traversal of non-smart off-mesh links.
[10:56:59.2023543] [Warning: Unity Log] The referenced script on this Behaviour (Game Object '<null>') is missing!
[10:56:59.2023543] [Warning: Unity Log] The referenced script on this Behaviour (Game Object '<null>') is missing!
[10:56:59.2023543] [Warning: Unity Log] The referenced script on this Behaviour (Game Object '<null>') is missing!
[10:56:59.2023543] [Warning: Unity Log] The referenced script on this Behaviour (Game Object '<null>') is missing!
[10:56:59.4676538] [Debug  :PathfindingLib] Changed prefabbed NavMeshAgent Cat's area mask from 0xFFFFFFFF to 0xFFFFFFFF to allow traversal of non-smart off-mesh links.
[10:56:59.4761645] [Warning: Unity Log] The referenced script on this Behaviour (Game Object '<null>') is missing!
[10:56:59.4761645] [Warning: Unity Log] The referenced script on this Behaviour (Game Object '<null>') is missing!
[10:56:59.4761645] [Warning: Unity Log] The referenced script on this Behaviour (Game Object '<null>') is missing!
[10:56:59.4761645] [Warning: Unity Log] The referenced script on this Behaviour (Game Object '<null>') is missing!
[10:56:59.4761645] [Warning: Unity Log] The referenced script on this Behaviour (Game Object '<null>') is missing!
[10:56:59.4761645] [Warning: Unity Log] The referenced script on this Behaviour (Game Object '<null>') is missing!
[10:56:59.4761645] [Warning: Unity Log] The referenced script on this Behaviour (Game Object '<null>') is missing!
[10:56:59.4761645] [Warning: Unity Log] The referenced script on this Behaviour (Game Object '<null>') is missing!
[10:56:59.4761645] [Warning: Unity Log] The referenced script on this Behaviour (Game Object '<null>') is missing!
[10:56:59.4761645] [Warning: Unity Log] The referenced script on this Behaviour (Game Object '<null>') is missing!
[10:56:59.4761645] [Warning: Unity Log] The referenced script on this Behaviour (Game Object '<null>') is missing!
[10:56:59.4761645] [Warning: Unity Log] The referenced script on this Behaviour (Game Object '<null>') is missing!
[10:56:59.4761645] [Warning: Unity Log] The referenced script on this Behaviour (Game Object '<null>') is missing!
[10:56:59.4761645] [Warning: Unity Log] The referenced script on this Behaviour (Game Object '<null>') is missing!
[10:56:59.4852082] [Info   :JacobG5.JLL] [User] Successfully Registered 18 JLLMods and 0 LevelPropertyOverrides.
[10:56:59.4862106] [Info   :rectorado.JKConfig] Applying configs for 6 JKConfig files
[10:56:59.4892103] [Info   :rectorado.JKConfig] Applied 0: C:\Users\Milan\AppData\Roaming\com.kesomannen.gale\lethal-company\profiles\LC V1 S1.42AI-DIAG1R1 ShyGuy Isolation Repair\BepInEx\config\JKConfig\GenericGMD.GI Military Shotgun.cfg
[10:56:59.4892103] [Info   :rectorado.JKConfig] Applied 0: C:\Users\Milan\AppData\Roaming\com.kesomannen.gale\lethal-company\profiles\LC V1 S1.42AI-DIAG1R1 ShyGuy Isolation Repair\BepInEx\config\JKConfig\GenericGMD.GI Jammer.cfg
[10:56:59.4907158] [Info   :rectorado.JKConfig] Applied 0: C:\Users\Milan\AppData\Roaming\com.kesomannen.gale\lethal-company\profiles\LC V1 S1.42AI-DIAG1R1 ShyGuy Isolation Repair\BepInEx\config\JKConfig\GenericGMD.GI Impact Flash.cfg
[10:56:59.4912457] [Info   :rectorado.JKConfig] Applied 0: C:\Users\Milan\AppData\Roaming\com.kesomannen.gale\lethal-company\profiles\LC V1 S1.42AI-DIAG1R1 ShyGuy Isolation Repair\BepInEx\config\JKConfig\GenericGMD.GI Bunker Scrap.cfg
[10:56:59.4912457] [Info   :rectorado.JKConfig] Applied 0: C:\Users\Milan\AppData\Roaming\com.kesomannen.gale\lethal-company\profiles\LC V1 S1.42AI-DIAG1R1 ShyGuy Isolation Repair\BepInEx\config\JKConfig\GenericGMD.GI Single Barrel.cfg
[10:56:59.4922514] [Info   :rectorado.JKConfig] Applied 0: C:\Users\Milan\AppData\Roaming\com.kesomannen.gale\lethal-company\profiles\LC V1 S1.42AI-DIAG1R1 ShyGuy Isolation Repair\BepInEx\config\JKConfig\GenericGMD.GI Light Crowbar.cfg
[10:56:59.4922514] [Info   :LethalLevelLoader] LethalBundleManger Finished Requested Load
[10:56:59.4952537] [Info   :ImmersiveScrap] Registered spawn rate for Vanilla to 20
[10:56:59.4952537] [Info   :ImmersiveScrap] Registered spawn rate for Custom to 20
[10:56:59.4952537] [Info   :ImmersiveScrap] Updated matching properties for AlcoholFlaskItem (Item).
[10:56:59.4962536] [Info   :ImmersiveScrap] Registered spawn rate for Vanilla to 20
[10:56:59.4962536] [Info   :ImmersiveScrap] Registered spawn rate for Custom to 20
[10:56:59.4962536] [Info   :ImmersiveScrap] Updated matching properties for AnvilItem (Item).
[10:56:59.4962536] [Info   :ImmersiveScrap] Registered spawn rate for Vanilla to 20
[10:56:59.4962536] [Info   :ImmersiveScrap] Registered spawn rate for Custom to 20
[10:56:59.4962536] [Info   :ImmersiveScrap] Updated matching properties for BaseballbatItem (Item).
[10:56:59.4962536] [Info   :ImmersiveScrap] Registered spawn rate for Vanilla to 20
[10:56:59.4962536] [Info   :ImmersiveScrap] Registered spawn rate for Custom to 20
[10:56:59.4962536] [Info   :ImmersiveScrap] Updated matching properties for BeercanItem (Item).
[10:56:59.4962536] [Info   :ImmersiveScrap] Registered spawn rate for Vanilla to 20
[10:56:59.4962536] [Info   :ImmersiveScrap] Registered spawn rate for Custom to 20
[10:56:59.4962536] [Info   :ImmersiveScrap] Updated matching properties for BrickItem (Item).
[10:56:59.4962536] [Info   :ImmersiveScrap] Registered spawn rate for Vanilla to 20
[10:56:59.4962536] [Info   :ImmersiveScrap] Registered spawn rate for Custom to 20
[10:56:59.4962536] [Info   :ImmersiveScrap] Updated matching properties for BrokenengineItem (Item).
[10:56:59.4962536] [Info   :ImmersiveScrap] Registered spawn rate for Vanilla to 20
[10:56:59.4962536] [Info   :ImmersiveScrap] Registered spawn rate for Custom to 20
[10:56:59.4962536] [Info   :ImmersiveScrap] Updated matching properties for BucketItem (Item).
[10:56:59.4962536] [Info   :ImmersiveScrap] Registered spawn rate for Vanilla to 20
[10:56:59.4962536] [Info   :ImmersiveScrap] Registered spawn rate for Custom to 20
[10:56:59.4962536] [Info   :ImmersiveScrap] Updated matching properties for CanpaintItem (Item).
[10:56:59.4962536] [Info   :ImmersiveScrap] Registered spawn rate for Vanilla to 20
[10:56:59.4962536] [Info   :ImmersiveScrap] Registered spawn rate for Custom to 20
[10:56:59.4962536] [Info   :ImmersiveScrap] Updated matching properties for CanteenItem (Item).
[10:56:59.4962536] [Info   :ImmersiveScrap] Registered spawn rate for Vanilla to 20
[10:56:59.4962536] [Info   :ImmersiveScrap] Registered spawn rate for Custom to 20
[10:56:59.4962536] [Info   :ImmersiveScrap] Updated matching properties for CarbatteryItem (Item).
[10:56:59.4962536] [Info   :ImmersiveScrap] Registered spawn rate for Vanilla to 20
[10:56:59.4962536] [Info   :ImmersiveScrap] Registered spawn rate for Custom to 20
[10:56:59.4962536] [Info   :ImmersiveScrap] Updated matching properties for ClampItem (Item).
[10:56:59.4962536] [Info   :ImmersiveScrap] Registered spawn rate for Vanilla to 20
[10:56:59.4962536] [Info   :ImmersiveScrap] Registered spawn rate for Custom to 20
[10:56:59.4962536] [Info   :ImmersiveScrap] Updated matching properties for ClockItem (Item).
[10:56:59.4962536] [Info   :ImmersiveScrap] Registered spawn rate for Vanilla to 20
[10:56:59.4962536] [Info   :ImmersiveScrap] Registered spawn rate for Custom to 20
[10:56:59.4962536] [Info   :ImmersiveScrap] Updated matching properties for FancyPaintingItem (Item).
[10:56:59.4962536] [Info   :ImmersiveScrap] Registered spawn rate for Vanilla to 20
[10:56:59.4962536] [Info   :ImmersiveScrap] Registered spawn rate for Custom to 20
[10:56:59.4962536] [Info   :ImmersiveScrap] Updated matching properties for FanItem (Item).
[10:56:59.4962536] [Info   :ImmersiveScrap] Registered spawn rate for Vanilla to 20
[10:56:59.4962536] [Info   :ImmersiveScrap] Registered spawn rate for Custom to 20
[10:56:59.4962536] [Info   :ImmersiveScrap] Updated matching properties for FireaxeItem (Item).
[10:56:59.4962536] [Info   :ImmersiveScrap] Registered spawn rate for Vanilla to 20
[10:56:59.4962536] [Info   :ImmersiveScrap] Registered spawn rate for Custom to 20
[10:56:59.4962536] [Info   :ImmersiveScrap] Updated matching properties for FireextinguisherItem (Item).
[10:56:59.4962536] [Info   :ImmersiveScrap] Registered spawn rate for Vanilla to 20
[10:56:59.4962536] [Info   :ImmersiveScrap] Registered spawn rate for Custom to 20
[10:56:59.4962536] [Info   :ImmersiveScrap] Updated matching properties for FirehydrantItem (Item).
[10:56:59.4962536] [Info   :ImmersiveScrap] Registered spawn rate for Vanilla to 20
[10:56:59.4962536] [Info   :ImmersiveScrap] Registered spawn rate for Custom to 20
[10:56:59.4962536] [Info   :ImmersiveScrap] Updated matching properties for FoodcanItem (Item).
[10:56:59.4962536] [Info   :ImmersiveScrap] Registered spawn rate for Vanilla to 20
[10:56:59.4962536] [Info   :ImmersiveScrap] Registered spawn rate for Custom to 20
[10:56:59.4962536] [Info   :ImmersiveScrap] Updated matching properties for GameboyItem (Item).
[10:56:59.4962536] [Info   :ImmersiveScrap] Registered spawn rate for Vanilla to 20
[10:56:59.4962536] [Info   :ImmersiveScrap] Registered spawn rate for Custom to 20
[10:56:59.4962536] [Info   :ImmersiveScrap] Updated matching properties for GarbageItem (Item).
[10:56:59.4962536] [Info   :ImmersiveScrap] Registered spawn rate for Vanilla to 20
[10:56:59.4962536] [Info   :ImmersiveScrap] Registered spawn rate for Custom to 20
[10:56:59.4962536] [Info   :ImmersiveScrap] Updated matching properties for HammerItem (Item).
[10:56:59.4962536] [Info   :ImmersiveScrap] Registered spawn rate for Vanilla to 20
[10:56:59.4962536] [Info   :ImmersiveScrap] Registered spawn rate for Custom to 20
[10:56:59.4962536] [Info   :ImmersiveScrap] Updated matching properties for JerrycanItem (Item).
[10:56:59.4962536] [Info   :ImmersiveScrap] Registered spawn rate for Vanilla to 20
[10:56:59.4962536] [Info   :ImmersiveScrap] Registered spawn rate for Custom to 20
[10:56:59.4962536] [Info   :ImmersiveScrap] Updated matching properties for KeyboardItem (Item).
[10:56:59.4962536] [Info   :ImmersiveScrap] Registered spawn rate for Vanilla to 20
[10:56:59.4962536] [Info   :ImmersiveScrap] Registered spawn rate for Custom to 20
[10:56:59.4962536] [Info   :ImmersiveScrap] Updated matching properties for LanternItem (Item).
[10:56:59.4962536] [Info   :ImmersiveScrap] Registered spawn rate for Vanilla to 20
[10:56:59.4962536] [Info   :ImmersiveScrap] Registered spawn rate for Custom to 20
[10:56:59.4962536] [Info   :ImmersiveScrap] Updated matching properties for LibrarylampItem (Item).
[10:56:59.4962536] [Info   :ImmersiveScrap] Registered spawn rate for Vanilla to 20
[10:56:59.4962536] [Info   :ImmersiveScrap] Registered spawn rate for Custom to 20
[10:56:59.4962536] [Info   :ImmersiveScrap] Updated matching properties for PlantItem (Item).
[10:56:59.4962536] [Info   :ImmersiveScrap] Registered spawn rate for Vanilla to 20
[10:56:59.4962536] [Info   :ImmersiveScrap] Registered spawn rate for Custom to 20
[10:56:59.4962536] [Info   :ImmersiveScrap] Updated matching properties for PliersItem (Item).
[10:56:59.4962536] [Info   :ImmersiveScrap] Registered spawn rate for Vanilla to 20
[10:56:59.4962536] [Info   :ImmersiveScrap] Registered spawn rate for Custom to 20
[10:56:59.4962536] [Info   :ImmersiveScrap] Updated matching properties for PlungerItem (Item).
[10:56:59.4962536] [Info   :ImmersiveScrap] Registered spawn rate for Vanilla to 20
[10:56:59.4962536] [Info   :ImmersiveScrap] Registered spawn rate for Custom to 20
[10:56:59.4962536] [Info   :ImmersiveScrap] Updated matching properties for RetroToyItem (Item).
[10:56:59.4962536] [Info   :ImmersiveScrap] Registered spawn rate for Vanilla to 20
[10:56:59.4962536] [Info   :ImmersiveScrap] Registered spawn rate for Custom to 20
[10:56:59.4962536] [Info   :ImmersiveScrap] Updated matching properties for ScrewdriverItem (Item).
[10:56:59.4962536] [Info   :ImmersiveScrap] Registered spawn rate for Vanilla to 20
[10:56:59.4962536] [Info   :ImmersiveScrap] Registered spawn rate for Custom to 20
[10:56:59.4962536] [Info   :ImmersiveScrap] Updated matching properties for SinkItem (Item).
[10:56:59.4962536] [Info   :ImmersiveScrap] Registered spawn rate for Vanilla to 20
[10:56:59.4962536] [Info   :ImmersiveScrap] Registered spawn rate for Custom to 20
[10:56:59.4962536] [Info   :ImmersiveScrap] Updated matching properties for SocketWrenchItem (Item).
[10:56:59.4962536] [Info   :ImmersiveScrap] Registered spawn rate for Vanilla to 20
[10:56:59.4962536] [Info   :ImmersiveScrap] Registered spawn rate for Custom to 20
[10:56:59.4962536] [Info   :ImmersiveScrap] Updated matching properties for SqueakytoyItem (Item).
[10:56:59.4962536] [Info   :ImmersiveScrap] Registered spawn rate for Vanilla to 20
[10:56:59.4962536] [Info   :ImmersiveScrap] Registered spawn rate for Custom to 20
[10:56:59.4962536] [Info   :ImmersiveScrap] Updated matching properties for SuitcaseItem (Item).
[10:56:59.4962536] [Info   :ImmersiveScrap] Registered spawn rate for Vanilla to 20
[10:56:59.4962536] [Info   :ImmersiveScrap] Registered spawn rate for Custom to 20
[10:56:59.4962536] [Info   :ImmersiveScrap] Updated matching properties for ToasterItem (Item).
[10:56:59.4962536] [Info   :ImmersiveScrap] Registered spawn rate for Vanilla to 20
[10:56:59.4962536] [Info   :ImmersiveScrap] Registered spawn rate for Custom to 20
[10:56:59.4962536] [Info   :ImmersiveScrap] Updated matching properties for ToolboxItem (Item).
[10:56:59.4962536] [Info   :ImmersiveScrap] Registered spawn rate for Vanilla to 20
[10:56:59.4962536] [Info   :ImmersiveScrap] Registered spawn rate for Custom to 20
[10:56:59.4962536] [Info   :ImmersiveScrap] Updated matching properties for TophatItem (Item).
[10:56:59.4962536] [Info   :ImmersiveScrap] Registered spawn rate for Vanilla to 20
[10:56:59.4962536] [Info   :ImmersiveScrap] Registered spawn rate for Custom to 20
[10:56:59.4962536] [Info   :ImmersiveScrap] Updated matching properties for TrafficconeItem (Item).
[10:56:59.4962536] [Info   :ImmersiveScrap] Registered spawn rate for Vanilla to 20
[10:56:59.4962536] [Info   :ImmersiveScrap] Registered spawn rate for Custom to 20
[10:56:59.4962536] [Info   :ImmersiveScrap] Updated matching properties for VentItem (Item).
[10:56:59.4962536] [Info   :ImmersiveScrap] Registered spawn rate for Vanilla to 20
[10:56:59.4962536] [Info   :ImmersiveScrap] Registered spawn rate for Custom to 20
[10:56:59.4962536] [Info   :ImmersiveScrap] Updated matching properties for WateringCanItem (Item).
[10:56:59.4962536] [Info   :ImmersiveScrap] Registered spawn rate for Vanilla to 20
[10:56:59.4962536] [Info   :ImmersiveScrap] Registered spawn rate for Custom to 20
[10:56:59.4962536] [Info   :ImmersiveScrap] Updated matching properties for WheelItem (Item).
[10:56:59.4962536] [Info   :ImmersiveScrap] Registered spawn rate for Vanilla to 20
[10:56:59.4962536] [Info   :ImmersiveScrap] Registered spawn rate for Custom to 20
[10:56:59.4962536] [Info   :ImmersiveScrap] Updated matching properties for WinebottleItem (Item).
[10:56:59.4962536] [Info   :ImmersiveScrap] Registered spawn rate for Vanilla to 20
[10:56:59.4962536] [Info   :ImmersiveScrap] Registered spawn rate for Custom to 20
[10:56:59.4962536] [Info   :ImmersiveScrap] Updated matching properties for WrenchItem (Item).
[10:56:59.4962536] [Info   :ImmersiveScrap] Registered spawn rate for Vanilla to 20
[10:56:59.4962536] [Info   :ImmersiveScrap] Registered spawn rate for Custom to 20
[10:56:59.4962536] [Info   :ImmersiveScrap] Updated matching properties for AlcoholFlaskItem (Item).
[10:56:59.4962536] [Info   :ImmersiveScrap] Registered spawn rate for Vanilla to 20
[10:56:59.4962536] [Info   :ImmersiveScrap] Registered spawn rate for Custom to 20
[10:56:59.4962536] [Info   :ImmersiveScrap] Updated matching properties for AnvilItem (Item).
[10:56:59.4962536] [Info   :ImmersiveScrap] Registered spawn rate for Vanilla to 20
[10:56:59.4962536] [Info   :ImmersiveScrap] Registered spawn rate for Custom to 20
[10:56:59.4962536] [Info   :ImmersiveScrap] Updated matching properties for BaseballbatItem (Item).
[10:56:59.4962536] [Info   :ImmersiveScrap] Registered spawn rate for Vanilla to 20
[10:56:59.4962536] [Info   :ImmersiveScrap] Registered spawn rate for Custom to 20
[10:56:59.4962536] [Info   :ImmersiveScrap] Updated matching properties for BeercanItem (Item).
[10:56:59.4962536] [Info   :ImmersiveScrap] Registered spawn rate for Vanilla to 20
[10:56:59.4962536] [Info   :ImmersiveScrap] Registered spawn rate for Custom to 20
[10:56:59.4962536] [Info   :ImmersiveScrap] Updated matching properties for BrickItem (Item).
[10:56:59.4962536] [Info   :ImmersiveScrap] Registered spawn rate for Vanilla to 20
[10:56:59.4962536] [Info   :ImmersiveScrap] Registered spawn rate for Custom to 20
[10:56:59.4962536] [Info   :ImmersiveScrap] Updated matching properties for BrokenengineItem (Item).
[10:56:59.4962536] [Info   :ImmersiveScrap] Registered spawn rate for Vanilla to 20
[10:56:59.4962536] [Info   :ImmersiveScrap] Registered spawn rate for Custom to 20
[10:56:59.4962536] [Info   :ImmersiveScrap] Updated matching properties for BucketItem (Item).
[10:56:59.4962536] [Info   :ImmersiveScrap] Registered spawn rate for Vanilla to 20
[10:56:59.4962536] [Info   :ImmersiveScrap] Registered spawn rate for Custom to 20
[10:56:59.4962536] [Info   :ImmersiveScrap] Updated matching properties for CanpaintItem (Item).
[10:56:59.4962536] [Info   :ImmersiveScrap] Registered spawn rate for Vanilla to 20
[10:56:59.4962536] [Info   :ImmersiveScrap] Registered spawn rate for Custom to 20
[10:56:59.4962536] [Info   :ImmersiveScrap] Updated matching properties for CanteenItem (Item).
[10:56:59.4962536] [Info   :ImmersiveScrap] Registered spawn rate for Vanilla to 20
[10:56:59.4962536] [Info   :ImmersiveScrap] Registered spawn rate for Custom to 20
[10:56:59.4962536] [Info   :ImmersiveScrap] Updated matching properties for CarbatteryItem (Item).
[10:56:59.4962536] [Info   :ImmersiveScrap] Registered spawn rate for Vanilla to 20
[10:56:59.4962536] [Info   :ImmersiveScrap] Registered spawn rate for Custom to 20
[10:56:59.4962536] [Info   :ImmersiveScrap] Updated matching properties for ClampItem (Item).
[10:56:59.4962536] [Info   :ImmersiveScrap] Registered spawn rate for Vanilla to 20
[10:56:59.4962536] [Info   :ImmersiveScrap] Registered spawn rate for Custom to 20
[10:56:59.4962536] [Info   :ImmersiveScrap] Updated matching properties for ClockItem (Item).
[10:56:59.4962536] [Info   :ImmersiveScrap] Registered spawn rate for Vanilla to 20
[10:56:59.4962536] [Info   :ImmersiveScrap] Registered spawn rate for Custom to 20
[10:56:59.4962536] [Info   :ImmersiveScrap] Updated matching properties for FancyPaintingItem (Item).
[10:56:59.4962536] [Info   :ImmersiveScrap] Registered spawn rate for Vanilla to 20
[10:56:59.4962536] [Info   :ImmersiveScrap] Registered spawn rate for Custom to 20
[10:56:59.4962536] [Info   :ImmersiveScrap] Updated matching properties for FanItem (Item).
[10:56:59.4962536] [Info   :ImmersiveScrap] Registered spawn rate for Vanilla to 20
[10:56:59.4962536] [Info   :ImmersiveScrap] Registered spawn rate for Custom to 20
[10:56:59.4962536] [Info   :ImmersiveScrap] Updated matching properties for FireaxeItem (Item).
[10:56:59.4962536] [Info   :ImmersiveScrap] Registered spawn rate for Vanilla to 20
[10:56:59.4962536] [Info   :ImmersiveScrap] Registered spawn rate for Custom to 20
[10:56:59.4962536] [Info   :ImmersiveScrap] Updated matching properties for FireextinguisherItem (Item).
[10:56:59.4962536] [Info   :ImmersiveScrap] Registered spawn rate for Vanilla to 20
[10:56:59.4962536] [Info   :ImmersiveScrap] Registered spawn rate for Custom to 20
[10:56:59.4962536] [Info   :ImmersiveScrap] Updated matching properties for FirehydrantItem (Item).
[10:56:59.4962536] [Info   :ImmersiveScrap] Registered spawn rate for Vanilla to 20
[10:56:59.4962536] [Info   :ImmersiveScrap] Registered spawn rate for Custom to 20
[10:56:59.4962536] [Info   :ImmersiveScrap] Updated matching properties for FoodcanItem (Item).
[10:56:59.4962536] [Info   :ImmersiveScrap] Registered spawn rate for Vanilla to 20
[10:56:59.4962536] [Info   :ImmersiveScrap] Registered spawn rate for Custom to 20
[10:56:59.4962536] [Info   :ImmersiveScrap] Updated matching properties for GameboyItem (Item).
[10:56:59.4962536] [Info   :ImmersiveScrap] Registered spawn rate for Vanilla to 20
[10:56:59.4962536] [Info   :ImmersiveScrap] Registered spawn rate for Custom to 20
[10:56:59.4962536] [Info   :ImmersiveScrap] Updated matching properties for GarbageItem (Item).
[10:56:59.4962536] [Info   :ImmersiveScrap] Registered spawn rate for Vanilla to 20
[10:56:59.4962536] [Info   :ImmersiveScrap] Registered spawn rate for Custom to 20
[10:56:59.4962536] [Info   :ImmersiveScrap] Updated matching properties for HammerItem (Item).
[10:56:59.4962536] [Info   :ImmersiveScrap] Registered spawn rate for Vanilla to 20
[10:56:59.4962536] [Info   :ImmersiveScrap] Registered spawn rate for Custom to 20
[10:56:59.4962536] [Info   :ImmersiveScrap] Updated matching properties for JerrycanItem (Item).
[10:56:59.4962536] [Info   :ImmersiveScrap] Registered spawn rate for Vanilla to 20
[10:56:59.4962536] [Info   :ImmersiveScrap] Registered spawn rate for Custom to 20
[10:56:59.4962536] [Info   :ImmersiveScrap] Updated matching properties for KeyboardItem (Item).
[10:56:59.4962536] [Info   :ImmersiveScrap] Registered spawn rate for Vanilla to 20
[10:56:59.4962536] [Info   :ImmersiveScrap] Registered spawn rate for Custom to 20
[10:56:59.4962536] [Info   :ImmersiveScrap] Updated matching properties for LanternItem (Item).
[10:56:59.4962536] [Info   :ImmersiveScrap] Registered spawn rate for Vanilla to 20
[10:56:59.4962536] [Info   :ImmersiveScrap] Registered spawn rate for Custom to 20
[10:56:59.4962536] [Info   :ImmersiveScrap] Updated matching properties for LibrarylampItem (Item).
[10:56:59.4962536] [Info   :ImmersiveScrap] Registered spawn rate for Vanilla to 20
[10:56:59.4962536] [Info   :ImmersiveScrap] Registered spawn rate for Custom to 20
[10:56:59.4962536] [Info   :ImmersiveScrap] Updated matching properties for PlantItem (Item).
[10:56:59.4962536] [Info   :ImmersiveScrap] Registered spawn rate for Vanilla to 20
[10:56:59.4962536] [Info   :ImmersiveScrap] Registered spawn rate for Custom to 20
[10:56:59.4962536] [Info   :ImmersiveScrap] Updated matching properties for PliersItem (Item).
[10:56:59.4962536] [Info   :ImmersiveScrap] Registered spawn rate for Vanilla to 20
[10:56:59.4962536] [Info   :ImmersiveScrap] Registered spawn rate for Custom to 20
[10:56:59.4962536] [Info   :ImmersiveScrap] Updated matching properties for PlungerItem (Item).
[10:56:59.4962536] [Info   :ImmersiveScrap] Registered spawn rate for Vanilla to 20
[10:56:59.4962536] [Info   :ImmersiveScrap] Registered spawn rate for Custom to 20
[10:56:59.4962536] [Info   :ImmersiveScrap] Updated matching properties for RetroToyItem (Item).
[10:56:59.4962536] [Info   :ImmersiveScrap] Registered spawn rate for Vanilla to 20
[10:56:59.4962536] [Info   :ImmersiveScrap] Registered spawn rate for Custom to 20
[10:56:59.4962536] [Info   :ImmersiveScrap] Updated matching properties for ScrewdriverItem (Item).
[10:56:59.4962536] [Info   :ImmersiveScrap] Registered spawn rate for Vanilla to 20
[10:56:59.4962536] [Info   :ImmersiveScrap] Registered spawn rate for Custom to 20
[10:56:59.4962536] [Info   :ImmersiveScrap] Updated matching properties for SinkItem (Item).
[10:56:59.4962536] [Info   :ImmersiveScrap] Registered spawn rate for Vanilla to 20
[10:56:59.4962536] [Info   :ImmersiveScrap] Registered spawn rate for Custom to 20
[10:56:59.4962536] [Info   :ImmersiveScrap] Updated matching properties for SocketWrenchItem (Item).
[10:56:59.4962536] [Info   :ImmersiveScrap] Registered spawn rate for Vanilla to 20
[10:56:59.4962536] [Info   :ImmersiveScrap] Registered spawn rate for Custom to 20
[10:56:59.4962536] [Info   :ImmersiveScrap] Updated matching properties for SqueakytoyItem (Item).
[10:56:59.4962536] [Info   :ImmersiveScrap] Registered spawn rate for Vanilla to 20
[10:56:59.4962536] [Info   :ImmersiveScrap] Registered spawn rate for Custom to 20
[10:56:59.4962536] [Info   :ImmersiveScrap] Updated matching properties for SuitcaseItem (Item).
[10:56:59.4962536] [Info   :ImmersiveScrap] Registered spawn rate for Vanilla to 20
[10:56:59.4962536] [Info   :ImmersiveScrap] Registered spawn rate for Custom to 20
[10:56:59.4962536] [Info   :ImmersiveScrap] Updated matching properties for ToasterItem (Item).
[10:56:59.4962536] [Info   :ImmersiveScrap] Registered spawn rate for Vanilla to 20
[10:56:59.4962536] [Info   :ImmersiveScrap] Registered spawn rate for Custom to 20
[10:56:59.4962536] [Info   :ImmersiveScrap] Updated matching properties for ToolboxItem (Item).
[10:56:59.4962536] [Info   :ImmersiveScrap] Registered spawn rate for Vanilla to 20
[10:56:59.4972509] [Info   :ImmersiveScrap] Registered spawn rate for Custom to 20
[10:56:59.4972509] [Info   :ImmersiveScrap] Updated matching properties for TophatItem (Item).
[10:56:59.4972509] [Info   :ImmersiveScrap] Registered spawn rate for Vanilla to 20
[10:56:59.4972509] [Info   :ImmersiveScrap] Registered spawn rate for Custom to 20
[10:56:59.4972509] [Info   :ImmersiveScrap] Updated matching properties for TrafficconeItem (Item).
[10:56:59.4972509] [Info   :ImmersiveScrap] Registered spawn rate for Vanilla to 20
[10:56:59.4972509] [Info   :ImmersiveScrap] Registered spawn rate for Custom to 20
[10:56:59.4972509] [Info   :ImmersiveScrap] Updated matching properties for VentItem (Item).
[10:56:59.4972509] [Info   :ImmersiveScrap] Registered spawn rate for Vanilla to 20
[10:56:59.4972509] [Info   :ImmersiveScrap] Registered spawn rate for Custom to 20
[10:56:59.4972509] [Info   :ImmersiveScrap] Updated matching properties for WateringCanItem (Item).
[10:56:59.4972509] [Info   :ImmersiveScrap] Registered spawn rate for Vanilla to 20
[10:56:59.4972509] [Info   :ImmersiveScrap] Registered spawn rate for Custom to 20
[10:56:59.4972509] [Info   :ImmersiveScrap] Updated matching properties for WheelItem (Item).
[10:56:59.4972509] [Info   :ImmersiveScrap] Registered spawn rate for Vanilla to 20
[10:56:59.4972509] [Info   :ImmersiveScrap] Registered spawn rate for Custom to 20
[10:56:59.4972509] [Info   :ImmersiveScrap] Updated matching properties for WinebottleItem (Item).
[10:56:59.4972509] [Info   :ImmersiveScrap] Registered spawn rate for Vanilla to 20
[10:56:59.4972509] [Info   :ImmersiveScrap] Registered spawn rate for Custom to 20
[10:56:59.4972509] [Info   :ImmersiveScrap] Updated matching properties for WrenchItem (Item).
[10:56:59.5108930] [Info   :LethalLevelLoader] Custom Content Processed. Unlocking Main Menu.
[10:56:59.5108930] [Debug  :HauntedHarpist|1.3.24] Harp audio clip 'HarpMusic1' loaded asynchronously
[10:56:59.5108930] [Debug  :HauntedHarpist|1.3.24] Harp audio clip 'HarpMusic2' loaded asynchronously
[10:56:59.5108930] [Debug  :HauntedHarpist|1.3.24] Harp audio clip 'HarpMusic3' loaded asynchronously
[10:56:59.5108930] [Debug  :HauntedHarpist|1.3.24] Bagpipes audio clip 'BagpipeMusic' loaded asynchronously
[10:56:59.5248773] [Debug  :me.loaforc.soundapi] manager disabled
[10:56:59.5248773] [Debug  :me.loaforc.soundapi] manager destroyed
[10:56:59.5409088] [Warning:LethalPerformance] EntranceTeleport search called with inactive objects, probably will cause incompatibility!
[10:56:59.6613104] [Info   :ReservedFlashlightSlot-2.0.10] Initializing hotkeys.
[10:56:59.6633183] [Info   :ReservedSprayPaintSlot-1.1.3] Initializing hotkeys.
[10:56:59.6643158] [Info   :ReservedUtilitySlot-1.0.7] Initializing hotkeys.
[10:56:59.6663171] [Info   :ReservedWalkieSlot-2.0.7] Initializing hotkeys.
[10:56:59.6683148] [Info   :ReservedWeaponSlot-1.1.5] Initializing hotkeys.
[10:56:59.7028068] [Info   :BrutalCompanyMinusExtraReborn] Found CullFactory mod, Will attempt to grab OnTeleportOtherPlayerThroughEntrance() and OnTeleportLocalPlayerThroughEntrance() methodInfos
[10:56:59.7028068] [Info   :BrutalCompanyMinusExtraReborn] Scopophobia is present. Shy Guy and NoShyGuy event will now occur.
[10:56:59.7028068] [Info   :BrutalCompanyMinusExtraReborn] Kittenji.HerobrineMod is present. Herobrine event will now occur.
[10:56:59.7028068] [Info   :BrutalCompanyMinusExtraReborn] Ccode.SirenHead is present. SirenHead event will now occur.
[10:56:59.7028068] [Info   :BrutalCompanyMinusExtraReborn] nomnomab.rollinggiant is present. RollingGiant and NoRollingGiant event will now occur.
[10:56:59.7028068] [Info   :BrutalCompanyMinusExtraReborn] com.zealsprince.locker is present. Locker and NoLocker event will now occur.
[10:56:59.7028068] [Info   :BrutalCompanyMinusExtraReborn] Kittenji.FootballEntity is present. Football event will now occur.
[10:56:59.7028068] [Info   :BrutalCompanyMinusExtraReborn] sparble.slendermanmod is present. SlenderMan event will now occur
[10:56:59.7028068] [Info   :BrutalCompanyMinusExtraReborn] CodeRebirth is present. CodeRebirth Detected
[10:56:59.7028068] [Info   :BrutalCompanyMinusExtraReborn] Jordo.NeedyCats is present. Needy Cats Detected
[10:56:59.7028068] [Info   :BrutalCompanyMinusExtraReborn] FlipMods.HotbarPlus is present. HotBarPlus Detected.
[10:56:59.7028068] [Info   :BrutalCompanyMinusExtraReborn] com.github.biodiversitylc.Biodiversity is present. Biodiversity Detected
[10:56:59.7028068] [Info   :BrutalCompanyMinusExtraReborn] MelanieMelicious.furniturePack0 is present. Furniture Pack Detected
[10:56:59.7028068] [Info   :BrutalCompanyMinusExtraReborn] butterystancakes.lethalcompany.barberfixes is present. Barber Fixes Detected
[10:56:59.7028068] [Info   :BrutalCompanyMinusExtraReborn] com.github.teamxiaolan.dawnlib is present. DawnLib Detected.
[10:57:00.6728498] [Info   :me.loaforc.soundapi] Starting AudioManager.
[10:57:00.7168035] [Info   :KawaiiBone.Remnants] Loading in items.
[10:57:00.7188036] [Info   :KawaiiBone.Remnants] Registering Rocket Launcher as scrap.
[10:57:00.7213072] [Info   :KawaiiBone.Remnants] Added Rocket Launcher as a scrap item.
[10:57:00.7213072] [Info   :KawaiiBone.Remnants] Registering Utility Belt as scrap.
[10:57:00.7213072] [Info   :KawaiiBone.Remnants] Added Utility Belt as a scrap item.
[10:57:00.7213072] [Info   :KawaiiBone.Remnants] Registering Missile as scrap.
[10:57:00.7213072] [Info   :KawaiiBone.Remnants] Added Missile as a scrap item.
[10:57:00.7213072] [Info   :KawaiiBone.Remnants] Registering Emergency Flare (ammo) as scrap.
[10:57:00.7213072] [Info   :KawaiiBone.Remnants] Added Emergency Flare (ammo) as a scrap item.
[10:57:00.7213072] [Info   :KawaiiBone.Remnants] Registering Remote Radar as scrap.
[10:57:00.7213072] [Info   :KawaiiBone.Remnants] Added Remote Radar as a scrap item.
[10:57:00.7213072] [Info   :KawaiiBone.Remnants] Registering Toy Hammer as scrap.
[10:57:00.7223115] [Info   :KawaiiBone.Remnants] Added Toy Hammer as a scrap item.
[10:57:00.7223115] [Info   :KawaiiBone.Remnants] Registering Flaregun as scrap.
[10:57:00.7223115] [Info   :KawaiiBone.Remnants] Added Flaregun as a scrap item.
[10:57:00.7223115] [Info   :KawaiiBone.Remnants] Registering Hacking Tool as scrap.
[10:57:00.7223115] [Info   :KawaiiBone.Remnants] Added Hacking Tool as a scrap item.
[10:57:00.7223115] [Info   :KawaiiBone.Remnants] Registering Pinger as scrap.
[10:57:00.7233107] [Info   :KawaiiBone.Remnants] Added Pinger as a scrap item.
[10:57:00.7233107] [Info   :KawaiiBone.Remnants] Registering Night Vision Goggles as scrap.
[10:57:00.7233107] [Info   :KawaiiBone.Remnants] Added Night Vision Goggles as a scrap item.
[10:57:00.7233107] [Info   :KawaiiBone.Remnants] Registering Medic Bag as scrap.
[10:57:00.7243115] [Info   :KawaiiBone.Remnants] Added Medic Bag as a scrap item.
[10:57:00.7243115] [Info   :KawaiiBone.Remnants] Registering Cat Food as scrap.
[10:57:00.7243115] [Info   :KawaiiBone.Remnants] Added Cat Food as a scrap item.
[10:57:00.7243115] [Info   :KawaiiBone.Remnants] Registering Whistle as scrap.
[10:57:00.7243115] [Info   :KawaiiBone.Remnants] Added Whistle as a scrap item.
[10:57:00.7243115] [Info   :KawaiiBone.Remnants] Registering PluckAPhone as scrap.
[10:57:00.7243115] [Info   :KawaiiBone.Remnants] Added PluckAPhone as a scrap item.
[10:57:00.7243115] [Info   :KawaiiBone.Remnants] Registering Glow Seed as scrap.
[10:57:00.7253119] [Info   :KawaiiBone.Remnants] Added Glow Seed as a scrap item.
[10:57:00.7253119] [Info   :KawaiiBone.Remnants] Registering Boombox as scrap.
[10:57:00.7253119] [Info   :KawaiiBone.Remnants] Added Boombox as a scrap item.
[10:57:00.7263111] [Info   :KawaiiBone.Remnants] Items loaded in.
[10:57:00.7683651] [Info   :KawaiiBone.Remnants] Registering custom moons data.
[10:57:00.7683651] [Info   :KawaiiBone.Remnants] New moon found attempting to register bodies to moon: Black Mesa
[10:57:00.7693666] [Info   :KawaiiBone.Remnants] Registered bodies to moon: Black Mesa
[10:57:00.7693666] [Info   :KawaiiBone.Remnants] New moon found attempting to register bodies to moon: 745 Oxyde
[10:57:00.7693666] [Info   :KawaiiBone.Remnants] Registered bodies to moon: 745 Oxyde
[10:57:00.7693666] [Info   :KawaiiBone.Remnants] New moon found attempting to register bodies to moon: 198 Cabal
[10:57:00.7693666] [Info   :KawaiiBone.Remnants] Registered bodies to moon: 198 Cabal
[10:57:00.7693666] [Info   :KawaiiBone.Remnants] New moon found attempting to register bodies to moon: 556 Flicker
[10:57:00.7693666] [Info   :KawaiiBone.Remnants] Registered bodies to moon: 556 Flicker
[10:57:00.7693666] [Info   :KawaiiBone.Remnants] New moon found attempting to register bodies to moon: 559 Pareidolia
[10:57:00.7693666] [Info   :KawaiiBone.Remnants] Registered bodies to moon: 559 Pareidolia
[10:57:00.7693666] [Info   :KawaiiBone.Remnants] New moon found attempting to register bodies to moon: 161 Abaddon
[10:57:00.7693666] [Info   :KawaiiBone.Remnants] Registered bodies to moon: 161 Abaddon
[10:57:00.7693666] [Info   :KawaiiBone.Remnants] New moon found attempting to register bodies to moon: 556 Shutter
[10:57:00.7693666] [Info   :KawaiiBone.Remnants] Registered bodies to moon: 556 Shutter
[10:57:00.7693666] [Info   :KawaiiBone.Remnants] New moon found attempting to register bodies to moon: 607 Vigilance
[10:57:00.7693666] [Info   :KawaiiBone.Remnants] Registered bodies to moon: 607 Vigilance
[10:57:00.7693666] [Info   :KawaiiBone.Remnants] New moon found attempting to register bodies to moon: 551 Lament
[10:57:00.7693666] [Info   :KawaiiBone.Remnants] Registered bodies to moon: 551 Lament
[10:57:00.7693666] [Info   :KawaiiBone.Remnants] New moon found attempting to register bodies to moon: The Iris
[10:57:00.7693666] [Info   :KawaiiBone.Remnants] Registered bodies to moon: The Iris
[10:57:00.7693666] [Info   :KawaiiBone.Remnants] New moon found attempting to register bodies to moon: 31 Arcadia
[10:57:00.7693666] [Info   :KawaiiBone.Remnants] Registered bodies to moon: 31 Arcadia
[10:57:00.7693666] [Info   :KawaiiBone.Remnants] New moon found attempting to register bodies to moon: 10 EGypt
[10:57:00.7693666] [Info   :KawaiiBone.Remnants] Registered bodies to moon: 10 EGypt
[10:57:00.7693666] [Info   :KawaiiBone.Remnants] New moon found attempting to register bodies to moon: 111 PsychSanctum
[10:57:00.7693666] [Info   :KawaiiBone.Remnants] Registered bodies to moon: 111 PsychSanctum
[10:57:00.7693666] [Info   :KawaiiBone.Remnants] New moon found attempting to register bodies to moon: Sanguine
[10:57:00.7693666] [Info   :KawaiiBone.Remnants] Registered bodies to moon: Sanguine
[10:57:00.7693666] [Info   :KawaiiBone.Remnants] New moon found attempting to register bodies to moon: Spectralis
[10:57:00.7693666] [Info   :KawaiiBone.Remnants] Registered bodies to moon: Spectralis
[10:57:00.7693666] [Info   :KawaiiBone.Remnants] New moon found attempting to register bodies to moon: 32 Argent
[10:57:00.7693666] [Info   :KawaiiBone.Remnants] Registered bodies to moon: 32 Argent
[10:57:00.7693666] [Info   :KawaiiBone.Remnants] New moon found attempting to register bodies to moon: 37 Zenit
[10:57:00.7693666] [Info   :KawaiiBone.Remnants] Registered bodies to moon: 37 Zenit
[10:57:00.7693666] [Info   :KawaiiBone.Remnants] New moon found attempting to register bodies to moon: 823 Bozoros
[10:57:00.7693666] [Info   :KawaiiBone.Remnants] Registered bodies to moon: 823 Bozoros
[10:57:00.7693666] [Info   :KawaiiBone.Remnants] Custom moons data registered.
[10:57:00.8279205] [Info   :KawaiiBone.Remnants] Loaded asset: DefaultBodyItem
[10:57:00.8309471] [Info   :KawaiiBone.Remnants] Loaded asset: HeadBurstBodyItem
[10:57:00.8319525] [Info   :KawaiiBone.Remnants] Loaded asset: CoilBodyItem
[10:57:00.8329539] [Info   :KawaiiBone.Remnants] Loaded asset: WebbedBodyItem
[10:57:00.8329539] [Info   :KawaiiBone.Remnants] Loaded asset: DefaultBodyProp
[10:57:00.8339544] [Info   :KawaiiBone.Remnants] Loaded asset: HeadBurstBodyProp
[10:57:00.8339544] [Info   :KawaiiBone.Remnants] Loaded asset: CoilHeadBodyProp
[10:57:00.8349531] [Info   :KawaiiBone.Remnants] Loaded asset: WebbedBodyProp
[10:57:00.8359556] [Info   :MoreBattery] [MoreBattery] Spawning HUD GameObject on scene loaded: InitSceneLaunchOptions
[10:57:00.8359556] [Info   :MoreBattery] [MoreBattery] Successfully spawned HUD GameObject!
[10:57:04.6151610] [Warning:LCSoundTool] Networking disabled. Mod in fully client side mode, but no networked actions can take place! You can safely ignore this if you want the mod to run fully client side.
[10:57:04.6567774] [Debug  :   BepInEx] [UnityInput] Unknown key name: OEM1, skipping remapping
[10:57:04.6567774] [Debug  :   BepInEx] [UnityInput] Unknown key name: OEM2, skipping remapping
[10:57:04.6567774] [Debug  :   BepInEx] [UnityInput] Unknown key name: OEM3, skipping remapping
[10:57:04.6567774] [Debug  :   BepInEx] [UnityInput] Unknown key name: OEM4, skipping remapping
[10:57:04.6567774] [Debug  :   BepInEx] [UnityInput] Unknown key name: OEM5, skipping remapping
[10:57:04.6567774] [Debug  :   BepInEx] [UnityInput] Unknown key name: IMESelected, skipping remapping
[10:57:04.6662941] [Debug  :   BepInEx] [UnityInput] Using NewInputSystem
[10:57:04.9633930] [Info   :S1.39 Compatibility Fixes] [LethalMinEnemyGrabGuard] Patched exact declared LethalMin.PikminAI.GrabPikmin(Transform,float,int) with a prevention-only prefix. No delayed repair, state snapshot, release-method reflection, or leader/follow restoration is installed.
[10:57:05.4754826] [Debug  :Enemy Sound Fixes] Transpiler (MouthDogAI.OnCollideWithEnemy): Don't play hit sound when attacking dead enemy
[10:57:05.4774804] [Info   :S1.39 Compatibility Fixes] [MouthDogPikminGuard] Patched exact declared LethalMin.MouthDogPikminEnemy.DoCheckInterval() with a Priority.First prevention-only prefix. The adapter remains enabled; native Pikmin -> Mouth Dog combat/lifecycle remains owned by LethalMin.
[10:57:05.4774804] [Info   :S1.39 Compatibility Fixes] [MouthDogVanillaCollisionGuard] Patched exact declared MouthDogAI.OnCollideWithEnemy(Collider,EnemyAI) with a Priority.First prevention-only prefix. Only validated runtime LethalMin.PikminAI collisions are skipped; null and non-Pikmin EnemyAI pass through unchanged.
[10:57:05.4794794] [Info   :S1.39 Compatibility Fixes] [MouthDogVanillaCollisionGuard] Exact target co-patch ownership: prefixes=[NoteBoxz.LethalMin,tendas.s139.compatibilityfixes]; postfixes=[<none>]; transpilers=[butterystancakes.lethalcompany.enemysoundfixes]; finalizers=[<none>].
[10:57:05.9971160] [Info   :S1.39 Compatibility Fixes] [BaboonHawkPikminGuard] One-way Hawk -> Pikmin protection initialized; collisionPatched=True; bitePatched=True; BaboonBirdPikminEnemy remains ENABLED so native PikminEnemy.Update death/unlatch cleanup can run.
[10:57:05.9981147] [Info   :me.loaforc.soundapi] Splash screens done! Continuing pipeline
[10:57:05.9981147] [Warning:me.loaforc.soundapi] The game will freeze for a moment!
[10:57:06.0001138] [Warning:GoldenKitten.FairAI] MoreShipUpgrades assembly not found. Skipping optional patch.
[10:57:06.0001138] [Warning:GoldenKitten.FairAI] LethalConfig assembly not found. Skipping optional patch.
[10:57:06.0001138] [Warning:GoldenKitten.FairAI] LethalThings assembly not found. Skipping optional patch.
[10:57:06.0001138] [Warning:GoldenKitten.FairAI] Surfaced assembly not found. Skipping optional patch.
[10:57:06.0001138] [Warning:GoldenKitten.FairAI] TheNameIsTyler.TurretSettings assembly not found. Skipping optional patch.
[10:57:06.0001138] [Info   :GoldenKitten.FairAI] Optional Components initiated!
[10:57:06.0026221] [Info   :me.loaforc.soundapi] (Step 5) All file reads are done, waiting for the audio clips conversions.
[10:57:06.0026221] [Info   :me.loaforc.soundapi] (Step 6) Took 4ms to finish loading audio clips from files
[10:57:06.0026221] [Debug  :me.loaforc.soundapi] Active Threads that are left over: 0
[10:57:06.0026221] [Info   :me.loaforc.soundapi] Entire load process took an effective 15ms
[10:57:06.1055709] [Info   :LethalPerformance.Patcher] Saved 145 config(s)
[10:57:07.3044750] [Info   :MoreBattery] [MoreBattery HUD] Component OnGUI first call! ShowDebugUI = False
[10:57:07.3457448] [Info   :GoldenKitten.FairAI] Fair AI initiated!
[10:57:07.3487428] [Info   :LethalPerformance.Patcher] Saved 1 config(s)
[10:57:07.3788337] [Info   :LethalPerformance.Patcher] Saved 1 config(s)
[10:57:07.3853458] [Info   :LethalPerformance.Patcher] Saved 1 config(s)
[10:57:07.3938568] [Info   :LethalPerformance.Patcher] Saved 2 config(s)
[10:57:07.4013667] [Info   :LethalPerformance.Patcher] Saved 1 config(s)
[10:57:07.4026194] [Info   :LethalPerformance.Patcher] Saved 1 config(s)
[10:57:07.5425325] [Info   :qwbarch.Mirage] Loaded settings: {
  "localPlayerVolume": 0.5,
  "neverDeleteRecordings": true,
  "allowRecordVoice": true,
  "muteVoiceMimic": false
}
[10:57:07.5570692] [Info   :LethalPerformance.Patcher] Saved 1 config(s)
[10:57:07.5590678] [Info   :LethalPerformance.Patcher] Saved 1 config(s)
[10:57:07.8062706] [Debug  :LCUltrawide_Community] NOT setting PixelResolution to [0]
[10:57:07.9055773] [Info   :GeneralImprovements] Automatically launching ONLINE mode.
[10:57:07.9261768] [Info   : Unity Log] Saving changed settings
[10:57:07.9281764] [Debug  :LCUltrawide_Community] NOT setting PixelResolution to [0]
[10:57:07.9898502] [Info   :LethalPerformance] Saved 1 save(s)
[10:57:09.6893188] [Debug  :PathfindingLib] Changed prefabbed NavMeshAgent ButlerEnemy's area mask from 0x000027DD to 0x020027DD to allow traversal of non-smart off-mesh links.
[10:57:09.6893188] [Debug  :PathfindingLib] Changed prefabbed NavMeshAgent FlowerSnakeEnemy's area mask from 0xFFFFFFFF to 0xFFFFFFFF to allow traversal of non-smart off-mesh links.
[10:57:09.6893188] [Debug  :PathfindingLib] Changed prefabbed NavMeshAgent RedLocustBees's area mask from 0xFFFFFFFF to 0xFFFFFFFF to allow traversal of non-smart off-mesh links.
[10:57:09.6893188] [Debug  :PathfindingLib] Changed prefabbed NavMeshAgent SandWorm's area mask from 0x0000320B to 0x0200320B to allow traversal of non-smart off-mesh links.
[10:57:09.6893188] [Debug  :PathfindingLib] Changed prefabbed NavMeshAgent CadaverGrowthMasterAI's area mask from 0xFFFFFFFF to 0xFFFFFFFF to allow traversal of non-smart off-mesh links.
[10:57:09.6893188] [Debug  :PathfindingLib] Changed prefabbed NavMeshAgent StingrayEnemy's area mask from 0x000026DF to 0x020026DF to allow traversal of non-smart off-mesh links.
[10:57:09.6893188] [Debug  :PathfindingLib] Changed prefabbed NavMeshAgent JesterEnemy's area mask from 0x000026DF to 0x020026DF to allow traversal of non-smart off-mesh links.
[10:57:09.6893188] [Debug  :PathfindingLib] Changed prefabbed NavMeshAgent BushWolfEnemy's area mask from 0x0000215F to 0x0200215F to allow traversal of non-smart off-mesh links.
[10:57:09.6893188] [Debug  :PathfindingLib] Changed prefabbed NavMeshAgent DoublewingedBird's area mask from 0x000020EF to 0x020020EF to allow traversal of non-smart off-mesh links.
[10:57:09.6893188] [Debug  :PathfindingLib] Changed prefabbed NavMeshAgent SandSpider's area mask from 0x0000227F to 0x0200227F to allow traversal of non-smart off-mesh links.
[10:57:09.6893188] [Debug  :PathfindingLib] Changed prefabbed NavMeshAgent ButlerBees's area mask from 0xFFFFFFFF to 0xFFFFFFFF to allow traversal of non-smart off-mesh links.
[10:57:09.6893188] [Debug  :PathfindingLib] Changed prefabbed NavMeshAgent BaboonHawkEnemy's area mask from 0x00002BFD to 0x02002BFD to allow traversal of non-smart off-mesh links.
[10:57:09.6893188] [Debug  :PathfindingLib] Changed prefabbed NavMeshAgent TestCapsuleEnemy's area mask from 0xFFFFFFFF to 0xFFFFFFFF to allow traversal of non-smart off-mesh links.
[10:57:09.6893188] [Debug  :PathfindingLib] Changed prefabbed NavMeshAgent SpringMan's area mask from 0x0000261F to 0x0200261F to allow traversal of non-smart off-mesh links.
[10:57:09.6893188] [Debug  :PathfindingLib] Changed prefabbed NavMeshAgent LassoMan's area mask from 0x0000265F to 0x0200265F to allow traversal of non-smart off-mesh links.
[10:57:09.6893188] [Debug  :PathfindingLib] Changed prefabbed NavMeshAgent BaboonHawkEnemy's area mask from 0x00002BFD to 0x02002BFD to allow traversal of non-smart off-mesh links.
[10:57:09.6903186] [Debug  :PathfindingLib] Changed prefabbed NavMeshAgent CadaverBloomBurstEnemy's area mask from 0xFFFFFFFF to 0xFFFFFFFF to allow traversal of non-smart off-mesh links.
[10:57:09.6903186] [Debug  :PathfindingLib] Changed prefabbed NavMeshAgent RadMechEnemy's area mask from 0x00002B9F to 0x02002B9F to allow traversal of non-smart off-mesh links.
[10:57:09.6903186] [Debug  :PathfindingLib] Changed prefabbed NavMeshAgent Flowerman's area mask from 0x000026DF to 0x020026DF to allow traversal of non-smart off-mesh links.
[10:57:09.6903186] [Debug  :PathfindingLib] Changed prefabbed NavMeshAgent ClaySurgeon's area mask from 0x000027FD to 0x020027FD to allow traversal of non-smart off-mesh links.
[10:57:09.6903186] [Debug  :PathfindingLib] Changed prefabbed NavMeshAgent Crawler's area mask from 0x0000267F to 0x0200267F to allow traversal of non-smart off-mesh links.
[10:57:09.6903186] [Debug  :PathfindingLib] Changed prefabbed NavMeshAgent HoarderBug's area mask from 0xFFFFFFFF to 0xFFFFFFFF to allow traversal of non-smart off-mesh links.
[10:57:09.6903186] [Debug  :PathfindingLib] Changed prefabbed NavMeshAgent ForestGiant's area mask from 0x00002B1F to 0x02002B1F to allow traversal of non-smart off-mesh links.
[10:57:09.6903186] [Debug  :PathfindingLib] Changed prefabbed NavMeshAgent PufferEnemy's area mask from 0xFFFFFFFF to 0xFFFFFFFF to allow traversal of non-smart off-mesh links.
[10:57:09.6903186] [Debug  :PathfindingLib] Changed prefabbed NavMeshAgent MaskedPlayerEnemy's area mask from 0xFFFFFFFF to 0xFFFFFFFF to allow traversal of non-smart off-mesh links.
[10:57:09.6903186] [Debug  :PathfindingLib] Changed prefabbed NavMeshAgent MouthDog's area mask from 0x00002B5F to 0x02002B5F to allow traversal of non-smart off-mesh links.
[10:57:09.6903186] [Debug  :PathfindingLib] Changed prefabbed NavMeshAgent DressGirl's area mask from 0xFFFFFFFF to 0xFFFFFFFF to allow traversal of non-smart off-mesh links.
[10:57:09.6903186] [Debug  :PathfindingLib] Changed prefabbed NavMeshAgent Blob's area mask from 0x0000227B to 0x0200227B to allow traversal of non-smart off-mesh links.
[10:57:09.6903186] [Debug  :PathfindingLib] Changed prefabbed NavMeshAgent DocileLocustBees's area mask from 0x000000EF to 0x020000EF to allow traversal of non-smart off-mesh links.
[10:57:09.6903186] [Debug  :PathfindingLib] Changed prefabbed NavMeshAgent NutcrackerEnemy's area mask from 0x000026DF to 0x020026DF to allow traversal of non-smart off-mesh links.
[10:57:09.6903186] [Debug  :PathfindingLib] Changed prefabbed NavMeshAgent Centipede's area mask from 0xFFFFFFFF to 0xFFFFFFFF to allow traversal of non-smart off-mesh links.
[10:57:09.6903186] [Debug  :PathfindingLib] Changed prefabbed NavMeshAgent CaveDwellerEnemy's area mask from 0xFFFFFFFF to 0xFFFFFFFF to allow traversal of non-smart off-mesh links.
[10:57:09.6903186] [Debug  :PathfindingLib] Changed prefabbed NavMeshAgent PumaEnemy's area mask from 0x00002FFF to 0x02002FFF to allow traversal of non-smart off-mesh links.
[10:57:09.6903186] [Debug  :PathfindingLib] Changed prefabbed NavMeshAgent GiantKiwi's area mask from 0xFFFFFFFF to 0xFFFFFFFF to allow traversal of non-smart off-mesh links.
[10:57:09.7211773] [Warning:LethalPerformance] EntranceTeleport search called with inactive objects, probably will cause incompatibility!
[10:57:09.7241851] [Debug  :LobbyControl] 0 & 1 = 0
[10:57:09.7241851] [Debug  :LobbyControl] Checkpoint 'SyncAlreadyHeldObjects' from 'LobbyControl' created with mask '1'
[10:57:09.7251852] [Debug  :LobbyControl] 1 & 1 = 1
[10:57:09.7251852] [Debug  :LobbyControl] 1 & 10 = 0b
[10:57:09.7251852] [Debug  :LobbyControl] Checkpoint 'SyncAllPlayerLevels' from 'LobbyControl' created with mask '10'
[10:57:09.7251852] [Debug  :LobbyControl] 11 & 1 = 1
[10:57:09.7251852] [Debug  :LobbyControl] 11 & 10 = 10b
[10:57:09.7251852] [Debug  :LobbyControl] 11 & 100 = 0b
[10:57:09.7251852] [Debug  :LobbyControl] Checkpoint 'SendNewPlayerValues' from 'LobbyControl' created with mask '100'
[10:57:09.7251852] [Info   : Unity Log] subcribing to steam callbacks
[10:57:09.7447279] [Debug  :   DawnLib] Removing LethalLevelLoader dungeon generation transpiler.
[10:57:10.1790697] [Info   :KawaiiBone.Remnants] Loading in items.
[10:57:10.1810732] [Info   :KawaiiBone.Remnants] Registering Belt bag as scrap.
[10:57:10.1815766] [Info   :KawaiiBone.Remnants] Added Belt bag as a scrap item.
[10:57:10.1815766] [Info   :KawaiiBone.Remnants] Registering Extension ladder as scrap.
[10:57:10.1815766] [Info   :KawaiiBone.Remnants] Added Extension ladder as a scrap item.
[10:57:10.1815766] [Info   :KawaiiBone.Remnants] Registering Flashlight as scrap.
[10:57:10.1815766] [Info   :KawaiiBone.Remnants] Added Flashlight as a scrap item.
[10:57:10.1815766] [Info   :KawaiiBone.Remnants] Registering Jetpack as scrap.
[10:57:10.1815766] [Info   :KawaiiBone.Remnants] Added Jetpack as a scrap item.
[10:57:10.1815766] [Info   :KawaiiBone.Remnants] Registering Lockpicker as scrap.
[10:57:10.1815766] [Info   :KawaiiBone.Remnants] Added Lockpicker as a scrap item.
[10:57:10.1815766] [Info   :KawaiiBone.Remnants] Registering Pro-flashlight as scrap.
[10:57:10.1825805] [Info   :KawaiiBone.Remnants] Added Pro-flashlight as a scrap item.
[10:57:10.1825805] [Info   :KawaiiBone.Remnants] Registering Radar-booster as scrap.
[10:57:10.1825805] [Info   :KawaiiBone.Remnants] Added Radar-booster as a scrap item.
[10:57:10.1825805] [Info   :KawaiiBone.Remnants] Registering Shovel as scrap.
[10:57:10.1825805] [Info   :KawaiiBone.Remnants] Added Shovel as a scrap item.
[10:57:10.1825805] [Info   :KawaiiBone.Remnants] Registering Spray paint as scrap.
[10:57:10.1825805] [Info   :KawaiiBone.Remnants] Added Spray paint as a scrap item.
[10:57:10.1825805] [Info   :KawaiiBone.Remnants] Registering Stun grenade as scrap.
[10:57:10.1825805] [Info   :KawaiiBone.Remnants] Added Stun grenade as a scrap item.
[10:57:10.1825805] [Info   :KawaiiBone.Remnants] Registering TZP-Inhalant as scrap.
[10:57:10.1825805] [Info   :KawaiiBone.Remnants] Added TZP-Inhalant as a scrap item.
[10:57:10.1825805] [Info   :KawaiiBone.Remnants] Registering Walkie-talkie as scrap.
[10:57:10.1825805] [Info   :KawaiiBone.Remnants] Added Walkie-talkie as a scrap item.
[10:57:10.1825805] [Info   :KawaiiBone.Remnants] Registering Weed killer as scrap.
[10:57:10.1825805] [Info   :KawaiiBone.Remnants] Added Weed killer as a scrap item.
[10:57:10.1835851] [Info   :KawaiiBone.Remnants] Registering Zap gun as scrap.
[10:57:10.1835851] [Info   :KawaiiBone.Remnants] Added Zap gun as a scrap item.
[10:57:10.1835851] [Info   :KawaiiBone.Remnants] Items loaded in.
[10:57:10.2253867] [Info   :KawaiiBone.Remnants] Registering custom moons data.
[10:57:10.2253867] [Info   :KawaiiBone.Remnants] Custom moons data registered.
[10:57:10.2263899] [Debug  :LCUltrawide_Community] NOT setting PixelResolution to [0]
[10:57:12.0426491] [Debug  :PathfindingLib] Changed prefabbed NavMeshAgent Ogopogo's area mask from 0x00000000 to 0x02000000 to allow traversal of non-smart off-mesh links.
[10:57:12.0636693] [Debug  :PathfindingLib] Changed prefabbed NavMeshAgent Vermin's area mask from 0x00000000 to 0x02000000 to allow traversal of non-smart off-mesh links.
[10:57:12.1702692] [Debug  :PathfindingLib] Changed prefabbed NavMeshAgent MicBird's area mask from 0x0000039D to 0x0200039D to allow traversal of non-smart off-mesh links.
[10:57:12.3034788] [Debug  :PathfindingLib] Changed prefabbed NavMeshAgent Prototax's area mask from 0x000003FD to 0x020003FD to allow traversal of non-smart off-mesh links.
[10:57:12.3064794] [Debug  :PathfindingLib] Changed prefabbed NavMeshAgent LeafBoi's area mask from 0x000003FD to 0x020003FD to allow traversal of non-smart off-mesh links.
[10:57:12.3094787] [Warning:Biodiversity|0.2.9] Loading Audio data for 'leafHappy1' because it does not have preloadAudioData enabled!
[10:57:12.3114778] [Warning:Biodiversity|0.2.9] Loading Audio data for 'leafHappy2' because it does not have preloadAudioData enabled!
[10:57:12.3129836] [Warning:Biodiversity|0.2.9] Loading Audio data for 'leafHappy3' because it does not have preloadAudioData enabled!
[10:57:12.3139864] [Warning:Biodiversity|0.2.9] Loading Audio data for 'leafHit' because it does not have preloadAudioData enabled!
[10:57:12.3149870] [Warning:Biodiversity|0.2.9] Loading Audio data for 'leafScare' because it does not have preloadAudioData enabled!
[10:57:12.3159863] [Warning:Biodiversity|0.2.9] Loading Audio data for 'leafScareLow1' because it does not have preloadAudioData enabled!
[10:57:12.3169863] [Warning:Biodiversity|0.2.9] Loading Audio data for 'leafScareLow2' because it does not have preloadAudioData enabled!
[10:57:12.3179863] [Warning:Biodiversity|0.2.9] Loading Audio data for 'proto_hit' because it does not have preloadAudioData enabled!
[10:57:12.3189862] [Warning:Biodiversity|0.2.9] Loading Audio data for 'proto_step' because it does not have preloadAudioData enabled!
[10:57:12.3199862] [Warning:Biodiversity|0.2.9] Loading Audio data for 'spew2' because it does not have preloadAudioData enabled!
[10:57:12.3717637] [Debug  :PathfindingLib] Changed prefabbed NavMeshAgent CoilCrab's area mask from 0xFFFFFFFF to 0xFFFFFFFF to allow traversal of non-smart off-mesh links.
[10:57:12.6371481] [Debug  :PathfindingLib] Changed prefabbed NavMeshAgent AloeBracken's area mask from 0x000000CF to 0x020000CF to allow traversal of non-smart off-mesh links.
[10:57:12.6411491] [Warning:Biodiversity|0.2.9] Loading Audio data for 'AloeChase' because it does not have preloadAudioData enabled!
[10:57:12.6425999] [Warning:Biodiversity|0.2.9] VideoClip: 'AloeTerminalVideo' is being loaded from 'AloeAssets' instead of the dedicated video clip bundle. It will not work correctly.
[10:57:13.0311835] [Debug  :Matty's Fixes] RoundManager.SpawnScrapInLevel patched
[10:57:13.0968459] [Info   :Biodiversity|0.2.9] "i love MEN with BIG ARMS and STRONGMAN LEGS" - Monty
[10:57:13.1013789] [Info   :LethalLevelLoader] Registering Bundle Content!
[10:57:13.3486830] [Error  : Unity Log] NetworkPrefab (BigDoorSpawn) has a duplicate GlobalObjectIdHash source entry value of: 0!
[10:57:13.3486830] [Error  : Unity Log] NetworkPrefab (CrystalScrapSpawn) has a duplicate GlobalObjectIdHash source entry value of: 0!
[10:57:13.3486830] [Error  : Unity Log] NetworkPrefab (Tooletnits) has a duplicate GlobalObjectIdHash source entry value of: 2151174361!
[10:57:13.3486830] [Error  : Unity Log] NetworkPrefab (Fridgelooty) has a duplicate GlobalObjectIdHash source entry value of: 3371793150!
[10:57:13.3486830] [Error  : Unity Log] NetworkPrefab (1MainEntranceStuff) has a duplicate GlobalObjectIdHash source entry value of: 2810456385!
[10:57:13.3486830] [Error  : Unity Log] NetworkPrefab (BunkerHeavyDoorMapModel) has a duplicate GlobalObjectIdHash source entry value of: 2141666470!
[10:57:13.3486830] [Error  : Unity Log] NetworkPrefab (1MainEntranceStuff) has a duplicate GlobalObjectIdHash source entry value of: 2810456385!
[10:57:13.3486830] [Error  : Unity Log] NetworkPrefab (BunkerHeavyDoorMapModel) has a duplicate GlobalObjectIdHash source entry value of: 2141666470!
[10:57:13.3486830] [Error  : Unity Log] NetworkPrefab (1MainEntranceStuff) has a duplicate GlobalObjectIdHash source entry value of: 2810456385!
[10:57:13.3486830] [Error  : Unity Log] NetworkPrefab (Loungedoor) has a duplicate GlobalObjectIdHash source entry value of: 188745222!
[10:57:13.3496834] [Error  : Unity Log] NetworkPrefab (KeySpawner) has a duplicate GlobalObjectIdHash source entry value of: 0!
[10:57:13.3496834] [Error  : Unity Log] NetworkPrefab (MannequinSpawnerB) has a duplicate GlobalObjectIdHash source entry value of: 0!
[10:57:13.3496834] [Error  : Unity Log] NetworkPrefab (MannequinSpawnerA) has a duplicate GlobalObjectIdHash source entry value of: 0!
[10:57:13.3496834] [Error  : Unity Log] NetworkPrefab (MannequinSpawnerC) has a duplicate GlobalObjectIdHash source entry value of: 0!
[10:57:13.3496834] [Error  : Unity Log] NetworkPrefab (GridCabinetInternals) has a duplicate GlobalObjectIdHash source entry value of: 4184295196!
[10:57:13.3496834] [Error  : Unity Log] NetworkPrefab (DrawerLootSpawns) has a duplicate GlobalObjectIdHash source entry value of: 607143571!
[10:57:13.3511865] [Error  : Unity Log] NetworkPrefab (Landmine) has a duplicate GlobalObjectIdHash source entry value of: 0!
[10:57:13.3511865] [Error  : Unity Log] NetworkPrefab (TurretContainer) has a duplicate GlobalObjectIdHash source entry value of: 0!
[10:57:13.3511865] [Error  : Unity Log] NetworkPrefab (officedoor) has a duplicate GlobalObjectIdHash source entry value of: 2302528180!
[10:57:13.3511865] [Error  : Unity Log] NetworkPrefab (DrawerLootSpawns) has a duplicate GlobalObjectIdHash source entry value of: 607143571!
[10:57:13.3637042] [Info   :LethalLevelLoader] Skipped Registering 42 NetworkObjects As They Were Already Registered.
[10:57:13.4297885] [Debug  :ButteRyBalance] Successfully registered network handler. This is good news!
[10:57:13.4312929] [Info   :GeneralImprovements] Adding ToggleableFancyLamp behavior to FancyLamp prefab.
[10:57:13.4343032] [Info   :GeneralImprovements] Item Soccer ball being set to NON conductive.
[10:57:13.4343032] [Info   :GeneralImprovements] Item Toilet paper being set to NON conductive.
[10:57:13.4343032] [Info   :GeneralImprovements] Item Control pad being set to NON conductive.
[10:57:13.4343032] [Info   :GeneralImprovements] Item Zed Dog being set to NON conductive.
[10:57:13.4363037] [Info   :   OpenLib] com.malco.lethalcompany.moreshipupgrades detected! Plugin: darmuhsTerminalStuff has set compatibility bool - True
[10:57:13.4478105] [Debug  :ainavt.lc.lethalconfig] Registered config "LethalConfig.ConfigItems.GenericButtonConfigItem"
[10:57:13.4643305] [Info   :com.github.zehsteam.SellMyScrap] Registered "NetworkHandler" network prefab.
[10:57:13.4643305] [Info   :com.github.zehsteam.SellMyScrap] Registered "OctolarScrapEater" network prefab.
[10:57:13.4643305] [Info   :com.github.zehsteam.SellMyScrap] Registered "TakeyScrapEater" network prefab.
[10:57:13.4643305] [Info   :com.github.zehsteam.SellMyScrap] Registered "MaxwellScrapEater" network prefab.
[10:57:13.4643305] [Info   :com.github.zehsteam.SellMyScrap] Registered "YippeeScrapEater" network prefab.
[10:57:13.4643305] [Info   :com.github.zehsteam.SellMyScrap] Registered "CookieFumoScrapEater" network prefab.
[10:57:13.4643305] [Info   :com.github.zehsteam.SellMyScrap] Registered "PsychoScrapEater" network prefab.
[10:57:13.4643305] [Info   :com.github.zehsteam.SellMyScrap] Registered "ZombiesScrapEater" network prefab.
[10:57:13.4643305] [Info   :com.github.zehsteam.SellMyScrap] Registered "WolfyScrapEater" network prefab.
[10:57:13.4643305] [Info   :com.github.zehsteam.SellMyScrap] Registered "GlitchScrapEater" network prefab.
[10:57:13.4653314] [Info   :mrgrm7.LethalCasino] Adding slot machine to network prefab
[10:57:13.4898511] [Debug  :PathfindingLib] Changed prefabbed NavMeshAgent AntiCoilHeadEnemy's area mask from 0x0000001F to 0x0200001F to allow traversal of non-smart off-mesh links.
[10:57:13.4963633] [Debug  :PathfindingLib] Changed prefabbed NavMeshAgent NutSlayerEnemy's area mask from 0x000000DF to 0x020000DF to allow traversal of non-smart off-mesh links.
[10:57:13.5486615] [Debug  :PathfindingLib] Changed prefabbed NavMeshAgent KamikazieBugEnemy's area mask from 0xFFFFFFFF to 0xFFFFFFFF to allow traversal of non-smart off-mesh links.
[10:57:13.6839311] [Debug  :PathfindingLib] Changed prefabbed NavMeshAgent Cat's area mask from 0xFFFFFFFF to 0xFFFFFFFF to allow traversal of non-smart off-mesh links.
[10:57:13.6839311] [Info   :Jordo.NeedyCats] Added NeedyCats prefabs to Network Manager.
[10:57:13.7189013] [Info   :MrHat.BasedDecorPlacement] Unlockables prefab scan finished
[10:57:13.7189013] [Info   :MrHat.BasedDecorPlacement] Checked: 0
[10:57:13.7189013] [Info   :MrHat.BasedDecorPlacement] Colliders changed to trigger: 0
[10:57:13.7189013] [Info   :MrHat.BasedDecorPlacement] Box colliders added: 0
[10:57:13.7349189] [Debug  : LethalMin] No LethalMin bundles found in the plugins folder
[10:57:13.7599356] [Warning: Unity Log] The referenced script on this Behaviour (Game Object 'DBR') is missing!
[10:57:13.7734904] [Debug  :PathfindingLib] Changed prefabbed NavMeshAgent PikminFormationTarget's area mask from 0xFFFFFFFF to 0xFFFFFFFF to allow traversal of non-smart off-mesh links.
[10:57:13.7734904] [Info   : LethalMin] Registered Prefab to Network: CompanyPikminEnemyScript
[10:57:13.7734904] [Info   : LethalMin] Registered Prefab to Network: EnemyGrabbableItem
[10:57:13.7734904] [Info   : LethalMin] Registered Prefab to Network: Onion
[10:57:13.7734904] [Info   : LethalMin] Registered Prefab to Network: OnionGrabable
[10:57:13.7734904] [Info   : LethalMin] Registered Prefab to Network: ShipOnion
[10:57:13.7734904] [Info   : LethalMin] Registered Prefab to Network: Pikmin
[10:57:13.7734904] [Info   : LethalMin] Registered Prefab to Network: PikminItemNode
[10:57:13.7734904] [Info   : LethalMin] Registered Prefab to Network: PikminManager
[10:57:13.7734904] [Info   : LethalMin] Registered Prefab to Network: PikminNoticeZone
[10:57:13.7734904] [Info   : LethalMin] Registered Prefab to Network: Puffmin
[10:57:13.7734904] [Info   : LethalMin] Registered Prefab to Network: ShipPhaseOnion
[10:57:13.7734904] [Info   : LethalMin] Registered Prefab to Network: Sprout
[10:57:13.7734904] [Info   : LethalMin] Registered Prefab to Network: GlowMob
[10:57:13.7734904] [Info   : LethalMin] Registered Prefab to Network: GlowSeed
[10:57:13.7734904] [Info   : LethalMin] Registered Prefab to Network: Lumiknull
[10:57:13.7734904] [Info   : LethalMin] Registered Prefab to Network: Triknull
[10:57:13.7734904] [Info   : LethalMin] Registered Prefab to Network: CallBackControler
[10:57:13.7734904] [Info   : LethalMin] Registered Prefab to Network: PluckAphone
[10:57:13.7734904] [Info   : LethalMin] Registered Prefab to Network: Whisle
[10:57:13.8691929] [Debug  :ScienceBirdTweaks] Found cruiser target particle!
[10:57:13.8956641] [Debug  :ScienceBirdTweaks] Found jetpack target particle!
[10:57:13.8956641] [Debug  :ScienceBirdTweaks] Found jetpack target particle!
[10:57:13.9260667] [Debug  :ScienceBirdTweaks] Found old bird target particle on SmokeTrail!
[10:57:13.9260667] [Debug  :ScienceBirdTweaks] Found old bird target particle on SmokeTrailRightLeg!
[10:57:13.9270690] [Debug  :ScienceBirdTweaks] Found old bird target particle on Smoke (1)!
[10:57:13.9270690] [Debug  :ScienceBirdTweaks] Found old bird target particle on SmokeTrail!
[10:57:13.9270690] [Debug  :ScienceBirdTweaks] Found old bird target particle on SmokeTrailRightLeg!
[10:57:13.9270690] [Debug  :ScienceBirdTweaks] Found old bird target particle on Smoke (1)!
[10:57:13.9270690] [Debug  :ScienceBirdTweaks] Found old bird target particle on SmokeTrail!
[10:57:13.9270690] [Debug  :ScienceBirdTweaks] Found old bird target particle on SmokeTrailRightLeg!
[10:57:13.9270690] [Debug  :ScienceBirdTweaks] Found old bird target particle on Smoke (1)!
[10:57:13.9270690] [Debug  :ScienceBirdTweaks] Found old bird target particle on SmokeTrail!
[10:57:13.9270690] [Debug  :ScienceBirdTweaks] Found old bird target particle on SmokeTrailRightLeg!
[10:57:13.9270690] [Debug  :ScienceBirdTweaks] Found old bird target particle on Smoke (1)!
[10:57:14.4949137] [Debug  :ScienceBirdTweaks] Found explosion target particle!
[10:57:14.4949137] [Debug  :ScienceBirdTweaks] Found explosion target particle!
[10:57:14.4949137] [Debug  :ScienceBirdTweaks] Found explosion target particle!
[10:57:14.4949137] [Debug  :ScienceBirdTweaks] Found explosion target particle!
[10:57:14.4949137] [Debug  :ScienceBirdTweaks] Found explosion target particle!
[10:57:14.4949137] [Debug  :ScienceBirdTweaks] Found explosion target particle!
[10:57:14.4959144] [Debug  :ScienceBirdTweaks] Initializing furniture holder!
[10:57:14.6085530] [Debug  :ScienceBirdTweaks] Found shell!
[10:57:14.6261325] [Info   :MaxWasUnavailable.LethalModDataLib] Registering ModDataAttribute fields...
[10:57:14.7442749] [Warning:S1.39 Compatibility Fixes] [LMDLGuard] Skipping Chainloader PluginInfo with null Instance: MW.MagicWesleyInteriors
[10:57:14.7876619] [Info   :S1.39 Compatibility Fixes] [LMDLGuard] Safe ModDataAttribute scan completed: plugins=160, types=10559, nullInstancesSkipped=1.
[10:57:14.7876619] [Info   :MaxWasUnavailable.LethalModDataLib] Hooking up save, load and delete events...
[10:57:14.7876619] [Info   :MaxWasUnavailable.LethalModDataLib] ModDataHandler initialised!
[10:57:14.7886620] [Debug  :MaxWasUnavailable.LethalModDataLib] Loading data from file LCGeneralSaveData.moddata with key MaxWasUnavailable.LethalModDataLib.LMDLVersion...
[10:57:14.7961725] [Debug  :MaxWasUnavailable.LethalModDataLib] LethalModDataLib version (1.2.2) matches last saved version (1.2.2).
[10:57:14.7961725] [Debug  :MaxWasUnavailable.LethalModDataLib] Saving data to file LCGeneralSaveData.moddata with key MaxWasUnavailable.LethalModDataLib.LMDLVersion...
[10:57:14.8295885] [Info   : LethalMin] Initalizing Pikmin Items...
[10:57:14.8621361] [Info   : LethalMin] Adding PikminItem Compoent to PatcherGunItem
[10:57:14.8621361] [Debug  : LethalMin] Calculated weight for Zap gun: 11 lb, Devided weight: 4.4 lb
[10:57:14.8631366] [Debug  : LethalMin] (PatcherGunItem) Colider: PatcherGunItem (UnityEngine.BoxCollider)
[10:57:14.8631366] [Debug  : LethalMin] (PatcherGunItem) Center: (28.44, 2.10, -13.86)
[10:57:14.8641346] [Debug  : LethalMin] Creating counter for PatcherGunItem
[10:57:14.8661362] [Info   : LethalMin] Adding PikminItem Compoent to WeedKillerItem
[10:57:14.8661362] [Debug  : LethalMin] Calculated weight for Weed killer: 0 lb, Devided weight: 0 lb
[10:57:14.8661362] [Debug  : LethalMin] (WeedKillerItem) Colider: WeedKillerItem (UnityEngine.BoxCollider)
[10:57:14.8661362] [Debug  : LethalMin] (WeedKillerItem) Center: (-186.62, -97.90, 75.21)
[10:57:14.8661362] [Debug  : LethalMin] Creating counter for WeedKillerItem
[10:57:14.8671347] [Info   : LethalMin] Adding PikminItem Compoent to WalkieTalkie
[10:57:14.8671347] [Debug  : LethalMin] Calculated weight for Walkie-talkie: 0 lb, Devided weight: 0 lb
[10:57:14.8671347] [Debug  : LethalMin] (WalkieTalkie) Colider: WalkieTalkie (UnityEngine.BoxCollider)
[10:57:14.8671347] [Debug  : LethalMin] (WalkieTalkie) Center: (3.74, 1.82, -13.70)
[10:57:14.8671347] [Debug  : LethalMin] Creating counter for WalkieTalkie
[10:57:14.8671347] [Info   : LethalMin] Adding PikminItem Compoent to TZPChemical
[10:57:14.8671347] [Debug  : LethalMin] Calculated weight for TZP-Inhalant: 0 lb, Devided weight: 0 lb
[10:57:14.8671347] [Debug  : LethalMin] (TZPChemical) Colider: TZPChemical (UnityEngine.BoxCollider)
[10:57:14.8671347] [Debug  : LethalMin] (TZPChemical) Center: (-135.80, -142.79, 102.07)
[10:57:14.8671347] [Debug  : LethalMin] Creating counter for TZPChemical
[10:57:14.8681355] [Info   : LethalMin] Adding PikminItem Compoent to StunGrenade
[10:57:14.8681355] [Debug  : LethalMin] Calculated weight for Stun grenade: 5 lb, Devided weight: 2 lb
[10:57:14.8681355] [Debug  : LethalMin] (StunGrenade) Colider: StunGrenade (UnityEngine.BoxCollider)
[10:57:14.8681355] [Debug  : LethalMin] (StunGrenade) Center: (1.20, 1.99, -14.55)
[10:57:14.8681355] [Debug  : LethalMin] Creating counter for StunGrenade
[10:57:14.8681355] [Info   : LethalMin] Adding PikminItem Compoent to SprayPaintItem
[10:57:14.8681355] [Debug  : LethalMin] Calculated weight for Spray paint: 0 lb, Devided weight: 0 lb
[10:57:14.8681355] [Debug  : LethalMin] (SprayPaintItem) Colider: SprayPaintItem (UnityEngine.BoxCollider)
[10:57:14.8681355] [Debug  : LethalMin] (SprayPaintItem) Center: (-183.05, -98.27, 69.71)
[10:57:14.8681355] [Debug  : LethalMin] Creating counter for SprayPaintItem
[10:57:14.8691346] [Info   : LethalMin] Adding PikminItem Compoent to ShovelItem
[10:57:14.8691346] [Debug  : LethalMin] Calculated weight for Shovel: 14 lb, Devided weight: 5.6 lb
[10:57:14.8691346] [Debug  : LethalMin] (ShovelItem) Colider: ShovelItem (UnityEngine.BoxCollider)
[10:57:14.8691346] [Debug  : LethalMin] (ShovelItem) Center: (5.50, 1.85, -14.42)
[10:57:14.8691346] [Debug  : LethalMin] Creating counter for ShovelItem
[10:57:14.8691346] [Info   : LethalMin] Adding PikminItem Compoent to RadarBoosterDevice
[10:57:14.8691346] [Debug  : LethalMin] Calculated weight for Radar-booster: 19 lb, Devided weight: 7.6 lb
[10:57:14.8691346] [Debug  : LethalMin] (RadarBoosterDevice) Colider: RadarBoosterDevice (UnityEngine.BoxCollider)
[10:57:14.8691346] [Debug  : LethalMin] (RadarBoosterDevice) Center: (-203.45, 10.00, 38.85)
[10:57:14.8701348] [Debug  : LethalMin] Creating counter for RadarBoosterDevice
[10:57:14.8701348] [Info   : LethalMin] Adding PikminItem Compoent to FlashlightItem
[10:57:14.8701348] [Debug  : LethalMin] Calculated weight for Pro-flashlight: 5 lb, Devided weight: 2 lb
[10:57:14.8701348] [Debug  : LethalMin] (FlashlightItem) Colider: FlashlightItem (UnityEngine.BoxCollider)
[10:57:14.8701348] [Debug  : LethalMin] (FlashlightItem) Center: (40.00, -3.65, -2.61)
[10:57:14.8706402] [Debug  : LethalMin] Creating counter for FlashlightItem
[10:57:14.8706402] [Info   : LethalMin] Adding PikminItem Compoent to LockPickerItem
[10:57:14.8706402] [Debug  : LethalMin] Calculated weight for Lockpicker: 11 lb, Devided weight: 4.4 lb
[10:57:14.8706402] [Debug  : LethalMin] (LockPickerItem) Colider: LockPickerItem (UnityEngine.BoxCollider)
[10:57:14.8706402] [Debug  : LethalMin] (LockPickerItem) Center: (-178.02, -147.05, 66.30)
[10:57:14.8711442] [Debug  : LethalMin] Creating counter for LockPickerItem
[10:57:14.8711442] [Info   : LethalMin] Adding PikminItem Compoent to JetpackItem
[10:57:14.8711442] [Debug  : LethalMin] Calculated weight for Jetpack: 52 lb, Devided weight: 20.8 lb
[10:57:14.8711442] [Debug  : LethalMin] (JetpackItem) Colider: JetpackItem (UnityEngine.BoxCollider)
[10:57:14.8711442] [Debug  : LethalMin] (JetpackItem) Center: (2.64, 2.18, -13.87)
[10:57:14.8716941] [Debug  : LethalMin] Creating counter for JetpackItem
[10:57:14.8716941] [Info   : LethalMin] Adding PikminItem Compoent to BBFlashlight
[10:57:14.8716941] [Debug  : LethalMin] Calculated weight for Flashlight: 0 lb, Devided weight: 0 lb
[10:57:14.8726988] [Debug  : LethalMin] (BBFlashlight) Colider: BBFlashlight (UnityEngine.BoxCollider)
[10:57:14.8726988] [Debug  : LethalMin] (BBFlashlight) Center: (-3.55, 1.93, -15.05)
[10:57:14.8726988] [Debug  : LethalMin] Creating counter for BBFlashlight
[10:57:14.8726988] [Info   : LethalMin] Adding PikminItem Compoent to ExtensionLadderItem
[10:57:14.8726988] [Debug  : LethalMin] Calculated weight for Extension ladder: 0 lb, Devided weight: 0 lb
[10:57:14.8726988] [Debug  : LethalMin] (ExtensionLadderItem) Colider: ExtensionLadderItem (UnityEngine.BoxCollider)
[10:57:14.8726988] [Debug  : LethalMin] (ExtensionLadderItem) Center: (-138.61, -143.21, 100.35)
[10:57:14.8726988] [Debug  : LethalMin] Creating counter for ExtensionLadderItem
[10:57:14.8726988] [Info   : LethalMin] Adding PikminItem Compoent to BeltBagItem
[10:57:14.8736995] [Debug  : LethalMin] Calculated weight for Belt bag: 16 lb, Devided weight: 6.4 lb
[10:57:14.8736995] [Debug  : LethalMin] (BeltBagItem) Colider: BeltBagItem (UnityEngine.BoxCollider)
[10:57:14.8736995] [Debug  : LethalMin] (BeltBagItem) Center: (-175.92, -97.16, 73.91)
[10:57:14.8736995] [Debug  : LethalMin] Creating counter for BeltBagItem
[10:57:14.8736995] [Info   : LethalMin] Adding PikminItem Compoent to Boombox
[10:57:14.8736995] [Debug  : LethalMin] Calculated weight for Boombox: 16 lb, Devided weight: 6.4 lb
[10:57:14.8736995] [Debug  : LethalMin] (Boombox) Colider: Boombox (UnityEngine.BoxCollider)
[10:57:14.8736995] [Debug  : LethalMin] (Boombox) Center: (45.05, -3.21, -1.95)
[10:57:14.8736995] [Debug  : LethalMin] Creating counter for Boombox
[10:57:14.8746989] [Warning: LethalMin] Item GlowSeed is not valid for Pikmin! Skipping...
[10:57:14.8746989] [Info   : LethalMin] Adding PikminItem Compoent to PluckAphone
[10:57:14.8746989] [Debug  : LethalMin] Calculated weight for PluckAPhone: 0 lb, Devided weight: 0 lb
[10:57:14.8746989] [Debug  : LethalMin] (PluckAphone) Colider: PluckAphone (UnityEngine.BoxCollider)
[10:57:14.8746989] [Debug  : LethalMin] (PluckAphone) Center: (0.00, 0.00, 0.00)
[10:57:14.8746989] [Debug  : LethalMin] Creating counter for PluckAphone
[10:57:14.8746989] [Info   : LethalMin] Adding PikminItem Compoent to Whisle
[10:57:14.8746989] [Debug  : LethalMin] Calculated weight for Whistle: 0 lb, Devided weight: 0 lb
[10:57:14.8746989] [Debug  : LethalMin] (Whisle) Colider: Whisle (UnityEngine.BoxCollider)
[10:57:14.8746989] [Debug  : LethalMin] (Whisle) Center: (0.00, 0.00, 0.00)
[10:57:14.8746989] [Debug  : LethalMin] Creating counter for Whisle
[10:57:14.8756986] [Info   : LethalMin] Adding PikminItem Compoent to CatFood
[10:57:14.8756986] [Debug  : LethalMin] Calculated weight for Cat Food: 0 lb, Devided weight: 0 lb
[10:57:14.8756986] [Debug  : LethalMin] (CatFood) Colider: CatFood (UnityEngine.BoxCollider)
[10:57:14.8756986] [Debug  : LethalMin] (CatFood) Center: (0.00, 0.00, 0.00)
[10:57:14.8756986] [Debug  : LethalMin] Creating counter for CatFood
[10:57:14.8756986] [Info   : LethalMin] Adding PikminItem Compoent to MedKitMap
[10:57:14.8756986] [Debug  : LethalMin] Calculated weight for Medic Bag: 16 lb, Devided weight: 6.4 lb
[10:57:14.8756986] [Debug  : LethalMin] (MedKitMap) Colider: MedKitMap (UnityEngine.BoxCollider)
[10:57:14.8756986] [Debug  : LethalMin] (MedKitMap) Center: (0.00, 0.00, 0.00)
[10:57:14.8756986] [Debug  : LethalMin] Creating counter for MedKitMap
[10:57:14.8766987] [Info   : LethalMin] Adding PikminItem Compoent to gogglesPrefab
[10:57:14.8766987] [Debug  : LethalMin] Calculated weight for Night Vision Goggles: 4 lb, Devided weight: 1.6 lb
[10:57:14.8766987] [Debug  : LethalMin] (gogglesPrefab) Colider: gogglesPrefab (UnityEngine.BoxCollider)
[10:57:14.8766987] [Debug  : LethalMin] (gogglesPrefab) Center: (0.00, 0.00, 0.00)
[10:57:14.8766987] [Debug  : LethalMin] Creating counter for gogglesPrefab
[10:57:14.8776982] [Info   : LethalMin] Adding PikminItem Compoent to PingTool
[10:57:14.8776982] [Debug  : LethalMin] Calculated weight for Pinger: 3 lb, Devided weight: 1.2 lb
[10:57:14.8776982] [Debug  : LethalMin] (PingTool) Colider: PingTool (UnityEngine.BoxCollider)
[10:57:14.8776982] [Debug  : LethalMin] (PingTool) Center: (0.00, 0.00, 0.00)
[10:57:14.8776982] [Debug  : LethalMin] Creating counter for PingTool
[10:57:14.8776982] [Info   : LethalMin] Adding PikminItem Compoent to HackingTool
[10:57:14.8776982] [Debug  : LethalMin] Calculated weight for Hacking Tool: 5 lb, Devided weight: 2 lb
[10:57:14.8776982] [Debug  : LethalMin] (HackingTool) Colider: HackingTool (UnityEngine.BoxCollider)
[10:57:14.8776982] [Debug  : LethalMin] (HackingTool) Center: (0.00, 0.00, 0.00)
[10:57:14.8776982] [Debug  : LethalMin] Creating counter for HackingTool
[10:57:14.8776982] [Info   : LethalMin] Adding PikminItem Compoent to Flaregun
[10:57:14.8776982] [Debug  : LethalMin] Calculated weight for Flaregun: 3 lb, Devided weight: 1.2 lb
[10:57:14.8786986] [Debug  : LethalMin] (Flaregun) Colider: Flaregun (UnityEngine.BoxCollider)
[10:57:14.8786986] [Debug  : LethalMin] (Flaregun) Center: (0.00, 0.00, 0.00)
[10:57:14.8786986] [Debug  : LethalMin] Creating counter for Flaregun
[10:57:14.8786986] [Info   : LethalMin] Adding PikminItem Compoent to ToyHammer
[10:57:14.8786986] [Debug  : LethalMin] Calculated weight for Toy Hammer: 10 lb, Devided weight: 4 lb
[10:57:14.8786986] [Debug  : LethalMin] (ToyHammer) Colider: ToyHammer (UnityEngine.BoxCollider)
[10:57:14.8786986] [Debug  : LethalMin] (ToyHammer) Center: (5.50, 1.85, -14.42)
[10:57:14.8786986] [Debug  : LethalMin] Creating counter for ToyHammer
[10:57:14.8786986] [Info   : LethalMin] Adding PikminItem Compoent to HandheldRadar
[10:57:14.8786986] [Debug  : LethalMin] Calculated weight for Remote Radar: 5 lb, Devided weight: 2 lb
[10:57:14.8786986] [Debug  : LethalMin] (HandheldRadar) Colider: HandheldRadar (UnityEngine.BoxCollider)
[10:57:14.8786986] [Debug  : LethalMin] (HandheldRadar) Center: (0.00, 0.00, 0.00)
[10:57:14.8786986] [Debug  : LethalMin] Creating counter for HandheldRadar
[10:57:14.8796986] [Info   : LethalMin] Adding PikminItem Compoent to FlaregunAmmo
[10:57:14.8796986] [Debug  : LethalMin] Calculated weight for Emergency Flare (ammo): 1 lb, Devided weight: 0.4 lb
[10:57:14.8796986] [Debug  : LethalMin] (FlaregunAmmo) Colider: FlaregunAmmo (UnityEngine.BoxCollider)
[10:57:14.8796986] [Debug  : LethalMin] (FlaregunAmmo) Center: (0.00, 0.00, 0.00)
[10:57:14.8796986] [Debug  : LethalMin] Creating counter for FlaregunAmmo
[10:57:14.8796986] [Info   : LethalMin] Adding PikminItem Compoent to RocketLauncherAmmo
[10:57:14.8796986] [Debug  : LethalMin] Calculated weight for Missile: 9 lb, Devided weight: 3.6 lb
[10:57:14.8796986] [Debug  : LethalMin] (RocketLauncherAmmo) Colider: RocketLauncherAmmo (UnityEngine.BoxCollider)
[10:57:14.8796986] [Debug  : LethalMin] (RocketLauncherAmmo) Center: (0.00, 0.00, 0.00)
[10:57:14.8796986] [Debug  : LethalMin] Creating counter for RocketLauncherAmmo
[10:57:14.8796986] [Info   : LethalMin] Adding PikminItem Compoent to PouchItem
[10:57:14.8796986] [Debug  : LethalMin] Calculated weight for Utility Belt: 10 lb, Devided weight: 4 lb
[10:57:14.8796986] [Debug  : LethalMin] (PouchItem) Colider: PouchItem (UnityEngine.BoxCollider)
[10:57:14.8796986] [Debug  : LethalMin] (PouchItem) Center: (0.00, 0.00, 0.00)
[10:57:14.8796986] [Debug  : LethalMin] Creating counter for PouchItem
[10:57:14.8812032] [Info   : LethalMin] Adding PikminItem Compoent to RocketLauncher
[10:57:14.8812032] [Debug  : LethalMin] Calculated weight for Rocket Launcher: 40 lb, Devided weight: 16 lb
[10:57:14.8812032] [Debug  : LethalMin] (RocketLauncher) Colider: RocketLauncher (UnityEngine.BoxCollider)
[10:57:14.8812032] [Debug  : LethalMin] (RocketLauncher) Center: (0.00, 0.00, 0.00)
[10:57:14.8822081] [Debug  : LethalMin] Creating counter for RocketLauncher
[10:57:14.8832081] [Info   : LethalMin] Adding PikminItem Compoent to CrystalItem
[10:57:14.8832081] [Debug  : LethalMin] Calculated weight for Crystal Core: 21 lb, Devided weight: 8.4 lb
[10:57:14.8832081] [Debug  : LethalMin] (CrystalItem) Colider: CrystalItem (UnityEngine.BoxCollider)
[10:57:14.8832081] [Debug  : LethalMin] (CrystalItem) Center: (0.00, 0.00, 0.00)
[10:57:14.8832081] [Debug  : LethalMin] Creating counter for CrystalItem
[10:57:14.8842127] [Info   : LethalMin] Adding PikminItem Compoent to ToimariPlush
[10:57:14.8842127] [Debug  : LethalMin] Calculated weight for Toimari Plush: 10 lb, Devided weight: 4 lb
[10:57:14.8842127] [Debug  : LethalMin] (ToimariPlush) Colider: ToimariPlush (UnityEngine.BoxCollider)
[10:57:14.8842127] [Debug  : LethalMin] (ToimariPlush) Center: (0.00, 0.00, 0.00)
[10:57:14.8842127] [Debug  : LethalMin] Creating counter for ToimariPlush
[10:57:14.8842127] [Info   : LethalMin] Adding PikminItem Compoent to FlagGun
[10:57:14.8842127] [Debug  : LethalMin] Calculated weight for Toy Revolver: 3 lb, Devided weight: 1.2 lb
[10:57:14.8842127] [Debug  : LethalMin] (FlagGun) Colider: FlagGun (UnityEngine.BoxCollider)
[10:57:14.8842127] [Debug  : LethalMin] (FlagGun) Center: (0.00, 0.00, 0.00)
[10:57:14.8842127] [Debug  : LethalMin] Creating counter for FlagGun
[10:57:14.8852123] [Info   : LethalMin] Adding PikminItem Compoent to ArsonPlush
[10:57:14.8852123] [Debug  : LethalMin] Calculated weight for Arson Plush: 10 lb, Devided weight: 4 lb
[10:57:14.8852123] [Debug  : LethalMin] (ArsonPlush) Colider: ArsonPlush (UnityEngine.BoxCollider)
[10:57:14.8852123] [Debug  : LethalMin] (ArsonPlush) Center: (0.00, 0.00, 0.00)
[10:57:14.8852123] [Debug  : LethalMin] Creating counter for ArsonPlush
[10:57:14.8852123] [Info   : LethalMin] Adding PikminItem Compoent to glizzy
[10:57:14.8852123] [Debug  : LethalMin] Calculated weight for Glizzy: 5 lb, Devided weight: 2 lb
[10:57:14.8852123] [Debug  : LethalMin] (glizzy) Colider: glizzy (UnityEngine.BoxCollider)
[10:57:14.8852123] [Debug  : LethalMin] (glizzy) Center: (0.00, 0.00, 0.00)
[10:57:14.8852123] [Debug  : LethalMin] Creating counter for glizzy
[10:57:14.8862119] [Info   : LethalMin] Adding PikminItem Compoent to GremlinEnergy
[10:57:14.8862119] [Debug  : LethalMin] Calculated weight for Gremlin Can: 7 lb, Devided weight: 2.8 lb
[10:57:14.8862119] [Debug  : LethalMin] (GremlinEnergy) Colider: GremlinEnergy (UnityEngine.BoxCollider)
[10:57:14.8862119] [Debug  : LethalMin] (GremlinEnergy) Center: (0.08, -0.14, -0.42)
[10:57:14.8862119] [Debug  : LethalMin] Creating counter for GremlinEnergy
[10:57:14.8862119] [Info   : LethalMin] Adding PikminItem Compoent to GnarpyPlush
[10:57:14.8862119] [Debug  : LethalMin] Calculated weight for Gnarpy Plush: 10 lb, Devided weight: 4 lb
[10:57:14.8862119] [Debug  : LethalMin] (GnarpyPlush) Colider: GnarpyPlush (UnityEngine.BoxCollider)
[10:57:14.8862119] [Debug  : LethalMin] (GnarpyPlush) Center: (0.00, 0.00, 0.00)
[10:57:14.8872128] [Debug  : LethalMin] Creating counter for GnarpyPlush
[10:57:14.8872128] [Info   : LethalMin] Adding PikminItem Compoent to CookieFumo
[10:57:14.8872128] [Debug  : LethalMin] Calculated weight for Cookie Fumo: 5 lb, Devided weight: 2 lb
[10:57:14.8872128] [Debug  : LethalMin] (CookieFumo) Colider: CookieFumo (UnityEngine.BoxCollider)
[10:57:14.8872128] [Debug  : LethalMin] (CookieFumo) Center: (0.00, 0.00, 0.00)
[10:57:14.8872128] [Debug  : LethalMin] Creating counter for CookieFumo
[10:57:14.8872128] [Info   : LethalMin] Adding PikminItem Compoent to HamisPlush
[10:57:14.8872128] [Debug  : LethalMin] Calculated weight for Hamis Plush: 5 lb, Devided weight: 2 lb
[10:57:14.8872128] [Debug  : LethalMin] (HamisPlush) Colider: HamisPlush (UnityEngine.BoxCollider)
[10:57:14.8872128] [Debug  : LethalMin] (HamisPlush) Center: (0.00, 0.00, 0.00)
[10:57:14.8882119] [Debug  : LethalMin] Creating counter for HamisPlush
[10:57:14.8882119] [Info   : LethalMin] Adding PikminItem Compoent to Dingus
[10:57:14.8882119] [Debug  : LethalMin] Calculated weight for Maxwell: 12 lb, Devided weight: 4.8 lb
[10:57:14.8882119] [Debug  : LethalMin] (Dingus) Colider: Dingus (UnityEngine.BoxCollider)
[10:57:14.8882119] [Debug  : LethalMin] (Dingus) Center: (0.00, 0.00, 0.00)
[10:57:14.8882119] [Debug  : LethalMin] Creating counter for Dingus
[10:57:14.8882119] [Info   : LethalMin] Adding PikminItem Compoent to RocketLauncher
[10:57:14.8882119] [Debug  : LethalMin] Calculated weight for Rocket Launcher: 40 lb, Devided weight: 16 lb
[10:57:14.8882119] [Debug  : LethalMin] (RocketLauncher) Colider: RocketLauncher (UnityEngine.BoxCollider)
[10:57:14.8882119] [Debug  : LethalMin] (RocketLauncher) Center: (0.00, 0.00, 0.00)
[10:57:14.8892121] [Debug  : LethalMin] Creating counter for RocketLauncher
[10:57:14.8892121] [Info   : LethalMin] Adding PikminItem Compoent to PouchItem
[10:57:14.8892121] [Debug  : LethalMin] Calculated weight for Utility Belt: 10 lb, Devided weight: 4 lb
[10:57:14.8892121] [Debug  : LethalMin] (PouchItem) Colider: PouchItem (UnityEngine.BoxCollider)
[10:57:14.8892121] [Debug  : LethalMin] (PouchItem) Center: (0.00, 0.00, 0.00)
[10:57:14.8892121] [Debug  : LethalMin] Creating counter for PouchItem
[10:57:14.8892121] [Info   : LethalMin] Adding PikminItem Compoent to RocketLauncherAmmo
[10:57:14.8892121] [Debug  : LethalMin] Calculated weight for Missile: 9 lb, Devided weight: 3.6 lb
[10:57:14.8892121] [Debug  : LethalMin] (RocketLauncherAmmo) Colider: RocketLauncherAmmo (UnityEngine.BoxCollider)
[10:57:14.8892121] [Debug  : LethalMin] (RocketLauncherAmmo) Center: (0.00, 0.00, 0.00)
[10:57:14.8902123] [Debug  : LethalMin] Creating counter for RocketLauncherAmmo
[10:57:14.8902123] [Info   : LethalMin] Adding PikminItem Compoent to FlaregunAmmo
[10:57:14.8902123] [Debug  : LethalMin] Calculated weight for Emergency Flare (ammo): 1 lb, Devided weight: 0.4 lb
[10:57:14.8902123] [Debug  : LethalMin] (FlaregunAmmo) Colider: FlaregunAmmo (UnityEngine.BoxCollider)
[10:57:14.8902123] [Debug  : LethalMin] (FlaregunAmmo) Center: (0.00, 0.00, 0.00)
[10:57:14.8902123] [Debug  : LethalMin] Creating counter for FlaregunAmmo
[10:57:14.8902123] [Info   : LethalMin] Adding PikminItem Compoent to HandheldRadar
[10:57:14.8902123] [Debug  : LethalMin] Calculated weight for Remote Radar: 5 lb, Devided weight: 2 lb
[10:57:14.8902123] [Debug  : LethalMin] (HandheldRadar) Colider: HandheldRadar (UnityEngine.BoxCollider)
[10:57:14.8902123] [Debug  : LethalMin] (HandheldRadar) Center: (0.00, 0.00, 0.00)
[10:57:14.8902123] [Debug  : LethalMin] Creating counter for HandheldRadar
[10:57:14.8902123] [Info   : LethalMin] Adding PikminItem Compoent to ToyHammer
[10:57:14.8902123] [Debug  : LethalMin] Calculated weight for Toy Hammer: 10 lb, Devided weight: 4 lb
[10:57:14.8902123] [Debug  : LethalMin] (ToyHammer) Colider: ToyHammer (UnityEngine.BoxCollider)
[10:57:14.8902123] [Debug  : LethalMin] (ToyHammer) Center: (5.50, 1.85, -14.42)
[10:57:14.8912126] [Debug  : LethalMin] Creating counter for ToyHammer
[10:57:14.8912126] [Info   : LethalMin] Adding PikminItem Compoent to Flaregun
[10:57:14.8912126] [Debug  : LethalMin] Calculated weight for Flaregun: 3 lb, Devided weight: 1.2 lb
[10:57:14.8912126] [Debug  : LethalMin] (Flaregun) Colider: Flaregun (UnityEngine.BoxCollider)
[10:57:14.8912126] [Debug  : LethalMin] (Flaregun) Center: (0.00, 0.00, 0.00)
[10:57:14.8912126] [Debug  : LethalMin] Creating counter for Flaregun
[10:57:14.8912126] [Info   : LethalMin] Adding PikminItem Compoent to HackingTool
[10:57:14.8912126] [Debug  : LethalMin] Calculated weight for Hacking Tool: 5 lb, Devided weight: 2 lb
[10:57:14.8912126] [Debug  : LethalMin] (HackingTool) Colider: HackingTool (UnityEngine.BoxCollider)
[10:57:14.8912126] [Debug  : LethalMin] (HackingTool) Center: (0.00, 0.00, 0.00)
[10:57:14.8912126] [Debug  : LethalMin] Creating counter for HackingTool
[10:57:14.8922625] [Info   : LethalMin] Adding PikminItem Compoent to PingTool
[10:57:14.8922625] [Debug  : LethalMin] Calculated weight for Pinger: 3 lb, Devided weight: 1.2 lb
[10:57:14.8922625] [Debug  : LethalMin] (PingTool) Colider: PingTool (UnityEngine.BoxCollider)
[10:57:14.8922625] [Debug  : LethalMin] (PingTool) Center: (0.00, 0.00, 0.00)
[10:57:14.8922625] [Debug  : LethalMin] Creating counter for PingTool
[10:57:14.8922625] [Info   : LethalMin] Adding PikminItem Compoent to AirPlaneItem
[10:57:14.8922625] [Debug  : LethalMin] Calculated weight for Air Plane Toy: 1 lb, Devided weight: 0.4 lb
[10:57:14.8922625] [Debug  : LethalMin] (AirPlaneItem) Colider: AirPlaneItem (UnityEngine.BoxCollider)
[10:57:14.8922625] [Debug  : LethalMin] (AirPlaneItem) Center: (0.00, 0.00, 0.00)
[10:57:14.8922625] [Debug  : LethalMin] Creating counter for AirPlaneItem
[10:57:14.8922625] [Info   : LethalMin] Adding PikminItem Compoent to ApplePlateItem
[10:57:14.8922625] [Debug  : LethalMin] Calculated weight for Bowl of Apples: 0 lb, Devided weight: 0 lb
[10:57:14.8922625] [Debug  : LethalMin] (ApplePlateItem) Colider: ApplePlateItem (UnityEngine.BoxCollider)
[10:57:14.8922625] [Debug  : LethalMin] (ApplePlateItem) Center: (-0.86, -0.18, -0.58)
[10:57:14.8932629] [Debug  : LethalMin] Creating counter for ApplePlateItem
[10:57:14.8932629] [Info   : LethalMin] Adding PikminItem Compoent to BatItem
[10:57:14.8932629] [Debug  : LethalMin] Calculated weight for Bat: 16 lb, Devided weight: 6.4 lb
[10:57:14.8932629] [Debug  : LethalMin] (BatItem) Colider: BatItem (UnityEngine.BoxCollider)
[10:57:14.8932629] [Debug  : LethalMin] (BatItem) Center: (0.00, 0.00, 0.00)
[10:57:14.8932629] [Debug  : LethalMin] Creating counter for BatItem
[10:57:14.8932629] [Info   : LethalMin] Adding PikminItem Compoent to BedroomSleepClocksItem
[10:57:14.8932629] [Debug  : LethalMin] Calculated weight for Bedside Clock: 1 lb, Devided weight: 0.4 lb
[10:57:14.8932629] [Debug  : LethalMin] (BedroomSleepClocksItem) Colider: BedroomSleepClocksItem (UnityEngine.BoxCollider)
[10:57:14.8932629] [Debug  : LethalMin] (BedroomSleepClocksItem) Center: (0.00, 0.00, 0.00)
[10:57:14.8932629] [Debug  : LethalMin] Creating counter for BedroomSleepClocksItem
[10:57:14.8942621] [Info   : LethalMin] Adding PikminItem Compoent to BowItem
[10:57:14.8942621] [Debug  : LethalMin] Calculated weight for Bow Tie: 0 lb, Devided weight: 0 lb
[10:57:14.8942621] [Debug  : LethalMin] (BowItem) Colider: BowItem (UnityEngine.BoxCollider)
[10:57:14.8942621] [Debug  : LethalMin] (BowItem) Center: (0.00, 0.00, 0.00)
[10:57:14.8942621] [Debug  : LethalMin] Creating counter for BowItem
[10:57:14.8942621] [Info   : LethalMin] Adding PikminItem Compoent to CableRollItem
[10:57:14.8942621] [Debug  : LethalMin] Calculated weight for Cable Roll: 2 lb, Devided weight: 0.8 lb
[10:57:14.8942621] [Debug  : LethalMin] (CableRollItem) Colider: CableRollItem (UnityEngine.BoxCollider)
[10:57:14.8942621] [Debug  : LethalMin] (CableRollItem) Center: (0.00, 0.00, 0.00)
[10:57:14.8942621] [Debug  : LethalMin] Creating counter for CableRollItem
[10:57:14.8952622] [Info   : LethalMin] Adding PikminItem Compoent to CartOfIngotsItem
[10:57:14.8952622] [Debug  : LethalMin] Calculated weight for Cart of Ingots: 843 lb, Devided weight: 337.2 lb
[10:57:14.8952622] [Debug  : LethalMin] (CartOfIngotsItem) Colider: CartOfIngotsItem (UnityEngine.BoxCollider)
[10:57:14.8952622] [Debug  : LethalMin] (CartOfIngotsItem) Center: (0.00, 0.00, 0.00)
[10:57:14.9067889] [Debug  : LethalMin] Creating counter for CartOfIngotsItem
[10:57:14.9067889] [Info   : LethalMin] Adding PikminItem Compoent to GoldIngotItem
[10:57:14.9067889] [Debug  : LethalMin] Calculated weight for "Iron" Ingot: 77 lb, Devided weight: 30.8 lb
[10:57:14.9067889] [Debug  : LethalMin] (GoldIngotItem) Colider: GoldIngotItem (UnityEngine.BoxCollider)
[10:57:14.9067889] [Debug  : LethalMin] (GoldIngotItem) Center: (0.00, 0.00, 0.00)
[10:57:14.9077887] [Debug  : LethalMin] Creating counter for GoldIngotItem
[10:57:14.9077887] [Info   : LethalMin] Adding PikminItem Compoent to CartridgeItem
[10:57:14.9077887] [Debug  : LethalMin] Calculated weight for Cartridge: 0 lb, Devided weight: 0 lb
[10:57:14.9077887] [Debug  : LethalMin] (CartridgeItem) Colider: CartridgeItem (UnityEngine.BoxCollider)
[10:57:14.9077887] [Debug  : LethalMin] (CartridgeItem) Center: (0.00, 0.00, 0.00)
[10:57:14.9077887] [Debug  : LethalMin] Creating counter for CartridgeItem
[10:57:14.9087887] [Info   : LethalMin] Adding PikminItem Compoent to BookItem
[10:57:14.9087887] [Debug  : LethalMin] Calculated weight for Book: 0 lb, Devided weight: 0 lb
[10:57:14.9087887] [Debug  : LethalMin] (BookItem) Colider: BookItem (UnityEngine.BoxCollider)
[10:57:14.9087887] [Debug  : LethalMin] (BookItem) Center: (0.00, 0.00, 0.00)
[10:57:14.9087887] [Debug  : LethalMin] Creating counter for BookItem
[10:57:14.9087887] [Info   : LethalMin] Adding PikminItem Compoent to ChibiAnitaItem
[10:57:14.9087887] [Debug  : LethalMin] Calculated weight for Anita Figurine: 0 lb, Devided weight: 0 lb
[10:57:14.9087887] [Debug  : LethalMin] (ChibiAnitaItem) Colider: ChibiAnitaItem (UnityEngine.BoxCollider)
[10:57:14.9087887] [Debug  : LethalMin] (ChibiAnitaItem) Center: (0.00, 0.00, 0.00)
[10:57:14.9087887] [Debug  : LethalMin] Creating counter for ChibiAnitaItem
[10:57:14.9087887] [Info   : LethalMin] Adding PikminItem Compoent to ChibiMitaItem
[10:57:14.9087887] [Debug  : LethalMin] Calculated weight for Chibi Mita: 0 lb, Devided weight: 0 lb
[10:57:14.9087887] [Debug  : LethalMin] (ChibiMitaItem) Colider: ChibiMitaItem (UnityEngine.BoxCollider)
[10:57:14.9087887] [Debug  : LethalMin] (ChibiMitaItem) Center: (0.00, 0.00, 0.00)
[10:57:14.9087887] [Debug  : LethalMin] Creating counter for ChibiMitaItem
[10:57:14.9097894] [Info   : LethalMin] Adding PikminItem Compoent to CoffeePackItem
[10:57:14.9097894] [Debug  : LethalMin] Calculated weight for Coffee Pack: 0 lb, Devided weight: 0 lb
[10:57:14.9097894] [Debug  : LethalMin] (CoffeePackItem) Colider: CoffeePackItem (UnityEngine.BoxCollider)
[10:57:14.9097894] [Debug  : LethalMin] (CoffeePackItem) Center: (0.00, 0.00, 0.00)
[10:57:14.9097894] [Debug  : LethalMin] Creating counter for CoffeePackItem
[10:57:14.9097894] [Info   : LethalMin] Adding PikminItem Compoent to CozyPillowsVariantItem
[10:57:14.9097894] [Debug  : LethalMin] Calculated weight for Cozy Pillow: 0 lb, Devided weight: 0 lb
[10:57:14.9097894] [Debug  : LethalMin] (CozyPillowsVariantItem) Colider: CozyPillowsVariantItem (UnityEngine.BoxCollider)
[10:57:14.9097894] [Debug  : LethalMin] (CozyPillowsVariantItem) Center: (0.00, 0.00, 0.00)
[10:57:14.9097894] [Debug  : LethalMin] Creating counter for CozyPillowsVariantItem
[10:57:14.9097894] [Info   : LethalMin] Adding PikminItem Compoent to DietSoftDrinkItem
[10:57:14.9097894] [Debug  : LethalMin] Calculated weight for Diet Soft Drink: 0 lb, Devided weight: 0 lb
[10:57:14.9097894] [Debug  : LethalMin] (DietSoftDrinkItem) Colider: DietSoftDrinkItem (UnityEngine.BoxCollider)
[10:57:14.9097894] [Debug  : LethalMin] (DietSoftDrinkItem) Center: (0.00, 0.00, 0.00)
[10:57:14.9097894] [Debug  : LethalMin] Creating counter for DietSoftDrinkItem
[10:57:14.9097894] [Info   : LethalMin] Adding PikminItem Compoent to DigitalClockItem
[10:57:14.9097894] [Debug  : LethalMin] Calculated weight for Digital Clock: 2 lb, Devided weight: 0.8 lb
[10:57:14.9097894] [Debug  : LethalMin] (DigitalClockItem) Colider: DigitalClockItem (UnityEngine.BoxCollider)
[10:57:14.9097894] [Debug  : LethalMin] (DigitalClockItem) Center: (0.00, 0.00, 0.00)
[10:57:14.9097894] [Debug  : LethalMin] Creating counter for DigitalClockItem
[10:57:14.9112935] [Info   : LethalMin] Adding PikminItem Compoent to DiscketaItem
[10:57:14.9112935] [Debug  : LethalMin] Calculated weight for Discketa: 0 lb, Devided weight: 0 lb
[10:57:14.9112935] [Debug  : LethalMin] (DiscketaItem) Colider: DiscketaItem (UnityEngine.BoxCollider)
[10:57:14.9112935] [Debug  : LethalMin] (DiscketaItem) Center: (0.01, 0.16, 0.04)
[10:57:14.9112935] [Debug  : LethalMin] Creating counter for DiscketaItem
[10:57:14.9112935] [Info   : LethalMin] Adding PikminItem Compoent to ElephantTranquiItem
[10:57:14.9112935] [Debug  : LethalMin] Calculated weight for Elephant Tranquilizer: 0 lb, Devided weight: 0 lb
[10:57:14.9112935] [Debug  : LethalMin] (ElephantTranquiItem) Colider: ElephantTranquiItem (UnityEngine.BoxCollider)
[10:57:14.9112935] [Debug  : LethalMin] (ElephantTranquiItem) Center: (0.00, 0.00, 0.00)
[10:57:14.9112935] [Debug  : LethalMin] Creating counter for ElephantTranquiItem
[10:57:14.9112935] [Info   : LethalMin] Adding PikminItem Compoent to ExtinguisherItem
[10:57:14.9112935] [Debug  : LethalMin] Calculated weight for Extinguisher: 11 lb, Devided weight: 4.4 lb
[10:57:14.9112935] [Debug  : LethalMin] (ExtinguisherItem) Colider: ExtinguisherItem (UnityEngine.BoxCollider)
[10:57:14.9112935] [Debug  : LethalMin] (ExtinguisherItem) Center: (0.00, 0.00, 0.00)
[10:57:14.9112935] [Debug  : LethalMin] Creating counter for ExtinguisherItem
[10:57:14.9122983] [Info   : LethalMin] Adding PikminItem Compoent to FlashMitaItem
[10:57:14.9122983] [Debug  : LethalMin] Calculated weight for Flash Drive: 0 lb, Devided weight: 0 lb
[10:57:14.9122983] [Debug  : LethalMin] (FlashMitaItem) Colider: FlashMitaItem (UnityEngine.BoxCollider)
[10:57:14.9122983] [Debug  : LethalMin] (FlashMitaItem) Center: (0.02, -0.04, -0.13)
[10:57:14.9122983] [Debug  : LethalMin] Creating counter for FlashMitaItem
[10:57:14.9122983] [Info   : LethalMin] Adding PikminItem Compoent to CanItem
[10:57:14.9122983] [Debug  : LethalMin] Calculated weight for Can: 0 lb, Devided weight: 0 lb
[10:57:14.9122983] [Debug  : LethalMin] (CanItem) Colider: CanItem (UnityEngine.BoxCollider)
[10:57:14.9122983] [Debug  : LethalMin] (CanItem) Center: (0.00, 0.00, 0.00)
[10:57:14.9122983] [Debug  : LethalMin] Creating counter for CanItem
[10:57:14.9132972] [Info   : LethalMin] Adding PikminItem Compoent to GamepadItem
[10:57:14.9132972] [Debug  : LethalMin] Calculated weight for Gamepad: 0 lb, Devided weight: 0 lb
[10:57:14.9132972] [Debug  : LethalMin] (GamepadItem) Colider: GamepadItem (UnityEngine.BoxCollider)
[10:57:14.9132972] [Debug  : LethalMin] (GamepadItem) Center: (0.00, 0.00, 0.00)
[10:57:14.9132972] [Debug  : LethalMin] Creating counter for GamepadItem
[10:57:14.9132972] [Info   : LethalMin] Adding PikminItem Compoent to GlassesItem
[10:57:14.9132972] [Debug  : LethalMin] Calculated weight for Glasses: 0 lb, Devided weight: 0 lb
[10:57:14.9132972] [Debug  : LethalMin] (GlassesItem) Colider: GlassesItem (UnityEngine.BoxCollider)
[10:57:14.9132972] [Debug  : LethalMin] (GlassesItem) Center: (0.00, 0.00, 0.00)
[10:57:14.9132972] [Debug  : LethalMin] Creating counter for GlassesItem
[10:57:14.9132972] [Info   : LethalMin] Adding PikminItem Compoent to GlitchChairItem
[10:57:14.9132972] [Debug  : LethalMin] Calculated weight for Glitched Chair: 21 lb, Devided weight: 8.4 lb
[10:57:14.9132972] [Debug  : LethalMin] (GlitchChairItem) Colider: GlitchChairItem (UnityEngine.BoxCollider)
[10:57:14.9132972] [Debug  : LethalMin] (GlitchChairItem) Center: (0.00, 0.00, 0.00)
