[21:28:17.1502355] [Debug  :ainavt.lc.lethalconfig] Registered config "Matty's Fixes/DawnLib|unknown_lib/Mausoleum Body Bag"
[21:28:17.1502355] [Debug  :ainavt.lc.lethalconfig] Registered config "Matty's Fixes/DawnLib|unknown_lib/Ankh Relic"
[21:28:17.1502355] [Debug  :ainavt.lc.lethalconfig] Registered config "Matty's Fixes/DawnLib|unknown_lib/Plushie Pajama"
[21:28:17.1502355] [Debug  :ainavt.lc.lethalconfig] Registered config "Matty's Fixes/DawnLib|unknown_lib/T-Rex Vertebrae"
[21:28:17.1502355] [Debug  :ainavt.lc.lethalconfig] Registered config "Matty's Fixes/DawnLib|unknown_lib/T-Rex Tail"
[21:28:17.1502355] [Debug  :ainavt.lc.lethalconfig] Registered config "Matty's Fixes/DawnLib|unknown_lib/T-Rex Spine"
[21:28:17.1502355] [Debug  :ainavt.lc.lethalconfig] Registered config "Matty's Fixes/DawnLib|unknown_lib/T-Rex Skull"
[21:28:17.1502355] [Debug  :ainavt.lc.lethalconfig] Registered config "Matty's Fixes/DawnLib|unknown_lib/T-Rex Ribcage"
[21:28:17.1512355] [Debug  :ainavt.lc.lethalconfig] Registered config "Matty's Fixes/DawnLib|unknown_lib/T-Rex Foot"
[21:28:17.1512355] [Debug  :ainavt.lc.lethalconfig] Registered config "Matty's Fixes/DawnLib|unknown_lib/T-Rex Bone"
[21:28:17.1512355] [Debug  :ainavt.lc.lethalconfig] Registered config "Matty's Fixes/DawnLib|unknown_lib/T-Rex Arm"
[21:28:17.1512355] [Debug  :ainavt.lc.lethalconfig] Registered config "Matty's Fixes/DawnLib|unknown_lib/Spooky Painting"
[21:28:17.1512355] [Debug  :ainavt.lc.lethalconfig] Registered config "Matty's Fixes/DawnLib|unknown_lib/Cat Painting"
[21:28:17.1512355] [Debug  :ainavt.lc.lethalconfig] Registered config "Matty's Fixes/DawnLib|unknown_lib/Dog Painting"
[21:28:17.1512355] [Debug  :ainavt.lc.lethalconfig] Registered config "Matty's Fixes/DawnLib|unknown_lib/Mausoleum Spine"
[21:28:17.1512355] [Debug  :ainavt.lc.lethalconfig] Registered config "Matty's Fixes/DawnLib|unknown_lib/Mausoleum Ribcage"
[21:28:17.1522358] [Debug  :ainavt.lc.lethalconfig] Registered config "Matty's Fixes/LethalLevelLoader|Raven Manor Interior/Necronomicon"
[21:28:17.1522358] [Debug  :ainavt.lc.lethalconfig] Registered config "Matty's Fixes/LethalLevelLoader|ScoopyCastle/CrownLApparatus"
[21:28:17.1522358] [Debug  :ainavt.lc.lethalconfig] Registered config "Matty's Fixes/LethalLevelLoader|ScoopyCastle/CrownApparatus"
[21:28:17.1522358] [Debug  :ainavt.lc.lethalconfig] Registered config "Matty's Fixes/LethalLevelLoader|Slaughterhouse/Meat cube"
[21:28:17.1522358] [Debug  :ainavt.lc.lethalconfig] Registered config "Matty's Fixes/LethalLevelLoader|The awesome doohickey blaster/The awesome doohickey blaster"
[21:28:17.1522358] [Debug  :ainavt.lc.lethalconfig] Registered config "Matty's Fixes/LethalLevelLoader|TheRubberRooms/Haunted apparatus"
[21:28:17.1532343] [Debug  :ainavt.lc.lethalconfig] Registered config "Matty's Fixes/LethalLevelLoader|TowerScrap/Elevator key"
[21:28:17.1532343] [Debug  :ainavt.lc.lethalconfig] Registered config "Matty's Fixes/LethalLevelLoader|Toy Store/Pink Apparatus"
[21:28:17.1532343] [Debug  :ainavt.lc.lethalconfig] Registered config "Matty's Fixes/DawnLib|unknown_lib/Cat Food"
[21:28:17.1532343] [Debug  :ainavt.lc.lethalconfig] Registered config "Matty's Fixes/DawnLib|unknown_lib/Cat"
[21:28:17.1532343] [Debug  :ainavt.lc.lethalconfig] Registered config "Matty's Fixes/DawnLib|unknown_lib/Rocket Launcher"
[21:28:17.1532343] [Debug  :ainavt.lc.lethalconfig] Registered config "Matty's Fixes/DawnLib|unknown_lib/Utility Belt"
[21:28:17.1532343] [Debug  :ainavt.lc.lethalconfig] Registered config "Matty's Fixes/DawnLib|unknown_lib/Missile"
[21:28:17.1532343] [Debug  :ainavt.lc.lethalconfig] Registered config "Matty's Fixes/DawnLib|unknown_lib/Emergency Flare (ammo)"
[21:28:17.1532343] [Debug  :ainavt.lc.lethalconfig] Registered config "Matty's Fixes/DawnLib|unknown_lib/Remote Radar"
[21:28:17.1543075] [Debug  :ainavt.lc.lethalconfig] Registered config "Matty's Fixes/DawnLib|unknown_lib/Toy Hammer"
[21:28:17.1543075] [Debug  :ainavt.lc.lethalconfig] Registered config "Matty's Fixes/DawnLib|unknown_lib/Flaregun"
[21:28:17.1543075] [Debug  :ainavt.lc.lethalconfig] Registered config "Matty's Fixes/DawnLib|unknown_lib/Hacking Tool"
[21:28:17.1543075] [Debug  :ainavt.lc.lethalconfig] Registered config "Matty's Fixes/DawnLib|unknown_lib/Pinger"
[21:28:17.1543075] [Debug  :ainavt.lc.lethalconfig] Registered config "Matty's Fixes/DawnLib|unknown_lib/Night Vision Goggles"
[21:28:17.1543075] [Debug  :ainavt.lc.lethalconfig] Registered config "Matty's Fixes/DawnLib|unknown_lib/Medic Bag"
[21:28:17.1543075] [Debug  :ainavt.lc.lethalconfig] Registered config "Matty's Fixes/Vanilla/Cat Food"
[21:28:17.1543075] [Debug  :ainavt.lc.lethalconfig] Registered config "Matty's Fixes/DawnLib|unknown_lib/Whistle"
[21:28:17.1543075] [Debug  :ainavt.lc.lethalconfig] Registered config "Matty's Fixes/DawnLib|unknown_lib/PluckAPhone"
[21:28:17.1543075] [Debug  :ainavt.lc.lethalconfig] Registered config "Matty's Fixes/DawnLib|unknown_lib/Glow Seed"
[21:28:17.1543075] [Warning:ainavt.lc.lethalconfig] Ignoring duplicated config "Matty's Fixes/Vanilla/Boombox"
[21:28:17.1558149] [Warning:ainavt.lc.lethalconfig] Ignoring duplicated config "Matty's Fixes/Vanilla/Belt bag"
[21:28:17.1558149] [Warning:ainavt.lc.lethalconfig] Ignoring duplicated config "Matty's Fixes/Vanilla/Extension ladder"
[21:28:17.1558149] [Warning:ainavt.lc.lethalconfig] Ignoring duplicated config "Matty's Fixes/Vanilla/Flashlight"
[21:28:17.1558149] [Warning:ainavt.lc.lethalconfig] Ignoring duplicated config "Matty's Fixes/Vanilla/Jetpack"
[21:28:17.1558149] [Warning:ainavt.lc.lethalconfig] Ignoring duplicated config "Matty's Fixes/Vanilla/Lockpicker"
[21:28:17.1558149] [Warning:ainavt.lc.lethalconfig] Ignoring duplicated config "Matty's Fixes/Vanilla/Pro-flashlight"
[21:28:17.1558149] [Warning:ainavt.lc.lethalconfig] Ignoring duplicated config "Matty's Fixes/Vanilla/Radar-booster"
[21:28:17.1558149] [Warning:ainavt.lc.lethalconfig] Ignoring duplicated config "Matty's Fixes/Vanilla/Shovel"
[21:28:17.1558149] [Warning:ainavt.lc.lethalconfig] Ignoring duplicated config "Matty's Fixes/Vanilla/Spray paint"
[21:28:17.1558149] [Warning:ainavt.lc.lethalconfig] Ignoring duplicated config "Matty's Fixes/Vanilla/Stun grenade"
[21:28:17.1558149] [Warning:ainavt.lc.lethalconfig] Ignoring duplicated config "Matty's Fixes/Vanilla/TZP-Inhalant"
[21:28:17.1568223] [Warning:ainavt.lc.lethalconfig] Ignoring duplicated config "Matty's Fixes/Vanilla/Walkie-talkie"
[21:28:17.1568223] [Warning:ainavt.lc.lethalconfig] Ignoring duplicated config "Matty's Fixes/Vanilla/Weed killer"
[21:28:17.1568223] [Warning:ainavt.lc.lethalconfig] Ignoring duplicated config "Matty's Fixes/Vanilla/Zap gun"
[21:28:17.1568223] [Debug  :ainavt.lc.lethalconfig] Registered config "Matty's Fixes/DawnLib|unknown_lib/Train"
[21:28:17.1568223] [Debug  :ainavt.lc.lethalconfig] Registered config "Matty's Fixes/DawnLib|unknown_lib/Redstone Torch"
[21:28:17.1568223] [Debug  :ainavt.lc.lethalconfig] Registered config "Matty's Fixes/DawnLib|unknown_lib/giant poster"
[21:28:17.1568223] [Debug  :ainavt.lc.lethalconfig] Registered config "Matty's Fixes/LethalLib|LethalCompanyHarpGhost/Harp"
[21:28:17.1568223] [Debug  :ainavt.lc.lethalconfig] Registered config "Matty's Fixes/LethalLib|LethalCompanyHarpGhost/Bagpipes"
[21:28:17.1578218] [Debug  :ainavt.lc.lethalconfig] Registered config "Matty's Fixes/LethalLib|LethalCompanyHarpGhost/Ghost Plushie"
[21:28:17.1578218] [Debug  :ainavt.lc.lethalconfig] Registered config "Matty's Fixes/LethalLib|MonsterPlushies/Bracken Plushie"
[21:28:17.1578218] [Debug  :ainavt.lc.lethalconfig] Registered config "Matty's Fixes/LethalLib|MonsterPlushies/Coil head Plushie"
[21:28:17.1578218] [Debug  :ainavt.lc.lethalconfig] Registered config "Matty's Fixes/LethalLib|MonsterPlushies/Comedy mask Plushie"
[21:28:17.1578218] [Debug  :ainavt.lc.lethalconfig] Registered config "Matty's Fixes/LethalLib|MonsterPlushies/Tragedy mask Plushie"
[21:28:17.1578218] [Debug  :ainavt.lc.lethalconfig] Registered config "Matty's Fixes/LethalLib|MonsterPlushies/Bunker Spider Plushie"
[21:28:17.1578218] [Debug  :ainavt.lc.lethalconfig] Registered config "Matty's Fixes/LethalLib|MonsterPlushies/Hoarding Bug Plushie"
[21:28:17.1578218] [Debug  :ainavt.lc.lethalconfig] Registered config "Matty's Fixes/LethalLib|MonsterPlushies/Jester Plushie"
[21:28:17.1588215] [Debug  :ainavt.lc.lethalconfig] Registered config "Matty's Fixes/LethalLib|MonsterPlushies/Forest Keeper Plushie"
[21:28:17.1588215] [Debug  :ainavt.lc.lethalconfig] Registered config "Matty's Fixes/LethalLib|MonsterPlushies/Nutcracker Plushie"
[21:28:17.1588215] [Debug  :ainavt.lc.lethalconfig] Registered config "Matty's Fixes/LethalLib|MonsterPlushies/Eyeless Dog Plushie"
[21:28:17.1588215] [Debug  :ainavt.lc.lethalconfig] Registered config "Matty's Fixes/LethalLib|MonsterPlushies/Thumper Plushie"
[21:28:17.1588215] [Debug  :ainavt.lc.lethalconfig] Registered config "Matty's Fixes/LethalLib|Scopophobia/ShyGuyPainting"
[21:28:17.1588215] [Debug  :ainavt.lc.lethalconfig] Registered config "Matty's Fixes/LethalLib|SlendermanMod/Page"
[21:28:17.1598200] [Warning:ainavt.lc.lethalconfig] Ignoring duplicated config "Matty's Fixes/LethalLib|SlendermanMod/Page"
[21:28:17.1598200] [Warning:ainavt.lc.lethalconfig] Ignoring duplicated config "Matty's Fixes/LethalLib|SlendermanMod/Page"
[21:28:17.1598200] [Warning:ainavt.lc.lethalconfig] Ignoring duplicated config "Matty's Fixes/LethalLib|SlendermanMod/Page"
[21:28:17.1598200] [Debug  :ainavt.lc.lethalconfig] Registered config "Matty's Fixes/LethalLib|SlendermanMod/Strange Page"
[21:28:17.1598200] [Debug  :ainavt.lc.lethalconfig] Registered config "Matty's Fixes/LethalLib|SlendermanMod/Missing Poster"
[21:28:17.1598200] [Debug  :ainavt.lc.lethalconfig] Registered config "Matty's Fixes/LethalLib|SlendermanMod/Dirty Page"
[21:28:17.1598200] [Debug  :ainavt.lc.lethalconfig] Registered config "Matty's Fixes/LethalLib|SlendermanMod/Mysterious Page"
[21:28:17.1608204] [Debug  :ainavt.lc.lethalconfig] Registered config "Matty's Fixes/LethalLib|PremiumScraps/Frieren"
[21:28:17.1608204] [Debug  :ainavt.lc.lethalconfig] Registered config "Matty's Fixes/LethalLib|PremiumScraps/Chocobo"
[21:28:17.1608204] [Debug  :ainavt.lc.lethalconfig] Registered config "Matty's Fixes/LethalLib|PremiumScraps/Ainz Ooal Gown"
[21:28:17.1608204] [Debug  :ainavt.lc.lethalconfig] Registered config "Matty's Fixes/LethalLib|PremiumScraps/Helm of Domination"
[21:28:17.1608204] [Debug  :ainavt.lc.lethalconfig] Registered config "Matty's Fixes/LethalLib|PremiumScraps/The King"
[21:28:17.1608204] [Debug  :ainavt.lc.lethalconfig] Registered config "Matty's Fixes/LethalLib|PremiumScraps/Harry Mason"
[21:28:17.1608204] [Debug  :ainavt.lc.lethalconfig] Registered config "Matty's Fixes/LethalLib|PremiumScraps/Mystic Cristal"
[21:28:17.1618231] [Debug  :ainavt.lc.lethalconfig] Registered config "Matty's Fixes/LethalLib|PremiumScraps/Puppy Shark"
[21:28:17.1618231] [Debug  :ainavt.lc.lethalconfig] Registered config "Matty's Fixes/LethalLib|PremiumScraps/Rupee"
[21:28:17.1618231] [Debug  :ainavt.lc.lethalconfig] Registered config "Matty's Fixes/LethalLib|PremiumScraps/Ea-Nasir Statue"
[21:28:17.1618231] [Debug  :ainavt.lc.lethalconfig] Registered config "Matty's Fixes/LethalLib|PremiumScraps/HearthStone Card"
[21:28:17.1618231] [Debug  :ainavt.lc.lethalconfig] Registered config "Matty's Fixes/LethalLib|PremiumScraps/SODA"
[21:28:17.1618231] [Debug  :ainavt.lc.lethalconfig] Registered config "Matty's Fixes/LethalLib|PremiumScraps/Comically Large Spoon"
[21:28:17.1618231] [Debug  :ainavt.lc.lethalconfig] Registered config "Matty's Fixes/LethalLib|PremiumScraps/crouton"
[21:28:17.1628220] [Debug  :ainavt.lc.lethalconfig] Registered config "Matty's Fixes/LethalLib|PremiumScraps/Airhorn"
[21:28:17.1628220] [Debug  :ainavt.lc.lethalconfig] Registered config "Matty's Fixes/LethalLib|PremiumScraps/Balan Statue"
[21:28:17.1628220] [Debug  :ainavt.lc.lethalconfig] Registered config "Matty's Fixes/LethalLib|PremiumScraps/Friendship ender"
[21:28:17.1628220] [Debug  :ainavt.lc.lethalconfig] Registered config "Matty's Fixes/LethalLib|PremiumScraps/Scroll of Town Portal"
[21:28:17.1628220] [Debug  :ainavt.lc.lethalconfig] Registered config "Matty's Fixes/LethalLib|PremiumScraps/Stick"
[21:28:17.1628220] [Debug  :ainavt.lc.lethalconfig] Registered config "Matty's Fixes/LethalLib|PremiumScraps/Basics of architecture"
[21:28:17.1639231] [Debug  :ainavt.lc.lethalconfig] Registered config "Matty's Fixes/LethalLib|PremiumScraps/Galvanized square steel"
[21:28:17.1639231] [Debug  :ainavt.lc.lethalconfig] Registered config "Matty's Fixes/LethalLib|PremiumScraps/Job application"
[21:28:17.1639231] [Debug  :ainavt.lc.lethalconfig] Registered config "Matty's Fixes/LethalLib|PremiumScraps/Moogle"
[21:28:17.1639231] [Debug  :ainavt.lc.lethalconfig] Registered config "Matty's Fixes/LethalLib|PremiumScraps/El Gazpacho"
[21:28:17.1649246] [Debug  :ainavt.lc.lethalconfig] Registered config "Matty's Fixes/LethalLib|PremiumScraps/The talking orb"
[21:28:17.1649246] [Debug  :ainavt.lc.lethalconfig] Registered config "Matty's Fixes/LethalLib|PremiumScraps/Bomb"
[21:28:17.1649246] [Debug  :ainavt.lc.lethalconfig] Registered config "Matty's Fixes/LethalLib|PremiumScraps/Controller"
[21:28:17.1649246] [Debug  :ainavt.lc.lethalconfig] Registered config "Matty's Fixes/LethalLib|PremiumScraps/Serpent of Ronka"
[21:28:17.1659232] [Debug  :ainavt.lc.lethalconfig] Registered config "Matty's Fixes/LethalLib|ChillaxScraps/Death Note"
[21:28:17.1659232] [Debug  :ainavt.lc.lethalconfig] Registered config "Matty's Fixes/LethalLib|ChillaxScraps/Boink"
[21:28:17.1659232] [Debug  :ainavt.lc.lethalconfig] Registered config "Matty's Fixes/LethalLib|ChillaxScraps/Eevee"
[21:28:17.1659232] [Debug  :ainavt.lc.lethalconfig] Registered config "Matty's Fixes/LethalLib|ChillaxScraps/Cup Noodle"
[21:28:17.1659232] [Debug  :ainavt.lc.lethalconfig] Registered config "Matty's Fixes/LethalLib|ChillaxScraps/Moai Statue"
[21:28:17.1659232] [Debug  :ainavt.lc.lethalconfig] Registered config "Matty's Fixes/LethalLib|ChillaxScraps/Uno Reverse Card"
[21:28:17.1659232] [Debug  :ainavt.lc.lethalconfig] Registered config "Matty's Fixes/LethalLib|ChillaxScraps/Froggy Chair"
[21:28:17.1669261] [Debug  :ainavt.lc.lethalconfig] Registered config "Matty's Fixes/LethalLib|ChillaxScraps/Emergency meeting"
[21:28:17.1669261] [Debug  :ainavt.lc.lethalconfig] Registered config "Matty's Fixes/LethalLib|ChillaxScraps/Super Sneakers"
[21:28:17.1669261] [Debug  :ainavt.lc.lethalconfig] Registered config "Matty's Fixes/LethalLib|ChillaxScraps/Master Sword"
[21:28:17.1669261] [Debug  :ainavt.lc.lethalconfig] Registered config "Matty's Fixes/LethalLib|ChillaxScraps/Ocarina"
[21:28:17.1669261] [Debug  :ainavt.lc.lethalconfig] Registered config "Matty's Fixes/LethalLib|ChillaxScraps/Totem of Undying"
[21:28:17.1669261] [Debug  :ainavt.lc.lethalconfig] Registered config "Matty's Fixes/LethalLib|ChillaxScraps/Dance Note"
[21:28:17.1669261] [Debug  :ainavt.lc.lethalconfig] Registered config "Matty's Fixes/LethalLib|ChillaxScraps/Nokia"
[21:28:17.1669261] [Debug  :ainavt.lc.lethalconfig] Registered config "Matty's Fixes/LethalLib|ChillaxScraps/Freddy Fazbear"
[21:28:17.1679253] [Debug  :ainavt.lc.lethalconfig] Registered config "Matty's Fixes/LethalLib|ChillaxScraps/Uno Reverse Card DX"
[21:28:17.1679253] [Debug  :ainavt.lc.lethalconfig] Registered config "Matty's Fixes/LethalLib|com.github.biodiversitylc.Biodiversity/Coil-shell"
[21:28:17.1679253] [Debug  :ainavt.lc.lethalconfig] Registered config "Matty's Fixes/LethalLib|com.github.biodiversitylc.Biodiversity/Nethersomes duck"
[21:28:17.1679253] [Debug  :ainavt.lc.lethalconfig] Registered config "Matty's Fixes/LethalLib|com.github.biodiversitylc.Biodiversity/Autumnis Iron Dog"
[21:28:17.1679253] [Debug  :ainavt.lc.lethalconfig] Registered config "Matty's Fixes/LethalLib|com.github.biodiversitylc.Biodiversity/Ccodes dog"
[21:28:17.1679253] [Debug  :ainavt.lc.lethalconfig] Registered config "Matty's Fixes/LethalLib|com.github.biodiversitylc.Biodiversity/Jacu dog"
[21:28:17.1689248] [Debug  :ainavt.lc.lethalconfig] Registered config "Matty's Fixes/LethalLib|MoreShipUpgrades/Medic Bag"
[21:28:17.1689248] [Debug  :ainavt.lc.lethalconfig] Registered config "Matty's Fixes/LethalLib|MoreShipUpgrades/Night Vision Goggles"
[21:28:17.1689248] [Debug  :ainavt.lc.lethalconfig] Registered config "Matty's Fixes/LethalLib|SellBodies/Strange Device"
[21:28:17.1689248] [Debug  :ainavt.lc.lethalconfig] Registered config "Matty's Fixes/LethalLib|NoteBoxz.LethalMin/Whistle"
[21:28:17.1689248] [Debug  :ainavt.lc.lethalconfig] Registered config "Matty's Fixes/LethalLib|NoteBoxz.LethalMin/PluckAPhone"
[21:28:17.1689248] [Debug  :ainavt.lc.lethalconfig] Registered config "Matty's Fixes/LethalLib|MoreShipUpgrades/Snare Flea Sample"
[21:28:17.1689248] [Debug  :ainavt.lc.lethalconfig] Registered config "Matty's Fixes/LethalLib|MoreShipUpgrades/Bunker Spider Sample"
[21:28:17.1689248] [Debug  :ainavt.lc.lethalconfig] Registered config "Matty's Fixes/LethalLib|MoreShipUpgrades/Hoarding Bug Sample"
[21:28:17.1689248] [Debug  :ainavt.lc.lethalconfig] Registered config "Matty's Fixes/LethalLib|MoreShipUpgrades/Bracken Sample"
[21:28:17.1689248] [Debug  :ainavt.lc.lethalconfig] Registered config "Matty's Fixes/LethalLib|MoreShipUpgrades/Eyeless Dog Sample"
[21:28:17.1704292] [Debug  :ainavt.lc.lethalconfig] Registered config "Matty's Fixes/LethalLib|MoreShipUpgrades/Baboon Hawk Sample"
[21:28:17.1704292] [Debug  :ainavt.lc.lethalconfig] Registered config "Matty's Fixes/LethalLib|MoreShipUpgrades/Thumper Sample"
[21:28:17.1704292] [Debug  :ainavt.lc.lethalconfig] Registered config "Matty's Fixes/LethalLib|MoreShipUpgrades/Forest Keeper Sample"
[21:28:17.1704292] [Debug  :ainavt.lc.lethalconfig] Registered config "Matty's Fixes/LethalLib|MoreShipUpgrades/Manticoil Sample"
[21:28:17.1709439] [Debug  :ainavt.lc.lethalconfig] Registered config "Matty's Fixes/LethalLib|MoreShipUpgrades/Tulip Snake Sample"
[21:28:17.1709439] [Debug  :ainavt.lc.lethalconfig] Registered config "Matty's Fixes/LethalLib|MoreShipUpgrades/Kidnapper Fox Sample"
[21:28:17.1709439] [Debug  :ainavt.lc.lethalconfig] Registered config "Matty's Fixes/LethalLib|MoreShipUpgrades/Spore Lizard Sample"
[21:28:17.1709439] [Debug  :ainavt.lc.lethalconfig] Registered config "Matty's Fixes/LethalLib|MoreShipUpgrades/Maneater Sample"
[21:28:17.1709439] [Debug  :ainavt.lc.lethalconfig] Registered config "Matty's Fixes/LethalLib|MoreShipUpgrades/Giant Sapsucker Sample"
[21:28:17.1709439] [Debug  :ainavt.lc.lethalconfig] Registered config "Matty's Fixes/LethalLib|MoreShipUpgrades/Lost Scavenger"
[21:28:17.1709439] [Debug  :ainavt.lc.lethalconfig] Registered config "Matty's Fixes/LethalLib|MoreShipUpgrades/Hoarder Bug Egg"
[21:28:17.1719484] [Debug  :ainavt.lc.lethalconfig] Registered config "Matty's Fixes/LethalLib|MoreShipUpgrades/Hoarding Bug Eggs"
[21:28:17.1719484] [Debug  :ainavt.lc.lethalconfig] Registered config "Matty's Fixes/LethalLib|MoreShipUpgrades/Data Disc"
[21:28:17.1719484] [Debug  :ainavt.lc.lethalconfig] Registered config "Matty's Fixes/LethalLib|MoreShipUpgrades/Data PC"
[21:28:17.1719484] [Debug  :ainavt.lc.lethalconfig] Registered config "Matty's Fixes/LethalLib|MoreShipUpgrades/Demonic Tome"
[21:28:17.1719484] [Debug  :ainavt.lc.lethalconfig] Registered config "Matty's Fixes/LethalLib|MoreShipUpgrades/Heart"
[21:28:17.1719484] [Debug  :ainavt.lc.lethalconfig] Registered config "Matty's Fixes/LethalLib|MoreShipUpgrades/Crucifix"
[21:28:17.1719484] [Debug  :ainavt.lc.lethalconfig] Registered config "Matty's Fixes/LethalLib|MoreShipUpgrades/Candelabra"
[21:28:17.1729494] [Debug  :ainavt.lc.lethalconfig] Registered config "Matty's Fixes/LethalLib|MoreShipUpgrades/Teddy Bear"
[21:28:17.1729494] [Debug  :ainavt.lc.lethalconfig] Registered config "Matty's Fixes/LethalLib|MoreShipUpgrades/Bones"
[21:28:17.1729494] [Debug  :ainavt.lc.lethalconfig] Registered config "Matty's Fixes/LethalLib|MoreShipUpgrades/Pentagram"
[21:28:17.1729494] [Debug  :ainavt.lc.lethalconfig] Registered config "Matty's Fixes/LethalLib|MoreShipUpgrades/Bomb"
[21:28:17.1729494] [Debug  :ainavt.lc.lethalconfig] Registered config "Matty's Fixes/LethalLib|SellBodies/Cartridge Racing into the Night"
[21:28:17.1729494] [Debug  :ainavt.lc.lethalconfig] Registered config "Matty's Fixes/LethalLib|SellBodies/Cartridge ReDreaming Angel"
[21:28:17.1729494] [Debug  :ainavt.lc.lethalconfig] Registered config "Matty's Fixes/LethalLib|SellBodies/Cartridge Glitched"
[21:28:17.1740652] [Debug  :ainavt.lc.lethalconfig] Registered config "Matty's Fixes/LethalLib|SellBodies/Dead Hoarder Bug"
[21:28:17.1740652] [Debug  :ainavt.lc.lethalconfig] Registered config "Matty's Fixes/LethalLib|SellBodies/Dead Bunker Spider"
[21:28:17.1740652] [Debug  :ainavt.lc.lethalconfig] Registered config "Matty's Fixes/LethalLib|SellBodies/Dead Thumper"
[21:28:17.1740652] [Debug  :ainavt.lc.lethalconfig] Registered config "Matty's Fixes/LethalLib|SellBodies/Dead Snare Flea"
[21:28:17.1740652] [Debug  :ainavt.lc.lethalconfig] Registered config "Matty's Fixes/LethalLib|SellBodies/Dead Nutcracker"
[21:28:17.1740652] [Debug  :ainavt.lc.lethalconfig] Registered config "Matty's Fixes/LethalLib|SellBodies/Bracken Remains"
[21:28:17.1750662] [Debug  :ainavt.lc.lethalconfig] Registered config "Matty's Fixes/LethalLib|SellBodies/Dead Baboon Hawk"
[21:28:17.1750662] [Debug  :ainavt.lc.lethalconfig] Registered config "Matty's Fixes/LethalLib|SellBodies/Eyeless Dog Teeth"
[21:28:17.1750662] [Debug  :ainavt.lc.lethalconfig] Registered config "Matty's Fixes/LethalLib|SellBodies/Coil-Head Core"
[21:28:17.1750662] [Debug  :ainavt.lc.lethalconfig] Registered config "Matty's Fixes/LethalLib|SellBodies/Vials of Ectoplasm"
[21:28:17.1750662] [Debug  :ainavt.lc.lethalconfig] Registered config "Matty's Fixes/LethalLib|SellBodies/Forest Keeper Sapling"
[21:28:17.1750662] [Debug  :ainavt.lc.lethalconfig] Registered config "Matty's Fixes/LethalLib|SellBodies/Jester Box"
[21:28:17.1750662] [Debug  :ainavt.lc.lethalconfig] Registered config "Matty's Fixes/LethalLib|SellBodies/Dead Hygrodere"
[21:28:17.1760658] [Debug  :ainavt.lc.lethalconfig] Registered config "Matty's Fixes/LethalLib|SellBodies/Dead Spore Lizard"
[21:28:17.1760658] [Debug  :ainavt.lc.lethalconfig] Registered config "Matty's Fixes/LethalLib|SellBodies/Dead Manticoil"
[21:28:17.1760658] [Debug  :ainavt.lc.lethalconfig] Registered config "Matty's Fixes/LethalLib|SellBodies/Old Bird Core"
[21:28:17.1760658] [Debug  :ainavt.lc.lethalconfig] Registered config "Matty's Fixes/LethalLib|SellBodies/Dead Tulip Snake"
[21:28:17.1760658] [Debug  :ainavt.lc.lethalconfig] Registered config "Matty's Fixes/LethalLib|SellBodies/Clay Surgeon Scissors"
[21:28:17.1760658] [Debug  :ainavt.lc.lethalconfig] Registered config "Matty's Fixes/LethalLib|SellBodies/Kidnapper Fox Tail"
[21:28:17.1760658] [Debug  :ainavt.lc.lethalconfig] Registered config "Matty's Fixes/LethalLib|SellBodies/Dead Maneater"
[21:28:17.1770648] [Debug  :ainavt.lc.lethalconfig] Registered config "Matty's Fixes/LethalLib|SellBodies/Dead Backwater Gunkfish"
[21:28:17.1770648] [Debug  :ainavt.lc.lethalconfig] Registered config "Matty's Fixes/LethalLib|SellBodies/Cadaver Flower"
[21:28:17.1770648] [Debug  :ainavt.lc.lethalconfig] Registered config "Matty's Fixes/LethalLib|SellBodies/Feiopar Head"
[21:28:17.1770648] [Debug  :ainavt.lc.lethalconfig] Registered config "Matty's Fixes/LethalLib|SellBodies/Common Enemy Remains"
[21:28:17.1770648] [Debug  :ainavt.lc.lethalconfig] Registered config "Matty's Fixes/LethalLib|SellBodies/Rare Enemy Remains"
[21:28:17.1770648] [Debug  :ainavt.lc.lethalconfig] Registered config "Matty's Fixes/LethalLib|SellBodies/UltraRare Enemy Remains"
[21:28:17.1770648] [Debug  :ainavt.lc.lethalconfig] Registered config "Matty's Fixes/LethalLib|NoteBoxz.LethalMin/Glow Seed"
[21:28:17.1770648] [Debug  :ainavt.lc.lethalconfig] Registered config "Matty's Fixes/LethalLib|Remnants/DefaultBody"
[21:28:17.1780659] [Debug  :ainavt.lc.lethalconfig] Registered config "Matty's Fixes/LethalLib|Remnants/HeadBurstBody"
[21:28:17.1780659] [Debug  :ainavt.lc.lethalconfig] Registered config "Matty's Fixes/LethalLib|Remnants/CoilBody"
[21:28:17.1780659] [Debug  :ainavt.lc.lethalconfig] Registered config "Matty's Fixes/LethalLib|Remnants/WebbedBody"
[21:28:17.1780659] [Debug  :ainavt.lc.lethalconfig] Registered config "Matty's Fixes/LethalLib|com.github.biodiversitylc.Biodiversity/Junk Radar"
[21:28:17.1780659] [Debug  :ainavt.lc.lethalconfig] Registered config "Matty's Fixes/LethalLib|com.github.biodiversitylc.Biodiversity/Old vase"
[21:28:17.1780659] [Debug  :ainavt.lc.lethalconfig] Registered config "Matty's Fixes/LethalLib|com.github.biodiversitylc.Biodiversity/Motherboard"
[21:28:17.1780659] [Debug  :ainavt.lc.lethalconfig] Registered config "Matty's Fixes/LethalLib|com.github.biodiversitylc.Biodiversity/Coil-crab"
[21:28:17.1790660] [Debug  :ainavt.lc.lethalconfig] Registered config "Matty's Fixes/LethalLib|com.github.biodiversitylc.Biodiversity/Baboon Skull"
[21:28:17.1790660] [Debug  :ainavt.lc.lethalconfig] Registered config "Matty's Fixes/LethalLib|com.github.biodiversitylc.Biodiversity/Skull"
[21:28:17.1790660] [Debug  :ainavt.lc.lethalconfig] Registered config "Matty's Fixes/LethalLib|com.github.biodiversitylc.Biodiversity/Masked Mug"
[21:28:17.1790660] [Debug  :ainavt.lc.lethalconfig] Registered config "Matty's Fixes/LethalLib|com.github.biodiversitylc.Biodiversity/Ogopogo Trophy"
[21:28:17.1790660] [Debug  :ainavt.lc.lethalconfig] Registered config "Matty's Fixes/DawnLib|unknown_lib/SlayerShotgun"
[21:28:17.1790660] [Debug  :ainavt.lc.lethalconfig] Registered config "Matty's Fixes/DawnLib|unknown_lib/Grabbable Turret"
[21:28:17.1800639] [Debug  :ainavt.lc.lethalconfig] Registered config "Matty's Fixes/DawnLib|unknown_lib/Grabbable Landmine"
[21:28:17.1800639] [Info   : Unity Log] 1107298560
[21:28:17.1800639] [Info   : Unity Log] 1107298560
[21:28:17.2240458] [Info   :LethalLevelLoader] Loading Previously Saved SelectableLevel: Offense
[21:28:17.2240458] [Info   : Unity Log] level id: 8
[21:28:17.2240458] [Info   : Unity Log] Changing level
[21:28:17.2250464] [Info   :LethalLevelLoader] Refeshing Loaded Bundles Status!
[21:28:17.2250464] [Info   :LethalLevelLoader] Sending LoadedStatus: True To Server!
[21:28:17.2250464] [Info   :LethalLevelLoader] LoadedStatus Is Currently: (1 / 1)
[21:28:17.2250464] [Info   :LethalLevelLoader] Saving Current SelectableLevel: 21 Offense
[21:28:17.2300465] [Info   :GeneralImprovements] Updated fancy weather monitors
[21:28:17.2310464] [Info   :GeneralImprovements] Updated profit quota and deadline monitors
[21:28:17.2310464] [Info   : Unity Log] Loading from data: for 41 Experimentation: iterations at 0, starting at node #-1
[21:28:17.2310464] [Info   : Unity Log] Loading from data: for 220 Assurance: iterations at 0, starting at node #-1
[21:28:17.2310464] [Info   : Unity Log] Loading from data: for 56 Vow: iterations at 0, starting at node #-1
[21:28:17.2310464] [Info   : Unity Log] Loading from data: for 71 Gordion: iterations at 0, starting at node #-1
[21:28:17.2320492] [Info   : Unity Log] Loading from data: for 61 March: iterations at 0, starting at node #-1
[21:28:17.2320492] [Info   : Unity Log] Loading from data: for 20 Adamance: iterations at 21, starting at node #-1
[21:28:17.2320492] [Info   : Unity Log] Loading from data: for 85 Rend: iterations at 26, starting at node #-1
[21:28:17.2320492] [Info   : Unity Log] Loading from data: for 7 Dine: iterations at 0, starting at node #-1
[21:28:17.2320492] [Info   : Unity Log] Loading from data: for 21 Offense: iterations at 0, starting at node #-1
[21:28:17.2320492] [Info   : Unity Log] Loading from data: for 8 Titan: iterations at 0, starting at node #-1
[21:28:17.2320492] [Info   : Unity Log] Loading from data: for 68 Artifice: iterations at 0, starting at node #-1
[21:28:17.2320492] [Info   : Unity Log] Loading from data: for 44 Liquidation: iterations at 71, starting at node #-1
[21:28:17.2320492] [Info   : Unity Log] Loading from data: for 5 Embrion: iterations at 42, starting at node #-1
[21:28:17.2320492] [Info   : Unity Log] Loading from data: for 10 EGypt: iterations at 0, starting at node #-1
[21:28:17.2320492] [Info   : Unity Log] Loading from data: for 31 Arcadia: iterations at 34, starting at node #-1
[21:28:17.2320492] [Info   : Unity Log] Loading from data: for 161 Abaddon: iterations at 0, starting at node #-1
[21:28:17.2320492] [Info   : Unity Log] Loading from data: for 198 Cabal: iterations at 0, starting at node #-1
[21:28:17.2320492] [Info   : Unity Log] Loading from data: for 556 Flicker: iterations at 25, starting at node #-1
[21:28:17.2320492] [Info   : Unity Log] Loading from data: for The Iris: iterations at 0, starting at node #-1
[21:28:17.2320492] [Info   : Unity Log] Loading from data: for 551 Lament: iterations at 0, starting at node #-1
[21:28:17.2320492] [Info   : Unity Log] Loading from data: for 823 Bozoros: iterations at 0, starting at node #-1
[21:28:17.2320492] [Info   : Unity Log] Loading from data: for 559 Pareidolia: iterations at 0, starting at node #-1
[21:28:17.2320492] [Info   : Unity Log] Loading from data: for 556 Shutter: iterations at 0, starting at node #-1
[21:28:17.2320492] [Info   : Unity Log] Loading from data: for 32 Argent: iterations at 0, starting at node #-1
[21:28:17.2320492] [Info   : Unity Log] Loading from data: for 111 PsychSanctum: iterations at 0, starting at node #-1
[21:28:17.2320492] [Info   : Unity Log] Loading from data: for Sanguine: iterations at 0, starting at node #-1
[21:28:17.2320492] [Info   : Unity Log] Loading from data: for Spectralis: iterations at 0, starting at node #-1
[21:28:17.2320492] [Info   : Unity Log] Loading from data: for 37 Zenit: iterations at 0, starting at node #-1
[21:28:17.2320492] [Info   : Unity Log] Loading from data: for 607 Vigilance: iterations at 0, starting at node #-1
[21:28:17.2320492] [Info   : Unity Log] Loading from data: for Black Mesa: iterations at 0, starting at node #-1
[21:28:17.2320492] [Info   : Unity Log] Loading from data: for 745 Oxyde: iterations at 0, starting at node #-1
[21:28:17.2320492] [Info   : Unity Log] Weather chance: 0.2717773; 1
[21:28:17.2391067] [Info   : Unity Log] Item sales percentages #0: 0
[21:28:17.2391067] [Info   : Unity Log] Item sales percentages #1: 0
[21:28:17.2391067] [Info   : Unity Log] Item sales percentages #2: 0
[21:28:17.2391067] [Info   : Unity Log] Item sales percentages #3: 0
[21:28:17.2391067] [Info   : Unity Log] Item sales percentages #4: 0
[21:28:17.2391067] [Info   : Unity Log] Item sales percentages #5: 0
[21:28:17.2391067] [Info   : Unity Log] Item sales percentages #6: 0
[21:28:17.2391067] [Info   : Unity Log] Item sales percentages #7: 0
[21:28:17.2391067] [Info   : Unity Log] Item sales percentages #8: 0
[21:28:17.2391067] [Info   : Unity Log] Item sales percentages #9: 0
[21:28:17.2391067] [Info   : Unity Log] Item sales percentages #10: 0
[21:28:17.2391067] [Info   : Unity Log] Item sales percentages #11: 0
[21:28:17.2391067] [Info   : Unity Log] Item sales percentages #12: 0
[21:28:17.2391067] [Info   : Unity Log] Item sales percentages #13: 0
[21:28:17.2391067] [Info   : Unity Log] Item sales percentages #14: 0
[21:28:17.2391067] [Info   : Unity Log] Item sales percentages #15: 0
[21:28:17.2391067] [Info   : Unity Log] Item sales percentages #16: 0
[21:28:17.2391067] [Info   : Unity Log] Item sales percentages #17: 0
[21:28:17.2391067] [Info   : Unity Log] Item sales percentages #18: 0
[21:28:17.2391067] [Info   : Unity Log] Item sales percentages #19: 0
[21:28:17.2391067] [Info   : Unity Log] Item sales percentages #20: 0
[21:28:17.2391067] [Info   : Unity Log] Item sales percentages #21: 0
[21:28:17.2391067] [Info   : Unity Log] Item sales percentages #22: 0
[21:28:17.2391067] [Info   : Unity Log] Item sales percentages #23: 0
[21:28:17.2391067] [Info   : Unity Log] Item sales percentages #24: 0
[21:28:17.2391067] [Info   : Unity Log] Item sales percentages #25: 0
[21:28:17.2391067] [Info   : Unity Log] Item sales percentages #26: 0
[21:28:17.2391067] [Info   : Unity Log] Item sales percentages #27: 0
[21:28:17.2391067] [Info   : Unity Log] Item sales percentages #28: 0
[21:28:17.2391067] [Info   : Unity Log] Item sales percentages #29: 0
[21:28:17.2391067] [Info   : Unity Log] Item sales percentages #30: 0
[21:28:17.2391067] [Info   : Unity Log] Item sales percentages #31: 0
[21:28:17.2401063] [Info   :GeneralImprovements] Updated sales display.
[21:28:17.2451397] [Info   : Unity Log] unlockable index: 11; Light switch
[21:28:17.2451397] [Info   : Unity Log] Placing scene object at saved position: Light switch
[21:28:17.2711726] [Debug  :ScienceBirdTweaks] Parented furniture holder to ship!
[21:28:17.2711726] [Info   : Unity Log] unlockable index: 16; Terminal
[21:28:17.2711726] [Info   : Unity Log] Placing scene object at saved position: Terminal
[21:28:17.2891956] [Info   : Unity Log] use saved position data false; pos: (6.72, 1.94, -12.33); rot: (270.00, 181.80, 0.00)
[21:28:17.2891956] [Info   : Unity Log] Saving placed position as: (6.72, 1.94, -12.33)
[21:28:17.2891956] [Info   : Unity Log] unlockable index: 34; Med Station
[21:28:17.2891956] [Info   : Unity Log] Placing scene object at saved position: Med Station
[21:28:17.3057182] [Info   : Unity Log] unlockable index: 35; Item Charger
[21:28:17.3057182] [Info   : Unity Log] Placing scene object at saved position: Item Charger
[21:28:17.3217341] [Info   : Unity Log] unlockable index: 36; pikmin-container
[21:28:17.3217341] [Info   : Unity Log] Instantiating prefab for item pikmin-container
[21:28:17.3232374] [Info   : Unity Log] item awake: ShipOnion(Clone); id: -1
[21:28:17.3232374] [Info   : Unity Log] unlockable index: 262; Shutter
[21:28:17.3232374] [Info   : Unity Log] Instantiating prefab for item Shutter
[21:28:17.3242427] [Info   : Unity Log] item awake: PrefabShutterSwitch(Clone); id: 262
[21:28:17.3242427] [Info   : Unity Log] placedPosition: (0.00, 0.00, 0.00)
[21:28:17.3242427] [Info   : Unity Log] Luck calculated: 0
[21:28:17.3242427] [Info   : Unity Log] unlockable index: 0; Orange suit
[21:28:17.3242427] [Info   : Unity Log] item awake: ChangableSuit(Clone); id: -1
[21:28:17.3252470] [Warning: Unity Log] NetworkVariable is written to, but doesn't know its NetworkBehaviour yet. Are you modifying a NetworkVariable before the NetworkObject is spawned?
[21:28:17.3302475] [Debug  :ScienceBirdTweaks] Parenting suits to ship!
[21:28:17.3302475] [Info   : Unity Log] unlockable index: 265; Anby
[21:28:17.3302475] [Info   : Unity Log] item awake: ChangableSuit(Clone); id: -1
[21:28:17.3302475] [Warning: Unity Log] NetworkVariable is written to, but doesn't know its NetworkBehaviour yet. Are you modifying a NetworkVariable before the NetworkObject is spawned?
[21:28:17.3302475] [Debug  :ScienceBirdTweaks] Parenting suits to ship!
[21:28:17.3302475] [Info   : Unity Log] unlockable index: 266; Blake Belladonna [Timeskip]
[21:28:17.3302475] [Info   : Unity Log] item awake: ChangableSuit(Clone); id: -1
[21:28:17.3302475] [Warning: Unity Log] NetworkVariable is written to, but doesn't know its NetworkBehaviour yet. Are you modifying a NetworkVariable before the NetworkObject is spawned?
[21:28:17.3302475] [Debug  :ScienceBirdTweaks] Parenting suits to ship!
[21:28:17.3302475] [Info   : Unity Log] unlockable index: 267; Blake Belladonna
[21:28:17.3312467] [Info   : Unity Log] item awake: ChangableSuit(Clone); id: -1
[21:28:17.3312467] [Warning: Unity Log] NetworkVariable is written to, but doesn't know its NetworkBehaviour yet. Are you modifying a NetworkVariable before the NetworkObject is spawned?
[21:28:17.3312467] [Debug  :ScienceBirdTweaks] Parenting suits to ship!
[21:28:17.3312467] [Info   : Unity Log] unlockable index: 268; Cheval Grand [School]
[21:28:17.3312467] [Info   : Unity Log] item awake: ChangableSuit(Clone); id: -1
[21:28:17.3312467] [Warning: Unity Log] NetworkVariable is written to, but doesn't know its NetworkBehaviour yet. Are you modifying a NetworkVariable before the NetworkObject is spawned?
[21:28:17.3312467] [Debug  :ScienceBirdTweaks] Parenting suits to ship!
[21:28:17.3312467] [Info   : Unity Log] unlockable index: 269; Cheval Grand
[21:28:17.3312467] [Info   : Unity Log] item awake: ChangableSuit(Clone); id: -1
[21:28:17.3312467] [Warning: Unity Log] NetworkVariable is written to, but doesn't know its NetworkBehaviour yet. Are you modifying a NetworkVariable before the NetworkObject is spawned?
[21:28:17.3312467] [Debug  :ScienceBirdTweaks] Parenting suits to ship!
[21:28:17.3312467] [Info   : Unity Log] unlockable index: 270; Faust
[21:28:17.3312467] [Info   : Unity Log] item awake: ChangableSuit(Clone); id: -1
[21:28:17.3312467] [Warning: Unity Log] NetworkVariable is written to, but doesn't know its NetworkBehaviour yet. Are you modifying a NetworkVariable before the NetworkObject is spawned?
[21:28:17.3312467] [Debug  :ScienceBirdTweaks] Parenting suits to ship!
[21:28:17.3312467] [Info   : Unity Log] unlockable index: 271; Kiana [Finality]
[21:28:17.3312467] [Info   : Unity Log] item awake: ChangableSuit(Clone); id: -1
[21:28:17.3312467] [Warning: Unity Log] NetworkVariable is written to, but doesn't know its NetworkBehaviour yet. Are you modifying a NetworkVariable before the NetworkObject is spawned?
[21:28:17.3322466] [Debug  :ScienceBirdTweaks] Parenting suits to ship!
[21:28:17.3322466] [Info   : Unity Log] unlockable index: 272; Kiana
[21:28:17.3322466] [Info   : Unity Log] item awake: ChangableSuit(Clone); id: -1
[21:28:17.3322466] [Warning: Unity Log] NetworkVariable is written to, but doesn't know its NetworkBehaviour yet. Are you modifying a NetworkVariable before the NetworkObject is spawned?
[21:28:17.3322466] [Debug  :ScienceBirdTweaks] Parenting suits to ship!
[21:28:17.3322466] [Info   : Unity Log] unlockable index: 273; Mayano Top Gun [School]
[21:28:17.3322466] [Info   : Unity Log] item awake: ChangableSuit(Clone); id: -1
[21:28:17.3322466] [Warning: Unity Log] NetworkVariable is written to, but doesn't know its NetworkBehaviour yet. Are you modifying a NetworkVariable before the NetworkObject is spawned?
[21:28:17.3322466] [Debug  :ScienceBirdTweaks] Parenting suits to ship!
[21:28:17.3322466] [Info   : Unity Log] unlockable index: 274; Mayano Top Gun
[21:28:17.3322466] [Info   : Unity Log] item awake: ChangableSuit(Clone); id: -1
[21:28:17.3322466] [Warning: Unity Log] NetworkVariable is written to, but doesn't know its NetworkBehaviour yet. Are you modifying a NetworkVariable before the NetworkObject is spawned?
[21:28:17.3322466] [Debug  :ScienceBirdTweaks] Parenting suits to ship!
[21:28:17.3322466] [Info   : Unity Log] unlockable index: 275; Mejiro McQueen [School]
[21:28:17.3322466] [Info   : Unity Log] item awake: ChangableSuit(Clone); id: -1
[21:28:17.3322466] [Warning: Unity Log] NetworkVariable is written to, but doesn't know its NetworkBehaviour yet. Are you modifying a NetworkVariable before the NetworkObject is spawned?
[21:28:17.3322466] [Debug  :ScienceBirdTweaks] Parenting suits to ship!
[21:28:17.3332465] [Info   : Unity Log] unlockable index: 276; Mejiro McQueen
[21:28:17.3332465] [Info   : Unity Log] item awake: ChangableSuit(Clone); id: -1
[21:28:17.3332465] [Warning: Unity Log] NetworkVariable is written to, but doesn't know its NetworkBehaviour yet. Are you modifying a NetworkVariable before the NetworkObject is spawned?
[21:28:17.3332465] [Debug  :ScienceBirdTweaks] Parenting suits to ship!
[21:28:17.3332465] [Info   : Unity Log] unlockable index: 277; Mostima [Maid]
[21:28:17.3332465] [Info   : Unity Log] item awake: ChangableSuit(Clone); id: -1
[21:28:17.3332465] [Warning: Unity Log] NetworkVariable is written to, but doesn't know its NetworkBehaviour yet. Are you modifying a NetworkVariable before the NetworkObject is spawned?
[21:28:17.3337503] [Debug  :ScienceBirdTweaks] Parenting suits to ship!
[21:28:17.3337503] [Info   : Unity Log] unlockable index: 278; Mostima
[21:28:17.3337503] [Info   : Unity Log] item awake: ChangableSuit(Clone); id: -1
[21:28:17.3337503] [Warning: Unity Log] NetworkVariable is written to, but doesn't know its NetworkBehaviour yet. Are you modifying a NetworkVariable before the NetworkObject is spawned?
[21:28:17.3337503] [Debug  :ScienceBirdTweaks] Parenting suits to ship!
[21:28:17.3337503] [Info   : Unity Log] unlockable index: 279; Roland
[21:28:17.3337503] [Info   : Unity Log] item awake: ChangableSuit(Clone); id: -1
[21:28:17.3337503] [Warning: Unity Log] NetworkVariable is written to, but doesn't know its NetworkBehaviour yet. Are you modifying a NetworkVariable before the NetworkObject is spawned?
[21:28:17.3337503] [Debug  :ScienceBirdTweaks] Parenting suits to ship!
[21:28:17.3337503] [Info   : Unity Log] unlockable index: 280; Ruby Rose [Timeskip]
[21:28:17.3337503] [Info   : Unity Log] item awake: ChangableSuit(Clone); id: -1
[21:28:17.3337503] [Warning: Unity Log] NetworkVariable is written to, but doesn't know its NetworkBehaviour yet. Are you modifying a NetworkVariable before the NetworkObject is spawned?
[21:28:17.3337503] [Debug  :ScienceBirdTweaks] Parenting suits to ship!
[21:28:17.3337503] [Info   : Unity Log] unlockable index: 281; Ruby Rose
[21:28:17.3337503] [Info   : Unity Log] item awake: ChangableSuit(Clone); id: -1
[21:28:17.3337503] [Warning: Unity Log] NetworkVariable is written to, but doesn't know its NetworkBehaviour yet. Are you modifying a NetworkVariable before the NetworkObject is spawned?
[21:28:17.3347548] [Debug  :ScienceBirdTweaks] Parenting suits to ship!
[21:28:17.3347548] [Info   : Unity Log] unlockable index: 282; Silence Suzuka [School]
[21:28:17.3347548] [Info   : Unity Log] item awake: ChangableSuit(Clone); id: -1
[21:28:17.3347548] [Warning: Unity Log] NetworkVariable is written to, but doesn't know its NetworkBehaviour yet. Are you modifying a NetworkVariable before the NetworkObject is spawned?
[21:28:17.3347548] [Debug  :ScienceBirdTweaks] Parenting suits to ship!
[21:28:17.3347548] [Info   : Unity Log] unlockable index: 283; Silence Suzuka
[21:28:17.3347548] [Info   : Unity Log] item awake: ChangableSuit(Clone); id: -1
[21:28:17.3347548] [Warning: Unity Log] NetworkVariable is written to, but doesn't know its NetworkBehaviour yet. Are you modifying a NetworkVariable before the NetworkObject is spawned?
[21:28:17.3347548] [Debug  :ScienceBirdTweaks] Parenting suits to ship!
[21:28:17.3347548] [Info   : Unity Log] unlockable index: 284; Sparkle
[21:28:17.3347548] [Info   : Unity Log] item awake: ChangableSuit(Clone); id: -1
[21:28:17.3347548] [Warning: Unity Log] NetworkVariable is written to, but doesn't know its NetworkBehaviour yet. Are you modifying a NetworkVariable before the NetworkObject is spawned?
[21:28:17.3347548] [Debug  :ScienceBirdTweaks] Parenting suits to ship!
[21:28:17.3347548] [Info   : Unity Log] unlockable index: 285; Theresa [Lunar Vow]
[21:28:17.3357553] [Info   : Unity Log] item awake: ChangableSuit(Clone); id: -1
[21:28:17.3357553] [Warning: Unity Log] NetworkVariable is written to, but doesn't know its NetworkBehaviour yet. Are you modifying a NetworkVariable before the NetworkObject is spawned?
[21:28:17.3357553] [Debug  :ScienceBirdTweaks] Parenting suits to ship!
[21:28:17.3357553] [Info   : Unity Log] unlockable index: 286; Weedy
[21:28:17.3357553] [Info   : Unity Log] item awake: ChangableSuit(Clone); id: -1
[21:28:17.3357553] [Warning: Unity Log] NetworkVariable is written to, but doesn't know its NetworkBehaviour yet. Are you modifying a NetworkVariable before the NetworkObject is spawned?
[21:28:17.3357553] [Debug  :ScienceBirdTweaks] Parenting suits to ship!
[21:28:17.3357553] [Info   : Unity Log] unlockable index: 287; Weiss Schnee [Timeskip]
[21:28:17.3357553] [Info   : Unity Log] item awake: ChangableSuit(Clone); id: -1
[21:28:17.3357553] [Warning: Unity Log] NetworkVariable is written to, but doesn't know its NetworkBehaviour yet. Are you modifying a NetworkVariable before the NetworkObject is spawned?
[21:28:17.3357553] [Debug  :ScienceBirdTweaks] Parenting suits to ship!
[21:28:17.3357553] [Info   : Unity Log] unlockable index: 288; Weiss Schnee
[21:28:17.3357553] [Info   : Unity Log] item awake: ChangableSuit(Clone); id: -1
[21:28:17.3357553] [Warning: Unity Log] NetworkVariable is written to, but doesn't know its NetworkBehaviour yet. Are you modifying a NetworkVariable before the NetworkObject is spawned?
[21:28:17.3357553] [Debug  :ScienceBirdTweaks] Parenting suits to ship!
[21:28:17.3357553] [Info   : Unity Log] unlockable index: 289; Yae Sakura [Neon Shade]
[21:28:17.3357553] [Info   : Unity Log] item awake: ChangableSuit(Clone); id: -1
[21:28:17.3357553] [Warning: Unity Log] NetworkVariable is written to, but doesn't know its NetworkBehaviour yet. Are you modifying a NetworkVariable before the NetworkObject is spawned?
[21:28:17.3357553] [Debug  :ScienceBirdTweaks] Parenting suits to ship!
[21:28:17.3357553] [Info   : Unity Log] unlockable index: 290; Yang Xiao Long [Timeskip]
[21:28:17.3357553] [Info   : Unity Log] item awake: ChangableSuit(Clone); id: -1
[21:28:17.3357553] [Warning: Unity Log] NetworkVariable is written to, but doesn't know its NetworkBehaviour yet. Are you modifying a NetworkVariable before the NetworkObject is spawned?
[21:28:17.3357553] [Debug  :ScienceBirdTweaks] Parenting suits to ship!
[21:28:17.3357553] [Info   : Unity Log] unlockable index: 291; Yang Xiao Long
[21:28:17.3372588] [Info   : Unity Log] item awake: ChangableSuit(Clone); id: -1
[21:28:17.3372588] [Warning: Unity Log] NetworkVariable is written to, but doesn't know its NetworkBehaviour yet. Are you modifying a NetworkVariable before the NetworkObject is spawned?
[21:28:17.3372588] [Debug  :ScienceBirdTweaks] Parenting suits to ship!
[21:28:17.3372588] [Info   : Unity Log] unlockable index: 292; Zero Two [Red Suit]
[21:28:17.3372588] [Info   : Unity Log] item awake: ChangableSuit(Clone); id: -1
[21:28:17.3372588] [Warning: Unity Log] NetworkVariable is written to, but doesn't know its NetworkBehaviour yet. Are you modifying a NetworkVariable before the NetworkObject is spawned?
[21:28:17.3372588] [Debug  :ScienceBirdTweaks] Parenting suits to ship!
[21:28:17.3372588] [Info   : Unity Log] unlockable index: 293; Zero Two [School]
[21:28:17.3372588] [Info   : Unity Log] item awake: ChangableSuit(Clone); id: -1
[21:28:17.3372588] [Warning: Unity Log] NetworkVariable is written to, but doesn't know its NetworkBehaviour yet. Are you modifying a NetworkVariable before the NetworkObject is spawned?
[21:28:17.3372588] [Debug  :ScienceBirdTweaks] Parenting suits to ship!
[21:28:17.3372588] [Info   : Unity Log] unlockable index: 294; Zero Two [White Suit]
[21:28:17.3372588] [Info   : Unity Log] item awake: ChangableSuit(Clone); id: -1
[21:28:17.3372588] [Warning: Unity Log] NetworkVariable is written to, but doesn't know its NetworkBehaviour yet. Are you modifying a NetworkVariable before the NetworkObject is spawned?
[21:28:17.3372588] [Debug  :ScienceBirdTweaks] Parenting suits to ship!
[21:28:17.3372588] [Info   : Unity Log] unlockable index: 295; Zero Two
[21:28:17.3382630] [Info   : Unity Log] item awake: ChangableSuit(Clone); id: -1
[21:28:17.3382630] [Warning: Unity Log] NetworkVariable is written to, but doesn't know its NetworkBehaviour yet. Are you modifying a NetworkVariable before the NetworkObject is spawned?
[21:28:17.3382630] [Debug  :ScienceBirdTweaks] Parenting suits to ship!
[21:28:17.3382630] [Info   : Unity Log] unlockable index: 296; Glow
[21:28:17.3382630] [Info   : Unity Log] item awake: ChangableSuit(Clone); id: -1
[21:28:17.3382630] [Warning: Unity Log] NetworkVariable is written to, but doesn't know its NetworkBehaviour yet. Are you modifying a NetworkVariable before the NetworkObject is spawned?
[21:28:17.3382630] [Debug  :ScienceBirdTweaks] Parenting suits to ship!
[21:28:17.3382630] [Info   : Unity Log] unlockable index: 297; Kirby
[21:28:17.3382630] [Info   : Unity Log] item awake: ChangableSuit(Clone); id: -1
[21:28:17.3382630] [Warning: Unity Log] NetworkVariable is written to, but doesn't know its NetworkBehaviour yet. Are you modifying a NetworkVariable before the NetworkObject is spawned?
[21:28:17.3382630] [Debug  :ScienceBirdTweaks] Parenting suits to ship!
[21:28:17.3382630] [Info   : Unity Log] unlockable index: 298; Knuckles
[21:28:17.3382630] [Info   : Unity Log] item awake: ChangableSuit(Clone); id: -1
[21:28:17.3382630] [Warning: Unity Log] NetworkVariable is written to, but doesn't know its NetworkBehaviour yet. Are you modifying a NetworkVariable before the NetworkObject is spawned?
[21:28:17.3392634] [Debug  :ScienceBirdTweaks] Parenting suits to ship!
[21:28:17.3392634] [Info   : Unity Log] unlockable index: 299; Luigi
[21:28:17.3392634] [Info   : Unity Log] item awake: ChangableSuit(Clone); id: -1
[21:28:17.3392634] [Warning: Unity Log] NetworkVariable is written to, but doesn't know its NetworkBehaviour yet. Are you modifying a NetworkVariable before the NetworkObject is spawned?
[21:28:17.3392634] [Debug  :ScienceBirdTweaks] Parenting suits to ship!
[21:28:17.3392634] [Info   : Unity Log] unlockable index: 300; Mario
[21:28:17.3392634] [Info   : Unity Log] item awake: ChangableSuit(Clone); id: -1
[21:28:17.3392634] [Warning: Unity Log] NetworkVariable is written to, but doesn't know its NetworkBehaviour yet. Are you modifying a NetworkVariable before the NetworkObject is spawned?
[21:28:17.3392634] [Debug  :ScienceBirdTweaks] Parenting suits to ship!
[21:28:17.3392634] [Info   : Unity Log] unlockable index: 301; Minion
[21:28:17.3392634] [Info   : Unity Log] item awake: ChangableSuit(Clone); id: -1
[21:28:17.3392634] [Warning: Unity Log] NetworkVariable is written to, but doesn't know its NetworkBehaviour yet. Are you modifying a NetworkVariable before the NetworkObject is spawned?
[21:28:17.3402644] [Debug  :ScienceBirdTweaks] Parenting suits to ship!
[21:28:17.3402644] [Info   : Unity Log] unlockable index: 302; Skeleton
[21:28:17.3402644] [Info   : Unity Log] item awake: ChangableSuit(Clone); id: -1
[21:28:17.3402644] [Warning: Unity Log] NetworkVariable is written to, but doesn't know its NetworkBehaviour yet. Are you modifying a NetworkVariable before the NetworkObject is spawned?
[21:28:17.3402644] [Debug  :ScienceBirdTweaks] Parenting suits to ship!
[21:28:17.3402644] [Info   : Unity Log] unlockable index: 303; Slayer
[21:28:17.3402644] [Info   : Unity Log] item awake: ChangableSuit(Clone); id: -1
[21:28:17.3402644] [Warning: Unity Log] NetworkVariable is written to, but doesn't know its NetworkBehaviour yet. Are you modifying a NetworkVariable before the NetworkObject is spawned?
[21:28:17.3402644] [Debug  :ScienceBirdTweaks] Parenting suits to ship!
[21:28:17.3402644] [Info   : Unity Log] unlockable index: 304; Smile
[21:28:17.3402644] [Info   : Unity Log] item awake: ChangableSuit(Clone); id: -1
[21:28:17.3402644] [Warning: Unity Log] NetworkVariable is written to, but doesn't know its NetworkBehaviour yet. Are you modifying a NetworkVariable before the NetworkObject is spawned?
[21:28:17.3402644] [Debug  :ScienceBirdTweaks] Parenting suits to ship!
[21:28:17.3437721] [Info   :TooManyEmotes-2.3.17] Loading game values.
[21:28:17.3437721] [Info   :TooManyEmotes-2.3.17] Resetting unlocked emotes.
[21:28:17.3447768] [Info   :TooManyEmotes-2.3.17] Loading 0 unlocked emotes for player: MasaeAhmya
[21:28:17.3447768] [Info   :TooManyEmotes-2.3.17] Loading 100 emote credits for player: MasaeAhmya
[21:28:17.3447768] [Info   :TooManyEmotes-2.3.17] Loaded Seed: 540861760
[21:28:17.3659099] [Error  : Unity Log] Scan node is missing for item!: WeedKillerItem(Clone)
[21:28:17.3669126] [Info   :ReservedSprayPaintSlot-1.1.3] Loading spraypaint save data. Remaining capacity: 10
[21:28:17.3699140] [Error  : Unity Log] Scan node is missing for item!: ShovelItem(Clone)
[21:28:17.3714215] [Error  : Unity Log] Scan node is missing for item!: FlashlightItem(Clone)
[21:28:17.3714215] [Error  : Unity Log] Scan node is missing for item!: ShovelItem(Clone)
[21:28:17.3714215] [Debug  :ScienceBirdTweaks] Setting subtext...
[21:28:17.3739553] [Error  : Unity Log] Scan node is missing for item!: JetpackItem(Clone)
[21:28:17.3995584] [Info   :GeneralImprovements] Updated ship scrap total monitors to $565 (7 items).
[21:28:17.4259003] [Debug  :MrHat.BasedDecorPlacement] Ship out of bounds trigger expanded for furniture placement
[21:28:17.4268989] [Debug  : LightsOut] PhysicsProp has no light
[21:28:17.4268989] [Debug  : LightsOut] ClipboardItem is not a predefined type
[21:28:17.4268989] [Debug  : LightsOut] SprayPaintItem is not a predefined type
[21:28:17.4268989] [Debug  : LightsOut] Shovel is not a predefined type
[21:28:17.4268989] [Debug  : LightsOut] FlashlightItem is not a predefined type
[21:28:17.4268989] [Debug  : LightsOut] Shovel is not a predefined type
[21:28:17.4268989] [Debug  : LightsOut] Money is not a predefined type
[21:28:17.4268989] [Debug  : LightsOut] KeyItem is not a predefined type
[21:28:17.4268989] [Debug  : LightsOut] KeyItem is not a predefined type
[21:28:17.4268989] [Debug  : LightsOut] KeyItem is not a predefined type
[21:28:17.4268989] [Debug  : LightsOut] KeyItem is not a predefined type
[21:28:17.4268989] [Debug  : LightsOut] KeyItem is not a predefined type
[21:28:17.4268989] [Debug  : LightsOut] JetpackItem is not a predefined type
[21:28:17.4268989] [Debug  : LightsOut] WhoopieCushionItem is not a predefined type
[21:28:17.4268989] [Debug  : LightsOut] PhysicsProp has no light
[21:28:17.4268989] [Debug  : LightsOut] PhysicsProp has no light
[21:28:17.4268989] [Debug  : LightsOut] PhysicsProp has no light
[21:28:17.4268989] [Debug  : LightsOut] Shovel is not a predefined type
[21:28:17.4268989] [Debug  : LightsOut] PhysicsProp has no light
[21:28:17.4268989] [Debug  : LightsOut] NoisemakerProp is not a predefined type
[21:28:17.4314151] [Warning:qwbarch.Mirage] Failed to register a scrap item to the config: "Iron" Ingot
[21:28:17.4314151] [Warning:qwbarch.Mirage] Failed to register a scrap item to the config: Cartridge [Racing into the Night]
[21:28:17.4314151] [Warning:qwbarch.Mirage] Failed to register a scrap item to the config: Cartridge [ReDreaming Angel]
[21:28:17.4314151] [Warning:qwbarch.Mirage] Failed to register a scrap item to the config: Cartridge [Glitched]
[21:28:17.4329191] [Info   : Unity Log] Loaded vehicle ID: -1
[21:28:17.4329191] [Info   :GeneralImprovements] Updated fancy weather monitors
[21:28:17.4339245] [Info   : Unity Log] april 1 date: Wednesday, April 1, 2026
[21:28:17.4339245] [Info   : Unity Log] DateTime.Today: Tuesday, October 6, 2026
[21:28:17.4439583] [Info   : Unity Log] item awake: TooManySuitsPageLabel; id: -1
[21:28:17.4449544] [Info   :JacobG5.JLL] [User] JLL Network Manager Initialized.
[21:28:17.4459547] [Info   :TooManyEmotes-2.3.17] Rotating emote selection in store. Seed: 540861760
[21:28:17.4469556] [Info   :OpenBodyCams] Using custom camera settings from MainCamera.
[21:28:17.4479546] [Debug  :Mask Fixes] Random suit list: Added "Orange suit"
[21:28:17.4479546] [Debug  :Mask Fixes] Random suit list: Added "Green suit"
[21:28:17.4479546] [Debug  :Mask Fixes] Random suit list: Added "Hazard suit"
[21:28:17.4479546] [Debug  :Mask Fixes] Random suit list: Added "Pajama suit"
[21:28:17.4479546] [Debug  :Mask Fixes] Random suit list: Added "Purple Suit"
[21:28:17.4479546] [Debug  :Mask Fixes] Random suit list: Added "Bee Suit"
[21:28:17.4479546] [Debug  :Mask Fixes] Random suit list: Added "Bunny Suit"
[21:28:17.4544596] [Info   :More Ship Upgrades] Registering key item under level 0 of Fusion Matter
[21:28:17.4544596] [Info   :More Ship Upgrades] Registering flashlight item under level 0 of Fusion Matter
[21:28:17.4544596] [Info   :More Ship Upgrades] Registering walkie-talkie item under level 0 of Fusion Matter
[21:28:17.4544596] [Info   :More Ship Upgrades] Registering shovel item under level 1 of Fusion Matter
[21:28:17.4544596] [Info   :More Ship Upgrades] Registering pro-flashlight item under level 1 of Fusion Matter
[21:28:17.4544596] [Info   :More Ship Upgrades] Registering belt bag item under level 2 of Fusion Matter
[21:28:17.4544596] [Info   :More Ship Upgrades] Registering radar-booster item under level 2 of Fusion Matter
[21:28:17.4554617] [Info   :More Ship Upgrades] [Hunter] Hoarding Bug set to be harvestable at level 1
[21:28:17.4554617] [Info   :More Ship Upgrades] [Hunter] Snare Flea set to be harvestable at level 1
[21:28:17.4554617] [Info   :More Ship Upgrades] [Hunter] Spore Lizard set to be harvestable at level 1
[21:28:17.4554617] [Info   :More Ship Upgrades] [Hunter] Bunker Spider set to be harvestable at level 2
[21:28:17.4554617] [Info   :More Ship Upgrades] [Hunter] Baboon Hawk set to be harvestable at level 2
[21:28:17.4554617] [Info   :More Ship Upgrades] [Hunter] Tulip Snake set to be harvestable at level 2
[21:28:17.4554617] [Info   :More Ship Upgrades] [Hunter] Kidnapper Fox set to be harvestable at level 2
[21:28:17.4554617] [Info   :More Ship Upgrades] [Hunter] Giant Kiwi set to be harvestable at level 2
[21:28:17.4554617] [Info   :More Ship Upgrades] [Hunter] Bracken set to be harvestable at level 3
[21:28:17.4554617] [Info   :More Ship Upgrades] [Hunter] Eyeless Dog set to be harvestable at level 3
[21:28:17.4554617] [Info   :More Ship Upgrades] [Hunter] Half/Thumper set to be harvestable at level 3
[21:28:17.4554617] [Info   :More Ship Upgrades] [Hunter] Manticoil set to be harvestable at level 3
[21:28:17.4554617] [Info   :More Ship Upgrades] [Hunter] Maneater set to be harvestable at level 3
[21:28:17.4554617] [Info   :More Ship Upgrades] [Hunter] Forest Giant set to be harvestable at level 4
[21:28:17.4554617] [Info   :More Ship Upgrades] [UpgradeBus] Successfully reconstructed with hosts config.
[21:28:17.4554617] [Info   :MoreBattery] MoreBattery: Configuration successfully synchronized with host!
[21:28:17.4584881] [Info   :BrutalCompanyMinusExtraReborn] Attempting to load randomizer data
[21:28:17.4699958] [Info   :KawaiiBone.Remnants] Patching register body suits.
[21:28:17.4699958] [Info   :KawaiiBone.Remnants] Registering suits data.
[21:28:17.4699958] [Info   :KawaiiBone.Remnants] Register suit data of: Orange suit
[21:28:17.4699958] [Info   :KawaiiBone.Remnants] Register suit data of: Green suit
[21:28:17.4699958] [Info   :KawaiiBone.Remnants] Register suit data of: Hazard suit
[21:28:17.4699958] [Info   :KawaiiBone.Remnants] Register suit data of: Pajama suit
[21:28:17.4699958] [Info   :KawaiiBone.Remnants] Register suit data of: Purple Suit
[21:28:17.4699958] [Info   :KawaiiBone.Remnants] Register suit data of: Bee Suit
[21:28:17.4699958] [Info   :KawaiiBone.Remnants] Register suit data of: Bunny Suit
[21:28:17.4699958] [Info   :KawaiiBone.Remnants] Register suit data of: Anby
[21:28:17.4699958] [Info   :KawaiiBone.Remnants] Register suit data of: Blake Belladonna
[21:28:17.4699958] [Info   :KawaiiBone.Remnants] Register suit data of: Cheval Grand
[21:28:17.4699958] [Info   :KawaiiBone.Remnants] Register suit data of: Faust
[21:28:17.4699958] [Info   :KawaiiBone.Remnants] Register suit data of: Kiana
[21:28:17.4699958] [Info   :KawaiiBone.Remnants] Register suit data of: Mayano Top Gun
[21:28:17.4699958] [Info   :KawaiiBone.Remnants] Register suit data of: Mejiro McQueen
[21:28:17.4699958] [Info   :KawaiiBone.Remnants] Register suit data of: Mostima
[21:28:17.4699958] [Info   :KawaiiBone.Remnants] Register suit data of: Roland
[21:28:17.4699958] [Info   :KawaiiBone.Remnants] Register suit data of: Ruby Rose
[21:28:17.4699958] [Info   :KawaiiBone.Remnants] Register suit data of: Silence Suzuka
[21:28:17.4699958] [Info   :KawaiiBone.Remnants] Register suit data of: Sparkle
[21:28:17.4699958] [Info   :KawaiiBone.Remnants] Register suit data of: Weedy
[21:28:17.4699958] [Info   :KawaiiBone.Remnants] Register suit data of: Weiss Schnee
[21:28:17.4699958] [Info   :KawaiiBone.Remnants] Register suit data of: Yang Xiao Long
[21:28:17.4699958] [Info   :KawaiiBone.Remnants] Register suit data of: Zero Two
[21:28:17.4699958] [Info   :KawaiiBone.Remnants] Register suit data of: Glow
[21:28:17.4699958] [Info   :KawaiiBone.Remnants] Register suit data of: Kirby
[21:28:17.4699958] [Info   :KawaiiBone.Remnants] Register suit data of: Knuckles
[21:28:17.4699958] [Info   :KawaiiBone.Remnants] Register suit data of: Luigi
[21:28:17.4699958] [Info   :KawaiiBone.Remnants] Register suit data of: Mario
[21:28:17.4699958] [Info   :KawaiiBone.Remnants] Register suit data of: Minion
[21:28:17.4699958] [Info   :KawaiiBone.Remnants] Register suit data of: Skeleton
[21:28:17.4699958] [Info   :KawaiiBone.Remnants] Register suit data of: Slayer
[21:28:17.4699958] [Info   :KawaiiBone.Remnants] Register suit data of: Smile
[21:28:17.4699958] [Info   :KawaiiBone.Remnants] Suits data registered.
[21:28:17.4714993] [Message:LethalSponge] ---
[21:28:17.4714993] [Message:LethalSponge] Initializing Sponge
[21:28:17.4714993] [Message:LethalSponge] Type '/sponge help' in chat for commands.
[21:28:17.4714993] [Message:LethalSponge] Sponge Initialised.
[21:28:17.4714993] [Message:LethalSponge] ---
[21:28:17.4810251] [Message:LethalSponge] Finding Ship cameras.
[21:28:17.4820268] [Message:LethalSponge] Ship cameras patched.
[21:28:17.8731248] [Info   : LethalMin] Created Item Arrival Zone of type Ship on object HangarShip
[21:28:17.8731248] [Info   : LethalMin] Creating PikminManager
[21:28:18.9703459] [Info   :ScienceBirdTweaks] ShipFloodlightController component added.
[21:28:18.9758544] [Debug  :ainavt.lc.lethalconfig] Registered config "Scopophobia/41 Experimentation Spawn Settings/SpawnWeight"
[21:28:18.9758544] [Debug  :ainavt.lc.lethalconfig] Registered config "Scopophobia/41 Experimentation Spawn Settings/MaxSpawnCount"
[21:28:18.9758544] [Debug  :ainavt.lc.lethalconfig] Registered config "Scopophobia/41 Experimentation Spawn Settings/SpawnInside"
[21:28:18.9768535] [Debug  :ainavt.lc.lethalconfig] Registered config "Scopophobia/41 Experimentation Spawn Settings/SpawnOutside"
[21:28:18.9768535] [Debug  :ainavt.lc.lethalconfig] Registered config "Scopophobia/220 Assurance Spawn Settings/SpawnWeight"
[21:28:18.9778626] [Debug  :ainavt.lc.lethalconfig] Registered config "Scopophobia/220 Assurance Spawn Settings/MaxSpawnCount"
[21:28:18.9778626] [Debug  :ainavt.lc.lethalconfig] Registered config "Scopophobia/220 Assurance Spawn Settings/SpawnInside"
[21:28:18.9778626] [Debug  :ainavt.lc.lethalconfig] Registered config "Scopophobia/220 Assurance Spawn Settings/SpawnOutside"
[21:28:18.9778626] [Debug  :ainavt.lc.lethalconfig] Registered config "Scopophobia/56 Vow Spawn Settings/SpawnWeight"
[21:28:18.9788548] [Debug  :ainavt.lc.lethalconfig] Registered config "Scopophobia/56 Vow Spawn Settings/MaxSpawnCount"
[21:28:18.9788548] [Debug  :ainavt.lc.lethalconfig] Registered config "Scopophobia/56 Vow Spawn Settings/SpawnInside"
[21:28:18.9788548] [Debug  :ainavt.lc.lethalconfig] Registered config "Scopophobia/56 Vow Spawn Settings/SpawnOutside"
[21:28:18.9788548] [Debug  :ainavt.lc.lethalconfig] Registered config "Scopophobia/61 March Spawn Settings/SpawnWeight"
[21:28:18.9798553] [Debug  :ainavt.lc.lethalconfig] Registered config "Scopophobia/61 March Spawn Settings/MaxSpawnCount"
[21:28:18.9798553] [Debug  :ainavt.lc.lethalconfig] Registered config "Scopophobia/61 March Spawn Settings/SpawnInside"
[21:28:18.9798553] [Debug  :ainavt.lc.lethalconfig] Registered config "Scopophobia/61 March Spawn Settings/SpawnOutside"
[21:28:18.9808557] [Debug  :ainavt.lc.lethalconfig] Registered config "Scopophobia/20 Adamance Spawn Settings/SpawnWeight"
[21:28:18.9808557] [Debug  :ainavt.lc.lethalconfig] Registered config "Scopophobia/20 Adamance Spawn Settings/MaxSpawnCount"
[21:28:18.9808557] [Debug  :ainavt.lc.lethalconfig] Registered config "Scopophobia/20 Adamance Spawn Settings/SpawnInside"
[21:28:18.9808557] [Debug  :ainavt.lc.lethalconfig] Registered config "Scopophobia/20 Adamance Spawn Settings/SpawnOutside"
[21:28:18.9818546] [Debug  :ainavt.lc.lethalconfig] Registered config "Scopophobia/85 Rend Spawn Settings/SpawnWeight"
[21:28:18.9818546] [Debug  :ainavt.lc.lethalconfig] Registered config "Scopophobia/85 Rend Spawn Settings/MaxSpawnCount"
[21:28:18.9818546] [Debug  :ainavt.lc.lethalconfig] Registered config "Scopophobia/85 Rend Spawn Settings/SpawnInside"
[21:28:18.9818546] [Debug  :ainavt.lc.lethalconfig] Registered config "Scopophobia/85 Rend Spawn Settings/SpawnOutside"
[21:28:18.9828555] [Debug  :ainavt.lc.lethalconfig] Registered config "Scopophobia/7 Dine Spawn Settings/SpawnWeight"
[21:28:18.9828555] [Debug  :ainavt.lc.lethalconfig] Registered config "Scopophobia/7 Dine Spawn Settings/MaxSpawnCount"
[21:28:18.9828555] [Debug  :ainavt.lc.lethalconfig] Registered config "Scopophobia/7 Dine Spawn Settings/SpawnInside"
[21:28:18.9828555] [Debug  :ainavt.lc.lethalconfig] Registered config "Scopophobia/7 Dine Spawn Settings/SpawnOutside"
[21:28:18.9828555] [Debug  :ainavt.lc.lethalconfig] Registered config "Scopophobia/21 Offense Spawn Settings/SpawnWeight"
[21:28:18.9839932] [Debug  :ainavt.lc.lethalconfig] Registered config "Scopophobia/21 Offense Spawn Settings/MaxSpawnCount"
[21:28:18.9839932] [Debug  :ainavt.lc.lethalconfig] Registered config "Scopophobia/21 Offense Spawn Settings/SpawnInside"
[21:28:18.9839932] [Debug  :ainavt.lc.lethalconfig] Registered config "Scopophobia/21 Offense Spawn Settings/SpawnOutside"
[21:28:18.9849907] [Debug  :ainavt.lc.lethalconfig] Registered config "Scopophobia/8 Titan Spawn Settings/SpawnWeight"
[21:28:18.9849907] [Debug  :ainavt.lc.lethalconfig] Registered config "Scopophobia/8 Titan Spawn Settings/MaxSpawnCount"
[21:28:18.9849907] [Debug  :ainavt.lc.lethalconfig] Registered config "Scopophobia/8 Titan Spawn Settings/SpawnInside"
[21:28:18.9849907] [Debug  :ainavt.lc.lethalconfig] Registered config "Scopophobia/8 Titan Spawn Settings/SpawnOutside"
[21:28:18.9859907] [Debug  :ainavt.lc.lethalconfig] Registered config "Scopophobia/68 Artifice Spawn Settings/SpawnWeight"
[21:28:18.9859907] [Debug  :ainavt.lc.lethalconfig] Registered config "Scopophobia/68 Artifice Spawn Settings/MaxSpawnCount"
[21:28:18.9859907] [Debug  :ainavt.lc.lethalconfig] Registered config "Scopophobia/68 Artifice Spawn Settings/SpawnInside"
[21:28:18.9859907] [Debug  :ainavt.lc.lethalconfig] Registered config "Scopophobia/68 Artifice Spawn Settings/SpawnOutside"
[21:28:18.9869943] [Debug  :ainavt.lc.lethalconfig] Registered config "Scopophobia/44 Liquidation Spawn Settings/SpawnWeight"
[21:28:18.9869943] [Debug  :ainavt.lc.lethalconfig] Registered config "Scopophobia/44 Liquidation Spawn Settings/MaxSpawnCount"
[21:28:18.9869943] [Debug  :ainavt.lc.lethalconfig] Registered config "Scopophobia/44 Liquidation Spawn Settings/SpawnInside"
[21:28:18.9869943] [Debug  :ainavt.lc.lethalconfig] Registered config "Scopophobia/44 Liquidation Spawn Settings/SpawnOutside"
[21:28:18.9879912] [Debug  :ainavt.lc.lethalconfig] Registered config "Scopophobia/5 Embrion Spawn Settings/SpawnWeight"
[21:28:18.9879912] [Debug  :ainavt.lc.lethalconfig] Registered config "Scopophobia/5 Embrion Spawn Settings/MaxSpawnCount"
[21:28:18.9879912] [Debug  :ainavt.lc.lethalconfig] Registered config "Scopophobia/5 Embrion Spawn Settings/SpawnInside"
[21:28:18.9879912] [Debug  :ainavt.lc.lethalconfig] Registered config "Scopophobia/5 Embrion Spawn Settings/SpawnOutside"
[21:28:18.9889931] [Debug  :ainavt.lc.lethalconfig] Registered config "Scopophobia/10 EGypt Spawn Settings/SpawnWeight"
[21:28:18.9889931] [Debug  :ainavt.lc.lethalconfig] Registered config "Scopophobia/10 EGypt Spawn Settings/MaxSpawnCount"
[21:28:18.9889931] [Debug  :ainavt.lc.lethalconfig] Registered config "Scopophobia/10 EGypt Spawn Settings/SpawnInside"
[21:28:18.9889931] [Debug  :ainavt.lc.lethalconfig] Registered config "Scopophobia/10 EGypt Spawn Settings/SpawnOutside"
[21:28:18.9899911] [Debug  :ainavt.lc.lethalconfig] Registered config "Scopophobia/31 Arcadia Spawn Settings/SpawnWeight"
[21:28:18.9899911] [Debug  :ainavt.lc.lethalconfig] Registered config "Scopophobia/31 Arcadia Spawn Settings/MaxSpawnCount"
[21:28:18.9899911] [Debug  :ainavt.lc.lethalconfig] Registered config "Scopophobia/31 Arcadia Spawn Settings/SpawnInside"
[21:28:18.9899911] [Debug  :ainavt.lc.lethalconfig] Registered config "Scopophobia/31 Arcadia Spawn Settings/SpawnOutside"
[21:28:18.9909918] [Debug  :ainavt.lc.lethalconfig] Registered config "Scopophobia/161 Abaddon Spawn Settings/SpawnWeight"
[21:28:18.9909918] [Debug  :ainavt.lc.lethalconfig] Registered config "Scopophobia/161 Abaddon Spawn Settings/MaxSpawnCount"
[21:28:18.9909918] [Debug  :ainavt.lc.lethalconfig] Registered config "Scopophobia/161 Abaddon Spawn Settings/SpawnInside"
[21:28:18.9909918] [Debug  :ainavt.lc.lethalconfig] Registered config "Scopophobia/161 Abaddon Spawn Settings/SpawnOutside"
[21:28:18.9919912] [Debug  :ainavt.lc.lethalconfig] Registered config "Scopophobia/198 Cabal Spawn Settings/SpawnWeight"
[21:28:18.9919912] [Debug  :ainavt.lc.lethalconfig] Registered config "Scopophobia/198 Cabal Spawn Settings/MaxSpawnCount"
[21:28:18.9919912] [Debug  :ainavt.lc.lethalconfig] Registered config "Scopophobia/198 Cabal Spawn Settings/SpawnInside"
[21:28:18.9919912] [Debug  :ainavt.lc.lethalconfig] Registered config "Scopophobia/198 Cabal Spawn Settings/SpawnOutside"
[21:28:18.9934940] [Debug  :ainavt.lc.lethalconfig] Registered config "Scopophobia/556 Flicker Spawn Settings/SpawnWeight"
[21:28:18.9934940] [Debug  :ainavt.lc.lethalconfig] Registered config "Scopophobia/556 Flicker Spawn Settings/MaxSpawnCount"
[21:28:18.9934940] [Debug  :ainavt.lc.lethalconfig] Registered config "Scopophobia/556 Flicker Spawn Settings/SpawnInside"
[21:28:18.9934940] [Debug  :ainavt.lc.lethalconfig] Registered config "Scopophobia/556 Flicker Spawn Settings/SpawnOutside"
[21:28:18.9944976] [Debug  :ainavt.lc.lethalconfig] Registered config "Scopophobia/The Iris Spawn Settings/SpawnWeight"
[21:28:18.9944976] [Debug  :ainavt.lc.lethalconfig] Registered config "Scopophobia/The Iris Spawn Settings/MaxSpawnCount"
[21:28:18.9944976] [Debug  :ainavt.lc.lethalconfig] Registered config "Scopophobia/The Iris Spawn Settings/SpawnInside"
[21:28:18.9944976] [Debug  :ainavt.lc.lethalconfig] Registered config "Scopophobia/The Iris Spawn Settings/SpawnOutside"
[21:28:18.9955004] [Debug  :ainavt.lc.lethalconfig] Registered config "Scopophobia/551 Lament Spawn Settings/SpawnWeight"
[21:28:18.9955004] [Debug  :ainavt.lc.lethalconfig] Registered config "Scopophobia/551 Lament Spawn Settings/MaxSpawnCount"
[21:28:18.9955004] [Debug  :ainavt.lc.lethalconfig] Registered config "Scopophobia/551 Lament Spawn Settings/SpawnInside"
[21:28:18.9955004] [Debug  :ainavt.lc.lethalconfig] Registered config "Scopophobia/551 Lament Spawn Settings/SpawnOutside"
[21:28:18.9965014] [Debug  :ainavt.lc.lethalconfig] Registered config "Scopophobia/823 Bozoros Spawn Settings/SpawnWeight"
[21:28:18.9965014] [Debug  :ainavt.lc.lethalconfig] Registered config "Scopophobia/823 Bozoros Spawn Settings/MaxSpawnCount"
[21:28:18.9965014] [Debug  :ainavt.lc.lethalconfig] Registered config "Scopophobia/823 Bozoros Spawn Settings/SpawnInside"
[21:28:18.9965014] [Debug  :ainavt.lc.lethalconfig] Registered config "Scopophobia/823 Bozoros Spawn Settings/SpawnOutside"
[21:28:18.9975022] [Debug  :ainavt.lc.lethalconfig] Registered config "Scopophobia/559 Pareidolia Spawn Settings/SpawnWeight"
[21:28:18.9975022] [Debug  :ainavt.lc.lethalconfig] Registered config "Scopophobia/559 Pareidolia Spawn Settings/MaxSpawnCount"
[21:28:18.9975022] [Debug  :ainavt.lc.lethalconfig] Registered config "Scopophobia/559 Pareidolia Spawn Settings/SpawnInside"
[21:28:18.9975022] [Debug  :ainavt.lc.lethalconfig] Registered config "Scopophobia/559 Pareidolia Spawn Settings/SpawnOutside"
[21:28:18.9985020] [Debug  :ainavt.lc.lethalconfig] Registered config "Scopophobia/32 Argent Spawn Settings/SpawnWeight"
[21:28:18.9985020] [Debug  :ainavt.lc.lethalconfig] Registered config "Scopophobia/32 Argent Spawn Settings/MaxSpawnCount"
[21:28:18.9985020] [Debug  :ainavt.lc.lethalconfig] Registered config "Scopophobia/32 Argent Spawn Settings/SpawnInside"
[21:28:18.9985020] [Debug  :ainavt.lc.lethalconfig] Registered config "Scopophobia/32 Argent Spawn Settings/SpawnOutside"
[21:28:18.9995030] [Debug  :ainavt.lc.lethalconfig] Registered config "Scopophobia/111 PsychSanctum Spawn Settings/SpawnWeight"
[21:28:18.9995030] [Debug  :ainavt.lc.lethalconfig] Registered config "Scopophobia/111 PsychSanctum Spawn Settings/MaxSpawnCount"
[21:28:18.9995030] [Debug  :ainavt.lc.lethalconfig] Registered config "Scopophobia/111 PsychSanctum Spawn Settings/SpawnInside"
[21:28:18.9995030] [Debug  :ainavt.lc.lethalconfig] Registered config "Scopophobia/111 PsychSanctum Spawn Settings/SpawnOutside"
[21:28:19.0005020] [Debug  :ainavt.lc.lethalconfig] Registered config "Scopophobia/Sanguine Spawn Settings/SpawnWeight"
[21:28:19.0005020] [Debug  :ainavt.lc.lethalconfig] Registered config "Scopophobia/Sanguine Spawn Settings/MaxSpawnCount"
[21:28:19.0005020] [Debug  :ainavt.lc.lethalconfig] Registered config "Scopophobia/Sanguine Spawn Settings/SpawnInside"
[21:28:19.0005020] [Debug  :ainavt.lc.lethalconfig] Registered config "Scopophobia/Sanguine Spawn Settings/SpawnOutside"
[21:28:19.0015033] [Debug  :ainavt.lc.lethalconfig] Registered config "Scopophobia/Spectralis Spawn Settings/SpawnWeight"
[21:28:19.0015033] [Debug  :ainavt.lc.lethalconfig] Registered config "Scopophobia/Spectralis Spawn Settings/MaxSpawnCount"
[21:28:19.0015033] [Debug  :ainavt.lc.lethalconfig] Registered config "Scopophobia/Spectralis Spawn Settings/SpawnInside"
[21:28:19.0015033] [Debug  :ainavt.lc.lethalconfig] Registered config "Scopophobia/Spectralis Spawn Settings/SpawnOutside"
[21:28:19.0015033] [Debug  :ainavt.lc.lethalconfig] Registered config "Scopophobia/37 Zenit Spawn Settings/SpawnWeight"
[21:28:19.0030066] [Debug  :ainavt.lc.lethalconfig] Registered config "Scopophobia/37 Zenit Spawn Settings/MaxSpawnCount"
[21:28:19.0030066] [Debug  :ainavt.lc.lethalconfig] Registered config "Scopophobia/37 Zenit Spawn Settings/SpawnInside"
[21:28:19.0030066] [Debug  :ainavt.lc.lethalconfig] Registered config "Scopophobia/37 Zenit Spawn Settings/SpawnOutside"
[21:28:19.0040127] [Debug  :ainavt.lc.lethalconfig] Registered config "Scopophobia/607 Vigilance Spawn Settings/SpawnWeight"
[21:28:19.0040127] [Debug  :ainavt.lc.lethalconfig] Registered config "Scopophobia/607 Vigilance Spawn Settings/MaxSpawnCount"
[21:28:19.0040127] [Debug  :ainavt.lc.lethalconfig] Registered config "Scopophobia/607 Vigilance Spawn Settings/SpawnInside"
[21:28:19.0040127] [Debug  :ainavt.lc.lethalconfig] Registered config "Scopophobia/607 Vigilance Spawn Settings/SpawnOutside"
[21:28:19.0040127] [Debug  :ainavt.lc.lethalconfig] Registered config "Scopophobia/Black Mesa Spawn Settings/SpawnWeight"
[21:28:19.0040127] [Debug  :ainavt.lc.lethalconfig] Registered config "Scopophobia/Black Mesa Spawn Settings/MaxSpawnCount"
[21:28:19.0040127] [Debug  :ainavt.lc.lethalconfig] Registered config "Scopophobia/Black Mesa Spawn Settings/SpawnInside"
[21:28:19.0055166] [Debug  :ainavt.lc.lethalconfig] Registered config "Scopophobia/Black Mesa Spawn Settings/SpawnOutside"
[21:28:19.0150295] [Info   :WaterAssetRestorer] Initializing water materials...
[21:28:19.0858440] [Debug  :WaterAssetRestorer] Found material 'Water_mat_04' in scene.
[21:28:19.0858440] [Info   :WaterAssetRestorer] Material 'Water_mat_04' search completed. Found: Yes
[21:28:19.5564204] [Debug  :WaterAssetRestorer] Found prefab 'CaveWaterTile'.
[21:28:19.5574109] [Debug  :WaterAssetRestorer] Found material 'CaveWater' in prefab 'CaveWaterTile'.
[21:28:19.5574109] [Info   :WaterAssetRestorer] Material 'CaveWater' search completed. Found: Yes
[21:28:20.0833030] [Debug  :WaterAssetRestorer] Found prefab 'PoolTile'.
[21:28:20.0833030] [Debug  :WaterAssetRestorer] Found material 'PoolWater' in prefab 'PoolTile'.
[21:28:20.0833030] [Info   :WaterAssetRestorer] Material 'PoolWater' search completed. Found: Yes
[21:28:20.0833030] [Info   :LethalThingsReloaded] Conductive charger messages registered
[21:28:20.0843105] [Warning:DawnLib.DuskMod] Unlockable: Light switch doesn't have a prefab nor does it spawn as one, this means that you cannot replace this unlockable.
[21:28:20.0843105] [Warning:DawnLib.DuskMod] Unlockable: Bunkbeds doesn't have a prefab nor does it spawn as one, this means that you cannot replace this unlockable.
[21:28:20.0843105] [Warning:DawnLib.DuskMod] Unlockable: File Cabinet doesn't have a prefab nor does it spawn as one, this means that you cannot replace this unlockable.
[21:28:20.0843105] [Warning:DawnLib.DuskMod] Unlockable: Cupboard doesn't have a prefab nor does it spawn as one, this means that you cannot replace this unlockable.
[21:28:20.0843105] [Warning:DawnLib.DuskMod] Unlockable: Terminal doesn't have a prefab nor does it spawn as one, this means that you cannot replace this unlockable.
[21:28:20.0883104] [Debug  :ButteRyBalance] ExperimentationLevel: ForestGiant - 20 => 0
[21:28:20.0893104] [Debug  :ButteRyBalance] AssuranceLevel.spawnableScrap: Large axle - 30 => 94
[21:28:20.0903073] [Debug  :ButteRyBalance] AssuranceLevel.spawnableScrap: V-type engine - 40 => 80
[21:28:20.0903073] [Debug  :ButteRyBalance] AssuranceLevel.spawnableScrap: Metal sheet - 23 => 65
[21:28:20.0903073] [Debug  :ButteRyBalance] AssuranceLevel.spawnableScrap: Big screw - 59 => 89
[21:28:20.0903073] [Debug  :ButteRyBalance] AssuranceLevel.spawnableScrap: Toy cube - 31 => 11
[21:28:20.0903073] [Debug  :ButteRyBalance] AssuranceLevel.spawnableScrap: Stop sign - 34 => 27
[21:28:20.0903073] [Debug  :ButteRyBalance] AssuranceLevel.spawnableScrap: Bottles - 111 => 67
[21:28:20.0903073] [Debug  :ButteRyBalance] AssuranceLevel.spawnableScrap: Yield sign - 17 => 28
[21:28:20.0903073] [Debug  :ButteRyBalance] AssuranceLevel.spawnableScrap: Homemade flashbang - 14 => 13
[21:28:20.0903073] [Debug  :ButteRyBalance] AssuranceLevel.spawnableScrap: Toilet paper - 19 => 18
[21:28:20.0913069] [Debug  :ButteRyBalance] AssuranceLevel.spawnableScrap: +(Candy, 3)
[21:28:20.0913069] [Debug  :ButteRyBalance] AssuranceLevel: Masked - 12 => 2
[21:28:20.0923093] [Debug  :ButteRyBalance] VowLevel.minScrap: 12 => 10
[21:28:20.0923093] [Debug  :ButteRyBalance] VowLevel.maxScrap: 15 => 13
[21:28:20.0923093] [Debug  :ButteRyBalance] VowLevel.spawnableScrap: Zed Dog - 1 => 5
[21:28:20.0923093] [Debug  :ButteRyBalance] VowLevel.maxOutsideEnemyPowerCount: 6 => 7
[21:28:20.0923093] [Debug  :ButteRyBalance] VowLevel: Spring - 4 => 0
[21:28:20.0933084] [Debug  :ButteRyBalance] AdamanceLevel.spawnableScrap: Easter egg - 50 => 71
[21:28:20.0933084] [Debug  :ButteRyBalance] AdamanceLevel: Butler - 10 => 10
[21:28:20.0933084] [Debug  :ButteRyBalance] AdamanceLevel: Masked - 5 => 0
[21:28:20.0933084] [Debug  :ButteRyBalance] RendLevel.spawnableScrap: Zed Dog - 2 => 8
[21:28:20.0943469] [Debug  :ButteRyBalance] DineLevel.minScrap: 200 => 38
[21:28:20.0943469] [Debug  :ButteRyBalance] DineLevel.maxScrap: 250 => 75
[21:28:20.0943469] [Debug  :ButteRyBalance] DineLevel.spawnableScrap: Whoopie cushion - 1 => 1
[21:28:20.0943469] [Debug  :ButteRyBalance] DineLevel.spawnableScrap: Easter egg - 1 => 1
[21:28:20.0943469] [Debug  :ButteRyBalance] DineLevel.spawnableScrap: Hand - 100 => 100
[21:28:20.0943469] [Debug  :ButteRyBalance] DineLevel.spawnableScrap: Bone - 79 => 79
[21:28:20.0943469] [Debug  :ButteRyBalance] DineLevel.spawnableScrap: Ribcage - 79 => 79
[21:28:20.0943469] [Debug  :ButteRyBalance] DineLevel.spawnableScrap: Ear - 41 => 41
[21:28:20.0943469] [Debug  :ButteRyBalance] DineLevel.spawnableScrap: Foot - 100 => 100
[21:28:20.0943469] [Debug  :ButteRyBalance] DineLevel.spawnableScrap: Knee - 55 => 55
[21:28:20.0943469] [Debug  :ButteRyBalance] DineLevel.spawnableScrap: Heart - 6 => 6
[21:28:20.0943469] [Debug  :ButteRyBalance] DineLevel.spawnableScrap: Tongue - 32 => 32
[21:28:20.0943469] [Debug  :ButteRyBalance] DineLevel.spawnableScrap: +(Zed Dog, 1)
[21:28:20.0943469] [Debug  :ButteRyBalance] DineLevel.maxEnemyPowerCount: 16 => 15
[21:28:20.0943469] [Debug  :ButteRyBalance] DineLevel.maxOutsideEnemyPowerCount: 9 => 10
[21:28:20.0943469] [Debug  :ButteRyBalance] DineLevel: ForestGiant - 100 => 28
[21:28:20.0943469] [Debug  :ButteRyBalance] DineLevel: RadMech - 3 => 13
[21:28:20.0943469] [Debug  :ButteRyBalance] OffenseLevel.indoorMapHazards.Landmines
[21:28:20.0943469] [Debug  :ButteRyBalance] OffenseLevel.indoorMapHazards.Turrets
[21:28:20.0943469] [Debug  :ButteRyBalance] OffenseLevel.indoorMapHazards.SpikeTraps
[21:28:20.0953509] [Debug  :ButteRyBalance] OffenseLevel.spawnableScrap: Large axle - 94 => 30
[21:28:20.0953509] [Debug  :ButteRyBalance] OffenseLevel.spawnableScrap: V-type engine - 80 => 40
[21:28:20.0953509] [Debug  :ButteRyBalance] OffenseLevel.spawnableScrap: Metal sheet - 65 => 23
[21:28:20.0953509] [Debug  :ButteRyBalance] OffenseLevel.spawnableScrap: Big screw - 89 => 59
[21:28:20.0953509] [Debug  :ButteRyBalance] OffenseLevel.spawnableScrap: Toy cube - 18 => 31
[21:28:20.0953509] [Debug  :ButteRyBalance] OffenseLevel.spawnableScrap: Stop sign - 27 => 40
[21:28:20.0953509] [Debug  :ButteRyBalance] OffenseLevel.spawnableScrap: Yield sign - 28 => 12
[21:28:20.0953509] [Debug  :ButteRyBalance] OffenseLevel.spawnableScrap: Homemade flashbang - 13 => 14
[21:28:20.0953509] [Debug  :ButteRyBalance] OffenseLevel.spawnableScrap: Toilet paper - 18 => 19
[21:28:20.0953509] [Debug  :ButteRyBalance] OffenseLevel.spawnableScrap: +(Gold bar, 4)
[21:28:20.0953509] [Debug  :ButteRyBalance] TitanLevel: Girl - 17 => 28
[21:28:20.0953509] [Debug  :ButteRyBalance] TitanLevel: RadMech - 7 => 13
[21:28:20.0953509] [Debug  :ButteRyBalance] TitanLevel: Blob - 20 => 41
[21:28:20.0953509] [Debug  :ButteRyBalance] TitanLevel: Hoarding bug - 38 => 55
[21:28:20.0953509] [Debug  :ButteRyBalance] ArtificeLevel.spawnableScrap: Gold bar - 32 => 36
[21:28:20.0963469] [Debug  :ButteRyBalance] Girl: Don't push
[21:28:20.0963469] [Debug  :ButteRyBalance] Coil-head: Power level 1 -> 2
[21:28:20.0963469] [Debug  :ButteRyBalance] Butler: Increased chance in manors
[21:28:20.0963469] [Debug  :ButteRyBalance] Maneater: Power level 2 -> 3
[21:28:20.0963469] [Debug  :ButteRyBalance] Cadavers: Power level 2 -> 4
[21:28:20.0963469] [Debug  :ButteRyBalance] Old Bird: See through fog
[21:28:20.0963469] [Debug  :ButteRyBalance] Jetpack.item.disallowUtilitySlot: False -> True
[21:28:20.0963469] [Debug  :ButteRyBalance] ProFlashlight.creditsWorth: $28 -> $32
[21:28:20.0963469] [Debug  :ButteRyBalance] ZapGun.creditsWorth: $400 -> $200
[21:28:20.0963469] [Debug  :ButteRyBalance] Jetpack.item.disallowUtilitySlot: False -> True
[21:28:20.0963469] [Debug  :ButteRyBalance] ProFlashlight.creditsWorth: $28 -> $32
[21:28:20.0963469] [Debug  :ButteRyBalance] ZapGun.creditsWorth: $400 -> $200
[21:28:20.0963469] [Debug  :ButteRyBalance] Thumper: Stun multiplier 0.4 -> 1
[21:28:20.0963469] [Debug  :ButteRyBalance] Hoarding bug: Stun multiplier 0.3 -> 0.5
[21:28:20.0973473] [Debug  :ButteRyBalance] Maneater: Add IVisibleThreat
[21:28:20.0973473] [Debug  :ButteRyBalance] Cadaver Bloom: Add IVisibleThreat
[21:28:20.0973473] [Debug  :ButteRyBalance] Cadaver Bloom: Add collider
[21:28:20.0973473] [Debug  :ButteRyBalance] Cruiser: Price $370 -> $700
[21:28:20.0973473] [Debug  :ButteRyBalance] Cruiser: Regen (16, 8) => (7, 16)
[21:28:20.0973473] [Debug  :ButteRyBalance] Cruiser: Crash (0.2, 28) => (0.35, 27)
[21:28:20.0973473] [Debug  :ButteRyBalance] Cruiser: Turbo 0 => 5
[21:28:20.0973473] [Debug  :ButteRyBalance] Weed killer: Damage 8 => 7
[21:28:20.0983465] [Message:com.github.zehsteam.SellMyScrap] Nyawr: Networking works! YIPPEE!
[21:28:20.1163183] [Info   :ReservedItemSlotCore-2.0.41] Initializing ReservedPlayerData for player: Player (1)
[21:28:20.1583298] [Debug  :PathfindingLib] Changed prefabbed NavMeshAgent PikminFormationTarget's area mask from 0xFFFFFFFF to 0xFFFFFFFF to allow traversal of non-smart off-mesh links.
[21:28:20.1583298] [Warning: Unity Log] Failed to create agent because there is no valid NavMesh
[21:28:20.1603339] [Info   :ReservedItemSlotCore-2.0.41] Initializing ReservedPlayerData for player: Player (3)
[21:28:20.1613311] [Warning: Unity Log] Failed to create agent because there is no valid NavMesh
[21:28:20.1623333] [Info   :ReservedItemSlotCore-2.0.41] Initializing ReservedPlayerData for player: Player (2)
[21:28:20.1633337] [Warning: Unity Log] Failed to create agent because there is no valid NavMesh
[21:28:20.1633337] [Info   :ReservedItemSlotCore-2.0.41] Initializing ReservedPlayerData for player: Player
[21:28:20.1644040] [Warning: Unity Log] Failed to create agent because there is no valid NavMesh
[21:28:20.1963616] [Warning:BrutalCompanyMinusExtraReborn] Net object Awake called
[21:28:20.2013620] [Info   :BrutalCompanyMinusExtraReborn] Added None Multiplier: BrutalCompanyMinus.Minus.Weather
[21:28:20.2013620] [Info   :BrutalCompanyMinusExtraReborn] Added DustCloud Multiplier: BrutalCompanyMinus.Minus.Weather
[21:28:20.2013620] [Info   :BrutalCompanyMinusExtraReborn] Added Rainy Multiplier: BrutalCompanyMinus.Minus.Weather
[21:28:20.2013620] [Info   :BrutalCompanyMinusExtraReborn] Added Stormy Multiplier: BrutalCompanyMinus.Minus.Weather
[21:28:20.2013620] [Info   :BrutalCompanyMinusExtraReborn] Added Foggy Multiplier: BrutalCompanyMinus.Minus.Weather
[21:28:20.2013620] [Info   :BrutalCompanyMinusExtraReborn] Added Flooded Multiplier: BrutalCompanyMinus.Minus.Weather
[21:28:20.2013620] [Info   :BrutalCompanyMinusExtraReborn] Added Eclipsed Multiplier: BrutalCompanyMinus.Minus.Weather
[21:28:20.2038788] [Info   : Unity Log] Group credits: 7548
[21:28:20.2068774] [Debug  :Buttery Fixes] Bestiary: Mask hornets
[21:28:20.2068774] [Debug  :Buttery Fixes] Price: Fridge
[21:28:20.2068774] [Debug  :Buttery Fixes] Terminal: Upgrades
[21:28:20.2275170] [Message:suitsTerminal] InitOneTime for BetterMenu stuff!
[21:28:20.2819866] [Debug  : LethalMin] Changed keyword 'pikmin-container' to 'pikmincontainer' for compatibility with LethalMin
[21:28:20.2819866] [Debug  : LethalMin] Changed keyword 'pikmin-signal' to 'pikminsignal' for compatibility with LethalMin
[21:28:20.2844976] [Debug  :   DawnLib] Registry 'Story Logs' (DawnStoryLogInfo) contains '18' entries.
[21:28:20.2854976] [Debug  :   DawnLib] lethal_company:first_log__aug_twotwo -> First Log - Aug 22
[21:28:20.2854976] [Debug  :   DawnLib] lethal_company:mummy__aug_twofour -> Mummy - Aug 24
[21:28:20.2854976] [Debug  :   DawnLib] lethal_company:swing_of_things__aug_twoseven -> Swing of things - Aug 27
[21:28:20.2854976] [Debug  :   DawnLib] lethal_company:autopilot__aug_threeone -> Autopilot - Aug 31
[21:28:20.2854976] [Debug  :   DawnLib] lethal_company:behind_the_wall__sep_four -> Behind The Wall - Sep 4
[21:28:20.2854976] [Debug  :   DawnLib] lethal_company:goodbye__sep_seven -> Goodbye - Sep 7
[21:28:20.2854976] [Debug  :   DawnLib] lethal_company:screams__sep_onethree -> Screams - Sep 13
[21:28:20.2854976] [Debug  :   DawnLib] lethal_company:golden_planet__sep_ -> Golden planet - Sep ??
[21:28:20.2854976] [Debug  :   DawnLib] lethal_company:idea__sep_oneeight -> Idea - Sep 18
[21:28:20.2854976] [Debug  :   DawnLib] lethal_company:nonsense__sep_twoseven -> Nonsense - Sep 27
[21:28:20.2854976] [Debug  :   DawnLib] lethal_company:hiding__sep_threezero -> Hiding - Sep 30
[21:28:20.2854976] [Debug  :   DawnLib] lethal_company:desmond__oct_seven -> Desmond - Oct 7
[21:28:20.2854976] [Debug  :   DawnLib] lethal_company:real_job__oct_one -> Real Job - Oct 1
[21:28:20.2854976] [Debug  :   DawnLib] lethal_company:team_synergy__oct_onezero -> Team Synergy - Oct 10
[21:28:20.2854976] [Debug  :   DawnLib] lethal_company:letter_of_resignation__oct_onethree -> Letter Of Resignation - Oct 13
[21:28:20.2854976] [Debug  :   DawnLib] lethal_company:work__oct_onefive -> Work - Oct 15
[21:28:20.2854976] [Debug  :   DawnLib] unknown_lib:breakthrough_and_breakdown__mar_seven,_oneninesixthree -> Breakthrough and Breakdown - Mar 7, 1963
[21:28:20.2854976] [Debug  :   DawnLib] unknown_lib:heat_and_hallucinations__sep_twothree -> Heat and Hallucinations - Sep 23
[21:28:20.2854976] [Debug  :   DawnLib] Registry 'Weathers' (DawnWeatherEffectInfo) contains '6' entries.
[21:28:20.2854976] [Debug  :   DawnLib] lethal_company:rolling_ground_fog -> rolling ground fog
[21:28:20.2854976] [Debug  :   DawnLib] lethal_company:rainy -> rainy
[21:28:20.2854976] [Debug  :   DawnLib] lethal_company:stormy -> stormy
[21:28:20.2854976] [Debug  :   DawnLib] lethal_company:foggy -> foggy
[21:28:20.2854976] [Debug  :   DawnLib] lethal_company:flooded -> flooded
[21:28:20.2854976] [Debug  :   DawnLib] lethal_company:eclipsed -> eclipsed
[21:28:20.3096899] [Info   :qwbarch.Mirage] This configuration will be synced with clients: {
  "enemies": [
    "Baboon hawk",
    "Bunker Spider",
    "Centipede",
    "Clay Surgeon",
    "Flowerman",
    "Hoarding bug",
    "IrisMaskVariant",
    "Masked",
    "MouthDog",
    "Puffer",
    "RollingGiant",
    "Spring"
  ],
  "totalItemWeights": 31,
  "storeItemWeights": {
    "Extension ladder": 1,
    "Pro-flashlight": 10,
    "Shovel": 15,
    "Spray paint": 1,
    "Stun grenade": 1,
    "Walkie-talkie": 3
  },
  "disabledScrapItems": [
    "Apparatus"
  ],
  "maskedMimicChance": 100,
  "nonMaskedMimicChance": 100,
  "minimumDelayMasked": 3000,
  "maximumDelayMasked": 12000,
  "minimumDelayNonMasked": 5000,
  "maximumDelayNonMasked": 12000,
  "maskedItemSpawnChance": 50,
  "storeItemRollChance": 30,
  "maskedDropStoreItemOnDeath": 50,
  "maskedDropScrapItemOnDeath": 100,
  "emitFlashlightChance": 100,
  "scrapValueMultiplier": 1.0,
  "enableMimicVoiceWhileAlive": true,
  "enableRecordVoiceWhileDead": true,
  "enableArmsOut": false,
  "enableMaskTexture": false,
  "enableRadarSpin": false,
  "mimicVoiceWhileHiding": false,
  "copyMaskedVisuals": true,
  "enablePlayerNames": true
}
[21:28:20.3135527] [Debug  :ainavt.lc.lethalconfig] Injecting mod config menu into quick menu...
[21:28:20.3165574] [Warning: Unity Log] Parent of RectTransform is being set with parent property. Consider using the SetParent method instead, with the worldPositionStays argument set to false. This will retain local orientation and scale rather than world orientation and scale, which can prevent common UI scaling issues.
[21:28:20.3195555] [Warning:Buttery Fixes] allEnemiesList: Tried to cache reference to "Jester" more than once
[21:28:20.3195555] [Warning:Buttery Fixes] allEnemiesList: Tried to cache reference to "Jester" more than once
[21:28:20.3205567] [Warning:Buttery Fixes] allEnemiesList: Tried to cache reference to "IrisSpecificMask" more than once
[21:28:20.3205567] [Warning:Buttery Fixes] allEnemiesList: Tried to cache reference to "MannequinA" more than once
[21:28:20.3205567] [Warning:Buttery Fixes] allEnemiesList: Tried to cache reference to "MannequinB" more than once
[21:28:20.3205567] [Warning:Buttery Fixes] allEnemiesList: Tried to cache reference to "MannequinC" more than once
[21:28:20.3205567] [Warning:Buttery Fixes] allEnemiesList: Tried to cache reference to "ArachnoheadEnemy" more than once
[21:28:20.3205567] [Warning:Buttery Fixes] allEnemiesList: Tried to cache reference to "DarkSpringMan" more than once
[21:28:20.3205567] [Warning:Buttery Fixes] allEnemiesList: Tried to cache reference to "Elder" more than once
[21:28:20.3205567] [Warning:Buttery Fixes] allEnemiesList: Tried to cache reference to "FloatingGirlHead" more than once
[21:28:20.3205567] [Warning:Buttery Fixes] allEnemiesList: Tried to cache reference to "HangedGirlEnemy" more than once
[21:28:20.3205567] [Warning:Buttery Fixes] allEnemiesList: Tried to cache reference to "JPOGRaptor" more than once
[21:28:20.3205567] [Warning:Buttery Fixes] allEnemiesList: Tried to cache reference to "JPOGTrexObj" more than once
[21:28:20.3205567] [Warning:Buttery Fixes] allEnemiesList: Tried to cache reference to "Boomba" more than once
[21:28:20.3205567] [Warning:Buttery Fixes] allEnemiesList: Tried to cache reference to "CrystalRay" more than once
[21:28:20.3205567] [Warning:Buttery Fixes] allEnemiesList: Tried to cache reference to "CactusBudlingObj" more than once
[21:28:20.3205567] [Warning:Buttery Fixes] allEnemiesList: Tried to cache reference to "RabbitMagicianObj" more than once
[21:28:20.3205567] [Warning:Buttery Fixes] allEnemiesList: Tried to cache reference to "PeaceKeeperObj" more than once
[21:28:20.3205567] [Warning:Buttery Fixes] allEnemiesList: Tried to cache reference to "ManorLordObj" more than once
[21:28:20.3205567] [Warning:Buttery Fixes] allEnemiesList: Tried to cache reference to "JanitorObj" more than once
[21:28:20.3205567] [Warning:Buttery Fixes] allEnemiesList: Tried to cache reference to "DriftwoodMenaceObj" more than once
[21:28:20.3205567] [Warning:Buttery Fixes] allEnemiesList: Tried to cache reference to "NancyObj" more than once
[21:28:20.3205567] [Warning:Buttery Fixes] allEnemiesList: Tried to cache reference to "CutieflyObj" more than once
[21:28:20.3205567] [Warning:Buttery Fixes] allEnemiesList: Tried to cache reference to "MonarchObj" more than once
[21:28:20.3205567] [Warning:Buttery Fixes] allEnemiesList: Tried to cache reference to "MistressObj" more than once
[21:28:20.3205567] [Warning:Buttery Fixes] allEnemiesList: Tried to cache reference to "RedwoodTitanObj" more than once
[21:28:20.3205567] [Warning:Buttery Fixes] allEnemiesList: Tried to cache reference to "SnailCatEnemyObj" more than once
[21:28:20.3205567] [Warning:Buttery Fixes] allEnemiesList: Tried to cache reference to "DuckObj" more than once
[21:28:20.3205567] [Warning:Buttery Fixes] allEnemiesList: Tried to cache reference to "TransporterObj" more than once
[21:28:20.3205567] [Warning:Buttery Fixes] allEnemiesList: Tried to cache reference to "DebtCollectorObj" more than once
[21:28:20.3205567] [Warning:Buttery Fixes] allEnemiesList: Tried to cache reference to "GuardsmanObj" more than once
[21:28:20.3205567] [Warning:Buttery Fixes] allEnemiesList: Tried to cache reference to "IrisSpecificMask" more than once
[21:28:20.3205567] [Warning:Buttery Fixes] allEnemiesList: Tried to cache reference to "MannequinA" more than once
[21:28:20.3205567] [Warning:Buttery Fixes] allEnemiesList: Tried to cache reference to "MannequinB" more than once
[21:28:20.3205567] [Warning:Buttery Fixes] allEnemiesList: Tried to cache reference to "MannequinC" more than once
[21:28:20.3205567] [Warning:Buttery Fixes] allEnemiesList: Tried to cache reference to "ArachnoheadEnemy" more than once
[21:28:20.3205567] [Warning:Buttery Fixes] allEnemiesList: Tried to cache reference to "DarkSpringMan" more than once
[21:28:20.3205567] [Warning:Buttery Fixes] allEnemiesList: Tried to cache reference to "Elder" more than once
[21:28:20.3205567] [Warning:Buttery Fixes] allEnemiesList: Tried to cache reference to "FloatingGirlHead" more than once
[21:28:20.3205567] [Warning:Buttery Fixes] allEnemiesList: Tried to cache reference to "HangedGirlEnemy" more than once
[21:28:20.3205567] [Warning:Buttery Fixes] allEnemiesList: Tried to cache reference to "JPOGRaptor" more than once
[21:28:20.3205567] [Warning:Buttery Fixes] allEnemiesList: Tried to cache reference to "JPOGTrexObj" more than once
[21:28:20.3205567] [Warning:Buttery Fixes] allEnemiesList: Tried to cache reference to "Boomba" more than once
[21:28:20.3205567] [Warning:Buttery Fixes] allEnemiesList: Tried to cache reference to "CrystalRay" more than once
[21:28:20.3205567] [Warning:Buttery Fixes] allEnemiesList: Tried to cache reference to "CactusBudlingObj" more than once
[21:28:20.3205567] [Warning:Buttery Fixes] allEnemiesList: Tried to cache reference to "RabbitMagicianObj" more than once
[21:28:20.3205567] [Warning:Buttery Fixes] allEnemiesList: Tried to cache reference to "PeaceKeeperObj" more than once
[21:28:20.3205567] [Warning:Buttery Fixes] allEnemiesList: Tried to cache reference to "ManorLordObj" more than once
[21:28:20.3205567] [Warning:Buttery Fixes] allEnemiesList: Tried to cache reference to "JanitorObj" more than once
[21:28:20.3205567] [Warning:Buttery Fixes] allEnemiesList: Tried to cache reference to "DriftwoodMenaceObj" more than once
[21:28:20.3205567] [Warning:Buttery Fixes] allEnemiesList: Tried to cache reference to "NancyObj" more than once
[21:28:20.3205567] [Warning:Buttery Fixes] allEnemiesList: Tried to cache reference to "CutieflyObj" more than once
[21:28:20.3205567] [Warning:Buttery Fixes] allEnemiesList: Tried to cache reference to "MonarchObj" more than once
[21:28:20.3205567] [Warning:Buttery Fixes] allEnemiesList: Tried to cache reference to "MistressObj" more than once
[21:28:20.3205567] [Warning:Buttery Fixes] allEnemiesList: Tried to cache reference to "RedwoodTitanObj" more than once
[21:28:20.3205567] [Warning:Buttery Fixes] allEnemiesList: Tried to cache reference to "SnailCatEnemyObj" more than once
[21:28:20.3205567] [Warning:Buttery Fixes] allEnemiesList: Tried to cache reference to "DuckObj" more than once
[21:28:20.3205567] [Warning:Buttery Fixes] allEnemiesList: Tried to cache reference to "TransporterObj" more than once
[21:28:20.3205567] [Warning:Buttery Fixes] allEnemiesList: Tried to cache reference to "DebtCollectorObj" more than once
[21:28:20.3205567] [Warning:Buttery Fixes] allEnemiesList: Tried to cache reference to "GuardsmanObj" more than once
[21:28:20.3205567] [Debug  :Buttery Fixes] Crawler: Fix radar appearance
[21:28:20.3215569] [Debug  :Buttery Fixes] Blob: Don't "die" when crushed by spike trap
[21:28:20.3215569] [Debug  :Buttery Fixes] Spring: Fix radar appearance
[21:28:20.3215569] [Debug  :Buttery Fixes] Butler: Fixed LOD fade for "MeshContainer"
[21:28:20.3215569] [Debug  :Buttery Fixes] Conductive: Maneater (False)
[21:28:20.3215569] [Debug  :Buttery Fixes] Aloe: Fixed LOD fade for "Body"
[21:28:20.3215569] [Debug  :Buttery Fixes] MouthDog: Fixed LOD fade for "MouthDogModel"
[21:28:20.3215569] [Debug  :Buttery Fixes] Earth Leviathan: Don't get eaten by other worms
[21:28:20.3215569] [Debug  :Buttery Fixes] ForestGiant: Rename scan node
[21:28:20.3215569] [Debug  :Buttery Fixes] Baboon hawk: Fixed LOD fade for "BaboonBirdModel"
[21:28:20.3215569] [Debug  :Buttery Fixes] RadMech: Scan on both sides
[21:28:20.3300697] [Debug  :Enemy Sound Fixes] Fix bracken stun sound
[21:28:20.3310695] [Debug  :Enemy Sound Fixes] Cached generic damage sound
[21:28:20.3310695] [Debug  :Enemy Sound Fixes] Remove thunder sound from thumper
[21:28:20.3310695] [Debug  :Enemy Sound Fixes] Loop snare flea walking and clinging
[21:28:20.3310695] [Debug  :Enemy Sound Fixes] Fix maneater clicking volume
[21:28:20.3310695] [Debug  :Enemy Sound Fixes] Adjust cadaver vent sounds
[21:28:20.3310695] [Debug  :Enemy Sound Fixes] Fix forest giant global audio volume
[21:28:20.3310695] [Debug  :Enemy Sound Fixes] Overwritten missing forest giant hit sound
[21:28:20.3310695] [Debug  :Enemy Sound Fixes] Fix forest giant burning volume fade
[21:28:20.3310695] [Debug  :Enemy Sound Fixes] Fix sapsucker death poof
[21:28:20.3310695] [Debug  :Enemy Sound Fixes] Overwritten missing eyeless dog hit sound
[21:28:20.3310695] [Debug  :Enemy Sound Fixes] Overwritten missing giant sapsucker hit sound
[21:28:20.3649090] [Debug  :UniversalRadar] Config processing complete (0.02478027s)
[21:28:20.4029412] [Error  : Unity Log] ArgumentException: Cannot use whitespace characters at start or end of section and key names
Parameter name: key
Stack trace:
LethalPerformance.Patcher.Patches.Patch_ConfigDefinition.CheckInvalidConfigCharsOptimized (System.String value, System.String name) (at /_/Patches/Patch_ConfigDefinition.cs:47)
(wrapper dynamic-method) BepInEx.Configuration.ConfigDefinition.DMD<BepInEx.Configuration.ConfigDefinition::CheckInvalidConfigChars>(string,string)
BepInEx.Configuration.ConfigDefinition..ctor (System.String section, System.String key) (at <d1b9206986c241dcad96bb21eee55a97>:IL_0011)
BepInEx.Configuration.ConfigFile.Bind[T] (System.String section, System.String key, T defaultValue, System.String description) (at <d1b9206986c241dcad96bb21eee55a97>:IL_0000)
SpectateEnemy.SpectateEnemies.PopulateSettings () (at <6a0cd69b1fb8434abb8f61ea4f46ad20>:IL_0076)
SpectateEnemy.Patches.QuickMenuManager_Patches.Postfix () (at <6a0cd69b1fb8434abb8f61ea4f46ad20>:IL_0023)
(wrapper dynamic-method) QuickMenuManager.DMD<QuickMenuManager::Start>(QuickMenuManager)
(wrapper dynamic-method) MonoMod.Utils.DynamicMethodDefinition.Trampoline<QuickMenuManager::Start>?-934542296(QuickMenuManager)
Dawn.EnemyRegistrationHandler.AddEnemiesToDebugList (On.QuickMenuManager+orig_Start orig, QuickMenuManager self) (at ./src/API/Enemies/.EnemyRegistrationHandler.cs:273)
(wrapper dynamic-method) MonoMod.Utils.DynamicMethodDefinition.Hook<QuickMenuManager::Start>?1450569824(QuickMenuManager)
(wrapper dynamic-method) MonoMod.Utils.DynamicMethodDefinition.Trampoline<QuickMenuManager::Start>?-1850409146(QuickMenuManager)
Dawn.Internal.DebugPatches.AddDebugFixes (On.QuickMenuManager+orig_Start orig, QuickMenuManager self) (at ./src/Internal/Patches/DebugPatches.cs:34)
(wrapper dynamic-method) MonoMod.Utils.DynamicMethodDefinition.Hook<QuickMenuManager::Start>?1911017212(QuickMenuManager)
(wrapper dynamic-method) MonoMod.Utils.DynamicMethodDefinition.Trampoline<QuickMenuManager::Start>?1805292174(QuickMenuManager)
LethalLib.Modules.Enemies.QuickMenuManager_Start (On.QuickMenuManager+orig_Start orig, QuickMenuManager self) (at ./Modules/Enemies.cs:58)
(wrapper dynamic-method) MonoMod.Utils.DynamicMethodDefinition.Hook<QuickMenuManager::Start>?-1415056892(QuickMenuManager)

[21:28:20.4071451] [Info   :Jordo.NeedyCats] Added NeedyCats to all levels.
[21:28:20.4081444] [Message:Rolling Giant] [HandleSpawnScrap] Adding scrap to Vow:12,March:12,Rend:12,Dine:12,Offense:12,Titan:12
[21:28:20.4101438] [Message:Rolling Giant] Added giant poster to 56 Vow with chance of 12
[21:28:20.4101438] [Message:Rolling Giant] Added giant poster to 61 March with chance of 12
[21:28:20.4101438] [Message:Rolling Giant] Added giant poster to 85 Rend with chance of 12
[21:28:20.4101438] [Message:Rolling Giant] Added giant poster to 7 Dine with chance of 12
[21:28:20.4101438] [Message:Rolling Giant] Added giant poster to 21 Offense with chance of 12
[21:28:20.4101438] [Message:Rolling Giant] Added giant poster to 8 Titan with chance of 12
[21:28:20.4101438] [Message:Rolling Giant] [HandleSpawnInSelection] Adding enemies to Vow:17,March:20,Rend:54,Dine:65,Offense:20,Titan:35,Experimentation:12,Assurance:10
[21:28:20.4101438] [Message:Rolling Giant] Added RollingGiant to 41 Experimentation with chance of 12 (inside)
[21:28:20.4101438] [Message:Rolling Giant] Added RollingGiant to 220 Assurance with chance of 10 (inside)
[21:28:20.4101438] [Message:Rolling Giant] Added RollingGiant to 56 Vow with chance of 17 (inside)
[21:28:20.4101438] [Message:Rolling Giant] Added RollingGiant to 61 March with chance of 20 (inside)
[21:28:20.4101438] [Message:Rolling Giant] Added RollingGiant to 85 Rend with chance of 54 (inside)
[21:28:20.4101438] [Message:Rolling Giant] Added RollingGiant to 7 Dine with chance of 65 (inside)
[21:28:20.4101438] [Message:Rolling Giant] Added RollingGiant to 21 Offense with chance of 20 (inside)
[21:28:20.4101438] [Message:Rolling Giant] Added RollingGiant to 8 Titan with chance of 35 (inside)
[21:28:20.4182517] [Info   : LethalHUD] Cached vanilla scanline texture.
[21:28:20.4182517] [Info   : LethalHUD] Cached vanilla scannode sprites.
[21:28:20.4237566] [Debug  : LethalHUD] ScanTexture pixel count: 65536
[21:28:20.4257605] [Debug  : LethalHUD] ScanTexture pixel count: 65536
[21:28:20.4543113] [Info   :MoreCompany] Setting initial volume for 0 to 16
[21:28:20.4543113] [Info   :MoreCompany] Setting initial volume for 1 to 16
[21:28:20.4543113] [Info   :MoreCompany] Setting initial volume for 2 to 16
[21:28:20.4543113] [Info   :MoreCompany] Setting initial volume for 3 to 16
[21:28:20.4786881] [Info   : Unity Log] planet mold states length: 31
[21:28:20.4796882] [Debug  :ReXuvination] Optimised Collider layers in OutOfBoundsTrigger for Object: OutOfBounds (UnityEngine.GameObject)
[21:28:20.4796882] [Debug  :ReXuvination] Optimised Collider layers in OutOfBoundsTrigger for Object: OutOfBoundsTrigger1 (UnityEngine.GameObject)
[21:28:20.4806906] [Debug  :Matty's Fixes] Vanilla/clipboard(115) needs to compute vertical offset - scheduled
[21:28:20.4806906] [Error  : Unity Log] Coroutine couldn't be started because the the game object 'ClipboardManual' is inactive!
[21:28:20.4806906] [Info   : LethalMin] Creating PikminItemNode for ClipboardManual at (9.67, 1.44, -13.51)...
[21:28:20.4867027] [Debug  :Matty's Fixes] Vanilla/Sticky note(116) needs to compute vertical offset - scheduled
[21:28:20.4867027] [Error  : Unity Log] Coroutine couldn't be started because the the game object 'StickyNoteItem' is inactive!
[21:28:20.4867027] [Info   : LethalMin] Creating PikminItemNode for StickyNoteItem at (8.79, 2.25, -17.46)...
[21:28:20.4877103] [Debug  :ReXuvination] Optimised Collider layers in InteractTrigger for Object: LadderTrigger (UnityEngine.GameObject)
[21:28:20.4887106] [Info   :ReservedItemSlotCore-2.0.41] Initializing ReservedPlayerData for player: Player (4)
[21:28:20.4897061] [Warning: Unity Log] Failed to create agent because there is no valid NavMesh
[21:28:20.4907057] [Info   :ReservedItemSlotCore-2.0.41] Initializing ReservedPlayerData for player: Player (5)
[21:28:20.4907057] [Warning: Unity Log] Failed to create agent because there is no valid NavMesh
[21:28:20.4917070] [Info   :ReservedItemSlotCore-2.0.41] Initializing ReservedPlayerData for player: Player (6)
[21:28:20.4932106] [Warning: Unity Log] Failed to create agent because there is no valid NavMesh
[21:28:20.4932106] [Info   :ReservedItemSlotCore-2.0.41] Initializing ReservedPlayerData for player: Player (7)
[21:28:20.4942162] [Warning: Unity Log] Failed to create agent because there is no valid NavMesh
[21:28:20.4952152] [Info   :ReservedItemSlotCore-2.0.41] Initializing ReservedPlayerData for player: Player (8)
[21:28:20.4962154] [Warning: Unity Log] Failed to create agent because there is no valid NavMesh
[21:28:20.4962154] [Info   :ReservedItemSlotCore-2.0.41] Initializing ReservedPlayerData for player: Player (9)
[21:28:20.4972167] [Warning: Unity Log] Failed to create agent because there is no valid NavMesh
[21:28:20.4982161] [Info   :ReservedItemSlotCore-2.0.41] Initializing ReservedPlayerData for player: Player (10)
[21:28:20.4992150] [Warning: Unity Log] Failed to create agent because there is no valid NavMesh
[21:28:20.4992150] [Info   :ReservedItemSlotCore-2.0.41] Initializing ReservedPlayerData for player: Player (11)
[21:28:20.5002159] [Warning: Unity Log] Failed to create agent because there is no valid NavMesh
[21:28:20.5012161] [Info   :ReservedItemSlotCore-2.0.41] Initializing ReservedPlayerData for player: Player (12)
[21:28:20.5022161] [Warning: Unity Log] Failed to create agent because there is no valid NavMesh
[21:28:20.5022161] [Info   :ReservedItemSlotCore-2.0.41] Initializing ReservedPlayerData for player: Player (13)
[21:28:20.5037203] [Warning: Unity Log] Failed to create agent because there is no valid NavMesh
[21:28:20.5037203] [Info   :ReservedItemSlotCore-2.0.41] Initializing ReservedPlayerData for player: Player (14)
[21:28:20.5047225] [Warning: Unity Log] Failed to create agent because there is no valid NavMesh
[21:28:20.5057217] [Info   :ReservedItemSlotCore-2.0.41] Initializing ReservedPlayerData for player: Player (15)
[21:28:20.5057217] [Warning: Unity Log] Failed to create agent because there is no valid NavMesh
[21:28:20.5097242] [Warning: Unity Log] BoxCollider does not support negative scale or size.
The effective box size has been forced positive and is likely to give unexpected collision geometry.
If you absolutely need to use negative scaling you can use the convex MeshCollider. Scene hierarchy path "Environment/HangarShip/LightSwitchContainer/PlacementCollider"
[21:28:20.5097242] [Warning: Unity Log] BoxCollider does not support negative scale or size.
The effective box size has been forced positive and is likely to give unexpected collision geometry.
If you absolutely need to use negative scaling you can use the convex MeshCollider. Scene hierarchy path "Environment/HangarShip/Cube"
[21:28:20.5097242] [Warning: Unity Log] BoxCollider does not support negative scale or size.
The effective box size has been forced positive and is likely to give unexpected collision geometry.
If you absolutely need to use negative scaling you can use the convex MeshCollider. Scene hierarchy path "Environment/HangarShip/ShipBottomColliders/Cube (1)"
[21:28:20.5097242] [Warning: Unity Log] BoxCollider does not support negative scale or size.
The effective box size has been forced positive and is likely to give unexpected collision geometry.
If you absolutely need to use negative scaling you can use the convex MeshCollider. Scene hierarchy path "Environment/HangarShip/ControlDesk.001"
[21:28:20.5097242] [Warning: Unity Log] BoxCollider does not support negative scale or size.
The effective box size has been forced positive and is likely to give unexpected collision geometry.
If you absolutely need to use negative scaling you can use the convex MeshCollider. Scene hierarchy path "Environment/HangarShip/ShipBottomColliders/Cube (3)"
[21:28:20.5097242] [Warning: Unity Log] BoxCollider does not support negative scale or size.
The effective box size has been forced positive and is likely to give unexpected collision geometry.
If you absolutely need to use negative scaling you can use the convex MeshCollider. Scene hierarchy path "Environment/HangarShip/ShipBottomColliders/Cube (7)"
[21:28:20.5097242] [Warning: Unity Log] BoxCollider does not support negative scale or size.
The effective box size has been forced positive and is likely to give unexpected collision geometry.
If you absolutely need to use negative scaling you can use the convex MeshCollider. Scene hierarchy path "Environment/HangarShip/StorageCloset/Cube.000/Cube"
[21:28:20.5097242] [Warning: Unity Log] BoxCollider does not support negative scale or size.
The effective box size has been forced positive and is likely to give unexpected collision geometry.
If you absolutely need to use negative scaling you can use the convex MeshCollider. Scene hierarchy path "Environment/HangarShip/ShipBottomColliders/Cube (6)"
[21:28:20.5097242] [Warning: Unity Log] BoxCollider does not support negative scale or size.
The effective box size has been forced positive and is likely to give unexpected collision geometry.
If you absolutely need to use negative scaling you can use the convex MeshCollider. Scene hierarchy path "Environment/HangarShip/ShipBottomColliders/Cube (8)"
[21:28:20.5097242] [Warning: Unity Log] BoxCollider does not support negative scale or size.
The effective box size has been forced positive and is likely to give unexpected collision geometry.
If you absolutely need to use negative scaling you can use the convex MeshCollider. Scene hierarchy path "Environment/HangarShip/ShipBottomColliders/Cube (5)"
[21:28:20.5097242] [Warning: Unity Log] BoxCollider does not support negative scale or size.
The effective box size has been forced positive and is likely to give unexpected collision geometry.
If you absolutely need to use negative scaling you can use the convex MeshCollider. Scene hierarchy path "Environment/HangarShip/ShipBottomColliders/Cube (4)"
[21:28:20.5207444] [Warning:   Coroner] Could not access dying player: Collider was not a player!
[21:28:20.5217458] [Warning:   Coroner] Could not access dying player: Index not assigned!
[21:28:20.5217458] [Debug  :   Coroner] Handling Out of Bounds death...
[21:28:20.5217458] [Warning:   Coroner] Could not access dying player: Collider was not a player!
[21:28:20.5217458] [Warning:   Coroner] Could not access dying player: Index not assigned!
[21:28:20.5217458] [Debug  :   Coroner] Handling Out of Bounds death...
[21:28:20.5297635] [Debug  :ReXuvination] Optimised Collider layers in InteractTrigger for Object: Trigger (UnityEngine.GameObject)
[21:28:20.5297635] [Debug  :ReXuvination] Optimised Collider layers in InteractTrigger for Object: Trigger (UnityEngine.GameObject)
[21:28:20.5297635] [Debug  :ReXuvination] Optimised Collider layers in InteractTrigger for Object: InteractTrigger (UnityEngine.GameObject)
[21:28:20.5463014] [Info   : LethalMin] ShipOnion: restored 53 pikmin from save after storage retrieval.
[21:28:20.5463014] [Debug  :ReXuvination] Optimised Collider layers in InteractTrigger for Object: LeverContainer (UnityEngine.GameObject)
[21:28:20.5463014] [Debug  :ReXuvination] Optimised Collider layers in InteractTrigger for Object: ChangableSuit(Clone) (UnityEngine.GameObject)
[21:28:20.5482990] [Debug  :ReXuvination] Optimised Collider layers in InteractTrigger for Object: ChangableSuit(Clone) (UnityEngine.GameObject)
[21:28:20.5482990] [Debug  :ReXuvination] Optimised Collider layers in InteractTrigger for Object: ChangableSuit(Clone) (UnityEngine.GameObject)
[21:28:20.5482990] [Debug  :ReXuvination] Optimised Collider layers in InteractTrigger for Object: ChangableSuit(Clone) (UnityEngine.GameObject)
[21:28:20.5482990] [Debug  :ReXuvination] Optimised Collider layers in InteractTrigger for Object: ChangableSuit(Clone) (UnityEngine.GameObject)
[21:28:20.5482990] [Debug  :ReXuvination] Optimised Collider layers in InteractTrigger for Object: ChangableSuit(Clone) (UnityEngine.GameObject)
[21:28:20.5482990] [Debug  :ReXuvination] Optimised Collider layers in InteractTrigger for Object: ChangableSuit(Clone) (UnityEngine.GameObject)
[21:28:20.5482990] [Debug  :ReXuvination] Optimised Collider layers in InteractTrigger for Object: ChangableSuit(Clone) (UnityEngine.GameObject)
[21:28:20.5482990] [Debug  :ReXuvination] Optimised Collider layers in InteractTrigger for Object: ChangableSuit(Clone) (UnityEngine.GameObject)
[21:28:20.5482990] [Debug  :ReXuvination] Optimised Collider layers in InteractTrigger for Object: ChangableSuit(Clone) (UnityEngine.GameObject)
[21:28:20.5482990] [Debug  :ReXuvination] Optimised Collider layers in InteractTrigger for Object: ChangableSuit(Clone) (UnityEngine.GameObject)
[21:28:20.5482990] [Debug  :ReXuvination] Optimised Collider layers in InteractTrigger for Object: ChangableSuit(Clone) (UnityEngine.GameObject)
[21:28:20.5482990] [Debug  :ReXuvination] Optimised Collider layers in InteractTrigger for Object: ChangableSuit(Clone) (UnityEngine.GameObject)
[21:28:20.5482990] [Debug  :ReXuvination] Optimised Collider layers in InteractTrigger for Object: ChangableSuit(Clone) (UnityEngine.GameObject)
[21:28:20.5482990] [Debug  :ReXuvination] Optimised Collider layers in InteractTrigger for Object: ChangableSuit(Clone) (UnityEngine.GameObject)
[21:28:20.5482990] [Debug  :ReXuvination] Optimised Collider layers in InteractTrigger for Object: ChangableSuit(Clone) (UnityEngine.GameObject)
[21:28:20.5482990] [Debug  :ReXuvination] Optimised Collider layers in InteractTrigger for Object: ChangableSuit(Clone) (UnityEngine.GameObject)
[21:28:20.5482990] [Debug  :ReXuvination] Optimised Collider layers in InteractTrigger for Object: ChangableSuit(Clone) (UnityEngine.GameObject)
[21:28:20.5482990] [Debug  :ReXuvination] Optimised Collider layers in InteractTrigger for Object: ChangableSuit(Clone) (UnityEngine.GameObject)
[21:28:20.5482990] [Debug  :ReXuvination] Optimised Collider layers in InteractTrigger for Object: ChangableSuit(Clone) (UnityEngine.GameObject)
[21:28:20.5482990] [Debug  :ReXuvination] Optimised Collider layers in InteractTrigger for Object: ChangableSuit(Clone) (UnityEngine.GameObject)
[21:28:20.5482990] [Debug  :ReXuvination] Optimised Collider layers in InteractTrigger for Object: ChangableSuit(Clone) (UnityEngine.GameObject)
[21:28:20.5482990] [Debug  :ReXuvination] Optimised Collider layers in InteractTrigger for Object: ChangableSuit(Clone) (UnityEngine.GameObject)
[21:28:20.5492989] [Debug  :ReXuvination] Optimised Collider layers in InteractTrigger for Object: ChangableSuit(Clone) (UnityEngine.GameObject)
[21:28:20.5492989] [Debug  :ReXuvination] Optimised Collider layers in InteractTrigger for Object: ChangableSuit(Clone) (UnityEngine.GameObject)
[21:28:20.5492989] [Debug  :ReXuvination] Optimised Collider layers in InteractTrigger for Object: ChangableSuit(Clone) (UnityEngine.GameObject)
[21:28:20.5492989] [Debug  :ReXuvination] Optimised Collider layers in InteractTrigger for Object: ChangableSuit(Clone) (UnityEngine.GameObject)
[21:28:20.5492989] [Debug  :ReXuvination] Optimised Collider layers in InteractTrigger for Object: ChangableSuit(Clone) (UnityEngine.GameObject)
[21:28:20.5492989] [Debug  :ReXuvination] Optimised Collider layers in InteractTrigger for Object: ChangableSuit(Clone) (UnityEngine.GameObject)
[21:28:20.5492989] [Debug  :ReXuvination] Optimised Collider layers in InteractTrigger for Object: ChangableSuit(Clone) (UnityEngine.GameObject)
[21:28:20.5492989] [Debug  :ReXuvination] Optimised Collider layers in InteractTrigger for Object: ChangableSuit(Clone) (UnityEngine.GameObject)
[21:28:20.5492989] [Debug  :ReXuvination] Optimised Collider layers in InteractTrigger for Object: ChangableSuit(Clone) (UnityEngine.GameObject)
[21:28:20.5492989] [Debug  :ReXuvination] Optimised Collider layers in InteractTrigger for Object: ChangableSuit(Clone) (UnityEngine.GameObject)
[21:28:20.5492989] [Debug  :ReXuvination] Optimised Collider layers in InteractTrigger for Object: ChangableSuit(Clone) (UnityEngine.GameObject)
[21:28:20.5492989] [Debug  :ReXuvination] Optimised Collider layers in InteractTrigger for Object: ChangableSuit(Clone) (UnityEngine.GameObject)
[21:28:20.5492989] [Debug  :ReXuvination] Optimised Collider layers in InteractTrigger for Object: ChangableSuit(Clone) (UnityEngine.GameObject)
[21:28:20.5492989] [Debug  :ReXuvination] Optimised Collider layers in InteractTrigger for Object: ChangableSuit(Clone) (UnityEngine.GameObject)
[21:28:20.5492989] [Debug  :ReXuvination] Optimised Collider layers in InteractTrigger for Object: ChangableSuit(Clone) (UnityEngine.GameObject)
[21:28:20.5492989] [Debug  :ReXuvination] Optimised Collider layers in InteractTrigger for Object: ChangableSuit(Clone) (UnityEngine.GameObject)
[21:28:20.5492989] [Debug  :ReXuvination] Optimised Collider layers in InteractTrigger for Object: ChangableSuit(Clone) (UnityEngine.GameObject)
[21:28:20.5492989] [Debug  :ReXuvination] Optimised Collider layers in InteractTrigger for Object: ChangableSuit(Clone) (UnityEngine.GameObject)
[21:28:20.5492989] [Debug  :GeneralImprovements] KEEPING WeedKillerItem(Clone) IN PLACE
[21:28:20.5492989] [Debug  :Matty's Fixes] Vanilla/Weed killer(237) needs to compute vertical offset - scheduled
[21:28:20.5751144] [Debug  : LethalMin] Initializing PikminItem WeedKillerItem(Clone) with item WeedKillerItem(Clone) (True)
[21:28:20.5751144] [Debug  :GeneralImprovements] KEEPING ShovelItem(Clone) IN PLACE
[21:28:20.5751144] [Debug  :Matty's Fixes] Vanilla/Shovel(238) needs to compute vertical offset - scheduled
[21:28:20.5931311] [Debug  : LethalMin] Initializing PikminItem ShovelItem(Clone) with item ShovelItem(Clone) (True)
[21:28:20.5931311] [Debug  :GeneralImprovements] KEEPING FlashlightItem(Clone) IN PLACE
[21:28:20.5931311] [Debug  :Matty's Fixes] Vanilla/Pro-flashlight(239) needs to compute vertical offset - scheduled
[21:28:20.6116325] [Info   :MoreBattery] Applied battery multiplier of 2x to item: 'Pro-flashlight' (Original battery life: 300s -> New battery life: 600s)
[21:28:20.6116325] [Debug  : LethalMin] Initializing PikminItem FlashlightItem(Clone) with item FlashlightItem(Clone) (True)
[21:28:20.6116325] [Debug  :GeneralImprovements] KEEPING ShovelItem(Clone) IN PLACE
[21:28:20.6116325] [Debug  :Matty's Fixes] Vanilla/Shovel(240) needs to compute vertical offset - scheduled
[21:28:20.6299075] [Debug  : LethalMin] Initializing PikminItem ShovelItem(Clone) with item ShovelItem(Clone) (True)
[21:28:20.6299075] [Debug  :GeneralImprovements] KEEPING DollaBill(Clone) IN PLACE
[21:28:20.6299075] [Debug  :Matty's Fixes] LethalLevelLoader/CodeRebirth/Crisp Dollar Bill(241) needs to compute vertical offset - scheduled
[21:28:20.6471923] [Debug  : LethalMin] Initializing PikminItem DollaBill(Clone) with item DollaBill(Clone) (True)
[21:28:20.6481930] [Debug  :GeneralImprovements] KEEPING Key(Clone) IN PLACE
[21:28:20.6481930] [Debug  :Matty's Fixes] Vanilla/Key(242) needs to compute vertical offset - scheduled
[21:28:20.6649431] [Debug  : LethalMin] Initializing PikminItem Key(Clone) with item Key(Clone) (True)
[21:28:20.6659418] [Debug  :GeneralImprovements] KEEPING Key(Clone) IN PLACE
[21:28:20.6659418] [Debug  :Matty's Fixes] Vanilla/Key(243) needs to compute vertical offset - scheduled
[21:28:20.6842642] [Debug  : LethalMin] Initializing PikminItem Key(Clone) with item Key(Clone) (True)
[21:28:20.6842642] [Debug  :GeneralImprovements] KEEPING Key(Clone) IN PLACE
[21:28:20.6842642] [Debug  :Matty's Fixes] Vanilla/Key(244) needs to compute vertical offset - scheduled
[21:28:20.7032818] [Debug  : LethalMin] Initializing PikminItem Key(Clone) with item Key(Clone) (True)
[21:28:20.7032818] [Debug  :GeneralImprovements] KEEPING Key(Clone) IN PLACE
[21:28:20.7032818] [Debug  :Matty's Fixes] Vanilla/Key(245) needs to compute vertical offset - scheduled
[21:28:20.7193087] [Debug  : LethalMin] Initializing PikminItem Key(Clone) with item Key(Clone) (True)
[21:28:20.7203093] [Debug  :GeneralImprovements] KEEPING Key(Clone) IN PLACE
[21:28:20.7203093] [Debug  :Matty's Fixes] Vanilla/Key(246) needs to compute vertical offset - scheduled
[21:28:20.7369279] [Debug  : LethalMin] Initializing PikminItem Key(Clone) with item Key(Clone) (True)
[21:28:20.7369279] [Debug  :GeneralImprovements] KEEPING JetpackItem(Clone) IN PLACE
[21:28:20.7369279] [Debug  :Matty's Fixes] Vanilla/Jetpack(247) needs to compute vertical offset - scheduled
[21:28:20.7584692] [Debug  : LethalMin] Initializing PikminItem JetpackItem(Clone) with item JetpackItem(Clone) (True)
[21:28:20.7584692] [Debug  :GeneralImprovements] KEEPING SqueakytoyPrefab(Clone) IN PLACE
[21:28:20.7584692] [Debug  :Matty's Fixes] LethalLevelLoader/ImmersiveScraps/ISqueaky toy(248) needs to compute vertical offset - scheduled
[21:28:20.7775521] [Debug  : LethalMin] Initializing PikminItem SqueakytoyPrefab(Clone) with item SqueakytoyPrefab(Clone) (True)
[21:28:20.7775521] [Debug  :GeneralImprovements] KEEPING AnvilPrefab(Clone) IN PLACE
[21:28:20.7775521] [Debug  :Matty's Fixes] LethalLevelLoader/ImmersiveScraps/ImmersiveAnvil(249) needs to compute vertical offset - scheduled
[21:28:20.7940783] [Debug  : LethalMin] Initializing PikminItem AnvilPrefab(Clone) with item AnvilPrefab(Clone) (True)
[21:28:20.7950802] [Debug  :GeneralImprovements] KEEPING ControlPad(Clone) IN PLACE
[21:28:20.7950802] [Debug  :Matty's Fixes] Vanilla/Control pad(250) needs to compute vertical offset - scheduled
[21:28:20.8120987] [Debug  : LethalMin] Initializing PikminItem ControlPad(Clone) with item ControlPad(Clone) (True)
[21:28:20.8120987] [Debug  :GeneralImprovements] KEEPING ToimariPlush(Clone) IN PLACE
[21:28:20.8120987] [Debug  :Matty's Fixes] LethalLevelLoader/Lethalthings/Toimari Plush(251) needs to compute vertical offset - scheduled
[21:28:20.8288655] [Debug  : LethalMin] Initializing PikminItem ToimariPlush(Clone) with item ToimariPlush(Clone) (True)
[21:28:20.8288655] [Debug  :GeneralImprovements] KEEPING FireaxePrefab(Clone) IN PLACE
[21:28:20.8288655] [Debug  :Matty's Fixes] LethalLevelLoader/ImmersiveScraps/IFireAxe(252) needs to compute vertical offset - scheduled
[21:28:20.8460122] [Debug  : LethalMin] Initializing PikminItem FireaxePrefab(Clone) with item FireaxePrefab(Clone) (True)
[21:28:20.8470135] [Debug  :GeneralImprovements] KEEPING HammerPrefab(Clone) IN PLACE
[21:28:20.8470135] [Debug  :Matty's Fixes] LethalLevelLoader/ImmersiveScraps/ImmersiveHammer(253) needs to compute vertical offset - scheduled
[21:28:20.8630211] [Debug  : LethalMin] Initializing PikminItem HammerPrefab(Clone) with item HammerPrefab(Clone) (True)
[21:28:20.8640283] [Debug  :GeneralImprovements] KEEPING Clownhorn(Clone) IN PLACE
[21:28:20.8640283] [Debug  :Matty's Fixes] Vanilla/Clown horn(254) needs to compute vertical offset - scheduled
[21:28:20.8816387] [Debug  : LethalMin] Initializing PikminItem Clownhorn(Clone) with item Clownhorn(Clone) (True)
[21:28:20.9172314] [Debug  :ReXuvination] Optimised Collider layers in InteractTrigger for Object: trigger (UnityEngine.GameObject)
[21:28:20.9172314] [Debug  :ReXuvination] Optimised Collider layers in InteractTrigger for Object: trigger (UnityEngine.GameObject)
[21:28:20.9564573] [Message: LethalMin] Registered Raptor As Pikmin Enemy, Added (3) latch triggers
[21:28:20.9564573] [Message: LethalMin] Registered T-rex As Pikmin Enemy, Added (1) latch triggers
[21:28:20.9564573] [Message: LethalMin] Registered Boomba As Pikmin Enemy, Added (1) latch triggers
[21:28:20.9564573] [Message: LethalMin] Registered Crystal Ray As Pikmin Enemy, Added (1) latch triggers
[21:28:20.9564573] [Message: LethalMin] Registered Cactus Budling As Pikmin Enemy, Added (7) latch triggers
[21:28:20.9564573] [Message: LethalMin] Registered Rabbit Magician As Pikmin Enemy, Added (1) latch triggers
[21:28:20.9574578] [Message: LethalMin] Registered Peace Keeper As Pikmin Enemy, Added (9) latch triggers
[21:28:20.9574578] [Message: LethalMin] Registered Lord Of The Manor As Pikmin Enemy, Added (1) latch triggers
[21:28:20.9574578] [Message: LethalMin] Registered Janitor As Pikmin Enemy, Added (1) latch triggers
[21:28:20.9574578] [Message: LethalMin] Registered Driftwood Menace As Pikmin Enemy, Added (14) latch triggers
[21:28:20.9574578] [Message: LethalMin] Registered Nancy As Pikmin Enemy, Added (1) latch triggers
[21:28:20.9574578] [Message: LethalMin] Registered Monarch As Pikmin Enemy, Added (1) latch triggers
[21:28:20.9574578] [Message: LethalMin] Registered CutieFly As Pikmin Enemy, Added (1) latch triggers
[21:28:20.9574578] [Message: LethalMin] Registered Mistress As Pikmin Enemy, Added (0) latch triggers
[21:28:20.9574578] [Message: LethalMin] Registered Redwood Titan As Pikmin Enemy, Added (5) latch triggers
[21:28:20.9574578] [Message: LethalMin] Registered Real Enemy SnailCat As Pikmin Enemy, Added (1) latch triggers
[21:28:20.9574578] [Message: LethalMin] Registered Duck As Pikmin Enemy, Added (1) latch triggers
[21:28:20.9574578] [Message: LethalMin] Registered Transporter As Pikmin Enemy, Added (1) latch triggers
[21:28:20.9574578] [Message: LethalMin] Registered Debt Collector As Pikmin Enemy, Added (9) latch triggers
[21:28:20.9574578] [Message: LethalMin] Registered Guardsman As Pikmin Enemy, Added (15) latch triggers
[21:28:20.9574578] [Message: LethalMin] Registered Siren Head As Pikmin Enemy, Added (1) latch triggers
[21:28:20.9574578] [Message: LethalMin] Registered NutSlayer As Pikmin Enemy, Added (1) latch triggers
[21:28:20.9574578] [Message: LethalMin] Registered kamikazieBugs As Pikmin Enemy, Added (2) latch triggers
[21:28:20.9584611] [Message: LethalMin] Registered Anti Coil-Head As Pikmin Enemy, Added (1) latch triggers
[21:28:20.9584611] [Message: LethalMin] Registered Locker As Pikmin Enemy, Added (1) latch triggers
[21:28:20.9584611] [Message: LethalMin] Registered ImmortalSnail As Pikmin Enemy, Added (1) latch triggers
[21:28:20.9584611] [Message: LethalMin] Registered Football As Pikmin Enemy, Added (1) latch triggers
[21:28:20.9584611] [Message: LethalMin] Registered Herobrine As Pikmin Enemy, Added (1) latch triggers
[21:28:20.9584611] [Message: LethalMin] Registered BagpipeGhost As Pikmin Enemy, Added (1) latch triggers
[21:28:20.9584611] [Message: LethalMin] Registered HarpGhost As Pikmin Enemy, Added (1) latch triggers
[21:28:20.9584611] [Message: LethalMin] Registered EnforcerGhost As Pikmin Enemy, Added (1) latch triggers
[21:28:20.9584611] [Message: LethalMin] Registered RollingGiant As Pikmin Enemy, Added (1) latch triggers
[21:28:20.9584611] [Message: LethalMin] Registered RollingGiant As Pikmin Enemy, Added (1) latch triggers
[21:28:20.9584611] [Message: LethalMin] Registered RollingGiant As Pikmin Enemy, Added (1) latch triggers
[21:28:20.9584611] [Message: LethalMin] Registered Puffmin As Pikmin Enemy, Added (0) latch triggers
[21:28:20.9584611] [Message: LethalMin] Registered Shy guy As Pikmin Enemy, Added (1) latch triggers
[21:28:20.9584611] [Message: LethalMin] Registered SlendermanEnemy As Pikmin Enemy, Added (1) latch triggers
[21:28:20.9584611] [Message: LethalMin] Registered Cabinet As Pikmin Enemy, Added (1) latch triggers
[21:28:20.9584611] [Message: LethalMin] Registered IrisMaskVariant As Pikmin Enemy, Added (1) latch triggers
[21:28:20.9584611] [Message: LethalMin] Registered Dark Spring As Pikmin Enemy, Added (1) latch triggers
[21:28:20.9594603] [Message: LethalMin] Registered Floating head As Pikmin Enemy, Added (1) latch triggers
[21:28:20.9594603] [Message: LethalMin] Registered Arachnohead As Pikmin Enemy, Added (2) latch triggers
[21:28:20.9594603] [Message: LethalMin] Registered Emma As Pikmin Enemy, Added (1) latch triggers
[21:28:20.9594603] [Message: LethalMin] Registered Elder As Pikmin Enemy, Added (2) latch triggers
[21:28:20.9594603] [Message: LethalMin] Registered Broken Mannequin As Pikmin Enemy, Added (1) latch triggers
[21:28:20.9594603] [Message: LethalMin] Registered Headless Mannequin As Pikmin Enemy, Added (1) latch triggers
[21:28:20.9594603] [Message: LethalMin] Registered Mannequin As Pikmin Enemy, Added (1) latch triggers
[21:28:20.9594603] [Message: LethalMin] Registered Dark Spring As Pikmin Enemy, Added (1) latch triggers
[21:28:20.9594603] [Message: LethalMin] Registered Baboon hawk As Pikmin Enemy, Added (1) latch triggers
[21:28:20.9604580] [Message: LethalMin] Registered Blob As Pikmin Enemy, Added (9) latch triggers
[21:28:20.9604580] [Message: LethalMin] Registered Bush Wolf As Pikmin Enemy, Added (1) latch triggers
[21:28:20.9604580] [Message: LethalMin] Registered Butler As Pikmin Enemy, Added (1) latch triggers
[21:28:20.9604580] [Message: LethalMin] Registered Butler Bees As Pikmin Enemy, Added (1) latch triggers
[21:28:20.9604580] [Message: LethalMin] Registered Cadaver Bloom As Pikmin Enemy, Added (1) latch triggers
[21:28:20.9604580] [Message: LethalMin] Registered Cadaver Growths As Pikmin Enemy, Added (0) latch triggers
[21:28:20.9614603] [Message: LethalMin] Registered Maneater As Pikmin Enemy, Added (2) latch triggers
[21:28:20.9614603] [Message: LethalMin] Registered Centipede As Pikmin Enemy, Added (1) latch triggers
[21:28:20.9614603] [Message: LethalMin] Registered Clay Surgeon As Pikmin Enemy, Added (1) latch triggers
[21:28:20.9614603] [Message: LethalMin] Registered Crawler As Pikmin Enemy, Added (2) latch triggers
[21:28:20.9614603] [Message: LethalMin] Registered Docile Locust Bees As Pikmin Enemy, Added (0) latch triggers
[21:28:20.9614603] [Message: LethalMin] Registered Manticoil As Pikmin Enemy, Added (2) latch triggers
[21:28:20.9614603] [Message: LethalMin] Registered Tulip Snake As Pikmin Enemy, Added (1) latch triggers
[21:28:20.9614603] [Info   : LethalMin] Found RedLocustBee state: idle
[21:28:20.9614603] [Info   : LethalMin] Found RedLocustBee state: defending
[21:28:20.9614603] [Info   : LethalMin] Found RedLocustBee state: aggression
[21:28:20.9614603] [Info   : LethalMin] Added state: pikmin_defending to RedLocustBees enemy behaviour states index 3
[21:28:20.9614603] [Message: LethalMin] Registered Red Locust Bees As Pikmin Enemy, Added (1) latch triggers
[21:28:20.9614603] [Message: LethalMin] Registered Girl As Pikmin Enemy, Added (1) latch triggers
[21:28:20.9614603] [Message: LethalMin] Registered Flowerman As Pikmin Enemy, Added (1) latch triggers
[21:28:20.9614603] [Message: LethalMin] Registered ForestGiant As Pikmin Enemy, Added (2) latch triggers
[21:28:20.9614603] [Message: LethalMin] Registered GiantKiwi As Pikmin Enemy, Added (1) latch triggers
[21:28:20.9629658] [Message: LethalMin] Registered Hoarding bug As Pikmin Enemy, Added (2) latch triggers
[21:28:20.9629658] [Message: LethalMin] Registered Jester As Pikmin Enemy, Added (1) latch triggers
[21:28:20.9629658] [Message: LethalMin] Registered Lasso As Pikmin Enemy, Added (1) latch triggers
[21:28:20.9629658] [Message: LethalMin] Registered Masked As Pikmin Enemy, Added (1) latch triggers
[21:28:20.9629658] [Message: LethalMin] Registered MouthDog As Pikmin Enemy, Added (1) latch triggers
[21:28:20.9629658] [Message: LethalMin] Registered Nutcracker As Pikmin Enemy, Added (1) latch triggers
[21:28:20.9629658] [Message: LethalMin] Registered Puffer As Pikmin Enemy, Added (1) latch triggers
[21:28:20.9629658] [Message: LethalMin] Registered Feiopar As Pikmin Enemy, Added (1) latch triggers
[21:28:20.9629658] [Message: LethalMin] Registered RadMech As Pikmin Enemy, Added (1) latch triggers
[21:28:20.9629658] [Message: LethalMin] Registered Red pill As Pikmin Enemy, Added (0) latch triggers
[21:28:20.9629658] [Message: LethalMin] Registered Bunker Spider As Pikmin Enemy, Added (2) latch triggers
[21:28:20.9639715] [Message: LethalMin] Registered Earth Leviathan As Pikmin Enemy, Added (5) latch triggers
[21:28:20.9639715] [Message: LethalMin] Registered Spring As Pikmin Enemy, Added (1) latch triggers
[21:28:20.9639715] [Message: LethalMin] Registered Stingray As Pikmin Enemy, Added (1) latch triggers
[21:28:20.9639715] [Message: LethalMin] Registered Vermin As Pikmin Enemy, Added (1) latch triggers
[21:28:20.9639715] [Message: LethalMin] Registered Ogopogo As Pikmin Enemy, Added (1) latch triggers
[21:28:20.9639715] [Message: LethalMin] Registered Boom bird As Pikmin Enemy, Added (2) latch triggers
[21:28:20.9639715] [Message: LethalMin] Registered Leaf boy As Pikmin Enemy, Added (1) latch triggers
[21:28:20.9639715] [Message: LethalMin] Registered Prototax As Pikmin Enemy, Added (1) latch triggers
[21:28:20.9639715] [Message: LethalMin] Registered Coil Crab As Pikmin Enemy, Added (1) latch triggers
[21:28:20.9639715] [Message: LethalMin] Registered Aloe As Pikmin Enemy, Added (1) latch triggers
[21:28:21.0030579] [Info   : LethalMin] Created a new ChainIKConstraint from Rig 1 - RightArm for the whistle animation on IrisMaskVariant
[21:28:21.0030579] [Debug  : LethalMin] Added PuffminLeader script to IrisMaskVariant
[21:28:21.0030579] [Info   : LethalMin] Created a new ChainIKConstraint from Rig 1 - RightArm for the whistle animation on MaskedPlayerEnemy
[21:28:21.0030579] [Debug  : LethalMin] Added PuffminLeader script to MaskedPlayerEnemy
[21:28:21.0393992] [Info   : LethalMin] Refreshing onions for ShipPhaseOnionContainer(Clone)
[21:28:21.0393992] [Info   : LethalMin] Removing ship phase onions
[21:28:21.0629252] [Debug  : LethalMin] ---Loading LethalMin Data---
[21:28:21.0629252] [Debug  : LethalMin] SavePath: LCSaveFile1_LethalMinSave
[21:28:21.0639292] [Debug  : LethalMin] Loaded 127 pikmin left from save file
[21:28:21.0639292] [Debug  : LethalMin] Loaded LethalMin.Pikmin.PikminFiredStats fired stats from save file
[21:28:21.0639292] [Debug  : LethalMin] Loaded (8, 5, 7, 0, 4, 1) onions from save file
[21:28:21.0639292] [Debug  : LethalMin] Loaded (9, 0, 1, 4, 7, 5, 8, 6) scanned types from save file
[21:28:21.0639292] [Debug  : LethalMin] Loaded 0 leafling players from save file
[21:28:21.0639292] [Debug  : LethalMin] ---Finished Loading LethalMin Data---
[21:28:21.0649306] [Debug  :ScienceBirdTweaks] ShipFloodlightController Start: Got StartOfRound reference. Waiting for initialization and landing.
[21:28:21.1582710] [Debug  :BrutalCompanyMinusExtraReborn] Set UI Up Arrow color to: 00A000
[21:28:21.1582710] [Debug  :BrutalCompanyMinusExtraReborn] Set UI Up Arrow color to: 00A000
[21:28:21.1582710] [Debug  :BrutalCompanyMinusExtraReborn] Set UI Up Arrow color to: 00A000
[21:28:21.1582710] [Debug  :BrutalCompanyMinusExtraReborn] Set UI Down Arrow color to: 00A000
[21:28:21.1582710] [Debug  :BrutalCompanyMinusExtraReborn] Set UI Down Arrow color to: 00A000
[21:28:21.1582710] [Debug  :BrutalCompanyMinusExtraReborn] Set UI Down Arrow color to: 00A000
[21:28:21.1582710] [Debug  :BrutalCompanyMinusExtraReborn] Set UI letter color to: 00A000
[21:28:21.1602697] [Message:BrutalCompanyMinusExtraReborn] Got a default scale of 1, 1, 1.
[21:28:21.1602697] [Message:BrutalCompanyMinusExtraReborn] Modifying by a scale of 1, 1, 1.
[21:28:21.1602697] [Message:BrutalCompanyMinusExtraReborn] Got a default position of 797, 405, 0.
[21:28:21.1602697] [Message:BrutalCompanyMinusExtraReborn] Modifying to a position of 0, 0, 0.
[21:28:21.1602697] [Message:BrutalCompanyMinusExtraReborn] Got a default position of 0, 0, 0.
[21:28:21.1602697] [Message:BrutalCompanyMinusExtraReborn] Modifying to a position of 0, 0, 0.
[21:28:21.2383413] [Info   : Unity Log] Taking control of player Player and enabling camera!
[21:28:21.2383413] [Info   : Unity Log] Switch camera to 'MainCamera'
[21:28:21.2594658] [Info   :LobbyImprovements] Registered Named Message Handlers
[21:28:21.2639797] [Info   : Unity Log] Starting voice tracking for player: MasaeAhmya
[21:28:21.2766639] [Info   :MoreCompany] Server received 1 cosmetics from 0 | Request All: True
[21:28:21.2766639] [Info   :MoreCompany] Sending 1 cosmetics to the server | Request All: True
[21:28:21.2786642] [Info   :TooManyEmotes-2.3.17] Loading ThirdPersonEmoteController preferences.
[21:28:21.2796634] [Info   : Unity Log] Switch camera to 'MainCamera'
[21:28:21.2796634] [Info   :TooManyEmotes-2.3.17] Initializing local player.
[21:28:21.2831712] [Debug  :Buttery Fixes] "Fake helmet" no longer casts a shadow
[21:28:21.2831712] [Debug  :Buttery Fixes] Fix "MONITORING: Player"
[21:28:21.2881797] [Info   :ReservedItemSlotCore-2.0.41] Unlocking reserved item slot: flashlight
[21:28:21.2881797] [Info   :ReservedItemSlotCore-2.0.41] Unlocking reserved item slot: spray_paint
[21:28:21.2881797] [Info   :ReservedItemSlotCore-2.0.41] Unlocking reserved item slot: utility
[21:28:21.2881797] [Info   :ReservedItemSlotCore-2.0.41] Unlocking reserved item slot: key_slot
[21:28:21.2881797] [Info   :ReservedItemSlotCore-2.0.41] Unlocking reserved item slot: walkie_talkie
[21:28:21.2881797] [Info   :ReservedItemSlotCore-2.0.41] Unlocking reserved item slot: weapons
[21:28:21.2881797] [Info   :ReservedItemSlotCore-2.0.41] Unlocking reserved item slot: ammo
[21:28:21.2881797] [Error  :ReservedItemSlotCore-2.0.41] Synced with host!
[21:28:21.2914249] [Info   :GeneralImprovements] Hiding old monitors
[21:28:21.2969477] [Info   :OpenBodyCams] Creating a new camera for Cube.001.
[21:28:21.3720931] [Info   :HotbarPlus-1.8.5] Resetting energy bars.
[21:28:21.3730932] [Info   : Unity Log] Switch camera to 'MainCamera'
[21:28:21.3758542] [Info   : Unity Log] !!!! ENABLING CAMERA FOR PLAYER: Player
[21:28:21.3758542] [Info   : Unity Log] !!!! connectedPlayersAmount: 0
[21:28:21.3813709] [Debug  :PizzaTowerEscapeMusic GameEventListener] Sound Manager created
[21:28:21.3892283] [Info   :PizzaTowerEscapeMusic MusicManager] All music clips unloaded
[21:28:21.4051340] [Debug  :PizzaTowerEscapeMusic GameEventListener] Level has changed to 21 Offense
[21:28:21.4091367] [Info   : LethalMin] Binding input actions for MasaeAhmya
[21:28:21.4141570] [Debug  :LCUltrawide_Community] ChangeAspectRatio - 1.777778
[21:28:21.4141570] [Debug  :LCUltrawide_Community] Setting hudmanager playerScreenTexture.texture to preferred height & width
[21:28:21.4141570] [Debug  :LCUltrawide_Community] Setting Terminal playerScreenTexHighRes to preferred height & width
[21:28:21.4141570] [Debug  :LCUltrawide_Community] Resetting gameplayCamera aspect
[21:28:21.4141570] [Debug  :LCUltrawide_Community] Updating UI/Canvas/Panel AspectRatioFitter aspectRatio to 1.777778
[21:28:21.4141570] [Debug  :LCUltrawide_Community] Updating UI/Canvas CanvasScaler to preferred height/width
[21:28:21.4141570] [Debug  :LCUltrawide_Community] Updating HUDManager HUDContainer AspectRatioFitter to preferred height/width
[21:28:21.4141570] [Debug  :LCUltrawide_Community] Updating Systems/UI/UICamera field of view to fix stretched HUD elements
[21:28:21.4141570] [Debug  :LCUltrawide_Community] Updating HUDManager Inventory position for preferred resolution
[21:28:21.4141570] [Debug  :LCUltrawide_Community] Updating PlayerHUDHelmetModel transform scale width for preferred resolution
[21:28:21.4141570] [Debug  :LCUltrawide_Community] New Aspect Ratio: 1.777778
[21:28:21.4236635] [Warning:S1.39 Compatibility Fixes] [DoorAudit] Hangar state changed -> CLOSED; doorPower=1.000; landed=False; leaving=False; living=1; livingInsideShip=1
[21:28:21.4341762] [Info   : LethalMin] Cheat_InvinceablePikmin set to True
[21:28:21.5003001] [Debug  : LethalMin] Animator Controller changed from metarigOtherPlayers to metarig
[21:28:21.5090549] [Info   :PizzaTowerEscapeMusic MusicManager] Loaded music (Alarm_01.ogg) from file
[21:28:21.6804313] [Info   :LethalPerformance] Saved 2 save(s)
[21:28:21.6839409] [Info   : LethalMin] Leader connection detected!
[21:28:21.6859457] [Info   :LethalPerformance.Patcher] Saved 9 config(s)
[21:28:21.7780396] [Info   :TooManyEmotes-2.3.17] Rotating emote selection in store. Seed: 540861760
[21:28:22.9974008] [Debug  :Matty's Fixes] Vanilla/Weed killer(237) is computing vertical offset
[21:28:23.0059169] [Debug  :Matty's Fixes] Vanilla/Weed killer new offset is 0.466042
[21:28:23.0059169] [Debug  :Matty's Fixes] Vanilla/Weed killer(237) position updated [(4.97, 0.02, -7.00)] -> [(4.97, -0.01, -7.00)]
[21:28:23.0059169] [Debug  :Matty's Fixes] Vanilla/Shovel(238) is computing vertical offset
[21:28:23.0059169] [Debug  :Matty's Fixes] Vanilla/Shovel new offset is 0.05423262
[21:28:23.0059169] [Debug  :Matty's Fixes] Vanilla/Shovel(238) position updated [(4.89, 0.02, -7.38)] -> [(4.89, -0.02, -7.38)]
[21:28:23.0059169] [Debug  :Matty's Fixes] Vanilla/Pro-flashlight(239) is computing vertical offset
[21:28:23.0069144] [Debug  :Matty's Fixes] Vanilla/Pro-flashlight new offset is 0.07735103
[21:28:23.0069144] [Debug  :Matty's Fixes] Vanilla/Pro-flashlight(239) position updated [(2.70, 0.02, -6.37)] -> [(2.70, -0.02, -6.37)]
[21:28:23.0069144] [Debug  :Matty's Fixes] Vanilla/Shovel(240) position updated [(-1.93, 0.02, -6.46)] -> [(-1.93, -0.02, -6.46)]
[21:28:23.0069144] [Debug  :Matty's Fixes] LethalLevelLoader/CodeRebirth/Crisp Dollar Bill(241) is computing vertical offset
[21:28:23.0079137] [Debug  :Matty's Fixes] LethalLevelLoader/CodeRebirth/Crisp Dollar Bill new offset is 6.575137E-07
[21:28:23.0079137] [Debug  :Matty's Fixes] LethalLevelLoader/CodeRebirth/Crisp Dollar Bill(241) position updated [(1.25, 0.03, -7.71)] -> [(1.25, 0.03, -7.71)]
[21:28:23.0079137] [Debug  :Matty's Fixes] Vanilla/Key(242) is computing vertical offset
[21:28:23.0079137] [Debug  :Matty's Fixes] Vanilla/Key new offset is 0.008279511
[21:28:23.0079137] [Debug  :Matty's Fixes] Vanilla/Key(242) position updated [(2.14, 0.02, -6.08)] -> [(2.14, -0.04, -6.08)]
[21:28:23.0079137] [Debug  :Matty's Fixes] Vanilla/Key(243) position updated [(1.04, 0.03, -6.85)] -> [(1.04, -0.04, -6.85)]
[21:28:23.0079137] [Debug  :Matty's Fixes] Vanilla/Key(244) position updated [(-0.44, 0.03, -5.49)] -> [(-0.44, -0.04, -5.49)]
[21:28:23.0079137] [Debug  :Matty's Fixes] Vanilla/Key(245) position updated [(0.78, 0.03, -7.40)] -> [(0.78, -0.04, -7.40)]
[21:28:23.0079137] [Debug  :Matty's Fixes] Vanilla/Key(246) position updated [(0.66, 0.03, -6.29)] -> [(0.66, -0.04, -6.29)]
[21:28:23.0079137] [Debug  :Matty's Fixes] LethalLevelLoader/ImmersiveScraps/ISqueaky toy(248) is computing vertical offset
[21:28:23.0079137] [Debug  :Matty's Fixes] LethalLevelLoader/ImmersiveScraps/ISqueaky toy original offset is 0
[21:28:23.0079137] [Debug  :Matty's Fixes] LethalLevelLoader/ImmersiveScraps/ImmersiveAnvil(249) is computing vertical offset
[21:28:23.0079137] [Debug  :Matty's Fixes] LethalLevelLoader/ImmersiveScraps/ImmersiveAnvil original offset is 0
[21:28:23.0079137] [Debug  :Matty's Fixes] Vanilla/Control pad(250) is computing vertical offset
[21:28:23.0079137] [Debug  :Matty's Fixes] Vanilla/Control pad new offset is 0.02529857
[21:28:23.0079137] [Debug  :Matty's Fixes] Vanilla/Control pad(250) position updated [(0.86, 0.03, -7.23)] -> [(0.86, 0.05, -7.23)]
[21:28:23.0079137] [Debug  :Matty's Fixes] LethalLevelLoader/Lethalthings/Toimari Plush(251) is computing vertical offset
[21:28:23.0089142] [Debug  :Matty's Fixes] LethalLevelLoader/Lethalthings/Toimari Plush new offset is 0.001008481
[21:28:23.0089142] [Debug  :Matty's Fixes] LethalLevelLoader/Lethalthings/Toimari Plush(251) position updated [(1.27, 0.03, -6.71)] -> [(1.27, 0.03, -6.71)]
[21:28:23.0089142] [Debug  :Matty's Fixes] LethalLevelLoader/ImmersiveScraps/IFireAxe(252) is computing vertical offset
[21:28:23.0089142] [Debug  :Matty's Fixes] LethalLevelLoader/ImmersiveScraps/IFireAxe new offset is 0.008675415
[21:28:23.0089142] [Debug  :Matty's Fixes] LethalLevelLoader/ImmersiveScraps/IFireAxe(252) position updated [(0.76, 0.03, -6.45)] -> [(0.76, 0.03, -6.45)]
[21:28:23.0089142] [Debug  :Matty's Fixes] LethalLevelLoader/ImmersiveScraps/ImmersiveHammer(253) is computing vertical offset
[21:28:23.0089142] [Debug  :Matty's Fixes] LethalLevelLoader/ImmersiveScraps/ImmersiveHammer new offset is 0.00431899
[21:28:23.0089142] [Debug  :Matty's Fixes] LethalLevelLoader/ImmersiveScraps/ImmersiveHammer(253) position updated [(4.54, 0.02, -6.97)] -> [(4.54, 0.03, -6.97)]
[21:28:23.0089142] [Debug  :Matty's Fixes] Vanilla/Clown horn(254) is computing vertical offset
[21:28:23.0089142] [Debug  :Matty's Fixes] Vanilla/Clown horn new offset is 0.1324066
[21:28:23.0089142] [Debug  :Matty's Fixes] Vanilla/Clown horn(254) position updated [(0.38, 0.03, -7.07)] -> [(0.38, 0.10, -7.07)]
[21:28:23.0089142] [Info   :GeneralImprovements] Found saved suit ID for player MasaeAhmya - changing to Skeleton.
[21:28:23.0109172] [Info   :PizzaTowerEscapeMusic MusicManager] Loaded music (Alarm_02.ogg) from file
[21:28:24.3603635] [Warning:   Coroner] Could not access dying player: Collider was not a player!
[21:28:24.3603635] [Warning:   Coroner] Could not access dying player: Index not assigned!
[21:28:24.3603635] [Debug  :   Coroner] Handling Out of Bounds death...
[21:28:24.3981592] [Debug  :LobbyControl] Lobby took 16023ms to load
[21:28:24.3981592] [Debug  :   DawnLib] DuskNetworker started.
[21:28:24.3991607] [Info   :PizzaTowerEscapeMusic MusicManager] Loaded music (Alarm_03.ogg) from file
[21:28:24.5733257] [Debug  :PizzaTowerEscapeMusic GameEventListener] Player entered ship
[21:28:24.6140734] [Info   : Unity Log] radar target index 0
[21:28:24.6175818] [Info   :PizzaTowerEscapeMusic MusicManager] Loaded music (Alarm_04.ogg) from file
[21:28:24.7896437] [Debug  :MrHat.BasedItemSaving] Host restored 18 of 18 saved item poses
[21:28:24.7896437] [Info   : MrHat.Lib] HatNet messages ready
[21:28:24.8131877] [Info   : Unity Log] [F] Registering spawnables in instance 'delayed'.
[21:28:24.8131877] [Info   :HerobrineMod] Registering spawnables in instance 'delayed'.
[21:28:24.8262324] [Info   :PizzaTowerEscapeMusic MusicManager] Loaded music (Alarm_05.ogg) from file
[21:28:25.0441548] [Info   :PizzaTowerEscapeMusic MusicManager] Loaded music (ByeByeThere.ogg) from file
[21:28:25.0506603] [Info   :PizzaTowerEscapeMusic MusicManager] Music clips done loading
[21:28:25.2207406] [Message:darmuhsTerminalStuff] Mode set to - [ None ] OnUpdateCamsEvent
[21:28:25.2217397] [Info   :More Ship Upgrades] [LguStore] Loading SteamID: 76561198152102027
[21:28:25.2217397] [Info   :More Ship Upgrades] [LguStore] Successfully loaded save data for ID: 76561198152102027
[21:28:25.2217397] [Info   :More Ship Upgrades] [UpgradeBus] Loaded sale of 0.6218023 for Bargain Connections.
[21:28:25.2217397] [Info   :More Ship Upgrades] [UpgradeBus] Loaded sale of 0.778603 for Locksmith.
[21:28:25.2217397] [Info   :More Ship Upgrades] [UpgradeBus] Loaded sale of 0.7279034 for Mechanical Arms.
[21:28:25.2217397] [Info   :More Ship Upgrades] [UpgradeBus] Loaded sale of 0.6525093 for Quick Hands.
[21:28:25.2217397] [Info   :More Ship Upgrades] [UpgradeBus] Loaded sale of 0.7890777 for Silver Bullets.
[21:28:25.2217397] [Info   :More Ship Upgrades] [UpgradeBus] Loaded sale of 0.6909341 for Stimpack.
[21:28:25.2217397] [Info   :More Ship Upgrades] [UpgradeBus] Loaded sale of 0.7326708 for TZP Buffer.
[21:28:25.3631996] [Info   : Unity Log] radar target index 0
[21:28:27.2151120] [Info   :ReservedItemSlotCore-2.0.41] Unlocking reserved item slot: flashlight
[21:28:27.2177836] [Warning: Unity Log] Parent of RectTransform is being set with parent property. Consider using the SetParent method instead, with the worldPositionStays argument set to false. This will retain local orientation and scale rather than world orientation and scale, which can prevent common UI scaling issues.
[21:28:27.2187919] [Info   :ReservedItemSlotCore-2.0.41] Unlocking reserved item slot: spray_paint
[21:28:27.2187919] [Warning: Unity Log] Parent of RectTransform is being set with parent property. Consider using the SetParent method instead, with the worldPositionStays argument set to false. This will retain local orientation and scale rather than world orientation and scale, which can prevent common UI scaling issues.
[21:28:27.2187919] [Info   :ReservedItemSlotCore-2.0.41] Unlocking reserved item slot: utility
[21:28:27.2187919] [Warning: Unity Log] Parent of RectTransform is being set with parent property. Consider using the SetParent method instead, with the worldPositionStays argument set to false. This will retain local orientation and scale rather than world orientation and scale, which can prevent common UI scaling issues.
[21:28:27.2187919] [Info   :ReservedItemSlotCore-2.0.41] Unlocking reserved item slot: key_slot
[21:28:27.2197927] [Warning: Unity Log] Parent of RectTransform is being set with parent property. Consider using the SetParent method instead, with the worldPositionStays argument set to false. This will retain local orientation and scale rather than world orientation and scale, which can prevent common UI scaling issues.
[21:28:27.2197927] [Info   :ReservedItemSlotCore-2.0.41] Unlocking reserved item slot: walkie_talkie
[21:28:27.2197927] [Warning: Unity Log] Parent of RectTransform is being set with parent property. Consider using the SetParent method instead, with the worldPositionStays argument set to false. This will retain local orientation and scale rather than world orientation and scale, which can prevent common UI scaling issues.
[21:28:27.2197927] [Info   :ReservedItemSlotCore-2.0.41] Unlocking reserved item slot: weapons
[21:28:27.2197927] [Warning: Unity Log] Parent of RectTransform is being set with parent property. Consider using the SetParent method instead, with the worldPositionStays argument set to false. This will retain local orientation and scale rather than world orientation and scale, which can prevent common UI scaling issues.
[21:28:27.2197927] [Info   :ReservedItemSlotCore-2.0.41] Unlocking reserved item slot: ammo
[21:28:27.2197927] [Warning: Unity Log] Parent of RectTransform is being set with parent property. Consider using the SetParent method instead, with the worldPositionStays argument set to false. This will retain local orientation and scale rather than world orientation and scale, which can prevent common UI scaling issues.
[21:28:27.2360710] [Info   : Unity Log] Setting default suit!
[21:28:27.2961734] [Debug  :   Coroner] Querying target player parameters pre-death...
[21:28:27.2961734] [Debug  :   Coroner] Query successful!True
[21:28:29.2163109] [Message:suitsTerminal] displaying hint in chat.
[21:28:29.2163109] [Info   :More Ship Upgrades] [LguStore] Applying loaded upgrades...
[21:28:29.3792707] [Info   :ReservedItemSlotCore-2.0.41] Beginning grab on reserved item: Pro-flashlight Previous item slot: 0
[21:28:29.4817025] [Debug  : LightsOut] GrabItem Pro-flashlight
[21:28:29.4817025] [Debug  : LightsOut] FlashlightItem is not a predefined type
[21:28:29.7978861] [Info   :ReservedItemSlotCore-2.0.41] Beginning grab on reserved item: Key Previous item slot: 0
[21:28:29.8997346] [Debug  : LightsOut] GrabItem Key
[21:28:29.8997346] [Debug  : LightsOut] KeyItem is not a predefined type
[21:28:32.0470535] [Info   : Unity Log] Update used by player client rpc has been called for interact trigger: StartGameLever
[21:28:32.0480537] [Info   : Unity Log] Start lever animation A
[21:28:32.0480537] [Info   : Unity Log] Start lever animation B
[21:28:32.0480537] [Info   : Unity Log] Start lever animation C
[21:28:32.0480537] [Info   : Unity Log] Start lever animation D; False 
[21:28:32.0480537] [Info   : Unity Log] Start lever animation E; True ; False
[21:28:32.0480537] [Info   : Unity Log] Start lever animation F
[21:28:32.0480537] [Info   : Unity Log] Lever animation: setting bool to True
[21:28:32.0555560] [Info   : Unity Log] Sent lever animation RPC on this client
[21:28:33.7208235] [Info   : Unity Log] Stop special animation F
[21:28:33.7208235] [Info   : Unity Log] Start game A
[21:28:33.7208235] [Info   : Unity Log] Start game B
[21:28:33.7208235] [Info   : Unity Log] Start game C
[21:28:33.7208235] [Info   : Unity Log] Start game D; True ; False
[21:28:33.7208235] [Info   : Unity Log] Start game E
[21:28:33.7208235] [Info   : Unity Log] Start game successful
[21:28:33.7221651] [Debug  :LobbyControl] Setting lobby to not joinable.
[21:28:33.7221651] [Debug  :ShipWindows] Network manager already exists! Destroying...
[21:28:33.7246739] [Debug  :LobbyControl] Preventing the closing of Steam lobby.
[21:28:33.7256746] [Debug  :MrHat.MisideItems.Internals] Has House Teleporter been unlocked? False
[21:28:33.7256746] [Debug  :MrHat.MisideItems.Internals] Has House Teleporter been unlocked? False
[21:28:33.7256746] [Info   : Unity Log] RANDOM MAP SEED: 40611317
[21:28:33.7266742] [Info   : Unity Log] Loading scene
[21:28:33.7266742] [Info   : Unity Log] Scene that began loading: Level7Offense
[21:28:33.7266742] [Info   : Unity Log] LOADING GAME!!!!!
[21:28:33.7266742] [Info   : Unity Log] Waiting for all players to load!
[21:28:33.7266742] [Debug  :   Coroner] New round started! Resetting causes of death...
[21:28:33.7266742] [Debug  :   Coroner] Clearing cause of death for player 0
[21:28:33.7276750] [Debug  :   Coroner] Clearing cause of death for player 1
[21:28:33.7276750] [Debug  :   Coroner] Clearing cause of death for player 2
[21:28:33.7276750] [Debug  :   Coroner] Clearing cause of death for player 3
[21:28:33.7276750] [Debug  :   Coroner] Clearing cause of death for player 4
[21:28:33.7276750] [Debug  :   Coroner] Clearing cause of death for player 5
[21:28:33.7276750] [Debug  :   Coroner] Clearing cause of death for player 6
[21:28:33.7276750] [Debug  :   Coroner] Clearing cause of death for player 7
[21:28:33.7276750] [Debug  :   Coroner] Clearing cause of death for player 8
[21:28:33.7276750] [Debug  :   Coroner] Clearing cause of death for player 9
[21:28:33.7276750] [Debug  :   Coroner] Clearing cause of death for player 10
[21:28:33.7276750] [Debug  :   Coroner] Clearing cause of death for player 11
[21:28:33.7276750] [Debug  :   Coroner] Clearing cause of death for player 12
[21:28:33.7276750] [Debug  :   Coroner] Clearing cause of death for player 13
[21:28:33.7276750] [Debug  :   Coroner] Clearing cause of death for player 14
[21:28:33.7276750] [Debug  :   Coroner] Clearing cause of death for player 15
[21:28:33.7276750] [Info   :Rolling Giant] [RandomlyMoveWhileLooking]: moveSpeed: 2, moveAcceleration: 1, moveDeceleration: 0.5, rotateToLookAtPlayer: True, delayBeforeLookingAtPlayer: 2, lookAtPlayerDuration: 3, waitTimeMin: 1, waitTimeMax: 3, randomMoveTimeMin: 1, randomMoveTimeMax: 3, lookTimeBeforeAgro: 0
[21:28:33.7276750] [Info   :Rolling Giant] Resetting all rolling giants!
[21:28:33.7286733] [Info   :Rolling Giant] Config sync request received from client: 0
[21:28:33.7399231] [Info   :Rolling Giant] Config sync sent to client: 0
[21:28:33.7409240] [Info   :Rolling Giant] Config sync request sent.
[21:28:33.7409240] [Message:Rolling Giant] Rolling Giant AI changed: RandomlyMoveWhileLooking
[21:28:33.7434303] [Info   :MrHat.BasedDecorPlacement] Active build mode cancelled for departure
[21:28:33.7434303] [Info   : Unity Log] Stop special animation G
[21:28:33.7609655] [Debug  :   Coroner] Querying target player parameters pre-death...
[21:28:33.7609655] [Debug  :   Coroner] Query successful!True
[21:28:34.0486532] [Warning: Unity Log] The referenced script on this Behaviour (Game Object 'rock.015_LOD1') is missing!
[21:28:34.0486532] [Warning: Unity Log] The referenced script on this Behaviour (Game Object 'rock.002_LOD1') is missing!
[21:28:34.0486532] [Warning: Unity Log] The referenced script on this Behaviour (Game Object 'rock.011_LOD1') is missing!
[21:28:34.0486532] [Warning: Unity Log] The referenced script on this Behaviour (Game Object 'rock.011_LOD1') is missing!
[21:28:34.0486532] [Warning: Unity Log] The referenced script on this Behaviour (Game Object 'FactoryHouse') is missing!
[21:28:34.0486532] [Warning: Unity Log] The referenced script on this Behaviour (Game Object 'rock.001_LOD1') is missing!
[21:28:34.0486532] [Warning: Unity Log] The referenced script on this Behaviour (Game Object 'rock.011_LOD1') is missing!
[21:28:34.0486532] [Warning: Unity Log] The referenced script on this Behaviour (Game Object 'rock.012_LOD1') is missing!
[21:28:34.0486532] [Warning: Unity Log] The referenced script on this Behaviour (Game Object 'Steam Audio Static Mesh') is missing!
[21:28:34.0486532] [Warning: Unity Log] The referenced script on this Behaviour (Game Object 'TrainCarTank') is missing!
[21:28:34.0486532] [Warning: Unity Log] The referenced script on this Behaviour (Game Object 'Cube.007') is missing!
[21:28:34.0486532] [Warning: Unity Log] The referenced script on this Behaviour (Game Object 'Buttresses.001') is missing!
[21:28:34.0486532] [Warning: Unity Log] The referenced script on this Behaviour (Game Object 'rock.015_LOD1') is missing!
[21:28:34.0486532] [Warning: Unity Log] The referenced script on this Behaviour (Game Object 'Cube.002') is missing!
[21:28:34.0486532] [Warning: Unity Log] The referenced script on this Behaviour (Game Object 'Cube') is missing!
[21:28:34.0486532] [Warning: Unity Log] The referenced script on this Behaviour (Game Object 'BigMachine') is missing!
[21:28:34.0486532] [Warning: Unity Log] The referenced script on this Behaviour (Game Object 'CatwalkstairsAlleyLowDetail') is missing!
[21:28:34.0486532] [Warning: Unity Log] The referenced script on this Behaviour (Game Object 'CementRaisedBridge') is missing!
[21:28:34.0486532] [Warning: Unity Log] The referenced script on this Behaviour (Game Object 'rock.011_LOD1') is missing!
[21:28:34.0486532] [Warning: Unity Log] The referenced script on this Behaviour (Game Object 'rock.001_LOD1') is missing!
[21:28:34.0486532] [Warning: Unity Log] The referenced script on this Behaviour (Game Object 'rock.013_LOD1') is missing!
[21:28:34.0486532] [Warning: Unity Log] The referenced script on this Behaviour (Game Object 'rock.013_LOD1') is missing!
[21:28:34.0486532] [Warning: Unity Log] The referenced script on this Behaviour (Game Object 'rock.012_LOD1') is missing!
[21:28:34.0486532] [Warning: Unity Log] The referenced script on this Behaviour (Game Object 'rock.007_LOD1') is missing!
[21:28:34.0486532] [Warning: Unity Log] The referenced script on this Behaviour (Game Object 'rock.002_LOD1') is missing!
[21:28:34.0486532] [Warning: Unity Log] The referenced script on this Behaviour (Game Object 'rock.011_LOD1') is missing!
[21:28:34.0486532] [Warning: Unity Log] The referenced script on this Behaviour (Game Object 'Cube') is missing!
[21:28:34.0486532] [Warning: Unity Log] The referenced script on this Behaviour (Game Object 'WaterTowerTank') is missing!
[21:28:34.1110713] [Info   : Unity Log] Subscribe to startedLandingShip
[21:28:34.1120707] [Warning: Unity Log] One Static Lighting Sky component was already set for baking, only the latest one will be used.
[21:28:34.1145859] [Debug  :ReXuvination] Optimised Collider layers in KillLocalPlayer for Object: KillTrigger (UnityEngine.GameObject)
[21:28:34.1266040] [Debug  :Buttery Fixes] Detected landing on Offense
[21:28:34.1266040] [Debug  :Buttery Fixes] Offense - Fixed factory ambience
[21:28:34.1266040] [Debug  :Buttery Fixes] Hide out-of-bounds objects (Experimentation and leftovers)
[21:28:34.3078946] [Warning: Unity Log] LadderTrigger is disabled! Netcode for GameObjects does not support spawning disabled NetworkBehaviours! The InteractTrigger component was skipped during spawn!
[21:28:34.3088994] [Warning: Unity Log] LadderTrigger is disabled! Netcode for GameObjects does not support spawning disabled NetworkBehaviours! The InteractTrigger component was skipped during spawn!
[21:28:34.3088994] [Warning: Unity Log] LadderTrigger is disabled! Netcode for GameObjects does not support spawning disabled NetworkBehaviours! The InteractTrigger component was skipped during spawn!
[21:28:34.4007662] [Debug  :UniversalRadar] NAV MAX: 68.12984, NAV MIN: -6.340155
[21:28:34.4209737] [Debug  :UniversalRadar] First time load: Fetched 1 terrain renderers
[21:28:34.4280138] [Debug  :UniversalRadar] Adding terrain paths to dictionary under identifier (21 Offense, Level7Offense)
[21:28:34.4290179] [Debug  :UniversalRadar] Terrain max: 68.0728, terrain min: -6.340155 (68.12984, -6.340155)
[21:28:34.4310302] [Debug  :UniversalRadar] First time radar generation complete (0.1024857s)
[21:28:34.4310302] [Debug  :UniversalRadar] Disabling existing contour map!
[21:28:34.4320364] [Info   : LethalMin] __ LethalMin On Game Started __
[21:28:34.4320364] [Info   : LethalMin] __ LethalMin On Game Started Finished __
[21:28:34.4365496] [Info   :Scopophobia] Scopophobia disabled Audio Spacializer errors!
[21:28:34.4395630] [Debug  :ReXuvination] Optimised Collider layers in InteractTrigger for Object: EntranceTeleportA (UnityEngine.GameObject)
[21:28:34.4395630] [Debug  :ReXuvination] Optimised Collider layers in InteractTrigger for Object: EntranceTeleportB (UnityEngine.GameObject)
[21:28:34.4395630] [Debug  :ReXuvination] Optimised Collider layers in InteractTrigger for Object: StoryLogCollectable (3) (UnityEngine.GameObject)
[21:28:34.4395630] [Debug  :ReXuvination] Optimised Collider layers in InteractTrigger for Object: Trigger (UnityEngine.GameObject)
[21:28:34.4395630] [Debug  :ReXuvination] Optimised Collider layers in InteractTrigger for Object: KillTrigger (UnityEngine.GameObject)
[21:28:34.4395630] [Debug  :ReXuvination] Optimised Collider layers in InteractTrigger for Object: LadderTrigger (UnityEngine.GameObject)
[21:28:34.4395630] [Debug  :ReXuvination] Optimised Collider layers in InteractTrigger for Object: LadderTrigger (UnityEngine.GameObject)
[21:28:34.4395630] [Debug  :ReXuvination] Optimised Collider layers in OutOfBoundsTrigger for Object: OutOfBoundsTriggerFactory (UnityEngine.GameObject)
[21:28:34.4405618] [Debug  :Buttery Fixes] Fix foliage colors
[21:28:34.4415631] [Debug  :Buttery Fixes] Cause of death: Dropship
[21:28:34.4415631] [Debug  :Enemy Sound Fixes] Doppler level: Dropship
[21:28:34.4415631] [Debug  :   Coroner] Item dropship spawned! Modifying kill trigger...
[21:28:34.4599473] [Warning: Unity Log] BoxCollider does not support negative scale or size.
The effective box size has been forced positive and is likely to give unexpected collision geometry.
If you absolutely need to use negative scaling you can use the convex MeshCollider. Scene hierarchy path "Environment/Map/ModelsIntroScene/ChainlinkFence (18)"
[21:28:34.4599473] [Warning: Unity Log] BoxCollider does not support negative scale or size.
The effective box size has been forced positive and is likely to give unexpected collision geometry.
If you absolutely need to use negative scaling you can use the convex MeshCollider. Scene hierarchy path "Environment/Map/ModelsIntroScene/ChainlinkFence (19)"
[21:28:34.4599473] [Warning: Unity Log] BoxCollider does not support negative scale or size.
The effective box size has been forced positive and is likely to give unexpected collision geometry.
If you absolutely need to use negative scaling you can use the convex MeshCollider. Scene hierarchy path "Environment/Map/ModelsIntroScene/ChainlinkFence (17)"
[21:28:34.4599473] [Warning: Unity Log] BoxCollider does not support negative scale or size.
The effective box size has been forced positive and is likely to give unexpected collision geometry.
If you absolutely need to use negative scaling you can use the convex MeshCollider. Scene hierarchy path "Environment/Map/ModelsIntroScene/Girder1 (5)/Collider (2)"
[21:28:34.6336140] [Info   :BrutalCompanyMinusExtraReborn] Executing OnShipLeave for all events()
[21:28:34.6396693] [Info   :HotbarPlus-1.8.5] Finished receiving OnUpdatePurchasedHotbarSlots update. New purchased hotbar slots: 0
[21:28:34.6396693] [Info   :HotbarPlus-1.8.5] Finished receiving OnUpdatePurchasedHotbarSlots update. New purchased hotbar slots: 0
[21:28:34.6406698] [Info   :HotbarPlus-1.8.5] Finished receiving OnUpdatePurchasedHotbarSlots update. New purchased hotbar slots: 0
[21:28:34.6406698] [Info   :HotbarPlus-1.8.5] Finished receiving OnUpdatePurchasedHotbarSlots update. New purchased hotbar slots: 0
[21:28:34.6507380] [Info   :BrutalCompanyMinusExtraReborn] Storing un-modified level paramaters on level:OffenseLevel
[21:28:34.6507380] [Info   :BrutalCompanyMinusExtraReborn] Resetting level values before changing.
[21:28:34.6517376] [Info   :BrutalCompanyMinusExtraReborn] Set eventType weight for Insane to 6843
[21:28:34.6517376] [Info   :BrutalCompanyMinusExtraReborn] Set eventType weight for VeryBad to 506
[21:28:34.6517376] [Info   :BrutalCompanyMinusExtraReborn] Set eventType weight for Bad to 355
[21:28:34.6517376] [Info   :BrutalCompanyMinusExtraReborn] Set eventType weight for Neutral to 1368
[21:28:34.6517376] [Info   :BrutalCompanyMinusExtraReborn] Set eventType weight for Good to 1244
[21:28:34.6517376] [Info   :BrutalCompanyMinusExtraReborn] Set eventType weight for VeryGood to 2737
[21:28:34.6517376] [Info   :BrutalCompanyMinusExtraReborn] Set eventType weight for Rare to 27375
[21:28:34.6517376] [Info   :BrutalCompanyMinusExtraReborn] Set eventType weight for Remove to 883
[21:28:34.6542472] [Info   :BrutalCompanyMinusExtraReborn] Checking blacklist for event Clock
[21:28:34.6542472] [Info   :BrutalCompanyMinusExtraReborn] Checking blacklist for event TimeChaos
[21:28:34.6552506] [Info   :BrutalCompanyMinusExtraReborn] Checking blacklist for event NoBaboons
[21:28:34.6552506] [Info   :BrutalCompanyMinusExtraReborn] Checking blacklist for event KamikazieBugs
[21:28:34.6552506] [Info   :BrutalCompanyMinusExtraReborn] Event chosen: Clock
[21:28:34.6552506] [Info   :BrutalCompanyMinusExtraReborn] Event chosen: NoBaboons
[21:28:34.6552506] [Info   :BrutalCompanyMinusExtraReborn] Event chosen: KamikazieBugs
[21:28:34.6707804] [Info   :BrutalCompanyMinusExtraReborn] MapMultipliers = [scrapValueMultiplier: 1, scrapAmountMultiplier: 1.11725, factorySizeMultiplier: 1, EnemyHp: 0, insideSpawnChanceAdditive: 0, outsideSpawnChanceAdditive: 0, SpawnChanceMultiplier: 1, SpawnCapMultiplier: 1, InsidePower: 0, OutsidePower: 0]
[21:28:34.6707804] [Info   :BrutalCompanyMinusExtraReborn] Inside Spawn Curve
[21:28:34.6707804] [Info   :BrutalCompanyMinusExtraReborn] Time:0 + $Value:-3.679245
[21:28:34.6707804] [Info   :BrutalCompanyMinusExtraReborn] Time:0.2675084 + $Value:0.161918
[21:28:34.6707804] [Info   :BrutalCompanyMinusExtraReborn] Time:0.7624402 + $Value:7.363626
[21:28:34.6707804] [Info   :BrutalCompanyMinusExtraReborn] Time:1 + $Value:15
[21:28:34.6707804] [Info   :BrutalCompanyMinusExtraReborn] Outside Spawn Curve
[21:28:34.6707804] [Info   :BrutalCompanyMinusExtraReborn] Time:-7.736962E-07 + $Value:-2.8875
[21:28:34.6707804] [Info   :BrutalCompanyMinusExtraReborn] Time:0.4209173 + $Value:-1.073028
[21:28:34.6707804] [Info   :BrutalCompanyMinusExtraReborn] Time:1.005263 + $Value:5.391635
[21:28:34.6707804] [Info   :BrutalCompanyMinusExtraReborn] Daytime Spawn Curve
[21:28:34.6707804] [Info   :BrutalCompanyMinusExtraReborn] Time:0 + $Value:-8.727501
[21:28:34.6707804] [Info   :BrutalCompanyMinusExtraReborn] Time:0.4764326 + $Value:-7.944879
[21:28:34.6707804] [Info   :BrutalCompanyMinusExtraReborn] Time:0.9998173 + $Value:-14.8181
[21:28:34.6898863] [Info   : Unity Log] Weed: moldspreaditerations: 0; position: -1
[21:28:34.6943979] [Info   : Unity Log] Roundmanager: Refreshed OutsideAINodes list!: 42
[21:28:34.6943979] [Info   : Unity Log] Roundmanager: Refreshed OutsideAINodes list!: 42
[21:28:34.6943979] [Info   : Unity Log] RANDOM MAP SEED - 40611317
Client #0
Moon: 21 Offense
[21:28:34.6943979] [Debug  :More Ship Upgrades] Adding speed in FinishGeneratingLevel callback
[21:28:34.6953981] [Info   :LethalLevelLoader] Getting Random DungeonFlows!
[21:28:34.6984004] [Info   :LethalLevelLoader] ExtendedLevel <-> ExtendedDungeonFlow Dynamic Matching Report.

Info For ExtendedLevel: OffenseExtendedLevel | Planet Name: Offense | Content Tags: Vanilla, Vanilla, Free, Canyon | Route Price: 0 | Current Weather: None
Unviable ExtendedDungeonFlows: ACF Site, Supermarket, Zeranos Gray Apartments, junkrooms, Treatement Amenity, Lantern Manor, Raven Manor, Spelunkers Caverns (Basic), Spelunkers Caverns (Crystal), Spelunkers Caverns (Frozen), Spelunkers Caverns (Overgrown), Studio Floor
Viable ExtendedDungeonFlows: LiminalHouse (300), Sub Systems (275), Abandoned Foundry (250), Facility (100), Fractured Complex (100), Greenhouse (100), Art Gallery (100), Decrepit store (100), Expanded facility (100), Expanded Mineshaft (100), Spooky manor (100), Deep Sewers (100), Mausoleum (100), Museum (100), ScoopyCastle (100), Slaughterhouse (100), Storage Complex (100), Grand Armory (100), Rubber Rooms (100), Atlantean Citadel (100), Drains (100), Haunted Mansion (100), Mineshaft (100), Black Mesa (100), Bunker (100), Circus Facility (100), Substation (100), Liminal Facility (100), Toy Store (100), Tower (100), Storehouse (100), Shatteredrooms (75), Lead Factory (70), LC Office (65), Spelunkers Caverns (Random) (50), Crimson Keep (35), Gray Apartments (25), DeepcoreMines (25), Spelunkers Caverns (Magmatic) (25), Belleville Appartements (20), Goldstay Hotel (20)

[21:28:34.7009140] [Info   :S1.42AB Interior Weight Normalization] [InteriorWeightNormalization] Final effective viable pool for Offense: LiminalHouse(100), Sub Systems(100), Abandoned Foundry(100), Facility(100), Fractured Complex(100), Greenhouse(100), Art Gallery(100), Decrepit store(100), Expanded facility(100), Expanded Mineshaft(100), Spooky manor(100), Deep Sewers(100), Mausoleum(100), Museum(100), ScoopyCastle(100), Slaughterhouse(100), Storage Complex(100), Grand Armory(100), Rubber Rooms(100), Atlantean Citadel(100), Drains(100), Haunted Mansion(100), Mineshaft(100), Black Mesa(100), Bunker(100), Circus Facility(100), Substation(100), Liminal Facility(100), Toy Store(100), Tower(100), Storehouse(100), Shatteredrooms(100), Lead Factory(100), LC Office(100), Spelunkers Caverns (Random)(100), Crimson Keep(100), Gray Apartments(100), DeepcoreMines(100), Spelunkers Caverns (Magmatic)(100), Belleville Appartements(100), Goldstay Hotel(100)
[21:28:34.7009140] [Info   :S1.42AB Interior Weight Normalization] [InteriorWeightNormalization] Normalized 13/41 returned viable dungeon weights to 100; pre-normalization range was 20..300; debugResults=True.
[21:28:34.7019146] [Info   :S1.42AK-SHDIAG1 Deterministic Storehouse Selector] [SHDIAG1] SELECTED Offense Storehouse / SHFlow; normalized rarity=100; pool=41->1; same viable wrapper; DIAGNOSTIC ONLY.
[21:28:34.7034217] [Info   :LethalLevelLoader] Setting Random DungeonFlows!
[21:28:34.7044299] [Error  :  HarmonyX] Error while running static void loaforcsSoundAPI.LethalCompany.Patches.RoundManagerPatch::Reporting(). Error: System.TypeLoadException: Failure has occurred while loading a type.
  at (wrapper dynamic-method) RoundManager.DMD<RoundManager::GenerateNewFloor>(RoundManager)
[21:28:34.7044299] [Info   : Unity Log] Now listening to dungeon generator status.
[21:28:34.7926288] [Info   :LethalLevelLoader] CurrentLevel: Offense DungeonSize Is: 1.25 | Leaving DungeonSize As: 1.875
[21:28:34.7956531] [Debug  :ButteRyBalance] Final length multiplier: 1.87 (Interior #15, seed: 40611317)
[21:28:34.7966521] [Info   :dev.ladyalice.dungenplus] Did not load a DunGenExtenderer
[21:28:34.7966521] [Debug  :dev.ladyalice.dungenplus] Initialized ScrapItemManager to 21 Offense
[21:28:34.7966521] [Debug  :dev.ladyalice.dungenplus] Initialized EnemyManager to 21 Offense
[21:28:34.7986524] [Info   :LethalLevelLoader] Fire Exit Patch Report, Details Below;

EntranceTeleports Found, Offense Contains 2 Entrances! (1 Fire Escapes)
Main Entrance: EntranceTeleportB (Entrance ID: 1)
Alternate Entrance: EntranceTeleportB (Entrance ID: 1)
Found Fire Escape GlobalProp: (ID: 1231), Modifying Spawn rate Count From (1,1) To (1,1)


[21:28:34.8016478] [Info   :S1.42AB Interior Weight Normalization] [InteriorWeightNormalization] Final effective viable pool for Offense: Facility(100), Haunted Mansion(100), Mineshaft(100), Black Mesa(100), Abandoned Foundry(100), DeepcoreMines(100), LiminalHouse(100), Bunker(100), Drains(100), Substation(100), Liminal Facility(100), Storehouse(100), Tower(100), Gray Apartments(100), LC Office(100), Belleville Appartements(100), Crimson Keep(100), Goldstay Hotel(100), Lead Factory(100), Circus Facility(100), Atlantean Citadel(100), Deep Sewers(100), Fractured Complex(100), Greenhouse(100), Art Gallery(100), Decrepit store(100), Expanded facility(100), Expanded Mineshaft(100), Grand Armory(100), Spooky manor(100), Mausoleum(100), Museum(100), ScoopyCastle(100), Shatteredrooms(100), Slaughterhouse(100), Spelunkers Caverns (Random)(100), Spelunkers Caverns (Magmatic)(100), Storage Complex(100), Sub Systems(100), Rubber Rooms(100), Toy Store(100)
[21:28:34.8016478] [Info   :S1.42AB Interior Weight Normalization] [InteriorWeightNormalization] Normalized 13/41 returned viable dungeon weights to 100; pre-normalization range was 20..300; debugResults=False.
[21:28:34.8016478] [Info   :LethalLevelLoader] Created New Day History Log! PlanetName: Offense ,Storehouse ,Quota: 6 , Day: 1 , Weather: None
[21:28:34.8026524] [Info   :       Cat] Meow?
[21:28:34.8026524] [Info   :       Cat] Meow.
[21:28:34.8026524] [Info   :       Cat] I am cat.
[21:28:34.8026524] [Info   :       Cat] I have come to share my wisdom.
[21:28:34.8026524] [Info   :       Cat] EHEM.
[21:28:34.8026524] [Info   :       Cat] Meeeooowwwwww.
[21:28:34.8026524] [Info   :Slaughterhouse Scripts] Adding new rules to Slaughterhouse dungeon generation.
[21:28:35.4911205] [Debug  :ReXuvination] Optimised Collider layers in InteractTrigger for Object: stinger trigger random (UnityEngine.GameObject)
[21:28:35.5316760] [Debug  :ReXuvination] Optimised Collider layers in KillLocalPlayer for Object: KillTrigger (2) (UnityEngine.GameObject)
[21:28:35.5316760] [Debug  :ReXuvination] Optimised Collider layers in KillLocalPlayer for Object: KillTrigger (1) (UnityEngine.GameObject)
[21:28:35.5341797] [Debug  :ReXuvination] Optimised Collider layers in InteractTrigger for Object: KillTrigger (2) (UnityEngine.GameObject)
[21:28:35.5341797] [Debug  :ReXuvination] Optimised Collider layers in InteractTrigger for Object: KillTrigger (1) (UnityEngine.GameObject)
[21:28:35.6272888] [Warning: Unity Log] BoxCollider does not support negative scale or size.
The effective box size has been forced positive and is likely to give unexpected collision geometry.
If you absolutely need to use negative scaling you can use the convex MeshCollider. Scene hierarchy path "Systems/LevelGeneration/LevelGenerationRoot/6appyroom(Clone)/Arrangements/ArrangementA/LungDockingStation/LungSocketMachine/BigSocket/Collisions/Cube (5)"
[21:28:35.6272888] [Warning: Unity Log] BoxCollider does not support negative scale or size.
The effective box size has been forced positive and is likely to give unexpected collision geometry.
If you absolutely need to use negative scaling you can use the convex MeshCollider. Scene hierarchy path "Systems/LevelGeneration/LevelGenerationRoot/6appyroom(Clone)/Arrangements/ArrangementA/LungDockingStation/LungSocketMachine/BigSocket/Collisions/Cube (1)"
[21:28:35.6272888] [Warning: Unity Log] BoxCollider does not support negative scale or size.
The effective box size has been forced positive and is likely to give unexpected collision geometry.
If you absolutely need to use negative scaling you can use the convex MeshCollider. Scene hierarchy path "Systems/LevelGeneration/LevelGenerationRoot/6appyroom(Clone)/Arrangements/ArrangementA/LungDockingStation/LungSocketMachine/BigSocket/Collisions/Cube (7)"
[21:28:35.6272888] [Warning: Unity Log] BoxCollider does not support negative scale or size.
The effective box size has been forced positive and is likely to give unexpected collision geometry.
If you absolutely need to use negative scaling you can use the convex MeshCollider. Scene hierarchy path "Systems/LevelGeneration/LevelGenerationRoot/6appyroom(Clone)/Arrangements/ArrangementB/LungDockingStation/LungSocketMachine/BigSocket/Collisions/Cube (3)"
[21:28:35.6272888] [Warning: Unity Log] BoxCollider does not support negative scale or size.
The effective box size has been forced positive and is likely to give unexpected collision geometry.
If you absolutely need to use negative scaling you can use the convex MeshCollider. Scene hierarchy path "Systems/LevelGeneration/LevelGenerationRoot/6appyroom(Clone)/Arrangements/ArrangementB/LungDockingStation/LungSocketMachine/BigSocket/Collisions/Cube"
[21:28:35.6272888] [Warning: Unity Log] BoxCollider does not support negative scale or size.
The effective box size has been forced positive and is likely to give unexpected collision geometry.
If you absolutely need to use negative scaling you can use the convex MeshCollider. Scene hierarchy path "Systems/LevelGeneration/LevelGenerationRoot/6appyroom(Clone)/Arrangements/ArrangementB/LungDockingStation/LungSocketMachine/BigSocket/Collisions/Cube (7)"
[21:28:35.6272888] [Warning: Unity Log] BoxCollider does not support negative scale or size.
The effective box size has been forced positive and is likely to give unexpected collision geometry.
If you absolutely need to use negative scaling you can use the convex MeshCollider. Scene hierarchy path "Systems/LevelGeneration/LevelGenerationRoot/6appyroom(Clone)/Arrangements/ArrangementA/LungDockingStation/LungSocketMachine/BigSocket/Collisions/Cube (2)"
[21:28:35.6272888] [Warning: Unity Log] BoxCollider does not support negative scale or size.
The effective box size has been forced positive and is likely to give unexpected collision geometry.
If you absolutely need to use negative scaling you can use the convex MeshCollider. Scene hierarchy path "Systems/LevelGeneration/LevelGenerationRoot/6appyroom(Clone)/Arrangements/ArrangementA/LungDockingStation/LungSocketMachine/BigSocket/Collisions/Cube"
[21:28:35.6272888] [Warning: Unity Log] BoxCollider does not support negative scale or size.
The effective box size has been forced positive and is likely to give unexpected collision geometry.
If you absolutely need to use negative scaling you can use the convex MeshCollider. Scene hierarchy path "Systems/LevelGeneration/LevelGenerationRoot/6appyroom(Clone)/Arrangements/ArrangementB/LungDockingStation/LungSocketMachine/BigSocket/Collisions/Cube (1)"
[21:28:35.6272888] [Warning: Unity Log] BoxCollider does not support negative scale or size.
The effective box size has been forced positive and is likely to give unexpected collision geometry.
If you absolutely need to use negative scaling you can use the convex MeshCollider. Scene hierarchy path "Systems/LevelGeneration/LevelGenerationRoot/6appyroom(Clone)/Arrangements/ArrangementA/LungDockingStation/LungSocketMachine/BigSocket/Collisions/Cube (3)"
[21:28:35.6272888] [Warning: Unity Log] BoxCollider does not support negative scale or size.
The effective box size has been forced positive and is likely to give unexpected collision geometry.
If you absolutely need to use negative scaling you can use the convex MeshCollider. Scene hierarchy path "Systems/LevelGeneration/LevelGenerationRoot/6appyroom(Clone)/Arrangements/ArrangementB/LungDockingStation/LungSocketMachine/BigSocket/Collisions/Cube (2)"
[21:28:35.6272888] [Warning: Unity Log] BoxCollider does not support negative scale or size.
The effective box size has been forced positive and is likely to give unexpected collision geometry.
If you absolutely need to use negative scaling you can use the convex MeshCollider. Scene hierarchy path "Systems/LevelGeneration/LevelGenerationRoot/6appyroom(Clone)/Arrangements/ArrangementB/LungDockingStation/LungSocketMachine/BigSocket/Collisions/Cube (6)"
[21:28:35.6272888] [Warning: Unity Log] BoxCollider does not support negative scale or size.
The effective box size has been forced positive and is likely to give unexpected collision geometry.
If you absolutely need to use negative scaling you can use the convex MeshCollider. Scene hierarchy path "Systems/LevelGeneration/LevelGenerationRoot/6appyroom(Clone)/Arrangements/ArrangementB/LungDockingStation/LungSocketMachine/BigSocket/Collisions/Cube (5)"
[21:28:35.6272888] [Warning: Unity Log] BoxCollider does not support negative scale or size.
The effective box size has been forced positive and is likely to give unexpected collision geometry.
If you absolutely need to use negative scaling you can use the convex MeshCollider. Scene hierarchy path "Systems/LevelGeneration/LevelGenerationRoot/6appyroom(Clone)/Arrangements/ArrangementA/LungDockingStation/LungSocketMachine/BigSocket/Collisions/Cube (4)"
[21:28:35.6272888] [Warning: Unity Log] BoxCollider does not support negative scale or size.
The effective box size has been forced positive and is likely to give unexpected collision geometry.
If you absolutely need to use negative scaling you can use the convex MeshCollider. Scene hierarchy path "Systems/LevelGeneration/LevelGenerationRoot/6appyroom(Clone)/Arrangements/ArrangementA/LungDockingStation/LungSocketMachine/BigSocket/Collisions/Cube (6)"
[21:28:35.6272888] [Warning: Unity Log] BoxCollider does not support negative scale or size.
The effective box size has been forced positive and is likely to give unexpected collision geometry.
If you absolutely need to use negative scaling you can use the convex MeshCollider. Scene hierarchy path "Systems/LevelGeneration/LevelGenerationRoot/6appyroom(Clone)/Arrangements/ArrangementB/LungDockingStation/LungSocketMachine/BigSocket/Collisions/Cube (4)"
[21:28:35.7734618] [Warning: Unity Log] BoxCollider does not support negative scale or size.
The effective box size has been forced positive and is likely to give unexpected collision geometry.
If you absolutely need to use negative scaling you can use the convex MeshCollider. Scene hierarchy path "Systems/LevelGeneration/LevelGenerationRoot/6ElevatorShaftHall(Clone)/GameObject/LargeVentCover (2)/Cube"
[21:28:35.9683044] [Warning: Unity Log] BoxCollider does not support negative scale or size.
The effective box size has been forced positive and is likely to give unexpected collision geometry.
If you absolutely need to use negative scaling you can use the convex MeshCollider. Scene hierarchy path "Systems/LevelGeneration/LevelGenerationRoot/6Garagestorage(Clone)/GameObject (2)/SH Roomset (1)/open or closed/open room/OpenRoom/(upturned) Cage room/BoxCage (65)"
[21:28:35.9683044] [Warning: Unity Log] BoxCollider does not support negative scale or size.
The effective box size has been forced positive and is likely to give unexpected collision geometry.
If you absolutely need to use negative scaling you can use the convex MeshCollider. Scene hierarchy path "Systems/LevelGeneration/LevelGenerationRoot/6Garagestorage(Clone)/GameObject (2)/SH Roomset/open or closed/closed room/closed rooms/office/CasesShelf (3) 1"
[21:28:35.9683044] [Warning: Unity Log] BoxCollider does not support negative scale or size.
The effective box size has been forced positive and is likely to give unexpected collision geometry.
If you absolutely need to use negative scaling you can use the convex MeshCollider. Scene hierarchy path "Systems/LevelGeneration/LevelGenerationRoot/6Garagestorage(Clone)/GameObject (2)/SH Roomset/open or closed/open room/OpenRoom/cabinet room/random stuff/CasesShelf (3) 1"
[21:28:35.9683044] [Warning: Unity Log] BoxCollider does not support negative scale or size.
The effective box size has been forced positive and is likely to give unexpected collision geometry.
If you absolutely need to use negative scaling you can use the convex MeshCollider. Scene hierarchy path "Systems/LevelGeneration/LevelGenerationRoot/6Garagestorage(Clone)/GameObject (3)/SH Roomset/open or closed/open room/OpenRoom/corner shelf left/props/CasesShelf (3) 1"
[21:28:35.9683044] [Warning: Unity Log] BoxCollider does not support negative scale or size.
The effective box size has been forced positive and is likely to give unexpected collision geometry.
If you absolutely need to use negative scaling you can use the convex MeshCollider. Scene hierarchy path "Systems/LevelGeneration/LevelGenerationRoot/6Garagestorage(Clone)/GameObject (3)/SH Roomset (1)/open or closed/open room/OpenRoom/(upturned) Cage room/BoxCage (66)"
[21:28:35.9683044] [Warning: Unity Log] BoxCollider does not support negative scale or size.
The effective box size has been forced positive and is likely to give unexpected collision geometry.
If you absolutely need to use negative scaling you can use the convex MeshCollider. Scene hierarchy path "Systems/LevelGeneration/LevelGenerationRoot/6Garagestorage(Clone)/GameObject (3)/SH Roomset (1)/open or closed/open room/OpenRoom/(upturned) Cage room/BoxCage (64)"
[21:28:35.9683044] [Warning: Unity Log] BoxCollider does not support negative scale or size.
The effective box size has been forced positive and is likely to give unexpected collision geometry.
If you absolutely need to use negative scaling you can use the convex MeshCollider. Scene hierarchy path "Systems/LevelGeneration/LevelGenerationRoot/6Garagestorage(Clone)/GameObject (3)/SH Roomset (1)/open or closed/open room/OpenRoom/(upturned) Cage room/BoxCage (65)"
[21:28:35.9683044] [Warning: Unity Log] BoxCollider does not support negative scale or size.
The effective box size has been forced positive and is likely to give unexpected collision geometry.
If you absolutely need to use negative scaling you can use the convex MeshCollider. Scene hierarchy path "Systems/LevelGeneration/LevelGenerationRoot/6Garagestorage(Clone)/GameObject (2)/SH Roomset/open or closed/open room/OpenRoom/(upturned) Cage room/BoxCage (65)"
[21:28:35.9683044] [Warning: Unity Log] BoxCollider does not support negative scale or size.
The effective box size has been forced positive and is likely to give unexpected collision geometry.
If you absolutely need to use negative scaling you can use the convex MeshCollider. Scene hierarchy path "Systems/LevelGeneration/LevelGenerationRoot/6Garagestorage(Clone)/GameObject (2)/SH Roomset (1)/open or closed/open room/OpenRoom/(upturned) Cage room/BoxCage (64)"
[21:28:35.9683044] [Warning: Unity Log] BoxCollider does not support negative scale or size.
The effective box size has been forced positive and is likely to give unexpected collision geometry.
If you absolutely need to use negative scaling you can use the convex MeshCollider. Scene hierarchy path "Systems/LevelGeneration/LevelGenerationRoot/6Garagestorage(Clone)/GameObject (3)/SH Roomset/open or closed/open room/OpenRoom/cabinet room/random stuff/CasesShelf (3) 1"
[21:28:35.9683044] [Warning: Unity Log] BoxCollider does not support negative scale or size.
The effective box size has been forced positive and is likely to give unexpected collision geometry.
If you absolutely need to use negative scaling you can use the convex MeshCollider. Scene hierarchy path "Systems/LevelGeneration/LevelGenerationRoot/6Garagestorage(Clone)/GameObject (3)/SH Roomset (1)/open or closed/open room/OpenRoom/corner shelf left/props/CasesShelf (3) 1"
[21:28:35.9683044] [Warning: Unity Log] BoxCollider does not support negative scale or size.
The effective box size has been forced positive and is likely to give unexpected collision geometry.
If you absolutely need to use negative scaling you can use the convex MeshCollider. Scene hierarchy path "Systems/LevelGeneration/LevelGenerationRoot/6Garagestorage(Clone)/GameObject (3)/SH Roomset/open or closed/open room/OpenRoom/(upturned) Cage room/BoxCage (66)"
[21:28:35.9683044] [Warning: Unity Log] BoxCollider does not support negative scale or size.
The effective box size has been forced positive and is likely to give unexpected collision geometry.
If you absolutely need to use negative scaling you can use the convex MeshCollider. Scene hierarchy path "Systems/LevelGeneration/LevelGenerationRoot/6Garagestorage(Clone)/GameObject (3)/SH Roomset (1)/open or closed/closed room/closed rooms/office/CasesShelf (3) 1"
[21:28:35.9683044] [Warning: Unity Log] BoxCollider does not support negative scale or size.
The effective box size has been forced positive and is likely to give unexpected collision geometry.
If you absolutely need to use negative scaling you can use the convex MeshCollider. Scene hierarchy path "Systems/LevelGeneration/LevelGenerationRoot/6Garagestorage(Clone)/GameObject (3)/SH Roomset/open or closed/open room/OpenRoom/(upturned) Cage room/BoxCage (65)"
[21:28:35.9683044] [Warning: Unity Log] BoxCollider does not support negative scale or size.
The effective box size has been forced positive and is likely to give unexpected collision geometry.
If you absolutely need to use negative scaling you can use the convex MeshCollider. Scene hierarchy path "Systems/LevelGeneration/LevelGenerationRoot/6Garagestorage(Clone)/GameObject (3)/SH Roomset (1)/open or closed/open room/OpenRoom/cabinet room/random stuff/CasesShelf (3) 1"
[21:28:35.9683044] [Warning: Unity Log] BoxCollider does not support negative scale or size.
The effective box size has been forced positive and is likely to give unexpected collision geometry.
If you absolutely need to use negative scaling you can use the convex MeshCollider. Scene hierarchy path "Systems/LevelGeneration/LevelGenerationRoot/6Garagestorage(Clone)/GameObject (2)/SH Roomset (1)/open or closed/open room/OpenRoom/corner shelf left/props/CasesShelf (3) 1"
[21:28:35.9683044] [Warning: Unity Log] BoxCollider does not support negative scale or size.
The effective box size has been forced positive and is likely to give unexpected collision geometry.
If you absolutely need to use negative scaling you can use the convex MeshCollider. Scene hierarchy path "Systems/LevelGeneration/LevelGenerationRoot/6Garagestorage(Clone)/GameObject (2)/SH Roomset (1)/open or closed/open room/OpenRoom/cabinet room/random stuff/CasesShelf (3) 1"
[21:28:35.9683044] [Warning: Unity Log] BoxCollider does not support negative scale or size.
The effective box size has been forced positive and is likely to give unexpected collision geometry.
If you absolutely need to use negative scaling you can use the convex MeshCollider. Scene hierarchy path "Systems/LevelGeneration/LevelGenerationRoot/6Garagestorage(Clone)/GameObject (2)/SH Roomset (1)/open or closed/open room/OpenRoom/(upturned) Cage room/BoxCage (66)"
[21:28:35.9683044] [Warning: Unity Log] BoxCollider does not support negative scale or size.
The effective box size has been forced positive and is likely to give unexpected collision geometry.
If you absolutely need to use negative scaling you can use the convex MeshCollider. Scene hierarchy path "Systems/LevelGeneration/LevelGenerationRoot/6Garagestorage(Clone)/GameObject (3)/SH Roomset/open or closed/open room/OpenRoom/(upturned) Cage room/BoxCage (64)"
[21:28:35.9683044] [Warning: Unity Log] BoxCollider does not support negative scale or size.
The effective box size has been forced positive and is likely to give unexpected collision geometry.
If you absolutely need to use negative scaling you can use the convex MeshCollider. Scene hierarchy path "Systems/LevelGeneration/LevelGenerationRoot/6Garagestorage(Clone)/GameObject (3)/SH Roomset/open or closed/closed room/closed rooms/office/CasesShelf (3) 1"
[21:28:35.9683044] [Warning: Unity Log] BoxCollider does not support negative scale or size.
The effective box size has been forced positive and is likely to give unexpected collision geometry.
If you absolutely need to use negative scaling you can use the convex MeshCollider. Scene hierarchy path "Systems/LevelGeneration/LevelGenerationRoot/6Garagestorage(Clone)/GameObject (2)/SH Roomset/open or closed/open room/OpenRoom/(upturned) Cage room/BoxCage (64)"
[21:28:35.9683044] [Warning: Unity Log] BoxCollider does not support negative scale or size.
The effective box size has been forced positive and is likely to give unexpected collision geometry.
If you absolutely need to use negative scaling you can use the convex MeshCollider. Scene hierarchy path "Systems/LevelGeneration/LevelGenerationRoot/6Garagestorage(Clone)/GameObject (2)/SH Roomset/open or closed/open room/OpenRoom/corner shelf left/props/CasesShelf (3) 1"
[21:28:35.9683044] [Warning: Unity Log] BoxCollider does not support negative scale or size.
The effective box size has been forced positive and is likely to give unexpected collision geometry.
If you absolutely need to use negative scaling you can use the convex MeshCollider. Scene hierarchy path "Systems/LevelGeneration/LevelGenerationRoot/6Garagestorage(Clone)/GameObject (2)/SH Roomset/open or closed/open room/OpenRoom/(upturned) Cage room/BoxCage (66)"
[21:28:35.9683044] [Warning: Unity Log] BoxCollider does not support negative scale or size.
The effective box size has been forced positive and is likely to give unexpected collision geometry.
If you absolutely need to use negative scaling you can use the convex MeshCollider. Scene hierarchy path "Systems/LevelGeneration/LevelGenerationRoot/6Garagestorage(Clone)/GameObject (2)/SH Roomset (1)/open or closed/closed room/closed rooms/office/CasesShelf (3) 1"
[21:28:36.0438090] [Debug  :ReXuvination] Optimised Collider layers in KillLocalPlayer for Object: KillTrigger (2) (UnityEngine.GameObject)
[21:28:36.0438090] [Debug  :ReXuvination] Optimised Collider layers in KillLocalPlayer for Object: KillTrigger (1) (UnityEngine.GameObject)
[21:28:36.0478140] [Debug  :ReXuvination] Optimised Collider layers in InteractTrigger for Object: KillTrigger (2) (UnityEngine.GameObject)
[21:28:36.0478140] [Debug  :ReXuvination] Optimised Collider layers in InteractTrigger for Object: KillTrigger (1) (UnityEngine.GameObject)
[21:28:36.2801467] [Debug  :ReXuvination] Optimised Collider layers in KillLocalPlayer for Object: KillTrigger (2) (UnityEngine.GameObject)
[21:28:36.2801467] [Debug  :ReXuvination] Optimised Collider layers in KillLocalPlayer for Object: KillTrigger (1) (UnityEngine.GameObject)
[21:28:36.2846655] [Debug  :ReXuvination] Optimised Collider layers in InteractTrigger for Object: KillTrigger (2) (UnityEngine.GameObject)
[21:28:36.2846655] [Debug  :ReXuvination] Optimised Collider layers in InteractTrigger for Object: KillTrigger (1) (UnityEngine.GameObject)
[21:28:36.4818005] [Debug  :ReXuvination] Optimised Collider layers in KillLocalPlayer for Object: KillTrigger (1) (UnityEngine.GameObject)
[21:28:36.4818005] [Debug  :ReXuvination] Optimised Collider layers in KillLocalPlayer for Object: KillTrigger (2) (UnityEngine.GameObject)
[21:28:36.4848170] [Debug  :ReXuvination] Optimised Collider layers in InteractTrigger for Object: KillTrigger (1) (UnityEngine.GameObject)
[21:28:36.4848170] [Debug  :ReXuvination] Optimised Collider layers in InteractTrigger for Object: KillTrigger (2) (UnityEngine.GameObject)
[21:28:36.6265969] [Debug  :ReXuvination] Optimised Collider layers in KillLocalPlayer for Object: KillTrigger (1) (UnityEngine.GameObject)
[21:28:36.6275982] [Debug  :ReXuvination] Optimised Collider layers in InteractTrigger for Object: KillTrigger (1) (UnityEngine.GameObject)
[21:28:36.6624908] [Debug  :ReXuvination] Optimised Collider layers in KillLocalPlayer for Object: KillTrigger (1) (UnityEngine.GameObject)
[21:28:36.6624908] [Debug  :ReXuvination] Optimised Collider layers in KillLocalPlayer for Object: KillTrigger (2) (UnityEngine.GameObject)
[21:28:36.6670045] [Debug  :ReXuvination] Optimised Collider layers in InteractTrigger for Object: KillTrigger (1) (UnityEngine.GameObject)
[21:28:36.6670045] [Debug  :ReXuvination] Optimised Collider layers in InteractTrigger for Object: KillTrigger (2) (UnityEngine.GameObject)
[21:28:36.8584110] [Debug  :ReXuvination] Optimised Collider layers in KillLocalPlayer for Object: KillTrigger (1) (UnityEngine.GameObject)
[21:28:36.8584110] [Debug  :ReXuvination] Optimised Collider layers in KillLocalPlayer for Object: KillTrigger (2) (UnityEngine.GameObject)
[21:28:36.8619248] [Debug  :ReXuvination] Optimised Collider layers in InteractTrigger for Object: KillTrigger (1) (UnityEngine.GameObject)
[21:28:36.8619248] [Debug  :ReXuvination] Optimised Collider layers in InteractTrigger for Object: KillTrigger (2) (UnityEngine.GameObject)
[21:28:37.0544472] [Debug  :TestAccountCore] Hazard injection: 0 matches, 0 hazards
[21:28:37.0544472] [Debug  :TestAccountCore] Hazard injection: 0 matches, 0 hazards
[21:28:37.0544472] [Debug  :TestAccountCore] Hazard injection: 0 matches, 0 hazards
[21:28:37.0544472] [Debug  :TestAccountCore] Hazard injection: 0 matches, 0 hazards
[21:28:37.0554475] [Debug  :TestAccountCore] Hazard injection: 0 matches, 0 hazards
[21:28:37.0554475] [Debug  :TestAccountCore] Hazard injection: 0 matches, 0 hazards
[21:28:37.0554475] [Debug  :TestAccountCore] Hazard injection: 0 matches, 0 hazards
[21:28:37.0554475] [Debug  :TestAccountCore] Hazard injection: 0 matches, 0 hazards
[21:28:37.0554475] [Debug  :TestAccountCore] Hazard injection: 0 matches, 0 hazards
[21:28:37.0554475] [Debug  :TestAccountCore] Hazard injection: 0 matches, 0 hazards
[21:28:37.0554475] [Debug  :TestAccountCore] Hazard injection: 0 matches, 0 hazards
[21:28:37.0554475] [Debug  :TestAccountCore] Hazard injection: 0 matches, 0 hazards
[21:28:37.0554475] [Debug  :TestAccountCore] Hazard injection: 0 matches, 0 hazards
[21:28:37.0554475] [Debug  :TestAccountCore] Hazard injection: 0 matches, 0 hazards
[21:28:37.0554475] [Debug  :TestAccountCore] Hazard injection: 0 matches, 0 hazards
[21:28:37.0554475] [Debug  :TestAccountCore] Hazard injection: 0 matches, 0 hazards
[21:28:37.0554475] [Debug  :TestAccountCore] Hazard injection: 0 matches, 0 hazards
[21:28:37.0554475] [Debug  :TestAccountCore] Hazard injection: 0 matches, 0 hazards
[21:28:37.0554475] [Debug  :TestAccountCore] Hazard injection: 0 matches, 0 hazards
[21:28:37.0554475] [Debug  :TestAccountCore] Hazard injection: 0 matches, 0 hazards
[21:28:37.0554475] [Debug  :TestAccountCore] Hazard injection: 0 matches, 0 hazards
[21:28:37.0554475] [Debug  :TestAccountCore] Hazard injection: 0 matches, 0 hazards
[21:28:37.0564476] [Debug  :TestAccountCore] Hazard injection: 0 matches, 0 hazards
[21:28:37.0564476] [Debug  :TestAccountCore] Hazard injection: 0 matches, 0 hazards
[21:28:37.0564476] [Debug  :TestAccountCore] Hazard injection: 0 matches, 0 hazards
[21:28:37.0564476] [Debug  :TestAccountCore] Hazard injection: 0 matches, 0 hazards
[21:28:37.0564476] [Debug  :TestAccountCore] Hazard injection: 0 matches, 0 hazards
[21:28:37.0564476] [Debug  :TestAccountCore] Hazard injection: 0 matches, 0 hazards
[21:28:37.0564476] [Debug  :TestAccountCore] Hazard injection: 0 matches, 0 hazards
[21:28:37.0564476] [Debug  :TestAccountCore] Hazard injection: 0 matches, 0 hazards
[21:28:37.0564476] [Debug  :TestAccountCore] Hazard injection: 0 matches, 0 hazards
[21:28:37.0564476] [Debug  :TestAccountCore] Hazard injection: 0 matches, 0 hazards
[21:28:37.0564476] [Debug  :TestAccountCore] Hazard injection: 0 matches, 0 hazards
[21:28:37.0564476] [Debug  :TestAccountCore] Hazard injection: 0 matches, 0 hazards
[21:28:37.0564476] [Debug  :TestAccountCore] Hazard injection: 0 matches, 0 hazards
[21:28:37.0564476] [Debug  :TestAccountCore] Hazard injection: 0 matches, 0 hazards
[21:28:37.0564476] [Debug  :TestAccountCore] Hazard injection: 0 matches, 0 hazards
[21:28:37.0564476] [Debug  :TestAccountCore] Hazard injection: 0 matches, 0 hazards
[21:28:37.0564476] [Debug  :TestAccountCore] Hazard injection: 0 matches, 0 hazards
[21:28:37.0564476] [Debug  :TestAccountCore] Hazard injection: 0 matches, 0 hazards
[21:28:37.0564476] [Debug  :TestAccountCore] Hazard injection: 0 matches, 0 hazards
[21:28:37.0564476] [Debug  :TestAccountCore] Hazard injection: 0 matches, 0 hazards
[21:28:37.0564476] [Debug  :TestAccountCore] Hazard injection: 0 matches, 0 hazards
[21:28:37.0564476] [Debug  :TestAccountCore] Hazard injection: 0 matches, 0 hazards
[21:28:37.0574475] [Debug  :TestAccountCore] Hazard injection: 0 matches, 0 hazards
[21:28:37.0574475] [Debug  :TestAccountCore] Hazard injection: 0 matches, 0 hazards
[21:28:37.0574475] [Debug  :TestAccountCore] Hazard injection: 0 matches, 0 hazards
[21:28:37.0574475] [Debug  :TestAccountCore] Hazard injection: 0 matches, 0 hazards
[21:28:37.0574475] [Debug  :TestAccountCore] Hazard injection: 0 matches, 0 hazards
[21:28:37.0574475] [Debug  :TestAccountCore] Hazard injection: 0 matches, 0 hazards
[21:28:37.0574475] [Debug  :TestAccountCore] Hazard injection: 0 matches, 0 hazards
[21:28:37.0574475] [Debug  :TestAccountCore] Hazard injection: 0 matches, 0 hazards
[21:28:37.0574475] [Debug  :TestAccountCore] Hazard injection: 0 matches, 0 hazards
[21:28:37.0574475] [Debug  :TestAccountCore] Hazard injection: 0 matches, 0 hazards
[21:28:37.0574475] [Debug  :TestAccountCore] Hazard injection: 0 matches, 0 hazards
[21:28:37.0574475] [Debug  :TestAccountCore] Hazard injection: 0 matches, 0 hazards
[21:28:37.0574475] [Debug  :TestAccountCore] Hazard injection: 0 matches, 0 hazards
[21:28:37.0574475] [Debug  :TestAccountCore] Hazard injection: 0 matches, 0 hazards
[21:28:37.0574475] [Debug  :TestAccountCore] Hazard injection: 0 matches, 0 hazards
[21:28:37.0574475] [Debug  :TestAccountCore] Hazard injection: 0 matches, 0 hazards
[21:28:37.0574475] [Debug  :TestAccountCore] Hazard injection: 0 matches, 0 hazards
[21:28:37.0574475] [Debug  :TestAccountCore] Hazard injection: 0 matches, 0 hazards
[21:28:37.0574475] [Debug  :TestAccountCore] Hazard injection: 0 matches, 0 hazards
[21:28:37.0574475] [Debug  :TestAccountCore] Hazard injection: 0 matches, 0 hazards
[21:28:37.0574475] [Debug  :TestAccountCore] Hazard injection: 0 matches, 0 hazards
[21:28:37.0574475] [Debug  :TestAccountCore] Hazard injection: 0 matches, 0 hazards
[21:28:37.1711480] [Debug  :TestAccountCore] Hazard injection: 0 matches, 0 hazards
[21:28:37.1711480] [Debug  :TestAccountCore] Hazard injection: 0 matches, 0 hazards
[21:28:37.1711480] [Debug  :TestAccountCore] Hazard injection: 0 matches, 0 hazards
[21:28:37.1711480] [Debug  :TestAccountCore] Hazard injection: 0 matches, 0 hazards
[21:28:37.1711480] [Debug  :TestAccountCore] Hazard injection: 0 matches, 0 hazards
[21:28:37.1711480] [Debug  :TestAccountCore] Hazard injection: 0 matches, 0 hazards
[21:28:37.1711480] [Debug  :TestAccountCore] Hazard injection: 0 matches, 0 hazards
[21:28:37.1711480] [Debug  :TestAccountCore] Hazard injection: 0 matches, 0 hazards
[21:28:37.1711480] [Debug  :TestAccountCore] Hazard injection: 0 matches, 0 hazards
[21:28:37.1711480] [Debug  :TestAccountCore] Hazard injection: 0 matches, 0 hazards
[21:28:37.1711480] [Debug  :TestAccountCore] Hazard injection: 0 matches, 0 hazards
[21:28:37.1711480] [Debug  :TestAccountCore] Hazard injection: 0 matches, 0 hazards
[21:28:37.1711480] [Debug  :TestAccountCore] Hazard injection: 0 matches, 0 hazards
[21:28:37.1711480] [Debug  :TestAccountCore] Hazard injection: 0 matches, 0 hazards
[21:28:37.1711480] [Debug  :TestAccountCore] Hazard injection: 0 matches, 0 hazards
[21:28:37.1711480] [Debug  :TestAccountCore] Hazard injection: 0 matches, 0 hazards
[21:28:37.1711480] [Debug  :TestAccountCore] Hazard injection: 0 matches, 0 hazards
[21:28:37.1711480] [Debug  :TestAccountCore] Hazard injection: 0 matches, 0 hazards
[21:28:37.1711480] [Debug  :TestAccountCore] Hazard injection: 0 matches, 0 hazards
[21:28:37.1711480] [Debug  :TestAccountCore] Hazard injection: 0 matches, 0 hazards
[21:28:37.1711480] [Debug  :TestAccountCore] Hazard injection: 0 matches, 0 hazards
[21:28:37.1711480] [Debug  :TestAccountCore] Hazard injection: 0 matches, 0 hazards
[21:28:37.1721489] [Debug  :TestAccountCore] Hazard injection: 0 matches, 0 hazards
[21:28:37.1721489] [Debug  :TestAccountCore] Hazard injection: 0 matches, 0 hazards
[21:28:37.1721489] [Debug  :TestAccountCore] Hazard injection: 0 matches, 0 hazards
[21:28:37.1721489] [Debug  :TestAccountCore] Hazard injection: 0 matches, 0 hazards
[21:28:37.1721489] [Debug  :TestAccountCore] Hazard injection: 0 matches, 0 hazards
[21:28:37.1721489] [Debug  :TestAccountCore] Hazard injection: 0 matches, 0 hazards
[21:28:37.1721489] [Debug  :TestAccountCore] Hazard injection: 0 matches, 0 hazards
[21:28:37.1721489] [Debug  :TestAccountCore] Hazard injection: 0 matches, 0 hazards
[21:28:37.1721489] [Debug  :TestAccountCore] Hazard injection: 0 matches, 0 hazards
[21:28:37.1721489] [Debug  :TestAccountCore] Hazard injection: 0 matches, 0 hazards
[21:28:37.1721489] [Debug  :TestAccountCore] Hazard injection: 0 matches, 0 hazards
[21:28:37.1721489] [Debug  :TestAccountCore] Hazard injection: 0 matches, 0 hazards
[21:28:37.1721489] [Debug  :TestAccountCore] Hazard injection: 0 matches, 0 hazards
[21:28:37.1721489] [Debug  :TestAccountCore] Hazard injection: 0 matches, 0 hazards
[21:28:37.1721489] [Debug  :TestAccountCore] Hazard injection: 0 matches, 0 hazards
[21:28:37.1721489] [Debug  :TestAccountCore] Hazard injection: 0 matches, 0 hazards
[21:28:37.1721489] [Debug  :TestAccountCore] Hazard injection: 0 matches, 0 hazards
[21:28:37.1721489] [Debug  :TestAccountCore] Hazard injection: 0 matches, 0 hazards
[21:28:37.1721489] [Debug  :TestAccountCore] Hazard injection: 0 matches, 0 hazards
[21:28:37.1721489] [Debug  :TestAccountCore] Hazard injection: 0 matches, 0 hazards
[21:28:37.1721489] [Debug  :TestAccountCore] Hazard injection: 0 matches, 0 hazards
[21:28:37.1721489] [Debug  :TestAccountCore] Hazard injection: 0 matches, 0 hazards
[21:28:37.1721489] [Debug  :TestAccountCore] Hazard injection: 0 matches, 0 hazards
[21:28:37.1736529] [Debug  :TestAccountCore] Hazard injection: 0 matches, 0 hazards
[21:28:37.1736529] [Debug  :TestAccountCore] Hazard injection: 0 matches, 0 hazards
[21:28:37.1736529] [Debug  :TestAccountCore] Hazard injection: 0 matches, 0 hazards
[21:28:37.1736529] [Debug  :TestAccountCore] Hazard injection: 0 matches, 0 hazards
[21:28:37.1736529] [Debug  :TestAccountCore] Hazard injection: 0 matches, 0 hazards
[21:28:37.1736529] [Debug  :TestAccountCore] Hazard injection: 0 matches, 0 hazards
[21:28:37.1736529] [Debug  :TestAccountCore] Hazard injection: 0 matches, 0 hazards
[21:28:37.1736529] [Debug  :TestAccountCore] Hazard injection: 0 matches, 0 hazards
[21:28:37.1736529] [Debug  :TestAccountCore] Hazard injection: 0 matches, 0 hazards
[21:28:37.1736529] [Debug  :TestAccountCore] Hazard injection: 0 matches, 0 hazards
[21:28:37.1736529] [Debug  :TestAccountCore] Hazard injection: 0 matches, 0 hazards
[21:28:37.1736529] [Debug  :TestAccountCore] Hazard injection: 0 matches, 0 hazards
[21:28:37.1736529] [Debug  :TestAccountCore] Hazard injection: 0 matches, 0 hazards
[21:28:37.1736529] [Debug  :TestAccountCore] Hazard injection: 0 matches, 0 hazards
[21:28:37.1736529] [Debug  :TestAccountCore] Hazard injection: 0 matches, 0 hazards
[21:28:37.1736529] [Debug  :TestAccountCore] Hazard injection: 0 matches, 0 hazards
[21:28:37.1736529] [Debug  :TestAccountCore] Hazard injection: 0 matches, 0 hazards
[21:28:37.1736529] [Debug  :TestAccountCore] Hazard injection: 0 matches, 0 hazards
[21:28:37.1736529] [Debug  :TestAccountCore] Hazard injection: 0 matches, 0 hazards
[21:28:37.1736529] [Debug  :TestAccountCore] Hazard injection: 0 matches, 0 hazards
[21:28:37.1736529] [Debug  :TestAccountCore] Hazard injection: 0 matches, 0 hazards
[21:28:37.1746589] [Debug  :TestAccountCore] Hazard injection: 0 matches, 0 hazards
[21:28:37.1746589] [Debug  :TestAccountCore] Hazard injection: 0 matches, 0 hazards
[21:28:37.1746589] [Debug  :TestAccountCore] Hazard injection: 0 matches, 0 hazards
[21:28:37.1746589] [Debug  :TestAccountCore] Hazard injection: 0 matches, 0 hazards
[21:28:37.1746589] [Debug  :TestAccountCore] Hazard injection: 0 matches, 0 hazards
[21:28:37.1746589] [Debug  :TestAccountCore] Hazard injection: 0 matches, 0 hazards
[21:28:37.1746589] [Debug  :TestAccountCore] Hazard injection: 0 matches, 0 hazards
[21:28:37.1746589] [Debug  :TestAccountCore] Hazard injection: 0 matches, 0 hazards
[21:28:37.1756638] [Debug  :TestAccountCore] Hazard injection: 0 matches, 0 hazards
[21:28:37.1756638] [Debug  :TestAccountCore] Hazard injection: 0 matches, 0 hazards
[21:28:37.1756638] [Debug  :TestAccountCore] Hazard injection: 0 matches, 0 hazards
[21:28:37.1756638] [Debug  :TestAccountCore] Hazard injection: 0 matches, 0 hazards
[21:28:37.1756638] [Debug  :TestAccountCore] Hazard injection: 0 matches, 0 hazards
[21:28:37.1756638] [Debug  :TestAccountCore] Hazard injection: 0 matches, 0 hazards
[21:28:37.1756638] [Debug  :TestAccountCore] Hazard injection: 0 matches, 0 hazards
[21:28:37.1756638] [Debug  :TestAccountCore] Hazard injection: 0 matches, 0 hazards
[21:28:37.1756638] [Debug  :TestAccountCore] Hazard injection: 0 matches, 0 hazards
[21:28:37.1756638] [Debug  :TestAccountCore] Hazard injection: 0 matches, 0 hazards
[21:28:37.1756638] [Debug  :TestAccountCore] Hazard injection: 0 matches, 0 hazards
[21:28:37.1756638] [Debug  :TestAccountCore] Hazard injection: 0 matches, 0 hazards
[21:28:37.1756638] [Debug  :TestAccountCore] Hazard injection: 0 matches, 0 hazards
[21:28:37.1756638] [Debug  :TestAccountCore] Hazard injection: 0 matches, 0 hazards
[21:28:37.1756638] [Debug  :TestAccountCore] Hazard injection: 0 matches, 0 hazards
[21:28:37.1756638] [Debug  :TestAccountCore] Hazard injection: 0 matches, 0 hazards
[21:28:37.1756638] [Debug  :TestAccountCore] Hazard injection: 0 matches, 0 hazards
[21:28:37.1756638] [Debug  :TestAccountCore] Hazard injection: 0 matches, 0 hazards
[21:28:37.1756638] [Debug  :TestAccountCore] Hazard injection: 0 matches, 0 hazards
[21:28:37.1756638] [Debug  :TestAccountCore] Hazard injection: 0 matches, 0 hazards
[21:28:37.1756638] [Debug  :TestAccountCore] Hazard injection: 0 matches, 0 hazards
[21:28:37.1756638] [Debug  :TestAccountCore] Hazard injection: 0 matches, 0 hazards
[21:28:37.1756638] [Debug  :TestAccountCore] Hazard injection: 0 matches, 0 hazards
[21:28:37.1756638] [Debug  :TestAccountCore] Hazard injection: 0 matches, 0 hazards
[21:28:37.1756638] [Debug  :TestAccountCore] Hazard injection: 0 matches, 0 hazards
[21:28:37.1756638] [Debug  :TestAccountCore] Hazard injection: 0 matches, 0 hazards
[21:28:37.1766633] [Debug  :TestAccountCore] Hazard injection: 0 matches, 0 hazards
[21:28:37.1766633] [Debug  :TestAccountCore] Hazard injection: 0 matches, 0 hazards
[21:28:37.1766633] [Debug  :TestAccountCore] Hazard injection: 0 matches, 0 hazards
[21:28:37.1766633] [Debug  :TestAccountCore] Hazard injection: 0 matches, 0 hazards
[21:28:37.1766633] [Debug  :TestAccountCore] Hazard injection: 0 matches, 0 hazards
[21:28:37.1766633] [Debug  :TestAccountCore] Hazard injection: 0 matches, 0 hazards
[21:28:37.1766633] [Debug  :TestAccountCore] Hazard injection: 0 matches, 0 hazards
[21:28:37.1766633] [Debug  :TestAccountCore] Hazard injection: 0 matches, 0 hazards
[21:28:37.1766633] [Debug  :TestAccountCore] Hazard injection: 0 matches, 0 hazards
[21:28:37.1766633] [Debug  :TestAccountCore] Hazard injection: 0 matches, 0 hazards
[21:28:37.1766633] [Debug  :TestAccountCore] Hazard injection: 0 matches, 0 hazards
[21:28:37.1766633] [Debug  :TestAccountCore] Hazard injection: 0 matches, 0 hazards
[21:28:37.1766633] [Debug  :TestAccountCore] Hazard injection: 0 matches, 0 hazards
[21:28:37.1766633] [Debug  :TestAccountCore] Hazard injection: 0 matches, 0 hazards
[21:28:37.1766633] [Debug  :TestAccountCore] Hazard injection: 0 matches, 0 hazards
[21:28:37.1766633] [Debug  :TestAccountCore] Hazard injection: 0 matches, 0 hazards
[21:28:37.1766633] [Debug  :TestAccountCore] Hazard injection: 0 matches, 0 hazards
[21:28:37.1766633] [Debug  :TestAccountCore] Hazard injection: 0 matches, 0 hazards
[21:28:37.1766633] [Debug  :TestAccountCore] Hazard injection: 0 matches, 0 hazards
[21:28:37.1766633] [Debug  :TestAccountCore] Hazard injection: 0 matches, 0 hazards
[21:28:37.1766633] [Debug  :TestAccountCore] Hazard injection: 0 matches, 0 hazards
[21:28:37.1766633] [Debug  :TestAccountCore] Hazard injection: 0 matches, 0 hazards
[21:28:37.1766633] [Debug  :TestAccountCore] Hazard injection: 0 matches, 0 hazards
[21:28:37.1766633] [Debug  :TestAccountCore] Hazard injection: 0 matches, 0 hazards
[21:28:37.1766633] [Debug  :TestAccountCore] Hazard injection: 0 matches, 0 hazards
[21:28:37.1766633] [Debug  :TestAccountCore] Hazard injection: 0 matches, 0 hazards
[21:28:37.1766633] [Debug  :TestAccountCore] Hazard injection: 0 matches, 0 hazards
[21:28:37.1766633] [Debug  :TestAccountCore] Hazard injection: 0 matches, 0 hazards
[21:28:37.1766633] [Debug  :TestAccountCore] Hazard injection: 0 matches, 0 hazards
[21:28:37.1766633] [Debug  :TestAccountCore] Hazard injection: 0 matches, 0 hazards
[21:28:37.1766633] [Debug  :TestAccountCore] Hazard injection: 0 matches, 0 hazards
[21:28:37.1766633] [Debug  :TestAccountCore] Hazard injection: 0 matches, 0 hazards
[21:28:38.4077380] [Debug  : LethalMin] Number of Dungeons in Scene: 1 (Multiple Dungeons: False)
[21:28:38.4483623] [Info   : Unity Log] Interact trigger destroying! name: KillTrigger (2)
[21:28:38.4483623] [Info   : Unity Log] Interact trigger destroying! name: KillTrigger (1)
[21:28:38.4553806] [Info   : Unity Log] Interact trigger destroying! name: KillTrigger (2)
[21:28:38.4553806] [Info   : Unity Log] Interact trigger destroying! name: KillTrigger (1)
[21:28:38.4638998] [Info   : Unity Log] Interact trigger destroying! name: KillTrigger (1)
[21:28:38.4638998] [Info   : Unity Log] Interact trigger destroying! name: KillTrigger (2)
[21:28:38.4664201] [Info   : Unity Log] Interact trigger destroying! name: KillTrigger (1)
[21:28:38.4664201] [Info   : Unity Log] Interact trigger destroying! name: KillTrigger (2)
[21:28:38.4684210] [Info   : Unity Log] Interact trigger destroying! name: KillTrigger (1)
[21:28:38.4684210] [Info   : Unity Log] Interact trigger destroying! name: KillTrigger (2)
[21:28:38.6411035] [Info   :BrutalCompanyMinusExtraReborn] Area gen: 0
[21:28:38.6805168] [Error  : Unity Log] RuntimeNavMeshBuilder: Source mesh CardboardBox is skipped because it does not allow read access
[21:28:38.6820221] [Error  : Unity Log] RuntimeNavMeshBuilder: Source mesh CardboardBox is skipped because it does not allow read access
[21:28:38.6820221] [Error  : Unity Log] RuntimeNavMeshBuilder: Source mesh CardboardBox is skipped because it does not allow read access
[21:28:38.6820221] [Error  : Unity Log] RuntimeNavMeshBuilder: Source mesh Cover1 is skipped because it does not allow read access
[21:28:38.6820221] [Error  : Unity Log] RuntimeNavMeshBuilder: Source mesh Cover2 is skipped because it does not allow read access
[21:28:38.6820221] [Error  : Unity Log] RuntimeNavMeshBuilder: Source mesh FanBoxAndCenter is skipped because it does not allow read access
[21:28:38.6820221] [Error  : Unity Log] RuntimeNavMeshBuilder: Source mesh FanBlades is skipped because it does not allow read access
[21:28:38.6820221] [Error  : Unity Log] RuntimeNavMeshBuilder: Source mesh VentCoverBig is skipped because it does not allow read access
[21:28:38.6820221] [Error  : Unity Log] RuntimeNavMeshBuilder: Source mesh CardboardBox is skipped because it does not allow read access
[21:28:38.6820221] [Error  : Unity Log] RuntimeNavMeshBuilder: Source mesh CardboardBox is skipped because it does not allow read access
[21:28:38.6820221] [Error  : Unity Log] RuntimeNavMeshBuilder: Source mesh Cylinder is skipped because it does not allow read access
[21:28:38.6820221] [Error  : Unity Log] RuntimeNavMeshBuilder: Source mesh Cylinder is skipped because it does not allow read access
[21:28:38.6820221] [Error  : Unity Log] RuntimeNavMeshBuilder: Source mesh Cylinder is skipped because it does not allow read access
[21:28:38.6820221] [Error  : Unity Log] RuntimeNavMeshBuilder: Source mesh Cylinder is skipped because it does not allow read access
[21:28:38.6820221] [Error  : Unity Log] RuntimeNavMeshBuilder: Source mesh Cylinder is skipped because it does not allow read access
[21:28:38.6820221] [Error  : Unity Log] RuntimeNavMeshBuilder: Source mesh Cylinder is skipped because it does not allow read access
[21:28:38.6820221] [Error  : Unity Log] RuntimeNavMeshBuilder: Source mesh Cylinder is skipped because it does not allow read access
[21:28:38.6820221] [Error  : Unity Log] RuntimeNavMeshBuilder: Source mesh Cylinder is skipped because it does not allow read access
[21:28:38.6820221] [Error  : Unity Log] RuntimeNavMeshBuilder: Source mesh Cube is skipped because it does not allow read access
[21:28:38.6820221] [Error  : Unity Log] RuntimeNavMeshBuilder: Source mesh RollingChair is skipped because it does not allow read access
[21:28:38.6820221] [Error  : Unity Log] RuntimeNavMeshBuilder: Source mesh Cylinder.002 is skipped because it does not allow read access
[21:28:38.7877106] [Info   : Unity Log] Anomaly random yrotation farthest: -4
[21:28:38.8092526] [Info   : Unity Log] Anomaly random yrotation farthest: 188
[21:28:38.8137869] [Debug  :ButteRyBalance] OffenseLevel: SpawnDenialPoint (Entrance)
[21:28:38.8137869] [Debug  :ButteRyBalance] OffenseLevel: SpawnDenialPoint (Entrance)
[21:28:38.8207920] [Debug  :ButteRyBalance] OffenseLevel: SpawnDenialPoint (Ladder)
[21:28:38.8207920] [Debug  :ButteRyBalance] OffenseLevel: SpawnDenialPoint (Ladder)
[21:28:38.8207920] [Debug  :ButteRyBalance] OffenseLevel: SpawnDenialPoint (Ladder)
[21:28:38.8207920] [Debug  :ButteRyBalance] OffenseLevel: SpawnDenialPoint (Ladder)
[21:28:39.4245968] [Info   : Unity Log] Dungeon has finished generating on this client after multiple frames
[21:28:39.4341280] [Debug  :ReXuvination] Optimised Collider layers in InteractTrigger for Object: Metal Crate(Clone) (UnityEngine.GameObject)
[21:28:39.4341280] [Debug  :ReXuvination] Optimised Collider layers in InteractTrigger for Object: Mimic Metal Crate(Clone) (UnityEngine.GameObject)
[21:28:39.4341280] [Debug  :ReXuvination] Optimised Collider layers in InteractTrigger for Object: InteractTrigger (UnityEngine.GameObject)
[21:28:40.5785643] [Debug  :ReXuvination] Optimised Collider layers in InteractTrigger for Object: InteractTrigger (UnityEngine.GameObject)
[21:28:40.5785643] [Debug  :ReXuvination] Optimised Collider layers in InteractTrigger for Object: InteractTrigger (UnityEngine.GameObject)
[21:28:40.5785643] [Debug  :ReXuvination] Optimised Collider layers in InteractTrigger for Object: InteractTrigger (UnityEngine.GameObject)
[21:28:40.5785643] [Debug  :ReXuvination] Optimised Collider layers in InteractTrigger for Object: InteractTrigger (UnityEngine.GameObject)
[21:28:40.5795652] [Info   : Unity Log] Interact trigger destroying! name: InteractTrigger
[21:28:40.5866452] [Debug  :PizzaTowerEscapeMusic GameEventListener] Dungeon done generating
[21:28:40.6212285] [Info   : Unity Log] Players finished generating the new floor
[21:28:40.9437412] [Info   : Unity Log] Spawning synced props on server. Length: 28
[21:28:40.9447477] [Debug  :ReXuvination] Optimised Collider layers in DoorLock for Object: Cube (UnityEngine.GameObject)
[21:28:40.9457490] [Debug  :ReXuvination] Optimised Collider layers in DoorLock for Object: Cube (UnityEngine.GameObject)
[21:28:40.9467482] [Debug  :ReXuvination] Optimised Collider layers in DoorLock for Object: Cube (UnityEngine.GameObject)
[21:28:40.9467482] [Debug  :ReXuvination] Optimised Collider layers in DoorLock for Object: Cube (UnityEngine.GameObject)
[21:28:40.9467482] [Debug  :ReXuvination] Optimised Collider layers in DoorLock for Object: Cube (UnityEngine.GameObject)
[21:28:40.9467482] [Debug  :ReXuvination] Optimised Collider layers in DoorLock for Object: Cube (UnityEngine.GameObject)
[21:28:40.9467482] [Debug  :ReXuvination] Optimised Collider layers in DoorLock for Object: Cube (UnityEngine.GameObject)
[21:28:40.9467482] [Debug  :ReXuvination] Optimised Collider layers in DoorLock for Object: Cube (UnityEngine.GameObject)
[21:28:40.9477490] [Debug  :ReXuvination] Optimised Collider layers in DoorLock for Object: Cube (UnityEngine.GameObject)
[21:28:40.9477490] [Debug  :ReXuvination] Optimised Collider layers in DoorLock for Object: Cube (UnityEngine.GameObject)
[21:28:40.9477490] [Debug  :ReXuvination] Optimised Collider layers in DoorLock for Object: Cube (UnityEngine.GameObject)
[21:28:40.9492570] [Debug  :ReXuvination] Optimised Collider layers in DoorLock for Object: Cube (UnityEngine.GameObject)
[21:28:40.9492570] [Debug  :ReXuvination] Optimised Collider layers in DoorLock for Object: Cube (UnityEngine.GameObject)
[21:28:40.9492570] [Debug  :ReXuvination] Optimised Collider layers in DoorLock for Object: Cube (UnityEngine.GameObject)
[21:28:40.9492570] [Info   : LethalMin] Created Item Arrival Zone of type Exit on object EntranceTeleportB(Clone)
[21:28:40.9512635] [Debug  :ReXuvination] Optimised Collider layers in DoorLock for Object: Cube (UnityEngine.GameObject)
[21:28:40.9512635] [Debug  :ReXuvination] Optimised Collider layers in DoorLock for Object: Cube (UnityEngine.GameObject)
[21:28:40.9522621] [Error  : Unity Log] Spawning NetworkObjects with nested NetworkObjects is only supported for scene objects. Child NetworkObjects will not be spawned over the network!
[21:28:40.9522621] [Info   : LethalMin] Created Item Arrival Zone of type Exit on object EntranceTeleportA
[21:28:40.9537669] [Info   : Unity Log] clientRPC scrap values length: 0
[21:28:41.1180017] [Info   :KawaiiBone.Remnants] Patching remnant items spawns.
[21:28:41.1219983] [Info   : Unity Log] Number of scrap to spawn: 14. minTotalScrapValue: 100. Total value of items: 0.
[21:28:41.3996422] [Info   :BrutalCompanyMinusExtraReborn] Spawning 1 inside
[21:28:41.4207000] [Debug  :BrutalCompanyMinusExtraReborn] LungProp stats: [isScrap: True] [isLungDocked: True] [isLungPowered: True] [hasBeenHeld: False] [isInShipRoom: False] [isInElevator: False] [name: LungApparatus(Clone)] [scrapname: Apparatus] [currentDungeonType: 15]
[21:28:41.4222102] [Info   :BrutalCompanyMinusExtraReborn] Transmuting 11 scrap.
[21:28:41.4222102] [Info   :BrutalCompanyMinusExtraReborn] Got item: Airhorn
[21:28:41.4222102] [Warning: LethalMin] Pikmin Item AirHornCustom(Clone) does not exist in the PikminManager.
[21:28:41.4222102] [Info   :BrutalCompanyMinusExtraReborn] Got item: Chocobo
[21:28:41.4222102] [Warning: LethalMin] Pikmin Item Chocobo(Clone) does not exist in the PikminManager.
[21:28:41.4237179] [Info   :BrutalCompanyMinusExtraReborn] Got item: Garbage lid
[21:28:41.4237179] [Warning: LethalMin] Pikmin Item GarbageLid(Clone) does not exist in the PikminManager.
[21:28:41.4237179] [Info   :BrutalCompanyMinusExtraReborn] Got item: Helm of Domination
[21:28:41.4237179] [Warning: LethalMin] Pikmin Item HelmDomination(Clone) does not exist in the PikminManager.
[21:28:41.4237179] [Info   :BrutalCompanyMinusExtraReborn] Got item: Eevee
[21:28:41.4237179] [Warning: LethalMin] Pikmin Item Eevee(Clone) does not exist in the PikminManager.
[21:28:41.4237179] [Info   :BrutalCompanyMinusExtraReborn] Got item: Amber
[21:28:41.4237179] [Warning: LethalMin] Pikmin Item AmberCreature(Clone) does not exist in the PikminManager.
[21:28:41.4237179] [Info   :BrutalCompanyMinusExtraReborn] Got item: Homemade flashbang
[21:28:41.4237179] [Warning: LethalMin] Pikmin Item DiyFlashbang(Clone) does not exist in the PikminManager.
[21:28:41.4237179] [Info   :BrutalCompanyMinusExtraReborn] Got item: Maxwell
[21:28:41.4237179] [Warning: LethalMin] Pikmin Item Dingus(Clone) does not exist in the PikminManager.
[21:28:41.4237179] [Info   :BrutalCompanyMinusExtraReborn] Got item: Helm of Domination
[21:28:41.4237179] [Warning: LethalMin] Pikmin Item HelmDomination(Clone) does not exist in the PikminManager.
[21:28:41.4237179] [Info   :BrutalCompanyMinusExtraReborn] Got item: Moogle
[21:28:41.4237179] [Warning: LethalMin] Pikmin Item Moogle(Clone) does not exist in the PikminManager.
[21:28:41.4237179] [Info   :BrutalCompanyMinusExtraReborn] Got item: Toilet paper
[21:28:41.4237179] [Warning: LethalMin] Pikmin Item ToiletPaperRolls(Clone) does not exist in the PikminManager.
[21:28:41.4267266] [Info   :KawaiiBone.Remnants] Patching remnant items.
[21:28:41.4287271] [Info   :KawaiiBone.Remnants] Randomizing items batteries.
[21:28:41.4287271] [Info   :KawaiiBone.Remnants] Spawning bodies.
[21:28:41.4287271] [Warning:KawaiiBone.Remnants] List to spawn bodies on, is null or is empty!
[21:28:41.4287271] [Info   :KawaiiBone.Remnants] Patching spawn remnant items.
[21:28:41.4367574] [Info   :KawaiiBone.Remnants] Has updated Zap gun charge to 0.55
[21:28:41.4377560] [Info   :KawaiiBone.Remnants] Patching end of Spawn Scrap.
[21:28:41.4387564] [Info   : LethalMin] Spawing Onion items
[21:28:41.5028105] [Debug  :ainavt.lc.lethalconfig] Registered config "Matty's Fixes/Unknown/Medic Bag"
[21:28:41.5520233] [Info   : Unity Log] Anomaly random yrotation farthest: -13
[21:28:41.5535373] [Info   : Unity Log] Anomaly random yrotation farthest: 250
[21:28:41.5695547] [Info   :LethalFixes] Cached 1 Outside Map Objects
[21:28:41.5765665] [Debug  :ReXuvination] Optimised Collider layers in InteractTrigger for Object: Cube (UnityEngine.GameObject)
[21:28:41.5765665] [Debug  :ReXuvination] Optimised Collider layers in InteractTrigger for Object: Cube (UnityEngine.GameObject)
[21:28:41.5765665] [Debug  :ReXuvination] Optimised Collider layers in InteractTrigger for Object: Cube (UnityEngine.GameObject)
[21:28:41.5765665] [Debug  :ReXuvination] Optimised Collider layers in InteractTrigger for Object: Cube (UnityEngine.GameObject)
[21:28:41.5765665] [Debug  :ReXuvination] Optimised Collider layers in InteractTrigger for Object: Cube (UnityEngine.GameObject)
[21:28:41.5765665] [Debug  :ReXuvination] Optimised Collider layers in InteractTrigger for Object: Cube (UnityEngine.GameObject)
[21:28:41.5765665] [Debug  :ReXuvination] Optimised Collider layers in InteractTrigger for Object: Cube (UnityEngine.GameObject)
[21:28:41.5765665] [Debug  :ReXuvination] Optimised Collider layers in InteractTrigger for Object: Cube (UnityEngine.GameObject)
[21:28:41.5765665] [Debug  :ReXuvination] Optimised Collider layers in InteractTrigger for Object: Cube (UnityEngine.GameObject)
[21:28:41.5765665] [Debug  :ReXuvination] Optimised Collider layers in InteractTrigger for Object: Cube (UnityEngine.GameObject)
[21:28:41.5765665] [Debug  :ReXuvination] Optimised Collider layers in InteractTrigger for Object: Cube (UnityEngine.GameObject)
[21:28:41.5765665] [Debug  :ReXuvination] Optimised Collider layers in InteractTrigger for Object: BreakerSwitch1 (UnityEngine.GameObject)
[21:28:41.5765665] [Debug  :ReXuvination] Optimised Collider layers in InteractTrigger for Object: BreakerSwitch2 (UnityEngine.GameObject)
[21:28:41.5765665] [Debug  :ReXuvination] Optimised Collider layers in InteractTrigger for Object: BreakerSwitch3 (UnityEngine.GameObject)
[21:28:41.5765665] [Debug  :ReXuvination] Optimised Collider layers in InteractTrigger for Object: BreakerSwitch4 (UnityEngine.GameObject)
[21:28:41.5765665] [Debug  :ReXuvination] Optimised Collider layers in InteractTrigger for Object: BreakerSwitch5 (UnityEngine.GameObject)
[21:28:41.5765665] [Debug  :ReXuvination] Optimised Collider layers in InteractTrigger for Object: PowerBoxDoor (UnityEngine.GameObject)
[21:28:41.5765665] [Debug  :ReXuvination] Optimised Collider layers in InteractTrigger for Object: Cube (UnityEngine.GameObject)
[21:28:41.5765665] [Debug  :ReXuvination] Optimised Collider layers in InteractTrigger for Object: Cube (UnityEngine.GameObject)
[21:28:41.5765665] [Debug  :ReXuvination] Optimised Collider layers in InteractTrigger for Object: Cube (UnityEngine.GameObject)
[21:28:41.5765665] [Debug  :ReXuvination] Optimised Collider layers in InteractTrigger for Object: EntranceTeleportB(Clone) (UnityEngine.GameObject)
[21:28:41.5765665] [Debug  :ReXuvination] Optimised Collider layers in InteractTrigger for Object: Cube (UnityEngine.GameObject)
[21:28:41.5765665] [Debug  :ReXuvination] Optimised Collider layers in InteractTrigger for Object: Cube (UnityEngine.GameObject)
[21:28:41.5765665] [Debug  :ReXuvination] Optimised Collider layers in InteractTrigger for Object: Trigger (UnityEngine.GameObject)
[21:28:41.5765665] [Debug  :ReXuvination] Optimised Collider layers in InteractTrigger for Object: Trigger (UnityEngine.GameObject)
[21:28:41.5765665] [Debug  :ReXuvination] Optimised Collider layers in InteractTrigger for Object: EntranceTeleportA (UnityEngine.GameObject)
[21:28:41.5765665] [Debug  :ReXuvination] Optimised Collider layers in InteractTrigger for Object: Trigger (UnityEngine.GameObject)
[21:28:41.5765665] [Debug  :ReXuvination] Optimised Collider layers in InteractTrigger for Object: HoardingBugEggs(Clone) (UnityEngine.GameObject)
[21:28:41.5765665] [Debug  :ReXuvination] Optimised Collider layers in InteractTrigger for Object: DataPC(Clone) (UnityEngine.GameObject)
[21:28:41.5765665] [Debug  :ReXuvination] Optimised Collider layers in InteractTrigger for Object: Pentagram(Clone) (UnityEngine.GameObject)
[21:28:41.5765665] [Debug  :ReXuvination] Optimised Collider layers in InteractTrigger for Object: SerialDisplay (UnityEngine.GameObject)
[21:28:41.5765665] [Debug  :ReXuvination] Optimised Collider layers in InteractTrigger for Object: RedTrigger (UnityEngine.GameObject)
[21:28:41.5765665] [Debug  :ReXuvination] Optimised Collider layers in InteractTrigger for Object: RedTrigger (UnityEngine.GameObject)
[21:28:41.5765665] [Debug  :ReXuvination] Optimised Collider layers in InteractTrigger for Object: RedTrigger (UnityEngine.GameObject)
[21:28:41.5765665] [Debug  :ReXuvination] Optimised Collider layers in InteractTrigger for Object: RedTrigger (UnityEngine.GameObject)
[21:28:41.5765665] [Debug  :ReXuvination] Optimised Collider layers in InteractTrigger for Object: GreenTrigger (UnityEngine.GameObject)
[21:28:41.5765665] [Debug  :ReXuvination] Optimised Collider layers in InteractTrigger for Object: GreenTrigger (UnityEngine.GameObject)
[21:28:41.5765665] [Debug  :ReXuvination] Optimised Collider layers in InteractTrigger for Object: GreenTrigger (UnityEngine.GameObject)
[21:28:41.5765665] [Debug  :ReXuvination] Optimised Collider layers in InteractTrigger for Object: GreenTrigger (UnityEngine.GameObject)
[21:28:41.5765665] [Debug  :ReXuvination] Optimised Collider layers in InteractTrigger for Object: BlueTrigger (UnityEngine.GameObject)
[21:28:41.5765665] [Debug  :ReXuvination] Optimised Collider layers in InteractTrigger for Object: BlueTrigger (UnityEngine.GameObject)
[21:28:41.5765665] [Debug  :ReXuvination] Optimised Collider layers in InteractTrigger for Object: BlueTrigger (UnityEngine.GameObject)
[21:28:41.5765665] [Debug  :ReXuvination] Optimised Collider layers in InteractTrigger for Object: BlueTrigger (UnityEngine.GameObject)
[21:28:41.5785707] [Debug  :Matty's Fixes] Vanilla/Apparatus(340) needs to compute vertical offset - scheduled
[21:28:41.5785707] [Info   : LethalMin] Creating PikminItemNode for LungApparatus(Clone) at (-11.26, -203.37, 105.79)...
[21:28:41.5785707] [Debug  : LethalMin] Initializing PikminItem PikminItemNode(Clone) with item PikminItemNode(Clone) (True)
[21:28:41.5785707] [Info   : LethalMin] PikminItem PikminItemNode(Clone) has no carry strength set, setting to default
[21:28:41.5785707] [Debug  : LethalMin] Calculated weight for Apparatus: 31 lb, Devided weight: 12.4 lb
[21:28:41.5785707] [Debug  : LethalMin] A True, B True rename reasons
[21:28:41.5785707] [Debug  : LethalMin] (Apparatus (PikminItem Node)) Colider: LungApparatus(Clone) (UnityEngine.BoxCollider)
[21:28:41.5785707] [Debug  : LethalMin] (Apparatus (PikminItem Node)) Center: (-11.30, -203.38, 105.79)
[21:28:41.5795654] [Info   :LethalPerformance.Patcher] Saved 1 config(s)
[21:28:41.5805674] [Debug  :More Ship Upgrades] Midas Touch affecting apparatus is enabled, increasing the original scrap value of apparatus (80)...
[21:28:41.5805674] [Debug  :More Ship Upgrades] Set new scrap value of apparatus to 80...
[21:28:41.5805674] [Debug  :Buttery Fixes] Scan node: Apparatus
[21:28:41.5805674] [Debug  :Matty's Fixes] LethalLevelLoader/ImmersiveScraps/Fire hydrant(357) needs to compute vertical offset - scheduled
[21:28:41.6047855] [Debug  :Matty's Fixes] LethalLevelLoader/ImmersiveScraps/Beer can(358) needs to compute vertical offset - scheduled
[21:28:41.6236996] [Debug  :Matty's Fixes] LethalLib/ChillaxScraps/Uno Reverse Card(359) needs to compute vertical offset - scheduled
[21:28:41.6422256] [Debug  :Matty's Fixes] LethalLib/PremiumScraps/SODA(360) needs to compute vertical offset - scheduled
[21:28:41.6618343] [Debug  :Matty's Fixes] Vanilla/Clock(361) needs to compute vertical offset - scheduled
[21:28:41.6819371] [Debug  :Matty's Fixes] Vanilla/Clock(362) needs to compute vertical offset - scheduled
[21:28:41.7019695] [Debug  :Matty's Fixes] Vanilla/Clock(363) needs to compute vertical offset - scheduled
[21:28:41.7222127] [Debug  :Matty's Fixes] Vanilla/Clock(364) needs to compute vertical offset - scheduled
[21:28:41.7437495] [Debug  :Matty's Fixes] Vanilla/Clock(365) needs to compute vertical offset - scheduled
[21:28:41.7665977] [Debug  :Matty's Fixes] Vanilla/Clock(366) needs to compute vertical offset - scheduled
[21:28:41.7856210] [Debug  :Matty's Fixes] Vanilla/Clock(367) needs to compute vertical offset - scheduled
[21:28:41.8056545] [Debug  :Matty's Fixes] Vanilla/Clock(368) needs to compute vertical offset - scheduled
[21:28:41.8256850] [Debug  :Matty's Fixes] Vanilla/Clock(369) needs to compute vertical offset - scheduled
[21:28:41.8447098] [Debug  :Matty's Fixes] Vanilla/Clock(370) needs to compute vertical offset - scheduled
[21:28:41.8677433] [Debug  :Matty's Fixes] Vanilla/Clock(371) needs to compute vertical offset - scheduled
[21:28:41.8892770] [Debug  :Matty's Fixes] Vanilla/Zap gun(372) needs to compute vertical offset - scheduled
[21:28:41.9443578] [Debug  :Matty's Fixes] Unknown/Medic Bag(376) needs to compute vertical offset - scheduled
[21:28:41.9690206] [Debug  :Matty's Fixes] Unknown/Medic Bag(377) needs to compute vertical offset - scheduled
[21:28:41.9885464] [Debug  :Matty's Fixes] Unknown/Medic Bag(378) needs to compute vertical offset - scheduled
[21:28:42.0072605] [Debug  :Matty's Fixes] LethalLib/MoreShipUpgrades/Lost Scavenger(379) needs to compute vertical offset - scheduled
[21:28:42.0264261] [Debug  :Matty's Fixes] LethalLib/MoreShipUpgrades/Hoarding Bug Eggs(380) needs to compute vertical offset - scheduled
[21:28:42.0264261] [Warning: LethalMin] Item HoardingBugEggs(Clone) is not valid for Pikmin! Skipping...
[21:28:42.3128179] [Debug  :Matty's Fixes] LethalLib/MoreShipUpgrades/Data PC(381) needs to compute vertical offset - scheduled
[21:28:42.3128179] [Warning: LethalMin] Item DataPC(Clone) is not valid for Pikmin! Skipping...
[21:28:42.3485179] [Debug  :Matty's Fixes] LethalLib/MoreShipUpgrades/Heart(382) needs to compute vertical offset - scheduled
[21:28:42.4412056] [Debug  :Matty's Fixes] LethalLib/MoreShipUpgrades/Heart(383) needs to compute vertical offset - scheduled
[21:28:42.4655090] [Debug  :Matty's Fixes] LethalLib/MoreShipUpgrades/Heart(384) needs to compute vertical offset - scheduled
[21:28:42.4855716] [Debug  :Matty's Fixes] LethalLib/MoreShipUpgrades/Crucifix(385) needs to compute vertical offset - scheduled
[21:28:42.6657742] [Debug  :Matty's Fixes] LethalLib/MoreShipUpgrades/Crucifix(386) needs to compute vertical offset - scheduled
[21:28:42.6897906] [Debug  :Matty's Fixes] LethalLib/MoreShipUpgrades/Crucifix(387) needs to compute vertical offset - scheduled
[21:28:42.7098122] [Debug  :Matty's Fixes] LethalLib/MoreShipUpgrades/Candelabra(388) needs to compute vertical offset - scheduled
[21:28:43.3797510] [Debug  :Matty's Fixes] LethalLib/MoreShipUpgrades/Candelabra(389) needs to compute vertical offset - scheduled
[21:28:43.4022740] [Debug  :Matty's Fixes] LethalLib/MoreShipUpgrades/Candelabra(390) needs to compute vertical offset - scheduled
[21:28:43.4223132] [Debug  :Matty's Fixes] LethalLib/MoreShipUpgrades/Teddy Bear(391) needs to compute vertical offset - scheduled
[21:28:43.4438538] [Debug  :Matty's Fixes] LethalLib/MoreShipUpgrades/Teddy Bear(392) needs to compute vertical offset - scheduled
[21:28:43.4648822] [Debug  :Matty's Fixes] LethalLib/MoreShipUpgrades/Teddy Bear(393) needs to compute vertical offset - scheduled
[21:28:43.4838977] [Debug  :Matty's Fixes] LethalLib/MoreShipUpgrades/Bones(394) needs to compute vertical offset - scheduled
[21:28:43.5029181] [Debug  :Matty's Fixes] LethalLib/MoreShipUpgrades/Bones(395) needs to compute vertical offset - scheduled
[21:28:43.5229468] [Debug  :Matty's Fixes] LethalLib/MoreShipUpgrades/Bones(396) needs to compute vertical offset - scheduled
[21:28:43.5419627] [Debug  :Matty's Fixes] LethalLib/MoreShipUpgrades/Pentagram(397) needs to compute vertical offset - scheduled
[21:28:43.5419627] [Warning: LethalMin] Item Pentagram(Clone) is not valid for Pikmin! Skipping...
[21:28:43.5619833] [Debug  :Matty's Fixes] LethalLib/MoreShipUpgrades/Bomb(398) needs to compute vertical offset - scheduled
[21:28:43.5619833] [Warning: LethalMin] Item Bomb(Clone) is not valid for Pikmin! Skipping...
[21:28:44.0376491] [Debug  : LethalMin] Initializing PikminItem FirehydrantPrefab(Clone) with item FirehydrantPrefab(Clone) (True)
[21:28:44.0376491] [Debug  : LethalMin] Initializing PikminItem BeercanPrefab(Clone) with item BeercanPrefab(Clone) (True)
[21:28:44.0376491] [Debug  : LethalMin] Initializing PikminItem UnoReverseCard(Clone) with item UnoReverseCard(Clone) (True)
[21:28:44.0376491] [Debug  : LethalMin] Initializing PikminItem SODA(Clone) with item SODA(Clone) (True)
[21:28:44.0376491] [Debug  : LethalMin] Initializing PikminItem Clock(Clone) with item Clock(Clone) (True)
[21:28:44.0376491] [Debug  : LethalMin] Initializing PikminItem Clock(Clone) with item Clock(Clone) (True)
[21:28:44.0376491] [Debug  : LethalMin] Initializing PikminItem Clock(Clone) with item Clock(Clone) (True)
[21:28:44.0376491] [Debug  : LethalMin] Initializing PikminItem Clock(Clone) with item Clock(Clone) (True)
[21:28:44.0376491] [Debug  : LethalMin] Initializing PikminItem Clock(Clone) with item Clock(Clone) (True)
[21:28:44.0386503] [Debug  : LethalMin] Initializing PikminItem Clock(Clone) with item Clock(Clone) (True)
[21:28:44.0386503] [Debug  : LethalMin] Initializing PikminItem Clock(Clone) with item Clock(Clone) (True)
[21:28:44.0386503] [Debug  : LethalMin] Initializing PikminItem Clock(Clone) with item Clock(Clone) (True)
[21:28:44.0386503] [Debug  : LethalMin] Initializing PikminItem Clock(Clone) with item Clock(Clone) (True)
[21:28:44.0386503] [Debug  : LethalMin] Initializing PikminItem Clock(Clone) with item Clock(Clone) (True)
[21:28:44.0386503] [Debug  : LethalMin] Initializing PikminItem Clock(Clone) with item Clock(Clone) (True)
[21:28:44.0386503] [Debug  : LethalMin] Initializing PikminItem PatcherGunItem(Clone) with item PatcherGunItem(Clone) (True)
[21:28:44.0406504] [Info   : Unity Log] Landmine creating doorcode object in parent MapScreenUIWorldSpace (UnityEngine.RectTransform): DoorCodeUIObject(Clone)
[21:28:44.0421547] [Debug  :Buttery Fixes] Landmine #-727322: Nudged radar dot upwards
[21:28:44.0421547] [Debug  :ReXuvination] Optimised Collider layers in Landmine for Object: Landmine (UnityEngine.GameObject)
[21:28:44.0446626] [Info   : Unity Log] Landmine creating doorcode object in parent MapScreenUIWorldSpace (UnityEngine.RectTransform): DoorCodeUIObject(Clone)
[21:28:44.0446626] [Debug  :Buttery Fixes] Landmine #-727456: Nudged radar dot upwards
[21:28:44.0446626] [Debug  :ReXuvination] Optimised Collider layers in Landmine for Object: Landmine (UnityEngine.GameObject)
[21:28:44.0446626] [Info   : Unity Log] Landmine creating doorcode object in parent MapScreenUIWorldSpace (UnityEngine.RectTransform): DoorCodeUIObject(Clone)
[21:28:44.0446626] [Debug  :Buttery Fixes] Landmine #-727590: Nudged radar dot upwards
[21:28:44.0446626] [Debug  :ReXuvination] Optimised Collider layers in Landmine for Object: Landmine (UnityEngine.GameObject)
[21:28:44.0456631] [Warning: LethalMin] Pikmin Item MedKitMap(Clone) does not exist in the PikminManager.
[21:28:44.0456631] [Warning: LethalMin] Pikmin Item MedKitMap(Clone) does not exist in the PikminManager.
[21:28:44.0456631] [Warning: LethalMin] Pikmin Item MedKitMap(Clone) does not exist in the PikminManager.
[21:28:44.0456631] [Warning: LethalMin] Pikmin Item ScavExtract(Clone) does not exist in the PikminManager.
[21:28:44.0456631] [Warning: LethalMin] Pikmin Item Heart(Clone) does not exist in the PikminManager.
[21:28:44.0466621] [Warning: LethalMin] Pikmin Item Heart(Clone) does not exist in the PikminManager.
[21:28:44.0466621] [Warning: LethalMin] Pikmin Item Heart(Clone) does not exist in the PikminManager.
[21:28:44.0466621] [Warning: LethalMin] Pikmin Item Crucifix(Clone) does not exist in the PikminManager.
[21:28:44.0466621] [Warning: LethalMin] Pikmin Item Crucifix(Clone) does not exist in the PikminManager.
[21:28:44.0466621] [Warning: LethalMin] Pikmin Item Crucifix(Clone) does not exist in the PikminManager.
[21:28:44.0466621] [Warning: LethalMin] Pikmin Item candelabra(Clone) does not exist in the PikminManager.
[21:28:44.0466621] [Warning: LethalMin] Pikmin Item candelabra(Clone) does not exist in the PikminManager.
[21:28:44.0466621] [Warning: LethalMin] Pikmin Item candelabra(Clone) does not exist in the PikminManager.
[21:28:44.0466621] [Warning: LethalMin] Pikmin Item Teddy Bear(Clone) does not exist in the PikminManager.
[21:28:44.0466621] [Warning: LethalMin] Pikmin Item Teddy Bear(Clone) does not exist in the PikminManager.
[21:28:44.0466621] [Warning: LethalMin] Pikmin Item Teddy Bear(Clone) does not exist in the PikminManager.
[21:28:44.0466621] [Warning: LethalMin] Pikmin Item Bones(Clone) does not exist in the PikminManager.
[21:28:44.0466621] [Warning: LethalMin] Pikmin Item Bones(Clone) does not exist in the PikminManager.
[21:28:44.0466621] [Warning: LethalMin] Pikmin Item Bones(Clone) does not exist in the PikminManager.
[21:28:44.0857261] [Info   : Unity Log] Interact trigger destroying! name: Trigger
[21:28:44.0857261] [Info   : Unity Log] Interact trigger destroying! name: HoardingBugEggs(Clone)
[21:28:44.0857261] [Info   : Unity Log] Interact trigger destroying! name: DataPC(Clone)
[21:28:44.0877272] [Info   : Unity Log] Interact trigger destroying! name: Pentagram(Clone)
[21:28:44.0877272] [Info   : Unity Log] Interact trigger destroying! name: SerialDisplay
[21:28:44.0877272] [Info   : Unity Log] Interact trigger destroying! name: RedTrigger
[21:28:44.0877272] [Info   : Unity Log] Interact trigger destroying! name: RedTrigger
[21:28:44.0877272] [Info   : Unity Log] Interact trigger destroying! name: RedTrigger
[21:28:44.0877272] [Info   : Unity Log] Interact trigger destroying! name: RedTrigger
[21:28:44.0877272] [Info   : Unity Log] Interact trigger destroying! name: GreenTrigger
[21:28:44.0877272] [Info   : Unity Log] Interact trigger destroying! name: GreenTrigger
[21:28:44.0877272] [Info   : Unity Log] Interact trigger destroying! name: GreenTrigger
[21:28:44.0877272] [Info   : Unity Log] Interact trigger destroying! name: GreenTrigger
[21:28:44.0877272] [Info   : Unity Log] Interact trigger destroying! name: BlueTrigger
[21:28:44.0877272] [Info   : Unity Log] Interact trigger destroying! name: BlueTrigger
[21:28:44.0877272] [Info   : Unity Log] Interact trigger destroying! name: BlueTrigger
[21:28:44.0877272] [Info   : Unity Log] Interact trigger destroying! name: BlueTrigger
[21:28:44.0992442] [Debug  : LethalMin] Creating counter for Apparatus (PikminItem Node)
[21:28:44.1396000] [Debug  : LethalMin] IsClientRpcPrefixValid (No): RpcExecStage is Send, IsClient: True, IsHost: True FinishGeneratingNewLevelClientRpcPrefix
[21:28:44.1405999] [Debug  : LethalMin] IsClientRpcPrefixValid (Yes): RpcExecStage is Execute, IsClient: True, IsHost: True FinishGeneratingNewLevelClientRpcPrefix
[21:28:44.1405999] [Info   :BrutalCompanyMinusExtraReborn] Active State: True
[21:28:44.1757262] [Debug  :PathfindingLib] EntranceTeleportA (EntranceTeleport) (268) connects to EntranceTeleportA (EntranceTeleport) (344)
[21:28:44.1787258] [Debug  :PathfindingLib] EntranceTeleportB (EntranceTeleport) (269) connects to EntranceTeleportB(Clone) (EntranceTeleport) (337)
[21:28:44.1787258] [Debug  :PathfindingLib] EntranceTeleportB(Clone) (EntranceTeleport) (337) connects to EntranceTeleportB (EntranceTeleport) (269)
[21:28:44.1787258] [Debug  :PathfindingLib] EntranceTeleportA (EntranceTeleport) (344) connects to EntranceTeleportA (EntranceTeleport) (268)
[21:28:44.1807265] [Debug  : LethalMin] Found 4 entrances:
 - EntranceTeleportA <=> EntranceTeleportA
 - EntranceTeleportB <=> EntranceTeleportB(Clone)
[21:28:44.1822312] [Info   :CullFactory] Generation has completed with seed 40611317.
[21:28:44.2867789] [Info   :CullFactory] Preparing tile information for SHFlow took 78.453ms
[21:28:44.3007924] [Warning:LethalPerformance] GrabbableObject search called with inactive objects, probably will cause incompatibility!
[21:28:44.3535492] [Debug  :ButteRyBalance] Barber - Dynamic Spawn Settings: 2/8 (Interior ID: 15)
[21:28:44.3565590] [Info   :BrutalCompanyMinusExtraReborn] Failed to remove 'BaboonHawk' from enemy pool, either it dosen't exist on the map or wrong string used.
[21:28:44.3575600] [Debug  :Spawn Cycle Fixes] Predictor: Spawn wave at time 100
[21:28:44.3575600] [Debug  :Spawn Cycle Fixes] Predictor: Base amount is -2.838085
[21:28:44.3575600] [Debug  :Spawn Cycle Fixes] Predictor: Adjusted amount is -2.213085 (2 days left)
[21:28:44.3575600] [Debug  :Spawn Cycle Fixes] Predictor: Spawning 0 enemies
[21:28:44.3575600] [Debug  :Spawn Cycle Fixes] Predictor: Spawn wave at time 180
[21:28:44.3575600] [Debug  :Spawn Cycle Fixes] Predictor: Base amount is -2.615933
[21:28:44.3575600] [Debug  :Spawn Cycle Fixes] Predictor: Adjusted amount is -1.990933 (2 days left)
[21:28:44.3575600] [Debug  :Spawn Cycle Fixes] Predictor: Spawning 0 enemies
[21:28:44.3575600] [Debug  :Spawn Cycle Fixes] Predictor: Spawn wave at time 300
[21:28:44.3575600] [Debug  :Spawn Cycle Fixes] Predictor: Base amount is -2.215615
[21:28:44.3575600] [Debug  :Spawn Cycle Fixes] Predictor: Adjusted amount is -1.590615 (2 days left)
[21:28:44.3575600] [Debug  :Spawn Cycle Fixes] Predictor: Spawning 0 enemies
[21:28:44.3575600] [Debug  :Spawn Cycle Fixes] Predictor: Spawn wave at time 420
[21:28:44.3575600] [Debug  :Spawn Cycle Fixes] Predictor: Base amount is -1.474799
[21:28:44.3575600] [Debug  :Spawn Cycle Fixes] Predictor: Adjusted amount is -0.8497989 (2 days left)
[21:28:44.3575600] [Debug  :Spawn Cycle Fixes] Predictor: Spawning 0 enemies
[21:28:44.3575600] [Debug  :Spawn Cycle Fixes] Predictor: Spawn wave at time 540
[21:28:44.3575600] [Debug  :Spawn Cycle Fixes] Predictor: Base amount is -0.134636
[21:28:44.3575600] [Debug  :Spawn Cycle Fixes] Predictor: Adjusted amount is 0.490364 (2 days left)
[21:28:44.3575600] [Debug  :Spawn Cycle Fixes] Predictor: Spawning 0 enemies
[21:28:44.3575600] [Debug  :Spawn Cycle Fixes] Predictor: Spawn wave at time 660
[21:28:44.3575600] [Debug  :Spawn Cycle Fixes] Predictor: Base amount is 0.5946491
[21:28:44.3575600] [Debug  :Spawn Cycle Fixes] Predictor: Adjusted amount is 1.219649 (2 days left)
[21:28:44.3575600] [Debug  :Spawn Cycle Fixes] Predictor: Spawning 0 enemies
[21:28:44.3575600] [Debug  :Spawn Cycle Fixes] Predictor: Spawn wave at time 780
[21:28:44.3575600] [Debug  :Spawn Cycle Fixes] Predictor: Base amount is 1.126973
[21:28:44.3575600] [Debug  :Spawn Cycle Fixes] Predictor: Adjusted amount is 1.751973 (2 days left)
[21:28:44.3575600] [Debug  :Spawn Cycle Fixes] Predictor: Spawning 3 enemies
[21:28:44.3575600] [Debug  :Spawn Cycle Fixes] Predictor: Processing "MouthDog"
[21:28:44.3575600] [Debug  :Spawn Cycle Fixes] Predictor: "MouthDog" at 100 weight (0 spawned)
[21:28:44.3575600] [Debug  :Spawn Cycle Fixes] Predictor: Processing "ForestGiant"
[21:28:44.3575600] [Debug  :Spawn Cycle Fixes] Predictor: "ForestGiant" at 9 weight (0 spawned)
[21:28:44.3575600] [Debug  :Spawn Cycle Fixes] Predictor: Processing "SandWorm"
[21:28:44.3575600] [Debug  :Spawn Cycle Fixes] Predictor: "SandWorm" at 37 weight (0 spawned)
[21:28:44.3575600] [Debug  :Spawn Cycle Fixes] Predictor: Processing "RadMech"
[21:28:44.3575600] [Debug  :Spawn Cycle Fixes] Predictor: "RadMech" at 70 weight (0 spawned)
[21:28:44.3575600] [Debug  :Spawn Cycle Fixes] Predictor: Processing "Nutcracker"
[21:28:44.3575600] [Debug  :Spawn Cycle Fixes] Predictor: "Nutcracker" at 7 weight (0 spawned)
[21:28:44.3575600] [Debug  :Spawn Cycle Fixes] Predictor: Processing "SirenHead"
[21:28:44.3575600] [Debug  :Spawn Cycle Fixes] Predictor: "SirenHead" at 30 weight (0 spawned)
[21:28:44.3575600] [Debug  :Spawn Cycle Fixes] Predictor: Processing "Vermin"
[21:28:44.3575600] [Debug  :Spawn Cycle Fixes] Predictor: "Vermin" at 0 weight (0 spawned)
[21:28:44.3575600] [Debug  :Spawn Cycle Fixes] Predictor: Processing "KamikazieBug"
[21:28:44.3575600] [Debug  :Spawn Cycle Fixes] Predictor: "KamikazieBug" at 0 weight (0 spawned)
[21:28:44.3575600] [Debug  :Spawn Cycle Fixes] Predictor: Processing "JPOGRaptor"
[21:28:44.3575600] [Debug  :Spawn Cycle Fixes] Predictor: "JPOGRaptor" at 0 weight (0 spawned)
[21:28:44.3575600] [Debug  :Spawn Cycle Fixes] Predictor: Processing "JPOGTrexObj"
[21:28:44.3575600] [Debug  :Spawn Cycle Fixes] Predictor: "JPOGTrexObj" at 0 weight (0 spawned)
[21:28:44.3575600] [Debug  :Spawn Cycle Fixes] Predictor: Processing "CactusBudlingObj"
[21:28:44.3575600] [Debug  :Spawn Cycle Fixes] Predictor: "CactusBudlingObj" at 0 weight (0 spawned)
[21:28:44.3575600] [Debug  :Spawn Cycle Fixes] Predictor: Processing "DriftwoodMenaceObj"
[21:28:44.3575600] [Debug  :Spawn Cycle Fixes] Predictor: "DriftwoodMenaceObj" at 3 weight (0 spawned)
[21:28:44.3575600] [Debug  :Spawn Cycle Fixes] Predictor: Processing "MonarchObj"
[21:28:44.3575600] [Debug  :Spawn Cycle Fixes] Predictor: "MonarchObj" at 0 weight (0 spawned)
[21:28:44.3575600] [Debug  :Spawn Cycle Fixes] Predictor: Processing "RedwoodTitanObj"
[21:28:44.3575600] [Debug  :Spawn Cycle Fixes] Predictor: "RedwoodTitanObj" at 6 weight (0 spawned)
[21:28:44.3575600] [Debug  :Spawn Cycle Fixes] Predictor: Processing "DebtCollectorObj"
[21:28:44.3575600] [Debug  :Spawn Cycle Fixes] Predictor: Processing "GuardsmanObj"
[21:28:44.3575600] [Debug  :Spawn Cycle Fixes] Predictor: "GuardsmanObj" at 0 weight (0 spawned)
[21:28:44.3575600] [Debug  :Spawn Cycle Fixes] Predictor: Processing "KamikazieBug"
[21:28:44.3575600] [Debug  :Spawn Cycle Fixes] Predictor: "KamikazieBug" at 0 weight (0 spawned)
[21:28:44.3575600] [Debug  :Spawn Cycle Fixes] Predictor: 262 total weight
[21:28:44.3575600] [Debug  :Spawn Cycle Fixes] Predictor: Tracking "MouthDog"
[21:28:44.3575600] [Debug  :Spawn Cycle Fixes] Predictor: Processing "MouthDog"
[21:28:44.3575600] [Debug  :Spawn Cycle Fixes] Predictor: "MouthDog" at 100 weight (1 spawned)
[21:28:44.3575600] [Debug  :Spawn Cycle Fixes] Predictor: Processing "ForestGiant"
[21:28:44.3575600] [Debug  :Spawn Cycle Fixes] Predictor: "ForestGiant" at 9 weight (0 spawned)
[21:28:44.3575600] [Debug  :Spawn Cycle Fixes] Predictor: Processing "SandWorm"
[21:28:44.3575600] [Debug  :Spawn Cycle Fixes] Predictor: "SandWorm" at 37 weight (0 spawned)
[21:28:44.3575600] [Debug  :Spawn Cycle Fixes] Predictor: Processing "RadMech"
[21:28:44.3575600] [Debug  :Spawn Cycle Fixes] Predictor: "RadMech" at 70 weight (0 spawned)
[21:28:44.3575600] [Debug  :Spawn Cycle Fixes] Predictor: Processing "Nutcracker"
[21:28:44.3575600] [Debug  :Spawn Cycle Fixes] Predictor: "Nutcracker" at 7 weight (0 spawned)
[21:28:44.3575600] [Debug  :Spawn Cycle Fixes] Predictor: Processing "SirenHead"
[21:28:44.3575600] [Debug  :Spawn Cycle Fixes] Predictor: "SirenHead" at 30 weight (0 spawned)
[21:28:44.3575600] [Debug  :Spawn Cycle Fixes] Predictor: Processing "Vermin"
[21:28:44.3575600] [Debug  :Spawn Cycle Fixes] Predictor: "Vermin" at 0 weight (0 spawned)
[21:28:44.3575600] [Debug  :Spawn Cycle Fixes] Predictor: Processing "KamikazieBug"
[21:28:44.3575600] [Debug  :Spawn Cycle Fixes] Predictor: "KamikazieBug" at 0 weight (0 spawned)
[21:28:44.3575600] [Debug  :Spawn Cycle Fixes] Predictor: Processing "JPOGRaptor"
[21:28:44.3575600] [Debug  :Spawn Cycle Fixes] Predictor: "JPOGRaptor" at 0 weight (0 spawned)
[21:28:44.3575600] [Debug  :Spawn Cycle Fixes] Predictor: Processing "JPOGTrexObj"
[21:28:44.3575600] [Debug  :Spawn Cycle Fixes] Predictor: "JPOGTrexObj" at 0 weight (0 spawned)
[21:28:44.3575600] [Debug  :Spawn Cycle Fixes] Predictor: Processing "CactusBudlingObj"
[21:28:44.3575600] [Debug  :Spawn Cycle Fixes] Predictor: "CactusBudlingObj" at 0 weight (0 spawned)
[21:28:44.3575600] [Debug  :Spawn Cycle Fixes] Predictor: Processing "DriftwoodMenaceObj"
[21:28:44.3575600] [Debug  :Spawn Cycle Fixes] Predictor: "DriftwoodMenaceObj" at 3 weight (0 spawned)
[21:28:44.3575600] [Debug  :Spawn Cycle Fixes] Predictor: Processing "MonarchObj"
[21:28:44.3575600] [Debug  :Spawn Cycle Fixes] Predictor: "MonarchObj" at 0 weight (0 spawned)
[21:28:44.3575600] [Debug  :Spawn Cycle Fixes] Predictor: Processing "RedwoodTitanObj"
[21:28:44.3575600] [Debug  :Spawn Cycle Fixes] Predictor: "RedwoodTitanObj" at 6 weight (0 spawned)
[21:28:44.3575600] [Debug  :Spawn Cycle Fixes] Predictor: Processing "DebtCollectorObj"
[21:28:44.3575600] [Debug  :Spawn Cycle Fixes] Predictor: Processing "GuardsmanObj"
[21:28:44.3575600] [Debug  :Spawn Cycle Fixes] Predictor: "GuardsmanObj" at 0 weight (0 spawned)
[21:28:44.3575600] [Debug  :Spawn Cycle Fixes] Predictor: Processing "KamikazieBug"
[21:28:44.3575600] [Debug  :Spawn Cycle Fixes] Predictor: "KamikazieBug" at 0 weight (0 spawned)
[21:28:44.3575600] [Debug  :Spawn Cycle Fixes] Predictor: 262 total weight
[21:28:44.3575600] [Debug  :Spawn Cycle Fixes] Predictor: Tracking "MouthDog"
[21:28:44.3575600] [Debug  :Spawn Cycle Fixes] Predictor: Processing "MouthDog"
[21:28:44.3575600] [Debug  :Spawn Cycle Fixes] Predictor: "MouthDog" at 100 weight (2 spawned)
[21:28:44.3575600] [Debug  :Spawn Cycle Fixes] Predictor: Processing "ForestGiant"
[21:28:44.3575600] [Debug  :Spawn Cycle Fixes] Predictor: "ForestGiant" at 9 weight (0 spawned)
[21:28:44.3575600] [Debug  :Spawn Cycle Fixes] Predictor: Processing "SandWorm"
[21:28:44.3575600] [Debug  :Spawn Cycle Fixes] Predictor: "SandWorm" at 37 weight (0 spawned)
[21:28:44.3575600] [Debug  :Spawn Cycle Fixes] Predictor: Processing "RadMech"
[21:28:44.3575600] [Debug  :Spawn Cycle Fixes] Predictor: "RadMech" at 70 weight (0 spawned)
[21:28:44.3575600] [Debug  :Spawn Cycle Fixes] Predictor: Processing "Nutcracker"
[21:28:44.3575600] [Debug  :Spawn Cycle Fixes] Predictor: "Nutcracker" at 7 weight (0 spawned)
[21:28:44.3575600] [Debug  :Spawn Cycle Fixes] Predictor: Processing "SirenHead"
[21:28:44.3575600] [Debug  :Spawn Cycle Fixes] Predictor: "SirenHead" at 30 weight (0 spawned)
[21:28:44.3575600] [Debug  :Spawn Cycle Fixes] Predictor: Processing "Vermin"
[21:28:44.3575600] [Debug  :Spawn Cycle Fixes] Predictor: "Vermin" at 0 weight (0 spawned)
[21:28:44.3575600] [Debug  :Spawn Cycle Fixes] Predictor: Processing "KamikazieBug"
[21:28:44.3575600] [Debug  :Spawn Cycle Fixes] Predictor: "KamikazieBug" at 0 weight (0 spawned)
[21:28:44.3575600] [Debug  :Spawn Cycle Fixes] Predictor: Processing "JPOGRaptor"
[21:28:44.3575600] [Debug  :Spawn Cycle Fixes] Predictor: "JPOGRaptor" at 0 weight (0 spawned)
[21:28:44.3575600] [Debug  :Spawn Cycle Fixes] Predictor: Processing "JPOGTrexObj"
[21:28:44.3575600] [Debug  :Spawn Cycle Fixes] Predictor: "JPOGTrexObj" at 0 weight (0 spawned)
[21:28:44.3575600] [Debug  :Spawn Cycle Fixes] Predictor: Processing "CactusBudlingObj"
[21:28:44.3575600] [Debug  :Spawn Cycle Fixes] Predictor: "CactusBudlingObj" at 0 weight (0 spawned)
[21:28:44.3575600] [Debug  :Spawn Cycle Fixes] Predictor: Processing "DriftwoodMenaceObj"
[21:28:44.3575600] [Debug  :Spawn Cycle Fixes] Predictor: "DriftwoodMenaceObj" at 3 weight (0 spawned)
[21:28:44.3575600] [Debug  :Spawn Cycle Fixes] Predictor: Processing "MonarchObj"
[21:28:44.3575600] [Debug  :Spawn Cycle Fixes] Predictor: "MonarchObj" at 0 weight (0 spawned)
[21:28:44.3575600] [Debug  :Spawn Cycle Fixes] Predictor: Processing "RedwoodTitanObj"
[21:28:44.3575600] [Debug  :Spawn Cycle Fixes] Predictor: "RedwoodTitanObj" at 6 weight (0 spawned)
[21:28:44.3575600] [Debug  :Spawn Cycle Fixes] Predictor: Processing "DebtCollectorObj"
[21:28:44.3575600] [Debug  :Spawn Cycle Fixes] Predictor: Processing "GuardsmanObj"
[21:28:44.3575600] [Debug  :Spawn Cycle Fixes] Predictor: "GuardsmanObj" at 0 weight (0 spawned)
[21:28:44.3575600] [Debug  :Spawn Cycle Fixes] Predictor: Processing "KamikazieBug"
[21:28:44.3575600] [Debug  :Spawn Cycle Fixes] Predictor: "KamikazieBug" at 0 weight (0 spawned)
[21:28:44.3575600] [Debug  :Spawn Cycle Fixes] Predictor: 262 total weight
[21:28:44.3575600] [Debug  :Spawn Cycle Fixes] Predictor: Tracking "MouthDog"
[21:28:44.3575600] [Debug  :Spawn Cycle Fixes] Predictor: Spawn wave at time 900
[21:28:44.3575600] [Debug  :Spawn Cycle Fixes] Predictor: Base amount is 1.779541
[21:28:44.3575600] [Debug  :Spawn Cycle Fixes] Predictor: Adjusted amount is 2.404541 (2 days left)
[21:28:44.3575600] [Debug  :Spawn Cycle Fixes] Predictor: Spawning 2 enemies
[21:28:44.3575600] [Debug  :Spawn Cycle Fixes] Predictor: Processing "MouthDog"
[21:28:44.3575600] [Debug  :Spawn Cycle Fixes] Predictor: "MouthDog" at 100 weight (3 spawned)
[21:28:44.3575600] [Debug  :Spawn Cycle Fixes] Predictor: Processing "ForestGiant"
[21:28:44.3575600] [Debug  :Spawn Cycle Fixes] Predictor: "ForestGiant" at 9 weight (0 spawned)
[21:28:44.3575600] [Debug  :Spawn Cycle Fixes] Predictor: Processing "SandWorm"
[21:28:44.3575600] [Debug  :Spawn Cycle Fixes] Predictor: "SandWorm" at 37 weight (0 spawned)
[21:28:44.3575600] [Debug  :Spawn Cycle Fixes] Predictor: Processing "RadMech"
[21:28:44.3575600] [Debug  :Spawn Cycle Fixes] Predictor: "RadMech" at 77 weight (0 spawned)
[21:28:44.3575600] [Debug  :Spawn Cycle Fixes] Predictor: Processing "Nutcracker"
