[17:07:55.5915069] [Debug  :ainavt.lc.lethalconfig] Registered config "LethalMin/Spawning/Use LC Spawn System"
[17:07:55.5925067] [Debug  :ainavt.lc.lethalconfig] Registered config "LethalMin/Spawning/Use Power Level For Sprouts"
[17:07:55.5940129] [Debug  :ainavt.lc.lethalconfig] Registered config "LethalMin/Spawning/Enable Wild Spawn Falloff"
[17:07:55.5950161] [Debug  :ainavt.lc.lethalconfig] Registered config "LethalMin/Spawning/Wild Spawn Falloff Max Count"
[17:07:55.5970162] [Debug  :ainavt.lc.lethalconfig] Registered config "LethalMin/Spawning/Wild Spawn Falloff Exponent"
[17:07:55.5980172] [Debug  :ainavt.lc.lethalconfig] Registered config "LethalMin/Spawning/No-Onion Group Spawn Threshold"
[17:07:55.5990163] [Debug  :ainavt.lc.lethalconfig] Registered config "LethalMin/Spawning/Scale Wild Spawn Amount By Suppressed Types"
[17:07:55.6010159] [Debug  :ainavt.lc.lethalconfig] Registered config "LethalMin/Spawning/Suppressed Type Falloff Threshold"
[17:07:55.6010159] [Debug  :ainavt.lc.lethalconfig] Registered config "LethalMin/Spawning/Outdoor Spawn Amount Scale At Max Suppressed Types"
[17:07:55.6035218] [Debug  :ainavt.lc.lethalconfig] Registered config "LethalMin/Spawning/Indoor Spawn Amount Scale At Max Suppressed Types"
[17:07:55.6045223] [Debug  :ainavt.lc.lethalconfig] Registered config "LethalMin/Spawning/Randomize By Day"
[17:07:55.6075270] [Debug  :ainavt.lc.lethalconfig] Registered config "LethalMin/Pikmin Behavior/Attack Blacklist"
[17:07:55.6105268] [Debug  :ainavt.lc.lethalconfig] Registered config "LethalMin/Pikmin Behavior/Item Blacklist"
[17:07:55.6115260] [Debug  :ainavt.lc.lethalconfig] Registered config "LethalMin/Pikmin Behavior/Enemy Body Convert Blacklist"
[17:07:55.6130285] [Debug  :ainavt.lc.lethalconfig] Registered config "LethalMin/Pikmin Behavior/Use Exits When Carrying Items"
[17:07:55.6175391] [Debug  :ainavt.lc.lethalconfig] Registered config "LethalMin/Pikmin Behavior/Follow Mode"
[17:07:55.6185387] [Debug  :ainavt.lc.lethalconfig] Registered config "LethalMin/Pikmin Behavior/Dont collide with other pikmin in elevators"
[17:07:55.6205375] [Debug  :ainavt.lc.lethalconfig] Registered config "LethalMin/Pikmin Behavior/Time Falling Fail Safe"
[17:07:55.6215375] [Debug  :ainavt.lc.lethalconfig] Registered config "LethalMin/Pikmin Behavior/Carry Non-Scrap Items To Company"
[17:07:55.6230404] [Debug  :ainavt.lc.lethalconfig] Registered config "LethalMin/Pikmin Behavior/Ignore Non-Scrap Items On Company"
[17:07:55.6240439] [Debug  :ainavt.lc.lethalconfig] Registered config "LethalMin/Pikmin Behavior/Take Items To Onion On Company"
[17:07:55.6260490] [Debug  :ainavt.lc.lethalconfig] Registered config "LethalMin/Pikmin Behavior/Take Items To The Car"
[17:07:55.6270495] [Debug  :ainavt.lc.lethalconfig] Registered config "LethalMin/Pikmin Behavior/Take Items To The Onion"
[17:07:55.6280478] [Debug  :ainavt.lc.lethalconfig] Registered config "LethalMin/Pikmin Behavior/Disperse When Dismissed"
[17:07:55.6300483] [Debug  :ainavt.lc.lethalconfig] Registered config "LethalMin/Pikmin Behavior/Allow On BoomBox to be Grabbed"
[17:07:55.6310489] [Debug  :ainavt.lc.lethalconfig] Registered config "LethalMin/Pikmin Behavior/Dismiss Windown Time"
[17:07:55.6325542] [Debug  :ainavt.lc.lethalconfig] Registered config "LethalMin/Pikmin Behavior/Non-Water Resistant Pikmin Avoid Water"
[17:07:55.6335603] [Debug  :ainavt.lc.lethalconfig] Registered config "LethalMin/Pikmin Behavior/Wild Pikmin Can Carry Items"
[17:07:55.6345587] [Debug  :ainavt.lc.lethalconfig] Registered config "LethalMin/Pikmin Behavior/Wild Pikmin Can Attack Enemies"
[17:07:55.6355605] [Debug  :ainavt.lc.lethalconfig] Registered config "LethalMin/Pikmin Behavior/Wild Pikmin Attack Does Damage"
[17:07:55.6375594] [Debug  :ainavt.lc.lethalconfig] Registered config "LethalMin/Pikmin Behavior/Wild Pikmin Dont Die"
[17:07:55.6385591] [Debug  :ainavt.lc.lethalconfig] Registered config "LethalMin/Enemy Behavior/Use Enemy Configs"
[17:07:55.6395603] [Debug  :ainavt.lc.lethalconfig] Registered config "LethalMin/Enemy Behavior/Barber Snip Cooldown"
[17:07:55.6415580] [Debug  :ainavt.lc.lethalconfig] Registered config "LethalMin/Enemy Behavior/Barber Snip Limit"
[17:07:55.6430625] [Debug  :ainavt.lc.lethalconfig] Registered config "LethalMin/Enemy Behavior/Thumper Bite Cooldown"
[17:07:55.6440662] [Debug  :ainavt.lc.lethalconfig] Registered config "LethalMin/Enemy Behavior/Thumper Bite Limit"
[17:07:55.6450695] [Debug  :ainavt.lc.lethalconfig] Registered config "LethalMin/Enemy Behavior/Bunker Spider Bite Cooldown"
[17:07:55.6460697] [Debug  :ainavt.lc.lethalconfig] Registered config "LethalMin/Enemy Behavior/Bunker Spider Bite Limit"
[17:07:55.6480692] [Debug  :ainavt.lc.lethalconfig] Registered config "LethalMin/Enemy Behavior/Hoarding Bug Bite Cooldown"
[17:07:55.6490693] [Debug  :ainavt.lc.lethalconfig] Registered config "LethalMin/Enemy Behavior/Hoarding Bug Bite Limit"
[17:07:55.6500694] [Debug  :ainavt.lc.lethalconfig] Registered config "LethalMin/Enemy Behavior/Hoarding Bug Aggro When Item Taken"
[17:07:55.6510692] [Debug  :ainavt.lc.lethalconfig] Registered config "LethalMin/Enemy Behavior/Eyeless Dog Bite Cooldown"
[17:07:55.6525721] [Debug  :ainavt.lc.lethalconfig] Registered config "LethalMin/Enemy Behavior/Eyeless Dog Bite Limit"
[17:07:55.6545759] [Debug  :ainavt.lc.lethalconfig] Registered config "LethalMin/Enemy Behavior/Hydrogere Traps Pikmin"
[17:07:55.6555790] [Debug  :ainavt.lc.lethalconfig] Registered config "LethalMin/Enemy Behavior/Hydrogere Kills Pikmin"
[17:07:55.6565791] [Debug  :ainavt.lc.lethalconfig] Registered config "LethalMin/Enemy Behavior/Circuit Bees Zap Cooldown"
[17:07:55.6585799] [Debug  :ainavt.lc.lethalconfig] Registered config "LethalMin/Enemy Behavior/Circuit Bees Zap Pikmin"
[17:07:55.6595793] [Debug  :ainavt.lc.lethalconfig] Registered config "LethalMin/Enemy Behavior/Circuit Bees Kill Pikmin"
[17:07:55.6605788] [Debug  :ainavt.lc.lethalconfig] Registered config "LethalMin/Enemy Behavior/Maneater Bite Cooldown"
[17:07:55.6625788] [Debug  :ainavt.lc.lethalconfig] Registered config "LethalMin/Enemy Behavior/Maneater Bite Limit"
[17:07:55.6630817] [Debug  :ainavt.lc.lethalconfig] Registered config "LethalMin/Enemy Behavior/Maneater Allow Carry"
[17:07:55.6645845] [Debug  :ainavt.lc.lethalconfig] Registered config "LethalMin/Enemy Behavior/Maneater Attack As Baby"
[17:07:55.6665883] [Debug  :ainavt.lc.lethalconfig] Registered config "LethalMin/Enemy Behavior/Old Bird Grab Limit"
[17:07:55.6675884] [Debug  :ainavt.lc.lethalconfig] Registered config "LethalMin/Enemy Behavior/Old Bird Grabs Pikmin"
[17:07:55.6685883] [Debug  :ainavt.lc.lethalconfig] Registered config "LethalMin/Enemy Behavior/Forest Keeper Grab Limit"
[17:07:55.6695885] [Debug  :ainavt.lc.lethalconfig] Registered config "LethalMin/Enemy Behavior/Forest Keeper Grabs Pikmin"
[17:07:55.6715883] [Debug  :ainavt.lc.lethalconfig] Registered config "LethalMin/Enemy Behavior/Jester Bite Cooldown"
[17:07:55.6730925] [Debug  :ainavt.lc.lethalconfig] Registered config "LethalMin/Enemy Behavior/Jester Bite Limit"
[17:07:55.6750979] [Debug  :ainavt.lc.lethalconfig] Registered config "LethalMin/Enemy Behavior/Butler Stab Cooldown"
[17:07:55.6760983] [Debug  :ainavt.lc.lethalconfig] Registered config "LethalMin/Enemy Behavior/Butler Stab Limit"
[17:07:55.6780967] [Debug  :ainavt.lc.lethalconfig] Registered config "LethalMin/Enemy Behavior/Baboon Hawk Bite Cooldown"
[17:07:55.6790982] [Debug  :ainavt.lc.lethalconfig] Registered config "LethalMin/Enemy Behavior/Feiopar Scratches Pikmin"
[17:07:55.6800982] [Debug  :ainavt.lc.lethalconfig] Registered config "LethalMin/Enemy Behavior/Masked Player Enemy Convert Pikmin"
[17:07:55.6810984] [Debug  :ainavt.lc.lethalconfig] Registered config "LethalMin/Enemy Behavior/Puffer Can Poison Pikmin"
[17:07:55.6826040] [Debug  :ainavt.lc.lethalconfig] Registered config "LethalMin/Enemy Behavior/Company Grabs Pikmin"
[17:07:55.6836097] [Debug  :ainavt.lc.lethalconfig] Registered config "LethalMin/Enemy Behavior/Company Hears Pikmin"
[17:07:55.6856258] [Debug  :ainavt.lc.lethalconfig] Registered config "LethalMin/Enemy Behavior/Backwater Gunkfish Carriers Trigger Spit"
[17:07:55.6866319] [Debug  :ainavt.lc.lethalconfig] Registered config "LethalMin/Enemy Behavior/Backwater Gunkfish Spit Trigger Carry Strength"
[17:07:55.6886311] [Debug  :ainavt.lc.lethalconfig] Registered config "LethalMin/Enemy Behavior/Backwater Gunkfish Slime Makes Pikmin Slip"
[17:07:55.6906309] [Debug  :ainavt.lc.lethalconfig] Registered config "LethalMin/Puffmin Behavior/Turn To Normal On Death"
[17:07:55.6951410] [Debug  :ainavt.lc.lethalconfig] Registered config "LethalMin/HUD/HUD Layout Preset"
[17:07:55.6966441] [Debug  :ainavt.lc.lethalconfig] Registered config "LethalMin/HUD/Pikmin Selection Position"
[17:07:55.6976480] [Debug  :ainavt.lc.lethalconfig] Registered config "LethalMin/HUD/Pikmin Selection Rotation"
[17:07:55.6996475] [Debug  :ainavt.lc.lethalconfig] Registered config "LethalMin/HUD/Pikmin Selection Scale"
[17:07:55.7006482] [Debug  :ainavt.lc.lethalconfig] Registered config "LethalMin/HUD/Pikmin Selection Alpha"
[17:07:55.7016478] [Debug  :ainavt.lc.lethalconfig] Registered config "LethalMin/HUD/Enable Current Slot"
[17:07:55.7031508] [Debug  :ainavt.lc.lethalconfig] Registered config "LethalMin/HUD/Enable Next Slot"
[17:07:55.7051585] [Debug  :ainavt.lc.lethalconfig] Registered config "LethalMin/HUD/Enable Previous Slot"
[17:07:55.7061578] [Debug  :ainavt.lc.lethalconfig] Registered config "LethalMin/HUD/Enable Carousel Effect"
[17:07:55.7071576] [Debug  :ainavt.lc.lethalconfig] Registered config "LethalMin/HUD/Pikmin Counter Position"
[17:07:55.7091575] [Debug  :ainavt.lc.lethalconfig] Registered config "LethalMin/HUD/Pikmin Counter Rotation"
[17:07:55.7101577] [Debug  :ainavt.lc.lethalconfig] Registered config "LethalMin/HUD/Pikmin Counter Scale"
[17:07:55.7111575] [Debug  :ainavt.lc.lethalconfig] Registered config "LethalMin/HUD/Pikmin Counter Alpha Active"
[17:07:55.7126607] [Debug  :ainavt.lc.lethalconfig] Registered config "LethalMin/HUD/Pikmin Counter Alpha Idle"
[17:07:55.7136644] [Debug  :ainavt.lc.lethalconfig] Registered config "LethalMin/HUD/Enable Pikmin In Existence Counter"
[17:07:55.7151673] [Debug  :ainavt.lc.lethalconfig] Registered config "LethalMin/HUD/Enable Pikmin In Squad Counter"
[17:07:55.7161707] [Debug  :ainavt.lc.lethalconfig] Registered config "LethalMin/HUD/Enable Pikmin In Field Counter"
[17:07:55.7181707] [Debug  :ainavt.lc.lethalconfig] Registered config "LethalMin/HUD/Hide Selected When Scan Notification"
[17:07:55.7191711] [Debug  :ainavt.lc.lethalconfig] Registered config "LethalMin/HUD/Dont Update Hud Configs"
[17:07:55.7201708] [Debug  :ainavt.lc.lethalconfig] Registered config "LethalMin/HUD/Grayout Buttons In Onion HUD"
[17:07:55.7211715] [Debug  :ainavt.lc.lethalconfig] Registered config "LethalMin/Items/Whistle Price"
[17:07:55.7236790] [Debug  :ainavt.lc.lethalconfig] Registered config "LethalMin/Items/Ship Onion Price"
[17:07:55.7246791] [Debug  :ainavt.lc.lethalconfig] Registered config "LethalMin/Items/Tricknoll Price"
[17:07:55.7256824] [Debug  :ainavt.lc.lethalconfig] Registered config "LethalMin/Items/PluckaPhone Price"
[17:07:55.7266822] [Debug  :ainavt.lc.lethalconfig] Registered config "LethalMin/Items/Ship Whistle Price"
[17:07:55.7286820] [Debug  :ainavt.lc.lethalconfig] Registered config "LethalMin/Items/Is Whistle Conductive"
[17:07:55.7296825] [Debug  :ainavt.lc.lethalconfig] Registered config "LethalMin/Glow Pikmin/Activate Time"
[17:07:55.7306821] [Debug  :ainavt.lc.lethalconfig] Registered config "LethalMin/Glow Pikmin/Activate Distance"
[17:07:55.7326821] [Debug  :ainavt.lc.lethalconfig] Registered config "LethalMin/Glow Pikmin/Spawn Chance"
[17:07:55.7341882] [Debug  :ainavt.lc.lethalconfig] Registered config "LethalMin/Glow Pikmin/Spawn After Days"
[17:07:55.7351914] [Debug  :ainavt.lc.lethalconfig] Registered config "LethalMin/Glow Pikmin/Odds To Turn Into Seed"
[17:07:55.7361913] [Debug  :ainavt.lc.lethalconfig] Registered config "LethalMin/Glow Pikmin/Useable At Company"
[17:07:55.7381915] [Debug  :ainavt.lc.lethalconfig] Registered config "LethalMin/LethalMon/Attack Own Tamed Enemies"
[17:07:55.7391975] [Debug  :ainavt.lc.lethalconfig] Registered config "LethalMin/LethalMon/Attack Others Tamed Enemies"
[17:07:55.7401924] [Debug  :ainavt.lc.lethalconfig] Registered config "LethalMin/LC-Office/Allow Metal Detector To Zap"
[17:07:55.7411933] [Debug  :ainavt.lc.lethalconfig] Registered config "LethalMin/Zeranos/Add NavLink to the ship on Zeranos"
[17:07:55.7437019] [Debug  :ainavt.lc.lethalconfig] Registered config "LethalMin/Zeranos/Block Enemies From Entering Zeranos Ship"
[17:07:55.7447017] [Debug  :ainavt.lc.lethalconfig] Registered config "LethalMin/Zeranos/Add NavLink to the Elevator on Zeranos"
[17:07:55.7467027] [Debug  :ainavt.lc.lethalconfig] Registered config "LethalMin/CodeRebirth/ACU Targets Winged Pikmin"
[17:07:55.7477015] [Debug  :ainavt.lc.lethalconfig] Registered config "LethalMin/CodeRebirth/ACU Bullet Knockbacks Pikmin"
[17:07:55.7487017] [Debug  :ainavt.lc.lethalconfig] Registered config "LethalMin/CodeRebirth/Crane Targets Pikmin"
[17:07:55.7497022] [Debug  :ainavt.lc.lethalconfig] Registered config "LethalMin/CodeRebirth/Crane Squishes Pikmin"
[17:07:55.7517027] [Debug  :ainavt.lc.lethalconfig] Registered config "LethalMin/CodeRebirth/Fan Knockbacks Pikmin"
[17:07:55.7532054] [Debug  :ainavt.lc.lethalconfig] Registered config "LethalMin/CodeRebirth/Fan Knockback Strength Threshold"
[17:07:55.7542091] [Debug  :ainavt.lc.lethalconfig] Registered config "LethalMin/CodeRebirth/Microwave Knockbacks Pikmin"
[17:07:55.7552128] [Debug  :ainavt.lc.lethalconfig] Registered config "LethalMin/CodeRebirth/Flash Turret Knockbacks Pikmin"
[17:07:55.7572126] [Debug  :ainavt.lc.lethalconfig] Registered config "LethalMin/CodeRebirth/Laser Turret Kills Pikmin"
[17:07:55.7582125] [Debug  :ainavt.lc.lethalconfig] Registered config "LethalMin/CodeRebirth/Tornado Pulls Pikmin"
[17:07:55.7592126] [Debug  :ainavt.lc.lethalconfig] Registered config "LethalMin/CodeRebirth/Tornado Pull Strength Threshold"
[17:07:55.7612124] [Debug  :ainavt.lc.lethalconfig] Registered config "LethalMin/CodeRebirth/Compactor Squishes Pikmin"
[17:07:55.7612124] [Debug  :ainavt.lc.lethalconfig] Registered config "LethalMin/CodeRebirth/Go to the shredder before compactor"
[17:07:55.7637188] [Debug  :ainavt.lc.lethalconfig] Registered config "LethalMin/LCVR/Auto Set Hud Preset"
[17:07:55.7652218] [Debug  :ainavt.lc.lethalconfig] Registered config "LethalMin/LCVR/Dont Use Input Utils For VR"
[17:07:55.7662262] [Debug  :ainavt.lc.lethalconfig] Registered config "LethalMin/LCVR/Disable Sprout Interaction"
[17:07:55.7682256] [Debug  :ainavt.lc.lethalconfig] Registered config "LethalMin/LCVR/Disable Whistle Fix"
[17:07:55.7693037] [Debug  :ainavt.lc.lethalconfig] Registered config "LethalMin/LCVR/Onion HUD Z Distance"
[17:07:55.7703040] [Debug  :ainavt.lc.lethalconfig] Registered config "LethalMin/LCVR/Throw Button"
[17:07:55.7713029] [Debug  :ainavt.lc.lethalconfig] Registered config "LethalMin/LCVR/Secondary Throw Button"
[17:07:55.7728079] [Debug  :ainavt.lc.lethalconfig] Registered config "LethalMin/LCVR/Switch Forward Button"
[17:07:55.7748115] [Debug  :ainavt.lc.lethalconfig] Registered config "LethalMin/LCVR/Switch Backwards Button"
[17:07:55.7758125] [Debug  :ainavt.lc.lethalconfig] Registered config "LethalMin/LCVR/Whistle Button"
[17:07:55.7768139] [Debug  :ainavt.lc.lethalconfig] Registered config "LethalMin/LCVR/Use Mouth to Dismiss"
[17:07:55.7778113] [Debug  :ainavt.lc.lethalconfig] Registered config "LethalMin/LCVR/Dismiss Button"
[17:07:55.7798138] [Debug  :ainavt.lc.lethalconfig] Registered config "LethalMin/LCVR/Switch Whistle Sound Button"
[17:07:55.7808122] [Debug  :ainavt.lc.lethalconfig] Registered config "LethalMin/LCVR/Charge Button"
[17:07:55.7818127] [Debug  :ainavt.lc.lethalconfig] Registered config "LethalMin/LCVR/Secondary Charge Button"
[17:07:55.7833158] [Debug  :ainavt.lc.lethalconfig] Registered config "LethalMin/LCVR/Disable Charge Motion Blur"
[17:07:55.7853200] [Debug  :ainavt.lc.lethalconfig] Registered config "LethalMin/LCVR/Glowmob Button (hold)"
[17:07:55.7868288] [Debug  :ainavt.lc.lethalconfig] Registered config "LethalMin/LCVR/Glowmob Delay"
[17:07:55.7878290] [Debug  :ainavt.lc.lethalconfig] Registered config "LethalMin/LCVR/Throw Cancel Button"
[17:07:55.7888272] [Debug  :ainavt.lc.lethalconfig] Registered config "LethalMin/Imperium/Dont Do Audible Noise Calculations For Pikmin"
[17:07:55.7908287] [Debug  :ainavt.lc.lethalconfig] Registered config "LethalMin/Imperium/Dont Resimulate Oracle On Pikmin Death"
[17:07:55.7918287] [Debug  :ainavt.lc.lethalconfig] Registered config "LethalMin/Imperium/Remove Puffmin From Spawn Search"
[17:07:55.7933322] [Debug  :ainavt.lc.lethalconfig] Registered config "LethalMin/WiderShipMod/Make Custom Bounds For Wide Ship"
[17:07:55.7943362] [Debug  :ainavt.lc.lethalconfig] Registered config "LethalMin/Mimics/Base Pick Chance"
[17:07:55.7953390] [Debug  :ainavt.lc.lethalconfig] Registered config "LethalMin/Mimics/Pick Chance Minimum"
[17:07:55.7973395] [Debug  :ainavt.lc.lethalconfig] Registered config "LethalMin/Mimics/Pick Chance Curve Base"
[17:07:55.7983391] [Debug  :ainavt.lc.lethalconfig] Registered config "LethalMin/Mimics/Alert Blacklist Range"
[17:07:55.7993405] [Debug  :ainavt.lc.lethalconfig] Registered config "LethalMin/DontTouchMe/Enable Interaction"
[17:07:55.8013407] [Debug  :ainavt.lc.lethalconfig] Registered config "LethalMin/DontTouchMe/Kill Everything"
[17:07:55.8028445] [Debug  :ainavt.lc.lethalconfig] Registered config "LethalMin/DontTouchMe/Attack Chance"
[17:07:55.8038489] [Debug  :ainavt.lc.lethalconfig] Registered config "LethalMin/DontTouchMe/Pikmin Friendly Despawn"
[17:07:55.8048525] [Debug  :ainavt.lc.lethalconfig] Registered config "LethalMin/DontTouchMe/Carry Weight"
[17:07:55.8058522] [Debug  :ainavt.lc.lethalconfig] Registered config "LethalMin/Advanced/Navmesh Check Blacklist"
[17:07:55.8078533] [Debug  :ainavt.lc.lethalconfig] Registered config "LethalMin/Advanced/Check Navmesh"
[17:07:55.8088531] [Debug  :ainavt.lc.lethalconfig] Registered config "LethalMin/Advanced/Generate Pikmin Configs"
[17:07:55.8098525] [Debug  :ainavt.lc.lethalconfig] Registered config "LethalMin/Advanced/Use ModDataLib"
[17:07:55.8118522] [Debug  :ainavt.lc.lethalconfig] Registered config "LethalMin/Advanced/Clean Moon Names"
[17:07:55.8128523] [Debug  :ainavt.lc.lethalconfig] Registered config "LethalMin/Advanced/Generate Moon Spawn Configs"
[17:07:55.8138781] [Debug  :ainavt.lc.lethalconfig] Registered config "LethalMin/Advanced/Generate Weather Spawn Configs"
[17:07:55.8160755] [Debug  :ainavt.lc.lethalconfig] Registered config "LethalMin/`Cheats`/Use Beta Item Weight Calculation"
[17:07:55.8170748] [Debug  :ainavt.lc.lethalconfig] Registered config "LethalMin/`Cheats`/Whistle Makes Noise At Noice Zone"
[17:07:55.8180768] [Debug  :ainavt.lc.lethalconfig] Registered config "LethalMin/`Cheats`/Dont Make Audible Noises"
[17:07:55.8190752] [Debug  :ainavt.lc.lethalconfig] Registered config "LethalMin/`Cheats`/Pikmin Signal Cooldown"
[17:07:55.8210751] [Debug  :ainavt.lc.lethalconfig] Registered config "LethalMin/`Cheats`/No Knock Back"
[17:07:55.8210751] [Debug  :ainavt.lc.lethalconfig] Registered config "LethalMin/`Cheats`/Invinceable Pikmin"
[17:07:55.8235837] [Debug  :ainavt.lc.lethalconfig] Registered config "LethalMin/`Cheats`/Useless Blues Mode"
[17:07:55.8245835] [Debug  :ainavt.lc.lethalconfig] Registered config "LethalMin/`Cheats`/Max Whistle Zone Radius"
[17:07:55.8255843] [Debug  :ainavt.lc.lethalconfig] Registered config "LethalMin/`Cheats`/Max Whistle Zone Distance"
[17:07:55.8275837] [Debug  :ainavt.lc.lethalconfig] Registered config "LethalMin/`Cheats`/Player Notice Zone Size"
[17:07:55.8285840] [Debug  :ainavt.lc.lethalconfig] Registered config "LethalMin/`Cheats`/Pikmin Damage Multiplier"
[17:07:55.8295842] [Debug  :ainavt.lc.lethalconfig] Registered config "LethalMin/`Cheats`/Pikmin Speed Multiplier"
[17:07:55.8315834] [Debug  :ainavt.lc.lethalconfig] Registered config "LethalMin/`Cheats`/Charge Distance"
[17:07:55.8325839] [Debug  :ainavt.lc.lethalconfig] Registered config "LethalMin/`Cheats`/Charge Cooldown"
[17:07:55.8338169] [Debug  :ainavt.lc.lethalconfig] Registered config "LethalMin/`Cheats`/Dont Remove Save After Fire"
[17:07:55.8348160] [Debug  :ainavt.lc.lethalconfig] Registered config "LethalMin/Funi/Yeet After Latch On"
[17:07:55.8368164] [Debug  :ainavt.lc.lethalconfig] Registered config "LethalMin/Funi/Randomize Generation Models"
[17:07:55.8378169] [Debug  :ainavt.lc.lethalconfig] Registered config "LethalMin/Funi/Add Collision To Ghost Sprites"
[17:07:55.8388178] [Debug  :ainavt.lc.lethalconfig] Registered config "LethalMin/Funi/Funi Onion"
[17:07:55.8408153] [Debug  :ainavt.lc.lethalconfig] Registered config "LethalMin/Funi/Giant Whistle With Pikmin Signal"
[17:07:55.8418160] [Debug  :ainavt.lc.lethalconfig] Registered config "LethalMin/Funi/Ragdoll On Knockback"
[17:07:55.8433200] [Debug  :ainavt.lc.lethalconfig] Registered config "LethalMin/Funi/Ragdoll On Death"
[17:07:55.8433200] [Info   : LethalMin] LethalMin: Patching Config Patches
[17:07:55.8433200] [Debug  : LethalMin] Patching config-conditional patches...
[17:07:55.8433200] [Debug  : LethalMin] Skipping config patch LethalMin.ConfigPatches.DontTouchMeUpdateTranspiler: Kittenji.DontTouchMe not loaded
[17:07:55.8443243] [Debug  : LethalMin] Patched config patch: LethalMin.ConfigPatches.DontTouchMeUpdateTranspiler+<UpdateTranspiler>d__0
[17:07:55.8458769] [Info   : LethalMin] ShotgunItemPatch: Increased enemyColliders array size from 10 to 127
[17:07:55.8508814] [Debug  : LethalMin] Patched config patch: LethalMin.ConfigPatches.ShotgunItemPatch
[17:07:55.8508814] [Debug  : LethalMin] Finished patching config-conditional patches!
[17:07:55.8508814] [Info   : LethalMin] LethalMin: Loading AssetBundle
[17:07:58.6471316] [Info   : LethalMin] LethalMin: Loading Miscellaneous Assets
[17:07:58.7532710] [Info   : LethalMin] LethalMin: Registering Pikmin As Enemies
[17:07:58.7562796] [Debug  :PathfindingLib] Changed prefabbed NavMeshAgent Pikmin's area mask from 0xFFFFFFFF to 0xFFFFFFFF to allow traversal of non-smart off-mesh links.
[17:07:58.7677872] [Debug  :PathfindingLib] Changed prefabbed NavMeshAgent Puffmin's area mask from 0xFFFFFFFF to 0xFFFFFFFF to allow traversal of non-smart off-mesh links.
[17:07:58.7677872] [Info   : LethalMin] LethalMin: Registering Items
[17:07:58.7887773] [Info   : LethalMin] LethalMin: Registering Pikmin Types
[17:07:58.8253242] [Info   : LethalMin] Registering 10 Pikmin Types
[17:07:58.8263281] [Message: LethalMin] Registering Pikmin Type: Blue Pikmin
[17:07:58.8273283] [Info   : LethalMin] Generating config file for Pikmin Type: Blue Pikmin
[17:07:58.8388432] [Debug  : LethalMin] PikminPrimaryColor set to RGBA(0.000, 0.000, 1.000, 1.000)
[17:07:58.8388432] [Debug  : LethalMin] PikminSecondaryColor set to RGBA(0.000, 0.000, 0.502, 1.000)
[17:07:58.8388432] [Debug  : LethalMin] Skipping unsupported field type: PikminIcon (UnityEngine.Sprite)
[17:07:58.8388432] [Debug  : LethalMin] Skipping unsupported field type: AnimatedPikminGhostTexture (UnityEngine.Texture2D[])
[17:07:58.8388432] [Debug  : LethalMin] AnimatedPikminGhostFrameHold set to 2
[17:07:58.8418458] [Debug  : LethalMin] OverrideGhostTextureTileing set to (1.00, 1.00)
[17:07:58.8418458] [Debug  : LethalMin] OverrideGhostTextureOffset set to (0.00, 0.00)
[17:07:58.8428449] [Debug  : LethalMin] SetGhostColor set to True
[17:07:58.8428449] [Debug  : LethalMin] DisableRegistration set to False
[17:07:58.8428449] [Debug  : LethalMin] SetColorOnSprout set to True
[17:07:58.8433483] [Debug  : LethalMin] UseOverrideSproutGlowColor set to False
[17:07:58.8433483] [Debug  : LethalMin] OverrideSproutGlowColor set to RGBA(1.000, 1.000, 1.000, 1.000)
[17:07:58.8443529] [Debug  : LethalMin] growSpeeds set to System.Collections.Generic.List`1[System.Single]
[17:07:58.8443529] [Debug  : LethalMin] growAttacks set to System.Collections.Generic.List`1[System.Single]
[17:07:58.8443529] [Debug  : LethalMin] growCarryStrengths set to System.Collections.Generic.List`1[System.Int32]
[17:07:58.8453576] [Debug  : LethalMin] GrowSpeedMultiplier set to 1
[17:07:58.8453576] [Debug  : LethalMin] DefaultSpeed set to 1
[17:07:58.8453576] [Debug  : LethalMin] RunningSpeedMultiplier set to 1.5
[17:07:58.8453576] [Debug  : LethalMin] CarryStrength set to 3
[17:07:58.8463578] [Debug  : LethalMin] ThrowForce set to (15.00, 15.00, 15.00)
[17:07:58.8463578] [Debug  : LethalMin] HazardsResistantTo set to System.Collections.Generic.List`1[PikminHazard]
[17:07:58.8473575] [Debug  : LethalMin] ItemDetectionRange set to 5
[17:07:58.8473575] [Debug  : LethalMin] CanLatchOnToObjects set to True
[17:07:58.8473575] [Debug  : LethalMin] CanJumpOntoObjects set to True
[17:07:58.8473575] [Debug  : LethalMin] CanCarryObjects set to True
[17:07:58.8473575] [Debug  : LethalMin] AttackStrength set to 1
[17:07:58.8473575] [Debug  : LethalMin] AttackRate set to 0.5
[17:07:58.8473575] [Debug  : LethalMin] AttackDistance set to 0.5
[17:07:58.8473575] [Debug  : LethalMin] JumpLatchOnRange set to 5
[17:07:58.8483577] [Debug  : LethalMin] DamageDeltUponDeath set to 0
[17:07:58.8483577] [Debug  : LethalMin] DeathDamageRange set to 0
[17:07:58.8483577] [Debug  : LethalMin] DamageDeltUpLanding set to 0
[17:07:58.8483577] [Debug  : LethalMin] ShakeEndurance set to 0.75
[17:07:58.8483577] [Debug  : LethalMin] SpawnsIndoors set to False
[17:07:58.8483577] [Debug  : LethalMin] SpawnsOutdoors set to True
[17:07:58.8483577] [Debug  : LethalMin] SpawnsAsSprout set to True
[17:07:58.8483577] [Debug  : LethalMin] UsesPikminContainer set to False
[17:07:58.8483577] [Debug  : LethalMin] SpawnAfterDay set to -1
[17:07:58.8483577] [Debug  : LethalMin] MoonSpawnMultipliers set to System.Collections.Generic.List`1[System.String]
[17:07:58.8493574] [Debug  : LethalMin] TagSpawnMultipliers set to System.Collections.Generic.List`1[System.String]
[17:07:58.8493574] [Debug  : LethalMin] WeatherSpawnMultipliers set to System.Collections.Generic.List`1[System.String]
[17:07:58.8493574] [Debug  : LethalMin] InstaEnterOnion set to False
[17:07:58.8493574] [Debug  : LethalMin] UsePresetFormatting set to True
[17:07:58.8493574] [Debug  : LethalMin] HelpfulLevel set to 45%
[17:07:58.8493574] [Debug  : LethalMin] ScientificName set to Pikminidae caerula
[17:07:58.8493574] [Debug  : LethalMin] piklopediaName set to 
[17:07:58.8503572] [Debug  : LethalMin] MaxGroupSpawnSize set to 3
[17:07:58.8503572] [Info   : LethalMin] Config file generated for Pikmin Type: Blue Pikmin at BepInEx/BepInEx\config\Pikmin\Blue Pikmin.cfg
[17:07:58.8513567] [Debug  :ainavt.lc.lethalconfig] Registered config "LethalMin/Pikmin/Blue Pikmin"
[17:07:58.8538667] [Info   : LethalMin] Added event at time (4.59) for Pikmin_Stretch
[17:07:58.8538667] [Info   : LethalMin] Added event at time (3.956667) for Pikmin_Yawn
[17:07:58.8538667] [Message: LethalMin] Registered Pikmin Type: Blue Pikmin with ID: 0
[17:07:58.8538667] [Message: LethalMin] Registering Pikmin Type: Bulbmin
[17:07:58.8538667] [Info   : LethalMin] Generating config file for Pikmin Type: Bulbmin
[17:07:58.8598712] [Debug  : LethalMin] PikminPrimaryColor set to RGBA(0.906, 0.608, 0.365, 1.000)
[17:07:58.8598712] [Debug  : LethalMin] PikminSecondaryColor set to RGBA(0.502, 0.224, 0.000, 1.000)
[17:07:58.8598712] [Debug  : LethalMin] Skipping unsupported field type: PikminIcon (UnityEngine.Sprite)
[17:07:58.8598712] [Debug  : LethalMin] Skipping unsupported field type: AnimatedPikminGhostTexture (UnityEngine.Texture2D[])
[17:07:58.8598712] [Debug  : LethalMin] AnimatedPikminGhostFrameHold set to 2
[17:07:58.8608712] [Debug  : LethalMin] OverrideGhostTextureTileing set to (1.00, 1.50)
[17:07:58.8608712] [Debug  : LethalMin] OverrideGhostTextureOffset set to (0.00, -0.25)
[17:07:58.8608712] [Debug  : LethalMin] SetGhostColor set to False
[17:07:58.8608712] [Debug  : LethalMin] DisableRegistration set to False
[17:07:58.8608712] [Debug  : LethalMin] SetColorOnSprout set to True
[17:07:58.8608712] [Debug  : LethalMin] UseOverrideSproutGlowColor set to True
[17:07:58.8608712] [Debug  : LethalMin] OverrideSproutGlowColor set to RGBA(0.220, 1.000, 0.000, 1.000)
[17:07:58.8608712] [Debug  : LethalMin] growSpeeds set to System.Collections.Generic.List`1[System.Single]
[17:07:58.8608712] [Debug  : LethalMin] growAttacks set to System.Collections.Generic.List`1[System.Single]
[17:07:58.8618708] [Debug  : LethalMin] growCarryStrengths set to System.Collections.Generic.List`1[System.Int32]
[17:07:58.8618708] [Debug  : LethalMin] GrowSpeedMultiplier set to 1
[17:07:58.8618708] [Debug  : LethalMin] DefaultSpeed set to 1
[17:07:58.8618708] [Debug  : LethalMin] RunningSpeedMultiplier set to 1.5
[17:07:58.8618708] [Debug  : LethalMin] CarryStrength set to 3
[17:07:58.8618708] [Debug  : LethalMin] ThrowForce set to (15.00, 15.00, 15.00)
[17:07:58.8618708] [Debug  : LethalMin] HazardsResistantTo set to System.Collections.Generic.List`1[PikminHazard]
[17:07:58.8618708] [Debug  : LethalMin] ItemDetectionRange set to 5
[17:07:58.8618708] [Debug  : LethalMin] CanLatchOnToObjects set to True
[17:07:58.8618708] [Debug  : LethalMin] CanJumpOntoObjects set to True
[17:07:58.8628709] [Debug  : LethalMin] CanCarryObjects set to True
[17:07:58.8628709] [Debug  : LethalMin] AttackStrength set to 1
[17:07:58.8628709] [Debug  : LethalMin] AttackRate set to 0.5
[17:07:58.8628709] [Debug  : LethalMin] AttackDistance set to 0.5
[17:07:58.8628709] [Debug  : LethalMin] JumpLatchOnRange set to 5
[17:07:58.8633747] [Debug  : LethalMin] DamageDeltUponDeath set to 0
[17:07:58.8633747] [Debug  : LethalMin] DeathDamageRange set to 0
[17:07:58.8633747] [Debug  : LethalMin] DamageDeltUpLanding set to 0
[17:07:58.8633747] [Debug  : LethalMin] ShakeEndurance set to 0.75
[17:07:58.8633747] [Debug  : LethalMin] SpawnsIndoors set to True
[17:07:58.8633747] [Debug  : LethalMin] SpawnsOutdoors set to False
[17:07:58.8633747] [Debug  : LethalMin] SpawnsAsSprout set to False
[17:07:58.8633747] [Debug  : LethalMin] UsesPikminContainer set to False
[17:07:58.8633747] [Debug  : LethalMin] SpawnAfterDay set to -1
[17:07:58.8643789] [Debug  : LethalMin] MoonSpawnMultipliers set to System.Collections.Generic.List`1[System.String]
[17:07:58.8643789] [Debug  : LethalMin] TagSpawnMultipliers set to System.Collections.Generic.List`1[System.String]
[17:07:58.8643789] [Debug  : LethalMin] WeatherSpawnMultipliers set to System.Collections.Generic.List`1[System.String]
[17:07:58.8643789] [Debug  : LethalMin] InstaEnterOnion set to False
[17:07:58.8643789] [Debug  : LethalMin] UsePresetFormatting set to True
[17:07:58.8643789] [Debug  : LethalMin] HelpfulLevel set to 60%
[17:07:58.8643789] [Debug  : LethalMin] ScientificName set to Parasiticus pikminicus
[17:07:58.8643789] [Debug  : LethalMin] piklopediaName set to 
[17:07:58.8653824] [Debug  : LethalMin] MaxGroupSpawnSize set to 3
[17:07:58.8653824] [Info   : LethalMin] Config file generated for Pikmin Type: Bulbmin at BepInEx/BepInEx\config\Pikmin\Bulbmin.cfg
[17:07:58.8663823] [Debug  :ainavt.lc.lethalconfig] Registered config "LethalMin/Pikmin/Bulbmin"
[17:07:58.8673825] [Message: LethalMin] Registered Pikmin Type: Bulbmin with ID: 1
[17:07:58.8673825] [Message: LethalMin] Registering Pikmin Type: Glow Pikmin
[17:07:58.8673825] [Info   : LethalMin] Generating config file for Pikmin Type: Glow Pikmin
[17:07:58.8713825] [Debug  : LethalMin] PikminPrimaryColor set to RGBA(0.000, 1.000, 0.008, 1.000)
[17:07:58.8713825] [Debug  : LethalMin] PikminSecondaryColor set to RGBA(0.102, 0.565, 0.035, 1.000)
[17:07:58.8713825] [Debug  : LethalMin] Skipping unsupported field type: PikminIcon (UnityEngine.Sprite)
[17:07:58.8713825] [Debug  : LethalMin] Skipping unsupported field type: AnimatedPikminGhostTexture (UnityEngine.Texture2D[])
[17:07:58.8713825] [Debug  : LethalMin] AnimatedPikminGhostFrameHold set to 2
[17:07:58.8728865] [Debug  : LethalMin] OverrideGhostTextureTileing set to (1.00, 1.00)
[17:07:58.8728865] [Debug  : LethalMin] OverrideGhostTextureOffset set to (0.00, 0.00)
[17:07:58.8728865] [Debug  : LethalMin] SetGhostColor set to True
[17:07:58.8728865] [Debug  : LethalMin] DisableRegistration set to False
[17:07:58.8728865] [Debug  : LethalMin] SetColorOnSprout set to True
[17:07:58.8728865] [Debug  : LethalMin] UseOverrideSproutGlowColor set to False
[17:07:58.8728865] [Debug  : LethalMin] OverrideSproutGlowColor set to RGBA(1.000, 1.000, 1.000, 1.000)
[17:07:58.8738918] [Debug  : LethalMin] growSpeeds set to System.Collections.Generic.List`1[System.Single]
[17:07:58.8738918] [Debug  : LethalMin] growAttacks set to System.Collections.Generic.List`1[System.Single]
[17:07:58.8738918] [Debug  : LethalMin] growCarryStrengths set to System.Collections.Generic.List`1[System.Int32]
[17:07:58.8738918] [Debug  : LethalMin] GrowSpeedMultiplier set to 5
[17:07:58.8738918] [Debug  : LethalMin] DefaultSpeed set to 1
[17:07:58.8738918] [Debug  : LethalMin] RunningSpeedMultiplier set to 1.5
[17:07:58.8738918] [Debug  : LethalMin] CarryStrength set to 3
[17:07:58.8738918] [Debug  : LethalMin] ThrowForce set to (15.00, 15.00, 15.00)
[17:07:58.8738918] [Debug  : LethalMin] HazardsResistantTo set to System.Collections.Generic.List`1[PikminHazard]
[17:07:58.8738918] [Debug  : LethalMin] ItemDetectionRange set to 5
[17:07:58.8738918] [Debug  : LethalMin] CanLatchOnToObjects set to True
[17:07:58.8738918] [Debug  : LethalMin] CanJumpOntoObjects set to True
[17:07:58.8738918] [Debug  : LethalMin] CanCarryObjects set to True
[17:07:58.8738918] [Debug  : LethalMin] AttackStrength set to 1
[17:07:58.8738918] [Debug  : LethalMin] AttackRate set to 0.5
[17:07:58.8738918] [Debug  : LethalMin] AttackDistance set to 0.5
[17:07:58.8738918] [Debug  : LethalMin] JumpLatchOnRange set to 5
[17:07:58.8753968] [Debug  : LethalMin] DamageDeltUponDeath set to 0
[17:07:58.8753968] [Debug  : LethalMin] DeathDamageRange set to 0
[17:07:58.8753968] [Debug  : LethalMin] DamageDeltUpLanding set to 0
[17:07:58.8753968] [Debug  : LethalMin] ShakeEndurance set to 0.75
[17:07:58.8753968] [Debug  : LethalMin] SpawnsIndoors set to False
[17:07:58.8753968] [Debug  : LethalMin] SpawnsOutdoors set to False
[17:07:58.8753968] [Debug  : LethalMin] SpawnsAsSprout set to False
[17:07:58.8753968] [Debug  : LethalMin] UsesPikminContainer set to False
[17:07:58.8753968] [Debug  : LethalMin] SpawnAfterDay set to 6
[17:07:58.8753968] [Debug  : LethalMin] MoonSpawnMultipliers set to System.Collections.Generic.List`1[System.String]
[17:07:58.8764014] [Debug  : LethalMin] TagSpawnMultipliers set to System.Collections.Generic.List`1[System.String]
[17:07:58.8764014] [Debug  : LethalMin] WeatherSpawnMultipliers set to System.Collections.Generic.List`1[System.String]
[17:07:58.8764014] [Debug  : LethalMin] InstaEnterOnion set to False
[17:07:58.8764014] [Debug  : LethalMin] UsePresetFormatting set to True
[17:07:58.8764014] [Debug  : LethalMin] HelpfulLevel set to 90%
[17:07:58.8764014] [Debug  : LethalMin] ScientificName set to Pikminidae supravelum
[17:07:58.8764014] [Debug  : LethalMin] piklopediaName set to 
[17:07:58.8774018] [Debug  : LethalMin] MaxGroupSpawnSize set to 3
[17:07:58.8774018] [Info   : LethalMin] Config file generated for Pikmin Type: Glow Pikmin at BepInEx/BepInEx\config\Pikmin\Glow Pikmin.cfg
[17:07:58.8784008] [Debug  :ainavt.lc.lethalconfig] Registered config "LethalMin/Pikmin/Glow Pikmin"
[17:07:58.8794011] [Info   : LethalMin] Added Custom Script: GlowPikminAI to PikminAI!
[17:07:58.8804009] [Message: LethalMin] Registered Pikmin Type: Glow Pikmin with ID: 2
[17:07:58.8804009] [Message: LethalMin] Registering Pikmin Type: Ice Pikmin
[17:07:58.8804009] [Info   : LethalMin] Generating config file for Pikmin Type: Ice Pikmin
[17:07:58.8849087] [Debug  : LethalMin] PikminPrimaryColor set to RGBA(0.000, 1.000, 1.000, 1.000)
[17:07:58.8849087] [Debug  : LethalMin] PikminSecondaryColor set to RGBA(0.000, 0.502, 0.502, 1.000)
[17:07:58.8849087] [Debug  : LethalMin] Skipping unsupported field type: PikminIcon (UnityEngine.Sprite)
[17:07:58.8859079] [Debug  : LethalMin] Skipping unsupported field type: AnimatedPikminGhostTexture (UnityEngine.Texture2D[])
[17:07:58.8859079] [Debug  : LethalMin] AnimatedPikminGhostFrameHold set to 2
[17:07:58.8859079] [Debug  : LethalMin] OverrideGhostTextureTileing set to (1.00, 1.00)
[17:07:58.8859079] [Debug  : LethalMin] OverrideGhostTextureOffset set to (0.00, 0.00)
[17:07:58.8859079] [Debug  : LethalMin] SetGhostColor set to True
[17:07:58.8859079] [Debug  : LethalMin] DisableRegistration set to False
[17:07:58.8859079] [Debug  : LethalMin] SetColorOnSprout set to True
[17:07:58.8859079] [Debug  : LethalMin] UseOverrideSproutGlowColor set to False
[17:07:58.8859079] [Debug  : LethalMin] OverrideSproutGlowColor set to RGBA(1.000, 1.000, 1.000, 1.000)
[17:07:58.8859079] [Debug  : LethalMin] growSpeeds set to System.Collections.Generic.List`1[System.Single]
[17:07:58.8869081] [Debug  : LethalMin] growAttacks set to System.Collections.Generic.List`1[System.Single]
[17:07:58.8869081] [Debug  : LethalMin] growCarryStrengths set to System.Collections.Generic.List`1[System.Int32]
[17:07:58.8869081] [Debug  : LethalMin] GrowSpeedMultiplier set to 1
[17:07:58.8869081] [Debug  : LethalMin] DefaultSpeed set to 1
[17:07:58.8869081] [Debug  : LethalMin] RunningSpeedMultiplier set to 1.5
[17:07:58.8869081] [Debug  : LethalMin] CarryStrength set to 3
[17:07:58.8869081] [Debug  : LethalMin] ThrowForce set to (15.00, 15.00, 15.00)
[17:07:58.8869081] [Debug  : LethalMin] HazardsResistantTo set to System.Collections.Generic.List`1[PikminHazard]
[17:07:58.8869081] [Debug  : LethalMin] ItemDetectionRange set to 5
[17:07:58.8869081] [Debug  : LethalMin] CanLatchOnToObjects set to True
[17:07:58.8879078] [Debug  : LethalMin] CanJumpOntoObjects set to True
[17:07:58.8879078] [Debug  : LethalMin] CanCarryObjects set to True
[17:07:58.8879078] [Debug  : LethalMin] AttackStrength set to 0.5
[17:07:58.8879078] [Debug  : LethalMin] AttackRate set to 0.5
[17:07:58.8879078] [Debug  : LethalMin] AttackDistance set to 0.5
[17:07:58.8879078] [Debug  : LethalMin] JumpLatchOnRange set to 5
[17:07:58.8879078] [Debug  : LethalMin] DamageDeltUponDeath set to 0
[17:07:58.8879078] [Debug  : LethalMin] DeathDamageRange set to 0
[17:07:58.8879078] [Debug  : LethalMin] DamageDeltUpLanding set to 0
[17:07:58.8879078] [Debug  : LethalMin] ShakeEndurance set to 0.75
[17:07:58.8879078] [Debug  : LethalMin] SpawnsIndoors set to False
[17:07:58.8890848] [Debug  : LethalMin] SpawnsOutdoors set to True
[17:07:58.8890848] [Debug  : LethalMin] SpawnsAsSprout set to True
[17:07:58.8890848] [Debug  : LethalMin] UsesPikminContainer set to False
[17:07:58.8890848] [Debug  : LethalMin] SpawnAfterDay set to 6
[17:07:58.8890848] [Debug  : LethalMin] MoonSpawnMultipliers set to System.Collections.Generic.List`1[System.String]
[17:07:58.8890848] [Debug  : LethalMin] TagSpawnMultipliers set to System.Collections.Generic.List`1[System.String]
[17:07:58.8890848] [Debug  : LethalMin] WeatherSpawnMultipliers set to System.Collections.Generic.List`1[System.String]
[17:07:58.8890848] [Debug  : LethalMin] InstaEnterOnion set to False
[17:07:58.8900842] [Debug  : LethalMin] UsePresetFormatting set to True
[17:07:58.8900842] [Debug  : LethalMin] HelpfulLevel set to 25%
[17:07:58.8900842] [Debug  : LethalMin] ScientificName set to Pikminidae habiglacius
[17:07:58.8900842] [Debug  : LethalMin] piklopediaName set to 
[17:07:58.8900842] [Debug  : LethalMin] MaxGroupSpawnSize set to 3
[17:07:58.8900842] [Info   : LethalMin] Config file generated for Pikmin Type: Ice Pikmin at BepInEx/BepInEx\config\Pikmin\Ice Pikmin.cfg
[17:07:58.8910850] [Debug  :ainavt.lc.lethalconfig] Registered config "LethalMin/Pikmin/Ice Pikmin"
[17:07:58.8925906] [Info   : LethalMin] Added Custom Script: IcePikminAI to PikminAI!
[17:07:58.8925906] [Message: LethalMin] Registered Pikmin Type: Ice Pikmin with ID: 3
[17:07:58.8925906] [Message: LethalMin] Registering Pikmin Type: Purple Pikmin
[17:07:58.8925906] [Info   : LethalMin] Generating config file for Pikmin Type: Purple Pikmin
[17:07:58.8976463] [Debug  : LethalMin] PikminPrimaryColor set to RGBA(0.502, 0.000, 1.000, 1.000)
[17:07:58.8976463] [Debug  : LethalMin] PikminSecondaryColor set to RGBA(0.243, 0.000, 0.502, 1.000)
[17:07:58.8976463] [Debug  : LethalMin] Skipping unsupported field type: PikminIcon (UnityEngine.Sprite)
[17:07:58.8976463] [Debug  : LethalMin] Skipping unsupported field type: AnimatedPikminGhostTexture (UnityEngine.Texture2D[])
[17:07:58.8976463] [Debug  : LethalMin] AnimatedPikminGhostFrameHold set to 2
[17:07:58.8976463] [Debug  : LethalMin] OverrideGhostTextureTileing set to (1.00, 1.00)
[17:07:58.8986464] [Debug  : LethalMin] OverrideGhostTextureOffset set to (0.00, 0.00)
[17:07:58.8986464] [Debug  : LethalMin] SetGhostColor set to True
[17:07:58.8986464] [Debug  : LethalMin] DisableRegistration set to False
[17:07:58.8986464] [Debug  : LethalMin] SetColorOnSprout set to True
[17:07:58.8986464] [Debug  : LethalMin] UseOverrideSproutGlowColor set to False
[17:07:58.8986464] [Debug  : LethalMin] OverrideSproutGlowColor set to RGBA(1.000, 1.000, 1.000, 1.000)
[17:07:58.8986464] [Debug  : LethalMin] growSpeeds set to System.Collections.Generic.List`1[System.Single]
[17:07:58.8986464] [Debug  : LethalMin] growAttacks set to System.Collections.Generic.List`1[System.Single]
[17:07:58.8986464] [Debug  : LethalMin] growCarryStrengths set to System.Collections.Generic.List`1[System.Int32]
[17:07:58.8986464] [Debug  : LethalMin] GrowSpeedMultiplier set to 1
[17:07:58.8986464] [Debug  : LethalMin] DefaultSpeed set to 1
[17:07:58.8986464] [Debug  : LethalMin] RunningSpeedMultiplier set to 1.25
[17:07:58.8996467] [Debug  : LethalMin] CarryStrength set to 30
[17:07:58.8996467] [Debug  : LethalMin] ThrowForce set to (21.00, 21.00, 21.00)
[17:07:58.8996467] [Debug  : LethalMin] HazardsResistantTo set to System.Collections.Generic.List`1[PikminHazard]
[17:07:58.8996467] [Debug  : LethalMin] ItemDetectionRange set to 5
[17:07:58.8996467] [Debug  : LethalMin] CanLatchOnToObjects set to True
[17:07:58.8996467] [Debug  : LethalMin] CanJumpOntoObjects set to True
[17:07:58.8996467] [Debug  : LethalMin] CanCarryObjects set to True
[17:07:58.8996467] [Debug  : LethalMin] AttackStrength set to 1
[17:07:58.9006457] [Debug  : LethalMin] AttackRate set to 0.5
[17:07:58.9006457] [Debug  : LethalMin] AttackDistance set to 0.5
[17:07:58.9006457] [Debug  : LethalMin] JumpLatchOnRange set to 3
[17:07:58.9006457] [Debug  : LethalMin] DamageDeltUponDeath set to 0
[17:07:58.9006457] [Debug  : LethalMin] DeathDamageRange set to 0
[17:07:58.9006457] [Debug  : LethalMin] DamageDeltUpLanding set to 6
[17:07:58.9006457] [Debug  : LethalMin] ShakeEndurance set to 0.75
[17:07:58.9006457] [Debug  : LethalMin] SpawnsIndoors set to True
[17:07:58.9006457] [Debug  : LethalMin] SpawnsOutdoors set to False
[17:07:58.9006457] [Debug  : LethalMin] SpawnsAsSprout set to False
[17:07:58.9006457] [Debug  : LethalMin] UsesPikminContainer set to True
[17:07:58.9006457] [Debug  : LethalMin] SpawnAfterDay set to -1
[17:07:58.9016461] [Debug  : LethalMin] MoonSpawnMultipliers set to System.Collections.Generic.List`1[System.String]
[17:07:58.9016461] [Debug  : LethalMin] TagSpawnMultipliers set to System.Collections.Generic.List`1[System.String]
[17:07:58.9016461] [Debug  : LethalMin] WeatherSpawnMultipliers set to System.Collections.Generic.List`1[System.String]
[17:07:58.9016461] [Debug  : LethalMin] InstaEnterOnion set to False
[17:07:58.9016461] [Debug  : LethalMin] UsePresetFormatting set to True
[17:07:58.9016461] [Debug  : LethalMin] HelpfulLevel set to 70%
[17:07:58.9016461] [Debug  : LethalMin] ScientificName set to Pikminidae yokozunum
[17:07:58.9016461] [Debug  : LethalMin] piklopediaName set to 
[17:07:58.9016461] [Debug  : LethalMin] MaxGroupSpawnSize set to 3
[17:07:58.9016461] [Info   : LethalMin] Config file generated for Pikmin Type: Purple Pikmin at BepInEx/BepInEx\config\Pikmin\Purple Pikmin.cfg
[17:07:58.9036716] [Debug  :ainavt.lc.lethalconfig] Registered config "LethalMin/Pikmin/Purple Pikmin"
[17:07:58.9046730] [Info   : LethalMin] Added Custom Script: PurplePikminAI to PikminAI!
[17:07:58.9046730] [Message: LethalMin] Registered Pikmin Type: Purple Pikmin with ID: 4
[17:07:58.9046730] [Message: LethalMin] Registering Pikmin Type: Red Pikmin
[17:07:58.9046730] [Info   : LethalMin] Generating config file for Pikmin Type: Red Pikmin
[17:07:58.9096720] [Debug  : LethalMin] PikminPrimaryColor set to RGBA(1.000, 0.000, 0.000, 1.000)
[17:07:58.9096720] [Debug  : LethalMin] PikminSecondaryColor set to RGBA(0.502, 0.000, 0.000, 1.000)
[17:07:58.9096720] [Debug  : LethalMin] Skipping unsupported field type: PikminIcon (UnityEngine.Sprite)
[17:07:58.9096720] [Debug  : LethalMin] Skipping unsupported field type: AnimatedPikminGhostTexture (UnityEngine.Texture2D[])
[17:07:58.9096720] [Debug  : LethalMin] AnimatedPikminGhostFrameHold set to 2
[17:07:58.9096720] [Debug  : LethalMin] OverrideGhostTextureTileing set to (1.00, 1.00)
[17:07:58.9096720] [Debug  : LethalMin] OverrideGhostTextureOffset set to (0.00, 0.00)
[17:07:58.9096720] [Debug  : LethalMin] SetGhostColor set to True
[17:07:58.9096720] [Debug  : LethalMin] DisableRegistration set to False
[17:07:58.9096720] [Debug  : LethalMin] SetColorOnSprout set to True
[17:07:58.9106723] [Debug  : LethalMin] UseOverrideSproutGlowColor set to False
[17:07:58.9106723] [Debug  : LethalMin] OverrideSproutGlowColor set to RGBA(1.000, 1.000, 1.000, 1.000)
[17:07:58.9106723] [Debug  : LethalMin] growSpeeds set to System.Collections.Generic.List`1[System.Single]
[17:07:58.9106723] [Debug  : LethalMin] growAttacks set to System.Collections.Generic.List`1[System.Single]
[17:07:58.9106723] [Debug  : LethalMin] growCarryStrengths set to System.Collections.Generic.List`1[System.Int32]
[17:07:58.9106723] [Debug  : LethalMin] GrowSpeedMultiplier set to 1
[17:07:58.9106723] [Debug  : LethalMin] DefaultSpeed set to 1
[17:07:58.9106723] [Debug  : LethalMin] RunningSpeedMultiplier set to 1.5
[17:07:58.9106723] [Debug  : LethalMin] CarryStrength set to 3
[17:07:58.9106723] [Debug  : LethalMin] ThrowForce set to (15.00, 15.00, 15.00)
[17:07:58.9106723] [Debug  : LethalMin] HazardsResistantTo set to System.Collections.Generic.List`1[PikminHazard]
[17:07:58.9116727] [Debug  : LethalMin] ItemDetectionRange set to 5
[17:07:58.9116727] [Debug  : LethalMin] CanLatchOnToObjects set to True
[17:07:58.9116727] [Debug  : LethalMin] CanJumpOntoObjects set to True
[17:07:58.9116727] [Debug  : LethalMin] CanCarryObjects set to True
[17:07:58.9116727] [Debug  : LethalMin] AttackStrength set to 5
[17:07:58.9116727] [Debug  : LethalMin] AttackRate set to 0.5
[17:07:58.9116727] [Debug  : LethalMin] AttackDistance set to 0.5
[17:07:58.9116727] [Debug  : LethalMin] JumpLatchOnRange set to 5
[17:07:58.9116727] [Debug  : LethalMin] DamageDeltUponDeath set to 0
[17:07:58.9116727] [Debug  : LethalMin] DeathDamageRange set to 0
[17:07:58.9116727] [Debug  : LethalMin] DamageDeltUpLanding set to 0
[17:07:58.9116727] [Debug  : LethalMin] ShakeEndurance set to 0.75
[17:07:58.9126722] [Debug  : LethalMin] SpawnsIndoors set to False
[17:07:58.9126722] [Debug  : LethalMin] SpawnsOutdoors set to True
[17:07:58.9126722] [Debug  : LethalMin] SpawnsAsSprout set to True
[17:07:58.9126722] [Debug  : LethalMin] UsesPikminContainer set to False
[17:07:58.9126722] [Debug  : LethalMin] SpawnAfterDay set to -1
[17:07:58.9126722] [Debug  : LethalMin] MoonSpawnMultipliers set to System.Collections.Generic.List`1[System.String]
[17:07:58.9126722] [Debug  : LethalMin] TagSpawnMultipliers set to System.Collections.Generic.List`1[System.String]
[17:07:58.9126722] [Debug  : LethalMin] WeatherSpawnMultipliers set to System.Collections.Generic.List`1[System.String]
[17:07:58.9126722] [Debug  : LethalMin] InstaEnterOnion set to False
[17:07:58.9126722] [Debug  : LethalMin] UsePresetFormatting set to True
[17:07:58.9137194] [Debug  : LethalMin] HelpfulLevel set to 50%
[17:07:58.9137194] [Debug  : LethalMin] ScientificName set to Pikminidae rubrus
[17:07:58.9137194] [Debug  : LethalMin] piklopediaName set to 
[17:07:58.9137194] [Debug  : LethalMin] MaxGroupSpawnSize set to 3
[17:07:58.9137194] [Info   : LethalMin] Config file generated for Pikmin Type: Red Pikmin at BepInEx/BepInEx\config\Pikmin\Red Pikmin.cfg
[17:07:58.9157196] [Debug  :ainavt.lc.lethalconfig] Registered config "LethalMin/Pikmin/Red Pikmin"
[17:07:58.9157196] [Message: LethalMin] Registered Pikmin Type: Red Pikmin with ID: 5
[17:07:58.9157196] [Message: LethalMin] Registering Pikmin Type: Rock Pikmin
[17:07:58.9157196] [Info   : LethalMin] Generating config file for Pikmin Type: Rock Pikmin
[17:07:58.9197192] [Debug  : LethalMin] PikminPrimaryColor set to RGBA(0.588, 0.588, 0.588, 1.000)
[17:07:58.9197192] [Debug  : LethalMin] PikminSecondaryColor set to RGBA(0.294, 0.294, 0.294, 1.000)
[17:07:58.9197192] [Debug  : LethalMin] Skipping unsupported field type: PikminIcon (UnityEngine.Sprite)
[17:07:58.9197192] [Debug  : LethalMin] Skipping unsupported field type: AnimatedPikminGhostTexture (UnityEngine.Texture2D[])
[17:07:58.9197192] [Debug  : LethalMin] AnimatedPikminGhostFrameHold set to 2
[17:07:58.9207193] [Debug  : LethalMin] OverrideGhostTextureTileing set to (1.00, 1.00)
[17:07:58.9207193] [Debug  : LethalMin] OverrideGhostTextureOffset set to (0.00, 0.00)
[17:07:58.9207193] [Debug  : LethalMin] SetGhostColor set to True
[17:07:58.9207193] [Debug  : LethalMin] DisableRegistration set to False
[17:07:58.9207193] [Debug  : LethalMin] SetColorOnSprout set to False
[17:07:58.9207193] [Debug  : LethalMin] UseOverrideSproutGlowColor set to False
[17:07:58.9207193] [Debug  : LethalMin] OverrideSproutGlowColor set to RGBA(1.000, 1.000, 1.000, 1.000)
[17:07:58.9207193] [Debug  : LethalMin] growSpeeds set to System.Collections.Generic.List`1[System.Single]
[17:07:58.9207193] [Debug  : LethalMin] growAttacks set to System.Collections.Generic.List`1[System.Single]
[17:07:58.9207193] [Debug  : LethalMin] growCarryStrengths set to System.Collections.Generic.List`1[System.Int32]
[17:07:58.9207193] [Debug  : LethalMin] GrowSpeedMultiplier set to 1
[17:07:58.9217221] [Debug  : LethalMin] DefaultSpeed set to 1
[17:07:58.9217221] [Debug  : LethalMin] RunningSpeedMultiplier set to 1.5
[17:07:58.9217221] [Debug  : LethalMin] CarryStrength set to 3
[17:07:58.9217221] [Debug  : LethalMin] ThrowForce set to (15.00, 15.00, 15.00)
[17:07:58.9217221] [Debug  : LethalMin] HazardsResistantTo set to System.Collections.Generic.List`1[PikminHazard]
[17:07:58.9217221] [Debug  : LethalMin] ItemDetectionRange set to 5
[17:07:58.9217221] [Debug  : LethalMin] CanLatchOnToObjects set to False
[17:07:58.9217221] [Debug  : LethalMin] CanJumpOntoObjects set to False
[17:07:58.9217221] [Debug  : LethalMin] CanCarryObjects set to True
[17:07:58.9217221] [Debug  : LethalMin] AttackStrength set to 2.5
[17:07:58.9217221] [Debug  : LethalMin] AttackRate set to 0.5
[17:07:58.9227194] [Debug  : LethalMin] AttackDistance set to 0.5
[17:07:58.9227194] [Debug  : LethalMin] JumpLatchOnRange set to 5
[17:07:58.9227194] [Debug  : LethalMin] DamageDeltUponDeath set to 0
[17:07:58.9227194] [Debug  : LethalMin] DeathDamageRange set to 0
[17:07:58.9227194] [Debug  : LethalMin] DamageDeltUpLanding set to 0
[17:07:58.9227194] [Debug  : LethalMin] ShakeEndurance set to 0.75
[17:07:58.9227194] [Debug  : LethalMin] SpawnsIndoors set to False
[17:07:58.9227194] [Debug  : LethalMin] SpawnsOutdoors set to True
[17:07:58.9227194] [Debug  : LethalMin] SpawnsAsSprout set to True
[17:07:58.9227194] [Debug  : LethalMin] UsesPikminContainer set to False
[17:07:58.9227194] [Debug  : LethalMin] SpawnAfterDay set to 3
[17:07:58.9227194] [Debug  : LethalMin] MoonSpawnMultipliers set to System.Collections.Generic.List`1[System.String]
[17:07:58.9238726] [Debug  : LethalMin] TagSpawnMultipliers set to System.Collections.Generic.List`1[System.String]
[17:07:58.9238726] [Debug  : LethalMin] WeatherSpawnMultipliers set to System.Collections.Generic.List`1[System.String]
[17:07:58.9238726] [Debug  : LethalMin] InstaEnterOnion set to False
[17:07:58.9238726] [Debug  : LethalMin] UsePresetFormatting set to True
[17:07:58.9238726] [Debug  : LethalMin] HelpfulLevel set to 65%
[17:07:58.9238726] [Debug  : LethalMin] ScientificName set to Pikminidae habisaxum
[17:07:58.9238726] [Debug  : LethalMin] piklopediaName set to 
[17:07:58.9238726] [Debug  : LethalMin] MaxGroupSpawnSize set to 3
[17:07:58.9238726] [Info   : LethalMin] Config file generated for Pikmin Type: Rock Pikmin at BepInEx/BepInEx\config\Pikmin\Rock Pikmin.cfg
[17:07:58.9263757] [Debug  :ainavt.lc.lethalconfig] Registered config "LethalMin/Pikmin/Rock Pikmin"
[17:07:58.9263757] [Info   : LethalMin] Added Custom Script: RockPikminAI to PikminAI!
[17:07:58.9263757] [Message: LethalMin] Registered Pikmin Type: Rock Pikmin with ID: 6
[17:07:58.9263757] [Message: LethalMin] Registering Pikmin Type: White Pikmin
[17:07:58.9263757] [Info   : LethalMin] Generating config file for Pikmin Type: White Pikmin
[17:07:58.9313793] [Debug  : LethalMin] PikminPrimaryColor set to RGBA(1.000, 1.000, 1.000, 1.000)
[17:07:58.9313793] [Debug  : LethalMin] PikminSecondaryColor set to RGBA(0.502, 0.502, 0.502, 1.000)
[17:07:58.9313793] [Debug  : LethalMin] Skipping unsupported field type: PikminIcon (UnityEngine.Sprite)
[17:07:58.9313793] [Debug  : LethalMin] Skipping unsupported field type: AnimatedPikminGhostTexture (UnityEngine.Texture2D[])
[17:07:58.9313793] [Debug  : LethalMin] AnimatedPikminGhostFrameHold set to 2
[17:07:58.9313793] [Debug  : LethalMin] OverrideGhostTextureTileing set to (1.00, 1.00)
[17:07:58.9313793] [Debug  : LethalMin] OverrideGhostTextureOffset set to (0.00, 0.00)
[17:07:58.9313793] [Debug  : LethalMin] SetGhostColor set to True
[17:07:58.9313793] [Debug  : LethalMin] DisableRegistration set to False
[17:07:58.9328829] [Debug  : LethalMin] SetColorOnSprout set to True
[17:07:58.9328829] [Debug  : LethalMin] UseOverrideSproutGlowColor set to False
[17:07:58.9328829] [Debug  : LethalMin] OverrideSproutGlowColor set to RGBA(1.000, 1.000, 1.000, 1.000)
[17:07:58.9328829] [Debug  : LethalMin] growSpeeds set to System.Collections.Generic.List`1[System.Single]
[17:07:58.9328829] [Debug  : LethalMin] growAttacks set to System.Collections.Generic.List`1[System.Single]
[17:07:58.9328829] [Debug  : LethalMin] growCarryStrengths set to System.Collections.Generic.List`1[System.Int32]
[17:07:58.9328829] [Debug  : LethalMin] GrowSpeedMultiplier set to 1
[17:07:58.9328829] [Debug  : LethalMin] DefaultSpeed set to 1
[17:07:58.9328829] [Debug  : LethalMin] RunningSpeedMultiplier set to 1.5
[17:07:58.9338874] [Debug  : LethalMin] CarryStrength set to 3
[17:07:58.9338874] [Debug  : LethalMin] ThrowForce set to (15.00, 15.00, 15.00)
[17:07:58.9338874] [Debug  : LethalMin] HazardsResistantTo set to System.Collections.Generic.List`1[PikminHazard]
[17:07:58.9338874] [Debug  : LethalMin] ItemDetectionRange set to 15
[17:07:58.9338874] [Debug  : LethalMin] CanLatchOnToObjects set to True
[17:07:58.9338874] [Debug  : LethalMin] CanJumpOntoObjects set to True
[17:07:58.9338874] [Debug  : LethalMin] CanCarryObjects set to True
[17:07:58.9338874] [Debug  : LethalMin] AttackStrength set to 1
[17:07:58.9338874] [Debug  : LethalMin] AttackRate set to 0.5
[17:07:58.9348865] [Debug  : LethalMin] AttackDistance set to 0.5
[17:07:58.9348865] [Debug  : LethalMin] JumpLatchOnRange set to 5
[17:07:58.9348865] [Debug  : LethalMin] DamageDeltUponDeath set to 200
[17:07:58.9348865] [Debug  : LethalMin] DeathDamageRange set to 5
[17:07:58.9348865] [Debug  : LethalMin] DamageDeltUpLanding set to 0
[17:07:58.9348865] [Debug  : LethalMin] ShakeEndurance set to 0.75
[17:07:58.9348865] [Debug  : LethalMin] SpawnsIndoors set to True
[17:07:58.9348865] [Debug  : LethalMin] SpawnsOutdoors set to False
[17:07:58.9348865] [Debug  : LethalMin] SpawnsAsSprout set to False
[17:07:58.9363915] [Debug  : LethalMin] UsesPikminContainer set to True
[17:07:58.9363915] [Debug  : LethalMin] SpawnAfterDay set to -1
[17:07:58.9363915] [Debug  : LethalMin] MoonSpawnMultipliers set to System.Collections.Generic.List`1[System.String]
[17:07:58.9363915] [Debug  : LethalMin] TagSpawnMultipliers set to System.Collections.Generic.List`1[System.String]
[17:07:58.9363915] [Debug  : LethalMin] WeatherSpawnMultipliers set to System.Collections.Generic.List`1[System.String]
[17:07:58.9363915] [Debug  : LethalMin] InstaEnterOnion set to False
[17:07:58.9363915] [Debug  : LethalMin] UsePresetFormatting set to True
[17:07:58.9363915] [Debug  : LethalMin] HelpfulLevel set to 50%
[17:07:58.9363915] [Debug  : LethalMin] ScientificName set to Pikminidae venalbius
[17:07:58.9373963] [Debug  : LethalMin] piklopediaName set to 
[17:07:58.9373963] [Debug  : LethalMin] MaxGroupSpawnSize set to 3
[17:07:58.9373963] [Info   : LethalMin] Config file generated for Pikmin Type: White Pikmin at BepInEx/BepInEx\config\Pikmin\White Pikmin.cfg
[17:07:58.9393956] [Debug  :ainavt.lc.lethalconfig] Registered config "LethalMin/Pikmin/White Pikmin"
[17:07:58.9393956] [Message: LethalMin] Registered Pikmin Type: White Pikmin with ID: 7
[17:07:58.9393956] [Message: LethalMin] Registering Pikmin Type: Winged Pikmin
[17:07:58.9393956] [Info   : LethalMin] Generating config file for Pikmin Type: Winged Pikmin
[17:07:58.9449099] [Debug  : LethalMin] PikminPrimaryColor set to RGBA(1.000, 0.000, 1.000, 1.000)
[17:07:58.9449099] [Debug  : LethalMin] PikminSecondaryColor set to RGBA(0.502, 0.000, 0.502, 1.000)
[17:07:58.9449099] [Debug  : LethalMin] Skipping unsupported field type: PikminIcon (UnityEngine.Sprite)
[17:07:58.9449099] [Debug  : LethalMin] Skipping unsupported field type: AnimatedPikminGhostTexture (UnityEngine.Texture2D[])
[17:07:58.9449099] [Debug  : LethalMin] AnimatedPikminGhostFrameHold set to 2
[17:07:58.9449099] [Debug  : LethalMin] OverrideGhostTextureTileing set to (1.00, 1.50)
[17:07:58.9459064] [Debug  : LethalMin] OverrideGhostTextureOffset set to (0.00, -0.20)
[17:07:58.9459064] [Debug  : LethalMin] SetGhostColor set to True
[17:07:58.9459064] [Debug  : LethalMin] DisableRegistration set to False
[17:07:58.9459064] [Debug  : LethalMin] SetColorOnSprout set to True
[17:07:58.9459064] [Debug  : LethalMin] UseOverrideSproutGlowColor set to False
[17:07:58.9459064] [Debug  : LethalMin] OverrideSproutGlowColor set to RGBA(1.000, 1.000, 1.000, 1.000)
[17:07:58.9459064] [Debug  : LethalMin] growSpeeds set to System.Collections.Generic.List`1[System.Single]
[17:07:58.9459064] [Debug  : LethalMin] growAttacks set to System.Collections.Generic.List`1[System.Single]
[17:07:58.9469071] [Debug  : LethalMin] growCarryStrengths set to System.Collections.Generic.List`1[System.Int32]
[17:07:58.9469071] [Debug  : LethalMin] GrowSpeedMultiplier set to 1
[17:07:58.9469071] [Debug  : LethalMin] DefaultSpeed set to 1
[17:07:58.9469071] [Debug  : LethalMin] RunningSpeedMultiplier set to 1.5
[17:07:58.9469071] [Debug  : LethalMin] CarryStrength set to 3
[17:07:58.9469071] [Debug  : LethalMin] ThrowForce set to (15.00, 15.00, 15.00)
[17:07:58.9469071] [Debug  : LethalMin] HazardsResistantTo set to System.Collections.Generic.List`1[PikminHazard]
[17:07:58.9469071] [Debug  : LethalMin] ItemDetectionRange set to 5
[17:07:58.9469071] [Debug  : LethalMin] CanLatchOnToObjects set to True
[17:07:58.9479074] [Debug  : LethalMin] CanJumpOntoObjects set to True
[17:07:58.9479074] [Debug  : LethalMin] CanCarryObjects set to True
[17:07:58.9479074] [Debug  : LethalMin] AttackStrength set to 0.5
[17:07:58.9479074] [Debug  : LethalMin] AttackRate set to 0.5
[17:07:58.9479074] [Debug  : LethalMin] AttackDistance set to 0.5
[17:07:58.9479074] [Debug  : LethalMin] JumpLatchOnRange set to 5
[17:07:58.9479074] [Debug  : LethalMin] DamageDeltUponDeath set to 0
[17:07:58.9479074] [Debug  : LethalMin] DeathDamageRange set to 0
[17:07:58.9479074] [Debug  : LethalMin] DamageDeltUpLanding set to 0
[17:07:58.9479074] [Debug  : LethalMin] ShakeEndurance set to 0.75
[17:07:58.9489077] [Debug  : LethalMin] SpawnsIndoors set to False
[17:07:58.9489077] [Debug  : LethalMin] SpawnsOutdoors set to True
[17:07:58.9489077] [Debug  : LethalMin] SpawnsAsSprout set to True
[17:07:58.9489077] [Debug  : LethalMin] UsesPikminContainer set to False
[17:07:58.9489077] [Debug  : LethalMin] SpawnAfterDay set to 3
[17:07:58.9489077] [Debug  : LethalMin] MoonSpawnMultipliers set to System.Collections.Generic.List`1[System.String]
[17:07:58.9489077] [Debug  : LethalMin] TagSpawnMultipliers set to System.Collections.Generic.List`1[System.String]
[17:07:58.9489077] [Debug  : LethalMin] WeatherSpawnMultipliers set to System.Collections.Generic.List`1[System.String]
[17:07:58.9499064] [Debug  : LethalMin] InstaEnterOnion set to False
[17:07:58.9499064] [Debug  : LethalMin] UsePresetFormatting set to True
[17:07:58.9499064] [Debug  : LethalMin] HelpfulLevel set to 50%
[17:07:58.9499064] [Debug  : LethalMin] ScientificName set to Pikminidae volarosa
[17:07:58.9499064] [Debug  : LethalMin] piklopediaName set to 
[17:07:58.9499064] [Debug  : LethalMin] MaxGroupSpawnSize set to 3
[17:07:58.9499064] [Info   : LethalMin] Config file generated for Pikmin Type: Winged Pikmin at BepInEx/BepInEx\config\Pikmin\Winged Pikmin.cfg
[17:07:58.9519078] [Debug  :ainavt.lc.lethalconfig] Registered config "LethalMin/Pikmin/Winged Pikmin"
[17:07:58.9529099] [Info   : LethalMin] Added Custom Script: WingedPikminAI to PikminAI!
[17:07:58.9529099] [Info   : LethalMin] Added event at time (3.15) for wg_Gattu
[17:07:58.9529099] [Info   : LethalMin] Added event at time (4.75) for wg_Akubi
[17:07:58.9529099] [Info   : LethalMin] Added event at time (3.15) for wg_Iraira
[17:07:58.9529099] [Message: LethalMin] Registered Pikmin Type: Winged Pikmin with ID: 8
[17:07:58.9529099] [Message: LethalMin] Registering Pikmin Type: Yellow Pikmin
[17:07:58.9529099] [Info   : LethalMin] Generating config file for Pikmin Type: Yellow Pikmin
[17:07:58.9572884] [Debug  : LethalMin] PikminPrimaryColor set to RGBA(1.000, 1.000, 0.000, 1.000)
[17:07:58.9572884] [Debug  : LethalMin] PikminSecondaryColor set to RGBA(0.502, 0.502, 0.000, 1.000)
[17:07:58.9572884] [Debug  : LethalMin] Skipping unsupported field type: PikminIcon (UnityEngine.Sprite)
[17:07:58.9572884] [Debug  : LethalMin] Skipping unsupported field type: AnimatedPikminGhostTexture (UnityEngine.Texture2D[])
[17:07:58.9572884] [Debug  : LethalMin] AnimatedPikminGhostFrameHold set to 2
[17:07:58.9572884] [Debug  : LethalMin] OverrideGhostTextureTileing set to (1.00, 1.00)
[17:07:58.9582874] [Debug  : LethalMin] OverrideGhostTextureOffset set to (0.00, 0.00)
[17:07:58.9582874] [Debug  : LethalMin] SetGhostColor set to True
[17:07:58.9582874] [Debug  : LethalMin] DisableRegistration set to False
[17:07:58.9582874] [Debug  : LethalMin] SetColorOnSprout set to True
[17:07:58.9582874] [Debug  : LethalMin] UseOverrideSproutGlowColor set to False
[17:07:58.9582874] [Debug  : LethalMin] OverrideSproutGlowColor set to RGBA(1.000, 1.000, 1.000, 1.000)
[17:07:58.9582874] [Debug  : LethalMin] growSpeeds set to System.Collections.Generic.List`1[System.Single]
[17:07:58.9582874] [Debug  : LethalMin] growAttacks set to System.Collections.Generic.List`1[System.Single]
[17:07:58.9582874] [Debug  : LethalMin] growCarryStrengths set to System.Collections.Generic.List`1[System.Int32]
[17:07:58.9582874] [Debug  : LethalMin] GrowSpeedMultiplier set to 1
[17:07:58.9582874] [Debug  : LethalMin] DefaultSpeed set to 1
[17:07:58.9592871] [Debug  : LethalMin] RunningSpeedMultiplier set to 1.5
[17:07:58.9592871] [Debug  : LethalMin] CarryStrength set to 3
[17:07:58.9592871] [Debug  : LethalMin] ThrowForce set to (22.00, 22.00, 22.00)
[17:07:58.9592871] [Debug  : LethalMin] HazardsResistantTo set to System.Collections.Generic.List`1[PikminHazard]
[17:07:58.9592871] [Debug  : LethalMin] ItemDetectionRange set to 5
[17:07:58.9592871] [Debug  : LethalMin] CanLatchOnToObjects set to True
[17:07:58.9592871] [Debug  : LethalMin] CanJumpOntoObjects set to True
[17:07:58.9592871] [Debug  : LethalMin] CanCarryObjects set to True
[17:07:58.9592871] [Debug  : LethalMin] AttackStrength set to 1
[17:07:58.9592871] [Debug  : LethalMin] AttackRate set to 0.5
[17:07:58.9592871] [Debug  : LethalMin] AttackDistance set to 0.5
[17:07:58.9592871] [Debug  : LethalMin] JumpLatchOnRange set to 5
[17:07:58.9602893] [Debug  : LethalMin] DamageDeltUponDeath set to 0
[17:07:58.9602893] [Debug  : LethalMin] DeathDamageRange set to 0
[17:07:58.9602893] [Debug  : LethalMin] DamageDeltUpLanding set to 0
[17:07:58.9602893] [Debug  : LethalMin] ShakeEndurance set to 0.75
[17:07:58.9602893] [Debug  : LethalMin] SpawnsIndoors set to False
[17:07:58.9602893] [Debug  : LethalMin] SpawnsOutdoors set to True
[17:07:58.9602893] [Debug  : LethalMin] SpawnsAsSprout set to True
[17:07:58.9602893] [Debug  : LethalMin] UsesPikminContainer set to False
[17:07:58.9602893] [Debug  : LethalMin] SpawnAfterDay set to -1
[17:07:58.9602893] [Debug  : LethalMin] MoonSpawnMultipliers set to System.Collections.Generic.List`1[System.String]
[17:07:58.9602893] [Debug  : LethalMin] TagSpawnMultipliers set to System.Collections.Generic.List`1[System.String]
[17:07:58.9602893] [Debug  : LethalMin] WeatherSpawnMultipliers set to System.Collections.Generic.List`1[System.String]
[17:07:58.9612879] [Debug  : LethalMin] InstaEnterOnion set to False
[17:07:58.9612879] [Debug  : LethalMin] UsePresetFormatting set to True
[17:07:58.9612879] [Debug  : LethalMin] HelpfulLevel set to 50%
[17:07:58.9612879] [Debug  : LethalMin] ScientificName set to Pikminidae auribus
[17:07:58.9612879] [Debug  : LethalMin] piklopediaName set to 
[17:07:58.9612879] [Debug  : LethalMin] MaxGroupSpawnSize set to 3
[17:07:58.9612879] [Info   : LethalMin] Config file generated for Pikmin Type: Yellow Pikmin at BepInEx/BepInEx\config\Pikmin\Yellow Pikmin.cfg
[17:07:58.9627910] [Debug  :ainavt.lc.lethalconfig] Registered config "LethalMin/Pikmin/Yellow Pikmin"
[17:07:58.9627910] [Message: LethalMin] Registered Pikmin Type: Yellow Pikmin with ID: 9
[17:07:58.9627910] [Info   : LethalMin] LethalMin: Loading Default Moon Spawn Configs
[17:07:58.9637971] [Debug  : LethalMin] Moon spawn config loaded in memory (no file) for: Embrion
[17:07:58.9637971] [Debug  : LethalMin] Moon spawn config loaded in memory (no file) for: Adamance
[17:07:58.9637971] [Debug  : LethalMin] Moon spawn config loaded in memory (no file) for: Vow
[17:07:58.9637971] [Info   : LethalMin] LethalMin: Loading Default Weather Spawn Configs
[17:07:58.9637971] [Debug  : LethalMin] Weather spawn config loaded in memory (no file) for: Rainy
[17:07:58.9637971] [Debug  : LethalMin] Weather spawn config loaded in memory (no file) for: Eclipsed
[17:07:58.9637971] [Info   : LethalMin] LethalMin: Registering Onion Types
[17:07:58.9657955] [Info   : LethalMin] Registering 9 Onion Types
[17:07:58.9657955] [Message: LethalMin] Registering Onion Type: Blue Onion
[17:07:58.9667941] [Message: LethalMin] Registered Onion Type: Blue Onion with ID: 0
[17:07:58.9667941] [Message: LethalMin] Registering Onion Type: Ice Onion
[17:07:58.9667941] [Message: LethalMin] Registered Onion Type: Ice Onion with ID: 1
[17:07:58.9667941] [Message: LethalMin] Registering Onion Type: Pikmin Container
[17:07:58.9667941] [Message: LethalMin] Registered Onion Type: Pikmin Container with ID: 2
[17:07:58.9667941] [Message: LethalMin] Registering Onion Type: Purple Onion
[17:07:58.9667941] [Message: LethalMin] Registered Onion Type: Purple Onion with ID: 3
[17:07:58.9667941] [Message: LethalMin] Registering Onion Type: Red Onion
[17:07:58.9667941] [Message: LethalMin] Registered Onion Type: Red Onion with ID: 4
[17:07:58.9667941] [Message: LethalMin] Registering Onion Type: Rock Onion
[17:07:58.9667941] [Message: LethalMin] Registered Onion Type: Rock Onion with ID: 5
[17:07:58.9667941] [Message: LethalMin] Registering Onion Type: White Onion
[17:07:58.9667941] [Message: LethalMin] Registered Onion Type: White Onion with ID: 6
[17:07:58.9667941] [Message: LethalMin] Registering Onion Type: Winged Onion
[17:07:58.9667941] [Message: LethalMin] Registered Onion Type: Winged Onion with ID: 7
[17:07:58.9667941] [Message: LethalMin] Registering Onion Type: Yellow Onion
[17:07:58.9667941] [Message: LethalMin] Registered Onion Type: Yellow Onion with ID: 8
[17:07:58.9667941] [Info   : LethalMin] LethalMin: Registering Onion Fuse Rules
[17:07:58.9677962] [Info   : LethalMin] Registering 1 Fuse Rules
[17:07:58.9677962] [Message: LethalMin] Registering Fuse Rules: RBY_FuseRules
[17:07:58.9687959] [Message: LethalMin] Registered Fuse Rules: RBY_FuseRules with ID: 0
[17:07:58.9687959] [Info   : LethalMin] LethalMin: Registering Custom Piklopedia Entries
[17:07:58.9707963] [Info   : LethalMin] NoteBoxz.LethalMin v1.1.0(NIGHTLY) has loaded!
[17:07:58.9707963] [Info   :   BepInEx] Loading [EnemyHealthBars 1.4.0]
[17:07:58.9763122] [Debug  :EnemyHealthBars] Patching...
[17:07:58.9928392] [Debug  :EnemyHealthBars] Finished patching!
[17:07:59.0078622] [Info   :EnemyHealthBars] NoteBoxz.EnemyHealthBars v1.4.0 has loaded!
[17:07:59.0078622] [Info   :   BepInEx] Loading [Black Mesa Interior 3.4.1]
[17:07:59.0240080] [Debug  :Spawn Cycle Fixes] Transpiler (Radiation warning): Add Old Bird values after spawning
[17:07:59.0795856] [Info   :   BepInEx] Loading [PSCPLibrary 0.1.1]
[17:07:59.0815864] [Info   :PSCPLibrary] ProjectSCP.PSCPLibrary v0.1.1 has loaded!
[17:07:59.0876625] [Info   :   BepInEx] Loading [PSCPLibrary.IT 1.0.0]
[17:07:59.0890426] [Info   :PSCPLibrary.IT] ProjectSCP.PSCPLibrary.IT v1.0.0 has loaded!
[17:07:59.0981105] [Info   :   BepInEx] Loading [NestFix 1.2.0]
[17:07:59.1036189] [Info   :   BepInEx] Loading [Mirage.Core 1.0.4]
[17:07:59.1046193] [Info   :   BepInEx] Loading [Mirage 1.29.1]
[17:07:59.1066179] [Info   :   BepInEx] Loading [JKConfig 1.0.0]
[17:07:59.1086189] [Info   :rectorado.JKConfig] This thing has loaded supposedly!
[17:07:59.1146524] [Info   :   BepInEx] Loading [KenjiLib 0.7.0]
[17:07:59.1206521] [Warning:  KenjiLib] KenjiLib: Config loaded. Logging level set to [User]
[17:07:59.1291933] [Info   :  KenjiLib] [Info] KenjiLib v0.7.0 loaded successfully. :3
[17:07:59.1291933] [Info   :   BepInEx] Loading [FOV Adjust 1.1.1]
[17:07:59.1337057] [Info   :Rozebud.FovAdjust] Starting.
[17:07:59.1397039] [Info   :Rozebud.FovAdjust] Configs DONE!
[17:07:59.2192936] [Debug  :Jetpack Fixes] Transpiler: Replace "Gravity" with "Inertia"
[17:07:59.2202937] [Debug  :Jetpack Fixes] Transpiler: Replace "Gravity" with "Inertia"
[17:07:59.2202937] [Debug  :Jetpack Fixes] Transpiler: Replace "Gravity" with "Inertia"
[17:07:59.2669382] [Info   :Rozebud.FovAdjust] All FOV Adjust patches have loaded successfully.
[17:07:59.2669382] [Info   :   BepInEx] Loading [FixCameraResolutions 1.5.3]
[17:07:59.2750931] [Info   :FixCameraResolutions] Start loading plugin...
[17:07:59.2816030] [Info   :FixCameraResolutions] Resolution Config Loading...
[17:07:59.2816030] [Info   :FixCameraResolutions] Resolution Config Loaded!
[17:07:59.2826046] [Info   :FixCameraResolutions] HUD Config Loading...
[17:07:59.2826046] [Info   :FixCameraResolutions] HUD Config Loaded!
[17:07:59.2826046] [Info   :FixCameraResolutions] HDRP Config Loading...
[17:07:59.2851132] [Info   :FixCameraResolutions] HDRP Config Loaded!
[17:07:59.2851132] [Info   :FixCameraResolutions] Visor Config Loading...
[17:07:59.2851132] [Info   :FixCameraResolutions] Visor Config Loaded!
[17:07:59.2851132] [Info   :FixCameraResolutions] Lethal Config Registration
[17:07:59.2965923] [Debug  :ainavt.lc.lethalconfig] Registered config "FixCameraResolutions/Resolutions/Enable"
[17:07:59.2965923] [Debug  :ainavt.lc.lethalconfig] Registered config "FixCameraResolutions/Resolutions/Auto Size"
[17:07:59.2965923] [Debug  :ainavt.lc.lethalconfig] Registered config "FixCameraResolutions/Resolutions/Check Resolution Every Frame"
[17:07:59.2965923] [Debug  :ainavt.lc.lethalconfig] Registered config "FixCameraResolutions/Resolutions/Width"
[17:07:59.2965923] [Debug  :ainavt.lc.lethalconfig] Registered config "FixCameraResolutions/Resolutions/Height"
[17:07:59.2975924] [Debug  :ainavt.lc.lethalconfig] Registered config "LethalConfig.ConfigItems.GenericButtonConfigItem"
[17:07:59.2975924] [Debug  :ainavt.lc.lethalconfig] Registered config "FixCameraResolutions/HUD/Fixed Aspect Ratio"
[17:07:59.2975924] [Debug  :ainavt.lc.lethalconfig] Registered config "FixCameraResolutions/HUD/Check Resolution Every Frame"
[17:07:59.2975924] [Debug  :ainavt.lc.lethalconfig] Registered config "LethalConfig.ConfigItems.GenericButtonConfigItem"
[17:07:59.2985924] [Debug  :ainavt.lc.lethalconfig] Registered config "FixCameraResolutions/HDRP/Antialiasing"
[17:07:59.2985924] [Debug  :ainavt.lc.lethalconfig] Registered config "FixCameraResolutions/HDRP/Bloom"
[17:07:59.2995919] [Debug  :ainavt.lc.lethalconfig] Registered config "FixCameraResolutions/HDRP/Fog Rendering Method"
[17:07:59.2995919] [Debug  :ainavt.lc.lethalconfig] Registered config "FixCameraResolutions/HDRP/Shadow"
[17:07:59.2995919] [Debug  :ainavt.lc.lethalconfig] Registered config "FixCameraResolutions/HDRP/Post Processing"
[17:07:59.2995919] [Debug  :ainavt.lc.lethalconfig] Registered config "FixCameraResolutions/HDRP/Vignette"
[17:07:59.2995919] [Debug  :ainavt.lc.lethalconfig] Registered config "FixCameraResolutions/Visors/Disable"
[17:07:59.3005918] [Info   :FixCameraResolutions] Resolution Patch...
[17:07:59.3061016] [Info   :FixCameraResolutions] Resolution Patched!
[17:07:59.3091018] [Info   :FixCameraResolutions] Plugin FixCameraResolutions is loaded!
[17:07:59.3091018] [Info   :   BepInEx] Loading [TestAccountCore 1.18.0]
[17:07:59.3226092] [Debug  :GeneralImprovements] Patching StartOfRound.ResetShipFurniture to save furniture state.
[17:07:59.3246216] [Info   :TestAccountCore] TestAccount666.TestAccountCore v1.18.0 has loaded!
[17:07:59.3301293] [Info   :   BepInEx] Loading [ShipWindows 2.11.1]
[17:07:59.3386412] [Info   :ShipWindows] Loading ShipWindow AssetBundle...
[17:07:59.6278432] [Info   :TestAccountCore] Registering unlockable Shutter...
[17:07:59.6293478] [Info   :TestAccountCore] Fully registered unlockable Shutter!
[17:07:59.6758959] [Debug  :ShipWindows] Registering window Door Window from TestAccount666.ShipWindows!
[17:07:59.6758959] [Debug  :ShipWindows] Registering window Floor Window from TestAccount666.ShipWindows!
[17:07:59.6758959] [Debug  :ShipWindows] Registering window Left Window from TestAccount666.ShipWindows!
[17:07:59.6758959] [Debug  :ShipWindows] Registering window Right Window from TestAccount666.ShipWindows!
[17:07:59.6758959] [Debug  :ShipWindows] Registering window Roof Window from TestAccount666.ShipWindows!
[17:07:59.6904276] [Debug  :ShipWindows] Searching for start: ldfld bool StartOfRound::hangarDoorsClosed
[17:07:59.6904276] [Debug  :ShipWindows] Searching for end: ret NULL
[17:07:59.6904276] [Debug  :ShipWindows] Found start at: 32
[17:07:59.6904276] [Debug  :ShipWindows] Found end at: 60
[17:07:59.7109611] [Info   :ShipWindows] Loading Wesley voice lines...
[17:07:59.8243560] [Info   :ShipWindows] Loaded line 'ShutterClose'!
[17:07:59.9339468] [Info   :ShipWindows] Loaded line 'ShutterOpen'!
[17:08:00.0437810] [Info   :ShipWindows] Loaded line 'SellCounter1'!
[17:08:00.0437810] [Info   :ShipWindows] Loaded successfully!
[17:08:00.0437810] [Info   :   BepInEx] Loading [ScienceBirdTweaks 4.7.5]
[17:08:00.0568690] [Info   :ScienceBirdTweaks] Finished populating scrap keeping blacklists.
[17:08:00.4700217] [Debug  :ScienceBirdTweaks] Patching...
[17:08:00.4735219] [Debug  :ScienceBirdTweaks] Found test1!
[17:08:00.4755270] [Debug  :ScienceBirdTweaks] Found batby!
[17:08:00.4775272] [Debug  :ScienceBirdTweaks] Found shaosil!
[17:08:00.4775272] [Debug  :ScienceBirdTweaks] Found jacob!
[17:08:00.4880512] [Debug  :Matty's Fixes] RoundManager.SpawnScrapInLevel patched
[17:08:00.5371615] [Debug  :   Coroner] Injecting patch into Turret.Update...
[17:08:00.5371615] [Debug  :   Coroner] Done.
[17:08:00.5911599] [Debug  :GeneralImprovements] Patching AudioReverbTrigger.ChangeAudioReverbForPlayer to optimize code.
[17:08:00.6437230] [Warning:KawaiiBone.Remnants] Despawm remnant items on party wipe feature disabled, remnant items will now despawn on party wipe like scrap on the ship.
[17:08:00.6739233] [Debug  :GeneralImprovements] Patching StartOfRound.ResetShipFurniture to save furniture state.
[17:08:00.6970800] [Debug  :Buttery Fixes] Transpiler (StartOfRound.SyncShipUnlockablesClientRpc): Cache Cruiser script
[17:08:00.7087480] [Debug  :Buttery Fixes] Transpiler (ClipboardItem.Update): Cache Cruiser script
[17:08:00.7138135] [Debug  :GeneralImprovements] Patching Terminal.LoadNewNodeIfAffordable to set dropship item limit to 24.
[17:08:00.7148129] [Debug  :Buttery Fixes] Transpiler (Terminal.LoadNewNodeIfAffordable): Cache Cruiser script
[17:08:00.7148129] [Debug  :Buttery Fixes] Transpiler (Survival kit): Stun grenade -> shovel
[17:08:00.7148129] [Debug  :Buttery Fixes] Transpiler (Survival kit): Boomboxes -> walkie-talkies
[17:08:00.7148129] [Info   :darmuhsTerminalStuff] LoadNewNodeIfAffordable Transpiler Initialized
[17:08:00.7233226] [Debug  :GeneralImprovements] Patching PlayerControllerB.SetHoverTipAndCurrentInteractionTrigger to remove grab notification when not needed.
[17:08:00.7591397] [Debug  :Enemy Sound Fixes] Transpiler (Tulip snake): Remove wingflap from chuckle pool
[17:08:00.8198642] [Debug  :Buttery Fixes] Transpiler (StartOfRound.SyncShipUnlockablesClientRpc): Cache Cruiser script
[17:08:00.8299011] [Debug  :GeneralImprovements] Patching StartOfRound.ResetShipFurniture to save furniture state.
[17:08:00.8361212] [Debug  :GeneralImprovements] Patching StartOfRound.ResetShipFurniture to save furniture state.
[17:08:00.8391215] [Warning:KawaiiBone.Remnants] Despawm remnant items on party wipe feature disabled, remnant items will now despawn on party wipe like scrap on the ship.
[17:08:00.8919576] [Debug  :Buttery Fixes] Transpiler (ManualCameraRenderer.SetLineToExitFromRadarTarget): Cache elevator script
[17:08:00.9304514] [Warning:KawaiiBone.Remnants] Despawm remnant items on party wipe feature disabled, remnant items will now despawn on party wipe like scrap on the ship.
[17:08:00.9865945] [Warning:KawaiiBone.Remnants] Despawm remnant items on party wipe feature disabled, remnant items will now despawn on party wipe like scrap on the ship.
[17:08:01.0488390] [Debug  :GeneralImprovements] Patching HudManager.UpdateScanNodes to hide subtext when needed.
[17:08:01.0640179] [Debug  :Matty's Fixes] RoundManager.SpawnScrapInLevel patched
[17:08:01.1110578] [Info   : LethalMin] ShotgunItemPatch: Increased enemyColliders array size from 10 to 127
[17:08:01.1265835] [Debug  :Matty's Fixes] GrabbableObject.Start patched!
[17:08:01.2306996] [Debug  :Jetpack Fixes] Transpiler: Replace "Gravity" with "Inertia"
[17:08:01.2306996] [Debug  :Jetpack Fixes] Transpiler: Replace "Gravity" with "Inertia"
[17:08:01.2306996] [Debug  :Jetpack Fixes] Transpiler: Replace "Gravity" with "Inertia"
[17:08:01.2816039] [Debug  :GeneralImprovements] Patching PlayerControllerB.SetHoverTipAndCurrentInteractionTrigger to remove grab notification when not needed.
[17:08:01.3026016] [Debug  :ScienceBirdTweaks] Finished patching!
[17:08:01.3026016] [Info   :ScienceBirdTweaks] ScienceBird.ScienceBirdTweaks v4.7.5 has loaded!
[17:08:01.3026016] [Info   :   BepInEx] Loading [voxx.TerraMesh 1.1.7]
[17:08:01.3126078] [Info   :voxx.TerraMesh] Plugin is loaded!
[17:08:01.3177244] [Info   :   BepInEx] Loading [UniversalRadar 1.2.4]
[17:08:01.3272307] [Debug  :UniversalRadar] Found config version: 1.2.4 > 1.2.4
[17:08:01.3517561] [Debug  :UniversalRadar] Patching...
[17:08:01.3728279] [Debug  :Buttery Fixes] Transpiler (Radar): Hide arrow when players are out of bounds
[17:08:01.3788374] [Warning:KawaiiBone.Remnants] Despawm remnant items on party wipe feature disabled, remnant items will now despawn on party wipe like scrap on the ship.
[17:08:01.3828373] [Debug  :UniversalRadar] Finished patching!
[17:08:01.3828373] [Info   :UniversalRadar] ScienceBird.UniversalRadar v1.2.4 has loaded!
[17:08:01.3828373] [Info   :   BepInEx] Loading [Monster Plushies 1.2.9]
[17:08:01.3918568] [Debug  :     CSync] Successfully registered config instance InstanceKey { Guid = scin.monsterplushies, AssemblyQualifiedName = MonsterPlushies.MyConfig, MonsterPlushies, Version=1.0.0.0, Culture=neutral, PublicKeyToken=null }.
[17:08:02.2817450] [Info   :Monster Plushies] Loaded Monster Plushies
[17:08:02.2878434] [Info   :   BepInEx] Loading [Scopophobia 1.3.4]
[17:08:02.5445486] [Debug  :ainavt.lc.lethalconfig] Registered config "Scopophobia/General/Enable the Shy Guy"
[17:08:02.5445486] [Debug  :ainavt.lc.lethalconfig] Registered config "Scopophobia/General/Enable Extended Logging"
[17:08:02.5455470] [Debug  :ainavt.lc.lethalconfig] Registered config "Scopophobia/Appearance/Glowing Eyes"
[17:08:02.5455470] [Debug  :ainavt.lc.lethalconfig] Registered config "Scopophobia/Appearance/Bloody Texture"
[17:08:02.5455470] [Debug  :ainavt.lc.lethalconfig] Registered config "Scopophobia/Appearance/Bloody Death"
[17:08:02.5465477] [Debug  :ainavt.lc.lethalconfig] Registered config "Scopophobia/Appearance/Sound Pack (Curated, SCPCB, SCPCBOld, SecretLab)"
[17:08:02.5465477] [Debug  :ainavt.lc.lethalconfig] Registered config "Scopophobia/General/Speed Multiplier (Docile)"
[17:08:02.5475480] [Debug  :ainavt.lc.lethalconfig] Registered config "Scopophobia/General/Speed Multiplier (Rage)"
[17:08:02.5475480] [Debug  :ainavt.lc.lethalconfig] Registered config "Scopophobia/General/Enemy Volume"
[17:08:02.5475480] [Debug  :ainavt.lc.lethalconfig] Registered config "Scopophobia/Trigger Settings/Trigger Time"
[17:08:02.5475480] [Debug  :ainavt.lc.lethalconfig] Registered config "Scopophobia/Trigger Settings/Face Trigger Range"
[17:08:02.5475480] [Debug  :ainavt.lc.lethalconfig] Registered config "Scopophobia/Trigger Settings/Face Trigger Grace Period"
[17:08:02.5485506] [Debug  :ainavt.lc.lethalconfig] Registered config "Scopophobia/Trigger Settings/Has Max Targets"
[17:08:02.5485506] [Debug  :ainavt.lc.lethalconfig] Registered config "Scopophobia/Trigger Settings/Max Targets"
[17:08:02.5485506] [Debug  :ainavt.lc.lethalconfig] Registered config "Scopophobia/Trigger Settings/Can Exit Facility"
[17:08:02.5495490] [Debug  :ainavt.lc.lethalconfig] Registered config "Scopophobia/Spawn Settings/ProbabilityCurve"
[17:08:02.5495490] [Debug  :ainavt.lc.lethalconfig] Registered config "Scopophobia/Spawn Settings/Shy Guy Power Level"
[17:08:02.5495490] [Debug  :ainavt.lc.lethalconfig] Registered config "Scopophobia/Painting Spawn Settings/Shy Guy Painting Spawn Rarity"
[17:08:02.5495490] [Debug  :ainavt.lc.lethalconfig] Registered config "Scopophobia/Painting Spawn Settings/Hide Painting Name before Interaction"
[17:08:02.5505466] [Debug  :ainavt.lc.lethalconfig] Registered config "Scopophobia/Painting Spawn Settings/Custom Painting Name"
[17:08:02.5505466] [Debug  :ainavt.lc.lethalconfig] Registered config "Scopophobia/Painting Spawn Settings/Spawn Chance"
[17:08:02.5857281] [Debug  :PathfindingLib] Changed prefabbed NavMeshAgent ShyGuy's area mask from 0xFFFFFFFF to 0xFFFFFFFF to allow traversal of non-smart off-mesh links.
[17:08:02.5977395] [Info   :Scopophobia] Scopophobia | SCP-096 has entered the facility. All remaining personnel proceed with caution.
[17:08:02.6227974] [Info   :   BepInEx] Loading [menstalker_yaboiduckisnickerbar 1.2.2]
[17:08:02.7183021] [Debug  :PathfindingLib] Changed prefabbed NavMeshAgent menstalker_prefab's area mask from 0xFFFFFFFF to 0xFFFFFFFF to allow traversal of non-smart off-mesh links.
[17:08:02.7183021] [Info   :menstalker_yaboiduckisnickerbar] Plugin menstalker_yaboiduckisnickerbar is loaded!
[17:08:02.7248149] [Info   :   BepInEx] Loading [WaterAssetRestorer 1.0.0]
[17:08:02.7268167] [Debug  :WaterAssetRestorer] Patching...
[17:08:02.7440598] [Debug  :WaterAssetRestorer] Finished patching!
[17:08:02.7440598] [Info   :WaterAssetRestorer] Sniper1_1.WaterAssetRestorer v1.0.0 has loaded!
[17:08:02.7440598] [Info   :WaterAssetRestorer] "When you want something you don't have, W.A.R. can get it!" - idk, someone probably
[17:08:02.7440598] [Info   :   BepInEx] Loading [SnowyLib 1.13.1]
[17:08:02.7580792] [Debug  :Matty's Fixes] GrabbableObject.Start patched!
[17:08:02.7731018] [Debug  :Spawn Cycle Fixes] Transpiler (Daytime spawns): Correct time of day
[17:08:02.7741070] [Debug  :Spawn Cycle Fixes] Transpiler (Outside spawns): Correct time of day
[17:08:02.7876228] [Debug  :Matty's Fixes] GrabbableObject.Start patched!
[17:08:02.8139687] [Info   :  SnowyLib] Snowlance.SnowyLib v1.13.1 has loaded!
[17:08:02.8199697] [Info   :   BepInEx] Loading [SlendermanMod 1.2.1]
[17:08:03.1527654] [Debug  :PathfindingLib] Changed prefabbed NavMeshAgent SlendermanEnemyObj's area mask from 0xFFFFFFFF to 0xFFFFFFFF to allow traversal of non-smart off-mesh links.
[17:08:03.1547703] [Info   :SlendermanMod] Registered spawn rate for level type All to 2
[17:08:03.1602729] [Info   :SlendermanMod] Registered spawn rate for level type AssuranceLevel to 1
[17:08:03.1602729] [Info   :SlendermanMod] Registered spawn rate for level type VowLevel to 10
[17:08:03.1602729] [Info   :SlendermanMod] Registered spawn rate for level type MarchLevel to 10
[17:08:03.1602729] [Info   :SlendermanMod] Registered spawn rate for level type DineLevel to 7
[17:08:03.1602729] [Info   :SlendermanMod] Registered spawn rate for level type RendLevel to 8
[17:08:03.1602729] [Info   :SlendermanMod] Registered spawn rate for level type TitanLevel to 5
[17:08:03.1602729] [Info   :SlendermanMod] Registered spawn rate for level type AdamanceLevel to 10
[17:08:03.1602729] [Info   :SlendermanMod] Registered spawn rate for level type ArtificeLevel to 7
[17:08:03.1602729] [Info   :SlendermanMod] Registered spawn rate for custom level type Gloom to 10
[17:08:03.1602729] [Info   :SlendermanMod] Registered spawn rate for custom level type Auralis to 10
[17:08:03.1602729] [Info   :SlendermanMod] Registered spawn rate for custom level type Junic to 9
[17:08:03.1602729] [Info   :SlendermanMod] Registered spawn rate for custom level type Acidir to 10
[17:08:03.1602729] [Info   :SlendermanMod] Registered spawn rate for custom level type Cosmocos to 10
[17:08:03.1602729] [Info   :SlendermanMod] Registered spawn rate for custom level type Polarus to 1
[17:08:03.1602729] [Info   :SlendermanMod] Registered spawn rate for custom level type Desolation to 10
[17:08:03.1602729] [Info   :SlendermanMod] Registered spawn rate for custom level type Embrion to 10
[17:08:03.1602729] [Info   :SlendermanMod] Registered spawn rate for custom level type Affliction to 10
[17:08:03.1602729] [Info   :SlendermanMod] Registered spawn rate for custom level type Eve to 10
[17:08:03.1602729] [Info   :SlendermanMod] Registered spawn rate for custom level type Gratar to 7
[17:08:03.1602729] [Info   :SlendermanMod] Registered spawn rate for custom level type Infernis to 6
[17:08:03.1602729] [Info   :SlendermanMod] Registered spawn rate for custom level type Harloth to 7
[17:08:03.1602729] [Info   :SlendermanMod] Registered spawn rate for custom level type Asteroid to 4
[17:08:03.1602729] [Info   :SlendermanMod] Registered spawn rate for custom level type Celest to 10
[17:08:03.1602729] [Info   :SlendermanMod] Registered spawn rate for custom level type Siabudabu to 9
[17:08:03.1602729] [Info   :SlendermanMod] Registered spawn rate for custom level type Ganimedes to 7
[17:08:03.1602729] [Info   :SlendermanMod] Registered spawn rate for custom level type Kast to 7
[17:08:03.1602729] [Info   :SlendermanMod] Registered spawn rate for custom level type Secret Labs to 11
[17:08:03.1602729] [Info   :SlendermanMod] Registered spawn rate for custom level type Solace to 10
[17:08:03.1602729] [Info   :SlendermanMod] Registered spawn rate for custom level type Synthesis to 10
[17:08:03.1602729] [Info   :SlendermanMod] Registered spawn rate for custom level type PsychSanctum to 10
[17:08:03.1602729] [Info   :SlendermanMod] Registered spawn rate for custom level type Sanguine to 10
[17:08:03.1602729] [Info   :SlendermanMod] Registered spawn rate for custom level type Harloth to 4
[17:08:03.1667866] [Info   :SlendermanMod] Plugin sparble.slendermanmod is loaded!
[17:08:03.1667866] [Info   :SlendermanMod] ⠀⠀⠀⠀⠀⠀⠀⠀⠀⠀⠀⠀⠀⠀⢀⣤⣶⣾⣿⣶⣶⣄⠀⠀⠀⠀⠀⠀⠀⠀⠀⠀⠀⠀⠀⠀⠀⠀⠀⠀⠀⠀⠀⠀⠀⠀⠀⠀⠀⠀⠀⠀⠀⠀⠀⠀⠀⠀⠀⠀⠀⠀⠀⠀⠀
[17:08:03.1667866] [Info   :SlendermanMod] ⠀⠀⠀⠀⠀⠀⠀⠀⠀⠀⠀⠀⠀⢠⣿⣿⣿⣿⣿⣿⣿⣿⣷⡄⠀⠀⠀⠀⠀⠀⠀⠀⠀⠀⠀⠀⠀⠀⠀⠀⠀⠀⠀⠀⠀⠀⠀⠀⠀⠀⠀⠀⠀⠀⠀⠀⠀⠀⠀⠀⠀⠀⠀⠀⠀
[17:08:03.1667866] [Info   :SlendermanMod] ⠀⠀⠀⠀⠀⠀⠀⠀⠀⠀⠀⠀⢀⣿⣿⣿⣿⣿⣿⣿⣿⣿⣿⣿⣆⠀⠀⠀⠀⠀⠀⠀⠀⠀⠀⠀⠀⠀⠀⢀⣤⣶⣾⣿⣿⣿⣶⣦⡀⠀⠀⠀⠀⠀⠀⠀⠀⠀⠀⠀⠀⠀⠀
[17:08:03.1667866] [Info   :SlendermanMod] ⠀⠀⠀⠀⠀⠀⠀⠀⠀⠀⠀⠀⢸⣿⣿⣿⣿⠟⠛⠻⣿⣿⣿⣿⣿⣆⠀⠀⠀⠀⠀⠀⠀⠀⠀⠀⠀⠀⣠⣿⣿⣿⣿⣿⣿⣿⣿⣿⣿⣄⠀⠀⠀⠀⠀⠀⠀⠀⠀⠀⠀⠀⠀
[17:08:03.1667866] [Info   :SlendermanMod] ⠀⠀⠀⠀⠀⠀⠀⠀⠀⠀⠀⠀⢸⣿⣿⣿⠃⠀⠀⠀⠘⣿⣿⣿⣿⣿⡄⠀⠀⠀⠀⠀⠀⠀⠀⠀⠀⢰⣿⣿⣿⡿⠋⠀⠀⠈⠻⣿⣿⣿⡄⠀⠀⠀⠀⠀⠀⠀⠀⠀⠀⠀⠀
[17:08:03.1667866] [Info   :SlendermanMod] ⠀⠀⠀⠀⠀⠀⠀⠀⠀⠀⠀⠀⠸⣿⣿⣿⡄⠀⠀⠀⠀⠘⣿⣿⣿⣿⣷⠀⠀⠀⠀⠀⠀⠀⠀⠀⠀⣸⣿⣿⡿⠁⠀⠀⠀⠀⠀⠘⣿⣿⣧⢀⣀⣀⣀⣀⣀⡀⠀⠀⠀⠀
[17:08:03.1667866] [Info   :SlendermanMod] ⠀⠀⠀⣀⣴⣾⣿⣿⣿⣿⣿⣿⣶⣿⣿⣿⣇⠀⠀⠀⠀⠀⢹⣿⣿⣿⣿⣇⠀⠀⠀⠀⠀⠀⠀⠀⠀⣿⣿⣿⠃⠀⠀⠀⠀⠀⠀⠀⣿⣿⣟⣿⣿⣿⣿⣿⣿⣿⣿⣦⣄⠀⠀⠀⠀
[17:08:03.1667866] [Info   :SlendermanMod] ⠀⠀⣴⣿⣿⣿⣿⣿⣿⣿⣿⣿⣿⣿⣿⣿⣿⡀⠀⠀⠀⠀⠈⣿⣿⣿⣿⣿⡈⠂⠀⠀⠀⠀⠀⠐⣿⣿⣿⣿⠀⠀⠀⠀⠀⠀⢀⣼⣿⣿⣿⣿⣿⣿⣿⠿⠿⠿⢿⣿⣿⣧⠀⠀⠀
[17:08:03.1667866] [Info   :SlendermanMod] ⠀⣼⣿⣿⡿⠛⠉⠉⠙⠻⢿⣿⣿⣿⣿⣿⣿⣧⠀⠀⠀⠀⠀⢸⣿⣿⣿⣿⣷⡀⠀⠀⠀⠀⠀⢠⣿⣿⣿⡇⠀⠀⠀⠀⠀⢠⣿⣿⣿⣿⣇⣿⠟⠉⢠⠀⠀⠀⠀⠈⢿⣿⣧⠀⠀
[17:08:03.1667866] [Info   :SlendermanMod] ⢰⣿⣿⡟⠁⠀⠀⠀⠀⠀⠀⠙⢿⣿⣿⣿⣿⣿⣷⡄⠀⠀⠀⠈⣿⣿⣿⣿⣿⣧⠀⣀⠀⠀⣠⣿⣿⣿⣿⡇⠀⠀⠀⠀⢠⣿⣿⣿⣿⣿⣿⡄⠀⣠⣾⠀⠀⠀⠀⠀⠈⣿⣿⠀⠀
[17:08:03.1667866] [Info   :SlendermanMod] ⣸⣿⣿⠁⠀⠀⠀⠀⠀⠀⠀⠀⠀⠙⢿⣿⣿⣿⣿⣿⣆⠀⠀⠀⢸⣿⣿⣿⣿⡟⠣⡈⠉⠉⠁⡙⠻⣿⣿⡇⠀⠀⠀⢠⣿⣿⣿⣿⣿⡿⢿⣿⣿⡿⠃⠀⠀⠀⠀⠀⠀⢸⣿⠀⠀
[17:08:03.1667866] [Info   :SlendermanMod] ⢿⣿⣿⠀⠀⠀⠀⠀⠀⠀⠀⢀⠀⠀⠈⢻⣿⣿⣿⣿⣿⣦⠀⠀⠀⣿⣿⣿⣿⡇⠀⠙⢦⣠⠞⠁⠀⣿⣿⣦⣄⣀⣀⣿⣿⣿⣿⣿⡿⠀⠀⠀⠀⠀⠀⠀⠀⠀⠀⠀⣠⣿⡟⠀⠀
[17:08:03.1667866] [Info   :SlendermanMod] ⢸⣿⣿⡆⠀⠀⠀⠀⠀⠀⠀⢸⣇⠀⠀⢀⣿⣿⣿⣿⣿⣿⣷⣶⣿⣿⣿⣿⣿⣿⡴⠶⣿⣿⣿⠓⢶⣿⣿⣿⣿⣿⣿⣿⣿⣿⣿⡿⠀⠀⠀⠀⠀⠀⣾⡏⠀⠀⢀⣴⣿⠟⠀⠀⠀
[17:08:03.1667866] [Info   :SlendermanMod] ⠀⢻⣿⣿⣆⠀⠀⠀⠀⠀⠀⠈⢿⣷⣶⣾⣿⠛⢿⣿⣿⣿⣿⣿⣿⣿⣿⣿⣿⣿⣷⠀⢸⣯⡏⠀⣾⣿⣿⣿⣿⣿⣿⣿⣿⣿⣿⡇⠀⠀⠀⠀⠀⢀⣙⣻⣿⣿⣿⣿⣷⣦⣄⠀⠀
[17:08:03.1667866] [Info   :SlendermanMod] ⠀⠀⠙⢿⣿⣧⣄⠀⠀⠀⠀⣀⣠⣭⣽⣋⣁⠀⢨⣿⣿⣿⣿⣿⣿⣿⣿⣿⣿⣿⣿⣇⣼⣿⣿⢠⣿⣿⣿⣿⣿⣿⣿⣿⣿⣿⣿⡇⠀⠀⣀⣤⣾⣿⣿⣿⣿⣿⣿⣿⣿⣿⣿⣷⡀
[17:08:03.1667866] [Info   :SlendermanMod] ⠀⠀⠀⠀⠀⠀⠈⢻⣿⣿⣿⣿⡿⠿⣿⣿⣿⣿⣿⣿⣿⣿⣿⣿⣿⣿⣿⣿⣿⣿⣿⣿⣿⣿⣿⣿⣿⣿⣿⣿⣿⣿⣿⣿⣿⣿⣿⣿⣿⣿⣿⣿⣿⣿⡿⠛⠋⠉⠉⠻⣿⣿⣿⣿⣿
[17:08:03.1667866] [Info   :SlendermanMod] ⠀⠀⠀⠀⠀⠀⢠⣿⣿⣿⣯⠁⠀⠀⠀⠈⠙⢻⣿⣿⣿⣿⣿⣿⣿⣿⣿⣿⣿⣿⣿⣿⣿⣿⣿⣿⣿⣿⣿⣿⣿⣿⣿⣿⣿⣿⣿⣿⣿⣿⣿⠿⠋⠁⠀⠀⠀⠀⠀⠀⣿⣿⣿⣿⣿
[17:08:03.1667866] [Info   :SlendermanMod] ⠀⠀⠀⠀⠀⠀⢸⣿⣿⣿⠟⠀⠀⠀⠀⠀⠀⢸⣿⣿⣿⣿⣿⣿⣿⣿⣿⣿⣿⣿⣿⣿⣿⣿⣿⣿⣿⣿⣿⣿⣿⣿⣿⣿⣿⣿⣿⣿⣿⠋⠀⠀⠀⠀⠀⠀⠀⠀⠀⢠⣿⣿⣿⣿⠇
[17:08:03.1667866] [Info   :SlendermanMod] ⠀⠀⠀⠀⠀⠀⢸⣿⣿⡇⠀⠀⠀⠀⠀⠀⠀⣾⣿⣿⣿⣿⣿⣿⣿⣿⣿⣿⣿⣿⣿⣿⣿⣿⣿⣿⣿⣿⣿⣿⣿⣿⣿⣿⣿⣿⣿⣿⣿⡄⠀⠀⠀⠀⠀⠀⠀⣠⣶⣿⣿⣿⣿⠏⠀
[17:08:03.1667866] [Info   :SlendermanMod] ⠀⠀⠀⠀⠀⠀⠘⣿⣿⣷⡀⠀⠀⠀⠀⠀⢀⣿⣿⣿⣿⣿⡏⠀⣿⣿⣿⣿⣿⣿⣿⣿⣿⣹⣿⣿⣿⣿⣿⣿⣿⣿⡟⠿⣿⣿⣿⣿⣿⡇⠀⠀⠀⠀⣠⣴⣿⣿⣿⣿⣿⠟⠁⠀⠀
[17:08:03.1667866] [Info   :SlendermanMod] ⠀⠀⠀⠀⠀⠀⠀⠹⣿⣿⣿⣄⠀⠀⠀⠀⣸⣿⣿⣿⣿⣿⠁⠀⢿⣿⣿⣿⣿⣿⣿⣿⣿⣿⣿⣿⣿⣿⣿⣿⣿⣿⡇⠀⢿⣿⣿⣿⣿⣿⠀⢀⣴⣾⣿⡿⠟⠛⠋⠉⠀⠀⠀⠀⠀
[17:08:03.1667866] [Info   :SlendermanMod] ⠀⠀⠀⠀⠀⠀⠀⠀⠈⠻⣿⣿⣷⡄⠀⠀⣿⣿⣿⣿⣿⡏⠀⠀⢸⣿⣿⣿⣿⣿⣿⣿⣿⣻⣿⣿⣿⣿⣿⣿⣿⣿⠃⠀⠘⣿⣿⣿⣿⣿⣰⣿⡿⠟⠁⠀⠀⠀⠀⠀⠀⠀⠀⠀⠀
[17:08:03.1667866] [Info   :SlendermanMod] ⠀⠀⠀⠀⠀⠀⠀⠀⠀⠀⠈⢻⣿⣿⡆⢸⣿⣿⣿⣿⣿⠁⠀⠀⠀⣿⣿⣿⣿⣿⣿⣿⣿⣿⣿⣿⣿⣿⣿⣿⣿⣿⠀⠀⠀⢻⣿⣿⣿⣿⣿⡟⠁⠀⠀⠀⠀⠀⠀⠀⠀⠀⠀⠀⠀
[17:08:03.1667866] [Info   :SlendermanMod] ⠀⠀⠀⠀⠀⠀⠀⠀⠀⠀⠀⠀⢹⣿⡇⣸⣿⣿⣿⣿⡏⠀⠀⠀⠀⣿⣿⣿⣿⣿⣿⣿⣿⣿⣿⣿⣿⣿⣿⣿⣿⣿⠀⠀⠀⠘⣿⣿⣿⣿⣿⠀⠀⠀⠀⠀⠀⠀⠀⠀⠀⠀⠀⠀⠀
[17:08:03.1667866] [Info   :SlendermanMod] ⠀⠀⠀⠀⠀⠀⠀⠀⠠⣄⣀⣠⣾⡿⠁⣿⣿⣿⣿⣿⣄⠀⠀⠀⠀⣿⣿⣿⣿⣿⣿⣿⣿⣿⣿⣿⣿⣿⣿⣿⣿⡇⠀⠀⠀⢀⣿⣿⣿⣿⣿⣄⡀⣀⡤⠀⠀⠀⠀⠀⠀⠀⠀⠀⠀
[17:08:03.1667866] [Info   :SlendermanMod] ⠀⠀⠀⠀⠀⠀⠀⠀⠀⠈⠛⠛⠋⠀⠀⢿⣿⣿⣿⣿⣿⣦⡀⠀⠀⣿⣿⣿⣿⣿⣿⣿⣿⢹⣿⣿⣿⣿⣿⣿⣿⣷⠀⠀⣠⣿⣿⣿⣿⣿⣿⠛⠟⠛⠁⠀⠀⠀⠀⠀⠀⠀⠀⠀⠀
[17:08:03.1667866] [Info   :SlendermanMod] ⠀⠀⠀⠀⠀⠀⠀⠀⠀⠀⠀⠀⠀⠀⠀⠀⠙⠿⣿⣿⣿⣿⣿⣦⣀⣿⣿⣿⣿⣿⣿⣿⣿⣸⣿⣿⣿⣿⣿⣿⣿⣿⣤⣾⣿⣿⣿⣿⡿⠛⠁⠀⠀⠀⠀⠀⠀⠀⠀⠀⠀⠀⠀⠀⠀
[17:08:03.1667866] [Info   :SlendermanMod] Don't forget to check your back...
[17:08:03.1667866] [Info   :   BepInEx] Loading [SpectateEnemy 2.9.1]
[17:08:03.2042886] [Info   :SpectateEnemy] SpectateEnemy loaded!
[17:08:03.2097961] [Info   :   BepInEx] Loading [BetterPaycheck 0.9.2]
[17:08:03.2138087] [Info   :Swaggies.BetterPaycheck] BetterPaycheck up and running.
[17:08:03.2239046] [Info   :   BepInEx] Loading [S1.42AB Interior Weight Normalization 1.0.0]
[17:08:03.2259062] [Info   :S1.42AB Interior Weight Normalization] Validated dependency imabatby.lethallevelloader v1.7.12.
[17:08:03.4268134] [Info   :S1.42AB Interior Weight Normalization] Validated exact LethalLevelLoader dungeon-selection contract for post-viability rarity normalization.
[17:08:03.4468366] [Info   :S1.42AB Interior Weight Normalization] S1.42AB interior weight normalization armed: LethalLevelLoader keeps full ownership of viability/exclusion matching; only positive rarities in the already-returned viable dungeon list are normalized to 100. No dungeon is added, removed, deduplicated, re-registered or config-rewritten by this patch.
[17:08:03.4468366] [Info   :   BepInEx] Loading [S1.42AE CodeRebirth Microwave Spawn Tuning 1.0.0]
[17:08:03.4488366] [Info   :S1.42AE CodeRebirth Microwave Spawn Tuning] Validated dependency CodeRebirth v1.6.9.
[17:08:03.4628551] [Info   :S1.42AE CodeRebirth Microwave Spawn Tuning] Validated dependency com.github.teamxiaolan.dawnlib v0.9.25.
[17:08:03.4628551] [Info   :S1.42AE CodeRebirth Microwave Spawn Tuning] Validated dependency com.github.teamxiaolan.dawnlib.dusk v0.9.25.
[17:08:03.4628551] [Info   :S1.42AE CodeRebirth Microwave Spawn Tuning] S1.42AE microwave spawn tuning armed; waiting for DawnLib moon-registry freeze to validate the 18 Moon / 18 Interior provider contract and scale only effective Moon/tag curves by 0.5.
[17:08:03.4628551] [Info   :   BepInEx] Loading [S1.42Z CodeRebirth Aerial Defense Spawn Tuning 1.0.0]
[17:08:03.4650174] [Info   :S1.42Z CodeRebirth Aerial Defense Spawn Tuning] Validated dependency CodeRebirth v1.6.9.
[17:08:03.4751047] [Info   :S1.42Z CodeRebirth Aerial Defense Spawn Tuning] Validated dependency com.github.teamxiaolan.dawnlib v0.9.25.
[17:08:03.4751047] [Info   :S1.42Z CodeRebirth Aerial Defense Spawn Tuning] Validated dependency com.github.teamxiaolan.dawnlib.dusk v0.9.25.
[17:08:03.4751047] [Info   :S1.42Z CodeRebirth Aerial Defense Spawn Tuning] S1.42Z aerial-defense spawn tuning armed; waiting for DawnLib moon-registry freeze to validate and scale both code_rebirth:air_control_unit and code_rebirth:gunslinger_greg curves by 0.5.
[17:08:03.4751047] [Info   :   BepInEx] Loading [S1.42Z Jetpack Acceleration 1.0.0]
[17:08:03.4771046] [Info   :S1.42Z Jetpack Acceleration] Validated dependency butterystancakes.lethalcompany.butterybalance v0.7.0.
[17:08:03.4856166] [Info   :S1.42Z Jetpack Acceleration] Validated dependency butterystancakes.lethalcompany.jetpackfixes v1.6.3.
[17:08:03.4856166] [Info   :S1.42Z Jetpack Acceleration] Validated dependency com.malco.lethalcompany.moreshipupgrades v3.14.1.
[17:08:03.4886162] [Debug  :ButteRyBalance] Transpiler (Jetpack): Dynamic inertia
[17:08:03.4886162] [Debug  :Jetpack Fixes] Transpiler: Reverse jetpackPower comparison on isGrounded check (allows for sliding)
[17:08:03.4886162] [Debug  :Jetpack Fixes] Transpiler: Reduce raycast range from 25 to 4
[17:08:03.4886162] [Debug  :Jetpack Fixes] Transpiler: Replace layer mask with custom
[17:08:03.4886162] [Debug  :Jetpack Fixes] Transpiler: Remove 4 unit distance check (redundant)
[17:08:03.4886162] [Debug  :Jetpack Fixes] Transpiler: Replace "Gravity" with "Inertia"
[17:08:03.4936372] [Info   :S1.42Z Jetpack Acceleration] S1.42Z Jetpack acceleration patch armed: JetpackItem.Update() local-player base acceleration 10 -> 18, ordered after ButteRyBalance; V49 handling/deceleration, maximum power/speed, battery, price and JetpackFixes safety logic are untouched.
[17:08:03.4936372] [Info   :   BepInEx] Loading [S1.39 Compatibility Fixes 1.3.14]
[17:08:03.5277830] [Debug  :Matty's Fixes] RoundManager.SpawnScrapInLevel patched
[17:08:03.5889005] [Info   :S1.39 Compatibility Fixes] [EnemyScanFix] Patched EnemyScan to list every active EnemyAI regardless of ScanNodeProperties.
[17:08:06.0698973] [Info   :S1.39 Compatibility Fixes] [PikminCraneShield] Protected Pikmin/Puffmin from CodeRebirth utility kill RPCs. This provides a direct failsafe for Autonomous Crane squish kills even when LethalMin's crane toggles are already false.
[17:08:07.1759745] [Info   :S1.39 Compatibility Fixes] [LMDLGuard] Patched LethalModDataLib bulk ModDataAttribute registration to skip Chainloader PluginInfo entries with null Instance while preserving registration for valid plugins.
[17:08:07.1779747] [Info   :S1.39 Compatibility Fixes] [PufferPikminGuard] Patched PufferAI.Start to remove LethalMin-injected Pikmin effect-trigger components from Puffer smoke only.
[17:08:07.1779747] [Info   :S1.39 Compatibility Fixes] [EnemyIsolation] Diagnostic enemy isolation is disabled.
[17:08:07.1809732] [Debug  :ButteRyBalance] Transpiler (Jetpack): Dynamic inertia
[17:08:07.1809732] [Debug  :Jetpack Fixes] Transpiler: Reverse jetpackPower comparison on isGrounded check (allows for sliding)
[17:08:07.1809732] [Debug  :Jetpack Fixes] Transpiler: Reduce raycast range from 25 to 4
[17:08:07.1809732] [Debug  :Jetpack Fixes] Transpiler: Replace layer mask with custom
[17:08:07.1809732] [Debug  :Jetpack Fixes] Transpiler: Remove 4 unit distance check (redundant)
[17:08:07.1809732] [Debug  :Jetpack Fixes] Transpiler: Replace "Gravity" with "Inertia"
[17:08:07.1840799] [Debug  :ButteRyBalance] Transpiler (Jetpack): Dynamic inertia
[17:08:07.1840799] [Debug  :Jetpack Fixes] Transpiler: Reverse jetpackPower comparison on isGrounded check (allows for sliding)
[17:08:07.1840799] [Debug  :Jetpack Fixes] Transpiler: Reduce raycast range from 25 to 4
[17:08:07.1840799] [Debug  :Jetpack Fixes] Transpiler: Replace layer mask with custom
[17:08:07.1840799] [Debug  :Jetpack Fixes] Transpiler: Remove 4 unit distance check (redundant)
[17:08:07.1840799] [Debug  :Jetpack Fixes] Transpiler: Replace "Gravity" with "Inertia"
[17:08:07.1870786] [Warning:S1.39 Compatibility Fixes] [CoronerJetpackGuard] Removed 2/2 Coroner JetpackItem.Update patch method(s). Coroner remains enabled; only the per-frame Jetpack death detector is disabled to stop null-player log spam. Jetpack-specific death text may fall back to Coroner/vanilla generic cause reporting.
[17:08:07.1905860] [Info   :S1.39 Compatibility Fixes] [Jetpack140] Jetpack Item asset is not loaded yet; narrow asset targeting will retry.
[17:08:07.1905860] [Info   :S1.39 Compatibility Fixes] [Jetpack140] Using loaded Jetpack Item asset targeting only; no GrabbableObject.Start Harmony patch.
[17:08:07.1915902] [Info   :S1.39 Compatibility Fixes] [BaboonHawkCorpseGuard] Patched exact declared BaboonBirdAI.CanGrabScrap(GrabbableObject). Living Baboon Hawks will ignore only the SellBodies Dead Baboon Hawk item; players/Pikmin remain unaffected.
[17:08:07.1915902] [Info   :S1.39 Compatibility Fixes] [LethalMinNativeOwnership] Pikmin -> enemy combat, native PikminEnemy death detection, latch removal, TaskEnd/SetToIdle, enemy-body carry, and Onion delivery remain owned by LethalMin. Baboon Hawk compatibility blocks only Hawk -> Pikmin entry points; the BaboonBirdPikminEnemy component stays enabled.
[17:08:07.1915902] [Info   :S1.39 Compatibility Fixes] S1.39 Compatibility Fixes loaded. Ship-door anti-lockout, complete EnemyScan output, natural CodeRebirth currency/map-object filtering, Flash Turret suppression, CodeRebirth kill-RPC Pikmin protection, the optional LethalModDataLib null-plugin guard, Puffer smoke Pikmin-effect guard, exact PikminAI enemy-grab prevention for proven Thumper/Baboon Hawk gaps, Baboon Hawk -> Pikmin collision/bite protection without disabling LethalMin's adapter lifecycle, Coroner Jetpack log-spam guard, throttled ship-door compatibility audit, the 140-second Jetpack target, and the late-lifecycle isolated-enemy diagnostic are active.
[17:08:07.1915902] [Info   :   BepInEx] Loading [TooManySuits 2.0.4]
[17:08:07.2171565] [Info   :   BepInEx] Loading [BetterVehicleControls 1.1.8]
[17:08:07.2408845] [Debug  :Buttery Fixes] Transpiler (Cruiser effects): Fix 2 audible noises at once
[17:08:07.2462566] [Debug  :ButteRyBalance] Transpiler (Cruiser): Dynamic turbo
[17:08:07.2472615] [Warning:BetterVehicleControls] AddTurboBoost failed to replace maxTurboBoosts
[17:08:07.2557691] [Debug  :ButteRyBalance] Transpiler (Cruiser): Dynamic regen/meter
[17:08:07.2557691] [Warning:BetterVehicleControls] ReactToDamage failed to replace maxTurboBoosts
[17:08:07.2577684] [Info   :   BepInEx] Loading [LobbyImprovements 1.1.4]
[17:08:07.3004046] [Warning:MoreCompany] KickPlayer failed to append reason
[17:08:07.3004046] [Warning:LethalFixes] KickPlayer failed to add reason
[17:08:07.3099156] [Debug  :Buttery Fixes] Transpiler (RoundManager.GenerateNewLevelClientRpc): Cache mold manager
[17:08:07.3099156] [Debug  :Buttery Fixes] Transpiler (RoundManager.GenerateNewLevelClientRpc): Cache mold manager
[17:08:07.4110957] [Info   :LobbyImprovements] Patches Loaded
[17:08:07.4166017] [Info   :   BepInEx] Loading [TheCabinet 1.12.1]
[17:08:07.7160105] [Debug  :PathfindingLib] Changed prefabbed NavMeshAgent Cabinet's area mask from 0xFFFFFFFF to 0xFFFFFFFF to allow traversal of non-smart off-mesh links.
[17:08:07.7170111] [Message:TheCabinet] Registering using the following string :
Experimentation:1,Assurance:0,Vow:7,Offense:0,March:8,Adamance:12,Rend:25,Dine:60,Titan:80,Embrion:40,Artifice:310,attenuation:1,retinue:8,volition:45,detritus:30,icebound:26,collateral:2,hydro:6,landslide:1,integrity:28,humidity:36,submersion:13,corrosion:2,vertigo:18,brutality:80,devastation:9,acidir:29,asteroid13:0,atlantica:0,berunah:17,calist:19,core:0,cubatres:31,demetrica:14,dreck:9,ducksteroid14:0,empra:56,etern:31,faith:19,filitrios:14,fissionc:20,gratar:0,hyve:0,hyx:20,infernis:0,junic:0,lecaro:0,motra:0,polarus:16,repress:18,roart:8,thalasso:0,trite:19,utril:11,wither:56,All:5
[17:08:07.7230232] [Debug  :TheCabinet] Registered spawn rate for level type ExperimentationLevel to 1
[17:08:07.7230232] [Debug  :TheCabinet] Registered spawn rate for level type AssuranceLevel to 0
[17:08:07.7230232] [Debug  :TheCabinet] Registered spawn rate for level type VowLevel to 7
[17:08:07.7230232] [Debug  :TheCabinet] Registered spawn rate for level type OffenseLevel to 0
[17:08:07.7230232] [Debug  :TheCabinet] Registered spawn rate for level type MarchLevel to 8
[17:08:07.7230232] [Debug  :TheCabinet] Registered spawn rate for level type AdamanceLevel to 12
[17:08:07.7230232] [Debug  :TheCabinet] Registered spawn rate for level type RendLevel to 25
[17:08:07.7230232] [Debug  :TheCabinet] Registered spawn rate for level type DineLevel to 60
[17:08:07.7230232] [Debug  :TheCabinet] Registered spawn rate for level type TitanLevel to 80
[17:08:07.7230232] [Debug  :TheCabinet] Registered spawn rate for level type EmbrionLevel to 40
[17:08:07.7230232] [Debug  :TheCabinet] Registered spawn rate for level type ArtificeLevel to 310
[17:08:07.7230232] [Debug  :TheCabinet] Registered spawn rate for custom level type attenuation to 1
[17:08:07.7230232] [Debug  :TheCabinet] Registered spawn rate for custom level type retinue to 8
[17:08:07.7230232] [Debug  :TheCabinet] Registered spawn rate for custom level type volition to 45
[17:08:07.7230232] [Debug  :TheCabinet] Registered spawn rate for custom level type detritus to 30
[17:08:07.7230232] [Debug  :TheCabinet] Registered spawn rate for custom level type icebound to 26
[17:08:07.7230232] [Debug  :TheCabinet] Registered spawn rate for custom level type collateral to 2
[17:08:07.7230232] [Debug  :TheCabinet] Registered spawn rate for custom level type hydro to 6
[17:08:07.7230232] [Debug  :TheCabinet] Registered spawn rate for custom level type landslide to 1
[17:08:07.7230232] [Debug  :TheCabinet] Registered spawn rate for custom level type integrity to 28
[17:08:07.7230232] [Debug  :TheCabinet] Registered spawn rate for custom level type humidity to 36
[17:08:07.7230232] [Debug  :TheCabinet] Registered spawn rate for custom level type submersion to 13
[17:08:07.7230232] [Debug  :TheCabinet] Registered spawn rate for custom level type corrosion to 2
[17:08:07.7230232] [Debug  :TheCabinet] Registered spawn rate for custom level type vertigo to 18
[17:08:07.7230232] [Debug  :TheCabinet] Registered spawn rate for custom level type brutality to 80
[17:08:07.7230232] [Debug  :TheCabinet] Registered spawn rate for custom level type devastation to 9
[17:08:07.7230232] [Debug  :TheCabinet] Registered spawn rate for custom level type acidir to 29
[17:08:07.7230232] [Debug  :TheCabinet] Registered spawn rate for custom level type asteroid13 to 0
[17:08:07.7230232] [Debug  :TheCabinet] Registered spawn rate for custom level type atlantica to 0
[17:08:07.7230232] [Debug  :TheCabinet] Registered spawn rate for custom level type berunah to 17
[17:08:07.7230232] [Debug  :TheCabinet] Registered spawn rate for custom level type calist to 19
[17:08:07.7230232] [Debug  :TheCabinet] Registered spawn rate for custom level type core to 0
[17:08:07.7230232] [Debug  :TheCabinet] Registered spawn rate for custom level type cubatres to 31
[17:08:07.7240280] [Debug  :TheCabinet] Registered spawn rate for custom level type demetrica to 14
[17:08:07.7240280] [Debug  :TheCabinet] Registered spawn rate for custom level type dreck to 9
[17:08:07.7240280] [Debug  :TheCabinet] Registered spawn rate for custom level type ducksteroid14 to 0
[17:08:07.7240280] [Debug  :TheCabinet] Registered spawn rate for custom level type empra to 56
[17:08:07.7240280] [Debug  :TheCabinet] Registered spawn rate for custom level type etern to 31
[17:08:07.7240280] [Debug  :TheCabinet] Registered spawn rate for custom level type faith to 19
[17:08:07.7240280] [Debug  :TheCabinet] Registered spawn rate for custom level type filitrios to 14
[17:08:07.7240280] [Debug  :TheCabinet] Registered spawn rate for custom level type fissionc to 20
[17:08:07.7240280] [Debug  :TheCabinet] Registered spawn rate for custom level type gratar to 0
[17:08:07.7240280] [Debug  :TheCabinet] Registered spawn rate for custom level type hyve to 0
[17:08:07.7240280] [Debug  :TheCabinet] Registered spawn rate for custom level type hyx to 20
[17:08:07.7240280] [Debug  :TheCabinet] Registered spawn rate for custom level type infernis to 0
[17:08:07.7240280] [Debug  :TheCabinet] Registered spawn rate for custom level type junic to 0
[17:08:07.7240280] [Debug  :TheCabinet] Registered spawn rate for custom level type lecaro to 0
[17:08:07.7240280] [Debug  :TheCabinet] Registered spawn rate for custom level type motra to 0
[17:08:07.7240280] [Debug  :TheCabinet] Registered spawn rate for custom level type polarus to 16
[17:08:07.7240280] [Debug  :TheCabinet] Registered spawn rate for custom level type repress to 18
[17:08:07.7240280] [Debug  :TheCabinet] Registered spawn rate for custom level type roart to 8
[17:08:07.7240280] [Debug  :TheCabinet] Registered spawn rate for custom level type thalasso to 0
[17:08:07.7240280] [Debug  :TheCabinet] Registered spawn rate for custom level type trite to 19
[17:08:07.7240280] [Debug  :TheCabinet] Registered spawn rate for custom level type utril to 11
[17:08:07.7240280] [Debug  :TheCabinet] Registered spawn rate for custom level type wither to 56
[17:08:07.7240280] [Debug  :TheCabinet] Registered spawn rate for level type All to 5
[17:08:07.7240280] [Info   :TheCabinet] Plugin VectorV.TheCabinet is loaded!
[17:08:07.7240280] [Info   :   BepInEx] Loading [MaskedInvisFix 0.0.3]
[17:08:07.7260330] [Debug  :MaskedInvisFix] Patching...
[17:08:07.7430475] [Debug  :MaskedInvisFix] Finished patching!
[17:08:07.7430475] [Info   :MaskedInvisFix] VirusTLNR.MaskedInvisFix v0.0.3 has loaded!
[17:08:07.7430475] [Info   :   BepInEx] Loading [RandomEnemiesSize 1.1.20]
[17:08:07.7520524] [Info   :RandomEnemiesSize] RandomEnemiesSize starting....
[17:08:07.7575608] [Info   : Unity Log] LethalLevelLoader found !
[17:08:07.7711507] [Debug  :ainavt.lc.lethalconfig] Registered config "RandomEnemiesSize/General/ChanceOfRandomSize"
[17:08:07.7721542] [Debug  :ainavt.lc.lethalconfig] Registered config "RandomEnemiesSize/General/MinMonstersSizeIndoor"
[17:08:07.7731525] [Debug  :ainavt.lc.lethalconfig] Registered config "RandomEnemiesSize/General/MaxMonstersSizeIndoor"
[17:08:07.7731525] [Debug  :ainavt.lc.lethalconfig] Registered config "RandomEnemiesSize/General/MinMonstersSizeOutdoor"
[17:08:07.7742373] [Debug  :ainavt.lc.lethalconfig] Registered config "RandomEnemiesSize/General/MaxMonstersSizeOutdoor"
[17:08:07.7752376] [Debug  :ainavt.lc.lethalconfig] Registered config "RandomEnemiesSize/Custom/AffectVanillaEnemies"
[17:08:07.7752376] [Debug  :ainavt.lc.lethalconfig] Registered config "RandomEnemiesSize/Custom/AffectModdedEnemies"
[17:08:07.7762381] [Debug  :ainavt.lc.lethalconfig] Registered config "RandomEnemiesSize/Custom/CustomEnemiesSize"
[17:08:07.7772386] [Debug  :ainavt.lc.lethalconfig] Registered config "RandomEnemiesSize/Custom/CustomInteriorsSize"
[17:08:07.7782367] [Debug  :ainavt.lc.lethalconfig] Registered config "RandomEnemiesSize/Custom/CustomMoonEnemiesSize"
[17:08:07.7782367] [Debug  :ainavt.lc.lethalconfig] Registered config "RandomEnemiesSize/Custom/CustomFixedEnemiesSize"
[17:08:07.7792369] [Debug  :ainavt.lc.lethalconfig] Registered config "RandomEnemiesSize/Turret/AffectTurretSize"
[17:08:07.7792369] [Debug  :ainavt.lc.lethalconfig] Registered config "RandomEnemiesSize/Turret/MinTurretSize"
[17:08:07.7802368] [Debug  :ainavt.lc.lethalconfig] Registered config "RandomEnemiesSize/Turret/MaxTurretSize"
[17:08:07.7802368] [Debug  :ainavt.lc.lethalconfig] Registered config "RandomEnemiesSize/Landmine/AffectLandMineSize"
[17:08:07.7812373] [Debug  :ainavt.lc.lethalconfig] Registered config "RandomEnemiesSize/Landmine/MinLandMinesSize"
[17:08:07.7812373] [Debug  :ainavt.lc.lethalconfig] Registered config "RandomEnemiesSize/Landmine/MaxLandMinesSize"
[17:08:07.7827410] [Debug  :ainavt.lc.lethalconfig] Registered config "RandomEnemiesSize/SpikeTrap/AffectSpikeTrapSize"
[17:08:07.7837450] [Debug  :ainavt.lc.lethalconfig] Registered config "RandomEnemiesSize/SpikeTrap/MinSpikeTrapSize"
[17:08:07.7837450] [Debug  :ainavt.lc.lethalconfig] Registered config "RandomEnemiesSize/SpikeTrap/MaxSpikeTrapSize"
[17:08:07.7847453] [Debug  :ainavt.lc.lethalconfig] Registered config "RandomEnemiesSize/ModdedHazard/AffectModdedHazard"
[17:08:07.7847453] [Debug  :ainavt.lc.lethalconfig] Registered config "RandomEnemiesSize/ModdedHazard/MinModdedHazardSize"
[17:08:07.7857484] [Debug  :ainavt.lc.lethalconfig] Registered config "RandomEnemiesSize/ModdedHazard/MaxModdedHazardSize"
[17:08:07.7867484] [Debug  :ainavt.lc.lethalconfig] Registered config "RandomEnemiesSize/Influences/InfluenceHp"
[17:08:07.7867484] [Debug  :ainavt.lc.lethalconfig] Registered config "RandomEnemiesSize/Influences/InfluenceSound"
[17:08:07.7877484] [Debug  :ainavt.lc.lethalconfig] Registered config "RandomEnemiesSize/Influences/InfluenceSoundMinPitch"
[17:08:07.7877484] [Debug  :ainavt.lc.lethalconfig] Registered config "RandomEnemiesSize/Influences/InfluenceSoundMaxPitch"
[17:08:07.7887493] [Debug  :ainavt.lc.lethalconfig] Registered config "RandomEnemiesSize/Influences/InfluenceBeehive"
[17:08:07.7887493] [Debug  :ainavt.lc.lethalconfig] Registered config "RandomEnemiesSize/Influences/influenceSapsuckerEggs"
[17:08:07.7897489] [Debug  :ainavt.lc.lethalconfig] Registered config "RandomEnemiesSize/FunMode/FunMode"
[17:08:07.7907482] [Debug  :ainavt.lc.lethalconfig] Registered config "RandomEnemiesSize/FunMode/FunModeHorizontalSizeMin"
[17:08:07.7907482] [Debug  :ainavt.lc.lethalconfig] Registered config "RandomEnemiesSize/FunMode/FunModeHorizontalSizeMax"
[17:08:07.7917481] [Debug  :ainavt.lc.lethalconfig] Registered config "RandomEnemiesSize/FunMode/LockHorizontalAxis"
[17:08:07.7917481] [Debug  :ainavt.lc.lethalconfig] Registered config "RandomEnemiesSize/DEV/DevLogs"
[17:08:07.8218122] [Debug  :Buttery Fixes] Transpiler (RoundManager.GenerateNewLevelClientRpc): Cache mold manager
[17:08:07.8218122] [Debug  :Buttery Fixes] Transpiler (RoundManager.GenerateNewLevelClientRpc): Cache mold manager
[17:08:07.8253247] [Info   :RandomEnemiesSize] RandomEnemiesSize Patched !!
[17:08:07.8253247] [Info   :   BepInEx] Loading [ReXuvination 1.1.0]
[17:08:07.8273246] [Info   :ReXuvination] Initializing Configs
[17:08:07.8283240] [Info   :ReXuvination] Patching Methods
[17:08:07.8568618] [Info   :ReXuvination] ReXuvination v1.1.0 Loaded! also you lost the game!
[17:08:07.8568618] [Info   :   BepInEx] Loading [SoftMaskKiller 0.0.1]
[17:08:07.8638794] [Info   :SoftMaskKiller] Initializing Configs
[17:08:07.8780389] [Info   :SoftMaskKiller] Patching Methods
[17:08:07.8881756] [Info   :SoftMaskKiller] SoftMaskKiller v0.0.1 Loaded!
[17:08:07.8881756] [Info   :   BepInEx] Loading [PathfindingLagFix 2.4.2]
[17:08:07.8977647] [Info   :PathfindingLagFix] Zaggy1024.PathfindingLagFix 2.4.2 is using preset OnlyFixes with options:
[17:08:08.1016047] [Info   :   BepInEx] Loading [LC Always Hear Active Walkies Fork 1.6.0]
[17:08:08.1807139] [Debug  :Jetpack Fixes] Transpiler: Replace "Gravity" with "Inertia"
[17:08:08.1807139] [Debug  :Jetpack Fixes] Transpiler: Replace "Gravity" with "Inertia"
[17:08:08.1807139] [Debug  :Jetpack Fixes] Transpiler: Replace "Gravity" with "Inertia"
[17:08:08.2374197] [Info   :ZetaArcade.LCAlwaysHearActiveWalkieFork] \ /
[17:08:08.2439284] [Info   :ZetaArcade.LCAlwaysHearActiveWalkieFork] /|\
[17:08:08.2439284] [Info   :ZetaArcade.LCAlwaysHearActiveWalkieFork]  |----|
[17:08:08.2439284] [Info   :ZetaArcade.LCAlwaysHearActiveWalkieFork]  |[__]| Always Hear Active Walkies
[17:08:08.2439284] [Info   :ZetaArcade.LCAlwaysHearActiveWalkieFork]  |.  .| Version 1.6.0 Loaded
[17:08:08.2439284] [Info   :ZetaArcade.LCAlwaysHearActiveWalkieFork]  |____|
[17:08:08.2439284] [Info   :ZetaArcade.LCAlwaysHearActiveWalkieFork] 
[17:08:08.2439284] [Info   :ZetaArcade.LCAlwaysHearActiveWalkieFork] AudibleDistance: 12
[17:08:08.2439284] [Info   :ZetaArcade.LCAlwaysHearActiveWalkieFork] WalkieRecordingRange: 20
[17:08:08.2439284] [Info   :ZetaArcade.LCAlwaysHearActiveWalkieFork] PlayerToPlayerSpatialHearingRange: 20
[17:08:08.2439284] [Info   :   BepInEx] Loading [PremiumScraps 2.5.0]
[17:08:08.8600633] [Debug  :Jetpack Fixes] Transpiler: Replace "Gravity" with "Inertia"
[17:08:08.8600633] [Debug  :Jetpack Fixes] Transpiler: Replace "Gravity" with "Inertia"
[17:08:08.8600633] [Debug  :Jetpack Fixes] Transpiler: Replace "Gravity" with "Inertia"
[17:08:08.9762187] [Debug  :Jetpack Fixes] Transpiler: Replace "Gravity" with "Inertia"
[17:08:08.9762187] [Debug  :Jetpack Fixes] Transpiler: Replace "Gravity" with "Inertia"
[17:08:08.9762187] [Debug  :Jetpack Fixes] Transpiler: Replace "Gravity" with "Inertia"
[17:08:09.0145722] [Info   :PremiumScraps] PremiumScraps is loaded !
[17:08:09.0250896] [Info   :   BepInEx] Loading [ChillaxScraps 1.6.6]
[17:08:10.1806220] [Info   :ChillaxScraps] ChillaxScraps is loaded !
[17:08:10.1881360] [Info   :me.loaforc.soundapi] Starting Sound-pack loading pipeline
[17:08:10.2036544] [Info   :me.loaforc.soundapi] (Step 1) Loading Sound-pack definitions took 11ms
[17:08:10.2036544] [Warning:me.loaforc.soundapi] No sound-packs were found to load! This can be ignorable if you're doing testing or using SoundAPI for another purpose, but if you expected sound-packs to load you may have set it up incorrectly.
[17:08:10.2036544] [Info   :me.loaforc.soundapi] (Step 2) Loading Sound-pack mappings ('0') took 0ms
[17:08:10.2036544] [Info   :me.loaforc.soundapi] (Step 3) Skipped 0 collection(s), 0 replacement(s), 0 sound(s)
[17:08:10.2036544] [Info   :me.loaforc.soundapi] (Step 3) Loading sound replacement collections took 0ms
[17:08:10.2036544] [Info   :me.loaforc.soundapi] (Step 4) Started loading 0 audio file(s)
[17:08:10.2036544] [Info   :me.loaforc.soundapi] Waiting for splash screens to complete to continue...
[17:08:10.2046590] [Message:   BepInEx] Chainloader startup complete
[17:08:10.2056633] [Info   :LethalLevelLoader] Patching TimeOfDay speed multipliers!
[17:08:10.2151795] [Info   :LethalLevelLoader] DawnLib found! Enabling compatibility patches...
[17:08:10.2221787] [Info   :LethalLevelLoader] LethalLib found! Enabling compatibility patches...
[17:08:10.2647377] [Info   :LethalLevelLoader] Additional LethalLevelLoader Compatibilities Done.
[17:08:11.9702792] [Info   :LethalLevelLoader] cabalmoon.lethalbundle Loaded (143.93s)!
[17:08:12.0609961] [Info   :LethalLevelLoader] flickermoon.lethalbundle Loaded (144.02s)!
[17:08:12.1205987] [Info   :LethalLevelLoader] abaddonmoon.lethalbundle Loaded (144.08s)!
[17:08:12.1860583] [Info   :LethalLevelLoader] pareidoliamoon.lethalbundle Loaded (144.14s)!
[17:08:12.4265689] [Info   :LethalLevelLoader] shuttermoon.lethalbundle Loaded (144.38s)!
[17:08:12.4436169] [Info   :LethalLevelLoader] vigilancemoon.lethalbundle Loaded (144.4s)!
[17:08:12.7831865] [Info   :LethalLevelLoader] lamentmoon.lethalbundle Loaded (144.74s)!
[17:08:12.9181174] [Info   :LethalLevelLoader] 1load bearing awesome doohickey blaster.lethalbundle Loaded (144.87s)!
[17:08:13.1455116] [Debug  :PathfindingLib] Changed prefabbed NavMeshAgent IrisMaskVariant's area mask from 0xFFFFFFFF to 0xFFFFFFFF to allow traversal of non-smart off-mesh links.
[17:08:13.1455116] [Info   :LethalLevelLoader] geminimoon.lethalbundle Loaded (145.1s)!
[17:08:13.2552462] [Warning: Unity Log] The referenced script (ElevatorMod.Patches.ElevatorStartRoom) on this Behaviour is missing!
[17:08:13.2552462] [Warning: Unity Log] The referenced script (ElevatorMod.Patches.FloorNumber) on this Behaviour is missing!
[17:08:13.2662654] [Warning: Unity Log] The referenced script on this Behaviour (Game Object 'DPF_EntryRoom') is missing!
[17:08:13.3171857] [Warning: Unity Log] The referenced script on this Behaviour (Game Object 'DPF_EntryRoom') is missing!
[17:08:13.4233077] [Info   :LethalLevelLoader] dungeon_abandonedfoundry.lethalbundle Loaded (145.38s)!
[17:08:13.6317926] [Info   :LethalLevelLoader] dungeon_caverns.lethalbundle Loaded (145.59s)!
[17:08:13.7038835] [Warning: Unity Log] The referenced script (ElevatorMod.Patches.ElevatorStartRoom) on this Behaviour is missing!
[17:08:13.7038835] [Warning: Unity Log] The referenced script on this Behaviour (Game Object '') is missing!
[17:08:13.7344228] [Warning: Unity Log] The referenced script (ElevatorMod.Patches.FloorNumber) on this Behaviour is missing!
[17:08:13.7384268] [Warning: Unity Log] The referenced script on this Behaviour (Game Object 'STU_EntryLobby') is missing!
[17:08:13.7883097] [Info   :LethalLevelLoader] dungeon_studio.lethalbundle Loaded (145.75s)!
[17:08:13.8068307] [Info   :LethalLevelLoader] generic scrap bunker crowbar.lethalbundle Loaded (145.76s)!
[17:08:14.0915445] [Info   :LethalLevelLoader] dungeon_ravenmanor.lethalbundle Loaded (146.05s)!
[17:08:14.1130894] [Info   :LethalLevelLoader] generic scrap bunker impact grenade.lethalbundle Loaded (146.07s)!
[17:08:14.1266068] [Info   :LethalLevelLoader] generic scrap bunker general.lethalbundle Loaded (146.08s)!
[17:08:14.1346287] [Info   :LethalLevelLoader] generic scrap bunker military shotgun.lethalbundle Loaded (146.09s)!
[17:08:14.1346287] [Info   :LethalLevelLoader] jll config generic interiors.lethalbundle Loaded (146.09s)!
[17:08:14.1461443] [Info   :LethalLevelLoader] generic scrap bunker jammer.lethalbundle Loaded (146.1s)!
[17:08:14.1556498] [Info   :LethalLevelLoader] generic scrap tower elevator key.lethalbundle Loaded (146.11s)!
[17:08:14.1641662] [Info   :LethalLevelLoader] generic scrap bunker single shotgun.lethalbundle Loaded (146.12s)!
[17:08:14.1671659] [Info   :LethalLevelLoader] arcadiamod.lethalbundle Loaded (146.12s)!
[17:08:14.2798447] [Warning: Unity Log] The referenced script (ElevatorMod.Patches.ElevatorStartRoom) on this Behaviour is missing!
[17:08:14.2798447] [Warning: Unity Log] The referenced script on this Behaviour (Game Object '') is missing!
[17:08:14.2843531] [Warning: Unity Log] The referenced script (ElevatorMod.Patches.FloorNumber) on this Behaviour is missing!
[17:08:14.2843531] [Warning: Unity Log] The referenced script on this Behaviour (Game Object '') is missing!
[17:08:14.4682101] [Info   :LethalLevelLoader] dungeon_grayapartments.lethalbundle Loaded (146.43s)!
[17:08:14.5448015] [Warning: Unity Log] The referenced script (ElevatorMod.Patches.ElevatorStartRoom) on this Behaviour is missing!
[17:08:14.5448015] [Warning: Unity Log] The referenced script on this Behaviour (Game Object '') is missing!
[17:08:14.5638190] [Warning: Unity Log] The referenced script (ElevatorMod.Patches.FloorNumber) on this Behaviour is missing!
[17:08:14.5638190] [Warning: Unity Log] The referenced script on this Behaviour (Game Object '') is missing!
[17:08:14.6098715] [Info   :LethalLevelLoader] dungeon_subsystem.lethalbundle Loaded (146.57s)!
[17:08:15.2879852] [Info   :LethalLevelLoader] dungeon_acf.lethalbundle Loaded (147.25s)!
[17:08:15.3190109] [Info   :LethalLevelLoader] egypt.lethalbundle Loaded (147.28s)!
[17:08:15.4396314] [Warning: Unity Log] The referenced script (UnityMeshSimplifier.LODBackupComponent) on this Behaviour is missing!
[17:08:15.6100393] [Warning: Unity Log] The referenced script on this Behaviour (Game Object 'GameObject (3)') is missing!
[17:08:15.7194014] [Info   :LethalLevelLoader] storagecomplex.lethalbundle Loaded (147.68s)!
[17:08:15.9530454] [Info   :LethalLevelLoader] greenhouseinterior.lethalbundle Loaded (147.91s)!
[17:08:16.3312300] [Info   :LethalLevelLoader] atlanticdungeoninterior.lethalbundle Loaded (148.29s)!
[17:08:16.3623466] [Warning: Unity Log] The referenced script (UnityMeshSimplifier.LODBackupComponent) on this Behaviour is missing!
[17:08:16.3633448] [Warning: Unity Log] The referenced script on this Behaviour (Game Object '') is missing!
[17:08:16.3909913] [Warning: Unity Log] The referenced script (UnityMeshSimplifier.LODBackupComponent) on this Behaviour is missing!
[17:08:16.3909913] [Warning: Unity Log] The referenced script (UnityMeshSimplifier.LODBackupComponent) on this Behaviour is missing!
[17:08:16.3919916] [Warning: Unity Log] The referenced script (UnityMeshSimplifier.LODBackupComponent) on this Behaviour is missing!
[17:08:16.3919916] [Warning: Unity Log] The referenced script (UnityMeshSimplifier.LODBackupComponent) on this Behaviour is missing!
[17:08:16.3934945] [Warning: Unity Log] The referenced script (UnityMeshSimplifier.LODBackupComponent) on this Behaviour is missing!
[17:08:16.3934945] [Warning: Unity Log] The referenced script (UnityMeshSimplifier.LODBackupComponent) on this Behaviour is missing!
[17:08:16.3934945] [Warning: Unity Log] The referenced script on this Behaviour (Game Object '') is missing!
[17:08:16.3934945] [Warning: Unity Log] The referenced script (UnityMeshSimplifier.LODBackupComponent) on this Behaviour is missing!
[17:08:16.3934945] [Warning: Unity Log] The referenced script on this Behaviour (Game Object '') is missing!
[17:08:16.3934945] [Warning: Unity Log] The referenced script (UnityMeshSimplifier.LODBackupComponent) on this Behaviour is missing!
[17:08:16.3934945] [Warning: Unity Log] The referenced script on this Behaviour (Game Object '') is missing!
[17:08:16.3955036] [Warning: Unity Log] The referenced script (UnityMeshSimplifier.LODBackupComponent) on this Behaviour is missing!
[17:08:16.3955036] [Warning: Unity Log] The referenced script on this Behaviour (Game Object '') is missing!
[17:08:16.3985040] [Warning: Unity Log] The referenced script (UnityMeshSimplifier.LODBackupComponent) on this Behaviour is missing!
[17:08:16.3985040] [Warning: Unity Log] The referenced script on this Behaviour (Game Object '') is missing!
[17:08:16.3985040] [Warning: Unity Log] The referenced script (UnityMeshSimplifier.LODBackupComponent) on this Behaviour is missing!
[17:08:16.3995033] [Warning: Unity Log] The referenced script (UnityMeshSimplifier.LODBackupComponent) on this Behaviour is missing!
[17:08:16.3995033] [Warning: Unity Log] The referenced script on this Behaviour (Game Object '') is missing!
[17:08:16.3995033] [Warning: Unity Log] The referenced script (UnityMeshSimplifier.LODBackupComponent) on this Behaviour is missing!
[17:08:16.4005037] [Warning: Unity Log] The referenced script (UnityMeshSimplifier.LODBackupComponent) on this Behaviour is missing!
[17:08:16.4005037] [Warning: Unity Log] The referenced script (UnityMeshSimplifier.LODBackupComponent) on this Behaviour is missing!
[17:08:16.4020073] [Warning: Unity Log] The referenced script (UnityMeshSimplifier.LODBackupComponent) on this Behaviour is missing!
[17:08:16.4020073] [Warning: Unity Log] The referenced script on this Behaviour (Game Object '') is missing!
[17:08:16.4020073] [Warning: Unity Log] The referenced script (UnityMeshSimplifier.LODBackupComponent) on this Behaviour is missing!
[17:08:16.4020073] [Warning: Unity Log] The referenced script (UnityMeshSimplifier.LODBackupComponent) on this Behaviour is missing!
[17:08:16.4035166] [Warning: Unity Log] The referenced script (UnityMeshSimplifier.LODBackupComponent) on this Behaviour is missing!
[17:08:16.4045204] [Warning: Unity Log] The referenced script (UnityMeshSimplifier.LODBackupComponent) on this Behaviour is missing!
[17:08:16.4045204] [Warning: Unity Log] The referenced script (UnityMeshSimplifier.LODBackupComponent) on this Behaviour is missing!
[17:08:16.4045204] [Warning: Unity Log] The referenced script on this Behaviour (Game Object '') is missing!
[17:08:16.4055251] [Warning: Unity Log] The referenced script (UnityMeshSimplifier.LODBackupComponent) on this Behaviour is missing!
[17:08:16.4055251] [Warning: Unity Log] The referenced script on this Behaviour (Game Object '') is missing!
[17:08:16.4065244] [Warning: Unity Log] The referenced script (UnityMeshSimplifier.LODBackupComponent) on this Behaviour is missing!
[17:08:16.4085245] [Warning: Unity Log] The referenced script (UnityMeshSimplifier.LODBackupComponent) on this Behaviour is missing!
[17:08:16.4085245] [Warning: Unity Log] The referenced script (UnityMeshSimplifier.LODBackupComponent) on this Behaviour is missing!
[17:08:16.4085245] [Warning: Unity Log] The referenced script on this Behaviour (Game Object '') is missing!
[17:08:16.4095241] [Warning: Unity Log] The referenced script on this Behaviour (Game Object 'CreeperVine (2)') is missing!
[17:08:16.4105239] [Warning: Unity Log] The referenced script (UnityMeshSimplifier.LODBackupComponent) on this Behaviour is missing!
[17:08:16.4105239] [Warning: Unity Log] The referenced script on this Behaviour (Game Object '') is missing!
[17:08:16.4105239] [Warning: Unity Log] The referenced script (UnityMeshSimplifier.LODBackupComponent) on this Behaviour is missing!
[17:08:16.4105239] [Warning: Unity Log] The referenced script on this Behaviour (Game Object '') is missing!
[17:08:16.4105239] [Warning: Unity Log] The referenced script (UnityMeshSimplifier.LODBackupComponent) on this Behaviour is missing!
[17:08:16.4105239] [Warning: Unity Log] The referenced script on this Behaviour (Game Object '') is missing!
[17:08:16.4135488] [Warning: Unity Log] The referenced script (UnityMeshSimplifier.LODBackupComponent) on this Behaviour is missing!
[17:08:16.4135488] [Warning: Unity Log] The referenced script on this Behaviour (Game Object '') is missing!
[17:08:16.4135488] [Warning: Unity Log] The referenced script (UnityMeshSimplifier.LODBackupComponent) on this Behaviour is missing!
[17:08:16.4160963] [Warning: Unity Log] The referenced script (UnityMeshSimplifier.LODBackupComponent) on this Behaviour is missing!
[17:08:16.4170967] [Warning: Unity Log] The referenced script (UnityMeshSimplifier.LODBackupComponent) on this Behaviour is missing!
[17:08:16.4176013] [Warning: Unity Log] The referenced script (UnityMeshSimplifier.LODBackupComponent) on this Behaviour is missing!
[17:08:16.4176013] [Warning: Unity Log] The referenced script on this Behaviour (Game Object '') is missing!
[17:08:16.4186073] [Warning: Unity Log] The referenced script (UnityMeshSimplifier.LODBackupComponent) on this Behaviour is missing!
[17:08:16.4186073] [Warning: Unity Log] The referenced script on this Behaviour (Game Object '') is missing!
[17:08:16.4186073] [Warning: Unity Log] The referenced script (UnityMeshSimplifier.LODBackupComponent) on this Behaviour is missing!
[17:08:16.4206056] [Warning: Unity Log] The referenced script (UnityMeshSimplifier.LODBackupComponent) on this Behaviour is missing!
[17:08:16.4261156] [Warning: Unity Log] The referenced script (UnityMeshSimplifier.LODBackupComponent) on this Behaviour is missing!
[17:08:16.4261156] [Warning: Unity Log] The referenced script on this Behaviour (Game Object '') is missing!
[17:08:16.4271156] [Warning: Unity Log] The referenced script (UnityMeshSimplifier.LODBackupComponent) on this Behaviour is missing!
[17:08:16.4281163] [Warning: Unity Log] The referenced script on this Behaviour (Game Object 'Plane.031 (25)') is missing!
[17:08:16.4281163] [Warning: Unity Log] The referenced script (UnityMeshSimplifier.LODBackupComponent) on this Behaviour is missing!
[17:08:16.4281163] [Warning: Unity Log] The referenced script on this Behaviour (Game Object '') is missing!
[17:08:16.4291164] [Warning: Unity Log] The referenced script (UnityMeshSimplifier.LODBackupComponent) on this Behaviour is missing!
[17:08:16.4291164] [Warning: Unity Log] The referenced script on this Behaviour (Game Object '') is missing!
[17:08:16.4291164] [Warning: Unity Log] The referenced script (UnityMeshSimplifier.LODBackupComponent) on this Behaviour is missing!
[17:08:16.4291164] [Warning: Unity Log] The referenced script on this Behaviour (Game Object '') is missing!
[17:08:16.4291164] [Warning: Unity Log] The referenced script (UnityMeshSimplifier.LODBackupComponent) on this Behaviour is missing!
[17:08:16.4291164] [Warning: Unity Log] The referenced script (UnityMeshSimplifier.LODBackupComponent) on this Behaviour is missing!
[17:08:16.4291164] [Warning: Unity Log] The referenced script on this Behaviour (Game Object '') is missing!
[17:08:16.4301168] [Warning: Unity Log] The referenced script (UnityMeshSimplifier.LODBackupComponent) on this Behaviour is missing!
[17:08:16.4301168] [Warning: Unity Log] The referenced script on this Behaviour (Game Object '') is missing!
[17:08:16.4311159] [Warning: Unity Log] The referenced script (UnityMeshSimplifier.LODBackupComponent) on this Behaviour is missing!
[17:08:16.4371239] [Warning: Unity Log] The referenced script (UnityMeshSimplifier.LODBackupComponent) on this Behaviour is missing!
[17:08:16.4381279] [Warning: Unity Log] The referenced script (UnityMeshSimplifier.LODBackupComponent) on this Behaviour is missing!
[17:08:16.4381279] [Warning: Unity Log] The referenced script on this Behaviour (Game Object '') is missing!
[17:08:16.4381279] [Warning: Unity Log] The referenced script (UnityMeshSimplifier.LODBackupComponent) on this Behaviour is missing!
[17:08:16.4381279] [Warning: Unity Log] The referenced script on this Behaviour (Game Object '') is missing!
[17:08:16.4486348] [Warning: Unity Log] The referenced script (UnityMeshSimplifier.LODBackupComponent) on this Behaviour is missing!
[17:08:16.4486348] [Warning: Unity Log] The referenced script on this Behaviour (Game Object '') is missing!
[17:08:16.4486348] [Warning: Unity Log] The referenced script (UnityMeshSimplifier.LODBackupComponent) on this Behaviour is missing!
[17:08:16.4506358] [Warning: Unity Log] The referenced script (UnityMeshSimplifier.LODBackupComponent) on this Behaviour is missing!
[17:08:16.4506358] [Warning: Unity Log] The referenced script (UnityMeshSimplifier.LODBackupComponent) on this Behaviour is missing!
[17:08:16.4506358] [Warning: Unity Log] The referenced script on this Behaviour (Game Object '') is missing!
[17:08:16.4521386] [Warning: Unity Log] The referenced script (UnityMeshSimplifier.LODBackupComponent) on this Behaviour is missing!
[17:08:16.4521386] [Warning: Unity Log] The referenced script on this Behaviour (Game Object '') is missing!
[17:08:16.4531431] [Warning: Unity Log] The referenced script (UnityMeshSimplifier.LODBackupComponent) on this Behaviour is missing!
[17:08:16.4531431] [Warning: Unity Log] The referenced script (UnityMeshSimplifier.LODBackupComponent) on this Behaviour is missing!
[17:08:16.4531431] [Warning: Unity Log] The referenced script on this Behaviour (Game Object '') is missing!
[17:08:16.4541758] [Warning: Unity Log] The referenced script (UnityMeshSimplifier.LODBackupComponent) on this Behaviour is missing!
[17:08:16.4561805] [Warning: Unity Log] The referenced script (UnityMeshSimplifier.LODBackupComponent) on this Behaviour is missing!
[17:08:16.4571807] [Warning: Unity Log] The referenced script (UnityMeshSimplifier.LODBackupComponent) on this Behaviour is missing!
[17:08:16.4571807] [Warning: Unity Log] The referenced script on this Behaviour (Game Object '') is missing!
[17:08:16.4581804] [Warning: Unity Log] The referenced script (UnityMeshSimplifier.LODBackupComponent) on this Behaviour is missing!
[17:08:16.4581804] [Warning: Unity Log] The referenced script on this Behaviour (Game Object '') is missing!
[17:08:16.4601806] [Warning: Unity Log] The referenced script (UnityMeshSimplifier.LODBackupComponent) on this Behaviour is missing!
[17:08:16.4601806] [Warning: Unity Log] The referenced script (UnityMeshSimplifier.LODBackupComponent) on this Behaviour is missing!
[17:08:16.4601806] [Warning: Unity Log] The referenced script on this Behaviour (Game Object '') is missing!
[17:08:16.4616856] [Warning: Unity Log] The referenced script (UnityMeshSimplifier.LODBackupComponent) on this Behaviour is missing!
[17:08:16.4616856] [Warning: Unity Log] The referenced script on this Behaviour (Game Object '') is missing!
[17:08:16.4616856] [Warning: Unity Log] The referenced script (UnityMeshSimplifier.LODBackupComponent) on this Behaviour is missing!
[17:08:16.4616856] [Warning: Unity Log] The referenced script on this Behaviour (Game Object '') is missing!
[17:08:16.4642055] [Warning: Unity Log] The referenced script (UnityMeshSimplifier.LODBackupComponent) on this Behaviour is missing!
[17:08:16.4642055] [Warning: Unity Log] The referenced script on this Behaviour (Game Object '') is missing!
[17:08:16.4642055] [Warning: Unity Log] The referenced script (UnityMeshSimplifier.LODBackupComponent) on this Behaviour is missing!
[17:08:16.4642055] [Warning: Unity Log] The referenced script (UnityMeshSimplifier.LODBackupComponent) on this Behaviour is missing!
[17:08:16.4642055] [Warning: Unity Log] The referenced script (UnityMeshSimplifier.LODBackupComponent) on this Behaviour is missing!
[17:08:16.4642055] [Warning: Unity Log] The referenced script (UnityMeshSimplifier.LODBackupComponent) on this Behaviour is missing!
[17:08:16.4642055] [Warning: Unity Log] The referenced script (UnityMeshSimplifier.LODBackupComponent) on this Behaviour is missing!
[17:08:16.4642055] [Warning: Unity Log] The referenced script on this Behaviour (Game Object '') is missing!
[17:08:16.4667132] [Warning: Unity Log] The referenced script on this Behaviour (Game Object 'BushyBuish') is missing!
[17:08:16.4667132] [Warning: Unity Log] The referenced script (UnityMeshSimplifier.LODBackupComponent) on this Behaviour is missing!
[17:08:16.4667132] [Warning: Unity Log] The referenced script on this Behaviour (Game Object 'CreeperVine (4)') is missing!
[17:08:16.4667132] [Warning: Unity Log] The referenced script on this Behaviour (Game Object 'BushyBuish') is missing!
[17:08:16.4687133] [Warning: Unity Log] The referenced script (UnityMeshSimplifier.LODBackupComponent) on this Behaviour is missing!
[17:08:16.4687133] [Warning: Unity Log] The referenced script on this Behaviour (Game Object '') is missing!
[17:08:16.4697130] [Warning: Unity Log] The referenced script (UnityMeshSimplifier.LODBackupComponent) on this Behaviour is missing!
[17:08:16.4757678] [Warning: Unity Log] The referenced script (UnityMeshSimplifier.LODBackupComponent) on this Behaviour is missing!
[17:08:16.4767683] [Warning: Unity Log] The referenced script (UnityMeshSimplifier.LODBackupComponent) on this Behaviour is missing!
[17:08:16.4767683] [Warning: Unity Log] The referenced script on this Behaviour (Game Object '') is missing!
[17:08:16.4767683] [Warning: Unity Log] The referenced script (UnityMeshSimplifier.LODBackupComponent) on this Behaviour is missing!
[17:08:16.4767683] [Warning: Unity Log] The referenced script on this Behaviour (Game Object '') is missing!
[17:08:16.4777684] [Warning: Unity Log] The referenced script (UnityMeshSimplifier.LODBackupComponent) on this Behaviour is missing!
[17:08:16.4787677] [Warning: Unity Log] The referenced script on this Behaviour (Game Object 'CreeperVine (2)') is missing!
[17:08:16.4787677] [Warning: Unity Log] The referenced script (UnityMeshSimplifier.LODBackupComponent) on this Behaviour is missing!
[17:08:16.4787677] [Warning: Unity Log] The referenced script on this Behaviour (Game Object '') is missing!
[17:08:16.4797673] [Warning: Unity Log] The referenced script (UnityMeshSimplifier.LODBackupComponent) on this Behaviour is missing!
[17:08:16.4797673] [Warning: Unity Log] The referenced script (UnityMeshSimplifier.LODBackupComponent) on this Behaviour is missing!
[17:08:16.4809830] [Warning: Unity Log] The referenced script (UnityMeshSimplifier.LODBackupComponent) on this Behaviour is missing!
[17:08:16.4809830] [Warning: Unity Log] The referenced script (UnityMeshSimplifier.LODBackupComponent) on this Behaviour is missing!
[17:08:16.4809830] [Warning: Unity Log] The referenced script on this Behaviour (Game Object '') is missing!
[17:08:16.4819845] [Warning: Unity Log] The referenced script (UnityMeshSimplifier.LODBackupComponent) on this Behaviour is missing!
[17:08:16.4819845] [Warning: Unity Log] The referenced script on this Behaviour (Game Object '') is missing!
[17:08:16.4830608] [Warning: Unity Log] The referenced script (UnityMeshSimplifier.LODBackupComponent) on this Behaviour is missing!
[17:08:16.4830608] [Warning: Unity Log] The referenced script (UnityMeshSimplifier.LODBackupComponent) on this Behaviour is missing!
[17:08:16.4830608] [Warning: Unity Log] The referenced script on this Behaviour (Game Object '') is missing!
[17:08:16.5065897] [Warning: Unity Log] The referenced script (UnityMeshSimplifier.LODBackupComponent) on this Behaviour is missing!
[17:08:16.5065897] [Warning: Unity Log] The referenced script on this Behaviour (Game Object '') is missing!
[17:08:16.5075900] [Warning: Unity Log] The referenced script on this Behaviour (Game Object 'Plane.031 (25)') is missing!
[17:08:16.5075900] [Warning: Unity Log] The referenced script (UnityMeshSimplifier.LODBackupComponent) on this Behaviour is missing!
[17:08:16.5085908] [Warning: Unity Log] The referenced script (UnityMeshSimplifier.LODBackupComponent) on this Behaviour is missing!
[17:08:16.5085908] [Warning: Unity Log] The referenced script on this Behaviour (Game Object '') is missing!
[17:08:16.5085908] [Warning: Unity Log] The referenced script on this Behaviour (Game Object 'BushyBuish') is missing!
[17:08:16.5095903] [Warning: Unity Log] The referenced script (UnityMeshSimplifier.LODBackupComponent) on this Behaviour is missing!
[17:08:16.5095903] [Warning: Unity Log] The referenced script (UnityMeshSimplifier.LODBackupComponent) on this Behaviour is missing!
[17:08:16.5105907] [Warning: Unity Log] The referenced script (UnityMeshSimplifier.LODBackupComponent) on this Behaviour is missing!
[17:08:16.5105907] [Warning: Unity Log] The referenced script on this Behaviour (Game Object 'BushyBuish') is missing!
[17:08:16.5130958] [Warning: Unity Log] The referenced script (UnityMeshSimplifier.LODBackupComponent) on this Behaviour is missing!
[17:08:16.5141007] [Warning: Unity Log] The referenced script (UnityMeshSimplifier.LODBackupComponent) on this Behaviour is missing!
[17:08:16.5151004] [Warning: Unity Log] The referenced script on this Behaviour (Game Object 'BushyBuish') is missing!
[17:08:16.5151004] [Warning: Unity Log] The referenced script on this Behaviour (Game Object 'CreeperVine (4)') is missing!
[17:08:16.5151004] [Warning: Unity Log] The referenced script (UnityMeshSimplifier.LODBackupComponent) on this Behaviour is missing!
[17:08:16.5161010] [Warning: Unity Log] The referenced script (UnityMeshSimplifier.LODBackupComponent) on this Behaviour is missing!
[17:08:16.5161010] [Warning: Unity Log] The referenced script on this Behaviour (Game Object '') is missing!
[17:08:16.5170998] [Warning: Unity Log] The referenced script (UnityMeshSimplifier.LODBackupComponent) on this Behaviour is missing!
[17:08:16.5170998] [Warning: Unity Log] The referenced script (UnityMeshSimplifier.LODBackupComponent) on this Behaviour is missing!
[17:08:16.5170998] [Warning: Unity Log] The referenced script (UnityMeshSimplifier.LODBackupComponent) on this Behaviour is missing!
[17:08:16.5170998] [Warning: Unity Log] The referenced script on this Behaviour (Game Object '') is missing!
[17:08:16.5181019] [Warning: Unity Log] The referenced script on this Behaviour (Game Object 'Plane.031 (25)') is missing!
[17:08:16.5181019] [Warning: Unity Log] The referenced script (UnityMeshSimplifier.LODBackupComponent) on this Behaviour is missing!
[17:08:16.5201013] [Warning: Unity Log] The referenced script (UnityMeshSimplifier.LODBackupComponent) on this Behaviour is missing!
[17:08:16.5201013] [Warning: Unity Log] The referenced script on this Behaviour (Game Object 'CreeperVine (3)') is missing!
[17:08:16.5211031] [Warning: Unity Log] The referenced script (UnityMeshSimplifier.LODBackupComponent) on this Behaviour is missing!
[17:08:16.5211031] [Warning: Unity Log] The referenced script on this Behaviour (Game Object 'CreeperVine (4)') is missing!
[17:08:16.5211031] [Warning: Unity Log] The referenced script (UnityMeshSimplifier.LODBackupComponent) on this Behaviour is missing!
[17:08:16.5211031] [Warning: Unity Log] The referenced script on this Behaviour (Game Object '') is missing!
[17:08:16.5231010] [Warning: Unity Log] The referenced script on this Behaviour (Game Object 'CreeperVine (2)') is missing!
[17:08:16.5236052] [Warning: Unity Log] The referenced script (UnityMeshSimplifier.LODBackupComponent) on this Behaviour is missing!
[17:08:16.5246095] [Warning: Unity Log] The referenced script (UnityMeshSimplifier.LODBackupComponent) on this Behaviour is missing!
[17:08:16.5246095] [Warning: Unity Log] The referenced script (UnityMeshSimplifier.LODBackupComponent) on this Behaviour is missing!
[17:08:16.5246095] [Warning: Unity Log] The referenced script on this Behaviour (Game Object 'CreeperVine (4)') is missing!
[17:08:16.5256129] [Warning: Unity Log] The referenced script on this Behaviour (Game Object 'CreeperVine (4)') is missing!
[17:08:16.5266128] [Warning: Unity Log] The referenced script (UnityMeshSimplifier.LODBackupComponent) on this Behaviour is missing!
[17:08:16.5276136] [Warning: Unity Log] The referenced script (UnityMeshSimplifier.LODBackupComponent) on this Behaviour is missing!
[17:08:16.5276136] [Warning: Unity Log] The referenced script on this Behaviour (Game Object '') is missing!
[17:08:16.5276136] [Warning: Unity Log] The referenced script on this Behaviour (Game Object 'Plane.031 (25)') is missing!
[17:08:16.5276136] [Warning: Unity Log] The referenced script on this Behaviour (Game Object 'CreeperVine (2)') is missing!
[17:08:16.5296137] [Warning: Unity Log] The referenced script on this Behaviour (Game Object 'BushyBuish') is missing!
[17:08:16.5306138] [Warning: Unity Log] The referenced script on this Behaviour (Game Object 'CreeperVine (4)') is missing!
[17:08:16.5361190] [Warning: Unity Log] The referenced script (UnityMeshSimplifier.LODBackupComponent) on this Behaviour is missing!
[17:08:16.5371206] [Warning: Unity Log] The referenced script (UnityMeshSimplifier.LODBackupComponent) on this Behaviour is missing!
[17:08:16.5371206] [Warning: Unity Log] The referenced script on this Behaviour (Game Object '') is missing!
[17:08:16.5376240] [Warning: Unity Log] The referenced script on this Behaviour (Game Object 'CreeperVine (2)') is missing!
[17:08:16.5416268] [Warning: Unity Log] The referenced script on this Behaviour (Game Object 'CreeperVine (2)') is missing!
[17:08:16.5416268] [Warning: Unity Log] The referenced script (UnityMeshSimplifier.LODBackupComponent) on this Behaviour is missing!
[17:08:16.5416268] [Warning: Unity Log] The referenced script (UnityMeshSimplifier.LODBackupComponent) on this Behaviour is missing!
[17:08:16.5416268] [Warning: Unity Log] The referenced script on this Behaviour (Game Object 'BushyBuish') is missing!
[17:08:16.5431298] [Warning: Unity Log] The referenced script (UnityMeshSimplifier.LODBackupComponent) on this Behaviour is missing!
[17:08:16.5431298] [Warning: Unity Log] The referenced script on this Behaviour (Game Object '') is missing!
[17:08:16.5486457] [Warning: Unity Log] The referenced script on this Behaviour (Game Object 'CreeperVine (3)') is missing!
[17:08:16.5486457] [Warning: Unity Log] The referenced script on this Behaviour (Game Object 'BushyBuish') is missing!
[17:08:16.5486457] [Warning: Unity Log] The referenced script on this Behaviour (Game Object 'CreeperVine (2)') is missing!
[17:08:16.5506479] [Warning: Unity Log] The referenced script (UnityMeshSimplifier.LODBackupComponent) on this Behaviour is missing!
[17:08:16.5506479] [Warning: Unity Log] The referenced script on this Behaviour (Game Object '') is missing!
[17:08:16.5516487] [Warning: Unity Log] The referenced script on this Behaviour (Game Object 'BushyBuish') is missing!
[17:08:16.5516487] [Warning: Unity Log] The referenced script (UnityMeshSimplifier.LODBackupComponent) on this Behaviour is missing!
[17:08:16.5531558] [Warning: Unity Log] The referenced script (UnityMeshSimplifier.LODBackupComponent) on this Behaviour is missing!
[17:08:16.5531558] [Warning: Unity Log] The referenced script on this Behaviour (Game Object '') is missing!
[17:08:16.5531558] [Warning: Unity Log] The referenced script (UnityMeshSimplifier.LODBackupComponent) on this Behaviour is missing!
[17:08:16.5531558] [Warning: Unity Log] The referenced script (UnityMeshSimplifier.LODBackupComponent) on this Behaviour is missing!
[17:08:16.5531558] [Warning: Unity Log] The referenced script on this Behaviour (Game Object 'CreeperVine (2)') is missing!
[17:08:16.5541599] [Warning: Unity Log] The referenced script on this Behaviour (Game Object 'CreeperVine (2)') is missing!
[17:08:16.5551609] [Warning: Unity Log] The referenced script on this Behaviour (Game Object 'BushyBuish') is missing!
[17:08:16.5551609] [Warning: Unity Log] The referenced script (UnityMeshSimplifier.LODBackupComponent) on this Behaviour is missing!
[17:08:16.5551609] [Warning: Unity Log] The referenced script (UnityMeshSimplifier.LODBackupComponent) on this Behaviour is missing!
[17:08:16.5561665] [Warning: Unity Log] The referenced script on this Behaviour (Game Object '') is missing!
[17:08:16.5561665] [Warning: Unity Log] The referenced script (UnityMeshSimplifier.LODBackupComponent) on this Behaviour is missing!
[17:08:16.5561665] [Warning: Unity Log] The referenced script on this Behaviour (Game Object '') is missing!
[17:08:16.5611640] [Warning: Unity Log] The referenced script on this Behaviour (Game Object 'CreeperVine (3)') is missing!
[17:08:16.5621647] [Warning: Unity Log] The referenced script (UnityMeshSimplifier.LODBackupComponent) on this Behaviour is missing!
[17:08:16.5626680] [Warning: Unity Log] The referenced script on this Behaviour (Game Object 'Plane.031 (25)') is missing!
[17:08:16.5651802] [Warning: Unity Log] The referenced script on this Behaviour (Game Object 'BushyBuish') is missing!
[17:08:16.5661806] [Warning: Unity Log] The referenced script (UnityMeshSimplifier.LODBackupComponent) on this Behaviour is missing!
[17:08:16.5661806] [Warning: Unity Log] The referenced script on this Behaviour (Game Object 'CreeperVine (4)') is missing!
[17:08:16.5661806] [Warning: Unity Log] The referenced script (UnityMeshSimplifier.LODBackupComponent) on this Behaviour is missing!
[17:08:16.5671803] [Warning: Unity Log] The referenced script (UnityMeshSimplifier.LODBackupComponent) on this Behaviour is missing!
[17:08:16.5671803] [Warning: Unity Log] The referenced script on this Behaviour (Game Object 'CreeperVine (4)') is missing!
[17:08:16.5681807] [Warning: Unity Log] The referenced script on this Behaviour (Game Object 'BushyBuish') is missing!
[17:08:16.5691804] [Warning: Unity Log] The referenced script on this Behaviour (Game Object 'CreeperVine (4)') is missing!
[17:08:16.5691804] [Warning: Unity Log] The referenced script (UnityMeshSimplifier.LODBackupComponent) on this Behaviour is missing!
[17:08:16.5691804] [Warning: Unity Log] The referenced script on this Behaviour (Game Object '') is missing!
[17:08:16.5691804] [Warning: Unity Log] The referenced script (UnityMeshSimplifier.LODBackupComponent) on this Behaviour is missing!
[17:08:16.5691804] [Warning: Unity Log] The referenced script on this Behaviour (Game Object '') is missing!
[17:08:16.5691804] [Warning: Unity Log] The referenced script (UnityMeshSimplifier.LODBackupComponent) on this Behaviour is missing!
[17:08:16.5691804] [Warning: Unity Log] The referenced script on this Behaviour (Game Object '') is missing!
[17:08:16.5701804] [Warning: Unity Log] The referenced script (UnityMeshSimplifier.LODBackupComponent) on this Behaviour is missing!
[17:08:16.5701804] [Warning: Unity Log] The referenced script on this Behaviour (Game Object '') is missing!
[17:08:16.5701804] [Warning: Unity Log] The referenced script on this Behaviour (Game Object 'CreeperVine (2)') is missing!
[17:08:16.5841933] [Warning: Unity Log] The referenced script on this Behaviour (Game Object 'BushyBuish') is missing!
[17:08:16.5861925] [Warning: Unity Log] The referenced script (UnityMeshSimplifier.LODBackupComponent) on this Behaviour is missing!
[17:08:16.5906981] [Warning: Unity Log] The referenced script on this Behaviour (Game Object 'BushyBuish') is missing!
[17:08:16.5916987] [Warning: Unity Log] The referenced script on this Behaviour (Game Object 'CreeperVine (3)') is missing!
[17:08:16.5916987] [Warning: Unity Log] The referenced script on this Behaviour (Game Object 'CreeperVine (4)') is missing!
[17:08:16.5962095] [Warning: Unity Log] The referenced script on this Behaviour (Game Object 'Plane.031 (25)') is missing!
[17:08:16.5962095] [Warning: Unity Log] The referenced script (UnityMeshSimplifier.LODBackupComponent) on this Behaviour is missing!
[17:08:16.5992107] [Warning: Unity Log] The referenced script on this Behaviour (Game Object 'BushyBuish') is missing!
[17:08:16.5992107] [Warning: Unity Log] The referenced script (UnityMeshSimplifier.LODBackupComponent) on this Behaviour is missing!
[17:08:16.5992107] [Warning: Unity Log] The referenced script on this Behaviour (Game Object 'CreeperVine (4)') is missing!
[17:08:16.5992107] [Warning: Unity Log] The referenced script on this Behaviour (Game Object 'CreeperVine (4)') is missing!
[17:08:16.5992107] [Warning: Unity Log] The referenced script (UnityMeshSimplifier.LODBackupComponent) on this Behaviour is missing!
[17:08:16.5992107] [Warning: Unity Log] The referenced script on this Behaviour (Game Object '') is missing!
[17:08:16.6002106] [Warning: Unity Log] The referenced script on this Behaviour (Game Object 'CreeperVine (3)') is missing!
[17:08:16.6022096] [Warning: Unity Log] The referenced script on this Behaviour (Game Object 'Plane.031 (25)') is missing!
[17:08:16.6022096] [Warning: Unity Log] The referenced script on this Behaviour (Game Object 'CreeperVine (3)') is missing!
[17:08:16.6022096] [Warning: Unity Log] The referenced script on this Behaviour (Game Object 'CreeperVine (3)') is missing!
[17:08:16.6027129] [Warning: Unity Log] The referenced script on this Behaviour (Game Object 'CreeperVine (2)') is missing!
[17:08:16.6032166] [Warning: Unity Log] The referenced script (UnityMeshSimplifier.LODBackupComponent) on this Behaviour is missing!
[17:08:16.6032166] [Warning: Unity Log] The referenced script on this Behaviour (Game Object '') is missing!
[17:08:16.6042206] [Warning: Unity Log] The referenced script on this Behaviour (Game Object 'CreeperVine (2)') is missing!
[17:08:16.6042206] [Warning: Unity Log] The referenced script on this Behaviour (Game Object 'BushyBuish') is missing!
[17:08:16.6042206] [Warning: Unity Log] The referenced script on this Behaviour (Game Object 'CreeperVine (4)') is missing!
[17:08:16.6102245] [Warning: Unity Log] The referenced script on this Behaviour (Game Object 'CreeperVine (4)') is missing!
[17:08:16.6112249] [Warning: Unity Log] The referenced script (UnityMeshSimplifier.LODBackupComponent) on this Behaviour is missing!
[17:08:16.6112249] [Warning: Unity Log] The referenced script on this Behaviour (Game Object '') is missing!
[17:08:16.6127274] [Warning: Unity Log] The referenced script on this Behaviour (Game Object 'BushyBuish') is missing!
[17:08:16.6142355] [Warning: Unity Log] The referenced script on this Behaviour (Game Object 'Plane.031 (25)') is missing!
[17:08:16.6142355] [Warning: Unity Log] The referenced script on this Behaviour (Game Object 'CreeperVine (4)') is missing!
[17:08:16.6152415] [Warning: Unity Log] The referenced script on this Behaviour (Game Object 'CreeperVine (4)') is missing!
[17:08:16.6162392] [Warning: Unity Log] The referenced script on this Behaviour (Game Object 'CreeperVine (2)') is missing!
[17:08:16.6162392] [Warning: Unity Log] The referenced script on this Behaviour (Game Object 'CreeperVine (3)') is missing!
[17:08:16.6172391] [Warning: Unity Log] The referenced script on this Behaviour (Game Object 'CreeperVine (4)') is missing!
[17:08:16.6172391] [Warning: Unity Log] The referenced script on this Behaviour (Game Object 'BushyBuish') is missing!
[17:08:16.6172391] [Warning: Unity Log] The referenced script on this Behaviour (Game Object 'CreeperVine (6)') is missing!
[17:08:16.6172391] [Warning: Unity Log] The referenced script on this Behaviour (Game Object 'Plane.031 (25)') is missing!
[17:08:16.6172391] [Warning: Unity Log] The referenced script on this Behaviour (Game Object 'Plane.031 (25)') is missing!
[17:08:16.6182390] [Warning: Unity Log] The referenced script on this Behaviour (Game Object 'CreeperVine (4)') is missing!
[17:08:16.6192390] [Warning: Unity Log] The referenced script on this Behaviour (Game Object 'CreeperVine (2)') is missing!
[17:08:16.6202393] [Warning: Unity Log] The referenced script on this Behaviour (Game Object 'BushyBuish') is missing!
[17:08:16.6212386] [Warning: Unity Log] The referenced script on this Behaviour (Game Object 'BushyBuish') is missing!
[17:08:16.6212386] [Warning: Unity Log] The referenced script on this Behaviour (Game Object 'CreeperVine (4)') is missing!
[17:08:16.7158781] [Info   :LethalLevelLoader] deepmines.lethalbundle Loaded (148.67s)!
[17:08:17.0306553] [Info   :LethalLevelLoader] liminalhouse.lethalbundle Loaded (148.99s)!
[17:08:17.2939591] [Info   :LethalLevelLoader] expandedfacility.lethalbundle Loaded (149.25s)!
[17:08:17.4371188] [Info   :LethalLevelLoader] sewers.lethalbundle Loaded (149.39s)!
[17:08:17.5180690] [Warning: Unity Log] The referenced script on this Behaviour (Game Object '') is missing!
[17:08:17.5530605] [Warning: Unity Log] The referenced script on this Behaviour (Game Object '') is missing!
[17:08:17.5598281] [Warning: Unity Log] The referenced script on this Behaviour (Game Object '') is missing!
[17:08:17.6333974] [Warning: Unity Log] The referenced script on this Behaviour (Game Object 'DoorLockPickSound') is missing!
[17:08:17.6984746] [Warning: Unity Log] The referenced script on this Behaviour (Game Object '') is missing!
[17:08:17.8932648] [Info   :LethalLevelLoader] generic interiors tower.lethalbundle Loaded (149.85s)!
[17:08:18.1112850] [Info   :LethalLevelLoader] extendedmineshaft.lethalbundle Loaded (150.07s)!
[17:08:18.1193103] [Debug  :PathfindingLib] Changed prefabbed NavMeshAgent DarkSpringMan's area mask from 0x0000061F to 0x0200061F to allow traversal of non-smart off-mesh links.
[17:08:18.1193103] [Info   :LethalLevelLoader] enemyvariantsp2.lethalbundle Loaded (150.07s)!
[17:08:18.1248180] [Warning: Unity Log] The referenced script (WesleysRandomThings.Shenanigans.Arachnohead) on this Behaviour is missing!
[17:08:18.1343286] [Warning: Unity Log] The referenced script (WesleysRandomThings.Shenanigans.ArachnoheadWebTrap) on this Behaviour is missing!
[17:08:18.1343286] [Warning: Unity Log] The referenced script on this Behaviour (Game Object '') is missing!
[17:08:18.1433309] [Warning: Unity Log] The referenced script on this Behaviour (Game Object 'Arachnohead') is missing!
[17:08:18.1664095] [Debug  :PathfindingLib] Changed prefabbed NavMeshAgent HangedGirl's area mask from 0xFFFFFFFF to 0xFFFFFFFF to allow traversal of non-smart off-mesh links.
[17:08:18.1664095] [Debug  :PathfindingLib] Changed prefabbed NavMeshAgent FloatingGirlHead's area mask from 0x000006DF to 0x020006DF to allow traversal of non-smart off-mesh links.
[17:08:18.1664095] [Debug  :PathfindingLib] Changed prefabbed NavMeshAgent Elder's area mask from 0x00000B1F to 0x02000B1F to allow traversal of non-smart off-mesh links.
[17:08:18.1664095] [Debug  :PathfindingLib] Changed prefabbed NavMeshAgent Arachnohead's area mask from 0x0000027F to 0x0200027F to allow traversal of non-smart off-mesh links.
[17:08:18.1664095] [Debug  :PathfindingLib] Changed prefabbed NavMeshAgent ArachnoheadFixed's area mask from 0x0000027F to 0x0200027F to allow traversal of non-smart off-mesh links.
[17:08:18.1664095] [Info   :LethalLevelLoader] enemyvariants.lethalbundle Loaded (150.12s)!
[17:08:18.6582821] [Debug  :PathfindingLib] Changed prefabbed NavMeshAgent MannequinA's area mask from 0x0000061F to 0x0200061F to allow traversal of non-smart off-mesh links.
[17:08:18.6582821] [Debug  :PathfindingLib] Changed prefabbed NavMeshAgent MannequinC's area mask from 0x0000061F to 0x0200061F to allow traversal of non-smart off-mesh links.
[17:08:18.6582821] [Debug  :PathfindingLib] Changed prefabbed NavMeshAgent MannequinB's area mask from 0x0000061F to 0x0200061F to allow traversal of non-smart off-mesh links.
[17:08:18.6622824] [Info   :LethalLevelLoader] storeinterior.lethalbundle Loaded (150.62s)!
[17:08:18.9021410] [Info   :LethalLevelLoader] psychsanctum.lethalbundle Loaded (150.86s)!
[17:08:20.0288400] [Warning: Unity Log] The referenced script (UnityMeshSimplifier.LODBackupComponent) on this Behaviour is missing!
[17:08:20.4431218] [Warning: Unity Log] The referenced script (UnityMeshSimplifier.LODBackupComponent) on this Behaviour is missing!
[17:08:20.7354385] [Warning: Unity Log] The referenced script on this Behaviour (Game Object 'GameObject') is missing!
[17:08:20.8240619] [Warning: Unity Log] The referenced script on this Behaviour (Game Object 'GameObject') is missing!
[17:08:21.6021536] [Info   :LethalLevelLoader] supermarket.lethalbundle Loaded (153.56s)!
[17:08:21.8244042] [Info   :LethalLevelLoader] spookymanor.lethalbundle Loaded (153.78s)!
[17:08:22.0611011] [Info   :LethalLevelLoader] sanguine.lethalbundle Loaded (154.02s)!
[17:08:22.2942022] [Info   :LethalLevelLoader] argent.lethalbundle Loaded (154.25s)!
[17:08:22.5049443] [Info   :LethalLevelLoader] zenit.lethalbundle Loaded (154.46s)!
[17:08:22.5259692] [Info   :LethalLevelLoader] spectralis.lethalbundle Loaded (154.48s)!
[17:08:23.3183784] [Debug  :PathfindingLib] Changed prefabbed NavMeshAgent DarkSpringMan's area mask from 0x0000061F to 0x0200061F to allow traversal of non-smart off-mesh links.
[17:08:23.3304375] [Info   :LethalLevelLoader] therubberrooms.lethalbundle Loaded (155.29s)!
[17:08:23.6374653] [Debug  :PathfindingLib] Changed prefabbed NavMeshAgent RadMechEnemy's area mask from 0x00002B9F to 0x02002B9F to allow traversal of non-smart off-mesh links.
[17:08:23.6384655] [Info   :LethalLevelLoader] junkrooms.lethalbundle Loaded (155.59s)!
[17:08:23.6955328] [Info   :LethalLevelLoader] scoopycastle.lethalbundle Loaded (155.65s)!
[17:08:24.0143703] [Info   :LethalLevelLoader] bozoros.lethalbundle Loaded (155.97s)!
[17:08:24.1396474] [Info   :LethalLevelLoader] circusfacility.lethalbundle Loaded (156.09s)!
[17:08:24.5032481] [Info   :LethalLevelLoader] generic interiors dr and ss.lethalbundle Loaded (156.46s)!
[17:08:25.8940784] [Info   :LethalLevelLoader] toystoreinterior.lethalbundle Loaded (157.85s)!
[17:08:26.0435266] [Debug  :PathfindingLib] Changed prefabbed NavMeshAgent RadMechEnemy's area mask from 0x00000B9F to 0x02000B9F to allow traversal of non-smart off-mesh links.
[17:08:26.0445310] [Info   :LethalLevelLoader] shatteredrooms.lethalbundle Loaded (158s)!
[17:08:26.9100981] [Warning: Unity Log] The referenced script on this Behaviour (Game Object '') is missing!
[17:08:27.2341662] [Warning: Unity Log] The referenced script on this Behaviour (Game Object '') is missing!
[17:08:27.2921200] [Warning: Unity Log] The referenced script on this Behaviour (Game Object '') is missing!
[17:08:27.6356396] [Warning: Unity Log] The referenced script on this Behaviour (Game Object 'DoorLockPickSound') is missing!
[17:08:28.0775644] [Warning: Unity Log] The referenced script on this Behaviour (Game Object '') is missing!
[17:08:29.3794906] [Info   :LethalLevelLoader] generic interiors bunker.lethalbundle Loaded (161.34s)!
[17:08:29.5406604] [Warning: Unity Log] The referenced script (LethalToolbox.ApparatusTakenEvent) on this Behaviour is missing!
[17:08:29.9921681] [Warning: Unity Log] The referenced script on this Behaviour (Game Object 'Teleporter') is missing!
[17:08:30.2167003] [Info   :LethalLevelLoader] grandarmoryinterior.lethalbundle Loaded (162.17s)!
[17:08:30.6245350] [Warning: Unity Log] The referenced script on this Behaviour (Game Object '') is missing!
[17:08:30.6345563] [Warning: Unity Log] The referenced script on this Behaviour (Game Object '') is missing!
[17:08:30.8169584] [Warning: Unity Log] The referenced script on this Behaviour (Game Object '') is missing!
[17:08:30.8464953] [Warning: Unity Log] The referenced script on this Behaviour (Game Object '') is missing!
[17:08:31.0194714] [Warning: Unity Log] The referenced script on this Behaviour (Game Object 'EntranceTeleportB') is missing!
[17:08:31.0208970] [Warning: Unity Log] The referenced script on this Behaviour (Game Object 'DoorLockPickSound') is missing!
[17:08:31.2432385] [Warning: Unity Log] The referenced script on this Behaviour (Game Object '') is missing!
[17:08:31.9694411] [Info   :LethalLevelLoader] generic interiors sh and br.lethalbundle Loaded (163.93s)!
[17:08:31.9941534] [Info   :LethalLevelLoader] immersivescrapassets.lethalbundle Loaded (163.95s)!
[17:08:33.3122700] [Debug  :PathfindingLib] Changed prefabbed NavMeshAgent RadMechEnemy's area mask from 0x0000039F to 0x0200039F to allow traversal of non-smart off-mesh links.
[17:08:33.3322983] [Info   :LethalLevelLoader] museuminterior.lethalbundle Loaded (165.29s)!
[17:08:33.8233395] [Info   :LethalLevelLoader] slaughterhouseinterior.lethalbundle Loaded (165.78s)!
[17:08:34.1986208] [Info   :LethalLevelLoader] fracturedcomplex.lethalbundle Loaded (166.15s)!
[17:08:34.4292204] [Warning: Unity Log] The referenced script (Spectre.Misc.ManualReflectionRenderer) on this Behaviour is missing!
[17:08:34.4292204] [Warning: Unity Log] The referenced script on this Behaviour (Game Object '') is missing!
[17:08:34.5463589] [Warning: Unity Log] The referenced script on this Behaviour (Game Object '') is missing!
[17:08:35.1201196] [Info   :LethalLevelLoader] boomsinterior.lethalbundle Loaded (167.08s)!
[17:08:35.1201196] [Info   :LethalLevelLoader] Finished Processing Bundles!
[17:08:35.1263103] [Info   :LethalLevelLoader] LethalBundleManger Recieved Group: Abaddonmoon.lethalbundle
[17:08:35.1263103] [Info   :LethalLevelLoader] Found ExtendedMod: ExtendedMod_Abaddon
[17:08:35.1293105] [Info   :LethalLevelLoader] LethalBundleManger Recieved Group: Cabalmoon.lethalbundle
[17:08:35.1293105] [Info   :LethalLevelLoader] Found ExtendedMod: ExtendedMod_CabalMoon
[17:08:35.1293105] [Info   :LethalLevelLoader] LethalBundleManger Recieved Group: Flickermoon.lethalbundle
[17:08:35.1293105] [Info   :LethalLevelLoader] Found ExtendedMod: ExtendedMod_Flicker
[17:08:35.1293105] [Info   :LethalLevelLoader] LethalBundleManger Recieved Group: Geminimoon.lethalbundle
[17:08:35.1293105] [Info   :LethalLevelLoader] Found ExtendedMod: GeminiMoon
[17:08:35.1293105] [Info   :LethalLevelLoader] LethalBundleManger Recieved Group: Lamentmoon.lethalbundle
[17:08:35.1293105] [Info   :LethalLevelLoader] Found ExtendedMod: ExtendedMod_Lament
[17:08:35.1303073] [Info   :LethalLevelLoader] LethalBundleManger Recieved Group: Pareidoliamoon.lethalbundle
[17:08:35.1303073] [Info   :LethalLevelLoader] Found ExtendedMod: ExtendedMod_Pareidolia
[17:08:35.1303073] [Info   :LethalLevelLoader] LethalBundleManger Recieved Group: Shuttermoon.lethalbundle
[17:08:35.1303073] [Info   :LethalLevelLoader] Found ExtendedMod: ExtendedMod_Shutter
[17:08:35.1303073] [Info   :LethalLevelLoader] LethalBundleManger Recieved Group: Vigilancemoon.lethalbundle
[17:08:35.1303073] [Info   :LethalLevelLoader] Found ExtendedMod: ExtendedMod_VigilanceMoon
[17:08:35.1303073] [Info   :LethalLevelLoader] LethalBundleManger Recieved Group: Egypt.lethalbundle
[17:08:35.1303073] [Info   :LethalLevelLoader] Found ExtendedMod: Egypt
[17:08:35.1303073] [Info   :LethalLevelLoader] LethalBundleManger Recieved Group: Arcadiamod.lethalbundle
[17:08:35.1303073] [Info   :LethalLevelLoader] Found ExtendedMod: ArcadiaMod
[17:08:35.1303073] [Info   :LethalLevelLoader] LethalBundleManger Recieved Group: Argent.lethalbundle
[17:08:35.1313074] [Info   :LethalLevelLoader] Found ExtendedMod: Argent
[17:08:35.1313074] [Info   :LethalLevelLoader] LethalBundleManger Recieved Group: Psychsanctum.lethalbundle
[17:08:35.1313074] [Info   :LethalLevelLoader] Found ExtendedMod: PsychSanctum
[17:08:35.1313074] [Info   :LethalLevelLoader] LethalBundleManger Recieved Group: Sanguine.lethalbundle
[17:08:35.1313074] [Info   :LethalLevelLoader] Found ExtendedMod: Sanguine
[17:08:35.1313074] [Info   :LethalLevelLoader] LethalBundleManger Recieved Group: Spectralis.lethalbundle
[17:08:35.1313074] [Info   :LethalLevelLoader] Found ExtendedMod: Spectralis
[17:08:35.1313074] [Info   :LethalLevelLoader] LethalBundleManger Recieved Group: Zenit.lethalbundle
[17:08:35.1313074] [Info   :LethalLevelLoader] Found ExtendedMod: Zenit
[17:08:35.1313074] [Info   :LethalLevelLoader] LethalBundleManger Recieved Group: Bozoros.lethalbundle
[17:08:35.1313074] [Info   :LethalLevelLoader] Found ExtendedMod: BozorosExtendedMod
[17:08:35.1345019] [Info   :LethalLevelLoader] LethalBundleManger Recieved Group: Deepmines.lethalbundle
[17:08:35.1355060] [Info   :LethalLevelLoader] Found ExtendedMod: BUNDLEME
[17:08:35.1365052] [Info   :LethalLevelLoader] LethalBundleManger Recieved Group: Liminalhouse.lethalbundle
[17:08:35.1375057] [Info   :LethalLevelLoader] Found ExtendedMod: ExtendedModHouse
[17:08:35.1385059] [Info   :LethalLevelLoader] LethalBundleManger Recieved Group: Storagecomplex.lethalbundle
[17:08:35.1405062] [Info   :LethalLevelLoader] Found ExtendedMod: ExtendedModComplex
[17:08:35.1425629] [Info   :LethalLevelLoader] LethalBundleManger Recieved Group: Supermarket.lethalbundle
[17:08:35.1612560] [Info   :LethalLevelLoader] Found ExtendedMod: extendedmodmarket
[17:08:35.1938380] [Info   :LethalLevelLoader] LethalBundleManger Recieved Group: Boomsinterior.lethalbundle
[17:08:35.1958417] [Info   :LethalLevelLoader] Found ExtendedMod: ExtendedMod
[17:08:35.1978405] [Info   :LethalLevelLoader] LethalBundleManger Recieved Group: Dungeon_abandonedfoundry.lethalbundle
[17:08:35.1988439] [Info   :LethalLevelLoader] Found ExtendedMod: ExtendedMod_DPF
[17:08:35.1988439] [Info   :LethalLevelLoader] LethalBundleManger Recieved Group: Dungeon_acf.lethalbundle
[17:08:35.1998437] [Info   :LethalLevelLoader] Found ExtendedMod: ExtendedMod_ResearchStation
[17:08:35.2008413] [Info   :LethalLevelLoader] LethalBundleManger Recieved Group: Dungeon_caverns.lethalbundle
[17:08:35.2008413] [Info   :LethalLevelLoader] Found ExtendedMod: ExtendedMod_SpelunkersParadise
[17:08:35.2018413] [Info   :LethalLevelLoader] LethalBundleManger Recieved Group: Dungeon_grayapartments.lethalbundle
[17:08:35.2018413] [Info   :LethalLevelLoader] Found ExtendedMod: ExtendedMod_GrayApps
[17:08:35.2033447] [Info   :LethalLevelLoader] LethalBundleManger Recieved Group: Dungeon_ravenmanor.lethalbundle
[17:08:35.2033447] [Info   :LethalLevelLoader] Found ExtendedMod: ExtendedMod_RavenManor
[17:08:35.2043501] [Info   :LethalLevelLoader] LethalBundleManger Recieved Group: Dungeon_studio.lethalbundle
[17:08:35.2043501] [Info   :LethalLevelLoader] Found ExtendedMod: ExtendedMod_Studio
[17:08:35.2043501] [Info   :LethalLevelLoader] LethalBundleManger Recieved Group: Dungeon_subsystem.lethalbundle
[17:08:35.2053488] [Info   :LethalLevelLoader] Found ExtendedMod: ExtendedMod_SubSystem
[17:08:35.2063487] [Info   :LethalLevelLoader] LethalBundleManger Recieved Group: 1load bearing awesome doohickey blaster.lethalbundle
[17:08:35.2063487] [Info   :LethalLevelLoader] Found ExtendedMod: The awesome doohickey blaster em
[17:08:35.2063487] [Info   :LethalLevelLoader] LethalBundleManger Recieved Group: Generic interiors bunker.lethalbundle
[17:08:35.2289628] [Info   :LethalLevelLoader] Found ExtendedMod: Bunker Interior EM
[17:08:35.2788260] [Info   :LethalLevelLoader] LethalBundleManger Recieved Group: Generic interiors dr and ss.lethalbundle
[17:08:35.2808254] [Info   :LethalLevelLoader] Found ExtendedMod: DR and SS Interior EM
[17:08:35.2818262] [Info   :LethalLevelLoader] LethalBundleManger Recieved Group: Generic interiors sh and br.lethalbundle
[17:08:35.2938423] [Info   :LethalLevelLoader] Found ExtendedMod: SH and BR Interior EM
[17:08:35.3123946] [Info   :LethalLevelLoader] LethalBundleManger Recieved Group: Generic interiors tower.lethalbundle
[17:08:35.3144859] [Info   :LethalLevelLoader] Found ExtendedMod: Tower Interior EM
[17:08:35.3154854] [Info   :LethalLevelLoader] LethalBundleManger Recieved Group: Generic scrap bunker crowbar.lethalbundle
[17:08:35.3154854] [Info   :LethalLevelLoader] Found ExtendedMod: Light Crowbar EM
[17:08:35.3154854] [Info   :LethalLevelLoader] LethalBundleManger Recieved Group: Generic scrap bunker general.lethalbundle
[17:08:35.3154854] [Info   :LethalLevelLoader] Found ExtendedMod: Bunker Scrap EM
[17:08:35.3154854] [Info   :LethalLevelLoader] LethalBundleManger Recieved Group: Generic scrap bunker impact grenade.lethalbundle
[17:08:35.3154854] [Info   :LethalLevelLoader] Found ExtendedMod: ImpactGrenadeEM
[17:08:35.3154854] [Info   :LethalLevelLoader] LethalBundleManger Recieved Group: Generic scrap bunker jammer.lethalbundle
[17:08:35.3154854] [Info   :LethalLevelLoader] Found ExtendedMod: JammerEM
[17:08:35.3154854] [Info   :LethalLevelLoader] LethalBundleManger Recieved Group: Generic scrap bunker military shotgun.lethalbundle
[17:08:35.3154854] [Info   :LethalLevelLoader] Found ExtendedMod: LongShotgunEM
[17:08:35.3154854] [Info   :LethalLevelLoader] LethalBundleManger Recieved Group: Generic scrap bunker single shotgun.lethalbundle
[17:08:35.3154854] [Info   :LethalLevelLoader] Found ExtendedMod: SingleBarrelEM
[17:08:35.3154854] [Info   :LethalLevelLoader] LethalBundleManger Recieved Group: Generic scrap tower elevator key.lethalbundle
[17:08:35.3154854] [Info   :LethalLevelLoader] Found ExtendedMod: Tower Scrap EM
[17:08:35.3164832] [Info   :LethalLevelLoader] LethalBundleManger Recieved Group: Jll config generic interiors.lethalbundle
[17:08:35.3164832] [Info   :LethalLevelLoader] LethalBundleManger Recieved Group: Atlanticdungeoninterior.lethalbundle
[17:08:35.3194837] [Info   :LethalLevelLoader] Found ExtendedMod: AquaticDungeonMod
[17:08:35.3240585] [Info   :dev.ladyalice.dungenplus] Added DunGenExtender asset for AquaticDungeonFlow
[17:08:35.3240585] [Info   :LethalLevelLoader] LethalBundleManger Recieved Group: Expandedfacility.lethalbundle
[17:08:35.3240585] [Info   :LethalLevelLoader] Found ExtendedMod: ExpandedFacilityMod
[17:08:35.3250599] [Info   :LethalLevelLoader] LethalBundleManger Recieved Group: Extendedmineshaft.lethalbundle
[17:08:35.3250599] [Info   :LethalLevelLoader] Found ExtendedMod: ExtendedMineshaftMod
[17:08:35.3250599] [Info   :LethalLevelLoader] LethalBundleManger Recieved Group: Fracturedcomplex.lethalbundle
[17:08:35.3270632] [Info   :LethalLevelLoader] Found ExtendedMod: FracturedComplexMod
[17:08:35.3290621] [Info   :LethalLevelLoader] LethalBundleManger Recieved Group: Grandarmoryinterior.lethalbundle
[17:08:35.3345686] [Info   :LethalLevelLoader] Found ExtendedMod: GrandArmoryMod
[17:08:35.3395686] [Info   :LethalLevelLoader] LethalBundleManger Recieved Group: Greenhouseinterior.lethalbundle
[17:08:35.3415704] [Info   :LethalLevelLoader] Found ExtendedMod: GreenhouseMod
[17:08:35.3435692] [Info   :LethalLevelLoader] LethalBundleManger Recieved Group: Museuminterior.lethalbundle
[17:08:35.3606608] [Info   :LethalLevelLoader] Found ExtendedMod: MuseumInteriorMod
[17:08:35.3826815] [Info   :LethalLevelLoader] LethalBundleManger Recieved Group: Sewers.lethalbundle
[17:08:35.3826815] [Info   :LethalLevelLoader] Found ExtendedMod: DeepSewersMod
[17:08:35.3836813] [Info   :LethalLevelLoader] LethalBundleManger Recieved Group: Spookymanor.lethalbundle
[17:08:35.3836813] [Info   :LethalLevelLoader] Found ExtendedMod: SpookyManorMod
[17:08:35.3848131] [Info   :LethalLevelLoader] LethalBundleManger Recieved Group: Storeinterior.lethalbundle
[17:08:35.3878129] [Info   :LethalLevelLoader] Found ExtendedMod: StoreMod
[17:08:35.3908134] [Info   :LethalLevelLoader] LethalBundleManger Recieved Group: Therubberrooms.lethalbundle
[17:08:35.3968679] [Info   :LethalLevelLoader] Found ExtendedMod: TheRubberRoomMod
[17:08:35.4018692] [Info   :LethalLevelLoader] LethalBundleManger Recieved Group: Toystoreinterior.lethalbundle
[17:08:35.4213868] [Info   :LethalLevelLoader] Found ExtendedMod: ToyStoreMod
[17:08:35.4475165] [Info   :LethalLevelLoader] LethalBundleManger Recieved Group: Enemyvariants.lethalbundle
[17:08:35.4475165] [Info   :LethalLevelLoader] Found ExtendedMod: HangedGirlExtendedMod
[17:08:35.4475165] [Info   :LethalLevelLoader] LethalBundleManger Recieved Group: Enemyvariantsp2.lethalbundle
[17:08:35.4485178] [Info   :LethalLevelLoader] Found ExtendedMod: EnemyVariantsMod
[17:08:35.4485178] [Info   :LethalLevelLoader] LethalBundleManger Recieved Group: Junkrooms.lethalbundle
[17:08:35.4495182] [Info   :LethalLevelLoader] Found ExtendedMod: ExtendedMod
[17:08:35.4505179] [Warning:dev.ladyalice.dungenplus] .lethalbundle does not contain any ExtendedContent. Unless you are manually creating and adding your ExtendedDungeonFlow with code, the DunGenExtender will probably not work.
[17:08:35.4505179] [Info   :dev.ladyalice.dungenplus] Added DunGenExtender asset for junkrooms
[17:08:35.4505179] [Info   :LethalLevelLoader] LethalBundleManger Recieved Group: Shatteredrooms.lethalbundle
[17:08:35.4535319] [Info   :dev.ladyalice.dungenplus] Added DunGenExtender asset for shatteredrooms
[17:08:35.4535319] [Info   :LethalLevelLoader] LethalBundleManger Recieved Group: Scoopycastle.lethalbundle
[17:08:35.4535319] [Info   :LethalLevelLoader] Found ExtendedMod: ScoopyCastle
[17:08:35.4535319] [Warning:dev.ladyalice.dungenplus] .lethalbundle does not contain any ExtendedContent. Unless you are manually creating and adding your ExtendedDungeonFlow with code, the DunGenExtender will probably not work.
[17:08:35.4535319] [Info   :dev.ladyalice.dungenplus] Added DunGenExtender asset for CastleFlow
[17:08:35.4535319] [Info   :LethalLevelLoader] LethalBundleManger Recieved Group: Circusfacility.lethalbundle
[17:08:35.4545356] [Info   :LethalLevelLoader] Found ExtendedMod: CircusFacilityExtendedMod
[17:08:35.4545356] [Info   :LethalLevelLoader] LethalBundleManger Recieved Group: Slaughterhouseinterior.lethalbundle
[17:08:35.4575363] [Info   :LethalLevelLoader] Found ExtendedMod: SlaughterhouseMod
[17:08:35.4605358] [Info   :LethalLevelLoader] LethalBundleManger Recieved Group: Immersivescrapassets.lethalbundle
[17:08:35.4605358] [Info   :LethalLevelLoader] Found ExtendedMod: ImmersiveScrapsExtendedMod
[17:08:35.4605358] [Info   :ImmersiveScrap] immersivescrapassets.lethalbundle (UnityEngine.AssetBundle)
[17:08:35.5021024] [Warning: Unity Log] The referenced script (BrutalCompanyMinus.Minus.MonoBehaviours.ButlerSword) on this Behaviour is missing!
[17:08:35.5056127] [Warning: Unity Log] The referenced script on this Behaviour (Game Object 'ButlerSword') is missing!
[17:08:35.6147531] [Debug  :PathfindingLib] Changed prefabbed NavMeshAgent NutSlayerEnemy's area mask from 0x000000DF to 0x020000DF to allow traversal of non-smart off-mesh links.
[17:08:35.6147531] [Debug  :PathfindingLib] Changed prefabbed NavMeshAgent KamikazieBugEnemy's area mask from 0xFFFFFFFF to 0xFFFFFFFF to allow traversal of non-smart off-mesh links.
[17:08:35.6147531] [Debug  :PathfindingLib] Changed prefabbed NavMeshAgent AntiCoilHeadEnemy's area mask from 0x0000001F to 0x0200001F to allow traversal of non-smart off-mesh links.
[17:08:35.6462968] [Warning: Unity Log] The referenced script on this Behaviour (Game Object '<null>') is missing!
[17:08:35.6462968] [Warning: Unity Log] The referenced script on this Behaviour (Game Object '<null>') is missing!
[17:08:35.6462968] [Warning: Unity Log] The referenced script on this Behaviour (Game Object '<null>') is missing!
[17:08:35.6462968] [Warning: Unity Log] The referenced script on this Behaviour (Game Object '<null>') is missing!
[17:08:35.9315257] [Debug  :PathfindingLib] Changed prefabbed NavMeshAgent Cat's area mask from 0xFFFFFFFF to 0xFFFFFFFF to allow traversal of non-smart off-mesh links.
[17:08:35.9396083] [Warning: Unity Log] The referenced script on this Behaviour (Game Object '<null>') is missing!
[17:08:35.9396083] [Warning: Unity Log] The referenced script on this Behaviour (Game Object '<null>') is missing!
[17:08:35.9396083] [Warning: Unity Log] The referenced script on this Behaviour (Game Object '<null>') is missing!
[17:08:35.9396083] [Warning: Unity Log] The referenced script on this Behaviour (Game Object '<null>') is missing!
[17:08:35.9396083] [Warning: Unity Log] The referenced script on this Behaviour (Game Object '<null>') is missing!
[17:08:35.9396083] [Warning: Unity Log] The referenced script on this Behaviour (Game Object '<null>') is missing!
[17:08:35.9396083] [Warning: Unity Log] The referenced script on this Behaviour (Game Object '<null>') is missing!
[17:08:35.9396083] [Warning: Unity Log] The referenced script on this Behaviour (Game Object '<null>') is missing!
[17:08:35.9396083] [Warning: Unity Log] The referenced script on this Behaviour (Game Object '<null>') is missing!
[17:08:35.9396083] [Warning: Unity Log] The referenced script on this Behaviour (Game Object '<null>') is missing!
[17:08:35.9396083] [Warning: Unity Log] The referenced script on this Behaviour (Game Object '<null>') is missing!
[17:08:35.9396083] [Warning: Unity Log] The referenced script on this Behaviour (Game Object '<null>') is missing!
[17:08:35.9396083] [Warning: Unity Log] The referenced script on this Behaviour (Game Object '<null>') is missing!
[17:08:35.9396083] [Warning: Unity Log] The referenced script on this Behaviour (Game Object '<null>') is missing!
[17:08:35.9496604] [Info   :JacobG5.JLL] [User] Successfully Registered 18 JLLMods and 0 LevelPropertyOverrides.
[17:08:35.9506628] [Info   :rectorado.JKConfig] Applying configs for 6 JKConfig files
[17:08:35.9541632] [Info   :rectorado.JKConfig] Applied 0: C:\Users\Milan\AppData\Roaming\com.kesomannen.gale\lethal-company\profiles\LC V1 S1.42AJ LC Office V81 Integration\BepInEx\config\JKConfig\GenericGMD.GI Military Shotgun.cfg
[17:08:35.9541632] [Info   :rectorado.JKConfig] Applied 0: C:\Users\Milan\AppData\Roaming\com.kesomannen.gale\lethal-company\profiles\LC V1 S1.42AJ LC Office V81 Integration\BepInEx\config\JKConfig\GenericGMD.GI Jammer.cfg
[17:08:35.9551664] [Info   :rectorado.JKConfig] Applied 0: C:\Users\Milan\AppData\Roaming\com.kesomannen.gale\lethal-company\profiles\LC V1 S1.42AJ LC Office V81 Integration\BepInEx\config\JKConfig\GenericGMD.GI Impact Flash.cfg
[17:08:35.9561674] [Info   :rectorado.JKConfig] Applied 0: C:\Users\Milan\AppData\Roaming\com.kesomannen.gale\lethal-company\profiles\LC V1 S1.42AJ LC Office V81 Integration\BepInEx\config\JKConfig\GenericGMD.GI Bunker Scrap.cfg
[17:08:35.9561674] [Info   :rectorado.JKConfig] Applied 0: C:\Users\Milan\AppData\Roaming\com.kesomannen.gale\lethal-company\profiles\LC V1 S1.42AJ LC Office V81 Integration\BepInEx\config\JKConfig\GenericGMD.GI Single Barrel.cfg
[17:08:35.9571684] [Info   :rectorado.JKConfig] Applied 0: C:\Users\Milan\AppData\Roaming\com.kesomannen.gale\lethal-company\profiles\LC V1 S1.42AJ LC Office V81 Integration\BepInEx\config\JKConfig\GenericGMD.GI Light Crowbar.cfg
[17:08:35.9571684] [Info   :LethalLevelLoader] LethalBundleManger Finished Requested Load
[17:08:35.9606714] [Info   :ImmersiveScrap] Registered spawn rate for Vanilla to 20
[17:08:35.9606714] [Info   :ImmersiveScrap] Registered spawn rate for Custom to 20
[17:08:35.9606714] [Info   :ImmersiveScrap] Updated matching properties for AlcoholFlaskItem (Item).
[17:08:35.9606714] [Info   :ImmersiveScrap] Registered spawn rate for Vanilla to 20
[17:08:35.9606714] [Info   :ImmersiveScrap] Registered spawn rate for Custom to 20
[17:08:35.9606714] [Info   :ImmersiveScrap] Updated matching properties for AnvilItem (Item).
[17:08:35.9606714] [Info   :ImmersiveScrap] Registered spawn rate for Vanilla to 20
[17:08:35.9606714] [Info   :ImmersiveScrap] Registered spawn rate for Custom to 20
[17:08:35.9606714] [Info   :ImmersiveScrap] Updated matching properties for BaseballbatItem (Item).
[17:08:35.9606714] [Info   :ImmersiveScrap] Registered spawn rate for Vanilla to 20
[17:08:35.9606714] [Info   :ImmersiveScrap] Registered spawn rate for Custom to 20
[17:08:35.9606714] [Info   :ImmersiveScrap] Updated matching properties for BeercanItem (Item).
[17:08:35.9606714] [Info   :ImmersiveScrap] Registered spawn rate for Vanilla to 20
[17:08:35.9606714] [Info   :ImmersiveScrap] Registered spawn rate for Custom to 20
[17:08:35.9606714] [Info   :ImmersiveScrap] Updated matching properties for BrickItem (Item).
[17:08:35.9606714] [Info   :ImmersiveScrap] Registered spawn rate for Vanilla to 20
[17:08:35.9606714] [Info   :ImmersiveScrap] Registered spawn rate for Custom to 20
[17:08:35.9606714] [Info   :ImmersiveScrap] Updated matching properties for BrokenengineItem (Item).
[17:08:35.9606714] [Info   :ImmersiveScrap] Registered spawn rate for Vanilla to 20
[17:08:35.9606714] [Info   :ImmersiveScrap] Registered spawn rate for Custom to 20
[17:08:35.9606714] [Info   :ImmersiveScrap] Updated matching properties for BucketItem (Item).
[17:08:35.9606714] [Info   :ImmersiveScrap] Registered spawn rate for Vanilla to 20
[17:08:35.9606714] [Info   :ImmersiveScrap] Registered spawn rate for Custom to 20
[17:08:35.9606714] [Info   :ImmersiveScrap] Updated matching properties for CanpaintItem (Item).
[17:08:35.9606714] [Info   :ImmersiveScrap] Registered spawn rate for Vanilla to 20
[17:08:35.9606714] [Info   :ImmersiveScrap] Registered spawn rate for Custom to 20
[17:08:35.9606714] [Info   :ImmersiveScrap] Updated matching properties for CanteenItem (Item).
[17:08:35.9606714] [Info   :ImmersiveScrap] Registered spawn rate for Vanilla to 20
[17:08:35.9606714] [Info   :ImmersiveScrap] Registered spawn rate for Custom to 20
[17:08:35.9606714] [Info   :ImmersiveScrap] Updated matching properties for CarbatteryItem (Item).
[17:08:35.9606714] [Info   :ImmersiveScrap] Registered spawn rate for Vanilla to 20
[17:08:35.9606714] [Info   :ImmersiveScrap] Registered spawn rate for Custom to 20
[17:08:35.9606714] [Info   :ImmersiveScrap] Updated matching properties for ClampItem (Item).
[17:08:35.9606714] [Info   :ImmersiveScrap] Registered spawn rate for Vanilla to 20
[17:08:35.9606714] [Info   :ImmersiveScrap] Registered spawn rate for Custom to 20
[17:08:35.9606714] [Info   :ImmersiveScrap] Updated matching properties for ClockItem (Item).
[17:08:35.9606714] [Info   :ImmersiveScrap] Registered spawn rate for Vanilla to 20
[17:08:35.9606714] [Info   :ImmersiveScrap] Registered spawn rate for Custom to 20
[17:08:35.9606714] [Info   :ImmersiveScrap] Updated matching properties for FancyPaintingItem (Item).
[17:08:35.9606714] [Info   :ImmersiveScrap] Registered spawn rate for Vanilla to 20
[17:08:35.9606714] [Info   :ImmersiveScrap] Registered spawn rate for Custom to 20
[17:08:35.9606714] [Info   :ImmersiveScrap] Updated matching properties for FanItem (Item).
[17:08:35.9606714] [Info   :ImmersiveScrap] Registered spawn rate for Vanilla to 20
[17:08:35.9606714] [Info   :ImmersiveScrap] Registered spawn rate for Custom to 20
[17:08:35.9606714] [Info   :ImmersiveScrap] Updated matching properties for FireaxeItem (Item).
[17:08:35.9606714] [Info   :ImmersiveScrap] Registered spawn rate for Vanilla to 20
[17:08:35.9606714] [Info   :ImmersiveScrap] Registered spawn rate for Custom to 20
[17:08:35.9606714] [Info   :ImmersiveScrap] Updated matching properties for FireextinguisherItem (Item).
[17:08:35.9606714] [Info   :ImmersiveScrap] Registered spawn rate for Vanilla to 20
[17:08:35.9606714] [Info   :ImmersiveScrap] Registered spawn rate for Custom to 20
[17:08:35.9606714] [Info   :ImmersiveScrap] Updated matching properties for FirehydrantItem (Item).
[17:08:35.9606714] [Info   :ImmersiveScrap] Registered spawn rate for Vanilla to 20
[17:08:35.9606714] [Info   :ImmersiveScrap] Registered spawn rate for Custom to 20
[17:08:35.9606714] [Info   :ImmersiveScrap] Updated matching properties for FoodcanItem (Item).
[17:08:35.9606714] [Info   :ImmersiveScrap] Registered spawn rate for Vanilla to 20
[17:08:35.9606714] [Info   :ImmersiveScrap] Registered spawn rate for Custom to 20
[17:08:35.9606714] [Info   :ImmersiveScrap] Updated matching properties for GameboyItem (Item).
[17:08:35.9606714] [Info   :ImmersiveScrap] Registered spawn rate for Vanilla to 20
[17:08:35.9606714] [Info   :ImmersiveScrap] Registered spawn rate for Custom to 20
[17:08:35.9606714] [Info   :ImmersiveScrap] Updated matching properties for GarbageItem (Item).
[17:08:35.9606714] [Info   :ImmersiveScrap] Registered spawn rate for Vanilla to 20
[17:08:35.9606714] [Info   :ImmersiveScrap] Registered spawn rate for Custom to 20
[17:08:35.9606714] [Info   :ImmersiveScrap] Updated matching properties for HammerItem (Item).
[17:08:35.9606714] [Info   :ImmersiveScrap] Registered spawn rate for Vanilla to 20
[17:08:35.9606714] [Info   :ImmersiveScrap] Registered spawn rate for Custom to 20
[17:08:35.9606714] [Info   :ImmersiveScrap] Updated matching properties for JerrycanItem (Item).
[17:08:35.9606714] [Info   :ImmersiveScrap] Registered spawn rate for Vanilla to 20
[17:08:35.9606714] [Info   :ImmersiveScrap] Registered spawn rate for Custom to 20
[17:08:35.9606714] [Info   :ImmersiveScrap] Updated matching properties for KeyboardItem (Item).
[17:08:35.9606714] [Info   :ImmersiveScrap] Registered spawn rate for Vanilla to 20
[17:08:35.9606714] [Info   :ImmersiveScrap] Registered spawn rate for Custom to 20
[17:08:35.9606714] [Info   :ImmersiveScrap] Updated matching properties for LanternItem (Item).
[17:08:35.9606714] [Info   :ImmersiveScrap] Registered spawn rate for Vanilla to 20
[17:08:35.9606714] [Info   :ImmersiveScrap] Registered spawn rate for Custom to 20
[17:08:35.9606714] [Info   :ImmersiveScrap] Updated matching properties for LibrarylampItem (Item).
[17:08:35.9606714] [Info   :ImmersiveScrap] Registered spawn rate for Vanilla to 20
[17:08:35.9606714] [Info   :ImmersiveScrap] Registered spawn rate for Custom to 20
[17:08:35.9606714] [Info   :ImmersiveScrap] Updated matching properties for PlantItem (Item).
[17:08:35.9606714] [Info   :ImmersiveScrap] Registered spawn rate for Vanilla to 20
[17:08:35.9606714] [Info   :ImmersiveScrap] Registered spawn rate for Custom to 20
[17:08:35.9606714] [Info   :ImmersiveScrap] Updated matching properties for PliersItem (Item).
[17:08:35.9606714] [Info   :ImmersiveScrap] Registered spawn rate for Vanilla to 20
[17:08:35.9606714] [Info   :ImmersiveScrap] Registered spawn rate for Custom to 20
[17:08:35.9606714] [Info   :ImmersiveScrap] Updated matching properties for PlungerItem (Item).
[17:08:35.9606714] [Info   :ImmersiveScrap] Registered spawn rate for Vanilla to 20
[17:08:35.9606714] [Info   :ImmersiveScrap] Registered spawn rate for Custom to 20
[17:08:35.9606714] [Info   :ImmersiveScrap] Updated matching properties for RetroToyItem (Item).
[17:08:35.9606714] [Info   :ImmersiveScrap] Registered spawn rate for Vanilla to 20
[17:08:35.9606714] [Info   :ImmersiveScrap] Registered spawn rate for Custom to 20
[17:08:35.9606714] [Info   :ImmersiveScrap] Updated matching properties for ScrewdriverItem (Item).
[17:08:35.9606714] [Info   :ImmersiveScrap] Registered spawn rate for Vanilla to 20
[17:08:35.9606714] [Info   :ImmersiveScrap] Registered spawn rate for Custom to 20
[17:08:35.9606714] [Info   :ImmersiveScrap] Updated matching properties for SinkItem (Item).
[17:08:35.9606714] [Info   :ImmersiveScrap] Registered spawn rate for Vanilla to 20
[17:08:35.9606714] [Info   :ImmersiveScrap] Registered spawn rate for Custom to 20
[17:08:35.9606714] [Info   :ImmersiveScrap] Updated matching properties for SocketWrenchItem (Item).
[17:08:35.9606714] [Info   :ImmersiveScrap] Registered spawn rate for Vanilla to 20
[17:08:35.9606714] [Info   :ImmersiveScrap] Registered spawn rate for Custom to 20
[17:08:35.9606714] [Info   :ImmersiveScrap] Updated matching properties for SqueakytoyItem (Item).
[17:08:35.9606714] [Info   :ImmersiveScrap] Registered spawn rate for Vanilla to 20
[17:08:35.9606714] [Info   :ImmersiveScrap] Registered spawn rate for Custom to 20
[17:08:35.9606714] [Info   :ImmersiveScrap] Updated matching properties for SuitcaseItem (Item).
[17:08:35.9606714] [Info   :ImmersiveScrap] Registered spawn rate for Vanilla to 20
[17:08:35.9606714] [Info   :ImmersiveScrap] Registered spawn rate for Custom to 20
[17:08:35.9606714] [Info   :ImmersiveScrap] Updated matching properties for ToasterItem (Item).
[17:08:35.9606714] [Info   :ImmersiveScrap] Registered spawn rate for Vanilla to 20
[17:08:35.9606714] [Info   :ImmersiveScrap] Registered spawn rate for Custom to 20
[17:08:35.9606714] [Info   :ImmersiveScrap] Updated matching properties for ToolboxItem (Item).
[17:08:35.9606714] [Info   :ImmersiveScrap] Registered spawn rate for Vanilla to 20
[17:08:35.9606714] [Info   :ImmersiveScrap] Registered spawn rate for Custom to 20
[17:08:35.9606714] [Info   :ImmersiveScrap] Updated matching properties for TophatItem (Item).
[17:08:35.9606714] [Info   :ImmersiveScrap] Registered spawn rate for Vanilla to 20
[17:08:35.9606714] [Info   :ImmersiveScrap] Registered spawn rate for Custom to 20
[17:08:35.9606714] [Info   :ImmersiveScrap] Updated matching properties for TrafficconeItem (Item).
[17:08:35.9606714] [Info   :ImmersiveScrap] Registered spawn rate for Vanilla to 20
[17:08:35.9606714] [Info   :ImmersiveScrap] Registered spawn rate for Custom to 20
[17:08:35.9606714] [Info   :ImmersiveScrap] Updated matching properties for VentItem (Item).
[17:08:35.9606714] [Info   :ImmersiveScrap] Registered spawn rate for Vanilla to 20
[17:08:35.9606714] [Info   :ImmersiveScrap] Registered spawn rate for Custom to 20
[17:08:35.9606714] [Info   :ImmersiveScrap] Updated matching properties for WateringCanItem (Item).
[17:08:35.9606714] [Info   :ImmersiveScrap] Registered spawn rate for Vanilla to 20
[17:08:35.9606714] [Info   :ImmersiveScrap] Registered spawn rate for Custom to 20
[17:08:35.9606714] [Info   :ImmersiveScrap] Updated matching properties for WheelItem (Item).
[17:08:35.9606714] [Info   :ImmersiveScrap] Registered spawn rate for Vanilla to 20
[17:08:35.9606714] [Info   :ImmersiveScrap] Registered spawn rate for Custom to 20
[17:08:35.9606714] [Info   :ImmersiveScrap] Updated matching properties for WinebottleItem (Item).
[17:08:35.9616762] [Info   :ImmersiveScrap] Registered spawn rate for Vanilla to 20
[17:08:35.9616762] [Info   :ImmersiveScrap] Registered spawn rate for Custom to 20
[17:08:35.9616762] [Info   :ImmersiveScrap] Updated matching properties for WrenchItem (Item).
[17:08:35.9616762] [Info   :ImmersiveScrap] Registered spawn rate for Vanilla to 20
[17:08:35.9616762] [Info   :ImmersiveScrap] Registered spawn rate for Custom to 20
[17:08:35.9616762] [Info   :ImmersiveScrap] Updated matching properties for AlcoholFlaskItem (Item).
[17:08:35.9616762] [Info   :ImmersiveScrap] Registered spawn rate for Vanilla to 20
[17:08:35.9616762] [Info   :ImmersiveScrap] Registered spawn rate for Custom to 20
[17:08:35.9616762] [Info   :ImmersiveScrap] Updated matching properties for AnvilItem (Item).
[17:08:35.9616762] [Info   :ImmersiveScrap] Registered spawn rate for Vanilla to 20
[17:08:35.9616762] [Info   :ImmersiveScrap] Registered spawn rate for Custom to 20
[17:08:35.9616762] [Info   :ImmersiveScrap] Updated matching properties for BaseballbatItem (Item).
[17:08:35.9616762] [Info   :ImmersiveScrap] Registered spawn rate for Vanilla to 20
[17:08:35.9616762] [Info   :ImmersiveScrap] Registered spawn rate for Custom to 20
[17:08:35.9616762] [Info   :ImmersiveScrap] Updated matching properties for BeercanItem (Item).
[17:08:35.9616762] [Info   :ImmersiveScrap] Registered spawn rate for Vanilla to 20
[17:08:35.9616762] [Info   :ImmersiveScrap] Registered spawn rate for Custom to 20
[17:08:35.9616762] [Info   :ImmersiveScrap] Updated matching properties for BrickItem (Item).
[17:08:35.9616762] [Info   :ImmersiveScrap] Registered spawn rate for Vanilla to 20
[17:08:35.9616762] [Info   :ImmersiveScrap] Registered spawn rate for Custom to 20
[17:08:35.9616762] [Info   :ImmersiveScrap] Updated matching properties for BrokenengineItem (Item).
[17:08:35.9616762] [Info   :ImmersiveScrap] Registered spawn rate for Vanilla to 20
[17:08:35.9616762] [Info   :ImmersiveScrap] Registered spawn rate for Custom to 20
[17:08:35.9616762] [Info   :ImmersiveScrap] Updated matching properties for BucketItem (Item).
[17:08:35.9616762] [Info   :ImmersiveScrap] Registered spawn rate for Vanilla to 20
[17:08:35.9616762] [Info   :ImmersiveScrap] Registered spawn rate for Custom to 20
[17:08:35.9616762] [Info   :ImmersiveScrap] Updated matching properties for CanpaintItem (Item).
[17:08:35.9616762] [Info   :ImmersiveScrap] Registered spawn rate for Vanilla to 20
[17:08:35.9616762] [Info   :ImmersiveScrap] Registered spawn rate for Custom to 20
[17:08:35.9616762] [Info   :ImmersiveScrap] Updated matching properties for CanteenItem (Item).
[17:08:35.9616762] [Info   :ImmersiveScrap] Registered spawn rate for Vanilla to 20
[17:08:35.9616762] [Info   :ImmersiveScrap] Registered spawn rate for Custom to 20
[17:08:35.9616762] [Info   :ImmersiveScrap] Updated matching properties for CarbatteryItem (Item).
[17:08:35.9616762] [Info   :ImmersiveScrap] Registered spawn rate for Vanilla to 20
[17:08:35.9616762] [Info   :ImmersiveScrap] Registered spawn rate for Custom to 20
[17:08:35.9616762] [Info   :ImmersiveScrap] Updated matching properties for ClampItem (Item).
[17:08:35.9616762] [Info   :ImmersiveScrap] Registered spawn rate for Vanilla to 20
[17:08:35.9616762] [Info   :ImmersiveScrap] Registered spawn rate for Custom to 20
[17:08:35.9616762] [Info   :ImmersiveScrap] Updated matching properties for ClockItem (Item).
[17:08:35.9616762] [Info   :ImmersiveScrap] Registered spawn rate for Vanilla to 20
[17:08:35.9616762] [Info   :ImmersiveScrap] Registered spawn rate for Custom to 20
[17:08:35.9616762] [Info   :ImmersiveScrap] Updated matching properties for FancyPaintingItem (Item).
[17:08:35.9616762] [Info   :ImmersiveScrap] Registered spawn rate for Vanilla to 20
[17:08:35.9616762] [Info   :ImmersiveScrap] Registered spawn rate for Custom to 20
[17:08:35.9616762] [Info   :ImmersiveScrap] Updated matching properties for FanItem (Item).
[17:08:35.9616762] [Info   :ImmersiveScrap] Registered spawn rate for Vanilla to 20
[17:08:35.9616762] [Info   :ImmersiveScrap] Registered spawn rate for Custom to 20
[17:08:35.9616762] [Info   :ImmersiveScrap] Updated matching properties for FireaxeItem (Item).
[17:08:35.9616762] [Info   :ImmersiveScrap] Registered spawn rate for Vanilla to 20
[17:08:35.9616762] [Info   :ImmersiveScrap] Registered spawn rate for Custom to 20
[17:08:35.9616762] [Info   :ImmersiveScrap] Updated matching properties for FireextinguisherItem (Item).
[17:08:35.9616762] [Info   :ImmersiveScrap] Registered spawn rate for Vanilla to 20
[17:08:35.9616762] [Info   :ImmersiveScrap] Registered spawn rate for Custom to 20
[17:08:35.9616762] [Info   :ImmersiveScrap] Updated matching properties for FirehydrantItem (Item).
[17:08:35.9616762] [Info   :ImmersiveScrap] Registered spawn rate for Vanilla to 20
[17:08:35.9616762] [Info   :ImmersiveScrap] Registered spawn rate for Custom to 20
[17:08:35.9616762] [Info   :ImmersiveScrap] Updated matching properties for FoodcanItem (Item).
[17:08:35.9616762] [Info   :ImmersiveScrap] Registered spawn rate for Vanilla to 20
[17:08:35.9616762] [Info   :ImmersiveScrap] Registered spawn rate for Custom to 20
[17:08:35.9616762] [Info   :ImmersiveScrap] Updated matching properties for GameboyItem (Item).
[17:08:35.9616762] [Info   :ImmersiveScrap] Registered spawn rate for Vanilla to 20
[17:08:35.9616762] [Info   :ImmersiveScrap] Registered spawn rate for Custom to 20
[17:08:35.9616762] [Info   :ImmersiveScrap] Updated matching properties for GarbageItem (Item).
[17:08:35.9616762] [Info   :ImmersiveScrap] Registered spawn rate for Vanilla to 20
[17:08:35.9616762] [Info   :ImmersiveScrap] Registered spawn rate for Custom to 20
[17:08:35.9616762] [Info   :ImmersiveScrap] Updated matching properties for HammerItem (Item).
[17:08:35.9616762] [Info   :ImmersiveScrap] Registered spawn rate for Vanilla to 20
[17:08:35.9616762] [Info   :ImmersiveScrap] Registered spawn rate for Custom to 20
[17:08:35.9616762] [Info   :ImmersiveScrap] Updated matching properties for JerrycanItem (Item).
[17:08:35.9616762] [Info   :ImmersiveScrap] Registered spawn rate for Vanilla to 20
[17:08:35.9616762] [Info   :ImmersiveScrap] Registered spawn rate for Custom to 20
[17:08:35.9616762] [Info   :ImmersiveScrap] Updated matching properties for KeyboardItem (Item).
[17:08:35.9616762] [Info   :ImmersiveScrap] Registered spawn rate for Vanilla to 20
[17:08:35.9616762] [Info   :ImmersiveScrap] Registered spawn rate for Custom to 20
[17:08:35.9616762] [Info   :ImmersiveScrap] Updated matching properties for LanternItem (Item).
[17:08:35.9616762] [Info   :ImmersiveScrap] Registered spawn rate for Vanilla to 20
[17:08:35.9616762] [Info   :ImmersiveScrap] Registered spawn rate for Custom to 20
[17:08:35.9616762] [Info   :ImmersiveScrap] Updated matching properties for LibrarylampItem (Item).
[17:08:35.9616762] [Info   :ImmersiveScrap] Registered spawn rate for Vanilla to 20
[17:08:35.9616762] [Info   :ImmersiveScrap] Registered spawn rate for Custom to 20
[17:08:35.9616762] [Info   :ImmersiveScrap] Updated matching properties for PlantItem (Item).
[17:08:35.9616762] [Info   :ImmersiveScrap] Registered spawn rate for Vanilla to 20
[17:08:35.9616762] [Info   :ImmersiveScrap] Registered spawn rate for Custom to 20
[17:08:35.9616762] [Info   :ImmersiveScrap] Updated matching properties for PliersItem (Item).
[17:08:35.9616762] [Info   :ImmersiveScrap] Registered spawn rate for Vanilla to 20
[17:08:35.9616762] [Info   :ImmersiveScrap] Registered spawn rate for Custom to 20
[17:08:35.9616762] [Info   :ImmersiveScrap] Updated matching properties for PlungerItem (Item).
[17:08:35.9616762] [Info   :ImmersiveScrap] Registered spawn rate for Vanilla to 20
[17:08:35.9616762] [Info   :ImmersiveScrap] Registered spawn rate for Custom to 20
[17:08:35.9616762] [Info   :ImmersiveScrap] Updated matching properties for RetroToyItem (Item).
[17:08:35.9616762] [Info   :ImmersiveScrap] Registered spawn rate for Vanilla to 20
[17:08:35.9616762] [Info   :ImmersiveScrap] Registered spawn rate for Custom to 20
[17:08:35.9616762] [Info   :ImmersiveScrap] Updated matching properties for ScrewdriverItem (Item).
[17:08:35.9616762] [Info   :ImmersiveScrap] Registered spawn rate for Vanilla to 20
[17:08:35.9616762] [Info   :ImmersiveScrap] Registered spawn rate for Custom to 20
[17:08:35.9616762] [Info   :ImmersiveScrap] Updated matching properties for SinkItem (Item).
[17:08:35.9616762] [Info   :ImmersiveScrap] Registered spawn rate for Vanilla to 20
[17:08:35.9616762] [Info   :ImmersiveScrap] Registered spawn rate for Custom to 20
[17:08:35.9616762] [Info   :ImmersiveScrap] Updated matching properties for SocketWrenchItem (Item).
[17:08:35.9616762] [Info   :ImmersiveScrap] Registered spawn rate for Vanilla to 20
[17:08:35.9616762] [Info   :ImmersiveScrap] Registered spawn rate for Custom to 20
[17:08:35.9616762] [Info   :ImmersiveScrap] Updated matching properties for SqueakytoyItem (Item).
[17:08:35.9616762] [Info   :ImmersiveScrap] Registered spawn rate for Vanilla to 20
[17:08:35.9616762] [Info   :ImmersiveScrap] Registered spawn rate for Custom to 20
[17:08:35.9616762] [Info   :ImmersiveScrap] Updated matching properties for SuitcaseItem (Item).
[17:08:35.9616762] [Info   :ImmersiveScrap] Registered spawn rate for Vanilla to 20
[17:08:35.9616762] [Info   :ImmersiveScrap] Registered spawn rate for Custom to 20
[17:08:35.9616762] [Info   :ImmersiveScrap] Updated matching properties for ToasterItem (Item).
[17:08:35.9616762] [Info   :ImmersiveScrap] Registered spawn rate for Vanilla to 20
[17:08:35.9616762] [Info   :ImmersiveScrap] Registered spawn rate for Custom to 20
[17:08:35.9616762] [Info   :ImmersiveScrap] Updated matching properties for ToolboxItem (Item).
[17:08:35.9616762] [Info   :ImmersiveScrap] Registered spawn rate for Vanilla to 20
[17:08:35.9616762] [Info   :ImmersiveScrap] Registered spawn rate for Custom to 20
[17:08:35.9616762] [Info   :ImmersiveScrap] Updated matching properties for TophatItem (Item).
[17:08:35.9616762] [Info   :ImmersiveScrap] Registered spawn rate for Vanilla to 20
[17:08:35.9616762] [Info   :ImmersiveScrap] Registered spawn rate for Custom to 20
[17:08:35.9616762] [Info   :ImmersiveScrap] Updated matching properties for TrafficconeItem (Item).
[17:08:35.9616762] [Info   :ImmersiveScrap] Registered spawn rate for Vanilla to 20
[17:08:35.9616762] [Info   :ImmersiveScrap] Registered spawn rate for Custom to 20
[17:08:35.9616762] [Info   :ImmersiveScrap] Updated matching properties for VentItem (Item).
[17:08:35.9616762] [Info   :ImmersiveScrap] Registered spawn rate for Vanilla to 20
[17:08:35.9616762] [Info   :ImmersiveScrap] Registered spawn rate for Custom to 20
[17:08:35.9616762] [Info   :ImmersiveScrap] Updated matching properties for WateringCanItem (Item).
[17:08:35.9616762] [Info   :ImmersiveScrap] Registered spawn rate for Vanilla to 20
[17:08:35.9616762] [Info   :ImmersiveScrap] Registered spawn rate for Custom to 20
[17:08:35.9616762] [Info   :ImmersiveScrap] Updated matching properties for WheelItem (Item).
[17:08:35.9616762] [Info   :ImmersiveScrap] Registered spawn rate for Vanilla to 20
[17:08:35.9616762] [Info   :ImmersiveScrap] Registered spawn rate for Custom to 20
[17:08:35.9616762] [Info   :ImmersiveScrap] Updated matching properties for WinebottleItem (Item).
[17:08:35.9616762] [Info   :ImmersiveScrap] Registered spawn rate for Vanilla to 20
[17:08:35.9616762] [Info   :ImmersiveScrap] Registered spawn rate for Custom to 20
[17:08:35.9616762] [Info   :ImmersiveScrap] Updated matching properties for WrenchItem (Item).
[17:08:35.9792076] [Info   :LethalLevelLoader] Custom Content Processed. Unlocking Main Menu.
[17:08:35.9812081] [Debug  :HauntedHarpist|1.3.24] Harp audio clip 'HarpMusic1' loaded asynchronously
[17:08:35.9812081] [Debug  :HauntedHarpist|1.3.24] Harp audio clip 'HarpMusic2' loaded asynchronously
[17:08:35.9812081] [Debug  :HauntedHarpist|1.3.24] Harp audio clip 'HarpMusic3' loaded asynchronously
[17:08:35.9812081] [Debug  :HauntedHarpist|1.3.24] Bagpipes audio clip 'BagpipeMusic' loaded asynchronously
[17:08:35.9937345] [Debug  :me.loaforc.soundapi] manager disabled
[17:08:35.9937345] [Debug  :me.loaforc.soundapi] manager destroyed
[17:08:36.0102939] [Warning:LethalPerformance] EntranceTeleport search called with inactive objects, probably will cause incompatibility!
[17:08:36.1478638] [Info   :ReservedFlashlightSlot-2.0.10] Initializing hotkeys.
[17:08:36.1498627] [Info   :ReservedSprayPaintSlot-1.1.3] Initializing hotkeys.
[17:08:36.1508640] [Info   :ReservedUtilitySlot-1.0.7] Initializing hotkeys.
[17:08:36.1518636] [Info   :ReservedWalkieSlot-2.0.7] Initializing hotkeys.
[17:08:36.1533667] [Info   :ReservedWeaponSlot-1.1.5] Initializing hotkeys.
[17:08:36.1869242] [Info   :BrutalCompanyMinusExtraReborn] Found CullFactory mod, Will attempt to grab OnTeleportOtherPlayerThroughEntrance() and OnTeleportLocalPlayerThroughEntrance() methodInfos
[17:08:36.1869242] [Info   :BrutalCompanyMinusExtraReborn] Scopophobia is present. Shy Guy and NoShyGuy event will now occur.
[17:08:36.1869242] [Info   :BrutalCompanyMinusExtraReborn] Kittenji.HerobrineMod is present. Herobrine event will now occur.
[17:08:36.1869242] [Info   :BrutalCompanyMinusExtraReborn] Ccode.SirenHead is present. SirenHead event will now occur.
[17:08:36.1869242] [Info   :BrutalCompanyMinusExtraReborn] nomnomab.rollinggiant is present. RollingGiant and NoRollingGiant event will now occur.
[17:08:36.1869242] [Info   :BrutalCompanyMinusExtraReborn] com.zealsprince.locker is present. Locker and NoLocker event will now occur.
[17:08:36.1869242] [Info   :BrutalCompanyMinusExtraReborn] Kittenji.FootballEntity is present. Football event will now occur.
[17:08:36.1869242] [Info   :BrutalCompanyMinusExtraReborn] sparble.slendermanmod is present. SlenderMan event will now occur
[17:08:36.1869242] [Info   :BrutalCompanyMinusExtraReborn] CodeRebirth is present. CodeRebirth Detected
[17:08:36.1869242] [Info   :BrutalCompanyMinusExtraReborn] Jordo.NeedyCats is present. Needy Cats Detected
[17:08:36.1869242] [Info   :BrutalCompanyMinusExtraReborn] FlipMods.HotbarPlus is present. HotBarPlus Detected.
[17:08:36.1869242] [Info   :BrutalCompanyMinusExtraReborn] com.github.biodiversitylc.Biodiversity is present. Biodiversity Detected
[17:08:36.1869242] [Info   :BrutalCompanyMinusExtraReborn] MelanieMelicious.furniturePack0 is present. Furniture Pack Detected
[17:08:36.1869242] [Info   :BrutalCompanyMinusExtraReborn] butterystancakes.lethalcompany.barberfixes is present. Barber Fixes Detected
[17:08:36.1869242] [Info   :BrutalCompanyMinusExtraReborn] com.github.teamxiaolan.dawnlib is present. DawnLib Detected.
[17:08:37.1185241] [Info   :me.loaforc.soundapi] Starting AudioManager.
[17:08:37.1636446] [Info   :KawaiiBone.Remnants] Loading in items.
[17:08:37.1656537] [Info   :KawaiiBone.Remnants] Registering Rocket Launcher as scrap.
[17:08:37.1676519] [Info   :KawaiiBone.Remnants] Added Rocket Launcher as a scrap item.
[17:08:37.1676519] [Info   :KawaiiBone.Remnants] Registering Utility Belt as scrap.
[17:08:37.1676519] [Info   :KawaiiBone.Remnants] Added Utility Belt as a scrap item.
[17:08:37.1676519] [Info   :KawaiiBone.Remnants] Registering Missile as scrap.
[17:08:37.1676519] [Info   :KawaiiBone.Remnants] Added Missile as a scrap item.
[17:08:37.1676519] [Info   :KawaiiBone.Remnants] Registering Emergency Flare (ammo) as scrap.
[17:08:37.1686535] [Info   :KawaiiBone.Remnants] Added Emergency Flare (ammo) as a scrap item.
[17:08:37.1686535] [Info   :KawaiiBone.Remnants] Registering Remote Radar as scrap.
[17:08:37.1686535] [Info   :KawaiiBone.Remnants] Added Remote Radar as a scrap item.
[17:08:37.1686535] [Info   :KawaiiBone.Remnants] Registering Toy Hammer as scrap.
[17:08:37.1686535] [Info   :KawaiiBone.Remnants] Added Toy Hammer as a scrap item.
[17:08:37.1686535] [Info   :KawaiiBone.Remnants] Registering Flaregun as scrap.
[17:08:37.1686535] [Info   :KawaiiBone.Remnants] Added Flaregun as a scrap item.
[17:08:37.1686535] [Info   :KawaiiBone.Remnants] Registering Hacking Tool as scrap.
[17:08:37.1686535] [Info   :KawaiiBone.Remnants] Added Hacking Tool as a scrap item.
[17:08:37.1696532] [Info   :KawaiiBone.Remnants] Registering Pinger as scrap.
[17:08:37.1696532] [Info   :KawaiiBone.Remnants] Added Pinger as a scrap item.
[17:08:37.1696532] [Info   :KawaiiBone.Remnants] Registering Night Vision Goggles as scrap.
[17:08:37.1696532] [Info   :KawaiiBone.Remnants] Added Night Vision Goggles as a scrap item.
[17:08:37.1696532] [Info   :KawaiiBone.Remnants] Registering Medic Bag as scrap.
[17:08:37.1706532] [Info   :KawaiiBone.Remnants] Added Medic Bag as a scrap item.
[17:08:37.1706532] [Info   :KawaiiBone.Remnants] Registering Cat Food as scrap.
[17:08:37.1706532] [Info   :KawaiiBone.Remnants] Added Cat Food as a scrap item.
[17:08:37.1706532] [Info   :KawaiiBone.Remnants] Registering Whistle as scrap.
[17:08:37.1706532] [Info   :KawaiiBone.Remnants] Added Whistle as a scrap item.
[17:08:37.1706532] [Info   :KawaiiBone.Remnants] Registering PluckAPhone as scrap.
[17:08:37.1706532] [Info   :KawaiiBone.Remnants] Added PluckAPhone as a scrap item.
[17:08:37.1706532] [Info   :KawaiiBone.Remnants] Registering Glow Seed as scrap.
[17:08:37.1706532] [Info   :KawaiiBone.Remnants] Added Glow Seed as a scrap item.
[17:08:37.1716535] [Info   :KawaiiBone.Remnants] Registering Boombox as scrap.
[17:08:37.1716535] [Info   :KawaiiBone.Remnants] Added Boombox as a scrap item.
[17:08:37.1716535] [Info   :KawaiiBone.Remnants] Items loaded in.
[17:08:37.2170352] [Info   :KawaiiBone.Remnants] Registering custom moons data.
[17:08:37.2180363] [Info   :KawaiiBone.Remnants] New moon found attempting to register bodies to moon: Black Mesa
[17:08:37.2180363] [Info   :KawaiiBone.Remnants] Registered bodies to moon: Black Mesa
[17:08:37.2180363] [Info   :KawaiiBone.Remnants] New moon found attempting to register bodies to moon: 745 Oxyde
[17:08:37.2180363] [Info   :KawaiiBone.Remnants] Registered bodies to moon: 745 Oxyde
[17:08:37.2180363] [Info   :KawaiiBone.Remnants] New moon found attempting to register bodies to moon: 198 Cabal
[17:08:37.2180363] [Info   :KawaiiBone.Remnants] Registered bodies to moon: 198 Cabal
[17:08:37.2180363] [Info   :KawaiiBone.Remnants] New moon found attempting to register bodies to moon: 556 Flicker
[17:08:37.2180363] [Info   :KawaiiBone.Remnants] Registered bodies to moon: 556 Flicker
[17:08:37.2180363] [Info   :KawaiiBone.Remnants] New moon found attempting to register bodies to moon: 161 Abaddon
[17:08:37.2180363] [Info   :KawaiiBone.Remnants] Registered bodies to moon: 161 Abaddon
[17:08:37.2180363] [Info   :KawaiiBone.Remnants] New moon found attempting to register bodies to moon: 559 Pareidolia
[17:08:37.2180363] [Info   :KawaiiBone.Remnants] Registered bodies to moon: 559 Pareidolia
[17:08:37.2180363] [Info   :KawaiiBone.Remnants] New moon found attempting to register bodies to moon: 556 Shutter
[17:08:37.2180363] [Info   :KawaiiBone.Remnants] Registered bodies to moon: 556 Shutter
[17:08:37.2180363] [Info   :KawaiiBone.Remnants] New moon found attempting to register bodies to moon: 607 Vigilance
[17:08:37.2180363] [Info   :KawaiiBone.Remnants] Registered bodies to moon: 607 Vigilance
[17:08:37.2180363] [Info   :KawaiiBone.Remnants] New moon found attempting to register bodies to moon: 551 Lament
[17:08:37.2180363] [Info   :KawaiiBone.Remnants] Registered bodies to moon: 551 Lament
[17:08:37.2180363] [Info   :KawaiiBone.Remnants] New moon found attempting to register bodies to moon: The Iris
[17:08:37.2180363] [Info   :KawaiiBone.Remnants] Registered bodies to moon: The Iris
[17:08:37.2180363] [Info   :KawaiiBone.Remnants] New moon found attempting to register bodies to moon: 31 Arcadia
[17:08:37.2180363] [Info   :KawaiiBone.Remnants] Registered bodies to moon: 31 Arcadia
[17:08:37.2180363] [Info   :KawaiiBone.Remnants] New moon found attempting to register bodies to moon: 10 EGypt
[17:08:37.2190366] [Info   :KawaiiBone.Remnants] Registered bodies to moon: 10 EGypt
[17:08:37.2190366] [Info   :KawaiiBone.Remnants] New moon found attempting to register bodies to moon: 111 PsychSanctum
[17:08:37.2190366] [Info   :KawaiiBone.Remnants] Registered bodies to moon: 111 PsychSanctum
[17:08:37.2190366] [Info   :KawaiiBone.Remnants] New moon found attempting to register bodies to moon: Sanguine
[17:08:37.2190366] [Info   :KawaiiBone.Remnants] Registered bodies to moon: Sanguine
[17:08:37.2190366] [Info   :KawaiiBone.Remnants] New moon found attempting to register bodies to moon: 32 Argent
[17:08:37.2190366] [Info   :KawaiiBone.Remnants] Registered bodies to moon: 32 Argent
[17:08:37.2190366] [Info   :KawaiiBone.Remnants] New moon found attempting to register bodies to moon: 37 Zenit
[17:08:37.2190366] [Info   :KawaiiBone.Remnants] Registered bodies to moon: 37 Zenit
[17:08:37.2190366] [Info   :KawaiiBone.Remnants] New moon found attempting to register bodies to moon: Spectralis
[17:08:37.2190366] [Info   :KawaiiBone.Remnants] Registered bodies to moon: Spectralis
[17:08:37.2190366] [Info   :KawaiiBone.Remnants] New moon found attempting to register bodies to moon: 823 Bozoros
[17:08:37.2190366] [Info   :KawaiiBone.Remnants] Registered bodies to moon: 823 Bozoros
[17:08:37.2190366] [Info   :KawaiiBone.Remnants] Custom moons data registered.
[17:08:37.2836050] [Info   :KawaiiBone.Remnants] Loaded asset: DefaultBodyItem
[17:08:37.2866134] [Info   :KawaiiBone.Remnants] Loaded asset: HeadBurstBodyItem
[17:08:37.2876138] [Info   :KawaiiBone.Remnants] Loaded asset: CoilBodyItem
[17:08:37.2886134] [Info   :KawaiiBone.Remnants] Loaded asset: WebbedBodyItem
[17:08:37.2886134] [Info   :KawaiiBone.Remnants] Loaded asset: DefaultBodyProp
[17:08:37.2896138] [Info   :KawaiiBone.Remnants] Loaded asset: HeadBurstBodyProp
[17:08:37.2896138] [Info   :KawaiiBone.Remnants] Loaded asset: CoilHeadBodyProp
[17:08:37.2906138] [Info   :KawaiiBone.Remnants] Loaded asset: WebbedBodyProp
[17:08:37.2916135] [Info   :MoreBattery] [MoreBattery] Spawning HUD GameObject on scene loaded: InitSceneLaunchOptions
[17:08:37.2916135] [Info   :MoreBattery] [MoreBattery] Successfully spawned HUD GameObject!
[17:08:41.0940301] [Warning:LCSoundTool] Networking disabled. Mod in fully client side mode, but no networked actions can take place! You can safely ignore this if you want the mod to run fully client side.
[17:08:41.1361397] [Debug  :   BepInEx] [UnityInput] Unknown key name: OEM1, skipping remapping
[17:08:41.1361397] [Debug  :   BepInEx] [UnityInput] Unknown key name: OEM2, skipping remapping
[17:08:41.1361397] [Debug  :   BepInEx] [UnityInput] Unknown key name: OEM3, skipping remapping
[17:08:41.1361397] [Debug  :   BepInEx] [UnityInput] Unknown key name: OEM4, skipping remapping
[17:08:41.1361397] [Debug  :   BepInEx] [UnityInput] Unknown key name: OEM5, skipping remapping
[17:08:41.1361397] [Debug  :   BepInEx] [UnityInput] Unknown key name: IMESelected, skipping remapping
[17:08:41.1456492] [Debug  :   BepInEx] [UnityInput] Using NewInputSystem
[17:08:41.2406491] [Info   :S1.39 Compatibility Fixes] [LethalMinEnemyGrabGuard] Patched exact declared LethalMin.PikminAI.GrabPikmin(Transform,float,int) with a prevention-only prefix. No delayed repair, state snapshot, release-method reflection, or leader/follow restoration is installed.
[17:08:41.3569325] [Debug  :Enemy Sound Fixes] Transpiler (MouthDogAI.OnCollideWithEnemy): Don't play hit sound when attacking dead enemy
[17:08:41.3589363] [Info   :S1.39 Compatibility Fixes] [MouthDogPikminGuard] Patched exact declared LethalMin.MouthDogPikminEnemy.DoCheckInterval() with a Priority.First prevention-only prefix. The adapter remains enabled; native Pikmin -> Mouth Dog combat/lifecycle remains owned by LethalMin.
[17:08:41.3589363] [Info   :S1.39 Compatibility Fixes] [MouthDogVanillaCollisionGuard] Patched exact declared MouthDogAI.OnCollideWithEnemy(Collider,EnemyAI) with a Priority.First prevention-only prefix. Only validated runtime LethalMin.PikminAI collisions are skipped; null and non-Pikmin EnemyAI pass through unchanged.
[17:08:41.3619375] [Info   :S1.39 Compatibility Fixes] [MouthDogVanillaCollisionGuard] Exact target co-patch ownership: prefixes=[NoteBoxz.LethalMin,tendas.s139.compatibilityfixes]; postfixes=[<none>]; transpilers=[butterystancakes.lethalcompany.enemysoundfixes]; finalizers=[<none>].
[17:08:41.4788244] [Info   :S1.39 Compatibility Fixes] [BaboonHawkPikminGuard] One-way Hawk -> Pikmin protection initialized; collisionPatched=True; bitePatched=True; BaboonBirdPikminEnemy remains ENABLED so native PikminEnemy.Update death/unlatch cleanup can run.
[17:08:41.4798231] [Info   :me.loaforc.soundapi] Splash screens done! Continuing pipeline
[17:08:41.4798231] [Warning:me.loaforc.soundapi] The game will freeze for a moment!
[17:08:41.4828263] [Warning:GoldenKitten.FairAI] MoreShipUpgrades assembly not found. Skipping optional patch.
[17:08:41.4828263] [Warning:GoldenKitten.FairAI] LethalConfig assembly not found. Skipping optional patch.
[17:08:41.4828263] [Warning:GoldenKitten.FairAI] LethalThings assembly not found. Skipping optional patch.
[17:08:41.4828263] [Warning:GoldenKitten.FairAI] Surfaced assembly not found. Skipping optional patch.
[17:08:41.4828263] [Warning:GoldenKitten.FairAI] TheNameIsTyler.TurretSettings assembly not found. Skipping optional patch.
[17:08:41.4828263] [Info   :GoldenKitten.FairAI] Optional Components initiated!
[17:08:41.4838230] [Info   :me.loaforc.soundapi] (Step 5) All file reads are done, waiting for the audio clips conversions.
[17:08:41.4852484] [Info   :me.loaforc.soundapi] (Step 6) Took 4ms to finish loading audio clips from files
[17:08:41.4852484] [Debug  :me.loaforc.soundapi] Active Threads that are left over: 0
[17:08:41.4852484] [Info   :me.loaforc.soundapi] Entire load process took an effective 16ms
[17:08:41.5889254] [Info   :LethalPerformance.Patcher] Saved 145 config(s)
[17:08:42.6060124] [Info   :MoreBattery] [MoreBattery HUD] Component OnGUI first call! ShowDebugUI = False
[17:08:42.6500563] [Info   :GoldenKitten.FairAI] Fair AI initiated!
[17:08:42.6520574] [Info   :LethalPerformance.Patcher] Saved 1 config(s)
[17:08:42.6926194] [Info   :LethalPerformance.Patcher] Saved 1 config(s)
[17:08:42.6971320] [Info   :LethalPerformance.Patcher] Saved 1 config(s)
[17:08:42.7046414] [Info   :LethalPerformance.Patcher] Saved 1 config(s)
[17:08:42.7116414] [Info   :LethalPerformance.Patcher] Saved 2 config(s)
[17:08:42.7116414] [Info   :LethalPerformance.Patcher] Saved 1 config(s)
[17:08:42.8487615] [Info   :qwbarch.Mirage] Loaded settings: {
  "localPlayerVolume": 0.5,
  "neverDeleteRecordings": true,
  "allowRecordVoice": true,
  "muteVoiceMimic": false
}
[17:08:42.8609672] [Info   :LethalPerformance.Patcher] Saved 1 config(s)
[17:08:42.8619676] [Info   :LethalPerformance.Patcher] Saved 1 config(s)
[17:08:43.1074682] [Debug  :LCUltrawide_Community] NOT setting PixelResolution to [0]
[17:08:43.2080977] [Info   :GeneralImprovements] Automatically launching ONLINE mode.
[17:08:43.2281339] [Info   : Unity Log] Saving changed settings
[17:08:43.2301383] [Debug  :LCUltrawide_Community] NOT setting PixelResolution to [0]
[17:08:43.2912034] [Info   :LethalPerformance] Saved 1 save(s)
[17:08:44.9673084] [Debug  :PathfindingLib] Changed prefabbed NavMeshAgent JesterEnemy's area mask from 0x000026DF to 0x020026DF to allow traversal of non-smart off-mesh links.
[17:08:44.9673084] [Debug  :PathfindingLib] Changed prefabbed NavMeshAgent BaboonHawkEnemy's area mask from 0x00002BFD to 0x02002BFD to allow traversal of non-smart off-mesh links.
[17:08:44.9673084] [Debug  :PathfindingLib] Changed prefabbed NavMeshAgent TestCapsuleEnemy's area mask from 0xFFFFFFFF to 0xFFFFFFFF to allow traversal of non-smart off-mesh links.
[17:08:44.9673084] [Debug  :PathfindingLib] Changed prefabbed NavMeshAgent PumaEnemy's area mask from 0x00002FFF to 0x02002FFF to allow traversal of non-smart off-mesh links.
[17:08:44.9673084] [Debug  :PathfindingLib] Changed prefabbed NavMeshAgent ButlerEnemy's area mask from 0x000027DD to 0x020027DD to allow traversal of non-smart off-mesh links.
[17:08:44.9673084] [Debug  :PathfindingLib] Changed prefabbed NavMeshAgent DocileLocustBees's area mask from 0x000000EF to 0x020000EF to allow traversal of non-smart off-mesh links.
[17:08:44.9673084] [Debug  :PathfindingLib] Changed prefabbed NavMeshAgent RedLocustBees's area mask from 0xFFFFFFFF to 0xFFFFFFFF to allow traversal of non-smart off-mesh links.
[17:08:44.9673084] [Debug  :PathfindingLib] Changed prefabbed NavMeshAgent ButlerBees's area mask from 0xFFFFFFFF to 0xFFFFFFFF to allow traversal of non-smart off-mesh links.
[17:08:44.9673084] [Debug  :PathfindingLib] Changed prefabbed NavMeshAgent CaveDwellerEnemy's area mask from 0xFFFFFFFF to 0xFFFFFFFF to allow traversal of non-smart off-mesh links.
[17:08:44.9673084] [Debug  :PathfindingLib] Changed prefabbed NavMeshAgent BaboonHawkEnemy's area mask from 0x00002BFD to 0x02002BFD to allow traversal of non-smart off-mesh links.
[17:08:44.9673084] [Debug  :PathfindingLib] Changed prefabbed NavMeshAgent ForestGiant's area mask from 0x00002B1F to 0x02002B1F to allow traversal of non-smart off-mesh links.
[17:08:44.9673084] [Debug  :PathfindingLib] Changed prefabbed NavMeshAgent DressGirl's area mask from 0xFFFFFFFF to 0xFFFFFFFF to allow traversal of non-smart off-mesh links.
[17:08:44.9673084] [Debug  :PathfindingLib] Changed prefabbed NavMeshAgent SandSpider's area mask from 0x0000227F to 0x0200227F to allow traversal of non-smart off-mesh links.
[17:08:44.9673084] [Debug  :PathfindingLib] Changed prefabbed NavMeshAgent HoarderBug's area mask from 0xFFFFFFFF to 0xFFFFFFFF to allow traversal of non-smart off-mesh links.
[17:08:44.9673084] [Debug  :PathfindingLib] Changed prefabbed NavMeshAgent SandWorm's area mask from 0x0000320B to 0x0200320B to allow traversal of non-smart off-mesh links.
[17:08:44.9673084] [Debug  :PathfindingLib] Changed prefabbed NavMeshAgent CadaverBloomBurstEnemy's area mask from 0xFFFFFFFF to 0xFFFFFFFF to allow traversal of non-smart off-mesh links.
[17:08:44.9673084] [Debug  :PathfindingLib] Changed prefabbed NavMeshAgent Centipede's area mask from 0xFFFFFFFF to 0xFFFFFFFF to allow traversal of non-smart off-mesh links.
[17:08:44.9673084] [Debug  :PathfindingLib] Changed prefabbed NavMeshAgent MouthDog's area mask from 0x00002B5F to 0x02002B5F to allow traversal of non-smart off-mesh links.
[17:08:44.9673084] [Debug  :PathfindingLib] Changed prefabbed NavMeshAgent ClaySurgeon's area mask from 0x000027FD to 0x020027FD to allow traversal of non-smart off-mesh links.
[17:08:44.9673084] [Debug  :PathfindingLib] Changed prefabbed NavMeshAgent DoublewingedBird's area mask from 0x000020EF to 0x020020EF to allow traversal of non-smart off-mesh links.
[17:08:44.9673084] [Debug  :PathfindingLib] Changed prefabbed NavMeshAgent LassoMan's area mask from 0x0000265F to 0x0200265F to allow traversal of non-smart off-mesh links.
[17:08:44.9673084] [Debug  :PathfindingLib] Changed prefabbed NavMeshAgent SpringMan's area mask from 0x0000261F to 0x0200261F to allow traversal of non-smart off-mesh links.
[17:08:44.9673084] [Debug  :PathfindingLib] Changed prefabbed NavMeshAgent BushWolfEnemy's area mask from 0x0000215F to 0x0200215F to allow traversal of non-smart off-mesh links.
[17:08:44.9683083] [Debug  :PathfindingLib] Changed prefabbed NavMeshAgent FlowerSnakeEnemy's area mask from 0xFFFFFFFF to 0xFFFFFFFF to allow traversal of non-smart off-mesh links.
[17:08:44.9683083] [Debug  :PathfindingLib] Changed prefabbed NavMeshAgent GiantKiwi's area mask from 0xFFFFFFFF to 0xFFFFFFFF to allow traversal of non-smart off-mesh links.
[17:08:44.9683083] [Debug  :PathfindingLib] Changed prefabbed NavMeshAgent NutcrackerEnemy's area mask from 0x000026DF to 0x020026DF to allow traversal of non-smart off-mesh links.
[17:08:44.9683083] [Debug  :PathfindingLib] Changed prefabbed NavMeshAgent Flowerman's area mask from 0x000026DF to 0x020026DF to allow traversal of non-smart off-mesh links.
[17:08:44.9683083] [Debug  :PathfindingLib] Changed prefabbed NavMeshAgent Crawler's area mask from 0x0000267F to 0x0200267F to allow traversal of non-smart off-mesh links.
[17:08:44.9683083] [Debug  :PathfindingLib] Changed prefabbed NavMeshAgent RadMechEnemy's area mask from 0x00002B9F to 0x02002B9F to allow traversal of non-smart off-mesh links.
[17:08:44.9683083] [Debug  :PathfindingLib] Changed prefabbed NavMeshAgent MaskedPlayerEnemy's area mask from 0xFFFFFFFF to 0xFFFFFFFF to allow traversal of non-smart off-mesh links.
[17:08:44.9683083] [Debug  :PathfindingLib] Changed prefabbed NavMeshAgent StingrayEnemy's area mask from 0x000026DF to 0x020026DF to allow traversal of non-smart off-mesh links.
[17:08:44.9683083] [Debug  :PathfindingLib] Changed prefabbed NavMeshAgent CadaverGrowthMasterAI's area mask from 0xFFFFFFFF to 0xFFFFFFFF to allow traversal of non-smart off-mesh links.
[17:08:44.9683083] [Debug  :PathfindingLib] Changed prefabbed NavMeshAgent Blob's area mask from 0x0000227B to 0x0200227B to allow traversal of non-smart off-mesh links.
[17:08:44.9683083] [Debug  :PathfindingLib] Changed prefabbed NavMeshAgent PufferEnemy's area mask from 0xFFFFFFFF to 0xFFFFFFFF to allow traversal of non-smart off-mesh links.
[17:08:44.9984139] [Warning:LethalPerformance] EntranceTeleport search called with inactive objects, probably will cause incompatibility!
[17:08:45.0014144] [Debug  :LobbyControl] 0 & 1 = 0
[17:08:45.0014144] [Debug  :LobbyControl] Checkpoint 'SyncAlreadyHeldObjects' from 'LobbyControl' created with mask '1'
[17:08:45.0024129] [Debug  :LobbyControl] 1 & 1 = 1
[17:08:45.0024129] [Debug  :LobbyControl] 1 & 10 = 0b
[17:08:45.0024129] [Debug  :LobbyControl] Checkpoint 'SyncAllPlayerLevels' from 'LobbyControl' created with mask '10'
[17:08:45.0024129] [Debug  :LobbyControl] 11 & 1 = 1
[17:08:45.0024129] [Debug  :LobbyControl] 11 & 10 = 10b
[17:08:45.0024129] [Debug  :LobbyControl] 11 & 100 = 0b
[17:08:45.0024129] [Debug  :LobbyControl] Checkpoint 'SendNewPlayerValues' from 'LobbyControl' created with mask '100'
[17:08:45.0034140] [Info   : Unity Log] subcribing to steam callbacks
[17:08:45.0219494] [Debug  :   DawnLib] Removing LethalLevelLoader dungeon generation transpiler.
[17:08:45.4728677] [Info   :KawaiiBone.Remnants] Loading in items.
[17:08:45.4743697] [Info   :KawaiiBone.Remnants] Registering Belt bag as scrap.
[17:08:45.4743697] [Info   :KawaiiBone.Remnants] Added Belt bag as a scrap item.
[17:08:45.4743697] [Info   :KawaiiBone.Remnants] Registering Extension ladder as scrap.
[17:08:45.4743697] [Info   :KawaiiBone.Remnants] Added Extension ladder as a scrap item.
[17:08:45.4743697] [Info   :KawaiiBone.Remnants] Registering Flashlight as scrap.
[17:08:45.4753737] [Info   :KawaiiBone.Remnants] Added Flashlight as a scrap item.
[17:08:45.4753737] [Info   :KawaiiBone.Remnants] Registering Jetpack as scrap.
[17:08:45.4753737] [Info   :KawaiiBone.Remnants] Added Jetpack as a scrap item.
[17:08:45.4753737] [Info   :KawaiiBone.Remnants] Registering Lockpicker as scrap.
[17:08:45.4753737] [Info   :KawaiiBone.Remnants] Added Lockpicker as a scrap item.
[17:08:45.4753737] [Info   :KawaiiBone.Remnants] Registering Pro-flashlight as scrap.
[17:08:45.4753737] [Info   :KawaiiBone.Remnants] Added Pro-flashlight as a scrap item.
[17:08:45.4753737] [Info   :KawaiiBone.Remnants] Registering Radar-booster as scrap.
[17:08:45.4753737] [Info   :KawaiiBone.Remnants] Added Radar-booster as a scrap item.
[17:08:45.4753737] [Info   :KawaiiBone.Remnants] Registering Shovel as scrap.
[17:08:45.4753737] [Info   :KawaiiBone.Remnants] Added Shovel as a scrap item.
[17:08:45.4753737] [Info   :KawaiiBone.Remnants] Registering Spray paint as scrap.
[17:08:45.4763775] [Info   :KawaiiBone.Remnants] Added Spray paint as a scrap item.
[17:08:45.4763775] [Info   :KawaiiBone.Remnants] Registering Stun grenade as scrap.
[17:08:45.4763775] [Info   :KawaiiBone.Remnants] Added Stun grenade as a scrap item.
[17:08:45.4763775] [Info   :KawaiiBone.Remnants] Registering TZP-Inhalant as scrap.
[17:08:45.4763775] [Info   :KawaiiBone.Remnants] Added TZP-Inhalant as a scrap item.
[17:08:45.4763775] [Info   :KawaiiBone.Remnants] Registering Walkie-talkie as scrap.
[17:08:45.4763775] [Info   :KawaiiBone.Remnants] Added Walkie-talkie as a scrap item.
[17:08:45.4763775] [Info   :KawaiiBone.Remnants] Registering Weed killer as scrap.
[17:08:45.4763775] [Info   :KawaiiBone.Remnants] Added Weed killer as a scrap item.
[17:08:45.4763775] [Info   :KawaiiBone.Remnants] Registering Zap gun as scrap.
[17:08:45.4763775] [Info   :KawaiiBone.Remnants] Added Zap gun as a scrap item.
[17:08:45.4763775] [Info   :KawaiiBone.Remnants] Items loaded in.
[17:08:45.5164211] [Info   :KawaiiBone.Remnants] Registering custom moons data.
[17:08:45.5164211] [Info   :KawaiiBone.Remnants] Custom moons data registered.
[17:08:45.5174209] [Debug  :LCUltrawide_Community] NOT setting PixelResolution to [0]
[17:08:47.3555394] [Debug  :PathfindingLib] Changed prefabbed NavMeshAgent Ogopogo's area mask from 0x00000000 to 0x02000000 to allow traversal of non-smart off-mesh links.
[17:08:47.3735531] [Debug  :PathfindingLib] Changed prefabbed NavMeshAgent Vermin's area mask from 0x00000000 to 0x02000000 to allow traversal of non-smart off-mesh links.
[17:08:47.4685487] [Debug  :PathfindingLib] Changed prefabbed NavMeshAgent MicBird's area mask from 0x0000039D to 0x0200039D to allow traversal of non-smart off-mesh links.
[17:08:47.5894430] [Debug  :PathfindingLib] Changed prefabbed NavMeshAgent Prototax's area mask from 0x000003FD to 0x020003FD to allow traversal of non-smart off-mesh links.
[17:08:47.5924431] [Debug  :PathfindingLib] Changed prefabbed NavMeshAgent LeafBoi's area mask from 0x000003FD to 0x020003FD to allow traversal of non-smart off-mesh links.
[17:08:47.5939509] [Warning:Biodiversity|0.2.9] Loading Audio data for 'leafHappy1' because it does not have preloadAudioData enabled!
[17:08:47.5959559] [Warning:Biodiversity|0.2.9] Loading Audio data for 'leafHappy2' because it does not have preloadAudioData enabled!
[17:08:47.5974591] [Warning:Biodiversity|0.2.9] Loading Audio data for 'leafHappy3' because it does not have preloadAudioData enabled!
[17:08:47.5984628] [Warning:Biodiversity|0.2.9] Loading Audio data for 'leafHit' because it does not have preloadAudioData enabled!
[17:08:47.5984628] [Warning:Biodiversity|0.2.9] Loading Audio data for 'leafScare' because it does not have preloadAudioData enabled!
[17:08:47.5994624] [Warning:Biodiversity|0.2.9] Loading Audio data for 'leafScareLow1' because it does not have preloadAudioData enabled!
[17:08:47.6004637] [Warning:Biodiversity|0.2.9] Loading Audio data for 'leafScareLow2' because it does not have preloadAudioData enabled!
[17:08:47.6014626] [Warning:Biodiversity|0.2.9] Loading Audio data for 'proto_hit' because it does not have preloadAudioData enabled!
[17:08:47.6024625] [Warning:Biodiversity|0.2.9] Loading Audio data for 'proto_step' because it does not have preloadAudioData enabled!
[17:08:47.6039649] [Warning:Biodiversity|0.2.9] Loading Audio data for 'spew2' because it does not have preloadAudioData enabled!
[17:08:47.6499695] [Debug  :PathfindingLib] Changed prefabbed NavMeshAgent CoilCrab's area mask from 0xFFFFFFFF to 0xFFFFFFFF to allow traversal of non-smart off-mesh links.
[17:08:47.9166300] [Debug  :PathfindingLib] Changed prefabbed NavMeshAgent AloeBracken's area mask from 0x000000CF to 0x020000CF to allow traversal of non-smart off-mesh links.
[17:08:47.9226312] [Warning:Biodiversity|0.2.9] Loading Audio data for 'AloeChase' because it does not have preloadAudioData enabled!
[17:08:47.9236302] [Warning:Biodiversity|0.2.9] VideoClip: 'AloeTerminalVideo' is being loaded from 'AloeAssets' instead of the dedicated video clip bundle. It will not work correctly.
[17:08:48.3182382] [Debug  :Matty's Fixes] RoundManager.SpawnScrapInLevel patched
[17:08:48.3844996] [Info   :Biodiversity|0.2.9] "we love fat bitches(gender neutral) and body representation for fat bitches(still gender neutral)" - TiltedHat
[17:08:48.3894974] [Info   :LethalLevelLoader] Registering Bundle Content!
[17:08:48.6403393] [Error  : Unity Log] NetworkPrefab (BigDoorSpawn) has a duplicate GlobalObjectIdHash source entry value of: 0!
[17:08:48.6403393] [Error  : Unity Log] NetworkPrefab (CrystalScrapSpawn) has a duplicate GlobalObjectIdHash source entry value of: 0!
[17:08:48.6403393] [Error  : Unity Log] NetworkPrefab (Tooletnits) has a duplicate GlobalObjectIdHash source entry value of: 2151174361!
[17:08:48.6403393] [Error  : Unity Log] NetworkPrefab (Fridgelooty) has a duplicate GlobalObjectIdHash source entry value of: 3371793150!
[17:08:48.6403393] [Error  : Unity Log] NetworkPrefab (1MainEntranceStuff) has a duplicate GlobalObjectIdHash source entry value of: 2810456385!
[17:08:48.6403393] [Error  : Unity Log] NetworkPrefab (BunkerHeavyDoorMapModel) has a duplicate GlobalObjectIdHash source entry value of: 2141666470!
[17:08:48.6403393] [Error  : Unity Log] NetworkPrefab (1MainEntranceStuff) has a duplicate GlobalObjectIdHash source entry value of: 2810456385!
[17:08:48.6403393] [Error  : Unity Log] NetworkPrefab (BunkerHeavyDoorMapModel) has a duplicate GlobalObjectIdHash source entry value of: 2141666470!
[17:08:48.6403393] [Error  : Unity Log] NetworkPrefab (1MainEntranceStuff) has a duplicate GlobalObjectIdHash source entry value of: 2810456385!
[17:08:48.6403393] [Error  : Unity Log] NetworkPrefab (Loungedoor) has a duplicate GlobalObjectIdHash source entry value of: 188745222!
[17:08:48.6403393] [Error  : Unity Log] NetworkPrefab (GlassDoorMapSpawn) has a duplicate GlobalObjectIdHash source entry value of: 0!
[17:08:48.6413402] [Error  : Unity Log] NetworkPrefab (KeySpawner) has a duplicate GlobalObjectIdHash source entry value of: 0!
[17:08:48.6413402] [Error  : Unity Log] NetworkPrefab (MannequinSpawnerB) has a duplicate GlobalObjectIdHash source entry value of: 0!
[17:08:48.6413402] [Error  : Unity Log] NetworkPrefab (MannequinSpawnerA) has a duplicate GlobalObjectIdHash source entry value of: 0!
[17:08:48.6413402] [Error  : Unity Log] NetworkPrefab (MannequinSpawnerC) has a duplicate GlobalObjectIdHash source entry value of: 0!
[17:08:48.6423397] [Error  : Unity Log] NetworkPrefab (GridCabinetInternals) has a duplicate GlobalObjectIdHash source entry value of: 4184295196!
[17:08:48.6423397] [Error  : Unity Log] NetworkPrefab (DrawerLootSpawns) has a duplicate GlobalObjectIdHash source entry value of: 607143571!
[17:08:48.6423397] [Error  : Unity Log] NetworkPrefab (Landmine) has a duplicate GlobalObjectIdHash source entry value of: 0!
[17:08:48.6423397] [Error  : Unity Log] NetworkPrefab (TurretContainer) has a duplicate GlobalObjectIdHash source entry value of: 0!
[17:08:48.6423397] [Error  : Unity Log] NetworkPrefab (officedoor) has a duplicate GlobalObjectIdHash source entry value of: 2302528180!
[17:08:48.6423397] [Error  : Unity Log] NetworkPrefab (DrawerLootSpawns) has a duplicate GlobalObjectIdHash source entry value of: 607143571!
[17:08:48.6553989] [Info   :LethalLevelLoader] Skipped Registering 42 NetworkObjects As They Were Already Registered.
[17:08:48.7224866] [Debug  :ButteRyBalance] Successfully registered network handler. This is good news!
[17:08:48.7239929] [Info   :GeneralImprovements] Adding ToggleableFancyLamp behavior to FancyLamp prefab.
[17:08:48.7269979] [Info   :GeneralImprovements] Item Soccer ball being set to NON conductive.
[17:08:48.7269979] [Info   :GeneralImprovements] Item Toilet paper being set to NON conductive.
[17:08:48.7269979] [Info   :GeneralImprovements] Item Control pad being set to NON conductive.
[17:08:48.7269979] [Info   :GeneralImprovements] Item Zed Dog being set to NON conductive.
[17:08:48.7305069] [Info   :   OpenLib] com.malco.lethalcompany.moreshipupgrades detected! Plugin: darmuhsTerminalStuff has set compatibility bool - True
[17:08:48.7435365] [Debug  :ainavt.lc.lethalconfig] Registered config "LethalConfig.ConfigItems.GenericButtonConfigItem"
[17:08:48.7615600] [Info   :com.github.zehsteam.SellMyScrap] Registered "NetworkHandler" network prefab.
[17:08:48.7615600] [Info   :com.github.zehsteam.SellMyScrap] Registered "OctolarScrapEater" network prefab.
[17:08:48.7615600] [Info   :com.github.zehsteam.SellMyScrap] Registered "TakeyScrapEater" network prefab.
[17:08:48.7615600] [Info   :com.github.zehsteam.SellMyScrap] Registered "MaxwellScrapEater" network prefab.
[17:08:48.7615600] [Info   :com.github.zehsteam.SellMyScrap] Registered "YippeeScrapEater" network prefab.
[17:08:48.7615600] [Info   :com.github.zehsteam.SellMyScrap] Registered "CookieFumoScrapEater" network prefab.
[17:08:48.7615600] [Info   :com.github.zehsteam.SellMyScrap] Registered "PsychoScrapEater" network prefab.
[17:08:48.7615600] [Info   :com.github.zehsteam.SellMyScrap] Registered "ZombiesScrapEater" network prefab.
[17:08:48.7615600] [Info   :com.github.zehsteam.SellMyScrap] Registered "WolfyScrapEater" network prefab.
[17:08:48.7615600] [Info   :com.github.zehsteam.SellMyScrap] Registered "GlitchScrapEater" network prefab.
[17:08:48.7615600] [Info   :mrgrm7.LethalCasino] Adding slot machine to network prefab
[17:08:48.7876014] [Debug  :PathfindingLib] Changed prefabbed NavMeshAgent AntiCoilHeadEnemy's area mask from 0x0000001F to 0x0200001F to allow traversal of non-smart off-mesh links.
[17:08:48.7941053] [Debug  :PathfindingLib] Changed prefabbed NavMeshAgent NutSlayerEnemy's area mask from 0x000000DF to 0x020000DF to allow traversal of non-smart off-mesh links.
[17:08:48.8481416] [Debug  :PathfindingLib] Changed prefabbed NavMeshAgent KamikazieBugEnemy's area mask from 0xFFFFFFFF to 0xFFFFFFFF to allow traversal of non-smart off-mesh links.
[17:08:48.9835365] [Debug  :PathfindingLib] Changed prefabbed NavMeshAgent Cat's area mask from 0xFFFFFFFF to 0xFFFFFFFF to allow traversal of non-smart off-mesh links.
[17:08:48.9835365] [Info   :Jordo.NeedyCats] Added NeedyCats prefabs to Network Manager.
[17:08:49.0190778] [Info   :MrHat.BasedDecorPlacement] Unlockables prefab scan finished
[17:08:49.0190778] [Info   :MrHat.BasedDecorPlacement] Checked: 0
[17:08:49.0190778] [Info   :MrHat.BasedDecorPlacement] Colliders changed to trigger: 0
[17:08:49.0190778] [Info   :MrHat.BasedDecorPlacement] Box colliders added: 0
[17:08:49.0351099] [Debug  : LethalMin] No LethalMin bundles found in the plugins folder
[17:08:49.0576731] [Warning: Unity Log] The referenced script on this Behaviour (Game Object 'DBR') is missing!
[17:08:49.0696883] [Debug  :PathfindingLib] Changed prefabbed NavMeshAgent PikminFormationTarget's area mask from 0xFFFFFFFF to 0xFFFFFFFF to allow traversal of non-smart off-mesh links.
[17:08:49.0696883] [Info   : LethalMin] Registered Prefab to Network: CompanyPikminEnemyScript
[17:08:49.0696883] [Info   : LethalMin] Registered Prefab to Network: EnemyGrabbableItem
[17:08:49.0696883] [Info   : LethalMin] Registered Prefab to Network: Onion
[17:08:49.0696883] [Info   : LethalMin] Registered Prefab to Network: OnionGrabable
[17:08:49.0696883] [Info   : LethalMin] Registered Prefab to Network: ShipOnion
[17:08:49.0696883] [Info   : LethalMin] Registered Prefab to Network: Pikmin
[17:08:49.0696883] [Info   : LethalMin] Registered Prefab to Network: PikminItemNode
[17:08:49.0696883] [Info   : LethalMin] Registered Prefab to Network: PikminManager
[17:08:49.0696883] [Info   : LethalMin] Registered Prefab to Network: PikminNoticeZone
[17:08:49.0696883] [Info   : LethalMin] Registered Prefab to Network: Puffmin
[17:08:49.0696883] [Info   : LethalMin] Registered Prefab to Network: ShipPhaseOnion
[17:08:49.0696883] [Info   : LethalMin] Registered Prefab to Network: Sprout
[17:08:49.0696883] [Info   : LethalMin] Registered Prefab to Network: GlowMob
[17:08:49.0696883] [Info   : LethalMin] Registered Prefab to Network: GlowSeed
[17:08:49.0696883] [Info   : LethalMin] Registered Prefab to Network: Lumiknull
[17:08:49.0696883] [Info   : LethalMin] Registered Prefab to Network: Triknull
[17:08:49.0696883] [Info   : LethalMin] Registered Prefab to Network: CallBackControler
[17:08:49.0696883] [Info   : LethalMin] Registered Prefab to Network: PluckAphone
[17:08:49.0696883] [Info   : LethalMin] Registered Prefab to Network: Whisle
[17:08:49.1684403] [Debug  :ScienceBirdTweaks] Found cruiser target particle!
[17:08:49.1979751] [Debug  :ScienceBirdTweaks] Found jetpack target particle!
[17:08:49.1979751] [Debug  :ScienceBirdTweaks] Found jetpack target particle!
[17:08:49.2280086] [Debug  :ScienceBirdTweaks] Found old bird target particle on SmokeTrail!
[17:08:49.2280086] [Debug  :ScienceBirdTweaks] Found old bird target particle on SmokeTrailRightLeg!
[17:08:49.2280086] [Debug  :ScienceBirdTweaks] Found old bird target particle on Smoke (1)!
[17:08:49.2280086] [Debug  :ScienceBirdTweaks] Found old bird target particle on SmokeTrail!
[17:08:49.2280086] [Debug  :ScienceBirdTweaks] Found old bird target particle on SmokeTrailRightLeg!
[17:08:49.2280086] [Debug  :ScienceBirdTweaks] Found old bird target particle on Smoke (1)!
[17:08:49.2280086] [Debug  :ScienceBirdTweaks] Found old bird target particle on SmokeTrail!
[17:08:49.2280086] [Debug  :ScienceBirdTweaks] Found old bird target particle on SmokeTrailRightLeg!
[17:08:49.2280086] [Debug  :ScienceBirdTweaks] Found old bird target particle on Smoke (1)!
[17:08:49.2280086] [Debug  :ScienceBirdTweaks] Found old bird target particle on SmokeTrail!
[17:08:49.2280086] [Debug  :ScienceBirdTweaks] Found old bird target particle on SmokeTrailRightLeg!
[17:08:49.2280086] [Debug  :ScienceBirdTweaks] Found old bird target particle on Smoke (1)!
[17:08:49.8212097] [Debug  :ScienceBirdTweaks] Found explosion target particle!
[17:08:49.8222102] [Debug  :ScienceBirdTweaks] Found explosion target particle!
[17:08:49.8222102] [Debug  :ScienceBirdTweaks] Found explosion target particle!
[17:08:49.8222102] [Debug  :ScienceBirdTweaks] Found explosion target particle!
[17:08:49.8222102] [Debug  :ScienceBirdTweaks] Found explosion target particle!
[17:08:49.8222102] [Debug  :ScienceBirdTweaks] Found explosion target particle!
[17:08:49.8222102] [Debug  :ScienceBirdTweaks] Initializing furniture holder!
[17:08:49.9488942] [Debug  :ScienceBirdTweaks] Found shell!
[17:08:49.9978761] [Info   :MaxWasUnavailable.LethalModDataLib] Registering ModDataAttribute fields...
[17:08:50.1088344] [Warning:S1.39 Compatibility Fixes] [LMDLGuard] Skipping Chainloader PluginInfo with null Instance: MW.MagicWesleyInteriors
[17:08:50.1491997] [Info   :S1.39 Compatibility Fixes] [LMDLGuard] Safe ModDataAttribute scan completed: plugins=162, types=10576, nullInstancesSkipped=1.
[17:08:50.1491997] [Info   :MaxWasUnavailable.LethalModDataLib] Hooking up save, load and delete events...
[17:08:50.1491997] [Info   :MaxWasUnavailable.LethalModDataLib] ModDataHandler initialised!
[17:08:50.1511982] [Debug  :MaxWasUnavailable.LethalModDataLib] Loading data from file LCGeneralSaveData.moddata with key MaxWasUnavailable.LethalModDataLib.LMDLVersion...
[17:08:50.1567089] [Debug  :MaxWasUnavailable.LethalModDataLib] LethalModDataLib version (1.2.2) matches last saved version (1.2.2).
[17:08:50.1567089] [Debug  :MaxWasUnavailable.LethalModDataLib] Saving data to file LCGeneralSaveData.moddata with key MaxWasUnavailable.LethalModDataLib.LMDLVersion...
[17:08:50.1802751] [Info   : LethalMin] Initalizing Pikmin Items...
[17:08:50.2103131] [Info   : LethalMin] Adding PikminItem Compoent to PatcherGunItem
[17:08:50.2113125] [Debug  : LethalMin] Calculated weight for Zap gun: 11 lb, Devided weight: 4.4 lb
[17:08:50.2123131] [Debug  : LethalMin] (PatcherGunItem) Colider: PatcherGunItem (UnityEngine.BoxCollider)
[17:08:50.2123131] [Debug  : LethalMin] (PatcherGunItem) Center: (28.44, 2.10, -13.86)
[17:08:50.2123131] [Debug  : LethalMin] Creating counter for PatcherGunItem
[17:08:50.2153303] [Info   : LethalMin] Adding PikminItem Compoent to WeedKillerItem
[17:08:50.2153303] [Debug  : LethalMin] Calculated weight for Weed killer: 0 lb, Devided weight: 0 lb
[17:08:50.2153303] [Debug  : LethalMin] (WeedKillerItem) Colider: WeedKillerItem (UnityEngine.BoxCollider)
[17:08:50.2153303] [Debug  : LethalMin] (WeedKillerItem) Center: (-186.62, -97.90, 75.21)
[17:08:50.2153303] [Debug  : LethalMin] Creating counter for WeedKillerItem
[17:08:50.2153303] [Info   : LethalMin] Adding PikminItem Compoent to WalkieTalkie
[17:08:50.2153303] [Debug  : LethalMin] Calculated weight for Walkie-talkie: 0 lb, Devided weight: 0 lb
[17:08:50.2153303] [Debug  : LethalMin] (WalkieTalkie) Colider: WalkieTalkie (UnityEngine.BoxCollider)
[17:08:50.2153303] [Debug  : LethalMin] (WalkieTalkie) Center: (3.74, 1.82, -13.70)
[17:08:50.2153303] [Debug  : LethalMin] Creating counter for WalkieTalkie
[17:08:50.2153303] [Info   : LethalMin] Adding PikminItem Compoent to TZPChemical
[17:08:50.2153303] [Debug  : LethalMin] Calculated weight for TZP-Inhalant: 0 lb, Devided weight: 0 lb
[17:08:50.2153303] [Debug  : LethalMin] (TZPChemical) Colider: TZPChemical (UnityEngine.BoxCollider)
[17:08:50.2153303] [Debug  : LethalMin] (TZPChemical) Center: (-135.80, -142.79, 102.07)
[17:08:50.2153303] [Debug  : LethalMin] Creating counter for TZPChemical
[17:08:50.2153303] [Info   : LethalMin] Adding PikminItem Compoent to StunGrenade
[17:08:50.2153303] [Debug  : LethalMin] Calculated weight for Stun grenade: 5 lb, Devided weight: 2 lb
[17:08:50.2153303] [Debug  : LethalMin] (StunGrenade) Colider: StunGrenade (UnityEngine.BoxCollider)
[17:08:50.2153303] [Debug  : LethalMin] (StunGrenade) Center: (1.20, 1.99, -14.55)
[17:08:50.2153303] [Debug  : LethalMin] Creating counter for StunGrenade
[17:08:50.2163348] [Info   : LethalMin] Adding PikminItem Compoent to SprayPaintItem
[17:08:50.2163348] [Debug  : LethalMin] Calculated weight for Spray paint: 0 lb, Devided weight: 0 lb
[17:08:50.2163348] [Debug  : LethalMin] (SprayPaintItem) Colider: SprayPaintItem (UnityEngine.BoxCollider)
[17:08:50.2163348] [Debug  : LethalMin] (SprayPaintItem) Center: (-183.05, -98.27, 69.71)
[17:08:50.2163348] [Debug  : LethalMin] Creating counter for SprayPaintItem
[17:08:50.2163348] [Info   : LethalMin] Adding PikminItem Compoent to ShovelItem
[17:08:50.2163348] [Debug  : LethalMin] Calculated weight for Shovel: 14 lb, Devided weight: 5.6 lb
[17:08:50.2163348] [Debug  : LethalMin] (ShovelItem) Colider: ShovelItem (UnityEngine.BoxCollider)
[17:08:50.2163348] [Debug  : LethalMin] (ShovelItem) Center: (5.50, 1.85, -14.42)
[17:08:50.2163348] [Debug  : LethalMin] Creating counter for ShovelItem
[17:08:50.2163348] [Info   : LethalMin] Adding PikminItem Compoent to RadarBoosterDevice
[17:08:50.2163348] [Debug  : LethalMin] Calculated weight for Radar-booster: 19 lb, Devided weight: 7.6 lb
[17:08:50.2163348] [Debug  : LethalMin] (RadarBoosterDevice) Colider: RadarBoosterDevice (UnityEngine.BoxCollider)
[17:08:50.2163348] [Debug  : LethalMin] (RadarBoosterDevice) Center: (-203.45, 10.00, 38.85)
[17:08:50.2163348] [Debug  : LethalMin] Creating counter for RadarBoosterDevice
[17:08:50.2163348] [Info   : LethalMin] Adding PikminItem Compoent to FlashlightItem
[17:08:50.2163348] [Debug  : LethalMin] Calculated weight for Pro-flashlight: 5 lb, Devided weight: 2 lb
[17:08:50.2163348] [Debug  : LethalMin] (FlashlightItem) Colider: FlashlightItem (UnityEngine.BoxCollider)
[17:08:50.2163348] [Debug  : LethalMin] (FlashlightItem) Center: (40.00, -3.65, -2.61)
[17:08:50.2163348] [Debug  : LethalMin] Creating counter for FlashlightItem
[17:08:50.2163348] [Info   : LethalMin] Adding PikminItem Compoent to LockPickerItem
[17:08:50.2163348] [Debug  : LethalMin] Calculated weight for Lockpicker: 11 lb, Devided weight: 4.4 lb
[17:08:50.2163348] [Debug  : LethalMin] (LockPickerItem) Colider: LockPickerItem (UnityEngine.BoxCollider)
[17:08:50.2163348] [Debug  : LethalMin] (LockPickerItem) Center: (-178.02, -147.05, 66.30)
[17:08:50.2163348] [Debug  : LethalMin] Creating counter for LockPickerItem
[17:08:50.2173346] [Info   : LethalMin] Adding PikminItem Compoent to JetpackItem
[17:08:50.2173346] [Debug  : LethalMin] Calculated weight for Jetpack: 52 lb, Devided weight: 20.8 lb
[17:08:50.2173346] [Debug  : LethalMin] (JetpackItem) Colider: JetpackItem (UnityEngine.BoxCollider)
[17:08:50.2173346] [Debug  : LethalMin] (JetpackItem) Center: (2.64, 2.18, -13.87)
[17:08:50.2173346] [Debug  : LethalMin] Creating counter for JetpackItem
[17:08:50.2173346] [Info   : LethalMin] Adding PikminItem Compoent to BBFlashlight
[17:08:50.2173346] [Debug  : LethalMin] Calculated weight for Flashlight: 0 lb, Devided weight: 0 lb
[17:08:50.2173346] [Debug  : LethalMin] (BBFlashlight) Colider: BBFlashlight (UnityEngine.BoxCollider)
[17:08:50.2173346] [Debug  : LethalMin] (BBFlashlight) Center: (-3.55, 1.93, -15.05)
[17:08:50.2173346] [Debug  : LethalMin] Creating counter for BBFlashlight
[17:08:50.2173346] [Info   : LethalMin] Adding PikminItem Compoent to ExtensionLadderItem
[17:08:50.2173346] [Debug  : LethalMin] Calculated weight for Extension ladder: 0 lb, Devided weight: 0 lb
[17:08:50.2173346] [Debug  : LethalMin] (ExtensionLadderItem) Colider: ExtensionLadderItem (UnityEngine.BoxCollider)
[17:08:50.2173346] [Debug  : LethalMin] (ExtensionLadderItem) Center: (-138.61, -143.21, 100.35)
[17:08:50.2173346] [Debug  : LethalMin] Creating counter for ExtensionLadderItem
[17:08:50.2173346] [Info   : LethalMin] Adding PikminItem Compoent to BeltBagItem
[17:08:50.2173346] [Debug  : LethalMin] Calculated weight for Belt bag: 16 lb, Devided weight: 6.4 lb
[17:08:50.2173346] [Debug  : LethalMin] (BeltBagItem) Colider: BeltBagItem (UnityEngine.BoxCollider)
[17:08:50.2183352] [Debug  : LethalMin] (BeltBagItem) Center: (-175.92, -97.16, 73.91)
[17:08:50.2183352] [Debug  : LethalMin] Creating counter for BeltBagItem
[17:08:50.2183352] [Info   : LethalMin] Adding PikminItem Compoent to Boombox
[17:08:50.2183352] [Debug  : LethalMin] Calculated weight for Boombox: 16 lb, Devided weight: 6.4 lb
[17:08:50.2183352] [Debug  : LethalMin] (Boombox) Colider: Boombox (UnityEngine.BoxCollider)
[17:08:50.2183352] [Debug  : LethalMin] (Boombox) Center: (45.05, -3.21, -1.95)
[17:08:50.2183352] [Debug  : LethalMin] Creating counter for Boombox
[17:08:50.2183352] [Warning: LethalMin] Item GlowSeed is not valid for Pikmin! Skipping...
[17:08:50.2183352] [Info   : LethalMin] Adding PikminItem Compoent to PluckAphone
[17:08:50.2183352] [Debug  : LethalMin] Calculated weight for PluckAPhone: 0 lb, Devided weight: 0 lb
[17:08:50.2183352] [Debug  : LethalMin] (PluckAphone) Colider: PluckAphone (UnityEngine.BoxCollider)
[17:08:50.2183352] [Debug  : LethalMin] (PluckAphone) Center: (0.00, 0.00, 0.00)
[17:08:50.2183352] [Debug  : LethalMin] Creating counter for PluckAphone
[17:08:50.2183352] [Info   : LethalMin] Adding PikminItem Compoent to Whisle
[17:08:50.2183352] [Debug  : LethalMin] Calculated weight for Whistle: 0 lb, Devided weight: 0 lb
[17:08:50.2183352] [Debug  : LethalMin] (Whisle) Colider: Whisle (UnityEngine.BoxCollider)
[17:08:50.2183352] [Debug  : LethalMin] (Whisle) Center: (0.00, 0.00, 0.00)
[17:08:50.2183352] [Debug  : LethalMin] Creating counter for Whisle
[17:08:50.2183352] [Info   : LethalMin] Adding PikminItem Compoent to CatFood
[17:08:50.2183352] [Debug  : LethalMin] Calculated weight for Cat Food: 0 lb, Devided weight: 0 lb
[17:08:50.2183352] [Debug  : LethalMin] (CatFood) Colider: CatFood (UnityEngine.BoxCollider)
[17:08:50.2183352] [Debug  : LethalMin] (CatFood) Center: (0.00, 0.00, 0.00)
[17:08:50.2183352] [Debug  : LethalMin] Creating counter for CatFood
[17:08:50.2193349] [Info   : LethalMin] Adding PikminItem Compoent to MedKitMap
[17:08:50.2193349] [Debug  : LethalMin] Calculated weight for Medic Bag: 16 lb, Devided weight: 6.4 lb
[17:08:50.2193349] [Debug  : LethalMin] (MedKitMap) Colider: MedKitMap (UnityEngine.BoxCollider)
[17:08:50.2193349] [Debug  : LethalMin] (MedKitMap) Center: (0.00, 0.00, 0.00)
[17:08:50.2193349] [Debug  : LethalMin] Creating counter for MedKitMap
[17:08:50.2193349] [Info   : LethalMin] Adding PikminItem Compoent to gogglesPrefab
[17:08:50.2193349] [Debug  : LethalMin] Calculated weight for Night Vision Goggles: 4 lb, Devided weight: 1.6 lb
[17:08:50.2193349] [Debug  : LethalMin] (gogglesPrefab) Colider: gogglesPrefab (UnityEngine.BoxCollider)
[17:08:50.2193349] [Debug  : LethalMin] (gogglesPrefab) Center: (0.00, 0.00, 0.00)
[17:08:50.2193349] [Debug  : LethalMin] Creating counter for gogglesPrefab
[17:08:50.2193349] [Info   : LethalMin] Adding PikminItem Compoent to PingTool
[17:08:50.2193349] [Debug  : LethalMin] Calculated weight for Pinger: 3 lb, Devided weight: 1.2 lb
[17:08:50.2193349] [Debug  : LethalMin] (PingTool) Colider: PingTool (UnityEngine.BoxCollider)
[17:08:50.2193349] [Debug  : LethalMin] (PingTool) Center: (0.00, 0.00, 0.00)
[17:08:50.2193349] [Debug  : LethalMin] Creating counter for PingTool
[17:08:50.2193349] [Info   : LethalMin] Adding PikminItem Compoent to HackingTool
[17:08:50.2193349] [Debug  : LethalMin] Calculated weight for Hacking Tool: 5 lb, Devided weight: 2 lb
[17:08:50.2193349] [Debug  : LethalMin] (HackingTool) Colider: HackingTool (UnityEngine.BoxCollider)
[17:08:50.2193349] [Debug  : LethalMin] (HackingTool) Center: (0.00, 0.00, 0.00)
[17:08:50.2193349] [Debug  : LethalMin] Creating counter for HackingTool
[17:08:50.2193349] [Info   : LethalMin] Adding PikminItem Compoent to Flaregun
[17:08:50.2193349] [Debug  : LethalMin] Calculated weight for Flaregun: 3 lb, Devided weight: 1.2 lb
[17:08:50.2193349] [Debug  : LethalMin] (Flaregun) Colider: Flaregun (UnityEngine.BoxCollider)
[17:08:50.2193349] [Debug  : LethalMin] (Flaregun) Center: (0.00, 0.00, 0.00)
[17:08:50.2193349] [Debug  : LethalMin] Creating counter for Flaregun
[17:08:50.2203349] [Info   : LethalMin] Adding PikminItem Compoent to ToyHammer
[17:08:50.2203349] [Debug  : LethalMin] Calculated weight for Toy Hammer: 10 lb, Devided weight: 4 lb
[17:08:50.2203349] [Debug  : LethalMin] (ToyHammer) Colider: ToyHammer (UnityEngine.BoxCollider)
[17:08:50.2203349] [Debug  : LethalMin] (ToyHammer) Center: (5.50, 1.85, -14.42)
[17:08:50.2203349] [Debug  : LethalMin] Creating counter for ToyHammer
[17:08:50.2203349] [Info   : LethalMin] Adding PikminItem Compoent to HandheldRadar
[17:08:50.2203349] [Debug  : LethalMin] Calculated weight for Remote Radar: 5 lb, Devided weight: 2 lb
[17:08:50.2203349] [Debug  : LethalMin] (HandheldRadar) Colider: HandheldRadar (UnityEngine.BoxCollider)
[17:08:50.2203349] [Debug  : LethalMin] (HandheldRadar) Center: (0.00, 0.00, 0.00)
[17:08:50.2203349] [Debug  : LethalMin] Creating counter for HandheldRadar
[17:08:50.2203349] [Info   : LethalMin] Adding PikminItem Compoent to FlaregunAmmo
[17:08:50.2203349] [Debug  : LethalMin] Calculated weight for Emergency Flare (ammo): 1 lb, Devided weight: 0.4 lb
[17:08:50.2203349] [Debug  : LethalMin] (FlaregunAmmo) Colider: FlaregunAmmo (UnityEngine.BoxCollider)
[17:08:50.2203349] [Debug  : LethalMin] (FlaregunAmmo) Center: (0.00, 0.00, 0.00)
[17:08:50.2203349] [Debug  : LethalMin] Creating counter for FlaregunAmmo
[17:08:50.2203349] [Info   : LethalMin] Adding PikminItem Compoent to RocketLauncherAmmo
[17:08:50.2203349] [Debug  : LethalMin] Calculated weight for Missile: 9 lb, Devided weight: 3.6 lb
[17:08:50.2203349] [Debug  : LethalMin] (RocketLauncherAmmo) Colider: RocketLauncherAmmo (UnityEngine.BoxCollider)
[17:08:50.2203349] [Debug  : LethalMin] (RocketLauncherAmmo) Center: (0.00, 0.00, 0.00)
[17:08:50.2203349] [Debug  : LethalMin] Creating counter for RocketLauncherAmmo
