[10:24:28.2008537] [Debug  :ReXuvination] Optimised Collider layers in DoorLock for Object: Cube (UnityEngine.GameObject)
[10:24:28.2018578] [Debug  :ReXuvination] Optimised Collider layers in DoorLock for Object: Cube (UnityEngine.GameObject)
[10:24:28.2018578] [Debug  :ReXuvination] Optimised Collider layers in DoorLock for Object: Cube (UnityEngine.GameObject)
[10:24:28.2018578] [Debug  :ReXuvination] Optimised Collider layers in DoorLock for Object: Cube (UnityEngine.GameObject)
[10:24:28.2018578] [Debug  :ReXuvination] Optimised Collider layers in DoorLock for Object: Cube (UnityEngine.GameObject)
[10:24:28.2018578] [Debug  :ReXuvination] Optimised Collider layers in DoorLock for Object: Cube (UnityEngine.GameObject)
[10:24:28.2033607] [Debug  :ReXuvination] Optimised Collider layers in DoorLock for Object: Cube (UnityEngine.GameObject)
[10:24:28.2043645] [Debug  :ReXuvination] Optimised Collider layers in DoorLock for Object: Cube (UnityEngine.GameObject)
[10:24:28.2043645] [Debug  :ReXuvination] Optimised Collider layers in DoorLock for Object: Cube (UnityEngine.GameObject)
[10:24:28.2043645] [Debug  :ReXuvination] Optimised Collider layers in DoorLock for Object: Cube (UnityEngine.GameObject)
[10:24:28.2043645] [Debug  :ReXuvination] Optimised Collider layers in DoorLock for Object: Cube (UnityEngine.GameObject)
[10:24:28.2043645] [Debug  :ReXuvination] Optimised Collider layers in DoorLock for Object: Cube (UnityEngine.GameObject)
[10:24:28.2053650] [Debug  :ReXuvination] Optimised Collider layers in DoorLock for Object: Cube (UnityEngine.GameObject)
[10:24:28.2053650] [Debug  :ReXuvination] Optimised Collider layers in DoorLock for Object: Cube (UnityEngine.GameObject)
[10:24:28.2053650] [Debug  :ReXuvination] Optimised Collider layers in DoorLock for Object: Cube (UnityEngine.GameObject)
[10:24:28.2073664] [Debug  :ReXuvination] Optimised Collider layers in DoorLock for Object: Cube (UnityEngine.GameObject)
[10:24:28.2073664] [Debug  :ReXuvination] Optimised Collider layers in DoorLock for Object: Cube (UnityEngine.GameObject)
[10:24:28.2073664] [Debug  :ReXuvination] Optimised Collider layers in DoorLock for Object: Cube (UnityEngine.GameObject)
[10:24:28.2083654] [Debug  :ReXuvination] Optimised Collider layers in DoorLock for Object: Cube (UnityEngine.GameObject)
[10:24:28.2083654] [Debug  :ReXuvination] Optimised Collider layers in DoorLock for Object: Cube (UnityEngine.GameObject)
[10:24:28.2083654] [Debug  :ReXuvination] Optimised Collider layers in DoorLock for Object: Cube (UnityEngine.GameObject)
[10:24:28.2083654] [Debug  :ReXuvination] Optimised Collider layers in DoorLock for Object: Cube (UnityEngine.GameObject)
[10:24:28.2083654] [Debug  :ReXuvination] Optimised Collider layers in DoorLock for Object: Cube (UnityEngine.GameObject)
[10:24:28.2093645] [Debug  :ReXuvination] Optimised Collider layers in DoorLock for Object: Cube (UnityEngine.GameObject)
[10:24:28.2103643] [Info   : LethalMin] Created Item Arrival Zone of type Exit on object EntranceTeleportA(Clone)
[10:24:28.2103643] [Info   : LethalMin] Created Item Arrival Zone of type Exit on object EntranceTeleportA(Clone)
[10:24:28.2103643] [Info   : Unity Log] clientRPC scrap values length: 0
[10:24:28.2869839] [Debug  :ScienceBirdTweaks] Found bridge 1!
[10:24:28.4103386] [Debug  :ScienceBirdTweaks] Found bridge 1!
[10:24:28.4153496] [Info   :KawaiiBone.Remnants] Patching remnant items spawns.
[10:24:28.4163551] [Info   : Unity Log] Number of scrap to spawn: 60. minTotalScrapValue: 1000. Total value of items: 0.
[10:24:28.4484192] [Debug  :ReXuvination] Optimised Collider layers in GrabbableObjectPhysicsTrigger for Object: Trigger (UnityEngine.GameObject)
[10:24:28.4494208] [Info   : Unity Log] No tiles containing a scrap spawn with item type: Magnifying glass
[10:24:28.4965346] [Info   :BrutalCompanyMinusExtraReborn] Spawning 315 inside
[10:24:28.4980385] [Debug  :ReXuvination] Optimised Collider layers in GrabbableObjectPhysicsTrigger for Object: Trigger (UnityEngine.GameObject)
[10:24:28.4990433] [Error  :BrutalCompanyMinusExtraReborn] No positions to spawn scrap: Golden cup
[10:24:28.5020460] [Info   : Unity Log] Successfully synced mask values
[10:24:28.5020460] [Info   : Unity Log] End of OnNetworkSpawn mask override
[10:24:28.5020460] [Info   : Unity Log] Successfully synced mask values
[10:24:28.5020460] [Info   : Unity Log] End of OnNetworkSpawn mask override
[10:24:28.5065582] [Error  :BrutalCompanyMinusExtraReborn] No positions to spawn scrap: Toothpaste
[10:24:28.5065582] [Error  :BrutalCompanyMinusExtraReborn] No positions to spawn scrap: Toothpaste
[10:24:28.5305833] [Error  :Matty's Fixes] LethalLib/PremiumScraps/Ainz Ooal Gown Failed to mark prefab Mesh Readable! System.ArgumentException: Mesh 'Plane.003' index buffer is null
  at (wrapper managed-to-native) UnityEngine.Mesh.GetIndexBufferImpl(UnityEngine.Mesh)
  at UnityEngine.Mesh.GetIndexBuffer () [0x00012] in <c39a522eee05469b8171a6cfeb646c59>:IL_0012 
  at MattyFixes.Patches.ItemPatches.MakeReadableMeshCopy (UnityEngine.Mesh nonReadableMesh) [0x00088] in ./Plugin/src/Patches/ItemPatches.cs:279 
  at MattyFixes.Patches.ItemPatches.GetReadableMesh (UnityEngine.Mesh original) [0x0001b] in ./Plugin/src/Patches/ItemPatches.cs:236 
  at MattyFixes.Patches.ItemPatches.CacheReadableMeshes (UnityEngine.GameObject go) [0x00031] in ./Plugin/src/Patches/ItemPatches.cs:251 
  at MattyFixes.Patches.ItemPatches+NetworkSpawnPatch.Prefix (Unity.Netcode.NetworkBehaviour __instance) [0x0004b] in ./Plugin/src/Patches/ItemPatches.cs:157 
[10:24:28.5305833] [Warning:Matty's Fixes] LethalLib/PremiumScraps/Ainz Ooal Gown Added to the ignored Meshes!
[10:24:28.5366260] [Debug  :ReXuvination] Optimised Collider layers in GrabbableObjectPhysicsTrigger for Object: Trigger (UnityEngine.GameObject)
[10:24:28.5447926] [Debug  :ReXuvination] Optimised Collider layers in GrabbableObjectPhysicsTrigger for Object: Trigger (UnityEngine.GameObject)
[10:24:28.5467961] [Debug  :ReXuvination] Optimised Collider layers in GrabbableObjectPhysicsTrigger for Object: Trigger (UnityEngine.GameObject)
[10:24:28.5517921] [Error  :BrutalCompanyMinusExtraReborn] No positions to spawn scrap: Fancy lamp
[10:24:28.5517921] [Error  :BrutalCompanyMinusExtraReborn] No positions to spawn scrap: Magnifying glass
[10:24:28.5582997] [Error  :BrutalCompanyMinusExtraReborn] No positions to spawn scrap: Toothpaste
[10:24:28.5955449] [Info   : Unity Log] Successfully synced mask values
[10:24:28.5955449] [Info   : Unity Log] End of OnNetworkSpawn mask override
[10:24:28.5955449] [Info   : Unity Log] Successfully synced mask values
[10:24:28.5955449] [Info   : Unity Log] End of OnNetworkSpawn mask override
[10:24:28.6000513] [Error  :BrutalCompanyMinusExtraReborn] No positions to spawn scrap: Toothpaste
[10:24:28.6085585] [Info   : Unity Log] Successfully synced mask values
[10:24:28.6095590] [Info   : Unity Log] End of OnNetworkSpawn mask override
[10:24:28.6095590] [Info   : Unity Log] Successfully synced mask values
[10:24:28.6095590] [Info   : Unity Log] End of OnNetworkSpawn mask override
[10:24:28.6105590] [Debug  :ReXuvination] Optimised Collider layers in GrabbableObjectPhysicsTrigger for Object: Sphere (UnityEngine.GameObject)
[10:24:28.6145723] [Debug  :ReXuvination] Optimised Collider layers in GrabbableObjectPhysicsTrigger for Object: Trigger (UnityEngine.GameObject)
[10:24:28.6155712] [Info   : Unity Log] Successfully synced mask values
[10:24:28.6155712] [Info   : Unity Log] End of OnNetworkSpawn mask override
[10:24:28.6155712] [Info   : Unity Log] Successfully synced mask values
[10:24:28.6155712] [Info   : Unity Log] End of OnNetworkSpawn mask override
[10:24:28.6195710] [Error  :BrutalCompanyMinusExtraReborn] No positions to spawn scrap: Golden cup
[10:24:28.6245808] [Error  :BrutalCompanyMinusExtraReborn] No positions to spawn scrap: Magnifying glass
[10:24:28.6371018] [Error  :BrutalCompanyMinusExtraReborn] No positions to spawn scrap: Fancy lamp
[10:24:28.6472445] [Info   : Unity Log] Successfully synced mask values
[10:24:28.6472445] [Info   : Unity Log] End of OnNetworkSpawn mask override
[10:24:28.6472445] [Info   : Unity Log] Successfully synced mask values
[10:24:28.6472445] [Info   : Unity Log] End of OnNetworkSpawn mask override
[10:24:28.6492448] [Error  :BrutalCompanyMinusExtraReborn] No positions to spawn scrap: Magnifying glass
[10:24:28.6502465] [Info   : Unity Log] Successfully synced mask values
[10:24:28.6517522] [Info   : Unity Log] End of OnNetworkSpawn mask override
[10:24:28.6517522] [Info   : Unity Log] Successfully synced mask values
[10:24:28.6517522] [Info   : Unity Log] End of OnNetworkSpawn mask override
[10:24:28.6517522] [Error  :BrutalCompanyMinusExtraReborn] No positions to spawn scrap: Magnifying glass
[10:24:28.6562590] [Info   : Unity Log] Successfully synced mask values
[10:24:28.6562590] [Info   : Unity Log] End of OnNetworkSpawn mask override
[10:24:28.6562590] [Info   : Unity Log] Successfully synced mask values
[10:24:28.6562590] [Info   : Unity Log] End of OnNetworkSpawn mask override
[10:24:28.6718389] [Error  :BrutalCompanyMinusExtraReborn] No positions to spawn scrap: Golden cup
[10:24:28.6783454] [Error  :BrutalCompanyMinusExtraReborn] No positions to spawn scrap: Toothpaste
[10:24:28.6874048] [Error  :BrutalCompanyMinusExtraReborn] No positions to spawn scrap: Toothpaste
[10:24:28.6919084] [Info   : Unity Log] Successfully synced mask values
[10:24:28.6934133] [Info   : Unity Log] End of OnNetworkSpawn mask override
[10:24:28.6934133] [Info   : Unity Log] Successfully synced mask values
[10:24:28.6934133] [Info   : Unity Log] End of OnNetworkSpawn mask override
[10:24:28.7345227] [Debug  :BrutalCompanyMinusExtraReborn] LungProp stats: [isScrap: True] [isLungDocked: True] [isLungPowered: True] [hasBeenHeld: False] [isInShipRoom: False] [isInElevator: False] [name: LungApparatus(Clone)] [scrapname: Apparatus] [currentDungeonType: 43]
[10:24:28.7345227] [Info   :BrutalCompanyMinusExtraReborn] Transmuting 310 scrap.
[10:24:28.7345227] [Info   :BrutalCompanyMinusExtraReborn] Got item: Friendship ender
[10:24:28.7355204] [Warning: LethalMin] Pikmin Item CustomFace(Clone) does not exist in the PikminManager.
[10:24:28.7355204] [Info   :BrutalCompanyMinusExtraReborn] Got item: Hamis Plush
[10:24:28.7355204] [Warning: LethalMin] Pikmin Item HamisPlush(Clone) does not exist in the PikminManager.
[10:24:28.7355204] [Info   :BrutalCompanyMinusExtraReborn] Got item: Shockwave Bot Plushie
[10:24:28.7355204] [Warning: LethalMin] Pikmin Item DelilahPlush(Clone) does not exist in the PikminManager.
[10:24:28.7355204] [Info   :BrutalCompanyMinusExtraReborn] Got item: Wheel
[10:24:28.7355204] [Warning: LethalMin] Pikmin Item WheelPrefab(Clone) does not exist in the PikminManager.
[10:24:28.7355204] [Info   :BrutalCompanyMinusExtraReborn] Got item: Forest Keeper Plushie
[10:24:28.7355204] [Warning: LethalMin] Pikmin Item ForestPlushie(Clone) does not exist in the PikminManager.
[10:24:28.7355204] [Info   :BrutalCompanyMinusExtraReborn] Got item: Magnifying glass
[10:24:28.7355204] [Warning: LethalMin] Pikmin Item MagnifyingGlass(Clone) does not exist in the PikminManager.
[10:24:28.7355204] [Info   :BrutalCompanyMinusExtraReborn] Got item: Bucket
[10:24:28.7355204] [Warning: LethalMin] Pikmin Item BucketPrefab(Clone) does not exist in the PikminManager.
[10:24:28.7355204] [Info   :BrutalCompanyMinusExtraReborn] Got item: Oscar
[10:24:28.7355204] [Warning: LethalMin] Pikmin Item PictureOscar(Clone) does not exist in the PikminManager.
[10:24:28.7355204] [Info   :BrutalCompanyMinusExtraReborn] Got item: ImmersiveHammer
[10:24:28.7355204] [Warning: LethalMin] Pikmin Item HammerPrefab(Clone) does not exist in the PikminManager.
[10:24:28.7355204] [Info   :BrutalCompanyMinusExtraReborn] Got item: ImmersiveHammer
[10:24:28.7355204] [Warning: LethalMin] Pikmin Item HammerPrefab(Clone) does not exist in the PikminManager.
[10:24:28.7355204] [Info   :BrutalCompanyMinusExtraReborn] Got item: Alcohol Flask
[10:24:28.7355204] [Warning: LethalMin] Pikmin Item AlcoholFlaskPrefab(Clone) does not exist in the PikminManager.
[10:24:28.7355204] [Info   :BrutalCompanyMinusExtraReborn] Got item: Toy robot
[10:24:28.7355204] [Warning: LethalMin] Pikmin Item RobotToy(Clone) does not exist in the PikminManager.
[10:24:28.7355204] [Info   :BrutalCompanyMinusExtraReborn] Got item: IFan
[10:24:28.7355204] [Warning: LethalMin] Pikmin Item FanPrefab(Clone) does not exist in the PikminManager.
[10:24:28.7355204] [Info   :BrutalCompanyMinusExtraReborn] Got item: Suitcase
[10:24:28.7355204] [Warning: LethalMin] Pikmin Item SuitcasePrefab(Clone) does not exist in the PikminManager.
[10:24:28.7355204] [Info   :BrutalCompanyMinusExtraReborn] Got item: Traffic cone
[10:24:28.7355204] [Warning: LethalMin] Pikmin Item TrafficconePrefab(Clone) does not exist in the PikminManager.
[10:24:28.7355204] [Info   :BrutalCompanyMinusExtraReborn] Got item: Mystic Cristal
[10:24:28.7355204] [Warning: LethalMin] Pikmin Item Cristal(Clone) does not exist in the PikminManager.
[10:24:28.7355204] [Info   :BrutalCompanyMinusExtraReborn] Got item: Toy robot
[10:24:28.7355204] [Warning: LethalMin] Pikmin Item RobotToy(Clone) does not exist in the PikminManager.
[10:24:28.7355204] [Info   :BrutalCompanyMinusExtraReborn] Got item: Plastic fish
[10:24:28.7355204] [Warning: LethalMin] Pikmin Item FishTestProp(Clone) does not exist in the PikminManager.
[10:24:28.7355204] [Info   :BrutalCompanyMinusExtraReborn] Got item: Whoopie cushion
[10:24:28.7355204] [Warning: LethalMin] Pikmin Item WhoopieCushion(Clone) does not exist in the PikminManager.
[10:24:28.7355204] [Info   :BrutalCompanyMinusExtraReborn] Got item: Wheel
[10:24:28.7355204] [Warning: LethalMin] Pikmin Item WheelPrefab(Clone) does not exist in the PikminManager.
[10:24:28.7355204] [Info   :BrutalCompanyMinusExtraReborn] Got item: Gold bar
[10:24:28.7355204] [Warning: LethalMin] Pikmin Item GoldBar(Clone) does not exist in the PikminManager.
[10:24:28.7355204] [Info   :BrutalCompanyMinusExtraReborn] Got item: Bucket
[10:24:28.7355204] [Warning: LethalMin] Pikmin Item BucketPrefab(Clone) does not exist in the PikminManager.
[10:24:28.7355204] [Info   :BrutalCompanyMinusExtraReborn] Got item: IClock
[10:24:28.7355204] [Warning: LethalMin] Pikmin Item ClockPrefab(Clone) does not exist in the PikminManager.
[10:24:28.7355204] [Info   :BrutalCompanyMinusExtraReborn] Got item: V-type engine
[10:24:28.7355204] [Warning: LethalMin] Pikmin Item EnginePart(Clone) does not exist in the PikminManager.
[10:24:28.7355204] [Info   :BrutalCompanyMinusExtraReborn] Got item: Balan Statue
[10:24:28.7355204] [Warning: LethalMin] Pikmin Item Balan(Clone) does not exist in the PikminManager.
[10:24:28.7355204] [Info   :BrutalCompanyMinusExtraReborn] Got item: Rubber Ducky
[10:24:28.7355204] [Warning: LethalMin] Pikmin Item RubberDucky(Clone) does not exist in the PikminManager.
[10:24:28.7365207] [Info   :BrutalCompanyMinusExtraReborn] Got item: IBrick
[10:24:28.7365207] [Warning: LethalMin] Pikmin Item BrickPrefab(Clone) does not exist in the PikminManager.
[10:24:28.7365207] [Info   :BrutalCompanyMinusExtraReborn] Got item: Harry Mason
[10:24:28.7365207] [Warning: LethalMin] Pikmin Item HarryMason(Clone) does not exist in the PikminManager.
[10:24:28.7365207] [Info   :BrutalCompanyMinusExtraReborn] Got item: Uno Reverse Card DX
[10:24:28.7365207] [Warning: LethalMin] Pikmin Item UnoReverseCardDX(Clone) does not exist in the PikminManager.
[10:24:28.7365207] [Info   :BrutalCompanyMinusExtraReborn] Got item: Balan Statue
[10:24:28.7365207] [Warning: LethalMin] Pikmin Item Balan(Clone) does not exist in the PikminManager.
[10:24:28.7365207] [Info   :BrutalCompanyMinusExtraReborn] Got item: Totem of Undying
[10:24:28.7365207] [Warning: LethalMin] Pikmin Item TotemOfUndying(Clone) does not exist in the PikminManager.
[10:24:28.7365207] [Info   :BrutalCompanyMinusExtraReborn] Got item: Ring
[10:24:28.7365207] [Warning: LethalMin] Pikmin Item FancyRing(Clone) does not exist in the PikminManager.
[10:24:28.7365207] [Info   :BrutalCompanyMinusExtraReborn] Got item: Can paint
[10:24:28.7365207] [Warning: LethalMin] Pikmin Item CanpaintPrefab(Clone) does not exist in the PikminManager.
[10:24:28.7365207] [Info   :BrutalCompanyMinusExtraReborn] Got item: Hoarding Bug Plushie
[10:24:28.7365207] [Warning: LethalMin] Pikmin Item Lootbugplush(Clone) does not exist in the PikminManager.
[10:24:28.7365207] [Info   :BrutalCompanyMinusExtraReborn] Got item: ILantern
[10:24:28.7365207] [Warning: LethalMin] Pikmin Item LanternPrefab(Clone) does not exist in the PikminManager.
[10:24:28.7365207] [Info   :BrutalCompanyMinusExtraReborn] Got item: Mug
[10:24:28.7365207] [Warning: LethalMin] Pikmin Item Mug(Clone) does not exist in the PikminManager.
[10:24:28.7365207] [Info   :BrutalCompanyMinusExtraReborn] Got item: Harry Mason
[10:24:28.7365207] [Warning: LethalMin] Pikmin Item HarryMason(Clone) does not exist in the PikminManager.
[10:24:28.7365207] [Info   :BrutalCompanyMinusExtraReborn] Got item: IBrick
[10:24:28.7365207] [Warning: LethalMin] Pikmin Item BrickPrefab(Clone) does not exist in the PikminManager.
[10:24:28.7365207] [Info   :BrutalCompanyMinusExtraReborn] Got item: V-type engine
[10:24:28.7365207] [Warning: LethalMin] Pikmin Item EnginePart(Clone) does not exist in the PikminManager.
[10:24:28.7365207] [Info   :BrutalCompanyMinusExtraReborn] Got item: Alcohol Flask
[10:24:28.7365207] [Warning: LethalMin] Pikmin Item AlcoholFlaskPrefab(Clone) does not exist in the PikminManager.
[10:24:28.7365207] [Info   :BrutalCompanyMinusExtraReborn] Got item: Cup Noodle
[10:24:28.7365207] [Warning: LethalMin] Pikmin Item CupNoodle(Clone) does not exist in the PikminManager.
[10:24:28.7365207] [Info   :BrutalCompanyMinusExtraReborn] Got item: Pliers
[10:24:28.7365207] [Warning: LethalMin] Pikmin Item PliersPrefab(Clone) does not exist in the PikminManager.
[10:24:28.7365207] [Info   :BrutalCompanyMinusExtraReborn] Got item: Fire hydrant
[10:24:28.7365207] [Warning: LethalMin] Pikmin Item FirehydrantPrefab(Clone) does not exist in the PikminManager.
[10:24:28.7365207] [Info   :BrutalCompanyMinusExtraReborn] Got item: Homemade flashbang
[10:24:28.7365207] [Warning: LethalMin] Pikmin Item DiyFlashbang(Clone) does not exist in the PikminManager.
[10:24:28.7365207] [Info   :BrutalCompanyMinusExtraReborn] Got item: Harry Mason
[10:24:28.7365207] [Warning: LethalMin] Pikmin Item HarryMason(Clone) does not exist in the PikminManager.
[10:24:28.7365207] [Info   :BrutalCompanyMinusExtraReborn] Got item: Glizzy
[10:24:28.7365207] [Warning: LethalMin] Pikmin Item glizzy(Clone) does not exist in the PikminManager.
[10:24:28.7365207] [Info   :BrutalCompanyMinusExtraReborn] Got item: IFan
[10:24:28.7365207] [Warning: LethalMin] Pikmin Item FanPrefab(Clone) does not exist in the PikminManager.
[10:24:28.7365207] [Info   :BrutalCompanyMinusExtraReborn] Got item: IFireAxe
[10:24:28.7365207] [Warning: LethalMin] Pikmin Item FireaxePrefab(Clone) does not exist in the PikminManager.
[10:24:28.7365207] [Info   :BrutalCompanyMinusExtraReborn] Got item: Friendship ender
[10:24:28.7365207] [Warning: LethalMin] Pikmin Item CustomFace(Clone) does not exist in the PikminManager.
[10:24:28.7365207] [Info   :BrutalCompanyMinusExtraReborn] Got item: Car battery
[10:24:28.7365207] [Warning: LethalMin] Pikmin Item CarbatteryPrefab(Clone) does not exist in the PikminManager.
[10:24:28.7365207] [Info   :BrutalCompanyMinusExtraReborn] Got item: Vent
[10:24:28.7365207] [Warning: LethalMin] Pikmin Item VentPrefab(Clone) does not exist in the PikminManager.
[10:24:28.7365207] [Info   :BrutalCompanyMinusExtraReborn] Got item: IFan
[10:24:28.7365207] [Warning: LethalMin] Pikmin Item FanPrefab(Clone) does not exist in the PikminManager.
[10:24:28.7365207] [Info   :BrutalCompanyMinusExtraReborn] Got item: Broken engine
[10:24:28.7365207] [Warning: LethalMin] Pikmin Item BrokenenginePrefab(Clone) does not exist in the PikminManager.
[10:24:28.7365207] [Info   :BrutalCompanyMinusExtraReborn] Got item: Old phone
[10:24:28.7365207] [Warning: LethalMin] Pikmin Item OldPhone(Clone) does not exist in the PikminManager.
[10:24:28.7365207] [Info   :BrutalCompanyMinusExtraReborn] Got item: Flask
[10:24:28.7365207] [Warning: LethalMin] Pikmin Item Flask(Clone) does not exist in the PikminManager.
[10:24:28.7365207] [Info   :BrutalCompanyMinusExtraReborn] Got item: Car battery
[10:24:28.7365207] [Warning: LethalMin] Pikmin Item CarbatteryPrefab(Clone) does not exist in the PikminManager.
[10:24:28.7365207] [Info   :BrutalCompanyMinusExtraReborn] Got item: Peaches
[10:24:28.7376442] [Warning: LethalMin] Pikmin Item PicturePeaches(Clone) does not exist in the PikminManager.
[10:24:28.7376442] [Info   :BrutalCompanyMinusExtraReborn] Got item: Fancy Painting
[10:24:28.7376442] [Warning: LethalMin] Pikmin Item FancyPaintingPrefab(Clone) does not exist in the PikminManager.
[10:24:28.7376442] [Info   :BrutalCompanyMinusExtraReborn] Got item: Jacu dog
[10:24:28.7376442] [Warning: LethalMin] Pikmin Item JacuPlushiePrefab(Clone) does not exist in the PikminManager.
[10:24:28.7376442] [Info   :BrutalCompanyMinusExtraReborn] Got item: Bell
[10:24:28.7376442] [Warning: LethalMin] Pikmin Item HandBell(Clone) does not exist in the PikminManager.
[10:24:28.7376442] [Info   :BrutalCompanyMinusExtraReborn] Got item: Jacu dog
[10:24:28.7376442] [Warning: LethalMin] Pikmin Item JacuPlushiePrefab(Clone) does not exist in the PikminManager.
[10:24:28.7376442] [Info   :BrutalCompanyMinusExtraReborn] Got item: V-type engine
[10:24:28.7376442] [Warning: LethalMin] Pikmin Item EnginePart(Clone) does not exist in the PikminManager.
[10:24:28.7376442] [Info   :BrutalCompanyMinusExtraReborn] Got item: Jacu dog
[10:24:28.7376442] [Warning: LethalMin] Pikmin Item JacuPlushiePrefab(Clone) does not exist in the PikminManager.
[10:24:28.7376442] [Info   :BrutalCompanyMinusExtraReborn] Got item: IClock
[10:24:28.7376442] [Warning: LethalMin] Pikmin Item ClockPrefab(Clone) does not exist in the PikminManager.
[10:24:28.7376442] [Info   :BrutalCompanyMinusExtraReborn] Got item: Whoopie cushion
[10:24:28.7376442] [Warning: LethalMin] Pikmin Item WhoopieCushion(Clone) does not exist in the PikminManager.
[10:24:28.7376442] [Info   :BrutalCompanyMinusExtraReborn] Got item: Top hat
[10:24:28.7376442] [Warning: LethalMin] Pikmin Item TophatPrefab(Clone) does not exist in the PikminManager.
[10:24:28.7376442] [Info   :BrutalCompanyMinusExtraReborn] Got item: Perfume bottle
[10:24:28.7376442] [Warning: LethalMin] Pikmin Item PerfumeBottle(Clone) does not exist in the PikminManager.
[10:24:28.7376442] [Info   :BrutalCompanyMinusExtraReborn] Got item: Remote
[10:24:28.7376442] [Warning: LethalMin] Pikmin Item Remote(Clone) does not exist in the PikminManager.
[10:24:28.7376442] [Info   :BrutalCompanyMinusExtraReborn] Got item: Old phone
[10:24:28.7376442] [Warning: LethalMin] Pikmin Item OldPhone(Clone) does not exist in the PikminManager.
[10:24:28.7376442] [Info   :BrutalCompanyMinusExtraReborn] Got item: Suitcase
[10:24:28.7376442] [Warning: LethalMin] Pikmin Item SuitcasePrefab(Clone) does not exist in the PikminManager.
[10:24:28.7376442] [Info   :BrutalCompanyMinusExtraReborn] Got item: Fancy Painting
[10:24:28.7376442] [Warning: LethalMin] Pikmin Item FancyPaintingPrefab(Clone) does not exist in the PikminManager.
[10:24:28.7376442] [Info   :BrutalCompanyMinusExtraReborn] Got item: Owl
[10:24:28.7376442] [Warning: LethalMin] Pikmin Item PictureOwl(Clone) does not exist in the PikminManager.
[10:24:28.7376442] [Info   :BrutalCompanyMinusExtraReborn] Got item: Tragedy
[10:24:28.7376442] [Warning: LethalMin] Pikmin Item TragedyMask(Clone) does not exist in the PikminManager.
[10:24:28.7376442] [Info   :BrutalCompanyMinusExtraReborn] Got item: Tea kettle
[10:24:28.7376442] [Warning: LethalMin] Pikmin Item TeaKettle(Clone) does not exist in the PikminManager.
[10:24:28.7376442] [Info   :BrutalCompanyMinusExtraReborn] Got item: Old phone
[10:24:28.7376442] [Warning: LethalMin] Pikmin Item OldPhone(Clone) does not exist in the PikminManager.
[10:24:28.7376442] [Info   :BrutalCompanyMinusExtraReborn] Got item: Page
[10:24:28.7376442] [Warning: LethalMin] Pikmin Item Page1(Clone) does not exist in the PikminManager.
[10:24:28.7376442] [Info   :BrutalCompanyMinusExtraReborn] Got item: ImmersivePlant
[10:24:28.7376442] [Warning: LethalMin] Pikmin Item PlantPrefab(Clone) does not exist in the PikminManager.
[10:24:28.7376442] [Info   :BrutalCompanyMinusExtraReborn] Got item: Suitcase
[10:24:28.7376442] [Warning: LethalMin] Pikmin Item SuitcasePrefab(Clone) does not exist in the PikminManager.
[10:24:28.7376442] [Info   :BrutalCompanyMinusExtraReborn] Got item: Forest Keeper Plushie
[10:24:28.7376442] [Warning: LethalMin] Pikmin Item ForestPlushie(Clone) does not exist in the PikminManager.
[10:24:28.7376442] [Info   :BrutalCompanyMinusExtraReborn] Got item: Homemade flashbang
[10:24:28.7376442] [Warning: LethalMin] Pikmin Item DiyFlashbang(Clone) does not exist in the PikminManager.
[10:24:28.7376442] [Info   :BrutalCompanyMinusExtraReborn] Got item: SODA
[10:24:28.7376442] [Warning: LethalMin] Pikmin Item SODA(Clone) does not exist in the PikminManager.
[10:24:28.7376442] [Info   :BrutalCompanyMinusExtraReborn] Got item: Toaster
[10:24:28.7376442] [Warning: LethalMin] Pikmin Item ToasterPrefab(Clone) does not exist in the PikminManager.
[10:24:28.7376442] [Info   :BrutalCompanyMinusExtraReborn] Got item: Toy cube
[10:24:28.7376442] [Warning: LethalMin] Pikmin Item ToyCube(Clone) does not exist in the PikminManager.
[10:24:28.7376442] [Info   :BrutalCompanyMinusExtraReborn] Got item: Fire hydrant
[10:24:28.7376442] [Warning: LethalMin] Pikmin Item FirehydrantPrefab(Clone) does not exist in the PikminManager.
[10:24:28.7376442] [Info   :BrutalCompanyMinusExtraReborn] Got item: Ocarina
[10:24:28.7386446] [Warning: LethalMin] Pikmin Item Ocarina(Clone) does not exist in the PikminManager.
[10:24:28.7386446] [Info   :BrutalCompanyMinusExtraReborn] Got item: Pill bottle
[10:24:28.7386446] [Warning: LethalMin] Pikmin Item PillBottle(Clone) does not exist in the PikminManager.
[10:24:28.7386446] [Info   :BrutalCompanyMinusExtraReborn] Got item: IBaseball bat
[10:24:28.7386446] [Warning: LethalMin] Pikmin Item BaseballbatPrefab(Clone) does not exist in the PikminManager.
[10:24:28.7386446] [Info   :BrutalCompanyMinusExtraReborn] Got item: Toaster
[10:24:28.7386446] [Warning: LethalMin] Pikmin Item ToasterPrefab(Clone) does not exist in the PikminManager.
[10:24:28.7386446] [Info   :BrutalCompanyMinusExtraReborn] Got item: Pliers
[10:24:28.7386446] [Warning: LethalMin] Pikmin Item PliersPrefab(Clone) does not exist in the PikminManager.
[10:24:28.7386446] [Info   :BrutalCompanyMinusExtraReborn] Got item: Basics of architecture
[10:24:28.7386446] [Warning: LethalMin] Pikmin Item BookCustom(Clone) does not exist in the PikminManager.
[10:24:28.7386446] [Info   :BrutalCompanyMinusExtraReborn] Got item: Ainz Ooal Gown
[10:24:28.7386446] [Warning: LethalMin] Pikmin Item AinzOoalGown(Clone) does not exist in the PikminManager.
[10:24:28.7386446] [Info   :BrutalCompanyMinusExtraReborn] Got item: Dirty Page
[10:24:28.7386446] [Warning: LethalMin] Pikmin Item Page7(Clone) does not exist in the PikminManager.
[10:24:28.7386446] [Info   :BrutalCompanyMinusExtraReborn] Got item: IToolbox
[10:24:28.7386446] [Warning: LethalMin] Pikmin Item ToolboxPrefab(Clone) does not exist in the PikminManager.
[10:24:28.7386446] [Info   :BrutalCompanyMinusExtraReborn] Got item: ImmersiveAnvil
[10:24:28.7386446] [Warning: LethalMin] Pikmin Item AnvilPrefab(Clone) does not exist in the PikminManager.
[10:24:28.7386446] [Info   :BrutalCompanyMinusExtraReborn] Got item: Old phone
[10:24:28.7386446] [Warning: LethalMin] Pikmin Item OldPhone(Clone) does not exist in the PikminManager.
[10:24:28.7386446] [Info   :BrutalCompanyMinusExtraReborn] Got item: Bomb
[10:24:28.7386446] [Warning: LethalMin] Pikmin Item Bomb(Clone) does not exist in the PikminManager.
[10:24:28.7386446] [Info   :BrutalCompanyMinusExtraReborn] Got item: Froggy Chair
[10:24:28.7386446] [Warning: LethalMin] Pikmin Item FroggyChair(Clone) does not exist in the PikminManager.
[10:24:28.7386446] [Info   :BrutalCompanyMinusExtraReborn] Got item: Batty and Owl
[10:24:28.7386446] [Warning: LethalMin] Pikmin Item PictureBattyOwl(Clone) does not exist in the PikminManager.
[10:24:28.7386446] [Info   :BrutalCompanyMinusExtraReborn] Got item: Coil head Plushie
[10:24:28.7386446] [Warning: LethalMin] Pikmin Item CoilHeadPlush(Clone) does not exist in the PikminManager.
[10:24:28.7386446] [Info   :BrutalCompanyMinusExtraReborn] Got item: Wheel
[10:24:28.7386446] [Warning: LethalMin] Pikmin Item WheelPrefab(Clone) does not exist in the PikminManager.
[10:24:28.7386446] [Info   :BrutalCompanyMinusExtraReborn] Got item: Comically Large Spoon
[10:24:28.7386446] [Warning: LethalMin] Pikmin Item Spoon(Clone) does not exist in the PikminManager.
[10:24:28.7386446] [Info   :BrutalCompanyMinusExtraReborn] Got item: Red soda
[10:24:28.7386446] [Warning: LethalMin] Pikmin Item RedSodaCan(Clone) does not exist in the PikminManager.
[10:24:28.7386446] [Info   :BrutalCompanyMinusExtraReborn] Got item: ILantern
[10:24:28.7386446] [Warning: LethalMin] Pikmin Item LanternPrefab(Clone) does not exist in the PikminManager.
[10:24:28.7386446] [Info   :BrutalCompanyMinusExtraReborn] Got item: Clamp
[10:24:28.7386446] [Warning: LethalMin] Pikmin Item ClampPrefab(Clone) does not exist in the PikminManager.
[10:24:28.7386446] [Info   :BrutalCompanyMinusExtraReborn] Got item: Brrreaker
[10:24:28.7396454] [Info   :BrutalCompanyMinusExtraReborn] Got item: Alcohol Flask
[10:24:28.7396454] [Warning: LethalMin] Pikmin Item AlcoholFlaskPrefab(Clone) does not exist in the PikminManager.
[10:24:28.7396454] [Info   :BrutalCompanyMinusExtraReborn] Got item: Plunger
[10:24:28.7396454] [Warning: LethalMin] Pikmin Item PlungerPrefab(Clone) does not exist in the PikminManager.
[10:24:28.7396454] [Info   :BrutalCompanyMinusExtraReborn] Got item: Toy robot
[10:24:28.7396454] [Warning: LethalMin] Pikmin Item RobotToy(Clone) does not exist in the PikminManager.
[10:24:28.7396454] [Info   :BrutalCompanyMinusExtraReborn] Got item: Whoopie cushion
[10:24:28.7396454] [Warning: LethalMin] Pikmin Item WhoopieCushion(Clone) does not exist in the PikminManager.
[10:24:28.7396454] [Info   :BrutalCompanyMinusExtraReborn] Got item: Hairdryer
[10:24:28.7396454] [Warning: LethalMin] Pikmin Item Hairdryer(Clone) does not exist in the PikminManager.
[10:24:28.7416438] [Info   :BrutalCompanyMinusExtraReborn] Got item: Bomb
[10:24:28.7416438] [Warning: LethalMin] Pikmin Item Bomb(Clone) does not exist in the PikminManager.
[10:24:28.7416438] [Info   :BrutalCompanyMinusExtraReborn] Got item: Scroll of Town Portal
[10:24:28.7416438] [Warning: LethalMin] Pikmin Item Scroll(Clone) does not exist in the PikminManager.
[10:24:28.7416438] [Info   :BrutalCompanyMinusExtraReborn] Got item: Bell
[10:24:28.7416438] [Warning: LethalMin] Pikmin Item HandBell(Clone) does not exist in the PikminManager.
[10:24:28.7416438] [Info   :BrutalCompanyMinusExtraReborn] Got item: Flask
[10:24:28.7416438] [Warning: LethalMin] Pikmin Item Flask(Clone) does not exist in the PikminManager.
[10:24:28.7416438] [Info   :BrutalCompanyMinusExtraReborn] Got item: Cup Noodle
[10:24:28.7416438] [Warning: LethalMin] Pikmin Item CupNoodle(Clone) does not exist in the PikminManager.
[10:24:28.7416438] [Info   :BrutalCompanyMinusExtraReborn] Got item: Ciri
[10:24:28.7416438] [Warning: LethalMin] Pikmin Item PictureCiri(Clone) does not exist in the PikminManager.
[10:24:28.7416438] [Info   :BrutalCompanyMinusExtraReborn] Got item: Beer can
[10:24:28.7416438] [Warning: LethalMin] Pikmin Item BeercanPrefab(Clone) does not exist in the PikminManager.
[10:24:28.7416438] [Info   :BrutalCompanyMinusExtraReborn] Got item: IFan
[10:24:28.7416438] [Warning: LethalMin] Pikmin Item FanPrefab(Clone) does not exist in the PikminManager.
[10:24:28.7416438] [Info   :BrutalCompanyMinusExtraReborn] Got item: HearthStone Card
[10:24:28.7416438] [Warning: LethalMin] Pikmin Item HScard(Clone) does not exist in the PikminManager.
[10:24:28.7416438] [Info   :BrutalCompanyMinusExtraReborn] Got item: Lulu and George
[10:24:28.7416438] [Warning: LethalMin] Pikmin Item PictureLuluGeorge(Clone) does not exist in the PikminManager.
[10:24:28.7416438] [Info   :BrutalCompanyMinusExtraReborn] Got item: Jacu dog
[10:24:28.7416438] [Warning: LethalMin] Pikmin Item JacuPlushiePrefab(Clone) does not exist in the PikminManager.
[10:24:28.7416438] [Info   :BrutalCompanyMinusExtraReborn] Got item: Retro Toy
[10:24:28.7416438] [Warning: LethalMin] Pikmin Item RetroToyPrefab(Clone) does not exist in the PikminManager.
[10:24:28.7416438] [Info   :BrutalCompanyMinusExtraReborn] Got item: IToolbox
[10:24:28.7416438] [Warning: LethalMin] Pikmin Item ToolboxPrefab(Clone) does not exist in the PikminManager.
[10:24:28.7416438] [Info   :BrutalCompanyMinusExtraReborn] Got item: Gameboy
[10:24:28.7416438] [Warning: LethalMin] Pikmin Item GameboyPrefab(Clone) does not exist in the PikminManager.
[10:24:28.7416438] [Info   :BrutalCompanyMinusExtraReborn] Got item: Suitcase
[10:24:28.7416438] [Warning: LethalMin] Pikmin Item SuitcasePrefab(Clone) does not exist in the PikminManager.
[10:24:28.7416438] [Info   :BrutalCompanyMinusExtraReborn] Got item: Balan Statue
[10:24:28.7416438] [Warning: LethalMin] Pikmin Item Balan(Clone) does not exist in the PikminManager.
[10:24:28.7416438] [Info   :BrutalCompanyMinusExtraReborn] Got item: ImmersiveHammer
[10:24:28.7416438] [Warning: LethalMin] Pikmin Item HammerPrefab(Clone) does not exist in the PikminManager.
[10:24:28.7416438] [Info   :BrutalCompanyMinusExtraReborn] Got item: Comedy mask Plushie
[10:24:28.7416438] [Warning: LethalMin] Pikmin Item ComedyPlush(Clone) does not exist in the PikminManager.
[10:24:28.7416438] [Info   :BrutalCompanyMinusExtraReborn] Got item: Forest Keeper Plushie
[10:24:28.7416438] [Warning: LethalMin] Pikmin Item ForestPlushie(Clone) does not exist in the PikminManager.
[10:24:28.7416438] [Info   :BrutalCompanyMinusExtraReborn] Got item: Harry Mason
[10:24:28.7416438] [Warning: LethalMin] Pikmin Item HarryMason(Clone) does not exist in the PikminManager.
[10:24:28.7416438] [Info   :BrutalCompanyMinusExtraReborn] Got item: ImmersivePlant
[10:24:28.7416438] [Warning: LethalMin] Pikmin Item PlantPrefab(Clone) does not exist in the PikminManager.
[10:24:28.7416438] [Info   :BrutalCompanyMinusExtraReborn] Got item: Ring
[10:24:28.7416438] [Warning: LethalMin] Pikmin Item FancyRing(Clone) does not exist in the PikminManager.
[10:24:28.7416438] [Info   :BrutalCompanyMinusExtraReborn] Got item: Comically Large Spoon
[10:24:28.7416438] [Warning: LethalMin] Pikmin Item Spoon(Clone) does not exist in the PikminManager.
[10:24:28.7416438] [Info   :BrutalCompanyMinusExtraReborn] Got item: Comically Large Spoon
[10:24:28.7416438] [Warning: LethalMin] Pikmin Item Spoon(Clone) does not exist in the PikminManager.
[10:24:28.7426475] [Info   :BrutalCompanyMinusExtraReborn] Got item: TV Remote
[10:24:28.7426475] [Warning: LethalMin] Pikmin Item RemoteTVItem(Clone) does not exist in the PikminManager.
[10:24:28.7426475] [Info   :BrutalCompanyMinusExtraReborn] Got item: Broken engine
[10:24:28.7426475] [Warning: LethalMin] Pikmin Item BrokenenginePrefab(Clone) does not exist in the PikminManager.
[10:24:28.7426475] [Info   :BrutalCompanyMinusExtraReborn] Got item: Owl
[10:24:28.7426475] [Warning: LethalMin] Pikmin Item PictureOwl(Clone) does not exist in the PikminManager.
[10:24:28.7426475] [Info   :BrutalCompanyMinusExtraReborn] Got item: Airhorn
[10:24:28.7426475] [Warning: LethalMin] Pikmin Item AirHornCustom(Clone) does not exist in the PikminManager.
[10:24:28.7426475] [Info   :BrutalCompanyMinusExtraReborn] Got item: Plastic fish
[10:24:28.7426475] [Warning: LethalMin] Pikmin Item FishTestProp(Clone) does not exist in the PikminManager.
[10:24:28.7426475] [Info   :BrutalCompanyMinusExtraReborn] Got item: Cash register
[10:24:28.7426475] [Warning: LethalMin] Pikmin Item CashRegisterItem(Clone) does not exist in the PikminManager.
[10:24:28.7426475] [Info   :BrutalCompanyMinusExtraReborn] Got item: Clock
[10:24:28.7426475] [Warning: LethalMin] Pikmin Item Clock(Clone) does not exist in the PikminManager.
[10:24:28.7426475] [Info   :BrutalCompanyMinusExtraReborn] Got item: Peaches
[10:24:28.7426475] [Warning: LethalMin] Pikmin Item PicturePeaches(Clone) does not exist in the PikminManager.
[10:24:28.7426475] [Info   :BrutalCompanyMinusExtraReborn] Got item: Cartridge
[10:24:28.7426475] [Warning: LethalMin] Pikmin Item CartridgeItem(Clone) does not exist in the PikminManager.
[10:24:28.7426475] [Info   :BrutalCompanyMinusExtraReborn] Got item: Traffic cone
[10:24:28.7426475] [Warning: LethalMin] Pikmin Item TrafficconePrefab(Clone) does not exist in the PikminManager.
[10:24:28.7426475] [Info   :BrutalCompanyMinusExtraReborn] Got item: Magic 7 ball
[10:24:28.7426475] [Warning: LethalMin] Pikmin Item Magic7Ball(Clone) does not exist in the PikminManager.
[10:24:28.7426475] [Info   :BrutalCompanyMinusExtraReborn] Got item: Garbage
[10:24:28.7426475] [Warning: LethalMin] Pikmin Item GarbagePrefab(Clone) does not exist in the PikminManager.
[10:24:28.7426475] [Info   :BrutalCompanyMinusExtraReborn] Got item: Rubber Ducky
[10:24:28.7426475] [Warning: LethalMin] Pikmin Item RubberDucky(Clone) does not exist in the PikminManager.
[10:24:28.7426475] [Info   :BrutalCompanyMinusExtraReborn] Got item: Broken engine
[10:24:28.7426475] [Warning: LethalMin] Pikmin Item BrokenenginePrefab(Clone) does not exist in the PikminManager.
[10:24:28.7426475] [Info   :BrutalCompanyMinusExtraReborn] Got item: Metal sheet
[10:24:28.7426475] [Warning: LethalMin] Pikmin Item MetalSheet(Clone) does not exist in the PikminManager.
[10:24:28.7426475] [Info   :BrutalCompanyMinusExtraReborn] Got item: Toy robot
[10:24:28.7426475] [Warning: LethalMin] Pikmin Item RobotToy(Clone) does not exist in the PikminManager.
[10:24:28.7426475] [Info   :BrutalCompanyMinusExtraReborn] Got item: Hoarding Bug Plushie
[10:24:28.7426475] [Warning: LethalMin] Pikmin Item Lootbugplush(Clone) does not exist in the PikminManager.
[10:24:28.7426475] [Info   :BrutalCompanyMinusExtraReborn] Got item: Eyeless Dog Plushie
[10:24:28.7426475] [Warning: LethalMin] Pikmin Item EyelessDog(Clone) does not exist in the PikminManager.
[10:24:28.7426475] [Info   :BrutalCompanyMinusExtraReborn] Got item: Old phone
[10:24:28.7426475] [Warning: LethalMin] Pikmin Item OldPhone(Clone) does not exist in the PikminManager.
[10:24:28.7426475] [Info   :BrutalCompanyMinusExtraReborn] Got item: Mug
[10:24:28.7426475] [Warning: LethalMin] Pikmin Item Mug(Clone) does not exist in the PikminManager.
[10:24:28.7426475] [Info   :BrutalCompanyMinusExtraReborn] Got item: Ccodes dog
[10:24:28.7426475] [Warning: LethalMin] Pikmin Item CDogPrefab(Clone) does not exist in the PikminManager.
[10:24:28.7426475] [Info   :BrutalCompanyMinusExtraReborn] Got item: Rubber Ducky
[10:24:28.7426475] [Warning: LethalMin] Pikmin Item RubberDucky(Clone) does not exist in the PikminManager.
[10:24:28.7426475] [Info   :BrutalCompanyMinusExtraReborn] Got item: Car battery
[10:24:28.7426475] [Warning: LethalMin] Pikmin Item CarbatteryPrefab(Clone) does not exist in the PikminManager.
[10:24:28.7426475] [Info   :BrutalCompanyMinusExtraReborn] Got item: Thumper Plushie
[10:24:28.7426475] [Warning: LethalMin] Pikmin Item Thumper(Clone) does not exist in the PikminManager.
[10:24:28.7426475] [Info   :BrutalCompanyMinusExtraReborn] Got item: Thumper Plushie
[10:24:28.7426475] [Warning: LethalMin] Pikmin Item Thumper(Clone) does not exist in the PikminManager.
[10:24:28.7426475] [Info   :BrutalCompanyMinusExtraReborn] Got item: Retro Toy
[10:24:28.7426475] [Warning: LethalMin] Pikmin Item RetroToyPrefab(Clone) does not exist in the PikminManager.
[10:24:28.7426475] [Info   :BrutalCompanyMinusExtraReborn] Got item: Retro Toy
[10:24:28.7426475] [Warning: LethalMin] Pikmin Item RetroToyPrefab(Clone) does not exist in the PikminManager.
[10:24:28.7426475] [Info   :BrutalCompanyMinusExtraReborn] Got item: Clamp
[10:24:28.7426475] [Warning: LethalMin] Pikmin Item ClampPrefab(Clone) does not exist in the PikminManager.
[10:24:28.7426475] [Info   :BrutalCompanyMinusExtraReborn] Got item: Jar of pickles
[10:24:28.7436470] [Warning: LethalMin] Pikmin Item PickleJar(Clone) does not exist in the PikminManager.
[10:24:28.7436470] [Info   :BrutalCompanyMinusExtraReborn] Got item: Magic 7 ball
[10:24:28.7436470] [Warning: LethalMin] Pikmin Item Magic7Ball(Clone) does not exist in the PikminManager.
[10:24:28.7436470] [Info   :BrutalCompanyMinusExtraReborn] Got item: Accordion
[10:24:28.7446683] [Warning: LethalMin] Pikmin Item Accordion(Clone) does not exist in the PikminManager.
[10:24:28.7446683] [Info   :BrutalCompanyMinusExtraReborn] Got item: Library lamp
[10:24:28.7446683] [Warning: LethalMin] Pikmin Item LibrarylampPrefab(Clone) does not exist in the PikminManager.
[10:24:28.7446683] [Info   :BrutalCompanyMinusExtraReborn] Got item: Jar of pickles
[10:24:28.7446683] [Warning: LethalMin] Pikmin Item PickleJar(Clone) does not exist in the PikminManager.
[10:24:28.7446683] [Info   :BrutalCompanyMinusExtraReborn] Got item: Large axle
[10:24:28.7446683] [Warning: LethalMin] Pikmin Item Cog(Clone) does not exist in the PikminManager.
[10:24:28.7446683] [Info   :BrutalCompanyMinusExtraReborn] Got item: Marrow Splitter
[10:24:28.7446683] [Warning: LethalMin] Pikmin Item MarrowSplitter(Clone) does not exist in the PikminManager.
[10:24:28.7446683] [Info   :BrutalCompanyMinusExtraReborn] Got item: Cash register
[10:24:28.7446683] [Warning: LethalMin] Pikmin Item CashRegisterItem(Clone) does not exist in the PikminManager.
[10:24:28.7446683] [Info   :BrutalCompanyMinusExtraReborn] Got item: Stick
[10:24:28.7446683] [Warning: LethalMin] Pikmin Item Stick(Clone) does not exist in the PikminManager.
[10:24:28.7446683] [Info   :BrutalCompanyMinusExtraReborn] Got item: Toy robot
[10:24:28.7446683] [Warning: LethalMin] Pikmin Item RobotToy(Clone) does not exist in the PikminManager.
[10:24:28.7446683] [Info   :BrutalCompanyMinusExtraReborn] Got item: Totem of Undying
[10:24:28.7446683] [Warning: LethalMin] Pikmin Item TotemOfUndying(Clone) does not exist in the PikminManager.
[10:24:28.7446683] [Info   :BrutalCompanyMinusExtraReborn] Got item: Rubber Ducky
[10:24:28.7446683] [Warning: LethalMin] Pikmin Item RubberDucky(Clone) does not exist in the PikminManager.
[10:24:28.7446683] [Info   :BrutalCompanyMinusExtraReborn] Got item: Wheel
[10:24:28.7446683] [Warning: LethalMin] Pikmin Item WheelPrefab(Clone) does not exist in the PikminManager.
[10:24:28.7446683] [Info   :BrutalCompanyMinusExtraReborn] Got item: Vent
[10:24:28.7446683] [Warning: LethalMin] Pikmin Item VentPrefab(Clone) does not exist in the PikminManager.
[10:24:28.7446683] [Info   :BrutalCompanyMinusExtraReborn] Got item: Teeth
[10:24:28.7446683] [Warning: LethalMin] Pikmin Item Dentures(Clone) does not exist in the PikminManager.
[10:24:28.7446683] [Info   :BrutalCompanyMinusExtraReborn] Got item: Eevee
[10:24:28.7446683] [Warning: LethalMin] Pikmin Item Eevee(Clone) does not exist in the PikminManager.
[10:24:28.7446683] [Info   :BrutalCompanyMinusExtraReborn] Got item: Remote
[10:24:28.7446683] [Warning: LethalMin] Pikmin Item Remote(Clone) does not exist in the PikminManager.
[10:24:28.7456731] [Info   :BrutalCompanyMinusExtraReborn] Got item: Tragedy
[10:24:28.7456731] [Warning: LethalMin] Pikmin Item TragedyMask(Clone) does not exist in the PikminManager.
[10:24:28.7456731] [Info   :BrutalCompanyMinusExtraReborn] Got item: Tea kettle
[10:24:28.7456731] [Warning: LethalMin] Pikmin Item TeaKettle(Clone) does not exist in the PikminManager.
[10:24:28.7456731] [Info   :BrutalCompanyMinusExtraReborn] Got item: Gift
[10:24:28.7456731] [Warning: LethalMin] Pikmin Item GiftBox(Clone) does not exist in the PikminManager.
[10:24:28.7456731] [Info   :BrutalCompanyMinusExtraReborn] Got item: Control pad
[10:24:28.7456731] [Warning: LethalMin] Pikmin Item ControlPad(Clone) does not exist in the PikminManager.
[10:24:28.7456731] [Info   :BrutalCompanyMinusExtraReborn] Got item: IToolbox
[10:24:28.7456731] [Warning: LethalMin] Pikmin Item ToolboxPrefab(Clone) does not exist in the PikminManager.
[10:24:28.7456731] [Info   :BrutalCompanyMinusExtraReborn] Got item: Scroll of Town Portal
[10:24:28.7456731] [Warning: LethalMin] Pikmin Item Scroll(Clone) does not exist in the PikminManager.
[10:24:28.7456731] [Info   :BrutalCompanyMinusExtraReborn] Got item: Remote
[10:24:28.7456731] [Warning: LethalMin] Pikmin Item Remote(Clone) does not exist in the PikminManager.
[10:24:28.7456731] [Info   :BrutalCompanyMinusExtraReborn] Got item: Plunger
[10:24:28.7456731] [Warning: LethalMin] Pikmin Item PlungerPrefab(Clone) does not exist in the PikminManager.
[10:24:28.7456731] [Info   :BrutalCompanyMinusExtraReborn] Got item: Suitcase
[10:24:28.7456731] [Warning: LethalMin] Pikmin Item SuitcasePrefab(Clone) does not exist in the PikminManager.
[10:24:28.7456731] [Info   :BrutalCompanyMinusExtraReborn] Got item: Big screw
[10:24:28.7456731] [Warning: LethalMin] Pikmin Item BigBolt(Clone) does not exist in the PikminManager.
[10:24:28.7456731] [Info   :BrutalCompanyMinusExtraReborn] Got item: Cat
[10:24:28.7456731] [Warning: LethalMin] Pikmin Item Cat(Clone) does not exist in the PikminManager.
[10:24:28.7456731] [Info   :BrutalCompanyMinusExtraReborn] Got item: Hairdryer
[10:24:28.7456731] [Warning: LethalMin] Pikmin Item Hairdryer(Clone) does not exist in the PikminManager.
[10:24:28.7456731] [Info   :BrutalCompanyMinusExtraReborn] Got item: Jar of pickles
[10:24:28.7456731] [Warning: LethalMin] Pikmin Item PickleJar(Clone) does not exist in the PikminManager.
[10:24:28.7456731] [Info   :BrutalCompanyMinusExtraReborn] Got item: IBrick
[10:24:28.7456731] [Warning: LethalMin] Pikmin Item BrickPrefab(Clone) does not exist in the PikminManager.
[10:24:28.7456731] [Info   :BrutalCompanyMinusExtraReborn] Got item: Bunker Spider Plushie
[10:24:28.7456731] [Warning: LethalMin] Pikmin Item Bunkspidplush(Clone) does not exist in the PikminManager.
[10:24:28.7456731] [Info   :BrutalCompanyMinusExtraReborn] Got item: Super Sneakers
[10:24:28.7456731] [Warning: LethalMin] Pikmin Item SuperSneakers(Clone) does not exist in the PikminManager.
[10:24:28.7456731] [Info   :BrutalCompanyMinusExtraReborn] Got item: Uno Reverse Card DX
[10:24:28.7456731] [Warning: LethalMin] Pikmin Item UnoReverseCardDX(Clone) does not exist in the PikminManager.
[10:24:28.7456731] [Info   :BrutalCompanyMinusExtraReborn] Got item: Wine bottle
[10:24:28.7456731] [Warning: LethalMin] Pikmin Item WinebottlePrefab(Clone) does not exist in the PikminManager.
[10:24:28.7456731] [Info   :BrutalCompanyMinusExtraReborn] Got item: Watering Can
[10:24:28.7456731] [Warning: LethalMin] Pikmin Item WateringCanPrefab(Clone) does not exist in the PikminManager.
[10:24:28.7456731] [Info   :BrutalCompanyMinusExtraReborn] Got item: Wine bottle
[10:24:28.7466742] [Warning: LethalMin] Pikmin Item WinebottlePrefab(Clone) does not exist in the PikminManager.
[10:24:28.7466742] [Info   :BrutalCompanyMinusExtraReborn] Got item: Clamp
[10:24:28.7466742] [Warning: LethalMin] Pikmin Item ClampPrefab(Clone) does not exist in the PikminManager.
[10:24:28.7466742] [Info   :BrutalCompanyMinusExtraReborn] Got item: Magic 7 ball
[10:24:28.7466742] [Warning: LethalMin] Pikmin Item Magic7Ball(Clone) does not exist in the PikminManager.
[10:24:28.7466742] [Info   :BrutalCompanyMinusExtraReborn] Got item: Bucket
[10:24:28.7466742] [Warning: LethalMin] Pikmin Item BucketPrefab(Clone) does not exist in the PikminManager.
[10:24:28.7466742] [Info   :BrutalCompanyMinusExtraReborn] Got item: Laser pointer
[10:24:28.7466742] [Warning: LethalMin] Pikmin Item LaserPointer(Clone) does not exist in the PikminManager.
[10:24:28.7466742] [Info   :BrutalCompanyMinusExtraReborn] Got item: Comedy
[10:24:28.7466742] [Warning: LethalMin] Pikmin Item ComedyMask(Clone) does not exist in the PikminManager.
[10:24:28.7466742] [Info   :BrutalCompanyMinusExtraReborn] Got item: Retro Toy
[10:24:28.7466742] [Warning: LethalMin] Pikmin Item RetroToyPrefab(Clone) does not exist in the PikminManager.
[10:24:28.7466742] [Info   :BrutalCompanyMinusExtraReborn] Got item: The talking orb
[10:24:28.7466742] [Warning: LethalMin] Pikmin Item Abi(Clone) does not exist in the PikminManager.
[10:24:28.7466742] [Info   :BrutalCompanyMinusExtraReborn] Got item: How To Win An Argument
[10:24:28.7466742] [Warning: LethalMin] Pikmin Item HowToWinAnArgumentItem(Clone) does not exist in the PikminManager.
[10:24:28.7466742] [Info   :BrutalCompanyMinusExtraReborn] Got item: Fire hydrant
[10:24:28.7466742] [Warning: LethalMin] Pikmin Item FirehydrantPrefab(Clone) does not exist in the PikminManager.
[10:24:28.7466742] [Info   :BrutalCompanyMinusExtraReborn] Got item: Magic 7 ball
[10:24:28.7466742] [Warning: LethalMin] Pikmin Item Magic7Ball(Clone) does not exist in the PikminManager.
[10:24:28.7466742] [Info   :BrutalCompanyMinusExtraReborn] Got item: V-type engine
[10:24:28.7466742] [Warning: LethalMin] Pikmin Item EnginePart(Clone) does not exist in the PikminManager.
[10:24:28.7466742] [Info   :BrutalCompanyMinusExtraReborn] Got item: Plunger
[10:24:28.7466742] [Warning: LethalMin] Pikmin Item PlungerPrefab(Clone) does not exist in the PikminManager.
[10:24:28.7466742] [Info   :BrutalCompanyMinusExtraReborn] Got item: Flask
[10:24:28.7466742] [Warning: LethalMin] Pikmin Item Flask(Clone) does not exist in the PikminManager.
[10:24:28.7466742] [Info   :BrutalCompanyMinusExtraReborn] Got item: Car battery
[10:24:28.7466742] [Warning: LethalMin] Pikmin Item CarbatteryPrefab(Clone) does not exist in the PikminManager.
[10:24:28.7466742] [Info   :BrutalCompanyMinusExtraReborn] Got item: Whoopie cushion
[10:24:28.7466742] [Warning: LethalMin] Pikmin Item WhoopieCushion(Clone) does not exist in the PikminManager.
[10:24:28.7466742] [Info   :BrutalCompanyMinusExtraReborn] Got item: Comedy
[10:24:28.7466742] [Warning: LethalMin] Pikmin Item ComedyMask(Clone) does not exist in the PikminManager.
[10:24:28.7466742] [Info   :BrutalCompanyMinusExtraReborn] Got item: Bell
[10:24:28.7466742] [Warning: LethalMin] Pikmin Item HandBell(Clone) does not exist in the PikminManager.
[10:24:28.7466742] [Info   :BrutalCompanyMinusExtraReborn] Got item: Beer can
[10:24:28.7466742] [Warning: LethalMin] Pikmin Item BeercanPrefab(Clone) does not exist in the PikminManager.
[10:24:28.7466742] [Info   :BrutalCompanyMinusExtraReborn] Got item: IBrick
[10:24:28.7466742] [Warning: LethalMin] Pikmin Item BrickPrefab(Clone) does not exist in the PikminManager.
[10:24:28.7466742] [Info   :BrutalCompanyMinusExtraReborn] Got item: Screwdriver
[10:24:28.7466742] [Warning: LethalMin] Pikmin Item ScrewdriverPrefab(Clone) does not exist in the PikminManager.
[10:24:28.7466742] [Info   :BrutalCompanyMinusExtraReborn] Got item: Peaches
[10:24:28.7466742] [Warning: LethalMin] Pikmin Item PicturePeaches(Clone) does not exist in the PikminManager.
[10:24:28.7466742] [Info   :BrutalCompanyMinusExtraReborn] Got item: Broken engine
[10:24:28.7466742] [Warning: LethalMin] Pikmin Item BrokenenginePrefab(Clone) does not exist in the PikminManager.
[10:24:28.7466742] [Info   :BrutalCompanyMinusExtraReborn] Got item: Oscar
[10:24:28.7466742] [Warning: LethalMin] Pikmin Item PictureOscar(Clone) does not exist in the PikminManager.
[10:24:28.7466742] [Info   :BrutalCompanyMinusExtraReborn] Got item: Friendship ender
[10:24:28.7476736] [Warning: LethalMin] Pikmin Item CustomFace(Clone) does not exist in the PikminManager.
[10:24:28.7476736] [Info   :BrutalCompanyMinusExtraReborn] Got item: ISqueaky toy
[10:24:28.7476736] [Warning: LethalMin] Pikmin Item SqueakytoyPrefab(Clone) does not exist in the PikminManager.
[10:24:28.7476736] [Info   :BrutalCompanyMinusExtraReborn] Got item: ISqueaky toy
[10:24:28.7476736] [Warning: LethalMin] Pikmin Item SqueakytoyPrefab(Clone) does not exist in the PikminManager.
[10:24:28.7476736] [Info   :BrutalCompanyMinusExtraReborn] Got item: IClock
[10:24:28.7476736] [Warning: LethalMin] Pikmin Item ClockPrefab(Clone) does not exist in the PikminManager.
[10:24:28.7476736] [Info   :BrutalCompanyMinusExtraReborn] Got item: Jerrycan
[10:24:28.7476736] [Warning: LethalMin] Pikmin Item JerrycanPrefab(Clone) does not exist in the PikminManager.
[10:24:28.7476736] [Info   :BrutalCompanyMinusExtraReborn] Got item: The King
[10:24:28.7476736] [Warning: LethalMin] Pikmin Item TheKing(Clone) does not exist in the PikminManager.
[10:24:28.7476736] [Info   :BrutalCompanyMinusExtraReborn] Got item: Forest Keeper Plushie
[10:24:28.7476736] [Warning: LethalMin] Pikmin Item ForestPlushie(Clone) does not exist in the PikminManager.
[10:24:28.7476736] [Info   :BrutalCompanyMinusExtraReborn] Got item: ILantern
[10:24:28.7476736] [Warning: LethalMin] Pikmin Item LanternPrefab(Clone) does not exist in the PikminManager.
[10:24:28.7476736] [Info   :BrutalCompanyMinusExtraReborn] Got item: Wine bottle
[10:24:28.7476736] [Warning: LethalMin] Pikmin Item WinebottlePrefab(Clone) does not exist in the PikminManager.
[10:24:28.7476736] [Info   :BrutalCompanyMinusExtraReborn] Got item: Friendship ender
[10:24:28.7476736] [Warning: LethalMin] Pikmin Item CustomFace(Clone) does not exist in the PikminManager.
[10:24:28.7476736] [Info   :BrutalCompanyMinusExtraReborn] Got item: Plastic fish
[10:24:28.7476736] [Warning: LethalMin] Pikmin Item FishTestProp(Clone) does not exist in the PikminManager.
[10:24:28.7476736] [Info   :BrutalCompanyMinusExtraReborn] Got item: Moogle
[10:24:28.7476736] [Warning: LethalMin] Pikmin Item Moogle(Clone) does not exist in the PikminManager.
[10:24:28.7476736] [Info   :BrutalCompanyMinusExtraReborn] Got item: Homemade flashbang
[10:24:28.7476736] [Warning: LethalMin] Pikmin Item DiyFlashbang(Clone) does not exist in the PikminManager.
[10:24:28.7476736] [Info   :BrutalCompanyMinusExtraReborn] Got item: Cash register
[10:24:28.7476736] [Warning: LethalMin] Pikmin Item CashRegisterItem(Clone) does not exist in the PikminManager.
[10:24:28.7476736] [Info   :BrutalCompanyMinusExtraReborn] Got item: Red soda
[10:24:28.7476736] [Warning: LethalMin] Pikmin Item RedSodaCan(Clone) does not exist in the PikminManager.
[10:24:28.7476736] [Info   :BrutalCompanyMinusExtraReborn] Got item: Gameboy
[10:24:28.7476736] [Warning: LethalMin] Pikmin Item GameboyPrefab(Clone) does not exist in the PikminManager.
[10:24:28.7476736] [Info   :BrutalCompanyMinusExtraReborn] Got item: Toaster
[10:24:28.7476736] [Warning: LethalMin] Pikmin Item ToasterPrefab(Clone) does not exist in the PikminManager.
[10:24:28.7476736] [Info   :BrutalCompanyMinusExtraReborn] Got item: Bell
[10:24:28.7476736] [Warning: LethalMin] Pikmin Item HandBell(Clone) does not exist in the PikminManager.
[10:24:28.7476736] [Info   :BrutalCompanyMinusExtraReborn] Got item: Helm of Domination
[10:24:28.7476736] [Warning: LethalMin] Pikmin Item HelmDomination(Clone) does not exist in the PikminManager.
[10:24:28.7476736] [Info   :BrutalCompanyMinusExtraReborn] Got item: Toy robot
[10:24:28.7476736] [Warning: LethalMin] Pikmin Item RobotToy(Clone) does not exist in the PikminManager.
[10:24:28.7476736] [Info   :BrutalCompanyMinusExtraReborn] Got item: Bell
[10:24:28.7476736] [Warning: LethalMin] Pikmin Item HandBell(Clone) does not exist in the PikminManager.
[10:24:28.7476736] [Info   :BrutalCompanyMinusExtraReborn] Got item: Balan Statue
[10:24:28.7476736] [Warning: LethalMin] Pikmin Item Balan(Clone) does not exist in the PikminManager.
[10:24:28.7476736] [Info   :BrutalCompanyMinusExtraReborn] Got item: Retro Toy
[10:24:28.7486727] [Warning: LethalMin] Pikmin Item RetroToyPrefab(Clone) does not exist in the PikminManager.
[10:24:28.7486727] [Info   :BrutalCompanyMinusExtraReborn] Got item: Painting
[10:24:28.7486727] [Warning: LethalMin] Pikmin Item Painting(Clone) does not exist in the PikminManager.
[10:24:28.7486727] [Info   :BrutalCompanyMinusExtraReborn] Got item: Beer can
[10:24:28.7486727] [Warning: LethalMin] Pikmin Item BeercanPrefab(Clone) does not exist in the PikminManager.
[10:24:28.7486727] [Info   :BrutalCompanyMinusExtraReborn] Got item: Chocobo
[10:24:28.7486727] [Warning: LethalMin] Pikmin Item Chocobo(Clone) does not exist in the PikminManager.
[10:24:28.7486727] [Info   :BrutalCompanyMinusExtraReborn] Got item: IFan
[10:24:28.7486727] [Warning: LethalMin] Pikmin Item FanPrefab(Clone) does not exist in the PikminManager.
[10:24:28.7486727] [Info   :BrutalCompanyMinusExtraReborn] Got item: Magic 7 ball
[10:24:28.7486727] [Warning: LethalMin] Pikmin Item Magic7Ball(Clone) does not exist in the PikminManager.
[10:24:28.7486727] [Info   :BrutalCompanyMinusExtraReborn] Got item: Laser pointer
[10:24:28.7486727] [Warning: LethalMin] Pikmin Item LaserPointer(Clone) does not exist in the PikminManager.
[10:24:28.7486727] [Info   :BrutalCompanyMinusExtraReborn] Got item: Bracken Plushie
[10:24:28.7486727] [Warning: LethalMin] Pikmin Item BrackenPlush(Clone) does not exist in the PikminManager.
[10:24:28.7486727] [Info   :BrutalCompanyMinusExtraReborn] Got item: Homemade flashbang
[10:24:28.7486727] [Warning: LethalMin] Pikmin Item DiyFlashbang(Clone) does not exist in the PikminManager.
[10:24:28.7486727] [Info   :BrutalCompanyMinusExtraReborn] Got item: Socket Wrench
[10:24:28.7486727] [Warning: LethalMin] Pikmin Item SocketWrenchPrefab(Clone) does not exist in the PikminManager.
[10:24:28.7486727] [Info   :BrutalCompanyMinusExtraReborn] Got item: Can paint
[10:24:28.7486727] [Warning: LethalMin] Pikmin Item CanpaintPrefab(Clone) does not exist in the PikminManager.
[10:24:28.7486727] [Info   :BrutalCompanyMinusExtraReborn] Got item: Wrench
[10:24:28.7486727] [Warning: LethalMin] Pikmin Item WrenchPrefab(Clone) does not exist in the PikminManager.
[10:24:28.7486727] [Info   :BrutalCompanyMinusExtraReborn] Got item: Fire hydrant
[10:24:28.7486727] [Warning: LethalMin] Pikmin Item FirehydrantPrefab(Clone) does not exist in the PikminManager.
[10:24:28.7486727] [Info   :BrutalCompanyMinusExtraReborn] Got item: Remote
[10:24:28.7486727] [Warning: LethalMin] Pikmin Item Remote(Clone) does not exist in the PikminManager.
[10:24:28.7486727] [Info   :BrutalCompanyMinusExtraReborn] Got item: IBaseball bat
[10:24:28.7486727] [Warning: LethalMin] Pikmin Item BaseballbatPrefab(Clone) does not exist in the PikminManager.
[10:24:28.7486727] [Info   :BrutalCompanyMinusExtraReborn] Got item: Comedy mask Plushie
[10:24:28.7486727] [Warning: LethalMin] Pikmin Item ComedyPlush(Clone) does not exist in the PikminManager.
[10:24:28.7486727] [Info   :BrutalCompanyMinusExtraReborn] Got item: Fire extinguisher
[10:24:28.7486727] [Warning: LethalMin] Pikmin Item FireextinguisherPrefab(Clone) does not exist in the PikminManager.
[10:24:28.7486727] [Info   :BrutalCompanyMinusExtraReborn] Got item: Car battery
[10:24:28.7486727] [Warning: LethalMin] Pikmin Item CarbatteryPrefab(Clone) does not exist in the PikminManager.
[10:24:28.7486727] [Info   :BrutalCompanyMinusExtraReborn] Got item: Metal sheet
[10:24:28.7486727] [Warning: LethalMin] Pikmin Item MetalSheet(Clone) does not exist in the PikminManager.
[10:24:28.7486727] [Info   :BrutalCompanyMinusExtraReborn] Got item: Chibi Mita
[10:24:28.7486727] [Warning: LethalMin] Pikmin Item ChibiMitaItem(Clone) does not exist in the PikminManager.
[10:24:28.7486727] [Info   :BrutalCompanyMinusExtraReborn] Got item: Suitcase
[10:24:28.7486727] [Warning: LethalMin] Pikmin Item SuitcasePrefab(Clone) does not exist in the PikminManager.
[10:24:28.7486727] [Info   :BrutalCompanyMinusExtraReborn] Got item: Tragedy
[10:24:28.7486727] [Warning: LethalMin] Pikmin Item TragedyMask(Clone) does not exist in the PikminManager.
[10:24:28.7486727] [Info   :BrutalCompanyMinusExtraReborn] Got item: Car battery
[10:24:28.7486727] [Warning: LethalMin] Pikmin Item CarbatteryPrefab(Clone) does not exist in the PikminManager.
[10:24:28.7486727] [Info   :BrutalCompanyMinusExtraReborn] Got item: Friendship ender
[10:24:28.7486727] [Warning: LethalMin] Pikmin Item CustomFace(Clone) does not exist in the PikminManager.
[10:24:28.7486727] [Info   :BrutalCompanyMinusExtraReborn] Got item: Painting
[10:24:28.7486727] [Warning: LethalMin] Pikmin Item Painting(Clone) does not exist in the PikminManager.
[10:24:28.7486727] [Info   :BrutalCompanyMinusExtraReborn] Got item: Laser pointer
[10:24:28.7486727] [Warning: LethalMin] Pikmin Item LaserPointer(Clone) does not exist in the PikminManager.
[10:24:28.7486727] [Info   :BrutalCompanyMinusExtraReborn] Got item: Gold bar
[10:24:28.7486727] [Warning: LethalMin] Pikmin Item GoldBar(Clone) does not exist in the PikminManager.
[10:24:28.7496733] [Info   :BrutalCompanyMinusExtraReborn] Got item: Comedy
[10:24:28.7496733] [Warning: LethalMin] Pikmin Item ComedyMask(Clone) does not exist in the PikminManager.
[10:24:28.7496733] [Info   :BrutalCompanyMinusExtraReborn] Got item: Wine bottle
[10:24:28.7496733] [Warning: LethalMin] Pikmin Item WinebottlePrefab(Clone) does not exist in the PikminManager.
[10:24:28.7496733] [Info   :BrutalCompanyMinusExtraReborn] Got item: Fire extinguisher
[10:24:28.7496733] [Warning: LethalMin] Pikmin Item FireextinguisherPrefab(Clone) does not exist in the PikminManager.
[10:24:28.7496733] [Info   :BrutalCompanyMinusExtraReborn] Got item: Mystic Cristal
[10:24:28.7496733] [Warning: LethalMin] Pikmin Item Cristal(Clone) does not exist in the PikminManager.
[10:24:28.7496733] [Info   :BrutalCompanyMinusExtraReborn] Got item: IFan
[10:24:28.7496733] [Warning: LethalMin] Pikmin Item FanPrefab(Clone) does not exist in the PikminManager.
[10:24:28.7496733] [Info   :BrutalCompanyMinusExtraReborn] Got item: Remote
[10:24:28.7496733] [Warning: LethalMin] Pikmin Item Remote(Clone) does not exist in the PikminManager.
[10:24:28.7496733] [Info   :BrutalCompanyMinusExtraReborn] Got item: Ring
[10:24:28.7496733] [Warning: LethalMin] Pikmin Item FancyRing(Clone) does not exist in the PikminManager.
[10:24:28.7496733] [Info   :BrutalCompanyMinusExtraReborn] Got item: Large axle
[10:24:28.7496733] [Warning: LethalMin] Pikmin Item Cog(Clone) does not exist in the PikminManager.
[10:24:28.7496733] [Info   :BrutalCompanyMinusExtraReborn] Got item: Magic 7 ball
[10:24:28.7496733] [Warning: LethalMin] Pikmin Item Magic7Ball(Clone) does not exist in the PikminManager.
[10:24:28.7496733] [Info   :BrutalCompanyMinusExtraReborn] Got item: Tragedy
[10:24:28.7496733] [Warning: LethalMin] Pikmin Item TragedyMask(Clone) does not exist in the PikminManager.
[10:24:28.7496733] [Info   :BrutalCompanyMinusExtraReborn] Got item: Ring
[10:24:28.7496733] [Warning: LethalMin] Pikmin Item FancyRing(Clone) does not exist in the PikminManager.
[10:24:28.7496733] [Info   :BrutalCompanyMinusExtraReborn] Got item: Salted Beef
[10:24:28.7496733] [Warning: LethalMin] Pikmin Item SaltedBeefPlush(Clone) does not exist in the PikminManager.
[10:24:28.7496733] [Info   :BrutalCompanyMinusExtraReborn] Got item: Harry Mason
[10:24:28.7496733] [Warning: LethalMin] Pikmin Item HarryMason(Clone) does not exist in the PikminManager.
[10:24:28.7496733] [Info   :BrutalCompanyMinusExtraReborn] Got item: Hoarding Bug Plushie
[10:24:28.7496733] [Warning: LethalMin] Pikmin Item Lootbugplush(Clone) does not exist in the PikminManager.
[10:24:28.7496733] [Info   :BrutalCompanyMinusExtraReborn] Got item: Red soda
[10:24:28.7496733] [Warning: LethalMin] Pikmin Item RedSodaCan(Clone) does not exist in the PikminManager.
[10:24:28.7496733] [Info   :BrutalCompanyMinusExtraReborn] Got item: Galvanized square steel
[10:24:28.7496733] [Warning: LethalMin] Pikmin Item SquareSteel(Clone) does not exist in the PikminManager.
[10:24:28.7496733] [Info   :BrutalCompanyMinusExtraReborn] Got item: Toaster
[10:24:28.7496733] [Warning: LethalMin] Pikmin Item ToasterPrefab(Clone) does not exist in the PikminManager.
[10:24:28.7496733] [Info   :BrutalCompanyMinusExtraReborn] Got item: Tragedy mask Plushie
[10:24:28.7496733] [Warning: LethalMin] Pikmin Item TragedyPlush(Clone) does not exist in the PikminManager.
[10:24:28.7496733] [Info   :BrutalCompanyMinusExtraReborn] Got item: Toy robot
[10:24:28.7496733] [Warning: LethalMin] Pikmin Item RobotToy(Clone) does not exist in the PikminManager.
[10:24:28.7496733] [Info   :BrutalCompanyMinusExtraReborn] Got item: Hairdryer
[10:24:28.7496733] [Warning: LethalMin] Pikmin Item Hairdryer(Clone) does not exist in the PikminManager.
[10:24:28.7496733] [Info   :BrutalCompanyMinusExtraReborn] Got item: Alcohol Flask
[10:24:28.7496733] [Warning: LethalMin] Pikmin Item AlcoholFlaskPrefab(Clone) does not exist in the PikminManager.
[10:24:28.7496733] [Info   :BrutalCompanyMinusExtraReborn] Got item: Tea kettle
[10:24:28.7496733] [Warning: LethalMin] Pikmin Item TeaKettle(Clone) does not exist in the PikminManager.
[10:24:28.7506731] [Info   :BrutalCompanyMinusExtraReborn] Got item: Wine bottle
[10:24:28.7506731] [Warning: LethalMin] Pikmin Item WinebottlePrefab(Clone) does not exist in the PikminManager.
[10:24:28.7506731] [Info   :BrutalCompanyMinusExtraReborn] Got item: Tragedy mask Plushie
[10:24:28.7506731] [Warning: LethalMin] Pikmin Item TragedyPlush(Clone) does not exist in the PikminManager.
[10:24:28.7506731] [Info   :BrutalCompanyMinusExtraReborn] Got item: Ring
[10:24:28.7506731] [Warning: LethalMin] Pikmin Item FancyRing(Clone) does not exist in the PikminManager.
[10:24:28.7506731] [Info   :BrutalCompanyMinusExtraReborn] Got item: Lorenzo
[10:24:28.7506731] [Warning: LethalMin] Pikmin Item PictureLorenzo(Clone) does not exist in the PikminManager.
[10:24:28.7506731] [Info   :BrutalCompanyMinusExtraReborn] Got item: Rupee
[10:24:28.7506731] [Warning: LethalMin] Pikmin Item Ruppe(Clone) does not exist in the PikminManager.
[10:24:28.7506731] [Info   :BrutalCompanyMinusExtraReborn] Got item: Batty and Owl
[10:24:28.7506731] [Warning: LethalMin] Pikmin Item PictureBattyOwl(Clone) does not exist in the PikminManager.
[10:24:28.7506731] [Info   :BrutalCompanyMinusExtraReborn] Got item: Cartridge
[10:24:28.7506731] [Warning: LethalMin] Pikmin Item CartridgeItem(Clone) does not exist in the PikminManager.
[10:24:28.7506731] [Info   :BrutalCompanyMinusExtraReborn] Got item: Alcohol Flask
[10:24:28.7506731] [Warning: LethalMin] Pikmin Item AlcoholFlaskPrefab(Clone) does not exist in the PikminManager.
[10:24:28.7506731] [Info   :BrutalCompanyMinusExtraReborn] Got item: Laser pointer
[10:24:28.7506731] [Warning: LethalMin] Pikmin Item LaserPointer(Clone) does not exist in the PikminManager.
[10:24:28.7506731] [Info   :BrutalCompanyMinusExtraReborn] Got item: Shockwave Bot Plushie
[10:24:28.7506731] [Warning: LethalMin] Pikmin Item DelilahPlush(Clone) does not exist in the PikminManager.
[10:24:28.7506731] [Info   :BrutalCompanyMinusExtraReborn] Got item: Clock
[10:24:28.7506731] [Warning: LethalMin] Pikmin Item Clock(Clone) does not exist in the PikminManager.
[10:24:28.7506731] [Info   :BrutalCompanyMinusExtraReborn] Got item: Bunker Spider Plushie
[10:24:28.7506731] [Warning: LethalMin] Pikmin Item Bunkspidplush(Clone) does not exist in the PikminManager.
[10:24:28.7506731] [Info   :BrutalCompanyMinusExtraReborn] Got item: Jacu dog
[10:24:28.7506731] [Warning: LethalMin] Pikmin Item JacuPlushiePrefab(Clone) does not exist in the PikminManager.
[10:24:28.7506731] [Info   :BrutalCompanyMinusExtraReborn] Got item: Gremlin Can
[10:24:28.7506731] [Warning: LethalMin] Pikmin Item GremlinEnergy(Clone) does not exist in the PikminManager.
[10:24:28.7506731] [Info   :BrutalCompanyMinusExtraReborn] Got item: Ocarina
[10:24:28.7506731] [Warning: LethalMin] Pikmin Item Ocarina(Clone) does not exist in the PikminManager.
[10:24:28.7506731] [Info   :BrutalCompanyMinusExtraReborn] Got item: V-type engine
[10:24:28.7506731] [Warning: LethalMin] Pikmin Item EnginePart(Clone) does not exist in the PikminManager.
[10:24:28.7506731] [Info   :BrutalCompanyMinusExtraReborn] Got item: Large axle
[10:24:28.7506731] [Warning: LethalMin] Pikmin Item Cog(Clone) does not exist in the PikminManager.
[10:24:28.7908409] [Info   :KawaiiBone.Remnants] Patching remnant items.
[10:24:28.7918406] [Info   :KawaiiBone.Remnants] Randomizing items batteries.
[10:24:28.7918406] [Info   :KawaiiBone.Remnants] Spawning bodies.
[10:24:28.7918406] [Warning:KawaiiBone.Remnants] List to spawn bodies on, is null or is empty!
[10:24:28.7918406] [Info   :KawaiiBone.Remnants] Patching spawn remnant items.
[10:24:28.7918406] [Info   :KawaiiBone.Remnants] Has updated Boombox charge to 0.84
[10:24:28.7953484] [Info   : LethalMin] Binding input actions for Whisle(Clone)
[10:24:28.7963482] [Debug  : LethalMin] PikminNoticeZone has spawned
[10:24:28.7963482] [Debug  :ReXuvination] Optimised Collider layers in KillLocalPlayer for Object: KillTrigger (UnityEngine.GameObject)
[10:24:28.7988554] [Info   :KawaiiBone.Remnants] Patching end of Spawn Scrap.
[10:24:28.7988554] [Info   : LethalMin] Spawing Onion items
[10:24:28.8673965] [Info   : Unity Log] Anomaly random yrotation farthest: 311
[10:24:28.8673965] [Info   : Unity Log] Anomaly random yrotation farthest: 188
[10:24:28.8683958] [Info   : Unity Log] Anomaly random yrotation farthest: 240
[10:24:28.8683958] [Info   : Unity Log] Anomaly random yrotation farthest: 60
[10:24:28.8683958] [Info   : Unity Log] Anomaly random yrotation farthest: 247
[10:24:28.8804094] [Info   : Unity Log] Anomaly random yrotation farthest: 6
[10:24:28.8864211] [Info   : Unity Log] Anomaly random yrotation farthest: 231
[10:24:28.8904727] [Info   : Unity Log] Anomaly random yrotation farthest: 169
[10:24:28.8934785] [Info   : Unity Log] Anomaly random yrotation farthest: 298
[10:24:28.8964818] [Info   : Unity Log] Anomaly random yrotation farthest: 11
[10:24:28.8979856] [Info   : Unity Log] Anomaly random yrotation farthest: 287
[10:24:28.8999903] [Info   : Unity Log] Anomaly random yrotation farthest: 169
[10:24:28.9019907] [Info   : Unity Log] Anomaly random yrotation farthest: 292
[10:24:28.9034943] [Info   : Unity Log] Anomaly random yrotation farthest: 189
[10:24:28.9054983] [Info   : Unity Log] Anomaly random yrotation farthest: 63
[10:24:28.9074975] [Info   : Unity Log] Anomaly random yrotation farthest: 174
[10:24:28.9084982] [Info   : Unity Log] Anomaly random yrotation farthest: 285
[10:24:28.9104979] [Info   : Unity Log] Anomaly random yrotation farthest: 249
[10:24:28.9120018] [Info   : Unity Log] Anomaly random yrotation farthest: 228
[10:24:28.9120018] [Info   :LethalFixes] Cached 0 Outside Map Objects
[10:24:28.9285243] [Debug  :ReXuvination] Optimised Collider layers in InteractTrigger for Object: Cube (UnityEngine.GameObject)
[10:24:28.9285243] [Debug  :ReXuvination] Optimised Collider layers in InteractTrigger for Object: Cube (UnityEngine.GameObject)
[10:24:28.9285243] [Debug  :ReXuvination] Optimised Collider layers in InteractTrigger for Object: Cube (UnityEngine.GameObject)
[10:24:28.9285243] [Debug  :ReXuvination] Optimised Collider layers in InteractTrigger for Object: Cube (UnityEngine.GameObject)
[10:24:28.9285243] [Debug  :ReXuvination] Optimised Collider layers in InteractTrigger for Object: Cube (UnityEngine.GameObject)
[10:24:28.9285243] [Debug  :ReXuvination] Optimised Collider layers in InteractTrigger for Object: InteractTrigger (UnityEngine.GameObject)
[10:24:28.9285243] [Debug  :ReXuvination] Optimised Collider layers in InteractTrigger for Object: InteractTrigger (1) (UnityEngine.GameObject)
[10:24:28.9285243] [Debug  :ReXuvination] Optimised Collider layers in InteractTrigger for Object: Cube (UnityEngine.GameObject)
[10:24:28.9285243] [Debug  :ReXuvination] Optimised Collider layers in InteractTrigger for Object: Cube (UnityEngine.GameObject)
[10:24:28.9285243] [Debug  :ReXuvination] Optimised Collider layers in InteractTrigger for Object: Cube (UnityEngine.GameObject)
[10:24:28.9285243] [Debug  :ReXuvination] Optimised Collider layers in InteractTrigger for Object: Cube (UnityEngine.GameObject)
[10:24:28.9285243] [Debug  :ReXuvination] Optimised Collider layers in InteractTrigger for Object: Cube (UnityEngine.GameObject)
[10:24:28.9285243] [Debug  :ReXuvination] Optimised Collider layers in InteractTrigger for Object: Cube (UnityEngine.GameObject)
[10:24:28.9285243] [Debug  :ReXuvination] Optimised Collider layers in InteractTrigger for Object: Cube (UnityEngine.GameObject)
[10:24:28.9285243] [Debug  :ReXuvination] Optimised Collider layers in InteractTrigger for Object: Cube (UnityEngine.GameObject)
[10:24:28.9285243] [Debug  :ReXuvination] Optimised Collider layers in InteractTrigger for Object: Cube (UnityEngine.GameObject)
[10:24:28.9285243] [Debug  :ReXuvination] Optimised Collider layers in InteractTrigger for Object: Cube (UnityEngine.GameObject)
[10:24:28.9285243] [Debug  :ReXuvination] Optimised Collider layers in InteractTrigger for Object: InteractTrigger (UnityEngine.GameObject)
[10:24:28.9285243] [Debug  :ReXuvination] Optimised Collider layers in InteractTrigger for Object: InteractTrigger (1) (UnityEngine.GameObject)
[10:24:28.9285243] [Debug  :ReXuvination] Optimised Collider layers in InteractTrigger for Object: InteractTrigger (UnityEngine.GameObject)
[10:24:28.9285243] [Debug  :ReXuvination] Optimised Collider layers in InteractTrigger for Object: InteractTrigger (1) (UnityEngine.GameObject)
[10:24:28.9285243] [Debug  :ReXuvination] Optimised Collider layers in InteractTrigger for Object: Cube (UnityEngine.GameObject)
[10:24:28.9285243] [Debug  :ReXuvination] Optimised Collider layers in InteractTrigger for Object: InteractTrigger (UnityEngine.GameObject)
[10:24:28.9285243] [Debug  :ReXuvination] Optimised Collider layers in InteractTrigger for Object: InteractTrigger (1) (UnityEngine.GameObject)
[10:24:28.9285243] [Debug  :ReXuvination] Optimised Collider layers in InteractTrigger for Object: InteractTrigger (UnityEngine.GameObject)
[10:24:28.9285243] [Debug  :ReXuvination] Optimised Collider layers in InteractTrigger for Object: InteractTrigger (1) (UnityEngine.GameObject)
[10:24:28.9285243] [Debug  :ReXuvination] Optimised Collider layers in InteractTrigger for Object: Cube (UnityEngine.GameObject)
[10:24:28.9285243] [Debug  :ReXuvination] Optimised Collider layers in InteractTrigger for Object: InteractTrigger (UnityEngine.GameObject)
[10:24:28.9285243] [Debug  :ReXuvination] Optimised Collider layers in InteractTrigger for Object: InteractTrigger (1) (UnityEngine.GameObject)
[10:24:28.9285243] [Debug  :ReXuvination] Optimised Collider layers in InteractTrigger for Object: Cube (UnityEngine.GameObject)
[10:24:28.9285243] [Debug  :ReXuvination] Optimised Collider layers in InteractTrigger for Object: Cube (UnityEngine.GameObject)
[10:24:28.9285243] [Debug  :ReXuvination] Optimised Collider layers in InteractTrigger for Object: Cube (UnityEngine.GameObject)
[10:24:28.9285243] [Debug  :ReXuvination] Optimised Collider layers in InteractTrigger for Object: Cube (UnityEngine.GameObject)
[10:24:28.9285243] [Debug  :ReXuvination] Optimised Collider layers in InteractTrigger for Object: Cube (UnityEngine.GameObject)
[10:24:28.9285243] [Debug  :ReXuvination] Optimised Collider layers in InteractTrigger for Object: Cube (UnityEngine.GameObject)
[10:24:28.9285243] [Debug  :ReXuvination] Optimised Collider layers in InteractTrigger for Object: Cube (UnityEngine.GameObject)
[10:24:28.9285243] [Debug  :ReXuvination] Optimised Collider layers in InteractTrigger for Object: Cube (UnityEngine.GameObject)
[10:24:28.9285243] [Debug  :ReXuvination] Optimised Collider layers in InteractTrigger for Object: Cube (UnityEngine.GameObject)
[10:24:28.9285243] [Debug  :ReXuvination] Optimised Collider layers in InteractTrigger for Object: InteractTrigger (UnityEngine.GameObject)
[10:24:28.9285243] [Debug  :ReXuvination] Optimised Collider layers in InteractTrigger for Object: InteractTrigger (1) (UnityEngine.GameObject)
[10:24:28.9285243] [Debug  :ReXuvination] Optimised Collider layers in InteractTrigger for Object: Cube (UnityEngine.GameObject)
[10:24:28.9285243] [Debug  :ReXuvination] Optimised Collider layers in InteractTrigger for Object: InteractTrigger (UnityEngine.GameObject)
[10:24:28.9285243] [Debug  :ReXuvination] Optimised Collider layers in InteractTrigger for Object: InteractTrigger (1) (UnityEngine.GameObject)
[10:24:28.9285243] [Debug  :ReXuvination] Optimised Collider layers in InteractTrigger for Object: Cube (UnityEngine.GameObject)
[10:24:28.9285243] [Debug  :ReXuvination] Optimised Collider layers in InteractTrigger for Object: Cube (UnityEngine.GameObject)
[10:24:28.9285243] [Debug  :ReXuvination] Optimised Collider layers in InteractTrigger for Object: Cube (UnityEngine.GameObject)
[10:24:28.9285243] [Debug  :ReXuvination] Optimised Collider layers in InteractTrigger for Object: Cube (UnityEngine.GameObject)
[10:24:28.9285243] [Debug  :ReXuvination] Optimised Collider layers in InteractTrigger for Object: InteractTrigger (UnityEngine.GameObject)
[10:24:28.9285243] [Debug  :ReXuvination] Optimised Collider layers in InteractTrigger for Object: InteractTrigger (1) (UnityEngine.GameObject)
[10:24:28.9285243] [Debug  :ReXuvination] Optimised Collider layers in InteractTrigger for Object: InteractTrigger (UnityEngine.GameObject)
[10:24:28.9285243] [Debug  :ReXuvination] Optimised Collider layers in InteractTrigger for Object: InteractTrigger (1) (UnityEngine.GameObject)
[10:24:28.9285243] [Debug  :ReXuvination] Optimised Collider layers in InteractTrigger for Object: InteractTrigger (UnityEngine.GameObject)
[10:24:28.9285243] [Debug  :ReXuvination] Optimised Collider layers in InteractTrigger for Object: InteractTrigger (1) (UnityEngine.GameObject)
[10:24:28.9285243] [Debug  :ReXuvination] Optimised Collider layers in InteractTrigger for Object: InteractTrigger (UnityEngine.GameObject)
[10:24:28.9285243] [Debug  :ReXuvination] Optimised Collider layers in InteractTrigger for Object: InteractTrigger (1) (UnityEngine.GameObject)
[10:24:28.9285243] [Debug  :ReXuvination] Optimised Collider layers in InteractTrigger for Object: InteractTrigger (UnityEngine.GameObject)
[10:24:28.9285243] [Debug  :ReXuvination] Optimised Collider layers in InteractTrigger for Object: InteractTrigger (1) (UnityEngine.GameObject)
[10:24:28.9285243] [Debug  :ReXuvination] Optimised Collider layers in InteractTrigger for Object: InteractTrigger (UnityEngine.GameObject)
[10:24:28.9285243] [Debug  :ReXuvination] Optimised Collider layers in InteractTrigger for Object: InteractTrigger (1) (UnityEngine.GameObject)
[10:24:28.9285243] [Debug  :ReXuvination] Optimised Collider layers in InteractTrigger for Object: Cube (UnityEngine.GameObject)
[10:24:28.9285243] [Debug  :ReXuvination] Optimised Collider layers in InteractTrigger for Object: Cube (UnityEngine.GameObject)
[10:24:28.9285243] [Debug  :ReXuvination] Optimised Collider layers in InteractTrigger for Object: Cube (UnityEngine.GameObject)
[10:24:28.9285243] [Debug  :ReXuvination] Optimised Collider layers in InteractTrigger for Object: Cube (UnityEngine.GameObject)
[10:24:28.9285243] [Debug  :ReXuvination] Optimised Collider layers in InteractTrigger for Object: Cube (UnityEngine.GameObject)
[10:24:28.9285243] [Debug  :ReXuvination] Optimised Collider layers in InteractTrigger for Object: InteractTrigger (UnityEngine.GameObject)
[10:24:28.9285243] [Debug  :ReXuvination] Optimised Collider layers in InteractTrigger for Object: InteractTrigger (1) (UnityEngine.GameObject)
[10:24:28.9285243] [Debug  :ReXuvination] Optimised Collider layers in InteractTrigger for Object: Cube (UnityEngine.GameObject)
[10:24:28.9285243] [Debug  :ReXuvination] Optimised Collider layers in InteractTrigger for Object: Cube (UnityEngine.GameObject)
[10:24:28.9285243] [Debug  :ReXuvination] Optimised Collider layers in InteractTrigger for Object: InteractTrigger (UnityEngine.GameObject)
[10:24:28.9285243] [Debug  :ReXuvination] Optimised Collider layers in InteractTrigger for Object: InteractTrigger (1) (UnityEngine.GameObject)
[10:24:28.9285243] [Debug  :ReXuvination] Optimised Collider layers in InteractTrigger for Object: Cube (UnityEngine.GameObject)
[10:24:28.9285243] [Debug  :ReXuvination] Optimised Collider layers in InteractTrigger for Object: Cube (UnityEngine.GameObject)
[10:24:28.9285243] [Debug  :ReXuvination] Optimised Collider layers in InteractTrigger for Object: Cube (UnityEngine.GameObject)
[10:24:28.9285243] [Debug  :ReXuvination] Optimised Collider layers in InteractTrigger for Object: Cube (UnityEngine.GameObject)
[10:24:28.9285243] [Debug  :ReXuvination] Optimised Collider layers in InteractTrigger for Object: InteractTrigger (UnityEngine.GameObject)
[10:24:28.9285243] [Debug  :ReXuvination] Optimised Collider layers in InteractTrigger for Object: InteractTrigger (1) (UnityEngine.GameObject)
[10:24:28.9285243] [Debug  :ReXuvination] Optimised Collider layers in InteractTrigger for Object: Cube (UnityEngine.GameObject)
[10:24:28.9285243] [Debug  :ReXuvination] Optimised Collider layers in InteractTrigger for Object: Cube (UnityEngine.GameObject)
[10:24:28.9285243] [Debug  :ReXuvination] Optimised Collider layers in InteractTrigger for Object: InteractTrigger (UnityEngine.GameObject)
[10:24:28.9295262] [Debug  :ReXuvination] Optimised Collider layers in InteractTrigger for Object: InteractTrigger (1) (UnityEngine.GameObject)
[10:24:28.9295262] [Debug  :ReXuvination] Optimised Collider layers in InteractTrigger for Object: Cube (UnityEngine.GameObject)
[10:24:28.9295262] [Debug  :ReXuvination] Optimised Collider layers in InteractTrigger for Object: Cube (UnityEngine.GameObject)
[10:24:28.9295262] [Debug  :ReXuvination] Optimised Collider layers in InteractTrigger for Object: Cube (UnityEngine.GameObject)
[10:24:28.9295262] [Debug  :ReXuvination] Optimised Collider layers in InteractTrigger for Object: Cube (UnityEngine.GameObject)
[10:24:28.9295262] [Debug  :ReXuvination] Optimised Collider layers in InteractTrigger for Object: Cube (UnityEngine.GameObject)
[10:24:28.9295262] [Debug  :ReXuvination] Optimised Collider layers in InteractTrigger for Object: Cube (UnityEngine.GameObject)
[10:24:28.9295262] [Debug  :ReXuvination] Optimised Collider layers in InteractTrigger for Object: InteractTrigger (UnityEngine.GameObject)
[10:24:28.9295262] [Debug  :ReXuvination] Optimised Collider layers in InteractTrigger for Object: InteractTrigger (1) (UnityEngine.GameObject)
[10:24:28.9295262] [Debug  :ReXuvination] Optimised Collider layers in InteractTrigger for Object: InteractTrigger (UnityEngine.GameObject)
[10:24:28.9295262] [Debug  :ReXuvination] Optimised Collider layers in InteractTrigger for Object: InteractTrigger (1) (UnityEngine.GameObject)
[10:24:28.9295262] [Debug  :ReXuvination] Optimised Collider layers in InteractTrigger for Object: InteractTrigger (UnityEngine.GameObject)
[10:24:28.9295262] [Debug  :ReXuvination] Optimised Collider layers in InteractTrigger for Object: InteractTrigger (1) (UnityEngine.GameObject)
[10:24:28.9295262] [Debug  :ReXuvination] Optimised Collider layers in InteractTrigger for Object: InteractTrigger (UnityEngine.GameObject)
[10:24:28.9295262] [Debug  :ReXuvination] Optimised Collider layers in InteractTrigger for Object: InteractTrigger (1) (UnityEngine.GameObject)
[10:24:28.9295262] [Debug  :ReXuvination] Optimised Collider layers in InteractTrigger for Object: InteractTrigger (UnityEngine.GameObject)
[10:24:28.9295262] [Debug  :ReXuvination] Optimised Collider layers in InteractTrigger for Object: InteractTrigger (1) (UnityEngine.GameObject)
[10:24:28.9295262] [Debug  :ReXuvination] Optimised Collider layers in InteractTrigger for Object: Cube (UnityEngine.GameObject)
[10:24:28.9295262] [Debug  :ReXuvination] Optimised Collider layers in InteractTrigger for Object: Cube (UnityEngine.GameObject)
[10:24:28.9295262] [Debug  :ReXuvination] Optimised Collider layers in InteractTrigger for Object: Cube (UnityEngine.GameObject)
[10:24:28.9295262] [Debug  :ReXuvination] Optimised Collider layers in InteractTrigger for Object: Cube (UnityEngine.GameObject)
[10:24:28.9295262] [Debug  :ReXuvination] Optimised Collider layers in InteractTrigger for Object: InteractTrigger (UnityEngine.GameObject)
[10:24:28.9295262] [Debug  :ReXuvination] Optimised Collider layers in InteractTrigger for Object: InteractTrigger (1) (UnityEngine.GameObject)
[10:24:28.9295262] [Debug  :ReXuvination] Optimised Collider layers in InteractTrigger for Object: Cube (UnityEngine.GameObject)
[10:24:28.9295262] [Debug  :ReXuvination] Optimised Collider layers in InteractTrigger for Object: Cube (UnityEngine.GameObject)
[10:24:28.9295262] [Debug  :ReXuvination] Optimised Collider layers in InteractTrigger for Object: Cube (UnityEngine.GameObject)
[10:24:28.9295262] [Debug  :ReXuvination] Optimised Collider layers in InteractTrigger for Object: Cube (UnityEngine.GameObject)
[10:24:28.9295262] [Debug  :ReXuvination] Optimised Collider layers in InteractTrigger for Object: Cube (UnityEngine.GameObject)
[10:24:28.9295262] [Debug  :ReXuvination] Optimised Collider layers in InteractTrigger for Object: InteractTrigger (UnityEngine.GameObject)
[10:24:28.9295262] [Debug  :ReXuvination] Optimised Collider layers in InteractTrigger for Object: InteractTrigger (1) (UnityEngine.GameObject)
[10:24:28.9295262] [Debug  :ReXuvination] Optimised Collider layers in InteractTrigger for Object: InteractTrigger (UnityEngine.GameObject)
[10:24:28.9295262] [Debug  :ReXuvination] Optimised Collider layers in InteractTrigger for Object: InteractTrigger (1) (UnityEngine.GameObject)
[10:24:28.9295262] [Debug  :ReXuvination] Optimised Collider layers in InteractTrigger for Object: InteractTrigger (UnityEngine.GameObject)
[10:24:28.9295262] [Debug  :ReXuvination] Optimised Collider layers in InteractTrigger for Object: InteractTrigger (1) (UnityEngine.GameObject)
[10:24:28.9295262] [Debug  :ReXuvination] Optimised Collider layers in InteractTrigger for Object: InteractTrigger (UnityEngine.GameObject)
[10:24:28.9295262] [Debug  :ReXuvination] Optimised Collider layers in InteractTrigger for Object: InteractTrigger (1) (UnityEngine.GameObject)
[10:24:28.9295262] [Debug  :ReXuvination] Optimised Collider layers in InteractTrigger for Object: Cube (UnityEngine.GameObject)
[10:24:28.9295262] [Debug  :ReXuvination] Optimised Collider layers in InteractTrigger for Object: Cube (UnityEngine.GameObject)
[10:24:28.9295262] [Debug  :ReXuvination] Optimised Collider layers in InteractTrigger for Object: Cube (UnityEngine.GameObject)
[10:24:28.9295262] [Debug  :ReXuvination] Optimised Collider layers in InteractTrigger for Object: Cube (UnityEngine.GameObject)
[10:24:28.9295262] [Debug  :ReXuvination] Optimised Collider layers in InteractTrigger for Object: Cube (UnityEngine.GameObject)
[10:24:28.9295262] [Debug  :ReXuvination] Optimised Collider layers in InteractTrigger for Object: InteractTrigger (UnityEngine.GameObject)
[10:24:28.9295262] [Debug  :ReXuvination] Optimised Collider layers in InteractTrigger for Object: InteractTrigger (1) (UnityEngine.GameObject)
[10:24:28.9295262] [Debug  :ReXuvination] Optimised Collider layers in InteractTrigger for Object: InteractTrigger (UnityEngine.GameObject)
[10:24:28.9295262] [Debug  :ReXuvination] Optimised Collider layers in InteractTrigger for Object: InteractTrigger (1) (UnityEngine.GameObject)
[10:24:28.9295262] [Debug  :ReXuvination] Optimised Collider layers in InteractTrigger for Object: InteractTrigger (UnityEngine.GameObject)
[10:24:28.9295262] [Debug  :ReXuvination] Optimised Collider layers in InteractTrigger for Object: InteractTrigger (1) (UnityEngine.GameObject)
[10:24:28.9295262] [Debug  :ReXuvination] Optimised Collider layers in InteractTrigger for Object: InteractTrigger (UnityEngine.GameObject)
[10:24:28.9295262] [Debug  :ReXuvination] Optimised Collider layers in InteractTrigger for Object: InteractTrigger (1) (UnityEngine.GameObject)
[10:24:28.9295262] [Debug  :ReXuvination] Optimised Collider layers in InteractTrigger for Object: Cube (UnityEngine.GameObject)
[10:24:28.9295262] [Debug  :ReXuvination] Optimised Collider layers in InteractTrigger for Object: InteractTrigger (UnityEngine.GameObject)
[10:24:28.9295262] [Debug  :ReXuvination] Optimised Collider layers in InteractTrigger for Object: InteractTrigger (1) (UnityEngine.GameObject)
[10:24:28.9295262] [Debug  :ReXuvination] Optimised Collider layers in InteractTrigger for Object: Cube (UnityEngine.GameObject)
[10:24:28.9295262] [Debug  :ReXuvination] Optimised Collider layers in InteractTrigger for Object: Cube (UnityEngine.GameObject)
[10:24:28.9295262] [Debug  :ReXuvination] Optimised Collider layers in InteractTrigger for Object: Cube (UnityEngine.GameObject)
[10:24:28.9295262] [Debug  :ReXuvination] Optimised Collider layers in InteractTrigger for Object: Cube (UnityEngine.GameObject)
[10:24:28.9295262] [Debug  :ReXuvination] Optimised Collider layers in InteractTrigger for Object: Cube (UnityEngine.GameObject)
[10:24:28.9295262] [Debug  :ReXuvination] Optimised Collider layers in InteractTrigger for Object: Cube (UnityEngine.GameObject)
[10:24:28.9295262] [Debug  :ReXuvination] Optimised Collider layers in InteractTrigger for Object: Cube (UnityEngine.GameObject)
[10:24:28.9295262] [Debug  :ReXuvination] Optimised Collider layers in InteractTrigger for Object: Cube (UnityEngine.GameObject)
[10:24:28.9295262] [Debug  :ReXuvination] Optimised Collider layers in InteractTrigger for Object: InteractTrigger (UnityEngine.GameObject)
[10:24:28.9295262] [Debug  :ReXuvination] Optimised Collider layers in InteractTrigger for Object: InteractTrigger (UnityEngine.GameObject)
[10:24:28.9295262] [Debug  :ReXuvination] Optimised Collider layers in InteractTrigger for Object: InteractTrigger (UnityEngine.GameObject)
[10:24:28.9295262] [Debug  :ReXuvination] Optimised Collider layers in InteractTrigger for Object: EntranceTeleportB(Clone) (UnityEngine.GameObject)
[10:24:28.9295262] [Debug  :ReXuvination] Optimised Collider layers in InteractTrigger for Object: Cube (UnityEngine.GameObject)
[10:24:28.9295262] [Debug  :ReXuvination] Optimised Collider layers in InteractTrigger for Object: Cube (UnityEngine.GameObject)
[10:24:28.9295262] [Debug  :ReXuvination] Optimised Collider layers in InteractTrigger for Object: Cube (UnityEngine.GameObject)
[10:24:28.9295262] [Debug  :ReXuvination] Optimised Collider layers in InteractTrigger for Object: Cube (UnityEngine.GameObject)
[10:24:28.9295262] [Debug  :ReXuvination] Optimised Collider layers in InteractTrigger for Object: Cube (UnityEngine.GameObject)
[10:24:28.9295262] [Debug  :ReXuvination] Optimised Collider layers in InteractTrigger for Object: Cube (UnityEngine.GameObject)
[10:24:28.9295262] [Debug  :ReXuvination] Optimised Collider layers in InteractTrigger for Object: Cube (UnityEngine.GameObject)
[10:24:28.9295262] [Debug  :ReXuvination] Optimised Collider layers in InteractTrigger for Object: InteractTrigger (UnityEngine.GameObject)
[10:24:28.9295262] [Debug  :ReXuvination] Optimised Collider layers in InteractTrigger for Object: InteractTrigger (UnityEngine.GameObject)
[10:24:28.9295262] [Debug  :ReXuvination] Optimised Collider layers in InteractTrigger for Object: InteractTrigger (UnityEngine.GameObject)
[10:24:28.9295262] [Debug  :ReXuvination] Optimised Collider layers in InteractTrigger for Object: InteractTrigger (UnityEngine.GameObject)
[10:24:28.9295262] [Debug  :ReXuvination] Optimised Collider layers in InteractTrigger for Object: EntranceTeleportB(Clone) (UnityEngine.GameObject)
[10:24:28.9295262] [Debug  :ReXuvination] Optimised Collider layers in InteractTrigger for Object: BreakerSwitch1 (UnityEngine.GameObject)
[10:24:28.9295262] [Debug  :ReXuvination] Optimised Collider layers in InteractTrigger for Object: BreakerSwitch2 (UnityEngine.GameObject)
[10:24:28.9295262] [Debug  :ReXuvination] Optimised Collider layers in InteractTrigger for Object: BreakerSwitch3 (UnityEngine.GameObject)
[10:24:28.9295262] [Debug  :ReXuvination] Optimised Collider layers in InteractTrigger for Object: BreakerSwitch4 (UnityEngine.GameObject)
[10:24:28.9295262] [Debug  :ReXuvination] Optimised Collider layers in InteractTrigger for Object: BreakerSwitch5 (UnityEngine.GameObject)
[10:24:28.9295262] [Debug  :ReXuvination] Optimised Collider layers in InteractTrigger for Object: PowerBoxDoor (UnityEngine.GameObject)
[10:24:28.9295262] [Debug  :ReXuvination] Optimised Collider layers in InteractTrigger for Object: InteractTrigger (UnityEngine.GameObject)
[10:24:28.9295262] [Debug  :ReXuvination] Optimised Collider layers in InteractTrigger for Object: GeneratorInteractTrigger (UnityEngine.GameObject)
[10:24:28.9295262] [Debug  :ReXuvination] Optimised Collider layers in InteractTrigger for Object: EntranceTeleportB(Clone) (UnityEngine.GameObject)
[10:24:28.9295262] [Debug  :ReXuvination] Optimised Collider layers in InteractTrigger for Object: Cube (UnityEngine.GameObject)
[10:24:28.9295262] [Debug  :ReXuvination] Optimised Collider layers in InteractTrigger for Object: Cube (UnityEngine.GameObject)
[10:24:28.9295262] [Debug  :ReXuvination] Optimised Collider layers in InteractTrigger for Object: Cube (UnityEngine.GameObject)
[10:24:28.9295262] [Debug  :ReXuvination] Optimised Collider layers in InteractTrigger for Object: Cube (UnityEngine.GameObject)
[10:24:28.9295262] [Debug  :ReXuvination] Optimised Collider layers in InteractTrigger for Object: Cube (UnityEngine.GameObject)
[10:24:28.9295262] [Debug  :ReXuvination] Optimised Collider layers in InteractTrigger for Object: Cube (UnityEngine.GameObject)
[10:24:28.9295262] [Debug  :ReXuvination] Optimised Collider layers in InteractTrigger for Object: Cube (UnityEngine.GameObject)
[10:24:28.9295262] [Debug  :ReXuvination] Optimised Collider layers in InteractTrigger for Object: Cube (UnityEngine.GameObject)
[10:24:28.9295262] [Debug  :ReXuvination] Optimised Collider layers in InteractTrigger for Object: Cube (UnityEngine.GameObject)
[10:24:28.9295262] [Debug  :ReXuvination] Optimised Collider layers in InteractTrigger for Object: InteractTrigger (UnityEngine.GameObject)
[10:24:28.9295262] [Debug  :ReXuvination] Optimised Collider layers in InteractTrigger for Object: InteractTrigger (UnityEngine.GameObject)
[10:24:28.9305243] [Debug  :ReXuvination] Optimised Collider layers in InteractTrigger for Object: InteractTrigger (UnityEngine.GameObject)
[10:24:28.9305243] [Debug  :ReXuvination] Optimised Collider layers in InteractTrigger for Object: InteractTrigger (UnityEngine.GameObject)
[10:24:28.9305243] [Debug  :ReXuvination] Optimised Collider layers in InteractTrigger for Object: Cube (UnityEngine.GameObject)
[10:24:28.9305243] [Debug  :ReXuvination] Optimised Collider layers in InteractTrigger for Object: Cube (UnityEngine.GameObject)
[10:24:28.9305243] [Debug  :ReXuvination] Optimised Collider layers in InteractTrigger for Object: Cube (UnityEngine.GameObject)
[10:24:28.9305243] [Debug  :ReXuvination] Optimised Collider layers in InteractTrigger for Object: Cube (UnityEngine.GameObject)
[10:24:28.9305243] [Debug  :ReXuvination] Optimised Collider layers in InteractTrigger for Object: Cube (UnityEngine.GameObject)
[10:24:28.9305243] [Debug  :ReXuvination] Optimised Collider layers in InteractTrigger for Object: Cube (UnityEngine.GameObject)
[10:24:28.9305243] [Debug  :ReXuvination] Optimised Collider layers in InteractTrigger for Object: Cube (UnityEngine.GameObject)
[10:24:28.9305243] [Debug  :ReXuvination] Optimised Collider layers in InteractTrigger for Object: Cube (UnityEngine.GameObject)
[10:24:28.9305243] [Debug  :ReXuvination] Optimised Collider layers in InteractTrigger for Object: Cube (UnityEngine.GameObject)
[10:24:28.9305243] [Debug  :ReXuvination] Optimised Collider layers in InteractTrigger for Object: InteractTrigger (UnityEngine.GameObject)
[10:24:28.9305243] [Debug  :ReXuvination] Optimised Collider layers in InteractTrigger for Object: InteractTrigger (UnityEngine.GameObject)
[10:24:28.9305243] [Debug  :ReXuvination] Optimised Collider layers in InteractTrigger for Object: InteractTrigger (UnityEngine.GameObject)
[10:24:28.9305243] [Debug  :ReXuvination] Optimised Collider layers in InteractTrigger for Object: InteractTrigger (UnityEngine.GameObject)
[10:24:28.9305243] [Debug  :ReXuvination] Optimised Collider layers in InteractTrigger for Object: Cube (UnityEngine.GameObject)
[10:24:28.9305243] [Debug  :ReXuvination] Optimised Collider layers in InteractTrigger for Object: Cube (UnityEngine.GameObject)
[10:24:28.9305243] [Debug  :ReXuvination] Optimised Collider layers in InteractTrigger for Object: Cube (UnityEngine.GameObject)
[10:24:28.9305243] [Debug  :ReXuvination] Optimised Collider layers in InteractTrigger for Object: Cube (UnityEngine.GameObject)
[10:24:28.9305243] [Debug  :ReXuvination] Optimised Collider layers in InteractTrigger for Object: Cube (UnityEngine.GameObject)
[10:24:28.9305243] [Debug  :ReXuvination] Optimised Collider layers in InteractTrigger for Object: Cube (UnityEngine.GameObject)
[10:24:28.9305243] [Debug  :ReXuvination] Optimised Collider layers in InteractTrigger for Object: Cube (UnityEngine.GameObject)
[10:24:28.9305243] [Debug  :ReXuvination] Optimised Collider layers in InteractTrigger for Object: Cube (UnityEngine.GameObject)
[10:24:28.9305243] [Debug  :ReXuvination] Optimised Collider layers in InteractTrigger for Object: InteractTrigger (UnityEngine.GameObject)
[10:24:28.9305243] [Debug  :ReXuvination] Optimised Collider layers in InteractTrigger for Object: InteractTrigger (UnityEngine.GameObject)
[10:24:28.9305243] [Debug  :ReXuvination] Optimised Collider layers in InteractTrigger for Object: InteractTrigger (UnityEngine.GameObject)
[10:24:28.9305243] [Debug  :ReXuvination] Optimised Collider layers in InteractTrigger for Object: Cube (UnityEngine.GameObject)
[10:24:28.9305243] [Debug  :ReXuvination] Optimised Collider layers in InteractTrigger for Object: Cube (UnityEngine.GameObject)
[10:24:28.9305243] [Debug  :ReXuvination] Optimised Collider layers in InteractTrigger for Object: Cube (UnityEngine.GameObject)
[10:24:28.9305243] [Debug  :ReXuvination] Optimised Collider layers in InteractTrigger for Object: Cube (UnityEngine.GameObject)
[10:24:28.9305243] [Debug  :ReXuvination] Optimised Collider layers in InteractTrigger for Object: Cube (UnityEngine.GameObject)
[10:24:28.9305243] [Debug  :ReXuvination] Optimised Collider layers in InteractTrigger for Object: Cube (UnityEngine.GameObject)
[10:24:28.9305243] [Debug  :ReXuvination] Optimised Collider layers in InteractTrigger for Object: Cube (UnityEngine.GameObject)
[10:24:28.9305243] [Debug  :ReXuvination] Optimised Collider layers in InteractTrigger for Object: Cube (UnityEngine.GameObject)
[10:24:28.9305243] [Debug  :ReXuvination] Optimised Collider layers in InteractTrigger for Object: Cube (UnityEngine.GameObject)
[10:24:28.9305243] [Debug  :ReXuvination] Optimised Collider layers in InteractTrigger for Object: InteractTrigger (UnityEngine.GameObject)
[10:24:28.9305243] [Debug  :ReXuvination] Optimised Collider layers in InteractTrigger for Object: InteractTrigger (UnityEngine.GameObject)
[10:24:28.9305243] [Debug  :ReXuvination] Optimised Collider layers in InteractTrigger for Object: InteractTrigger (UnityEngine.GameObject)
[10:24:28.9305243] [Debug  :ReXuvination] Optimised Collider layers in InteractTrigger for Object: Cube (UnityEngine.GameObject)
[10:24:28.9305243] [Debug  :ReXuvination] Optimised Collider layers in InteractTrigger for Object: Cube (UnityEngine.GameObject)
[10:24:28.9305243] [Debug  :ReXuvination] Optimised Collider layers in InteractTrigger for Object: Cube (UnityEngine.GameObject)
[10:24:28.9305243] [Debug  :ReXuvination] Optimised Collider layers in InteractTrigger for Object: Cube (UnityEngine.GameObject)
[10:24:28.9305243] [Debug  :ReXuvination] Optimised Collider layers in InteractTrigger for Object: Cube (UnityEngine.GameObject)
[10:24:28.9305243] [Debug  :ReXuvination] Optimised Collider layers in InteractTrigger for Object: Cube (UnityEngine.GameObject)
[10:24:28.9305243] [Debug  :ReXuvination] Optimised Collider layers in InteractTrigger for Object: Cube (UnityEngine.GameObject)
[10:24:28.9305243] [Debug  :ReXuvination] Optimised Collider layers in InteractTrigger for Object: InteractTrigger (UnityEngine.GameObject)
[10:24:28.9305243] [Debug  :ReXuvination] Optimised Collider layers in InteractTrigger for Object: InteractTrigger (UnityEngine.GameObject)
[10:24:28.9305243] [Debug  :ReXuvination] Optimised Collider layers in InteractTrigger for Object: InteractTrigger (UnityEngine.GameObject)
[10:24:28.9305243] [Debug  :ReXuvination] Optimised Collider layers in InteractTrigger for Object: InteractTrigger (UnityEngine.GameObject)
[10:24:28.9305243] [Debug  :ReXuvination] Optimised Collider layers in InteractTrigger for Object: InteractTrigger (UnityEngine.GameObject)
[10:24:28.9305243] [Debug  :ReXuvination] Optimised Collider layers in InteractTrigger for Object: Cube (UnityEngine.GameObject)
[10:24:28.9305243] [Debug  :ReXuvination] Optimised Collider layers in InteractTrigger for Object: Cube (UnityEngine.GameObject)
[10:24:28.9305243] [Debug  :ReXuvination] Optimised Collider layers in InteractTrigger for Object: Cube (UnityEngine.GameObject)
[10:24:28.9305243] [Debug  :ReXuvination] Optimised Collider layers in InteractTrigger for Object: Cube (UnityEngine.GameObject)
[10:24:28.9305243] [Debug  :ReXuvination] Optimised Collider layers in InteractTrigger for Object: Cube (UnityEngine.GameObject)
[10:24:28.9305243] [Debug  :ReXuvination] Optimised Collider layers in InteractTrigger for Object: Cube (UnityEngine.GameObject)
[10:24:28.9305243] [Debug  :ReXuvination] Optimised Collider layers in InteractTrigger for Object: Cube (UnityEngine.GameObject)
[10:24:28.9305243] [Debug  :ReXuvination] Optimised Collider layers in InteractTrigger for Object: InteractTrigger (UnityEngine.GameObject)
[10:24:28.9305243] [Debug  :ReXuvination] Optimised Collider layers in InteractTrigger for Object: InteractTrigger (UnityEngine.GameObject)
[10:24:28.9305243] [Debug  :ReXuvination] Optimised Collider layers in InteractTrigger for Object: InteractTrigger (UnityEngine.GameObject)
[10:24:28.9305243] [Debug  :ReXuvination] Optimised Collider layers in InteractTrigger for Object: Cube (UnityEngine.GameObject)
[10:24:28.9305243] [Debug  :ReXuvination] Optimised Collider layers in InteractTrigger for Object: Cube (UnityEngine.GameObject)
[10:24:28.9305243] [Debug  :ReXuvination] Optimised Collider layers in InteractTrigger for Object: Cube (UnityEngine.GameObject)
[10:24:28.9305243] [Debug  :ReXuvination] Optimised Collider layers in InteractTrigger for Object: Cube (UnityEngine.GameObject)
[10:24:28.9305243] [Debug  :ReXuvination] Optimised Collider layers in InteractTrigger for Object: Cube (UnityEngine.GameObject)
[10:24:28.9305243] [Debug  :ReXuvination] Optimised Collider layers in InteractTrigger for Object: Cube (UnityEngine.GameObject)
[10:24:28.9305243] [Debug  :ReXuvination] Optimised Collider layers in InteractTrigger for Object: Cube (UnityEngine.GameObject)
[10:24:28.9305243] [Debug  :ReXuvination] Optimised Collider layers in InteractTrigger for Object: Cube (UnityEngine.GameObject)
[10:24:28.9305243] [Debug  :ReXuvination] Optimised Collider layers in InteractTrigger for Object: Cube (UnityEngine.GameObject)
[10:24:28.9305243] [Debug  :ReXuvination] Optimised Collider layers in InteractTrigger for Object: InteractTrigger (UnityEngine.GameObject)
[10:24:28.9305243] [Debug  :ReXuvination] Optimised Collider layers in InteractTrigger for Object: InteractTrigger (UnityEngine.GameObject)
[10:24:28.9305243] [Debug  :ReXuvination] Optimised Collider layers in InteractTrigger for Object: InteractTrigger (UnityEngine.GameObject)
[10:24:28.9305243] [Debug  :ReXuvination] Optimised Collider layers in InteractTrigger for Object: InteractTrigger (UnityEngine.GameObject)
[10:24:28.9305243] [Debug  :ReXuvination] Optimised Collider layers in InteractTrigger for Object: InteractTrigger (UnityEngine.GameObject)
[10:24:28.9305243] [Debug  :ReXuvination] Optimised Collider layers in InteractTrigger for Object: Cube (UnityEngine.GameObject)
[10:24:28.9305243] [Debug  :ReXuvination] Optimised Collider layers in InteractTrigger for Object: Cube (UnityEngine.GameObject)
[10:24:28.9305243] [Debug  :ReXuvination] Optimised Collider layers in InteractTrigger for Object: Cube (UnityEngine.GameObject)
[10:24:28.9305243] [Debug  :ReXuvination] Optimised Collider layers in InteractTrigger for Object: Cube (UnityEngine.GameObject)
[10:24:28.9305243] [Debug  :ReXuvination] Optimised Collider layers in InteractTrigger for Object: Cube (UnityEngine.GameObject)
[10:24:28.9305243] [Debug  :ReXuvination] Optimised Collider layers in InteractTrigger for Object: Cube (UnityEngine.GameObject)
[10:24:28.9305243] [Debug  :ReXuvination] Optimised Collider layers in InteractTrigger for Object: Cube (UnityEngine.GameObject)
[10:24:28.9305243] [Debug  :ReXuvination] Optimised Collider layers in InteractTrigger for Object: Cube (UnityEngine.GameObject)
[10:24:28.9305243] [Debug  :ReXuvination] Optimised Collider layers in InteractTrigger for Object: Cube (UnityEngine.GameObject)
[10:24:28.9305243] [Debug  :ReXuvination] Optimised Collider layers in InteractTrigger for Object: InteractTrigger (UnityEngine.GameObject)
[10:24:28.9305243] [Debug  :ReXuvination] Optimised Collider layers in InteractTrigger for Object: InteractTrigger (UnityEngine.GameObject)
[10:24:28.9305243] [Debug  :ReXuvination] Optimised Collider layers in InteractTrigger for Object: InteractTrigger (UnityEngine.GameObject)
[10:24:28.9305243] [Debug  :ReXuvination] Optimised Collider layers in InteractTrigger for Object: InteractTrigger (UnityEngine.GameObject)
[10:24:28.9305243] [Debug  :ReXuvination] Optimised Collider layers in InteractTrigger for Object: EntranceTeleportA(Clone) (UnityEngine.GameObject)
[10:24:28.9305243] [Debug  :ReXuvination] Optimised Collider layers in InteractTrigger for Object: EntranceTeleportA(Clone) (UnityEngine.GameObject)
[10:24:28.9305243] [Debug  :ReXuvination] Optimised Collider layers in InteractTrigger for Object: KillTrigger (UnityEngine.GameObject)
[10:24:28.9305243] [Debug  :ReXuvination] Optimised Collider layers in InteractTrigger for Object: ExtLadderTrigger (UnityEngine.GameObject)
[10:24:28.9320286] [Info   : LethalMin] Creating PikminItemNode for LungApparatus(Clone) at (-84.27, -217.18, 49.12)...
[10:24:28.9320286] [Debug  : LethalMin] Initializing PikminItem PikminItemNode(Clone) with item PikminItemNode(Clone) (True)
[10:24:28.9320286] [Info   : LethalMin] PikminItem PikminItemNode(Clone) has no carry strength set, setting to default
[10:24:28.9320286] [Debug  : LethalMin] Calculated weight for Apparatus: 31 lb, Devided weight: 12.4 lb
[10:24:28.9320286] [Debug  : LethalMin] A True, B True rename reasons
[10:24:28.9320286] [Debug  : LethalMin] (Apparatus (PikminItem Node)) Colider: LungApparatus(Clone) (UnityEngine.BoxCollider)
[10:24:28.9320286] [Debug  : LethalMin] (Apparatus (PikminItem Node)) Center: (-84.23, -217.18, 49.13)
[10:24:28.9335323] [Debug  :More Ship Upgrades] Midas Touch affecting apparatus is enabled, increasing the original scrap value of apparatus (414)...
[10:24:28.9335323] [Debug  :More Ship Upgrades] Set new scrap value of apparatus to 414...
[10:24:28.9335323] [Debug  :Buttery Fixes] Scan node: Apparatus
[10:24:28.9335323] [Debug  :Matty's Fixes] Vanilla/Gift(870) needs to compute vertical offset - scheduled
[10:24:28.9994146] [Debug  :Matty's Fixes] Vanilla/Teeth(872) needs to compute vertical offset - scheduled
[10:24:29.0274477] [Debug  :Matty's Fixes] Vanilla/Magic 7 ball(873) needs to compute vertical offset - scheduled
[10:24:29.0574858] [Debug  :Matty's Fixes] LethalLib/MonsterPlushies/Coil head Plushie(874) needs to compute vertical offset - scheduled
[10:24:29.0855158] [Debug  :Matty's Fixes] LethalLib/PremiumScraps/Basics of architecture(875) needs to compute vertical offset - scheduled
[10:24:29.1136304] [Debug  :Matty's Fixes] LethalLevelLoader/ImmersiveScraps/ILantern(876) needs to compute vertical offset - scheduled
[10:24:29.1388313] [Debug  :Matty's Fixes] Vanilla/Old phone(877) needs to compute vertical offset - scheduled
[10:24:29.1683731] [Debug  :Matty's Fixes] LethalLevelLoader/CodeRebirth/Violin(878) needs to compute vertical offset - scheduled
[10:24:29.1964205] [Debug  :Matty's Fixes] LethalLevelLoader/ImmersiveScraps/Car battery(879) needs to compute vertical offset - scheduled
[10:24:29.2254845] [Debug  :Matty's Fixes] LethalLevelLoader/ImmersiveScraps/Clamp(880) needs to compute vertical offset - scheduled
[10:24:29.2543929] [Debug  :Matty's Fixes] LethalLib/com.github.biodiversitylc.Biodiversity/Jacu dog(881) needs to compute vertical offset - scheduled
[10:24:29.2819297] [Debug  :Matty's Fixes] Vanilla/Ring(882) needs to compute vertical offset - scheduled
[10:24:29.3105251] [Debug  :Matty's Fixes] LethalLib/ChillaxScraps/Uno Reverse Card DX(883) needs to compute vertical offset - scheduled
[10:24:29.3405711] [Debug  :Matty's Fixes] LethalLib/com.github.biodiversitylc.Biodiversity/Ccodes dog(884) needs to compute vertical offset - scheduled
[10:24:29.3677226] [Debug  :Matty's Fixes] Vanilla/Large axle(885) needs to compute vertical offset - scheduled
[10:24:29.3934781] [Debug  :Matty's Fixes] LethalLib/PremiumScraps/Ainz Ooal Gown(886) needs to compute vertical offset - scheduled
[10:24:29.4196456] [Debug  :Matty's Fixes] LethalLevelLoader/ImmersiveScraps/Vent(887) needs to compute vertical offset - scheduled
[10:24:29.4472760] [Debug  :Matty's Fixes] LethalLevelLoader/ImmersiveScraps/Gameboy(888) needs to compute vertical offset - scheduled
[10:24:29.4745959] [Debug  :Matty's Fixes] LethalLevelLoader/ImmersiveScraps/ImmersivePlant(889) needs to compute vertical offset - scheduled
[10:24:29.5011605] [Debug  :Matty's Fixes] Vanilla/Jar of pickles(890) needs to compute vertical offset - scheduled
[10:24:29.5303873] [Debug  :Matty's Fixes] LethalLib/PremiumScraps/Controller(891) needs to compute vertical offset - scheduled
[10:24:29.5566875] [Debug  :Matty's Fixes] Vanilla/Old phone(892) needs to compute vertical offset - scheduled
[10:24:29.5833656] [Debug  :Matty's Fixes] Vanilla/Ring(893) needs to compute vertical offset - scheduled
[10:24:29.6096433] [Debug  :Matty's Fixes] LethalLevelLoader/ImmersiveScraps/Socket Wrench(894) needs to compute vertical offset - scheduled
[10:24:29.6352845] [Debug  :Matty's Fixes] Vanilla/Jar of pickles(895) needs to compute vertical offset - scheduled
[10:24:29.6633979] [Debug  :Matty's Fixes] LethalLevelLoader/ImmersiveScraps/Top hat(896) needs to compute vertical offset - scheduled
[10:24:29.6934602] [Debug  :Matty's Fixes] Vanilla/Comedy(897) needs to compute vertical offset - scheduled
[10:24:29.7234292] [Debug  :Matty's Fixes] LethalLib/ChillaxScraps/Dance Note(898) needs to compute vertical offset - scheduled
[10:24:29.7501475] [Debug  :Matty's Fixes] LethalLib/MonsterPlushies/Hoarding Bug Plushie(899) needs to compute vertical offset - scheduled
[10:24:29.7793440] [Debug  :Matty's Fixes] DawnLib/unknown_lib/Cat(900) needs to compute vertical offset - scheduled
[10:24:29.8104174] [Debug  :Matty's Fixes] Vanilla/Toy robot(901) needs to compute vertical offset - scheduled
[10:24:29.8372824] [Debug  :Matty's Fixes] LethalLevelLoader/Lethalthings/Arson Plush(902) needs to compute vertical offset - scheduled
[10:24:29.8633616] [Debug  :Matty's Fixes] LethalLevelLoader/ImmersiveScraps/Wine bottle(903) needs to compute vertical offset - scheduled
[10:24:29.8904431] [Debug  :Matty's Fixes] Vanilla/Plastic fish(904) needs to compute vertical offset - scheduled
[10:24:29.9184825] [Debug  :Matty's Fixes] LethalLevelLoader/ImmersiveScraps/Gameboy(905) needs to compute vertical offset - scheduled
[10:24:29.9435063] [Debug  :Matty's Fixes] LethalLevelLoader/ImmersiveScraps/Car battery(906) needs to compute vertical offset - scheduled
[10:24:29.9706059] [Debug  :Matty's Fixes] LethalLevelLoader/ImmersiveScraps/IBaseball bat(907) needs to compute vertical offset - scheduled
[10:24:30.0001567] [Debug  :Matty's Fixes] Vanilla/Ring(908) needs to compute vertical offset - scheduled
[10:24:30.0272751] [Debug  :Matty's Fixes] Vanilla/Teeth(909) needs to compute vertical offset - scheduled
[10:24:30.0783395] [Debug  :Matty's Fixes] LethalLevelLoader/BlackMesa/Batty and Owl(911) needs to compute vertical offset - scheduled
[10:24:30.1050615] [Debug  :Matty's Fixes] LethalLevelLoader/Lethalthings/Gnarpy Plush(912) needs to compute vertical offset - scheduled
[10:24:30.1636506] [Debug  :Matty's Fixes] Vanilla/Jar of pickles(914) needs to compute vertical offset - scheduled
[10:24:30.1926940] [Debug  :Matty's Fixes] Vanilla/Red soda(915) needs to compute vertical offset - scheduled
[10:24:30.2193524] [Debug  :Matty's Fixes] LethalLib/PremiumScraps/SODA(916) needs to compute vertical offset - scheduled
[10:24:30.2443874] [Debug  :Matty's Fixes] Vanilla/Perfume bottle(917) needs to compute vertical offset - scheduled
[10:24:30.2695167] [Debug  :Matty's Fixes] LethalLib/com.github.biodiversitylc.Biodiversity/Ccodes dog(918) needs to compute vertical offset - scheduled
[10:24:38.6646210] [Debug  :Matty's Fixes] Vanilla/Boombox(1229) needs to compute vertical offset - scheduled
[10:24:38.6921543] [Debug  :Matty's Fixes] DawnLib/unknown_lib/Whistle(1230) needs to compute vertical offset - scheduled
[10:24:38.7221926] [Debug  :Matty's Fixes] Vanilla/Extension ladder(1231) needs to compute vertical offset - scheduled
[10:24:38.7590359] [Debug  : LethalMin] Initializing PikminItem GiftBox(Clone) with item GiftBox(Clone) (True)
[10:24:38.7605412] [Debug  : LethalMin] Initializing PikminItem BrackenPlush(Clone) with item BrackenPlush(Clone) (True)
[10:24:38.7605412] [Debug  : LethalMin] Initializing PikminItem Dentures(Clone) with item Dentures(Clone) (True)
[10:24:38.7605412] [Debug  : LethalMin] Initializing PikminItem Magic7Ball(Clone) with item Magic7Ball(Clone) (True)
[10:24:38.7605412] [Debug  : LethalMin] Initializing PikminItem CoilHeadPlush(Clone) with item CoilHeadPlush(Clone) (True)
[10:24:38.7605412] [Debug  : LethalMin] Initializing PikminItem BookCustom(Clone) with item BookCustom(Clone) (True)
[10:24:38.7605412] [Debug  : LethalMin] Initializing PikminItem LanternPrefab(Clone) with item LanternPrefab(Clone) (True)
[10:24:38.7605412] [Debug  : LethalMin] Initializing PikminItem OldPhone(Clone) with item OldPhone(Clone) (True)
[10:24:38.7611335] [Debug  : LethalMin] Initializing PikminItem Violin(Clone) with item Violin(Clone) (True)
[10:24:38.7611335] [Debug  : LethalMin] Initializing PikminItem CarbatteryPrefab(Clone) with item CarbatteryPrefab(Clone) (True)
[10:24:38.7611335] [Debug  : LethalMin] Initializing PikminItem ClampPrefab(Clone) with item ClampPrefab(Clone) (True)
[10:24:38.7611335] [Debug  : LethalMin] Initializing PikminItem JacuPlushiePrefab(Clone) with item JacuPlushiePrefab(Clone) (True)
[10:24:38.7611335] [Debug  : LethalMin] Initializing PikminItem FancyRing(Clone) with item FancyRing(Clone) (True)
[10:24:38.7611335] [Debug  : LethalMin] Initializing PikminItem UnoReverseCardDX(Clone) with item UnoReverseCardDX(Clone) (True)
[10:24:38.7611335] [Debug  : LethalMin] Initializing PikminItem CDogPrefab(Clone) with item CDogPrefab(Clone) (True)
[10:24:38.7611335] [Debug  : LethalMin] Initializing PikminItem Cog(Clone) with item Cog(Clone) (True)
[10:24:38.7611335] [Debug  : LethalMin] Initializing PikminItem AinzOoalGown(Clone) with item AinzOoalGown(Clone) (True)
[10:24:38.7611335] [Debug  : LethalMin] Initializing PikminItem VentPrefab(Clone) with item VentPrefab(Clone) (True)
[10:24:38.7611335] [Debug  : LethalMin] Initializing PikminItem GameboyPrefab(Clone) with item GameboyPrefab(Clone) (True)
[10:24:38.7611335] [Debug  : LethalMin] Initializing PikminItem PlantPrefab(Clone) with item PlantPrefab(Clone) (True)
[10:24:38.7611335] [Debug  : LethalMin] Initializing PikminItem PickleJar(Clone) with item PickleJar(Clone) (True)
[10:24:38.7621374] [Debug  : LethalMin] Initializing PikminItem Controller(Clone) with item Controller(Clone) (True)
[10:24:38.7621374] [Debug  : LethalMin] Initializing PikminItem OldPhone(Clone) with item OldPhone(Clone) (True)
[10:24:38.7621374] [Debug  : LethalMin] Initializing PikminItem FancyRing(Clone) with item FancyRing(Clone) (True)
[10:24:38.7621374] [Debug  : LethalMin] Initializing PikminItem SocketWrenchPrefab(Clone) with item SocketWrenchPrefab(Clone) (True)
[10:24:38.7621374] [Debug  : LethalMin] Initializing PikminItem PickleJar(Clone) with item PickleJar(Clone) (True)
[10:24:38.7621374] [Debug  : LethalMin] Initializing PikminItem TophatPrefab(Clone) with item TophatPrefab(Clone) (True)
[10:24:38.7621374] [Debug  : LethalMin] Initializing PikminItem ComedyMask(Clone) with item ComedyMask(Clone) (True)
[10:24:38.7621374] [Debug  : LethalMin] Initializing PikminItem DanceNote(Clone) with item DanceNote(Clone) (True)
[10:24:38.7621374] [Debug  : LethalMin] Initializing PikminItem Lootbugplush(Clone) with item Lootbugplush(Clone) (True)
[10:24:38.7621374] [Debug  : LethalMin] Initializing PikminItem Cat(Clone) with item Cat(Clone) (True)
[10:24:38.7621374] [Debug  : LethalMin] Initializing PikminItem RobotToy(Clone) with item RobotToy(Clone) (True)
[10:24:38.7621374] [Debug  : LethalMin] Initializing PikminItem ArsonPlush(Clone) with item ArsonPlush(Clone) (True)
[10:24:38.7621374] [Debug  : LethalMin] Initializing PikminItem WinebottlePrefab(Clone) with item WinebottlePrefab(Clone) (True)
[10:24:38.7621374] [Debug  : LethalMin] Initializing PikminItem FishTestProp(Clone) with item FishTestProp(Clone) (True)
[10:24:38.7621374] [Debug  : LethalMin] Initializing PikminItem GameboyPrefab(Clone) with item GameboyPrefab(Clone) (True)
[10:24:38.7621374] [Debug  : LethalMin] Initializing PikminItem CarbatteryPrefab(Clone) with item CarbatteryPrefab(Clone) (True)
[10:24:38.7621374] [Debug  : LethalMin] Initializing PikminItem BaseballbatPrefab(Clone) with item BaseballbatPrefab(Clone) (True)
[10:24:38.7621374] [Debug  : LethalMin] Initializing PikminItem FancyRing(Clone) with item FancyRing(Clone) (True)
[10:24:38.7636410] [Debug  : LethalMin] Initializing PikminItem Dentures(Clone) with item Dentures(Clone) (True)
[10:24:38.7636410] [Debug  : LethalMin] Initializing PikminItem Bunkspidplush(Clone) with item Bunkspidplush(Clone) (True)
[10:24:38.7636410] [Debug  : LethalMin] Initializing PikminItem PictureBattyOwl(Clone) with item PictureBattyOwl(Clone) (True)
[10:24:38.7636410] [Debug  : LethalMin] Initializing PikminItem GnarpyPlush(Clone) with item GnarpyPlush(Clone) (True)
[10:24:38.7636410] [Debug  : LethalMin] Initializing PikminItem ScrewdriverPrefab(Clone) with item ScrewdriverPrefab(Clone) (True)
[10:24:38.7636410] [Debug  : LethalMin] Initializing PikminItem PickleJar(Clone) with item PickleJar(Clone) (True)
[10:24:38.7636410] [Debug  : LethalMin] Initializing PikminItem RedSodaCan(Clone) with item RedSodaCan(Clone) (True)
[10:24:38.7636410] [Debug  : LethalMin] Initializing PikminItem SODA(Clone) with item SODA(Clone) (True)
[10:24:38.7636410] [Debug  : LethalMin] Initializing PikminItem PerfumeBottle(Clone) with item PerfumeBottle(Clone) (True)
[10:24:38.7636410] [Debug  : LethalMin] Initializing PikminItem CDogPrefab(Clone) with item CDogPrefab(Clone) (True)
[10:24:38.7636410] [Debug  : LethalMin] Initializing PikminItem ControlPad(Clone) with item ControlPad(Clone) (True)
[10:24:38.7636410] [Debug  : LethalMin] Initializing PikminItem ControlPad(Clone) with item ControlPad(Clone) (True)
[10:24:38.7636410] [Debug  : LethalMin] Initializing PikminItem ControlPad(Clone) with item ControlPad(Clone) (True)
[10:24:38.7636410] [Debug  : LethalMin] Initializing PikminItem ControlPad(Clone) with item ControlPad(Clone) (True)
[10:24:38.7636410] [Debug  : LethalMin] Initializing PikminItem ControlPad(Clone) with item ControlPad(Clone) (True)
[10:24:38.7636410] [Debug  : LethalMin] Initializing PikminItem ControlPad(Clone) with item ControlPad(Clone) (True)
[10:24:38.7646463] [Debug  : LethalMin] Initializing PikminItem ControlPad(Clone) with item ControlPad(Clone) (True)
[10:24:38.7646463] [Debug  : LethalMin] Initializing PikminItem ControlPad(Clone) with item ControlPad(Clone) (True)
[10:24:38.7646463] [Debug  : LethalMin] Initializing PikminItem ControlPad(Clone) with item ControlPad(Clone) (True)
[10:24:38.7646463] [Debug  : LethalMin] Initializing PikminItem ControlPad(Clone) with item ControlPad(Clone) (True)
[10:24:38.7646463] [Debug  : LethalMin] Initializing PikminItem ControlPad(Clone) with item ControlPad(Clone) (True)
[10:24:38.7646463] [Debug  : LethalMin] Initializing PikminItem ControlPad(Clone) with item ControlPad(Clone) (True)
[10:24:38.7646463] [Debug  : LethalMin] Initializing PikminItem ControlPad(Clone) with item ControlPad(Clone) (True)
[10:24:38.7646463] [Debug  : LethalMin] Initializing PikminItem ControlPad(Clone) with item ControlPad(Clone) (True)
[10:24:38.7646463] [Debug  : LethalMin] Initializing PikminItem ControlPad(Clone) with item ControlPad(Clone) (True)
[10:24:38.7646463] [Debug  : LethalMin] Initializing PikminItem ControlPad(Clone) with item ControlPad(Clone) (True)
[10:24:38.7646463] [Debug  : LethalMin] Initializing PikminItem ControlPad(Clone) with item ControlPad(Clone) (True)
[10:24:38.7646463] [Debug  : LethalMin] Initializing PikminItem ControlPad(Clone) with item ControlPad(Clone) (True)
[10:24:38.7646463] [Debug  : LethalMin] Initializing PikminItem ControlPad(Clone) with item ControlPad(Clone) (True)
[10:24:38.7646463] [Debug  : LethalMin] Initializing PikminItem ControlPad(Clone) with item ControlPad(Clone) (True)
[10:24:38.7656454] [Debug  : LethalMin] Initializing PikminItem ControlPad(Clone) with item ControlPad(Clone) (True)
[10:24:38.7656454] [Debug  : LethalMin] Initializing PikminItem ControlPad(Clone) with item ControlPad(Clone) (True)
[10:24:38.7656454] [Debug  : LethalMin] Initializing PikminItem ControlPad(Clone) with item ControlPad(Clone) (True)
[10:24:38.7656454] [Debug  : LethalMin] Initializing PikminItem ControlPad(Clone) with item ControlPad(Clone) (True)
[10:24:38.7656454] [Debug  : LethalMin] Initializing PikminItem ControlPad(Clone) with item ControlPad(Clone) (True)
[10:24:38.7656454] [Debug  : LethalMin] Initializing PikminItem ControlPad(Clone) with item ControlPad(Clone) (True)
[10:24:38.7656454] [Debug  : LethalMin] Initializing PikminItem ControlPad(Clone) with item ControlPad(Clone) (True)
[10:24:38.7656454] [Debug  : LethalMin] Initializing PikminItem ControlPad(Clone) with item ControlPad(Clone) (True)
[10:24:38.7656454] [Debug  : LethalMin] Initializing PikminItem ControlPad(Clone) with item ControlPad(Clone) (True)
[10:24:38.7656454] [Debug  : LethalMin] Initializing PikminItem ControlPad(Clone) with item ControlPad(Clone) (True)
[10:24:38.7656454] [Debug  : LethalMin] Initializing PikminItem ControlPad(Clone) with item ControlPad(Clone) (True)
[10:24:38.7656454] [Debug  : LethalMin] Initializing PikminItem ControlPad(Clone) with item ControlPad(Clone) (True)
[10:24:38.7656454] [Debug  : LethalMin] Initializing PikminItem ControlPad(Clone) with item ControlPad(Clone) (True)
[10:24:38.7656454] [Debug  : LethalMin] Initializing PikminItem ControlPad(Clone) with item ControlPad(Clone) (True)
[10:24:38.7666492] [Debug  : LethalMin] Initializing PikminItem ControlPad(Clone) with item ControlPad(Clone) (True)
[10:24:38.7666492] [Debug  : LethalMin] Initializing PikminItem ControlPad(Clone) with item ControlPad(Clone) (True)
[10:24:38.7666492] [Debug  : LethalMin] Initializing PikminItem ControlPad(Clone) with item ControlPad(Clone) (True)
[10:24:38.7666492] [Debug  : LethalMin] Initializing PikminItem ControlPad(Clone) with item ControlPad(Clone) (True)
[10:24:38.7666492] [Debug  : LethalMin] Initializing PikminItem ControlPad(Clone) with item ControlPad(Clone) (True)
[10:24:38.7666492] [Debug  : LethalMin] Initializing PikminItem ControlPad(Clone) with item ControlPad(Clone) (True)
[10:24:38.7666492] [Debug  : LethalMin] Initializing PikminItem ControlPad(Clone) with item ControlPad(Clone) (True)
[10:24:38.7666492] [Debug  : LethalMin] Initializing PikminItem ControlPad(Clone) with item ControlPad(Clone) (True)
[10:24:38.7666492] [Debug  : LethalMin] Initializing PikminItem ControlPad(Clone) with item ControlPad(Clone) (True)
[10:24:38.7666492] [Debug  : LethalMin] Initializing PikminItem ControlPad(Clone) with item ControlPad(Clone) (True)
[10:24:38.7666492] [Debug  : LethalMin] Initializing PikminItem ControlPad(Clone) with item ControlPad(Clone) (True)
[10:24:38.7666492] [Debug  : LethalMin] Initializing PikminItem ControlPad(Clone) with item ControlPad(Clone) (True)
[10:24:38.7666492] [Debug  : LethalMin] Initializing PikminItem ControlPad(Clone) with item ControlPad(Clone) (True)
[10:24:38.7676497] [Debug  : LethalMin] Initializing PikminItem ControlPad(Clone) with item ControlPad(Clone) (True)
[10:24:38.7676497] [Debug  : LethalMin] Initializing PikminItem ControlPad(Clone) with item ControlPad(Clone) (True)
[10:24:38.7676497] [Debug  : LethalMin] Initializing PikminItem ControlPad(Clone) with item ControlPad(Clone) (True)
[10:24:38.7676497] [Debug  : LethalMin] Initializing PikminItem ControlPad(Clone) with item ControlPad(Clone) (True)
[10:24:38.7676497] [Debug  : LethalMin] Initializing PikminItem ControlPad(Clone) with item ControlPad(Clone) (True)
[10:24:38.7676497] [Debug  : LethalMin] Initializing PikminItem ControlPad(Clone) with item ControlPad(Clone) (True)
[10:24:38.7676497] [Debug  : LethalMin] Initializing PikminItem ControlPad(Clone) with item ControlPad(Clone) (True)
[10:24:38.7676497] [Debug  : LethalMin] Initializing PikminItem ControlPad(Clone) with item ControlPad(Clone) (True)
[10:24:38.7676497] [Debug  : LethalMin] Initializing PikminItem ControlPad(Clone) with item ControlPad(Clone) (True)
[10:24:38.7676497] [Debug  : LethalMin] Initializing PikminItem ControlPad(Clone) with item ControlPad(Clone) (True)
[10:24:38.7676497] [Debug  : LethalMin] Initializing PikminItem ControlPad(Clone) with item ControlPad(Clone) (True)
[10:24:38.7676497] [Debug  : LethalMin] Initializing PikminItem ControlPad(Clone) with item ControlPad(Clone) (True)
[10:24:38.7676497] [Debug  : LethalMin] Initializing PikminItem ControlPad(Clone) with item ControlPad(Clone) (True)
[10:24:38.7676497] [Debug  : LethalMin] Initializing PikminItem ControlPad(Clone) with item ControlPad(Clone) (True)
[10:24:38.7676497] [Debug  : LethalMin] Initializing PikminItem ControlPad(Clone) with item ControlPad(Clone) (True)
[10:24:38.7686485] [Debug  : LethalMin] Initializing PikminItem ControlPad(Clone) with item ControlPad(Clone) (True)
[10:24:38.7686485] [Debug  : LethalMin] Initializing PikminItem ControlPad(Clone) with item ControlPad(Clone) (True)
[10:24:38.7686485] [Debug  : LethalMin] Initializing PikminItem ControlPad(Clone) with item ControlPad(Clone) (True)
[10:24:38.7686485] [Debug  : LethalMin] Initializing PikminItem ControlPad(Clone) with item ControlPad(Clone) (True)
[10:24:38.7686485] [Debug  : LethalMin] Initializing PikminItem ControlPad(Clone) with item ControlPad(Clone) (True)
[10:24:38.7686485] [Debug  : LethalMin] Initializing PikminItem ControlPad(Clone) with item ControlPad(Clone) (True)
[10:24:38.7686485] [Debug  : LethalMin] Initializing PikminItem ControlPad(Clone) with item ControlPad(Clone) (True)
[10:24:38.7686485] [Debug  : LethalMin] Initializing PikminItem ControlPad(Clone) with item ControlPad(Clone) (True)
[10:24:38.7686485] [Debug  : LethalMin] Initializing PikminItem ControlPad(Clone) with item ControlPad(Clone) (True)
[10:24:38.7686485] [Debug  : LethalMin] Initializing PikminItem ControlPad(Clone) with item ControlPad(Clone) (True)
[10:24:38.7686485] [Debug  : LethalMin] Initializing PikminItem ControlPad(Clone) with item ControlPad(Clone) (True)
[10:24:38.7686485] [Debug  : LethalMin] Initializing PikminItem ControlPad(Clone) with item ControlPad(Clone) (True)
[10:24:38.7686485] [Debug  : LethalMin] Initializing PikminItem ControlPad(Clone) with item ControlPad(Clone) (True)
[10:24:38.7686485] [Debug  : LethalMin] Initializing PikminItem ControlPad(Clone) with item ControlPad(Clone) (True)
[10:24:38.7686485] [Debug  : LethalMin] Initializing PikminItem ControlPad(Clone) with item ControlPad(Clone) (True)
[10:24:38.7696497] [Debug  : LethalMin] Initializing PikminItem ControlPad(Clone) with item ControlPad(Clone) (True)
[10:24:38.7696497] [Debug  : LethalMin] Initializing PikminItem ControlPad(Clone) with item ControlPad(Clone) (True)
[10:24:38.7696497] [Debug  : LethalMin] Initializing PikminItem ControlPad(Clone) with item ControlPad(Clone) (True)
[10:24:38.7696497] [Debug  : LethalMin] Initializing PikminItem ControlPad(Clone) with item ControlPad(Clone) (True)
[10:24:38.7696497] [Debug  : LethalMin] Initializing PikminItem ControlPad(Clone) with item ControlPad(Clone) (True)
[10:24:38.7696497] [Debug  : LethalMin] Initializing PikminItem ControlPad(Clone) with item ControlPad(Clone) (True)
[10:24:38.7696497] [Debug  : LethalMin] Initializing PikminItem ControlPad(Clone) with item ControlPad(Clone) (True)
[10:24:38.7696497] [Debug  : LethalMin] Initializing PikminItem ControlPad(Clone) with item ControlPad(Clone) (True)
[10:24:38.7696497] [Debug  : LethalMin] Initializing PikminItem ControlPad(Clone) with item ControlPad(Clone) (True)
[10:24:38.7696497] [Debug  : LethalMin] Initializing PikminItem ControlPad(Clone) with item ControlPad(Clone) (True)
[10:24:38.7696497] [Debug  : LethalMin] Initializing PikminItem ControlPad(Clone) with item ControlPad(Clone) (True)
[10:24:38.7696497] [Debug  : LethalMin] Initializing PikminItem ControlPad(Clone) with item ControlPad(Clone) (True)
[10:24:38.7696497] [Debug  : LethalMin] Initializing PikminItem ControlPad(Clone) with item ControlPad(Clone) (True)
[10:24:38.7696497] [Debug  : LethalMin] Initializing PikminItem ControlPad(Clone) with item ControlPad(Clone) (True)
[10:24:38.7696497] [Debug  : LethalMin] Initializing PikminItem ControlPad(Clone) with item ControlPad(Clone) (True)
[10:24:38.7696497] [Debug  : LethalMin] Initializing PikminItem ControlPad(Clone) with item ControlPad(Clone) (True)
[10:24:38.7706482] [Debug  : LethalMin] Initializing PikminItem ControlPad(Clone) with item ControlPad(Clone) (True)
[10:24:38.7706482] [Debug  : LethalMin] Initializing PikminItem ControlPad(Clone) with item ControlPad(Clone) (True)
[10:24:38.7706482] [Debug  : LethalMin] Initializing PikminItem ControlPad(Clone) with item ControlPad(Clone) (True)
[10:24:38.7706482] [Debug  : LethalMin] Initializing PikminItem ControlPad(Clone) with item ControlPad(Clone) (True)
[10:24:38.7706482] [Debug  : LethalMin] Initializing PikminItem ControlPad(Clone) with item ControlPad(Clone) (True)
[10:24:38.7706482] [Debug  : LethalMin] Initializing PikminItem ControlPad(Clone) with item ControlPad(Clone) (True)
[10:24:38.7706482] [Debug  : LethalMin] Initializing PikminItem ControlPad(Clone) with item ControlPad(Clone) (True)
[10:24:38.7706482] [Debug  : LethalMin] Initializing PikminItem ControlPad(Clone) with item ControlPad(Clone) (True)
[10:24:38.7706482] [Debug  : LethalMin] Initializing PikminItem ControlPad(Clone) with item ControlPad(Clone) (True)
[10:24:38.7706482] [Debug  : LethalMin] Initializing PikminItem ControlPad(Clone) with item ControlPad(Clone) (True)
[10:24:38.7706482] [Debug  : LethalMin] Initializing PikminItem ControlPad(Clone) with item ControlPad(Clone) (True)
[10:24:38.7706482] [Debug  : LethalMin] Initializing PikminItem ControlPad(Clone) with item ControlPad(Clone) (True)
[10:24:38.7706482] [Debug  : LethalMin] Initializing PikminItem ControlPad(Clone) with item ControlPad(Clone) (True)
[10:24:38.7706482] [Debug  : LethalMin] Initializing PikminItem ControlPad(Clone) with item ControlPad(Clone) (True)
[10:24:38.7706482] [Debug  : LethalMin] Initializing PikminItem ControlPad(Clone) with item ControlPad(Clone) (True)
[10:24:38.7706482] [Debug  : LethalMin] Initializing PikminItem ControlPad(Clone) with item ControlPad(Clone) (True)
[10:24:38.7706482] [Debug  : LethalMin] Initializing PikminItem ControlPad(Clone) with item ControlPad(Clone) (True)
[10:24:38.7706482] [Debug  : LethalMin] Initializing PikminItem ControlPad(Clone) with item ControlPad(Clone) (True)
[10:24:38.7706482] [Debug  : LethalMin] Initializing PikminItem ControlPad(Clone) with item ControlPad(Clone) (True)
[10:24:38.7706482] [Debug  : LethalMin] Initializing PikminItem ControlPad(Clone) with item ControlPad(Clone) (True)
[10:24:38.7721522] [Debug  : LethalMin] Initializing PikminItem ControlPad(Clone) with item ControlPad(Clone) (True)
[10:24:38.7721522] [Debug  : LethalMin] Initializing PikminItem ControlPad(Clone) with item ControlPad(Clone) (True)
[10:24:38.7721522] [Debug  : LethalMin] Initializing PikminItem ControlPad(Clone) with item ControlPad(Clone) (True)
[10:24:38.7721522] [Debug  : LethalMin] Initializing PikminItem ControlPad(Clone) with item ControlPad(Clone) (True)
[10:24:38.7721522] [Debug  : LethalMin] Initializing PikminItem ControlPad(Clone) with item ControlPad(Clone) (True)
[10:24:38.7721522] [Debug  : LethalMin] Initializing PikminItem ControlPad(Clone) with item ControlPad(Clone) (True)
[10:24:38.7721522] [Debug  : LethalMin] Initializing PikminItem ControlPad(Clone) with item ControlPad(Clone) (True)
[10:24:38.7721522] [Debug  : LethalMin] Initializing PikminItem ControlPad(Clone) with item ControlPad(Clone) (True)
[10:24:38.7721522] [Debug  : LethalMin] Initializing PikminItem ControlPad(Clone) with item ControlPad(Clone) (True)
[10:24:38.7721522] [Debug  : LethalMin] Initializing PikminItem ControlPad(Clone) with item ControlPad(Clone) (True)
[10:24:38.7721522] [Debug  : LethalMin] Initializing PikminItem ControlPad(Clone) with item ControlPad(Clone) (True)
[10:24:38.7721522] [Debug  : LethalMin] Initializing PikminItem ControlPad(Clone) with item ControlPad(Clone) (True)
[10:24:38.7721522] [Debug  : LethalMin] Initializing PikminItem ControlPad(Clone) with item ControlPad(Clone) (True)
[10:24:38.7721522] [Debug  : LethalMin] Initializing PikminItem ControlPad(Clone) with item ControlPad(Clone) (True)
[10:24:38.7721522] [Debug  : LethalMin] Initializing PikminItem ControlPad(Clone) with item ControlPad(Clone) (True)
[10:24:38.7721522] [Debug  : LethalMin] Initializing PikminItem ControlPad(Clone) with item ControlPad(Clone) (True)
[10:24:38.7721522] [Debug  : LethalMin] Initializing PikminItem ControlPad(Clone) with item ControlPad(Clone) (True)
[10:24:38.7721522] [Debug  : LethalMin] Initializing PikminItem ControlPad(Clone) with item ControlPad(Clone) (True)
[10:24:38.7721522] [Debug  : LethalMin] Initializing PikminItem ControlPad(Clone) with item ControlPad(Clone) (True)
[10:24:38.7721522] [Debug  : LethalMin] Initializing PikminItem ControlPad(Clone) with item ControlPad(Clone) (True)
[10:24:38.7721522] [Debug  : LethalMin] Initializing PikminItem ControlPad(Clone) with item ControlPad(Clone) (True)
[10:24:38.7721522] [Debug  : LethalMin] Initializing PikminItem ControlPad(Clone) with item ControlPad(Clone) (True)
[10:24:38.7736554] [Debug  : LethalMin] Initializing PikminItem ControlPad(Clone) with item ControlPad(Clone) (True)
[10:24:38.7736554] [Debug  : LethalMin] Initializing PikminItem ControlPad(Clone) with item ControlPad(Clone) (True)
[10:24:38.7736554] [Debug  : LethalMin] Initializing PikminItem ControlPad(Clone) with item ControlPad(Clone) (True)
[10:24:38.7736554] [Debug  : LethalMin] Initializing PikminItem ControlPad(Clone) with item ControlPad(Clone) (True)
[10:24:38.7736554] [Debug  : LethalMin] Initializing PikminItem ControlPad(Clone) with item ControlPad(Clone) (True)
[10:24:38.7736554] [Debug  : LethalMin] Initializing PikminItem ControlPad(Clone) with item ControlPad(Clone) (True)
[10:24:38.7736554] [Debug  : LethalMin] Initializing PikminItem ControlPad(Clone) with item ControlPad(Clone) (True)
[10:24:38.7736554] [Debug  : LethalMin] Initializing PikminItem ControlPad(Clone) with item ControlPad(Clone) (True)
[10:24:38.7736554] [Debug  : LethalMin] Initializing PikminItem ControlPad(Clone) with item ControlPad(Clone) (True)
[10:24:38.7736554] [Debug  : LethalMin] Initializing PikminItem ControlPad(Clone) with item ControlPad(Clone) (True)
[10:24:38.7736554] [Debug  : LethalMin] Initializing PikminItem ControlPad(Clone) with item ControlPad(Clone) (True)
[10:24:38.7736554] [Debug  : LethalMin] Initializing PikminItem ControlPad(Clone) with item ControlPad(Clone) (True)
[10:24:38.7736554] [Debug  : LethalMin] Initializing PikminItem ControlPad(Clone) with item ControlPad(Clone) (True)
[10:24:38.7746603] [Debug  : LethalMin] Initializing PikminItem ControlPad(Clone) with item ControlPad(Clone) (True)
[10:24:38.7746603] [Debug  : LethalMin] Initializing PikminItem ControlPad(Clone) with item ControlPad(Clone) (True)
[10:24:38.7746603] [Debug  : LethalMin] Initializing PikminItem ControlPad(Clone) with item ControlPad(Clone) (True)
[10:24:38.7746603] [Debug  : LethalMin] Initializing PikminItem ControlPad(Clone) with item ControlPad(Clone) (True)
[10:24:38.7746603] [Debug  : LethalMin] Initializing PikminItem ControlPad(Clone) with item ControlPad(Clone) (True)
[10:24:38.7746603] [Debug  : LethalMin] Initializing PikminItem ControlPad(Clone) with item ControlPad(Clone) (True)
[10:24:38.7746603] [Debug  : LethalMin] Initializing PikminItem ControlPad(Clone) with item ControlPad(Clone) (True)
[10:24:38.7746603] [Debug  : LethalMin] Initializing PikminItem ControlPad(Clone) with item ControlPad(Clone) (True)
[10:24:38.7746603] [Debug  : LethalMin] Initializing PikminItem ControlPad(Clone) with item ControlPad(Clone) (True)
[10:24:38.7746603] [Debug  : LethalMin] Initializing PikminItem ControlPad(Clone) with item ControlPad(Clone) (True)
[10:24:38.7746603] [Debug  : LethalMin] Initializing PikminItem ControlPad(Clone) with item ControlPad(Clone) (True)
[10:24:38.7746603] [Debug  : LethalMin] Initializing PikminItem ControlPad(Clone) with item ControlPad(Clone) (True)
[10:24:38.7746603] [Debug  : LethalMin] Initializing PikminItem ControlPad(Clone) with item ControlPad(Clone) (True)
[10:24:38.7746603] [Debug  : LethalMin] Initializing PikminItem ControlPad(Clone) with item ControlPad(Clone) (True)
[10:24:38.7756602] [Debug  : LethalMin] Initializing PikminItem ControlPad(Clone) with item ControlPad(Clone) (True)
[10:24:38.7756602] [Debug  : LethalMin] Initializing PikminItem ControlPad(Clone) with item ControlPad(Clone) (True)
[10:24:38.7756602] [Debug  : LethalMin] Initializing PikminItem ControlPad(Clone) with item ControlPad(Clone) (True)
[10:24:38.7756602] [Debug  : LethalMin] Initializing PikminItem ControlPad(Clone) with item ControlPad(Clone) (True)
[10:24:38.7756602] [Debug  : LethalMin] Initializing PikminItem ControlPad(Clone) with item ControlPad(Clone) (True)
[10:24:38.7756602] [Debug  : LethalMin] Initializing PikminItem ControlPad(Clone) with item ControlPad(Clone) (True)
[10:24:38.7756602] [Debug  : LethalMin] Initializing PikminItem ControlPad(Clone) with item ControlPad(Clone) (True)
[10:24:38.7756602] [Debug  : LethalMin] Initializing PikminItem ControlPad(Clone) with item ControlPad(Clone) (True)
[10:24:38.7756602] [Debug  : LethalMin] Initializing PikminItem ControlPad(Clone) with item ControlPad(Clone) (True)
[10:24:38.7756602] [Debug  : LethalMin] Initializing PikminItem ControlPad(Clone) with item ControlPad(Clone) (True)
[10:24:38.7756602] [Debug  : LethalMin] Initializing PikminItem ControlPad(Clone) with item ControlPad(Clone) (True)
[10:24:38.7756602] [Debug  : LethalMin] Initializing PikminItem ControlPad(Clone) with item ControlPad(Clone) (True)
[10:24:38.7756602] [Debug  : LethalMin] Initializing PikminItem ControlPad(Clone) with item ControlPad(Clone) (True)
[10:24:38.7756602] [Debug  : LethalMin] Initializing PikminItem ControlPad(Clone) with item ControlPad(Clone) (True)
[10:24:38.7766600] [Debug  : LethalMin] Initializing PikminItem ControlPad(Clone) with item ControlPad(Clone) (True)
[10:24:38.7766600] [Debug  : LethalMin] Initializing PikminItem ControlPad(Clone) with item ControlPad(Clone) (True)
[10:24:38.7766600] [Debug  : LethalMin] Initializing PikminItem ControlPad(Clone) with item ControlPad(Clone) (True)
[10:24:38.7766600] [Debug  : LethalMin] Initializing PikminItem ControlPad(Clone) with item ControlPad(Clone) (True)
[10:24:38.7766600] [Debug  : LethalMin] Initializing PikminItem ControlPad(Clone) with item ControlPad(Clone) (True)
[10:24:38.7766600] [Debug  : LethalMin] Initializing PikminItem ControlPad(Clone) with item ControlPad(Clone) (True)
[10:24:38.7766600] [Debug  : LethalMin] Initializing PikminItem ControlPad(Clone) with item ControlPad(Clone) (True)
[10:24:38.7766600] [Debug  : LethalMin] Initializing PikminItem ControlPad(Clone) with item ControlPad(Clone) (True)
[10:24:38.7771637] [Debug  : LethalMin] Initializing PikminItem ControlPad(Clone) with item ControlPad(Clone) (True)
[10:24:38.7771637] [Debug  : LethalMin] Initializing PikminItem ControlPad(Clone) with item ControlPad(Clone) (True)
[10:24:38.7771637] [Debug  : LethalMin] Initializing PikminItem ControlPad(Clone) with item ControlPad(Clone) (True)
[10:24:38.7771637] [Debug  : LethalMin] Initializing PikminItem ControlPad(Clone) with item ControlPad(Clone) (True)
[10:24:38.7771637] [Debug  : LethalMin] Initializing PikminItem ControlPad(Clone) with item ControlPad(Clone) (True)
[10:24:38.7771637] [Debug  : LethalMin] Initializing PikminItem ControlPad(Clone) with item ControlPad(Clone) (True)
[10:24:38.7776663] [Debug  : LethalMin] Initializing PikminItem ControlPad(Clone) with item ControlPad(Clone) (True)
[10:24:38.7776663] [Debug  : LethalMin] Initializing PikminItem ControlPad(Clone) with item ControlPad(Clone) (True)
[10:24:38.7776663] [Debug  : LethalMin] Initializing PikminItem ControlPad(Clone) with item ControlPad(Clone) (True)
[10:24:38.7776663] [Debug  : LethalMin] Initializing PikminItem ControlPad(Clone) with item ControlPad(Clone) (True)
[10:24:38.7776663] [Debug  : LethalMin] Initializing PikminItem ControlPad(Clone) with item ControlPad(Clone) (True)
[10:24:38.7776663] [Debug  : LethalMin] Initializing PikminItem ControlPad(Clone) with item ControlPad(Clone) (True)
[10:24:38.7776663] [Debug  : LethalMin] Initializing PikminItem ControlPad(Clone) with item ControlPad(Clone) (True)
[10:24:38.7776663] [Debug  : LethalMin] Initializing PikminItem ControlPad(Clone) with item ControlPad(Clone) (True)
[10:24:38.7776663] [Debug  : LethalMin] Initializing PikminItem ControlPad(Clone) with item ControlPad(Clone) (True)
[10:24:38.7776663] [Debug  : LethalMin] Initializing PikminItem ControlPad(Clone) with item ControlPad(Clone) (True)
[10:24:38.7776663] [Debug  : LethalMin] Initializing PikminItem ControlPad(Clone) with item ControlPad(Clone) (True)
[10:24:38.7776663] [Debug  : LethalMin] Initializing PikminItem ControlPad(Clone) with item ControlPad(Clone) (True)
[10:24:38.7786705] [Debug  : LethalMin] Initializing PikminItem ControlPad(Clone) with item ControlPad(Clone) (True)
[10:24:38.7786705] [Debug  : LethalMin] Initializing PikminItem ControlPad(Clone) with item ControlPad(Clone) (True)
[10:24:38.7786705] [Debug  : LethalMin] Initializing PikminItem ControlPad(Clone) with item ControlPad(Clone) (True)
[10:24:38.7786705] [Debug  : LethalMin] Initializing PikminItem ControlPad(Clone) with item ControlPad(Clone) (True)
[10:24:38.7786705] [Debug  : LethalMin] Initializing PikminItem ControlPad(Clone) with item ControlPad(Clone) (True)
[10:24:38.7786705] [Debug  : LethalMin] Initializing PikminItem ControlPad(Clone) with item ControlPad(Clone) (True)
[10:24:38.7786705] [Debug  : LethalMin] Initializing PikminItem ControlPad(Clone) with item ControlPad(Clone) (True)
[10:24:38.7786705] [Debug  : LethalMin] Initializing PikminItem ControlPad(Clone) with item ControlPad(Clone) (True)
[10:24:38.7786705] [Debug  : LethalMin] Initializing PikminItem ControlPad(Clone) with item ControlPad(Clone) (True)
[10:24:38.7786705] [Debug  : LethalMin] Initializing PikminItem ControlPad(Clone) with item ControlPad(Clone) (True)
[10:24:38.7786705] [Debug  : LethalMin] Initializing PikminItem ControlPad(Clone) with item ControlPad(Clone) (True)
[10:24:38.7786705] [Debug  : LethalMin] Initializing PikminItem ControlPad(Clone) with item ControlPad(Clone) (True)
[10:24:38.7796712] [Debug  : LethalMin] Initializing PikminItem ControlPad(Clone) with item ControlPad(Clone) (True)
[10:24:38.7796712] [Debug  : LethalMin] Initializing PikminItem ControlPad(Clone) with item ControlPad(Clone) (True)
[10:24:38.7796712] [Debug  : LethalMin] Initializing PikminItem ControlPad(Clone) with item ControlPad(Clone) (True)
[10:24:38.7796712] [Debug  : LethalMin] Initializing PikminItem ControlPad(Clone) with item ControlPad(Clone) (True)
[10:24:38.7796712] [Debug  : LethalMin] Initializing PikminItem ControlPad(Clone) with item ControlPad(Clone) (True)
[10:24:38.7796712] [Debug  : LethalMin] Initializing PikminItem ControlPad(Clone) with item ControlPad(Clone) (True)
[10:24:38.7796712] [Debug  : LethalMin] Initializing PikminItem ControlPad(Clone) with item ControlPad(Clone) (True)
[10:24:38.7796712] [Debug  : LethalMin] Initializing PikminItem ControlPad(Clone) with item ControlPad(Clone) (True)
[10:24:38.7796712] [Debug  : LethalMin] Initializing PikminItem ControlPad(Clone) with item ControlPad(Clone) (True)
[10:24:38.7796712] [Debug  : LethalMin] Initializing PikminItem ControlPad(Clone) with item ControlPad(Clone) (True)
[10:24:38.7796712] [Debug  : LethalMin] Initializing PikminItem ControlPad(Clone) with item ControlPad(Clone) (True)
[10:24:38.7796712] [Debug  : LethalMin] Initializing PikminItem ControlPad(Clone) with item ControlPad(Clone) (True)
[10:24:38.7806704] [Debug  : LethalMin] Initializing PikminItem ControlPad(Clone) with item ControlPad(Clone) (True)
[10:24:38.7806704] [Debug  : LethalMin] Initializing PikminItem ControlPad(Clone) with item ControlPad(Clone) (True)
[10:24:38.7806704] [Debug  : LethalMin] Initializing PikminItem ControlPad(Clone) with item ControlPad(Clone) (True)
[10:24:38.7806704] [Debug  : LethalMin] Initializing PikminItem ControlPad(Clone) with item ControlPad(Clone) (True)
[10:24:38.7806704] [Debug  : LethalMin] Initializing PikminItem ControlPad(Clone) with item ControlPad(Clone) (True)
[10:24:38.7806704] [Debug  : LethalMin] Initializing PikminItem ControlPad(Clone) with item ControlPad(Clone) (True)
[10:24:38.7806704] [Debug  : LethalMin] Initializing PikminItem ControlPad(Clone) with item ControlPad(Clone) (True)
[10:24:38.7806704] [Debug  : LethalMin] Initializing PikminItem ControlPad(Clone) with item ControlPad(Clone) (True)
[10:24:38.7806704] [Debug  : LethalMin] Initializing PikminItem ControlPad(Clone) with item ControlPad(Clone) (True)
[10:24:38.7806704] [Debug  : LethalMin] Initializing PikminItem ControlPad(Clone) with item ControlPad(Clone) (True)
[10:24:38.7806704] [Debug  : LethalMin] Initializing PikminItem ControlPad(Clone) with item ControlPad(Clone) (True)
[10:24:38.7806704] [Debug  : LethalMin] Initializing PikminItem ControlPad(Clone) with item ControlPad(Clone) (True)
[10:24:38.7806704] [Debug  : LethalMin] Initializing PikminItem ControlPad(Clone) with item ControlPad(Clone) (True)
[10:24:38.7806704] [Debug  : LethalMin] Initializing PikminItem ControlPad(Clone) with item ControlPad(Clone) (True)
[10:24:38.7806704] [Debug  : LethalMin] Initializing PikminItem ControlPad(Clone) with item ControlPad(Clone) (True)
[10:24:38.7806704] [Debug  : LethalMin] Initializing PikminItem ControlPad(Clone) with item ControlPad(Clone) (True)
[10:24:38.7806704] [Debug  : LethalMin] Initializing PikminItem ControlPad(Clone) with item ControlPad(Clone) (True)
[10:24:38.7806704] [Debug  : LethalMin] Initializing PikminItem ControlPad(Clone) with item ControlPad(Clone) (True)
[10:24:38.7806704] [Debug  : LethalMin] Initializing PikminItem ControlPad(Clone) with item ControlPad(Clone) (True)
[10:24:38.7806704] [Debug  : LethalMin] Initializing PikminItem ControlPad(Clone) with item ControlPad(Clone) (True)
[10:24:38.7821732] [Debug  : LethalMin] Initializing PikminItem ControlPad(Clone) with item ControlPad(Clone) (True)
[10:24:38.7821732] [Debug  : LethalMin] Initializing PikminItem ControlPad(Clone) with item ControlPad(Clone) (True)
[10:24:38.7821732] [Debug  : LethalMin] Initializing PikminItem ControlPad(Clone) with item ControlPad(Clone) (True)
[10:24:38.7821732] [Debug  : LethalMin] Initializing PikminItem ControlPad(Clone) with item ControlPad(Clone) (True)
[10:24:38.7821732] [Debug  : LethalMin] Initializing PikminItem ControlPad(Clone) with item ControlPad(Clone) (True)
[10:24:38.7821732] [Debug  : LethalMin] Initializing PikminItem ControlPad(Clone) with item ControlPad(Clone) (True)
[10:24:38.7821732] [Debug  : LethalMin] Initializing PikminItem ControlPad(Clone) with item ControlPad(Clone) (True)
[10:24:38.7821732] [Debug  : LethalMin] Initializing PikminItem ControlPad(Clone) with item ControlPad(Clone) (True)
[10:24:38.7821732] [Debug  : LethalMin] Initializing PikminItem ControlPad(Clone) with item ControlPad(Clone) (True)
[10:24:38.7821732] [Debug  : LethalMin] Initializing PikminItem ControlPad(Clone) with item ControlPad(Clone) (True)
[10:24:38.7821732] [Debug  : LethalMin] Initializing PikminItem ControlPad(Clone) with item ControlPad(Clone) (True)
[10:24:38.7821732] [Debug  : LethalMin] Initializing PikminItem ControlPad(Clone) with item ControlPad(Clone) (True)
[10:24:38.7821732] [Debug  : LethalMin] Initializing PikminItem ControlPad(Clone) with item ControlPad(Clone) (True)
[10:24:38.7821732] [Debug  : LethalMin] Initializing PikminItem ControlPad(Clone) with item ControlPad(Clone) (True)
[10:24:38.7821732] [Debug  : LethalMin] Initializing PikminItem ControlPad(Clone) with item ControlPad(Clone) (True)
[10:24:38.7821732] [Debug  : LethalMin] Initializing PikminItem ControlPad(Clone) with item ControlPad(Clone) (True)
[10:24:38.7821732] [Debug  : LethalMin] Initializing PikminItem ControlPad(Clone) with item ControlPad(Clone) (True)
[10:24:38.7821732] [Debug  : LethalMin] Initializing PikminItem ControlPad(Clone) with item ControlPad(Clone) (True)
[10:24:38.7821732] [Debug  : LethalMin] Initializing PikminItem ControlPad(Clone) with item ControlPad(Clone) (True)
[10:24:38.7836782] [Debug  : LethalMin] Initializing PikminItem ControlPad(Clone) with item ControlPad(Clone) (True)
[10:24:38.7836782] [Debug  : LethalMin] Initializing PikminItem ControlPad(Clone) with item ControlPad(Clone) (True)
[10:24:38.7836782] [Debug  : LethalMin] Initializing PikminItem ControlPad(Clone) with item ControlPad(Clone) (True)
[10:24:38.7836782] [Debug  : LethalMin] Initializing PikminItem ControlPad(Clone) with item ControlPad(Clone) (True)
[10:24:38.7836782] [Debug  : LethalMin] Initializing PikminItem ControlPad(Clone) with item ControlPad(Clone) (True)
[10:24:38.7836782] [Debug  : LethalMin] Initializing PikminItem ControlPad(Clone) with item ControlPad(Clone) (True)
[10:24:38.7836782] [Debug  : LethalMin] Initializing PikminItem ControlPad(Clone) with item ControlPad(Clone) (True)
[10:24:38.7836782] [Debug  : LethalMin] Initializing PikminItem ControlPad(Clone) with item ControlPad(Clone) (True)
[10:24:38.7836782] [Debug  : LethalMin] Initializing PikminItem ControlPad(Clone) with item ControlPad(Clone) (True)
[10:24:38.7836782] [Debug  : LethalMin] Initializing PikminItem ControlPad(Clone) with item ControlPad(Clone) (True)
[10:24:38.7836782] [Debug  : LethalMin] Initializing PikminItem ControlPad(Clone) with item ControlPad(Clone) (True)
[10:24:38.7846821] [Debug  : LethalMin] Initializing PikminItem ControlPad(Clone) with item ControlPad(Clone) (True)
[10:24:38.7846821] [Debug  : LethalMin] Initializing PikminItem ControlPad(Clone) with item ControlPad(Clone) (True)
[10:24:38.7846821] [Debug  : LethalMin] Initializing PikminItem ControlPad(Clone) with item ControlPad(Clone) (True)
[10:24:38.7846821] [Debug  : LethalMin] Initializing PikminItem ControlPad(Clone) with item ControlPad(Clone) (True)
[10:24:38.7846821] [Debug  : LethalMin] Initializing PikminItem ControlPad(Clone) with item ControlPad(Clone) (True)
[10:24:38.7846821] [Debug  : LethalMin] Initializing PikminItem ControlPad(Clone) with item ControlPad(Clone) (True)
[10:24:38.7846821] [Debug  : LethalMin] Initializing PikminItem ControlPad(Clone) with item ControlPad(Clone) (True)
[10:24:38.7846821] [Debug  : LethalMin] Initializing PikminItem ControlPad(Clone) with item ControlPad(Clone) (True)
[10:24:38.7846821] [Debug  : LethalMin] Initializing PikminItem ControlPad(Clone) with item ControlPad(Clone) (True)
[10:24:38.7846821] [Debug  : LethalMin] Initializing PikminItem ControlPad(Clone) with item ControlPad(Clone) (True)
[10:24:38.7846821] [Debug  : LethalMin] Initializing PikminItem ControlPad(Clone) with item ControlPad(Clone) (True)
[10:24:38.7846821] [Debug  : LethalMin] Initializing PikminItem ControlPad(Clone) with item ControlPad(Clone) (True)
[10:24:38.7856852] [Debug  : LethalMin] Initializing PikminItem ControlPad(Clone) with item ControlPad(Clone) (True)
[10:24:38.7856852] [Debug  : LethalMin] Initializing PikminItem ControlPad(Clone) with item ControlPad(Clone) (True)
[10:24:38.7856852] [Debug  : LethalMin] Initializing PikminItem ControlPad(Clone) with item ControlPad(Clone) (True)
[10:24:38.7856852] [Debug  : LethalMin] Initializing PikminItem ControlPad(Clone) with item ControlPad(Clone) (True)
[10:24:38.7856852] [Debug  : LethalMin] Initializing PikminItem ControlPad(Clone) with item ControlPad(Clone) (True)
[10:24:38.7856852] [Debug  : LethalMin] Initializing PikminItem ControlPad(Clone) with item ControlPad(Clone) (True)
[10:24:38.7856852] [Debug  : LethalMin] Initializing PikminItem ControlPad(Clone) with item ControlPad(Clone) (True)
[10:24:38.7856852] [Debug  : LethalMin] Initializing PikminItem ControlPad(Clone) with item ControlPad(Clone) (True)
[10:24:38.7856852] [Debug  : LethalMin] Initializing PikminItem ControlPad(Clone) with item ControlPad(Clone) (True)
[10:24:38.7856852] [Debug  : LethalMin] Initializing PikminItem ControlPad(Clone) with item ControlPad(Clone) (True)
[10:24:38.7856852] [Debug  : LethalMin] Initializing PikminItem ControlPad(Clone) with item ControlPad(Clone) (True)
[10:24:38.7856852] [Debug  : LethalMin] Initializing PikminItem ControlPad(Clone) with item ControlPad(Clone) (True)
[10:24:38.7856852] [Debug  : LethalMin] Initializing PikminItem ControlPad(Clone) with item ControlPad(Clone) (True)
[10:24:38.7866852] [Debug  : LethalMin] Initializing PikminItem ControlPad(Clone) with item ControlPad(Clone) (True)
[10:24:38.7866852] [Debug  : LethalMin] Initializing PikminItem ControlPad(Clone) with item ControlPad(Clone) (True)
[10:24:38.7866852] [Debug  : LethalMin] Initializing PikminItem ControlPad(Clone) with item ControlPad(Clone) (True)
[10:24:38.7866852] [Debug  : LethalMin] Initializing PikminItem ControlPad(Clone) with item ControlPad(Clone) (True)
[10:24:38.7866852] [Debug  : LethalMin] Initializing PikminItem ControlPad(Clone) with item ControlPad(Clone) (True)
[10:24:38.7866852] [Debug  : LethalMin] Initializing PikminItem ControlPad(Clone) with item ControlPad(Clone) (True)
[10:24:38.7866852] [Debug  : LethalMin] Initializing PikminItem ControlPad(Clone) with item ControlPad(Clone) (True)
[10:24:38.7866852] [Debug  : LethalMin] Initializing PikminItem ControlPad(Clone) with item ControlPad(Clone) (True)
[10:24:38.7866852] [Debug  : LethalMin] Initializing PikminItem ControlPad(Clone) with item ControlPad(Clone) (True)
[10:24:38.7866852] [Debug  : LethalMin] Initializing PikminItem Boombox(Clone) with item Boombox(Clone) (True)
[10:24:38.7866852] [Debug  : LethalMin] Initializing PikminItem Whisle(Clone) with item Whisle(Clone) (True)
[10:24:38.7866852] [Debug  : LethalMin] Initializing PikminItem ExtensionLadderItem(Clone) with item ExtensionLadderItem(Clone) (True)
[10:24:38.7896858] [Info   : Unity Log] Landmine creating doorcode object in parent MapScreenUIWorldSpace (UnityEngine.RectTransform): DoorCodeUIObject(Clone)
[10:24:38.7906856] [Debug  :Buttery Fixes] Landmine #-1595236: Nudged radar dot upwards
[10:24:38.7921889] [Debug  :ReXuvination] Optimised Collider layers in Landmine for Object: Landmine (UnityEngine.GameObject)
[10:24:38.7936919] [Info   : Unity Log] Landmine creating doorcode object in parent MapScreenUIWorldSpace (UnityEngine.RectTransform): DoorCodeUIObject(Clone)
[10:24:38.7936919] [Debug  :Buttery Fixes] Landmine #-1595370: Nudged radar dot upwards
[10:24:38.7936919] [Debug  :ReXuvination] Optimised Collider layers in Landmine for Object: Landmine (UnityEngine.GameObject)
[10:24:38.7936919] [Info   : Unity Log] Landmine creating doorcode object in parent MapScreenUIWorldSpace (UnityEngine.RectTransform): DoorCodeUIObject(Clone)
[10:24:38.7936919] [Debug  :Buttery Fixes] Landmine #-1595504: Nudged radar dot upwards
[10:24:38.7936919] [Debug  :ReXuvination] Optimised Collider layers in Landmine for Object: Landmine (UnityEngine.GameObject)
[10:24:38.7946962] [Info   : Unity Log] Landmine creating doorcode object in parent MapScreenUIWorldSpace (UnityEngine.RectTransform): DoorCodeUIObject(Clone)
[10:24:38.7946962] [Debug  :Buttery Fixes] Landmine #-1595638: Nudged radar dot upwards
[10:24:38.7946962] [Debug  :ReXuvination] Optimised Collider layers in Landmine for Object: Landmine (UnityEngine.GameObject)
[10:24:38.7946962] [Info   : Unity Log] Landmine creating doorcode object in parent MapScreenUIWorldSpace (UnityEngine.RectTransform): DoorCodeUIObject(Clone)
[10:24:38.7946962] [Debug  :Buttery Fixes] Landmine #-1595772: Nudged radar dot upwards
[10:24:38.7946962] [Debug  :ReXuvination] Optimised Collider layers in Landmine for Object: Landmine (UnityEngine.GameObject)
[10:24:38.7956968] [Info   : Unity Log] Landmine creating doorcode object in parent MapScreenUIWorldSpace (UnityEngine.RectTransform): DoorCodeUIObject(Clone)
[10:24:38.7956968] [Debug  :Buttery Fixes] Landmine #-1595906: Nudged radar dot upwards
[10:24:38.7956968] [Debug  :ReXuvination] Optimised Collider layers in Landmine for Object: Landmine (UnityEngine.GameObject)
[10:24:38.7956968] [Info   : Unity Log] Landmine creating doorcode object in parent MapScreenUIWorldSpace (UnityEngine.RectTransform): DoorCodeUIObject(Clone)
[10:24:38.7956968] [Debug  :Buttery Fixes] Landmine #-1596040: Nudged radar dot upwards
[10:24:38.7956968] [Debug  :ReXuvination] Optimised Collider layers in Landmine for Object: Landmine (UnityEngine.GameObject)
[10:24:38.7967001] [Info   : Unity Log] Landmine creating doorcode object in parent MapScreenUIWorldSpace (UnityEngine.RectTransform): DoorCodeUIObject(Clone)
[10:24:38.7967001] [Debug  :Buttery Fixes] Landmine #-1596174: Nudged radar dot upwards
[10:24:38.7967001] [Debug  :ReXuvination] Optimised Collider layers in Landmine for Object: Landmine (UnityEngine.GameObject)
[10:24:38.7967001] [Info   : Unity Log] Landmine creating doorcode object in parent MapScreenUIWorldSpace (UnityEngine.RectTransform): DoorCodeUIObject(Clone)
[10:24:38.7967001] [Debug  :Buttery Fixes] Landmine #-1596308: Nudged radar dot upwards
[10:24:38.7967001] [Debug  :ReXuvination] Optimised Collider layers in Landmine for Object: Landmine (UnityEngine.GameObject)
[10:24:38.7976977] [Info   : Unity Log] Landmine creating doorcode object in parent MapScreenUIWorldSpace (UnityEngine.RectTransform): DoorCodeUIObject(Clone)
[10:24:38.7976977] [Debug  :Buttery Fixes] Landmine #-1596442: Nudged radar dot upwards
[10:24:38.7976977] [Debug  :ReXuvination] Optimised Collider layers in Landmine for Object: Landmine (UnityEngine.GameObject)
[10:24:38.8006971] [Info   : Unity Log] Landmine creating doorcode object in parent MapScreenUIWorldSpace (UnityEngine.RectTransform): DoorCodeUIObject(Clone)
[10:24:38.8006971] [Debug  :Buttery Fixes] Landmine #-1596576: Nudged radar dot upwards
[10:24:38.8006971] [Debug  :ReXuvination] Optimised Collider layers in Landmine for Object: Landmine (UnityEngine.GameObject)
[10:24:38.8006971] [Info   : Unity Log] Landmine creating doorcode object in parent MapScreenUIWorldSpace (UnityEngine.RectTransform): DoorCodeUIObject(Clone)
[10:24:38.8006971] [Debug  :Buttery Fixes] Landmine #-1596710: Nudged radar dot upwards
[10:24:38.8006971] [Debug  :ReXuvination] Optimised Collider layers in Landmine for Object: Landmine (UnityEngine.GameObject)
[10:24:38.8022036] [Info   : Unity Log] Landmine creating doorcode object in parent MapScreenUIWorldSpace (UnityEngine.RectTransform): DoorCodeUIObject(Clone)
[10:24:38.8022036] [Debug  :Buttery Fixes] Landmine #-1596844: Nudged radar dot upwards
[10:24:38.8022036] [Debug  :ReXuvination] Optimised Collider layers in Landmine for Object: Landmine (UnityEngine.GameObject)
[10:24:38.8022036] [Info   : Unity Log] Landmine creating doorcode object in parent MapScreenUIWorldSpace (UnityEngine.RectTransform): DoorCodeUIObject(Clone)
[10:24:38.8022036] [Debug  :Buttery Fixes] Landmine #-1596978: Nudged radar dot upwards
[10:24:38.8022036] [Debug  :ReXuvination] Optimised Collider layers in Landmine for Object: Landmine (UnityEngine.GameObject)
[10:24:38.8498128] [Warning: Unity Log] Some metrics in the collection went over the configured values limit. Some values were ignored.
[10:24:38.9046405] [Debug  : LethalMin] Creating counter for Apparatus (PikminItem Node)
[10:24:38.9785377] [Debug  : LethalMin] IsClientRpcPrefixValid (No): RpcExecStage is Send, IsClient: True, IsHost: True FinishGeneratingNewLevelClientRpcPrefix
[10:24:38.9785377] [Debug  : LethalMin] IsClientRpcPrefixValid (Yes): RpcExecStage is Execute, IsClient: True, IsHost: True FinishGeneratingNewLevelClientRpcPrefix
[10:24:38.9795382] [Info   :BrutalCompanyMinusExtraReborn] Active State: True
[10:24:39.0120865] [Debug  :PathfindingLib] EntranceTeleportC (EntranceTeleport) (267) connects to EntranceTeleportB(Clone) (EntranceTeleport) (456)
[10:24:39.0120865] [Debug  :PathfindingLib] EntranceTeleportD (EntranceTeleport) (268) connects to EntranceTeleportB(Clone) (EntranceTeleport) (445)
[10:24:39.0120865] [Debug  :PathfindingLib] EntranceTeleportA (EntranceTeleport) (273) connects to EntranceTeleportA(Clone) (EntranceTeleport) (558)
[10:24:39.0120865] [Debug  :PathfindingLib] EntranceTeleportB (EntranceTeleport) (276) connects to EntranceTeleportB(Clone) (EntranceTeleport) (430)
[10:24:39.0120865] [Debug  :PathfindingLib] EntranceTeleportB(Clone) (EntranceTeleport) (430) connects to EntranceTeleportB (EntranceTeleport) (276)
[10:24:39.0120865] [Debug  :PathfindingLib] EntranceTeleportB(Clone) (EntranceTeleport) (445) connects to EntranceTeleportD (EntranceTeleport) (268)
[10:24:39.0120865] [Debug  :PathfindingLib] EntranceTeleportB(Clone) (EntranceTeleport) (456) connects to EntranceTeleportC (EntranceTeleport) (267)
[10:24:39.0120865] [Debug  :PathfindingLib] EntranceTeleportA(Clone) (EntranceTeleport) (558) connects to EntranceTeleportA (EntranceTeleport) (273)
[10:24:39.0120865] [Debug  :PathfindingLib] EntranceTeleportA(Clone) (EntranceTeleport) (559) connects to EntranceTeleportA (EntranceTeleport) (273)
[10:24:39.0135899] [Debug  : LethalMin] Found 9 entrances:
 - EntranceTeleportC <=> EntranceTeleportB(Clone)
 - EntranceTeleportD <=> EntranceTeleportB(Clone)
 - EntranceTeleportA <=> EntranceTeleportA(Clone)
 - EntranceTeleportB <=> EntranceTeleportB(Clone)
[10:24:39.0135899] [Info   :CullFactory] Generation has completed with seed 14991801.
[10:24:39.2306572] [Info   :CullFactory] Preparing tile information for SlaughterhouseFlow took 187.347ms
[10:24:39.2772553] [Warning:LethalPerformance] GrabbableObject search called with inactive objects, probably will cause incompatibility!
[10:24:39.3374770] [Debug  :ButteRyBalance] Barber - Dynamic Spawn Settings: 2/8 (Interior ID: 43)
[10:24:39.3384763] [Debug  :Spawn Cycle Fixes] Predictor: Spawn wave at time 100
[10:24:39.3384763] [Debug  :Spawn Cycle Fixes] Predictor: Base amount is -100
[10:24:39.3384763] [Debug  :Spawn Cycle Fixes] Predictor: Adjusted amount is -99.375 (2 days left)
[10:24:39.3384763] [Debug  :Spawn Cycle Fixes] Predictor: Spawning 0 enemies
[10:24:39.3384763] [Debug  :Spawn Cycle Fixes] Predictor: Spawn wave at time 180
[10:24:39.3384763] [Debug  :Spawn Cycle Fixes] Predictor: Base amount is -100
[10:24:39.3384763] [Debug  :Spawn Cycle Fixes] Predictor: Adjusted amount is -99.375 (2 days left)
[10:24:39.3384763] [Debug  :Spawn Cycle Fixes] Predictor: Spawning 0 enemies
[10:24:39.3384763] [Debug  :Spawn Cycle Fixes] Predictor: Spawn wave at time 300
[10:24:39.3384763] [Debug  :Spawn Cycle Fixes] Predictor: Base amount is -100
[10:24:39.3384763] [Debug  :Spawn Cycle Fixes] Predictor: Adjusted amount is -99.375 (2 days left)
[10:24:39.3384763] [Debug  :Spawn Cycle Fixes] Predictor: Spawning 0 enemies
[10:24:39.3384763] [Debug  :Spawn Cycle Fixes] Predictor: Spawn wave at time 420
[10:24:39.3384763] [Debug  :Spawn Cycle Fixes] Predictor: Base amount is -100
[10:24:39.3384763] [Debug  :Spawn Cycle Fixes] Predictor: Adjusted amount is -99.375 (2 days left)
[10:24:39.3384763] [Debug  :Spawn Cycle Fixes] Predictor: Spawning 0 enemies
[10:24:39.3384763] [Debug  :Spawn Cycle Fixes] Predictor: Spawn wave at time 540
[10:24:39.3384763] [Debug  :Spawn Cycle Fixes] Predictor: Base amount is -100
[10:24:39.3384763] [Debug  :Spawn Cycle Fixes] Predictor: Adjusted amount is -99.375 (2 days left)
[10:24:39.3384763] [Debug  :Spawn Cycle Fixes] Predictor: Spawning 0 enemies
[10:24:39.3384763] [Debug  :Spawn Cycle Fixes] Predictor: Spawn wave at time 660
[10:24:39.3384763] [Debug  :Spawn Cycle Fixes] Predictor: Base amount is -100
[10:24:39.3384763] [Debug  :Spawn Cycle Fixes] Predictor: Adjusted amount is -99.375 (2 days left)
[10:24:39.3384763] [Debug  :Spawn Cycle Fixes] Predictor: Spawning 0 enemies
[10:24:39.3384763] [Debug  :Spawn Cycle Fixes] Predictor: Spawn wave at time 780
[10:24:39.3384763] [Debug  :Spawn Cycle Fixes] Predictor: Base amount is -100
[10:24:39.3384763] [Debug  :Spawn Cycle Fixes] Predictor: Adjusted amount is -99.375 (2 days left)
[10:24:39.3384763] [Debug  :Spawn Cycle Fixes] Predictor: Spawning 0 enemies
[10:24:39.3384763] [Debug  :Spawn Cycle Fixes] Predictor: Spawn wave at time 900
[10:24:39.3384763] [Debug  :Spawn Cycle Fixes] Predictor: Base amount is -100
[10:24:39.3384763] [Debug  :Spawn Cycle Fixes] Predictor: Adjusted amount is -99.375 (2 days left)
[10:24:39.3384763] [Debug  :Spawn Cycle Fixes] Predictor: Spawning 0 enemies
[10:24:39.3384763] [Debug  :Spawn Cycle Fixes] Predictor: Spawn wave at time 1020
[10:24:39.3384763] [Debug  :Spawn Cycle Fixes] Predictor: Base amount is -100
[10:24:39.3384763] [Debug  :Spawn Cycle Fixes] Predictor: Adjusted amount is -99.375 (2 days left)
[10:24:39.3384763] [Debug  :Spawn Cycle Fixes] Predictor: Spawning 0 enemies
[10:24:39.3384763] [Debug  :Spawn Cycle Fixes] Predictor: Complete
[10:24:39.3995836] [Info   :GeneralImprovements] Disabling ship scan node until landed.
[10:24:39.3995836] [Info   :GeneralImprovements] Updated remaining scrap display.
[10:24:39.4106007] [Debug  :Enemy Sound Fixes] PowerBoxDoor: AnimatedObjectTrigger audios
[10:24:39.4206139] [Info   :WaterAssetRestorer] Swapping water materials...
[10:24:39.7385301] [Info   : LethalMin] __ LethalMin On Game Loaded __
[10:24:39.8120756] [Info   : LethalMin] Added Pikmin Effect Trigger to: WaterTrigger
[10:24:39.8120756] [Info   : LethalMin] Added Pikmin Effect Trigger to: WaterTrigger
[10:24:39.8120756] [Info   : LethalMin] Added Pikmin Effect Trigger to: Toxic Water
[10:24:39.8721496] [Info   : LethalMin] Wild Spawn Falloff is disabled.
[10:24:39.8776615] [Info   : LethalMin] -- Spawning Sprouts --
[10:24:39.8776615] [Info   : LethalMin] Base spawn chance: 0.45, Map Pikmin Spawn Chance: 0.45
[10:24:39.8776615] [Info   : LethalMin] === Pikmin Spawning Odds [Black Mesa] (None) ===
[10:24:39.8776615] [Info   : LethalMin]   [Blue Pikmin]: base=0.500 = 0.500
[10:24:39.8776615] [Info   : LethalMin]   [Ice Pikmin]: base=0.500 = 0.500
[10:24:39.8776615] [Info   : LethalMin]   [Red Pikmin]: base=0.500 = 0.500
[10:24:39.8776615] [Info   : LethalMin]   [Rock Pikmin]: base=0.500 = 0.500
[10:24:39.8776615] [Info   : LethalMin]   [Winged Pikmin]: base=0.500 = 0.500
[10:24:39.8776615] [Info   : LethalMin]   [Yellow Pikmin]: base=0.500 = 0.500
[10:24:39.8776615] [Info   : LethalMin] =================================
[10:24:39.8776615] [Debug  : LethalMin] Sprouts Odds: Blue Pikmin: 0.5, Ice Pikmin: 0.5, Red Pikmin: 0.5, Rock Pikmin: 0.5, Winged Pikmin: 0.5, Yellow Pikmin: 0.5
[10:24:39.8786628] [Debug  : LethalMin] Spawning sprout 0 iteration(1) at: [(-36.22, -15.98, 4.48), (0.00, 95.00, 0.00)] With type: Blue Pikmin odds:(0.5) rng: (0.2795223 / 3)
[10:24:39.8786628] [Debug  : LethalMin] Sprout Setting growth stage to 0
[10:24:39.8786628] [Debug  : LethalMin] Blue Pikmin sprout initalized at ((-36.22, -15.98, 4.48),(0.00, 95.00, 0.00))
[10:24:39.8786628] [Debug  : LethalMin] Spawning sprout 1 iteration(3) at: [(41.36, -11.15, 12.53), (0.00, 59.00, 0.00)] With type: Blue Pikmin odds:(0.5) rng: (0.3467249 / 3)
[10:24:39.8796612] [Debug  : LethalMin] Sprout Setting growth stage to 0
[10:24:39.8796612] [Debug  : LethalMin] Blue Pikmin sprout initalized at ((41.36, -11.15, 12.53),(0.00, 59.00, 0.00))
[10:24:39.8796612] [Debug  : LethalMin] Spawning sprout 2 iteration(4) at: [(-0.44, -6.45, 57.23), (0.00, 144.00, 0.00)] With type: Ice Pikmin odds:(0.5) rng: (0.7767035 / 3)
[10:24:39.8796612] [Debug  : LethalMin] Sprout Setting growth stage to 0
[10:24:39.8796612] [Debug  : LethalMin] Ice Pikmin sprout initalized at ((-0.44, -6.45, 57.23),(0.00, 144.00, 0.00))
[10:24:39.8796612] [Debug  : LethalMin] Spawning sprout 3 iteration(6) at: [(-75.64, 11.36, -96.67), (0.00, 51.00, 0.00)] With type: Winged Pikmin odds:(0.5) rng: (2.050958 / 3)
[10:24:39.8806621] [Debug  : LethalMin] Sprout Setting growth stage to 0
[10:24:39.8806621] [Debug  : LethalMin] Winged Pikmin sprout initalized at ((-75.64, 11.36, -96.67),(0.00, 51.00, 0.00))
[10:24:39.8806621] [Debug  : LethalMin] Spawning sprout 4 iteration(7) at: [(92.62, 1.18, 35.58), (0.00, 58.00, 0.00)] With type: Winged Pikmin odds:(0.5) rng: (2.098218 / 3)
[10:24:39.8806621] [Debug  : LethalMin] Sprout Setting growth stage to 0
[10:24:39.8806621] [Debug  : LethalMin] Winged Pikmin sprout initalized at ((92.62, 1.18, 35.58),(0.00, 58.00, 0.00))
[10:24:39.8806621] [Debug  : LethalMin] Spawning sprout 5 iteration(9) at: [(72.56, 3.17, 52.53), (0.00, 149.00, 0.00)] With type: Rock Pikmin odds:(0.5) rng: (1.917936 / 3)
[10:24:39.8806621] [Debug  : LethalMin] Sprout Setting growth stage to 0
[10:24:39.8806621] [Debug  : LethalMin] Rock Pikmin sprout initalized at ((72.56, 3.17, 52.53),(0.00, 149.00, 0.00))
[10:24:39.8806621] [Debug  : LethalMin] Spawning sprout 6 iteration(13) at: [(-104.98, -1.20, -91.93), (0.00, 139.00, 0.00)] With type: Rock Pikmin odds:(0.5) rng: (1.840178 / 3)
[10:24:39.8822400] [Debug  : LethalMin] Sprout Setting growth stage to 0
[10:24:39.8822400] [Debug  : LethalMin] Rock Pikmin sprout initalized at ((-104.98, -1.20, -91.93),(0.00, 139.00, 0.00))
[10:24:39.8822400] [Debug  : LethalMin] Spawning sprout 7 iteration(16) at: [(-0.44, -6.45, 67.33), (0.00, 29.00, 0.00)] With type: Ice Pikmin odds:(0.5) rng: (0.6737559 / 3)
[10:24:39.8822400] [Debug  : LethalMin] Sprout Setting growth stage to 0
[10:24:39.8822400] [Debug  : LethalMin] Ice Pikmin sprout initalized at ((-0.44, -6.45, 67.33),(0.00, 29.00, 0.00))
[10:24:39.8822400] [Debug  : LethalMin] Spawning sprout 8 iteration(17) at: [(74.76, 3.17, 47.73), (0.00, 178.00, 0.00)] With type: Winged Pikmin odds:(0.5) rng: (2.031888 / 3)
[10:24:39.8822400] [Debug  : LethalMin] Sprout Setting growth stage to 0
[10:24:39.8822400] [Debug  : LethalMin] Winged Pikmin sprout initalized at ((74.76, 3.17, 47.73),(0.00, 178.00, 0.00))
[10:24:39.8822400] [Debug  : LethalMin] Spawning sprout 9 iteration(18) at: [(37.53, -9.80, 13.89), (0.00, 346.00, 0.00)] With type: Rock Pikmin odds:(0.5) rng: (1.73855 / 3)
[10:24:39.8822400] [Debug  : LethalMin] Sprout Setting growth stage to 0
[10:24:39.8822400] [Debug  : LethalMin] Rock Pikmin sprout initalized at ((37.53, -9.80, 13.89),(0.00, 346.00, 0.00))
[10:24:39.8837437] [Debug  : LethalMin] Spawning sprout 10 iteration(20) at: [(-86.75, -1.96, -66.54), (0.00, 182.00, 0.00)] With type: Yellow Pikmin odds:(0.5) rng: (2.562452 / 3)
[10:24:39.8837437] [Debug  : LethalMin] Sprout Setting growth stage to 0
[10:24:39.8837437] [Debug  : LethalMin] Yellow Pikmin sprout initalized at ((-86.75, -1.96, -66.54),(0.00, 182.00, 0.00))
[10:24:39.8837437] [Debug  : LethalMin] Spawning sprout 11 iteration(21) at: [(-48.51, -6.45, 0.33), (0.00, 255.00, 0.00)] With type: Blue Pikmin odds:(0.5) rng: (0.03273904 / 3)
[10:24:39.8837437] [Debug  : LethalMin] Sprout Setting growth stage to 0
[10:24:39.8837437] [Debug  : LethalMin] Blue Pikmin sprout initalized at ((-48.51, -6.45, 0.33),(0.00, 255.00, 0.00))
[10:24:39.8847481] [Debug  : LethalMin] Spawning sprout 12 iteration(22) at: [(-58.24, -6.45, 0.13), (0.00, 299.00, 0.00)] With type: Blue Pikmin odds:(0.5) rng: (0.4853271 / 3)
[10:24:39.8847481] [Debug  : LethalMin] Sprout Setting growth stage to 0
[10:24:39.8847481] [Debug  : LethalMin] Blue Pikmin sprout initalized at ((-58.24, -6.45, 0.13),(0.00, 299.00, 0.00))
[10:24:39.8847481] [Debug  : LethalMin] Spawning sprout 13 iteration(23) at: [(-16.24, -6.82, -4.38), (0.00, 222.00, 0.00)] With type: Red Pikmin odds:(0.5) rng: (1.302763 / 3)
[10:24:39.8847481] [Debug  : LethalMin] Sprout Setting growth stage to 0
[10:24:39.8847481] [Debug  : LethalMin] Red Pikmin sprout initalized at ((-16.24, -6.82, -4.38),(0.00, 222.00, 0.00))
[10:24:39.8847481] [Debug  : LethalMin] Spawning sprout 14 iteration(26) at: [(-34.64, -6.45, 28.93), (0.00, 191.00, 0.00)] With type: Blue Pikmin odds:(0.5) rng: (0.4825205 / 3)
[10:24:39.8857519] [Debug  : LethalMin] Sprout Setting growth stage to 0
[10:24:39.8857519] [Debug  : LethalMin] Blue Pikmin sprout initalized at ((-34.64, -6.45, 28.93),(0.00, 191.00, 0.00))
[10:24:39.8857519] [Debug  : LethalMin] Spawning sprout 15 iteration(28) at: [(13.48, -4.81, 48.25), (0.00, 199.00, 0.00)] With type: Rock Pikmin odds:(0.5) rng: (1.89176 / 3)
[10:24:39.8857519] [Debug  : LethalMin] Sprout Setting growth stage to 0
[10:24:39.8857519] [Debug  : LethalMin] Rock Pikmin sprout initalized at ((13.48, -4.81, 48.25),(0.00, 199.00, 0.00))
[10:24:39.8857519] [Debug  : LethalMin] Spawning sprout 16 iteration(29) at: [(14.16, 0.21, -17.67), (0.00, 154.00, 0.00)] With type: Blue Pikmin odds:(0.5) rng: (0.4400192 / 3)
[10:24:39.8867518] [Debug  : LethalMin] Sprout Setting growth stage to 0
[10:24:39.8867518] [Debug  : LethalMin] Blue Pikmin sprout initalized at ((14.16, 0.21, -17.67),(0.00, 154.00, 0.00))
[10:24:39.8867518] [Debug  : LethalMin] Spawning sprout 17 iteration(31) at: [(17.56, -1.65, 67.13), (0.00, 5.00, 0.00)] With type: Rock Pikmin odds:(0.5) rng: (1.50381 / 3)
[10:24:39.8867518] [Debug  : LethalMin] Sprout Setting growth stage to 0
[10:24:39.8867518] [Debug  : LethalMin] Rock Pikmin sprout initalized at ((17.56, -1.65, 67.13),(0.00, 5.00, 0.00))
[10:24:39.8867518] [Debug  : LethalMin] Spawning sprout 18 iteration(32) at: [(-95.59, 11.36, -96.67), (0.00, 260.00, 0.00)] With type: Rock Pikmin odds:(0.5) rng: (1.891181 / 3)
[10:24:39.8867518] [Debug  : LethalMin] Sprout Setting growth stage to 0
[10:24:39.8867518] [Debug  : LethalMin] Rock Pikmin sprout initalized at ((-95.59, 11.36, -96.67),(0.00, 260.00, 0.00))
[10:24:39.8877515] [Debug  : LethalMin] Spawning sprout 19 iteration(33) at: [(54.74, -2.14, 39.67), (0.00, 229.00, 0.00)] With type: Blue Pikmin odds:(0.5) rng: (0.2755859 / 3)
[10:24:39.8877515] [Debug  : LethalMin] Sprout Setting growth stage to 0
[10:24:39.8877515] [Debug  : LethalMin] Blue Pikmin sprout initalized at ((54.74, -2.14, 39.67),(0.00, 229.00, 0.00))
[10:24:39.8877515] [Debug  : LethalMin] Spawning sprout 20 iteration(34) at: [(-103.19, -1.20, -93.72), (0.00, 202.00, 0.00)] With type: Winged Pikmin odds:(0.5) rng: (2.202144 / 3)
[10:24:39.8877515] [Debug  : LethalMin] Sprout Setting growth stage to 0
[10:24:39.8877515] [Debug  : LethalMin] Winged Pikmin sprout initalized at ((-103.19, -1.20, -93.72),(0.00, 202.00, 0.00))
[10:24:39.8877515] [Debug  : LethalMin] Spawning sprout 21 iteration(35) at: [(-29.51, -6.41, 13.24), (0.00, 165.00, 0.00)] With type: Yellow Pikmin odds:(0.5) rng: (2.986403 / 3)
[10:24:39.8877515] [Debug  : LethalMin] Sprout Setting growth stage to 0
[10:24:39.8887511] [Debug  : LethalMin] Yellow Pikmin sprout initalized at ((-29.51, -6.41, 13.24),(0.00, 165.00, 0.00))
[10:24:39.8887511] [Debug  : LethalMin] Spawning sprout 22 iteration(37) at: [(-103.27, -1.20, -93.64), (0.00, 107.00, 0.00)] With type: Red Pikmin odds:(0.5) rng: (1.067545 / 3)
[10:24:39.8887511] [Debug  : LethalMin] Sprout Setting growth stage to 0
[10:24:39.8887511] [Debug  : LethalMin] Red Pikmin sprout initalized at ((-103.27, -1.20, -93.64),(0.00, 107.00, 0.00))
[10:24:39.8887511] [Debug  : LethalMin] Spawning sprout 23 iteration(38) at: [(-39.04, 8.96, 48.33), (0.00, 250.00, 0.00)] With type: Blue Pikmin odds:(0.5) rng: (0.443927 / 3)
[10:24:39.8887511] [Debug  : LethalMin] Sprout Setting growth stage to 0
[10:24:39.8887511] [Debug  : LethalMin] Blue Pikmin sprout initalized at ((-39.04, 8.96, 48.33),(0.00, 250.00, 0.00))
[10:24:39.8897513] [Debug  : LethalMin] Spawning sprout 24 iteration(41) at: [(41.36, -11.15, 12.53), (0.00, 7.00, 0.00)] With type: Winged Pikmin odds:(0.5) rng: (2.161539 / 3)
[10:24:39.8897513] [Debug  : LethalMin] Sprout Setting growth stage to 0
[10:24:39.8897513] [Debug  : LethalMin] Winged Pikmin sprout initalized at ((41.36, -11.15, 12.53),(0.00, 7.00, 0.00))
[10:24:39.8897513] [Debug  : LethalMin] Spawning sprout 25 iteration(42) at: [(-68.24, 7.65, 2.53), (0.00, 272.00, 0.00)] With type: Blue Pikmin odds:(0.5) rng: (0.1834348 / 3)
[10:24:39.8897513] [Debug  : LethalMin] Sprout Setting growth stage to 0
[10:24:39.8897513] [Debug  : LethalMin] Blue Pikmin sprout initalized at ((-68.24, 7.65, 2.53),(0.00, 272.00, 0.00))
[10:24:39.8897513] [Debug  : LethalMin] Spawning sprout 26 iteration(43) at: [(17.76, -6.45, 67.33), (0.00, 358.00, 0.00)] With type: Blue Pikmin odds:(0.5) rng: (0.1094903 / 3)
[10:24:39.8897513] [Debug  : LethalMin] Sprout Setting growth stage to 0
[10:24:39.8897513] [Debug  : LethalMin] Blue Pikmin sprout initalized at ((17.76, -6.45, 67.33),(0.00, 358.00, 0.00))
[10:24:39.8907518] [Debug  : LethalMin] Spawning sprout 27 iteration(44) at: [(-1.61, 8.96, 24.46), (0.00, 333.00, 0.00)] With type: Blue Pikmin odds:(0.5) rng: (0.3676547 / 3)
[10:24:39.8907518] [Debug  : LethalMin] Sprout Setting growth stage to 0
[10:24:39.8907518] [Debug  : LethalMin] Blue Pikmin sprout initalized at ((-1.61, 8.96, 24.46),(0.00, 333.00, 0.00))
[10:24:39.8907518] [Debug  : LethalMin] Spawning sprout 28 iteration(46) at: [(-28.84, -6.58, -28.63), (0.00, 345.00, 0.00)] With type: Red Pikmin odds:(0.5) rng: (1.010745 / 3)
[10:24:39.8907518] [Debug  : LethalMin] Sprout Setting growth stage to 0
[10:24:39.8907518] [Debug  : LethalMin] Red Pikmin sprout initalized at ((-28.84, -6.58, -28.63),(0.00, 345.00, 0.00))
[10:24:39.8907518] [Debug  : LethalMin] Spawning sprout 29 iteration(47) at: [(-50.82, -6.45, -3.87), (0.00, 337.00, 0.00)] With type: Red Pikmin odds:(0.5) rng: (1.243794 / 3)
[10:24:39.8907518] [Debug  : LethalMin] Sprout Setting growth stage to 0
[10:24:39.8907518] [Debug  : LethalMin] Red Pikmin sprout initalized at ((-50.82, -6.45, -3.87),(0.00, 337.00, 0.00))
[10:24:39.8907518] [Debug  : LethalMin] Spawning sprout 30 iteration(49) at: [(101.45, 12.98, -9.27), (0.00, 283.00, 0.00)] With type: Blue Pikmin odds:(0.5) rng: (0.1272097 / 3)
[10:24:39.8947618] [Debug  : LethalMin] Sprout Setting growth stage to 0
[10:24:39.8947618] [Debug  : LethalMin] Blue Pikmin sprout initalized at ((101.45, 12.98, -9.27),(0.00, 283.00, 0.00))
[10:24:39.8947618] [Debug  : LethalMin] Spawning sprout 31 iteration(51) at: [(98.20, 1.95, 23.34), (0.00, 15.00, 0.00)] With type: Rock Pikmin odds:(0.5) rng: (1.692381 / 3)
[10:24:39.8957616] [Debug  : LethalMin] Sprout Setting growth stage to 0
[10:24:39.8957616] [Debug  : LethalMin] Rock Pikmin sprout initalized at ((98.20, 1.95, 23.34),(0.00, 15.00, 0.00))
[10:24:39.8957616] [Debug  : LethalMin] Spawning sprout 32 iteration(52) at: [(-55.04, -2.25, -84.07), (0.00, 261.00, 0.00)] With type: Winged Pikmin odds:(0.5) rng: (2.016872 / 3)
[10:24:39.8957616] [Debug  : LethalMin] Sprout Setting growth stage to 0
[10:24:39.8957616] [Debug  : LethalMin] Winged Pikmin sprout initalized at ((-55.04, -2.25, -84.07),(0.00, 261.00, 0.00))
[10:24:39.8957616] [Debug  : LethalMin] Spawning sprout 33 iteration(53) at: [(-68.24, -1.95, -23.47), (0.00, 352.00, 0.00)] With type: Red Pikmin odds:(0.5) rng: (1.244156 / 3)
[10:24:39.8957616] [Debug  : LethalMin] Sprout Setting growth stage to 0
[10:24:39.8957616] [Debug  : LethalMin] Red Pikmin sprout initalized at ((-68.24, -1.95, -23.47),(0.00, 352.00, 0.00))
[10:24:39.8967616] [Debug  : LethalMin] Spawning sprout 34 iteration(55) at: [(-27.64, -6.43, -37.32), (0.00, 259.00, 0.00)] With type: Ice Pikmin odds:(0.5) rng: (0.5078505 / 3)
[10:24:39.8967616] [Debug  : LethalMin] Sprout Setting growth stage to 0
[10:24:39.8967616] [Debug  : LethalMin] Ice Pikmin sprout initalized at ((-27.64, -6.43, -37.32),(0.00, 259.00, 0.00))
[10:24:39.8967616] [Debug  : LethalMin] Spawning sprout 35 iteration(56) at: [(39.24, -6.01, 41.13), (0.00, 106.00, 0.00)] With type: Red Pikmin odds:(0.5) rng: (1.235633 / 3)
[10:24:39.8967616] [Debug  : LethalMin] Sprout Setting growth stage to 0
[10:24:39.8967616] [Debug  : LethalMin] Red Pikmin sprout initalized at ((39.24, -6.01, 41.13),(0.00, 106.00, 0.00))
[10:24:39.8967616] [Debug  : LethalMin] Spawning sprout 36 iteration(57) at: [(-16.04, -1.95, -21.17), (0.00, 157.00, 0.00)] With type: Winged Pikmin odds:(0.5) rng: (2.380038 / 3)
[10:24:39.8977622] [Debug  : LethalMin] Sprout Setting growth stage to 0
[10:24:39.8977622] [Debug  : LethalMin] Winged Pikmin sprout initalized at ((-16.04, -1.95, -21.17),(0.00, 157.00, 0.00))
[10:24:39.8977622] [Debug  : LethalMin] Spawning sprout 37 iteration(58) at: [(11.97, -1.65, 29.45), (0.00, 340.00, 0.00)] With type: Ice Pikmin odds:(0.5) rng: (0.7418768 / 3)
[10:24:39.8977622] [Debug  : LethalMin] Sprout Setting growth stage to 0
[10:24:39.8977622] [Debug  : LethalMin] Ice Pikmin sprout initalized at ((11.97, -1.65, 29.45),(0.00, 340.00, 0.00))
[10:24:39.8977622] [Debug  : LethalMin] Spawning sprout 38 iteration(62) at: [(14.16, 0.21, -11.71), (0.00, 273.00, 0.00)] With type: Ice Pikmin odds:(0.5) rng: (0.5526116 / 3)
[10:24:39.8977622] [Debug  : LethalMin] Sprout Setting growth stage to 0
[10:24:39.8977622] [Debug  : LethalMin] Ice Pikmin sprout initalized at ((14.16, 0.21, -11.71),(0.00, 273.00, 0.00))
[10:24:39.8987621] [Debug  : LethalMin] Spawning sprout 39 iteration(64) at: [(-89.92, -5.41, -76.85), (0.00, 76.00, 0.00)] With type: Winged Pikmin odds:(0.5) rng: (2.146089 / 3)
[10:24:39.8987621] [Debug  : LethalMin] Sprout Setting growth stage to 0
[10:24:39.8987621] [Debug  : LethalMin] Winged Pikmin sprout initalized at ((-89.92, -5.41, -76.85),(0.00, 76.00, 0.00))
[10:24:39.8987621] [Debug  : LethalMin] Spawning sprout 40 iteration(65) at: [(41.16, -9.95, 13.73), (0.00, 349.00, 0.00)] With type: Yellow Pikmin odds:(0.5) rng: (2.722736 / 3)
[10:24:39.8987621] [Debug  : LethalMin] Sprout Setting growth stage to 0
[10:24:39.8987621] [Debug  : LethalMin] Yellow Pikmin sprout initalized at ((41.16, -9.95, 13.73),(0.00, 349.00, 0.00))
[10:24:39.8987621] [Debug  : LethalMin] Spawning sprout 41 iteration(68) at: [(-18.99, -9.55, -42.67), (0.00, 334.00, 0.00)] With type: Red Pikmin odds:(0.5) rng: (1.317944 / 3)
[10:24:39.8997613] [Debug  : LethalMin] Sprout Setting growth stage to 0
[10:24:39.8997613] [Debug  : LethalMin] Red Pikmin sprout initalized at ((-18.99, -9.55, -42.67),(0.00, 334.00, 0.00))
[10:24:39.8997613] [Debug  : LethalMin] Spawning sprout 42 iteration(69) at: [(62.88, 3.17, 45.77), (0.00, 294.00, 0.00)] With type: Winged Pikmin odds:(0.5) rng: (2.148325 / 3)
[10:24:39.8997613] [Debug  : LethalMin] Sprout Setting growth stage to 0
[10:24:39.8997613] [Debug  : LethalMin] Winged Pikmin sprout initalized at ((62.88, 3.17, 45.77),(0.00, 294.00, 0.00))
[10:24:39.8997613] [Debug  : LethalMin] Spawning sprout 43 iteration(71) at: [(87.36, 2.42, -12.48), (0.00, 50.00, 0.00)] With type: Ice Pikmin odds:(0.5) rng: (0.6103899 / 3)
[10:24:39.8997613] [Debug  : LethalMin] Sprout Setting growth stage to 0
[10:24:39.8997613] [Debug  : LethalMin] Ice Pikmin sprout initalized at ((87.36, 2.42, -12.48),(0.00, 50.00, 0.00))
[10:24:39.9007629] [Debug  : LethalMin] Spawning sprout 44 iteration(73) at: [(-81.04, -1.20, -94.27), (0.00, 128.00, 0.00)] With type: Red Pikmin odds:(0.5) rng: (1.229918 / 3)
[10:24:39.9007629] [Debug  : LethalMin] Sprout Setting growth stage to 0
[10:24:39.9007629] [Debug  : LethalMin] Red Pikmin sprout initalized at ((-81.04, -1.20, -94.27),(0.00, 128.00, 0.00))
[10:24:39.9007629] [Debug  : LethalMin] Spawning sprout 45 iteration(76) at: [(62.22, 16.99, 7.73), (0.00, 205.00, 0.00)] With type: Winged Pikmin odds:(0.5) rng: (2.085031 / 3)
[10:24:39.9007629] [Debug  : LethalMin] Sprout Setting growth stage to 0
[10:24:39.9007629] [Debug  : LethalMin] Winged Pikmin sprout initalized at ((62.22, 16.99, 7.73),(0.00, 205.00, 0.00))
[10:24:39.9007629] [Debug  : LethalMin] Spawning sprout 46 iteration(80) at: [(18.07, 0.13, 20.93), (0.00, 22.00, 0.00)] With type: Red Pikmin odds:(0.5) rng: (1.064023 / 3)
[10:24:39.9007629] [Debug  : LethalMin] Sprout Setting growth stage to 0
[10:24:39.9007629] [Debug  : LethalMin] Red Pikmin sprout initalized at ((18.07, 0.13, 20.93),(0.00, 22.00, 0.00))
[10:24:39.9007629] [Debug  : LethalMin] Spawning sprout 47 iteration(81) at: [(65.36, 12.78, 52.53), (0.00, 117.00, 0.00)] With type: Ice Pikmin odds:(0.5) rng: (0.7977152 / 3)
[10:24:39.9022658] [Debug  : LethalMin] Sprout Setting growth stage to 0
[10:24:39.9022658] [Debug  : LethalMin] Ice Pikmin sprout initalized at ((65.36, 12.78, 52.53),(0.00, 117.00, 0.00))
[10:24:39.9022658] [Debug  : LethalMin] Spawning sprout 48 iteration(83) at: [(-57.82, -4.64, -3.62), (0.00, 310.00, 0.00)] With type: Blue Pikmin odds:(0.5) rng: (0.488088 / 3)
[10:24:39.9022658] [Debug  : LethalMin] Sprout Setting growth stage to 0
[10:24:39.9022658] [Debug  : LethalMin] Blue Pikmin sprout initalized at ((-57.82, -4.64, -3.62),(0.00, 310.00, 0.00))
[10:24:39.9022658] [Debug  : LethalMin] Spawning sprout 49 iteration(84) at: [(85.16, 0.49, 0.03), (0.00, 265.00, 0.00)] With type: Rock Pikmin odds:(0.5) rng: (1.746919 / 3)
[10:24:39.9022658] [Debug  : LethalMin] Sprout Setting growth stage to 0
[10:24:39.9022658] [Debug  : LethalMin] Rock Pikmin sprout initalized at ((85.16, 0.49, 0.03),(0.00, 265.00, 0.00))
[10:24:39.9022658] [Debug  : LethalMin] Spawning sprout 50 iteration(86) at: [(62.68, 16.84, 6.33), (0.00, 237.00, 0.00)] With type: Yellow Pikmin odds:(0.5) rng: (2.892067 / 3)
[10:24:39.9022658] [Debug  : LethalMin] Sprout Setting growth stage to 0
[10:24:39.9022658] [Debug  : LethalMin] Yellow Pikmin sprout initalized at ((62.68, 16.84, 6.33),(0.00, 237.00, 0.00))
[10:24:39.9037694] [Debug  : LethalMin] Spawning sprout 51 iteration(88) at: [(-67.57, -1.96, -67.67), (0.00, 39.00, 0.00)] With type: Red Pikmin odds:(0.5) rng: (1.251564 / 3)
[10:24:39.9037694] [Debug  : LethalMin] Sprout Setting growth stage to 0
[10:24:39.9037694] [Debug  : LethalMin] Red Pikmin sprout initalized at ((-67.57, -1.96, -67.67),(0.00, 39.00, 0.00))
[10:24:39.9037694] [Debug  : LethalMin] Spawning sprout 52 iteration(89) at: [(62.61, 16.86, 6.90), (0.00, 224.00, 0.00)] With type: Ice Pikmin odds:(0.5) rng: (0.8014235 / 3)
[10:24:39.9042863] [Debug  : LethalMin] Sprout Setting growth stage to 0
[10:24:39.9042863] [Debug  : LethalMin] Ice Pikmin sprout initalized at ((62.61, 16.86, 6.90),(0.00, 224.00, 0.00))
[10:24:39.9042863] [Debug  : LethalMin] Spawning sprout 53 iteration(92) at: [(-51.29, -1.95, -9.67), (0.00, 158.00, 0.00)] With type: Ice Pikmin odds:(0.5) rng: (0.8148524 / 3)
[10:24:39.9042863] [Debug  : LethalMin] Sprout Setting growth stage to 0
[10:24:39.9042863] [Debug  : LethalMin] Ice Pikmin sprout initalized at ((-51.29, -1.95, -9.67),(0.00, 158.00, 0.00))
[10:24:39.9042863] [Debug  : LethalMin] Spawning sprout 54 iteration(93) at: [(80.38, 1.95, 32.53), (0.00, 259.00, 0.00)] With type: Blue Pikmin odds:(0.5) rng: (0.400677 / 3)
[10:24:39.9042863] [Debug  : LethalMin] Sprout Setting growth stage to 0
[10:24:39.9042863] [Debug  : LethalMin] Blue Pikmin sprout initalized at ((80.38, 1.95, 32.53),(0.00, 259.00, 0.00))
[10:24:39.9052924] [Debug  : LethalMin] Spawning sprout 55 iteration(94) at: [(94.70, 6.08, 10.13), (0.00, 307.00, 0.00)] With type: Rock Pikmin odds:(0.5) rng: (1.534835 / 3)
[10:24:39.9052924] [Debug  : LethalMin] Sprout Setting growth stage to 0
[10:24:39.9052924] [Debug  : LethalMin] Rock Pikmin sprout initalized at ((94.70, 6.08, 10.13),(0.00, 307.00, 0.00))
[10:24:39.9052924] [Debug  : LethalMin] Spawning sprout 56 iteration(95) at: [(85.16, 0.11, -17.41), (0.00, 255.00, 0.00)] With type: Yellow Pikmin odds:(0.5) rng: (2.64996 / 3)
[10:24:39.9052924] [Debug  : LethalMin] Sprout Setting growth stage to 0
[10:24:39.9052924] [Debug  : LethalMin] Yellow Pikmin sprout initalized at ((85.16, 0.11, -17.41),(0.00, 255.00, 0.00))
[10:24:39.9052924] [Debug  : LethalMin] Spawning sprout 57 iteration(98) at: [(-62.84, -1.96, -67.67), (0.00, 69.00, 0.00)] With type: Blue Pikmin odds:(0.5) rng: (0.2591887 / 3)
[10:24:39.9062963] [Debug  : LethalMin] Sprout Setting growth stage to 0
[10:24:39.9062963] [Debug  : LethalMin] Blue Pikmin sprout initalized at ((-62.84, -1.96, -67.67),(0.00, 69.00, 0.00))
[10:24:39.9062963] [Info   : LethalMin] -- Spawned 58 sprouts on the map. --
[10:24:39.9112969] [Info   : LethalMin] -- Spawning Map Pikmin --
[10:24:39.9420796] [Info   : LethalMin] Map Possible Spawn Amount: 248
[10:24:39.9420796] [Info   : LethalMin] Base spawn chance: 0.09, Map Pikmin Spawn Chance: 0.09
[10:24:39.9420796] [Info   : LethalMin] === Pikmin Spawning Odds [Black Mesa] (None) ===
[10:24:39.9420796] [Info   : LethalMin]   [Bulbmin]: base=0.500 = 0.500
[10:24:39.9420796] [Info   : LethalMin]   [Purple Pikmin]: base=0.500 = 0.500
[10:24:39.9420796] [Info   : LethalMin]   [White Pikmin]: base=0.500 = 0.500
[10:24:39.9420796] [Info   : LethalMin] =================================
[10:24:39.9420796] [Info   : LethalMin] Map Pikmin Odds: Bulbmin: 0.5, Purple Pikmin: 0.5, White Pikmin: 0.5
[10:24:39.9521267] [Message: LethalMin] Spawning: Purple Pikmin
[10:24:39.9536305] [Debug  : LethalMin] Spawning Pikmin (0) iteration(0) (x1) at: [(39.03, -219.55, 37.00), (0.00000, 0.95630, 0.00000, -0.29237)] With type: Purple Pikmin odds:(0.5) rng: (0.6117887 / 1.5)
[10:24:39.9601402] [Message: LethalMin] Spawning: Bulbmin
[10:24:39.9601402] [Debug  : LethalMin] Spawning Pikmin (1) iteration(7) (x1) at: [(10.90, -219.55, -17.61), (0.00000, 0.53730, 0.00000, 0.84339)] With type: Bulbmin odds:(0.5) rng: (0.3343781 / 1.5)
[10:24:39.9656468] [Message: LethalMin] Spawning: White Pikmin
[10:24:39.9666474] [Debug  : LethalMin] Spawning Pikmin (2) iteration(9) (x1) at: [(102.89, -219.55, 51.08), (0.00000, 0.90259, 0.00000, 0.43051)] With type: White Pikmin odds:(0.5) rng: (1.28518 / 1.5)
[10:24:39.9721499] [Message: LethalMin] Spawning: Bulbmin
[10:24:39.9721499] [Debug  : LethalMin] Spawning Pikmin (3) iteration(16) (x1) at: [(-30.66, -219.50, 42.38), (0.00000, 0.68835, 0.00000, 0.72537)] With type: Bulbmin odds:(0.5) rng: (0.1863207 / 1.5)
[10:24:39.9776592] [Message: LethalMin] Spawning: Bulbmin
[10:24:39.9786577] [Debug  : LethalMin] Spawning Pikmin (4) iteration(25) (x1) at: [(33.58, -219.55, 58.19), (0.00000, 0.82904, 0.00000, -0.55919)] With type: Bulbmin odds:(0.5) rng: (0.4959218 / 1.5)
[10:24:39.9835835] [Message: LethalMin] Spawning: Purple Pikmin
[10:24:39.9845884] [Debug  : LethalMin] Spawning Pikmin (5) iteration(36) (x1) at: [(33.58, -219.55, 58.19), (0.00000, 0.46947, 0.00000, -0.88295)] With type: Purple Pikmin odds:(0.5) rng: (0.9036472 / 1.5)
[10:24:39.9895911] [Message: LethalMin] Spawning: Purple Pikmin
[10:24:39.9905914] [Debug  : LethalMin] Spawning Pikmin (6) iteration(43) (x1) at: [(121.59, -219.55, -49.33), (0.00000, 0.80386, 0.00000, 0.59482)] With type: Purple Pikmin odds:(0.5) rng: (0.6527568 / 1.5)
[10:24:39.9956035] [Message: LethalMin] Spawning: Purple Pikmin
[10:24:39.9956035] [Debug  : LethalMin] Spawning Pikmin (7) iteration(45) (x1) at: [(114.21, -219.55, -35.78), (0.00000, 0.06976, 0.00000, 0.99756)] With type: Purple Pikmin odds:(0.5) rng: (0.7655989 / 1.5)
[10:24:40.0006035] [Message: LethalMin] Spawning: White Pikmin
[10:24:40.0021069] [Debug  : LethalMin] Spawning Pikmin (8) iteration(56) (x1) at: [(76.16, -219.55, 28.58), (0.00000, 0.09585, 0.00000, 0.99540)] With type: White Pikmin odds:(0.5) rng: (1.252641 / 1.5)
[10:24:40.0071367] [Message: LethalMin] Spawning: Purple Pikmin
[10:24:40.0071367] [Debug  : LethalMin] Spawning Pikmin (9) iteration(79) (x1) at: [(13.07, -219.55, -7.03), (0.00000, 0.44620, 0.00000, 0.89493)] With type: Purple Pikmin odds:(0.5) rng: (0.948739 / 1.5)
[10:24:40.0121398] [Message: LethalMin] Spawning: White Pikmin
[10:24:40.0136437] [Debug  : LethalMin] Spawning Pikmin (10) iteration(80) (x1) at: [(134.75, -219.55, -60.63), (0.00000, 0.96363, 0.00000, -0.26724)] With type: White Pikmin odds:(0.5) rng: (1.473408 / 1.5)
[10:24:40.0196478] [Message: LethalMin] Spawning: Bulbmin
[10:24:40.0196478] [Debug  : LethalMin] Spawning Pikmin (11) iteration(84) (x1) at: [(21.24, -219.55, 35.88), (0.00000, 0.48481, 0.00000, -0.87462)] With type: Bulbmin odds:(0.5) rng: (0.4610856 / 1.5)
[10:24:40.0266604] [Message: LethalMin] Spawning: Purple Pikmin
[10:24:40.0266604] [Debug  : LethalMin] Spawning Pikmin (12) iteration(89) (x1) at: [(77.60, -219.55, 54.62), (0.00000, 0.99863, 0.00000, -0.05234)] With type: Purple Pikmin odds:(0.5) rng: (0.7836101 / 1.5)
[10:24:40.0336829] [Message: LethalMin] Spawning: Purple Pikmin
[10:24:40.0336829] [Debug  : LethalMin] Spawning Pikmin (13) iteration(96) (x1) at: [(-22.48, -219.55, -108.40), (0.00000, 0.09585, 0.00000, 0.99540)] With type: Purple Pikmin odds:(0.5) rng: (0.7055228 / 1.5)
[10:24:40.0406894] [Message: LethalMin] Spawning: Bulbmin
[10:24:40.0406894] [Debug  : LethalMin] Spawning Pikmin (14) iteration(105) (x1) at: [(-62.67, -219.55, -5.64), (0.00000, 0.81915, 0.00000, 0.57358)] With type: Bulbmin odds:(0.5) rng: (0.2368484 / 1.5)
[10:24:40.0466997] [Message: LethalMin] Spawning: Purple Pikmin
[10:24:40.0477008] [Debug  : LethalMin] Spawning Pikmin (15) iteration(107) (x1) at: [(-15.36, -219.52, 42.38), (0.00000, 0.82413, 0.00000, -0.56641)] With type: Purple Pikmin odds:(0.5) rng: (0.9143918 / 1.5)
[10:24:40.0537046] [Message: LethalMin] Spawning: Purple Pikmin
[10:24:40.0537046] [Debug  : LethalMin] Spawning Pikmin (16) iteration(120) (x1) at: [(-27.88, -219.55, -13.67), (0.00000, 0.30071, 0.00000, -0.95372)] With type: Purple Pikmin odds:(0.5) rng: (0.7783473 / 1.5)
[10:24:40.0597122] [Message: LethalMin] Spawning: Bulbmin
[10:24:40.0597122] [Debug  : LethalMin] Spawning Pikmin (17) iteration(121) (x1) at: [(0.68, -219.55, 77.17), (0.00000, 0.28402, 0.00000, 0.95882)] With type: Bulbmin odds:(0.5) rng: (0.3269391 / 1.5)
[10:24:40.0657252] [Message: LethalMin] Spawning: White Pikmin
[10:24:40.0657252] [Debug  : LethalMin] Spawning Pikmin (18) iteration(125) (x1) at: [(-2.47, -219.55, 53.92), (0.00000, 0.78801, 0.00000, -0.61566)] With type: White Pikmin odds:(0.5) rng: (1.336574 / 1.5)
[10:24:40.0767372] [Message: LethalMin] Spawning: Purple Pikmin
[10:24:40.0777376] [Debug  : LethalMin] Spawning Pikmin (19) iteration(145) (x1) at: [(-18.74, -219.55, -32.48), (0.00000, 0.74314, 0.00000, -0.66913)] With type: Purple Pikmin odds:(0.5) rng: (0.7022287 / 1.5)
[10:24:40.0887511] [Message: LethalMin] Spawning: White Pikmin
[10:24:40.0897521] [Debug  : LethalMin] Spawning Pikmin (20) iteration(151) (x1) at: [(-78.89, -211.56, -84.76), (0.00000, 0.91355, 0.00000, 0.40674)] With type: White Pikmin odds:(0.5) rng: (1.499832 / 1.5)
[10:24:40.0947639] [Message: LethalMin] Spawning: Bulbmin
[10:24:40.0957608] [Debug  : LethalMin] Spawning Pikmin (21) iteration(157) (x1) at: [(49.92, -219.55, -91.22), (0.00000, 0.49242, 0.00000, 0.87036)] With type: Bulbmin odds:(0.5) rng: (0.2568498 / 1.5)
[10:24:40.1007621] [Message: LethalMin] Spawning: Purple Pikmin
[10:24:40.1022647] [Debug  : LethalMin] Spawning Pikmin (22) iteration(162) (x1) at: [(-62.49, -219.53, -101.53), (0.00000, 0.24192, 0.00000, -0.97030)] With type: Purple Pikmin odds:(0.5) rng: (0.9331657 / 1.5)
[10:24:40.1073222] [Message: LethalMin] Spawning: White Pikmin
[10:24:40.1083224] [Debug  : LethalMin] Spawning Pikmin (23) iteration(163) (x1) at: [(-22.48, -219.55, -108.40), (0.00000, 0.05234, 0.00000, -0.99863)] With type: White Pikmin odds:(0.5) rng: (1.313904 / 1.5)
[10:24:40.1138252] [Message: LethalMin] Spawning: Purple Pikmin
[10:24:40.1138252] [Debug  : LethalMin] Spawning Pikmin (24) iteration(167) (x1) at: [(-20.20, -219.55, -35.57), (0.00000, 0.61566, 0.00000, -0.78801)] With type: Purple Pikmin odds:(0.5) rng: (0.6990199 / 1.5)
[10:24:40.1208300] [Message: LethalMin] Spawning: White Pikmin
[10:24:40.1208300] [Debug  : LethalMin] Spawning Pikmin (25) iteration(173) (x1) at: [(51.26, -219.55, -50.42), (0.00000, 0.26724, 0.00000, -0.96363)] With type: White Pikmin odds:(0.5) rng: (1.400285 / 1.5)
[10:24:40.1268409] [Message: LethalMin] Spawning: Bulbmin
[10:24:40.1268409] [Debug  : LethalMin] Spawning Pikmin (26) iteration(180) (x1) at: [(110.21, -219.55, -39.88), (0.00000, 0.66262, 0.00000, -0.74896)] With type: Bulbmin odds:(0.5) rng: (0.009853721 / 1.5)
[10:24:40.1348663] [Message: LethalMin] Spawning: White Pikmin
[10:24:40.1358639] [Debug  : LethalMin] Spawning Pikmin (27) iteration(184) (x1) at: [(-66.17, -224.57, -37.82), (0.00000, 0.11320, 0.00000, -0.99357)] With type: White Pikmin odds:(0.5) rng: (1.36785 / 1.5)
[10:24:40.1418654] [Message: LethalMin] Spawning: Bulbmin
[10:24:40.1418654] [Debug  : LethalMin] Spawning Pikmin (28) iteration(189) (x1) at: [(7.20, -219.55, -67.57), (0.00000, 0.73728, 0.00000, -0.67559)] With type: Bulbmin odds:(0.5) rng: (0.2440844 / 1.5)
[10:24:40.1479677] [Message: LethalMin] Spawning: Purple Pikmin
[10:24:40.1489689] [Debug  : LethalMin] Spawning Pikmin (29) iteration(220) (x1) at: [(73.44, -219.55, -88.97), (0.00000, 0.50754, 0.00000, 0.86163)] With type: Purple Pikmin odds:(0.5) rng: (0.6776006 / 1.5)
[10:24:40.1554804] [Message: LethalMin] Spawning: White Pikmin
[10:24:40.1554804] [Debug  : LethalMin] Spawning Pikmin (30) iteration(221) (x1) at: [(-41.48, -219.55, -46.12), (0.00000, 0.25038, 0.00000, -0.96815)] With type: White Pikmin odds:(0.5) rng: (1.178532 / 1.5)
[10:24:40.1619817] [Message: LethalMin] Spawning: White Pikmin
[10:24:40.1619817] [Debug  : LethalMin] Spawning Pikmin (31) iteration(223) (x1) at: [(88.39, -219.53, 67.58), (0.00000, 0.94264, 0.00000, 0.33381)] With type: White Pikmin odds:(0.5) rng: (1.120358 / 1.5)
[10:24:40.1694874] [Message: LethalMin] Spawning: Bulbmin
[10:24:40.1704882] [Debug  : LethalMin] Spawning Pikmin (32) iteration(224) (x1) at: [(75.08, -219.55, -66.02), (0.00000, 0.62932, 0.00000, -0.77715)] With type: Bulbmin odds:(0.5) rng: (0.01691794 / 1.5)
[10:24:40.1764990] [Message: LethalMin] Spawning: Purple Pikmin
[10:24:40.1785007] [Debug  : LethalMin] Spawning Pikmin (33) iteration(228) (x1) at: [(47.56, -219.55, -74.92), (0.00000, 0.76041, 0.00000, 0.64945)] With type: Purple Pikmin odds:(0.5) rng: (0.6569541 / 1.5)
[10:24:40.1785007] [Info   : LethalMin] -- Finished spawning map pikmin, total spawned: 34 --
[10:24:40.1878361] [Info   : LethalMin] Spawning Lumiknull at: (45.58, -1.58, 33.58)
[10:24:40.1888347] [Debug  : LethalMin] Found 9 entrances:
 - EntranceTeleportC <=> EntranceTeleportB(Clone)
 - EntranceTeleportD <=> EntranceTeleportB(Clone)
 - EntranceTeleportA <=> EntranceTeleportA(Clone)
 - EntranceTeleportB <=> EntranceTeleportB(Clone)
[10:24:40.1959050] [Info   : LethalMin] Can path on moon: True True
[10:24:40.1959050] [Info   : LethalMin] __ LethalMin On Game Loaded Finished __
[10:24:40.2064425] [Info   :WaterAssetRestorer] Swapping water materials...
[10:24:40.5665374] [Debug  :Matty's Fixes] Vanilla/Gift(870) is computing vertical offset
[10:24:40.5665374] [Debug  :Matty's Fixes] Vanilla/Gift new offset is 0.436327
[10:24:40.5665374] [Debug  :Matty's Fixes] Vanilla/Gift(870) position updated [(0.00, 0.00, 0.00)] -> [(0.00, -0.01, 0.00)]
[10:24:40.5680411] [Debug  :Matty's Fixes] Vanilla/Magic 7 ball(873) is computing vertical offset
[10:24:40.5680411] [Debug  :Matty's Fixes] Vanilla/Magic 7 ball new offset is 0.1658573
[10:24:40.5680411] [Debug  :Matty's Fixes] Vanilla/Magic 7 ball(873) position updated [(0.00, 0.00, 0.00)] -> [(0.00, 0.11, 0.00)]
[10:24:40.5680411] [Debug  :Matty's Fixes] LethalLib/PremiumScraps/Basics of architecture(875) is computing vertical offset
[10:24:40.5680411] [Debug  :Matty's Fixes] LethalLib/PremiumScraps/Basics of architecture new offset is 3.40268E-05
[10:24:40.5680411] [Debug  :Matty's Fixes] LethalLib/PremiumScraps/Basics of architecture(875) position updated [(0.00, 0.00, 0.00)] -> [(0.00, 0.00, 0.00)]
[10:24:40.5680411] [Debug  :Matty's Fixes] LethalLevelLoader/ImmersiveScraps/ILantern(876) is computing vertical offset
[10:24:40.5680411] [Debug  :Matty's Fixes] LethalLevelLoader/ImmersiveScraps/ILantern new offset is 6.16014E-05
[10:24:40.5680411] [Debug  :Matty's Fixes] LethalLevelLoader/ImmersiveScraps/ILantern(876) position updated [(0.00, 0.00, 0.00)] -> [(0.00, 0.00, 0.00)]
[10:24:40.5680411] [Debug  :Matty's Fixes] Vanilla/Old phone(877) is computing vertical offset
[10:24:40.5680411] [Debug  :Matty's Fixes] Vanilla/Old phone new offset is 0.07003435
[10:24:40.5680411] [Debug  :Matty's Fixes] Vanilla/Old phone(877) position updated [(0.00, 0.00, 0.00)] -> [(0.00, 0.03, 0.00)]
[10:24:40.5680411] [Debug  :Matty's Fixes] LethalLevelLoader/CodeRebirth/Violin(878) is computing vertical offset
[10:24:40.5710471] [Debug  :Matty's Fixes] LethalLevelLoader/CodeRebirth/Violin new offset is 0.0585743
[10:24:40.5710471] [Debug  :Matty's Fixes] LethalLevelLoader/CodeRebirth/Violin(878) position updated [(0.00, 0.00, 0.00)] -> [(0.00, 0.04, 0.00)]
[10:24:40.5710471] [Debug  :Matty's Fixes] LethalLevelLoader/ImmersiveScraps/Car battery(879) is computing vertical offset
[10:24:40.5710471] [Debug  :Matty's Fixes] LethalLevelLoader/ImmersiveScraps/Car battery new offset is -4.760921E-05
[10:24:40.5710471] [Debug  :Matty's Fixes] LethalLevelLoader/ImmersiveScraps/Car battery(879) position updated [(0.00, 0.00, 0.00)] -> [(0.00, 0.00, 0.00)]
[10:24:40.5710471] [Debug  :Matty's Fixes] LethalLevelLoader/ImmersiveScraps/Clamp(880) is computing vertical offset
[10:24:40.5710471] [Debug  :Matty's Fixes] LethalLevelLoader/ImmersiveScraps/Clamp original offset is 0
[10:24:40.5710471] [Debug  :Matty's Fixes] LethalLib/com.github.biodiversitylc.Biodiversity/Jacu dog(881) is computing vertical offset
[10:24:40.5720495] [Debug  :Matty's Fixes] LethalLib/com.github.biodiversitylc.Biodiversity/Jacu dog new offset is 0.2335435
[10:24:40.5720495] [Debug  :Matty's Fixes] LethalLib/com.github.biodiversitylc.Biodiversity/Jacu dog(881) position updated [(0.00, 0.00, 0.00)] -> [(0.00, 0.23, 0.00)]
[10:24:40.5720495] [Debug  :Matty's Fixes] Vanilla/Ring(882) is computing vertical offset
[10:24:40.5720495] [Debug  :Matty's Fixes] Vanilla/Ring new offset is 0.02734862
[10:24:40.5720495] [Debug  :Matty's Fixes] Vanilla/Ring(882) position updated [(0.00, 0.00, 0.00)] -> [(0.00, -0.01, 0.00)]
[10:24:40.5720495] [Debug  :Matty's Fixes] LethalLib/ChillaxScraps/Uno Reverse Card DX(883) is computing vertical offset
[10:24:40.5745561] [Debug  :Matty's Fixes] LethalLib/ChillaxScraps/Uno Reverse Card DX new offset is -0.006508547
[10:24:40.5745561] [Debug  :Matty's Fixes] LethalLib/ChillaxScraps/Uno Reverse Card DX(883) position updated [(0.00, 0.00, 0.00)] -> [(0.00, -0.01, 0.00)]
[10:24:40.5745561] [Debug  :Matty's Fixes] LethalLib/com.github.biodiversitylc.Biodiversity/Ccodes dog(884) is computing vertical offset
[10:24:40.5755568] [Debug  :Matty's Fixes] LethalLib/com.github.biodiversitylc.Biodiversity/Ccodes dog new offset is -0.06854859
[10:24:40.5755568] [Debug  :Matty's Fixes] LethalLib/com.github.biodiversitylc.Biodiversity/Ccodes dog(884) position updated [(0.00, 0.00, 0.00)] -> [(0.00, -0.07, 0.00)]
[10:24:40.5755568] [Debug  :Matty's Fixes] Vanilla/Large axle(885) is computing vertical offset
[10:24:40.5765563] [Debug  :Matty's Fixes] Vanilla/Large axle new offset is 0.6651648
[10:24:40.5765563] [Debug  :Matty's Fixes] Vanilla/Large axle(885) position updated [(0.00, 0.00, 0.00)] -> [(0.00, 0.17, 0.00)]
[10:24:40.5765563] [Debug  :Matty's Fixes] LethalLib/PremiumScraps/Ainz Ooal Gown(886) is computing vertical offset
[10:24:40.5901290] [Debug  :Matty's Fixes] LethalLib/PremiumScraps/Ainz Ooal Gown new offset is 0.0303883
[10:24:40.5901290] [Debug  :Matty's Fixes] LethalLib/PremiumScraps/Ainz Ooal Gown(886) position updated [(0.00, 0.00, 0.00)] -> [(0.00, 0.03, 0.00)]
[10:24:40.5901290] [Debug  :Matty's Fixes] LethalLevelLoader/ImmersiveScraps/Vent(887) is computing vertical offset
[10:24:40.5901290] [Debug  :Matty's Fixes] LethalLevelLoader/ImmersiveScraps/Vent new offset is 0.009554012
[10:24:40.5901290] [Debug  :Matty's Fixes] LethalLevelLoader/ImmersiveScraps/Vent(887) position updated [(0.00, 0.00, 0.00)] -> [(0.00, 0.01, 0.00)]
[10:24:40.5901290] [Debug  :Matty's Fixes] LethalLevelLoader/ImmersiveScraps/Gameboy(888) is computing vertical offset
[10:24:40.5901290] [Debug  :Matty's Fixes] LethalLevelLoader/ImmersiveScraps/Gameboy new offset is 1.117587E-08
[10:24:40.5901290] [Debug  :Matty's Fixes] LethalLevelLoader/ImmersiveScraps/Gameboy(888) position updated [(0.00, 0.00, 0.00)] -> [(0.00, 0.00, 0.00)]
[10:24:40.5901290] [Debug  :Matty's Fixes] LethalLevelLoader/ImmersiveScraps/ImmersivePlant(889) is computing vertical offset
[10:24:40.5911276] [Debug  :Matty's Fixes] LethalLevelLoader/ImmersiveScraps/ImmersivePlant original offset is 0
[10:24:40.5911276] [Debug  :Matty's Fixes] Vanilla/Jar of pickles(890) is computing vertical offset
[10:24:40.5911276] [Debug  :Matty's Fixes] Vanilla/Jar of pickles new offset is 0.2852257
[10:24:40.5911276] [Debug  :Matty's Fixes] Vanilla/Jar of pickles(890) position updated [(0.00, 0.00, 0.00)] -> [(0.00, -0.01, 0.00)]
[10:24:40.5911276] [Debug  :Matty's Fixes] LethalLib/PremiumScraps/Controller(891) is computing vertical offset
[10:24:40.5911276] [Debug  :Matty's Fixes] LethalLib/PremiumScraps/Controller new offset is -0.004193105
[10:24:40.5911276] [Debug  :Matty's Fixes] LethalLib/PremiumScraps/Controller(891) position updated [(0.00, 0.00, 0.00)] -> [(0.00, 0.00, 0.00)]
[10:24:40.5911276] [Debug  :Matty's Fixes] Vanilla/Old phone(892) position updated [(0.00, 0.00, 0.00)] -> [(0.00, 0.03, 0.00)]
[10:24:40.5911276] [Debug  :Matty's Fixes] Vanilla/Ring(893) position updated [(0.00, 0.00, 0.00)] -> [(0.00, -0.01, 0.00)]
[10:24:40.5911276] [Debug  :Matty's Fixes] LethalLevelLoader/ImmersiveScraps/Socket Wrench(894) is computing vertical offset
[10:24:40.5911276] [Debug  :Matty's Fixes] LethalLevelLoader/ImmersiveScraps/Socket Wrench new offset is -3.72529E-09
[10:24:40.5911276] [Debug  :Matty's Fixes] LethalLevelLoader/ImmersiveScraps/Socket Wrench(894) position updated [(0.00, 0.00, 0.00)] -> [(0.00, 0.00, 0.00)]
[10:24:40.5911276] [Debug  :Matty's Fixes] Vanilla/Jar of pickles(895) position updated [(0.00, 0.00, 0.00)] -> [(0.00, -0.01, 0.00)]
[10:24:40.5911276] [Debug  :Matty's Fixes] LethalLevelLoader/ImmersiveScraps/Top hat(896) is computing vertical offset
[10:24:40.5921311] [Debug  :Matty's Fixes] LethalLevelLoader/ImmersiveScraps/Top hat new offset is -0.01044282
[10:24:40.5921311] [Debug  :Matty's Fixes] LethalLevelLoader/ImmersiveScraps/Top hat(896) position updated [(0.00, 0.00, 0.00)] -> [(0.00, -0.01, 0.00)]
[10:24:40.5921311] [Debug  :Matty's Fixes] LethalLib/ChillaxScraps/Dance Note(898) is computing vertical offset
[10:24:40.5921311] [Debug  :Matty's Fixes] LethalLib/ChillaxScraps/Dance Note new offset is -0.02179004
[10:24:40.5921311] [Debug  :Matty's Fixes] LethalLib/ChillaxScraps/Dance Note(898) position updated [(0.00, 0.00, 0.00)] -> [(0.00, -0.02, 0.00)]
[10:24:40.5921311] [Debug  :Matty's Fixes] LethalLevelLoader/Lethalthings/Arson Plush(902) is computing vertical offset
[10:24:40.5921311] [Debug  :Matty's Fixes] LethalLevelLoader/Lethalthings/Arson Plush new offset is 0.01987144
[10:24:40.5921311] [Debug  :Matty's Fixes] LethalLevelLoader/Lethalthings/Arson Plush(902) position updated [(0.00, 0.00, 0.00)] -> [(0.00, 0.02, 0.00)]
[10:24:40.5921311] [Debug  :Matty's Fixes] LethalLevelLoader/ImmersiveScraps/Wine bottle(903) is computing vertical offset
[10:24:40.5936344] [Debug  :Matty's Fixes] LethalLevelLoader/ImmersiveScraps/Wine bottle original offset is 0
[10:24:40.5936344] [Debug  :Matty's Fixes] Vanilla/Plastic fish(904) is computing vertical offset
[10:24:40.5936344] [Debug  :Matty's Fixes] Vanilla/Plastic fish new offset is 0.1262627
[10:24:40.5936344] [Debug  :Matty's Fixes] Vanilla/Plastic fish(904) position updated [(0.00, 0.00, 0.00)] -> [(0.00, -0.02, 0.00)]
[10:24:40.5936344] [Debug  :Matty's Fixes] LethalLevelLoader/ImmersiveScraps/Gameboy(905) position updated [(0.00, 0.00, 0.00)] -> [(0.00, 0.00, 0.00)]
[10:24:40.5936344] [Debug  :Matty's Fixes] LethalLevelLoader/ImmersiveScraps/Car battery(906) position updated [(0.00, 0.00, 0.00)] -> [(0.00, 0.00, 0.00)]
[10:24:40.5936344] [Debug  :Matty's Fixes] LethalLevelLoader/ImmersiveScraps/IBaseball bat(907) is computing vertical offset
[10:24:40.5936344] [Debug  :Matty's Fixes] LethalLevelLoader/ImmersiveScraps/IBaseball bat new offset is 6.655604E-05
[10:24:40.5936344] [Debug  :Matty's Fixes] LethalLevelLoader/ImmersiveScraps/IBaseball bat(907) position updated [(0.00, 0.00, 0.00)] -> [(0.00, 0.00, 0.00)]
[10:24:40.5936344] [Debug  :Matty's Fixes] Vanilla/Ring(908) position updated [(0.00, 0.00, 0.00)] -> [(0.00, -0.01, 0.00)]
[10:24:40.5936344] [Debug  :Matty's Fixes] LethalLevelLoader/BlackMesa/Batty and Owl(911) is computing vertical offset
[10:24:40.5936344] [Debug  :Matty's Fixes] LethalLevelLoader/BlackMesa/Batty and Owl new offset is 0.006341979
[10:24:40.5936344] [Debug  :Matty's Fixes] LethalLevelLoader/BlackMesa/Batty and Owl(911) position updated [(0.00, 0.00, 0.00)] -> [(0.00, 0.01, 0.00)]
[10:24:40.5936344] [Debug  :Matty's Fixes] LethalLevelLoader/Lethalthings/Gnarpy Plush(912) is computing vertical offset
[10:24:40.5936344] [Debug  :Matty's Fixes] LethalLevelLoader/Lethalthings/Gnarpy Plush new offset is 0.03504881
[10:24:40.5936344] [Debug  :Matty's Fixes] LethalLevelLoader/Lethalthings/Gnarpy Plush(912) position updated [(0.00, 0.00, 0.00)] -> [(0.00, 0.04, 0.00)]
[10:24:40.5936344] [Debug  :Matty's Fixes] Vanilla/Jar of pickles(914) position updated [(0.00, 0.00, 0.00)] -> [(0.00, -0.01, 0.00)]
[10:24:40.5936344] [Debug  :Matty's Fixes] Vanilla/Red soda(915) is computing vertical offset
[10:24:40.5936344] [Debug  :Matty's Fixes] Vanilla/Red soda new offset is 0.1063297
[10:24:40.5936344] [Debug  :Matty's Fixes] Vanilla/Red soda(915) position updated [(0.00, 0.00, 0.00)] -> [(0.00, 0.04, 0.00)]
[10:24:40.5946387] [Debug  :Matty's Fixes] LethalLib/PremiumScraps/SODA(916) is computing vertical offset
[10:24:40.5946387] [Debug  :Matty's Fixes] LethalLib/PremiumScraps/SODA original offset is 0
[10:24:40.5946387] [Debug  :Matty's Fixes] Vanilla/Perfume bottle(917) is computing vertical offset
[10:24:40.5946387] [Debug  :Matty's Fixes] Vanilla/Perfume bottle new offset is 0.1098259
[10:24:40.5946387] [Debug  :Matty's Fixes] Vanilla/Perfume bottle(917) position updated [(0.00, 0.00, 0.00)] -> [(0.00, 0.01, 0.00)]
[10:24:40.5946387] [Debug  :Matty's Fixes] LethalLib/com.github.biodiversitylc.Biodiversity/Ccodes dog(918) position updated [(0.00, 0.00, 0.00)] -> [(0.00, -0.07, 0.00)]
[10:24:40.5966382] [Debug  :Matty's Fixes] Vanilla/Boombox(1229) is computing vertical offset
[10:24:40.5976382] [Debug  :Matty's Fixes] Vanilla/Boombox new offset is 0.1907396
[10:24:40.5976382] [Debug  :Matty's Fixes] Vanilla/Boombox(1229) position updated [(0.00, 0.00, 0.00)] -> [(0.00, 0.04, 0.00)]
[10:24:40.6108947] [Debug  :ReXuvination] Optimised Collider layers in InteractTrigger for Object: InteractTrigger (UnityEngine.GameObject)
[10:24:40.6108947] [Debug  :ReXuvination] Optimised Collider layers in InteractTrigger for Object: InteractTrigger (UnityEngine.GameObject)
[10:24:40.6108947] [Debug  :ReXuvination] Optimised Collider layers in InteractTrigger for Object: InteractTrigger (UnityEngine.GameObject)
[10:24:40.6108947] [Debug  :ReXuvination] Optimised Collider layers in InteractTrigger for Object: InteractTrigger (UnityEngine.GameObject)
[10:24:40.6108947] [Debug  :ReXuvination] Optimised Collider layers in InteractTrigger for Object: InteractTrigger (UnityEngine.GameObject)
[10:24:40.6108947] [Debug  :ReXuvination] Optimised Collider layers in InteractTrigger for Object: InteractTrigger (UnityEngine.GameObject)
[10:24:40.6108947] [Debug  :ReXuvination] Optimised Collider layers in InteractTrigger for Object: InteractTrigger (UnityEngine.GameObject)
[10:24:40.6108947] [Debug  :ReXuvination] Optimised Collider layers in InteractTrigger for Object: InteractTrigger (UnityEngine.GameObject)
[10:24:40.6108947] [Debug  :ReXuvination] Optimised Collider layers in InteractTrigger for Object: InteractTrigger (UnityEngine.GameObject)
[10:24:40.6108947] [Debug  :ReXuvination] Optimised Collider layers in InteractTrigger for Object: InteractTrigger (UnityEngine.GameObject)
[10:24:40.6108947] [Debug  :ReXuvination] Optimised Collider layers in InteractTrigger for Object: InteractTrigger (UnityEngine.GameObject)
[10:24:40.6108947] [Debug  :ReXuvination] Optimised Collider layers in InteractTrigger for Object: InteractTrigger (UnityEngine.GameObject)
[10:24:40.6108947] [Debug  :ReXuvination] Optimised Collider layers in InteractTrigger for Object: InteractTrigger (UnityEngine.GameObject)
[10:24:40.6108947] [Debug  :ReXuvination] Optimised Collider layers in InteractTrigger for Object: InteractTrigger (UnityEngine.GameObject)
[10:24:40.6108947] [Debug  :ReXuvination] Optimised Collider layers in InteractTrigger for Object: InteractTrigger (UnityEngine.GameObject)
[10:24:40.6108947] [Debug  :ReXuvination] Optimised Collider layers in InteractTrigger for Object: InteractTrigger (UnityEngine.GameObject)
[10:24:40.6108947] [Debug  :ReXuvination] Optimised Collider layers in InteractTrigger for Object: InteractTrigger (UnityEngine.GameObject)
[10:24:40.6108947] [Debug  :ReXuvination] Optimised Collider layers in InteractTrigger for Object: InteractTrigger (UnityEngine.GameObject)
[10:24:40.6108947] [Debug  :ReXuvination] Optimised Collider layers in InteractTrigger for Object: InteractTrigger (UnityEngine.GameObject)
[10:24:40.6108947] [Debug  :ReXuvination] Optimised Collider layers in InteractTrigger for Object: InteractTrigger (UnityEngine.GameObject)
[10:24:40.6108947] [Debug  :ReXuvination] Optimised Collider layers in InteractTrigger for Object: InteractTrigger (UnityEngine.GameObject)
[10:24:40.6108947] [Debug  :ReXuvination] Optimised Collider layers in InteractTrigger for Object: InteractTrigger (UnityEngine.GameObject)
[10:24:40.6108947] [Debug  :ReXuvination] Optimised Collider layers in InteractTrigger for Object: InteractTrigger (UnityEngine.GameObject)
[10:24:40.6108947] [Debug  :ReXuvination] Optimised Collider layers in InteractTrigger for Object: InteractTrigger (UnityEngine.GameObject)
[10:24:40.6108947] [Debug  :ReXuvination] Optimised Collider layers in InteractTrigger for Object: InteractTrigger (UnityEngine.GameObject)
[10:24:40.6108947] [Debug  :ReXuvination] Optimised Collider layers in InteractTrigger for Object: InteractTrigger (UnityEngine.GameObject)
[10:24:40.6108947] [Debug  :ReXuvination] Optimised Collider layers in InteractTrigger for Object: InteractTrigger (UnityEngine.GameObject)
[10:24:40.6108947] [Debug  :ReXuvination] Optimised Collider layers in InteractTrigger for Object: InteractTrigger (UnityEngine.GameObject)
[10:24:40.6108947] [Debug  :ReXuvination] Optimised Collider layers in InteractTrigger for Object: InteractTrigger (UnityEngine.GameObject)
[10:24:40.6108947] [Debug  :ReXuvination] Optimised Collider layers in InteractTrigger for Object: InteractTrigger (UnityEngine.GameObject)
[10:24:40.6108947] [Debug  :ReXuvination] Optimised Collider layers in InteractTrigger for Object: InteractTrigger (UnityEngine.GameObject)
[10:24:40.6108947] [Debug  :ReXuvination] Optimised Collider layers in InteractTrigger for Object: InteractTrigger (UnityEngine.GameObject)
[10:24:40.6108947] [Debug  :ReXuvination] Optimised Collider layers in InteractTrigger for Object: InteractTrigger (UnityEngine.GameObject)
[10:24:40.6108947] [Debug  :ReXuvination] Optimised Collider layers in InteractTrigger for Object: InteractTrigger (UnityEngine.GameObject)
[10:24:40.6108947] [Debug  :ReXuvination] Optimised Collider layers in InteractTrigger for Object: InteractTrigger (UnityEngine.GameObject)
[10:24:40.6108947] [Debug  :ReXuvination] Optimised Collider layers in InteractTrigger for Object: InteractTrigger (UnityEngine.GameObject)
[10:24:40.6108947] [Debug  :ReXuvination] Optimised Collider layers in InteractTrigger for Object: InteractTrigger (UnityEngine.GameObject)
[10:24:40.6108947] [Debug  :ReXuvination] Optimised Collider layers in InteractTrigger for Object: InteractTrigger (UnityEngine.GameObject)
[10:24:40.6108947] [Debug  :ReXuvination] Optimised Collider layers in InteractTrigger for Object: InteractTrigger (UnityEngine.GameObject)
[10:24:40.6108947] [Debug  :ReXuvination] Optimised Collider layers in InteractTrigger for Object: InteractTrigger (UnityEngine.GameObject)
[10:24:40.6108947] [Debug  :ReXuvination] Optimised Collider layers in InteractTrigger for Object: InteractTrigger (UnityEngine.GameObject)
[10:24:40.6108947] [Debug  :ReXuvination] Optimised Collider layers in InteractTrigger for Object: InteractTrigger (UnityEngine.GameObject)
[10:24:40.6108947] [Debug  :ReXuvination] Optimised Collider layers in InteractTrigger for Object: InteractTrigger (UnityEngine.GameObject)
[10:24:40.6108947] [Debug  :ReXuvination] Optimised Collider layers in InteractTrigger for Object: InteractTrigger (UnityEngine.GameObject)
[10:24:40.6108947] [Debug  :ReXuvination] Optimised Collider layers in InteractTrigger for Object: InteractTrigger (UnityEngine.GameObject)
[10:24:40.6108947] [Debug  :ReXuvination] Optimised Collider layers in InteractTrigger for Object: InteractTrigger (UnityEngine.GameObject)
[10:24:40.6108947] [Debug  :ReXuvination] Optimised Collider layers in InteractTrigger for Object: InteractTrigger (UnityEngine.GameObject)
[10:24:40.6108947] [Debug  :ReXuvination] Optimised Collider layers in InteractTrigger for Object: InteractTrigger (UnityEngine.GameObject)
[10:24:40.6108947] [Debug  :ReXuvination] Optimised Collider layers in InteractTrigger for Object: InteractTrigger (UnityEngine.GameObject)
[10:24:40.6108947] [Debug  :ReXuvination] Optimised Collider layers in InteractTrigger for Object: InteractTrigger (UnityEngine.GameObject)
[10:24:40.6108947] [Debug  :ReXuvination] Optimised Collider layers in InteractTrigger for Object: InteractTrigger (UnityEngine.GameObject)
[10:24:40.6108947] [Debug  :ReXuvination] Optimised Collider layers in InteractTrigger for Object: InteractTrigger (UnityEngine.GameObject)
[10:24:40.6108947] [Debug  :ReXuvination] Optimised Collider layers in InteractTrigger for Object: InteractTrigger (UnityEngine.GameObject)
[10:24:40.6108947] [Debug  :ReXuvination] Optimised Collider layers in InteractTrigger for Object: InteractTrigger (UnityEngine.GameObject)
[10:24:40.6108947] [Debug  :ReXuvination] Optimised Collider layers in InteractTrigger for Object: InteractTrigger (UnityEngine.GameObject)
[10:24:40.6108947] [Debug  :ReXuvination] Optimised Collider layers in InteractTrigger for Object: InteractTrigger (UnityEngine.GameObject)
[10:24:40.6108947] [Debug  :ReXuvination] Optimised Collider layers in InteractTrigger for Object: InteractTrigger (UnityEngine.GameObject)
[10:24:40.6108947] [Debug  :ReXuvination] Optimised Collider layers in InteractTrigger for Object: InteractTrigger (UnityEngine.GameObject)
[10:24:40.6108947] [Debug  :ReXuvination] Optimised Collider layers in InteractTrigger for Object: trigger (UnityEngine.GameObject)
[10:24:40.6108947] [Debug  :ReXuvination] Optimised Collider layers in InteractTrigger for Object: trigger (1) (UnityEngine.GameObject)
[10:24:40.6108947] [Debug  :ReXuvination] Optimised Collider layers in InteractTrigger for Object: trigger (2) (UnityEngine.GameObject)
[10:24:40.6108947] [Debug  :ReXuvination] Optimised Collider layers in InteractTrigger for Object: trigger (3) (UnityEngine.GameObject)
[10:24:40.6108947] [Debug  :ReXuvination] Optimised Collider layers in InteractTrigger for Object: trigger (4) (UnityEngine.GameObject)
[10:24:40.6289318] [Debug  :Starlancer AI Fix] Finding outside AI nodes.
[10:24:40.6289318] [Debug  :Starlancer AI Fix] Finding inside AI nodes.
[10:24:40.6289318] [Debug  :GeneralImprovements] Updated danger level display.
[10:24:40.6767647] [Debug  :Starlancer AI Fix] The Enemy Whitelist contains: Blob, Butler, Centipede, Crawler, Flowerman, HoarderBug, Nutcracker, SandSpider, Stingray.
[10:24:40.6767647] [Debug  :Starlancer AI Fix] Adding IVisibleThreat component to SandSpider(Clone).
[10:24:40.7036222] [Debug  :Starlancer AI Fix] The Enemy Whitelist contains: Blob, Butler, Centipede, Crawler, Flowerman, HoarderBug, Nutcracker, SandSpider, Stingray.
[10:24:40.7036222] [Debug  :Starlancer AI Fix] Adding IVisibleThreat component to SandSpider(Clone).
[10:24:40.8786045] [Debug  :Starlancer AI Fix] The Enemy Whitelist contains: Blob, Butler, Centipede, Crawler, Flowerman, HoarderBug, Nutcracker, SandSpider, Stingray.
[10:24:40.8786045] [Debug  :Starlancer AI Fix] Adding IVisibleThreat component to Flowerman(Clone).
[10:24:40.8786045] [Debug  :GeneralImprovements] Updated danger level display.
[10:24:40.8821077] [Info   :qwbarch.Mirage] FlowermanAI(7dd86715-2a8e-41d0-bb57-248f0084b76f) - Mimicking player #0
[10:24:40.8946506] [Debug  :Starlancer AI Fix] The Enemy Whitelist contains: Blob, Butler, Centipede, Crawler, Flowerman, HoarderBug, Nutcracker, SandSpider, Stingray.
[10:24:40.8946506] [Debug  :Starlancer AI Fix] Adding IVisibleThreat component to Flowerman(Clone).
[10:24:40.9046588] [Info   :qwbarch.Mirage] FlowermanAI(aab2ce30-c6c3-469f-9c90-ff72d71428c0) - Mimicking player #0
[10:24:40.9157211] [Info   :qwbarch.Mirage] SandSpiderAI(00acd998-1a8c-40a4-bdce-0529d4733675) - Mimicking player #0
[10:24:40.9157211] [Info   :qwbarch.Mirage] SandSpiderAI(e4bb4ce7-b5de-43f0-8525-7335048bbaa1) - Mimicking player #0
[10:24:40.9248439] [Debug  :Starlancer AI Fix] The Enemy Whitelist contains: Blob, Butler, Centipede, Crawler, Flowerman, HoarderBug, Nutcracker, SandSpider, Stingray.
[10:24:40.9248439] [Debug  :Starlancer AI Fix] Adding IVisibleThreat component to Crawler(Clone).
[10:24:40.9258451] [Debug  :GeneralImprovements] Updated danger level display.
[10:24:40.9358529] [Debug  :Starlancer AI Fix] The Enemy Whitelist contains: Blob, Butler, Centipede, Crawler, Flowerman, HoarderBug, Nutcracker, SandSpider, Stingray.
[10:24:40.9358529] [Debug  :Starlancer AI Fix] Adding IVisibleThreat component to Crawler(Clone).
[10:24:40.9713187] [Debug  :Starlancer AI Fix] Flowerman(Clone) spawned outside; Switching to exterior AI. Setting Favorite Spot to OutsideNode (5) (UnityEngine.Transform).
[10:24:40.9713187] [Debug  :Starlancer AI Fix] The Enemy Whitelist contains: Blob, Butler, Centipede, Crawler, Flowerman, HoarderBug, Nutcracker, SandSpider, Stingray.
[10:24:40.9713187] [Debug  :Starlancer AI Fix] Adding IVisibleThreat component to Flowerman(Clone).
[10:24:40.9713187] [Debug  :GeneralImprovements] Updated danger level display.
[10:24:40.9713187] [Info   :qwbarch.Mirage] FlowermanAI(bb185951-0411-4a15-a514-e844ae2e9681) - Mimicking player #0
[10:24:40.9978581] [Debug  :Starlancer AI Fix] SpringMan(Clone) spawned outside; Switching to exterior AI. Setting Favorite Spot to OutsideNode (3) (UnityEngine.Transform).
[10:24:40.9998585] [Info   :qwbarch.Mirage] SpringManAI(5574041c-d2be-49da-af76-7c37761ddfcf) - Mimicking player #0
[10:24:41.1308002] [Debug  : LethalMin] Initializing PikminItem Key(Clone) with item Key(Clone) (True)
[10:24:41.1308002] [Debug  : LethalMin] Initializing PikminItem Key(Clone) with item Key(Clone) (True)
[10:24:41.1308002] [Debug  : LethalMin] Initializing PikminItem Key(Clone) with item Key(Clone) (True)
[10:24:41.1308002] [Debug  : LethalMin] Initializing PikminItem Key(Clone) with item Key(Clone) (True)
[10:24:41.1308002] [Debug  : LethalMin] Initializing PikminItem Key(Clone) with item Key(Clone) (True)
[10:24:41.1308002] [Debug  : LethalMin] Initializing PikminItem Key(Clone) with item Key(Clone) (True)
[10:24:41.2019145] [Debug  :Starlancer AI Fix] Pikmin(Clone) spawned inside; Switching to interior AI. Setting Favorite Spot to AInode (1) (UnityEngine.Transform).
[10:24:41.2039297] [Debug  : LethalMin] Purple Pikmin: No sound pack found for generation Pikmin4, using default sound pack.
[10:24:41.2039297] [Debug  : LethalMin] InitalizedPikmin Type: Purple Pikmin with ID: Purple Pikmin_IUq8KZ
[10:24:41.2039297] [Debug  : LethalMin] Purple Pikmin_IUq8KZ: Using Cached growth objects
[10:24:41.2039297] [Info   : LethalMin] Purple Pikmin_IUq8KZ: Setting growth stage to 0
[10:24:41.2039297] [Warning: Unity Log] PurplePikmin4 Pik Animation State '' not found
[10:24:41.2039297] [Info   : LethalMin] Purple Pikmin_IUq8KZ: Setting growth stage to 0
[10:24:41.2039297] [Debug  : LethalMin] Purple Pikmin_IUq8KZ spawned with type Purple Pikmin and ID: Purple Pikmin_IUq8KZ At: (39.03, -219.55, 37.00) random seed: 14993184 index: 19
[10:24:41.2375195] [Debug  :Starlancer AI Fix] Pikmin(Clone) spawned inside; Switching to interior AI. Setting Favorite Spot to AInode (UnityEngine.Transform).
[10:24:41.2385196] [Debug  : LethalMin] InitalizedPikmin Type: Bulbmin with ID: Bulbmin_aB4a
[10:24:41.2385196] [Debug  : LethalMin] Bulbmin_aB4a: Using Cached growth objects
[10:24:41.2385196] [Info   : LethalMin] Bulbmin_aB4a: Setting growth stage to 0
[10:24:41.2385196] [Warning: Unity Log] P4 Pik Animation State '' not found
[10:24:41.2395194] [Info   : LethalMin] Bulbmin_aB4a: Setting growth stage to 0
[10:24:41.2395194] [Debug  : LethalMin] Bulbmin_aB4a spawned with type Bulbmin and ID: Bulbmin_aB4a At: (10.90, -219.55, -17.61) random seed: 14993185 index: 19
[10:24:41.2695519] [Debug  :Starlancer AI Fix] Pikmin(Clone) spawned inside; Switching to interior AI. Setting Favorite Spot to AInode (UnityEngine.Transform).
[10:24:41.2695519] [Debug  : LethalMin] White Pikmin: No sound pack found for generation Pikmin4, using default sound pack.
[10:24:41.2695519] [Debug  : LethalMin] InitalizedPikmin Type: White Pikmin with ID: White Pikmin_tsH25T
[10:24:41.2705518] [Debug  : LethalMin] White Pikmin_tsH25T: Using Cached growth objects
[10:24:41.2705518] [Info   : LethalMin] White Pikmin_tsH25T: Setting growth stage to 0
[10:24:41.2705518] [Warning: Unity Log] WhitePikmin4 Pik Animation State '' not found
[10:24:41.2705518] [Info   : LethalMin] White Pikmin_tsH25T: Setting growth stage to 0
[10:24:41.2705518] [Debug  : LethalMin] White Pikmin_tsH25T spawned with type White Pikmin and ID: White Pikmin_tsH25T At: (102.89, -219.55, 51.08) random seed: 14993186 index: 19
[10:24:41.3056538] [Debug  :Starlancer AI Fix] Pikmin(Clone) spawned inside; Switching to interior AI. Setting Favorite Spot to AInode (UnityEngine.Transform).
[10:24:41.3067598] [Debug  : LethalMin] InitalizedPikmin Type: Bulbmin with ID: Bulbmin_BaUU
[10:24:41.3067598] [Debug  : LethalMin] Bulbmin_BaUU: Using Cached growth objects
[10:24:41.3067598] [Info   : LethalMin] Bulbmin_BaUU: Setting growth stage to 0
[10:24:41.3067598] [Warning: Unity Log] P4 Pik Animation State '' not found
[10:24:41.3067598] [Info   : LethalMin] Bulbmin_BaUU: Setting growth stage to 0
[10:24:41.3067598] [Debug  : LethalMin] Bulbmin_BaUU spawned with type Bulbmin and ID: Bulbmin_BaUU At: (-30.66, -219.50, 42.38) random seed: 14993187 index: 19
[10:24:41.3387950] [Debug  :Starlancer AI Fix] Pikmin(Clone) spawned inside; Switching to interior AI. Setting Favorite Spot to AInode (1) (UnityEngine.Transform).
[10:24:41.3397958] [Debug  : LethalMin] InitalizedPikmin Type: Bulbmin with ID: Bulbmin_THhwpM
[10:24:41.3397958] [Debug  : LethalMin] Bulbmin_THhwpM: Using Cached growth objects
[10:24:41.3397958] [Info   : LethalMin] Bulbmin_THhwpM: Setting growth stage to 0
[10:24:41.3397958] [Warning: Unity Log] P4 Pik Animation State '' not found
[10:24:41.3397958] [Info   : LethalMin] Bulbmin_THhwpM: Setting growth stage to 0
[10:24:41.3397958] [Debug  : LethalMin] Bulbmin_THhwpM spawned with type Bulbmin and ID: Bulbmin_THhwpM At: (33.58, -219.55, 58.19) random seed: 14993188 index: 19
[10:24:41.3689257] [Debug  :Starlancer AI Fix] Pikmin(Clone) spawned inside; Switching to interior AI. Setting Favorite Spot to AInode (UnityEngine.Transform).
[10:24:41.3699260] [Debug  : LethalMin] Purple Pikmin: No sound pack found for generation Pikmin4, using default sound pack.
[10:24:41.3699260] [Debug  : LethalMin] InitalizedPikmin Type: Purple Pikmin with ID: Purple Pikmin_lyuO
[10:24:41.3699260] [Debug  : LethalMin] Purple Pikmin_lyuO: Using Cached growth objects
[10:24:41.3699260] [Info   : LethalMin] Purple Pikmin_lyuO: Setting growth stage to 0
[10:24:41.3699260] [Warning: Unity Log] PurplePikmin4 Pik Animation State '' not found
[10:24:41.3699260] [Info   : LethalMin] Purple Pikmin_lyuO: Setting growth stage to 0
[10:24:41.3699260] [Debug  : LethalMin] Purple Pikmin_lyuO spawned with type Purple Pikmin and ID: Purple Pikmin_lyuO At: (33.58, -219.55, 58.19) random seed: 14993189 index: 19
[10:24:41.3967728] [Debug  :Starlancer AI Fix] Pikmin(Clone) spawned inside; Switching to interior AI. Setting Favorite Spot to AInode (2) (UnityEngine.Transform).
[10:24:41.3977724] [Debug  : LethalMin] Purple Pikmin: No sound pack found for generation Pikmin4, using default sound pack.
[10:24:41.3977724] [Debug  : LethalMin] InitalizedPikmin Type: Purple Pikmin with ID: Purple Pikmin_3g8qZG
[10:24:41.3977724] [Debug  : LethalMin] Purple Pikmin_3g8qZG: Using Cached growth objects
[10:24:41.3977724] [Info   : LethalMin] Purple Pikmin_3g8qZG: Setting growth stage to 0
[10:24:41.3977724] [Warning: Unity Log] PurplePikmin4 Pik Animation State '' not found
[10:24:41.3977724] [Info   : LethalMin] Purple Pikmin_3g8qZG: Setting growth stage to 0
[10:24:41.3977724] [Debug  : LethalMin] Purple Pikmin_3g8qZG spawned with type Purple Pikmin and ID: Purple Pikmin_3g8qZG At: (121.59, -219.55, -49.33) random seed: 14993190 index: 19
[10:24:41.4220275] [Debug  :Starlancer AI Fix] Pikmin(Clone) spawned inside; Switching to interior AI. Setting Favorite Spot to AInode (1) (UnityEngine.Transform).
[10:24:41.4220275] [Debug  : LethalMin] Purple Pikmin: No sound pack found for generation Pikmin4, using default sound pack.
[10:24:41.4220275] [Debug  : LethalMin] InitalizedPikmin Type: Purple Pikmin with ID: Purple Pikmin_MNLI
[10:24:41.4220275] [Debug  : LethalMin] Purple Pikmin_MNLI: Using Cached growth objects
[10:24:41.4220275] [Info   : LethalMin] Purple Pikmin_MNLI: Setting growth stage to 0
[10:24:41.4220275] [Warning: Unity Log] PurplePikmin4 Pik Animation State '' not found
[10:24:41.4220275] [Info   : LethalMin] Purple Pikmin_MNLI: Setting growth stage to 0
[10:24:41.4220275] [Debug  : LethalMin] Purple Pikmin_MNLI spawned with type Purple Pikmin and ID: Purple Pikmin_MNLI At: (114.21, -219.55, -35.78) random seed: 14993191 index: 19
[10:24:41.4470670] [Debug  :Starlancer AI Fix] Pikmin(Clone) spawned inside; Switching to interior AI. Setting Favorite Spot to AInode (1) (UnityEngine.Transform).
[10:24:41.4555725] [Debug  : LethalMin] White Pikmin: No sound pack found for generation Pikmin4, using default sound pack.
[10:24:41.4555725] [Debug  : LethalMin] InitalizedPikmin Type: White Pikmin with ID: White Pikmin_e4YkK9B
[10:24:41.4555725] [Debug  : LethalMin] White Pikmin_e4YkK9B: Using Cached growth objects
[10:24:41.4555725] [Info   : LethalMin] White Pikmin_e4YkK9B: Setting growth stage to 0
[10:24:41.4555725] [Warning: Unity Log] WhitePikmin4 Pik Animation State '' not found
[10:24:41.4565734] [Info   : LethalMin] White Pikmin_e4YkK9B: Setting growth stage to 0
[10:24:41.4565734] [Debug  : LethalMin] White Pikmin_e4YkK9B spawned with type White Pikmin and ID: White Pikmin_e4YkK9B At: (76.16, -219.55, 28.58) random seed: 14993192 index: 19
[10:24:41.4820989] [Debug  :Starlancer AI Fix] Pikmin(Clone) spawned inside; Switching to interior AI. Setting Favorite Spot to AInode (2) (UnityEngine.Transform).
[10:24:41.4836012] [Debug  : LethalMin] Purple Pikmin: No sound pack found for generation Pikmin4, using default sound pack.
[10:24:41.4836012] [Debug  : LethalMin] InitalizedPikmin Type: Purple Pikmin with ID: Purple Pikmin_wmlCC
[10:24:41.4836012] [Debug  : LethalMin] Purple Pikmin_wmlCC: Using Cached growth objects
[10:24:41.4836012] [Info   : LethalMin] Purple Pikmin_wmlCC: Setting growth stage to 0
[10:24:41.4836012] [Warning: Unity Log] PurplePikmin4 Pik Animation State '' not found
[10:24:41.4836012] [Info   : LethalMin] Purple Pikmin_wmlCC: Setting growth stage to 0
[10:24:41.4836012] [Debug  : LethalMin] Purple Pikmin_wmlCC spawned with type Purple Pikmin and ID: Purple Pikmin_wmlCC At: (13.07, -219.55, -7.03) random seed: 14993193 index: 19
[10:24:41.5096492] [Debug  :Starlancer AI Fix] Pikmin(Clone) spawned inside; Switching to interior AI. Setting Favorite Spot to AInode (1) (UnityEngine.Transform).
[10:24:41.5106501] [Debug  : LethalMin] White Pikmin: No sound pack found for generation Pikmin4, using default sound pack.
[10:24:41.5106501] [Debug  : LethalMin] InitalizedPikmin Type: White Pikmin with ID: White Pikmin_ETze43B
[10:24:41.5106501] [Debug  : LethalMin] White Pikmin_ETze43B: Using Cached growth objects
[10:24:41.5106501] [Info   : LethalMin] White Pikmin_ETze43B: Setting growth stage to 0
[10:24:41.5106501] [Warning: Unity Log] WhitePikmin4 Pik Animation State '' not found
[10:24:41.5106501] [Info   : LethalMin] White Pikmin_ETze43B: Setting growth stage to 0
[10:24:41.5106501] [Debug  : LethalMin] White Pikmin_ETze43B spawned with type White Pikmin and ID: White Pikmin_ETze43B At: (134.75, -219.55, -60.63) random seed: 14993194 index: 19
[10:24:41.5346843] [Debug  :Starlancer AI Fix] Pikmin(Clone) spawned inside; Switching to interior AI. Setting Favorite Spot to AInode (2) (UnityEngine.Transform).
[10:24:41.5356834] [Debug  : LethalMin] InitalizedPikmin Type: Bulbmin with ID: Bulbmin_WAC6w
[10:24:41.5366827] [Debug  : LethalMin] Bulbmin_WAC6w: Using Cached growth objects
[10:24:41.5366827] [Info   : LethalMin] Bulbmin_WAC6w: Setting growth stage to 0
[10:24:41.5366827] [Warning: Unity Log] P4 Pik Animation State '' not found
[10:24:41.5366827] [Info   : LethalMin] Bulbmin_WAC6w: Setting growth stage to 0
[10:24:41.5366827] [Debug  : LethalMin] Bulbmin_WAC6w spawned with type Bulbmin and ID: Bulbmin_WAC6w At: (21.24, -219.55, 35.88) random seed: 14993195 index: 19
[10:24:41.5637181] [Debug  :Starlancer AI Fix] Pikmin(Clone) spawned inside; Switching to interior AI. Setting Favorite Spot to AInode (UnityEngine.Transform).
[10:24:41.5647222] [Debug  : LethalMin] Purple Pikmin: No sound pack found for generation Pikmin4, using default sound pack.
[10:24:41.5647222] [Debug  : LethalMin] InitalizedPikmin Type: Purple Pikmin with ID: Purple Pikmin_osPYoxB
[10:24:41.5647222] [Debug  : LethalMin] Purple Pikmin_osPYoxB: Using Cached growth objects
[10:24:41.5647222] [Info   : LethalMin] Purple Pikmin_osPYoxB: Setting growth stage to 0
[10:24:41.5647222] [Warning: Unity Log] PurplePikmin4 Pik Animation State '' not found
[10:24:41.5647222] [Info   : LethalMin] Purple Pikmin_osPYoxB: Setting growth stage to 0
[10:24:41.5647222] [Debug  : LethalMin] Purple Pikmin_osPYoxB spawned with type Purple Pikmin and ID: Purple Pikmin_osPYoxB At: (77.60, -219.55, 54.62) random seed: 14993196 index: 19
[10:24:41.5911776] [Debug  :Starlancer AI Fix] Pikmin(Clone) spawned inside; Switching to interior AI. Setting Favorite Spot to AInode (1) (UnityEngine.Transform).
[10:24:41.5921779] [Debug  : LethalMin] Purple Pikmin: No sound pack found for generation Pikmin4, using default sound pack.
[10:24:41.5921779] [Debug  : LethalMin] InitalizedPikmin Type: Purple Pikmin with ID: Purple Pikmin_7Zc0h
[10:24:41.5921779] [Debug  : LethalMin] Purple Pikmin_7Zc0h: Using Cached growth objects
[10:24:41.5921779] [Info   : LethalMin] Purple Pikmin_7Zc0h: Setting growth stage to 0
[10:24:41.5921779] [Warning: Unity Log] PurplePikmin4 Pik Animation State '' not found
[10:24:41.5921779] [Info   : LethalMin] Purple Pikmin_7Zc0h: Setting growth stage to 0
[10:24:41.5921779] [Debug  : LethalMin] Purple Pikmin_7Zc0h spawned with type Purple Pikmin and ID: Purple Pikmin_7Zc0h At: (-22.48, -219.55, -108.40) random seed: 14993197 index: 19
[10:24:41.6165640] [Debug  :Starlancer AI Fix] Pikmin(Clone) spawned inside; Switching to interior AI. Setting Favorite Spot to AInode (UnityEngine.Transform).
[10:24:41.6175642] [Debug  : LethalMin] InitalizedPikmin Type: Bulbmin with ID: Bulbmin_PGqSZqB
[10:24:41.6175642] [Debug  : LethalMin] Bulbmin_PGqSZqB: Using Cached growth objects
[10:24:41.6175642] [Info   : LethalMin] Bulbmin_PGqSZqB: Setting growth stage to 0
[10:24:41.6175642] [Warning: Unity Log] P4 Pik Animation State '' not found
[10:24:41.6175642] [Info   : LethalMin] Bulbmin_PGqSZqB: Setting growth stage to 0
[10:24:41.6175642] [Debug  : LethalMin] Bulbmin_PGqSZqB spawned with type Bulbmin and ID: Bulbmin_PGqSZqB At: (-62.67, -219.55, -5.64) random seed: 14993198 index: 19
[10:24:41.6420915] [Debug  :Starlancer AI Fix] Pikmin(Clone) spawned inside; Switching to interior AI. Setting Favorite Spot to AInode (1) (UnityEngine.Transform).
[10:24:41.6435948] [Debug  : LethalMin] Purple Pikmin: No sound pack found for generation Pikmin4, using default sound pack.
[10:24:41.6435948] [Debug  : LethalMin] InitalizedPikmin Type: Purple Pikmin with ID: Purple Pikmin_hy3uR
[10:24:41.6435948] [Debug  : LethalMin] Purple Pikmin_hy3uR: Using Cached growth objects
[10:24:41.6435948] [Info   : LethalMin] Purple Pikmin_hy3uR: Setting growth stage to 0
[10:24:41.6435948] [Warning: Unity Log] PurplePikmin4 Pik Animation State '' not found
[10:24:41.6435948] [Info   : LethalMin] Purple Pikmin_hy3uR: Setting growth stage to 0
[10:24:41.6435948] [Debug  : LethalMin] Purple Pikmin_hy3uR spawned with type Purple Pikmin and ID: Purple Pikmin_hy3uR At: (-15.36, -219.52, 42.38) random seed: 14993199 index: 19
[10:24:41.6686330] [Debug  :Starlancer AI Fix] Pikmin(Clone) spawned inside; Switching to interior AI. Setting Favorite Spot to AInode (3) (UnityEngine.Transform).
[10:24:41.6696322] [Debug  : LethalMin] Purple Pikmin: No sound pack found for generation Pikmin4, using default sound pack.
[10:24:41.6696322] [Debug  : LethalMin] InitalizedPikmin Type: Purple Pikmin with ID: Purple Pikmin_zfGMJkB
[10:24:41.6696322] [Debug  : LethalMin] Purple Pikmin_zfGMJkB: Using Cached growth objects
[10:24:41.6696322] [Info   : LethalMin] Purple Pikmin_zfGMJkB: Setting growth stage to 0
[10:24:41.6696322] [Warning: Unity Log] PurplePikmin4 Pik Animation State '' not found
[10:24:41.6696322] [Info   : LethalMin] Purple Pikmin_zfGMJkB: Setting growth stage to 0
[10:24:41.6696322] [Debug  : LethalMin] Purple Pikmin_zfGMJkB spawned with type Purple Pikmin and ID: Purple Pikmin_zfGMJkB At: (-27.88, -219.55, -13.67) random seed: 14993200 index: 19
[10:24:41.6937423] [Debug  :Starlancer AI Fix] Pikmin(Clone) spawned inside; Switching to interior AI. Setting Favorite Spot to AInode (UnityEngine.Transform).
[10:24:41.6947494] [Debug  : LethalMin] InitalizedPikmin Type: Bulbmin with ID: Bulbmin_HMToB
[10:24:41.6947494] [Debug  : LethalMin] Bulbmin_HMToB: Using Cached growth objects
[10:24:41.6947494] [Info   : LethalMin] Bulbmin_HMToB: Setting growth stage to 0
[10:24:41.6947494] [Warning: Unity Log] P4 Pik Animation State '' not found
[10:24:41.6947494] [Info   : LethalMin] Bulbmin_HMToB: Setting growth stage to 0
[10:24:41.6947494] [Debug  : LethalMin] Bulbmin_HMToB spawned with type Bulbmin and ID: Bulbmin_HMToB At: (0.68, -219.55, 77.17) random seed: 14993201 index: 19
[10:24:41.7257911] [Debug  :Starlancer AI Fix] Pikmin(Clone) spawned inside; Switching to interior AI. Setting Favorite Spot to AInode (UnityEngine.Transform).
[10:24:41.7257911] [Debug  : LethalMin] White Pikmin: No sound pack found for generation Pikmin4, using default sound pack.
[10:24:41.7257911] [Debug  : LethalMin] InitalizedPikmin Type: White Pikmin with ID: White Pikmin_a4gG3dC
[10:24:41.7257911] [Debug  : LethalMin] White Pikmin_a4gG3dC: Using Cached growth objects
[10:24:41.7257911] [Info   : LethalMin] White Pikmin_a4gG3dC: Setting growth stage to 0
[10:24:41.7267918] [Warning: Unity Log] WhitePikmin4 Pik Animation State '' not found
[10:24:41.7267918] [Info   : LethalMin] White Pikmin_a4gG3dC: Setting growth stage to 0
[10:24:41.7267918] [Debug  : LethalMin] White Pikmin_a4gG3dC spawned with type White Pikmin and ID: White Pikmin_a4gG3dC At: (-2.47, -219.55, 53.92) random seed: 14993202 index: 19
[10:24:41.7548339] [Debug  :Starlancer AI Fix] Pikmin(Clone) spawned inside; Switching to interior AI. Setting Favorite Spot to AInode (UnityEngine.Transform).
[10:24:41.7558325] [Debug  : LethalMin] Purple Pikmin: No sound pack found for generation Pikmin4, using default sound pack.
[10:24:41.7558325] [Debug  : LethalMin] InitalizedPikmin Type: Purple Pikmin with ID: Purple Pikmin_sluiw5
[10:24:41.7558325] [Debug  : LethalMin] Purple Pikmin_sluiw5: Using Cached growth objects
[10:24:41.7558325] [Info   : LethalMin] Purple Pikmin_sluiw5: Setting growth stage to 0
[10:24:41.7558325] [Warning: Unity Log] PurplePikmin4 Pik Animation State '' not found
[10:24:41.7558325] [Info   : LethalMin] Purple Pikmin_sluiw5: Setting growth stage to 0
[10:24:41.7558325] [Debug  : LethalMin] Purple Pikmin_sluiw5 spawned with type Purple Pikmin and ID: Purple Pikmin_sluiw5 At: (-18.74, -219.55, -32.48) random seed: 14993203 index: 19
[10:24:41.7839114] [Debug  :Starlancer AI Fix] Pikmin(Clone) spawned inside; Switching to interior AI. Setting Favorite Spot to AInode (UnityEngine.Transform).
[10:24:41.7850531] [Debug  : LethalMin] White Pikmin: No sound pack found for generation Pikmin4, using default sound pack.
[10:24:41.7850531] [Debug  : LethalMin] InitalizedPikmin Type: White Pikmin with ID: White Pikmin_AS7A
[10:24:41.7850531] [Debug  : LethalMin] White Pikmin_AS7A: Using Cached growth objects
[10:24:41.7850531] [Info   : LethalMin] White Pikmin_AS7A: Setting growth stage to 0
[10:24:41.7850531] [Warning: Unity Log] WhitePikmin4 Pik Animation State '' not found
[10:24:41.7850531] [Info   : LethalMin] White Pikmin_AS7A: Setting growth stage to 0
[10:24:41.7850531] [Debug  : LethalMin] White Pikmin_AS7A spawned with type White Pikmin and ID: White Pikmin_AS7A At: (-78.89, -211.56, -84.76) random seed: 14993204 index: 19
[10:24:41.8099961] [Debug  :Starlancer AI Fix] Pikmin(Clone) spawned inside; Switching to interior AI. Setting Favorite Spot to AInode (2) (UnityEngine.Transform).
[10:24:41.8109948] [Debug  : LethalMin] InitalizedPikmin Type: Bulbmin with ID: Bulbmin_SAKcgz
[10:24:41.8109948] [Debug  : LethalMin] Bulbmin_SAKcgz: Using Cached growth objects
[10:24:41.8109948] [Info   : LethalMin] Bulbmin_SAKcgz: Setting growth stage to 0
[10:24:41.8109948] [Warning: Unity Log] P4 Pik Animation State '' not found
[10:24:41.8109948] [Info   : LethalMin] Bulbmin_SAKcgz: Setting growth stage to 0
[10:24:41.8109948] [Debug  : LethalMin] Bulbmin_SAKcgz spawned with type Bulbmin and ID: Bulbmin_SAKcgz At: (49.92, -219.55, -91.22) random seed: 14993205 index: 19
[10:24:41.8355222] [Debug  :Starlancer AI Fix] Pikmin(Clone) spawned inside; Switching to interior AI. Setting Favorite Spot to AInode (2) (UnityEngine.Transform).
[10:24:41.8365220] [Debug  : LethalMin] Purple Pikmin: No sound pack found for generation Pikmin4, using default sound pack.
[10:24:41.8365220] [Debug  : LethalMin] InitalizedPikmin Type: Purple Pikmin with ID: Purple Pikmin_krX4
[10:24:41.8365220] [Debug  : LethalMin] Purple Pikmin_krX4: Using Cached growth objects
[10:24:41.8365220] [Info   : LethalMin] Purple Pikmin_krX4: Setting growth stage to 0
[10:24:41.8365220] [Warning: Unity Log] PurplePikmin4 Pik Animation State '' not found
[10:24:41.8365220] [Info   : LethalMin] Purple Pikmin_krX4: Setting growth stage to 0
[10:24:41.8365220] [Debug  : LethalMin] Purple Pikmin_krX4 spawned with type Purple Pikmin and ID: Purple Pikmin_krX4 At: (-62.49, -219.53, -101.53) random seed: 14993206 index: 19
[10:24:41.8605467] [Debug  :Starlancer AI Fix] Pikmin(Clone) spawned inside; Switching to interior AI. Setting Favorite Spot to AInode (UnityEngine.Transform).
[10:24:41.8685572] [Debug  : LethalMin] White Pikmin: No sound pack found for generation Pikmin4, using default sound pack.
[10:24:41.8685572] [Debug  : LethalMin] InitalizedPikmin Type: White Pikmin with ID: White Pikmin_3YlWQs
[10:24:41.8685572] [Debug  : LethalMin] White Pikmin_3YlWQs: Using Cached growth objects
[10:24:41.8685572] [Info   : LethalMin] White Pikmin_3YlWQs: Setting growth stage to 0
[10:24:41.8685572] [Warning: Unity Log] WhitePikmin4 Pik Animation State '' not found
[10:24:41.8685572] [Info   : LethalMin] White Pikmin_3YlWQs: Setting growth stage to 0
[10:24:41.8685572] [Debug  : LethalMin] White Pikmin_3YlWQs spawned with type White Pikmin and ID: White Pikmin_3YlWQs At: (-22.48, -219.55, -108.40) random seed: 14993207 index: 19
[10:24:41.8921513] [Debug  :Starlancer AI Fix] Pikmin(Clone) spawned inside; Switching to interior AI. Setting Favorite Spot to AInode (1) (UnityEngine.Transform).
[10:24:41.8921513] [Debug  : LethalMin] Purple Pikmin: No sound pack found for generation Pikmin4, using default sound pack.
[10:24:41.8921513] [Debug  : LethalMin] InitalizedPikmin Type: Purple Pikmin with ID: Purple Pikmin_LGyy
[10:24:41.8921513] [Debug  : LethalMin] Purple Pikmin_LGyy: Using Cached growth objects
[10:24:41.8921513] [Info   : LethalMin] Purple Pikmin_LGyy: Setting growth stage to 0
[10:24:41.8921513] [Warning: Unity Log] PurplePikmin4 Pik Animation State '' not found
[10:24:41.8921513] [Info   : LethalMin] Purple Pikmin_LGyy: Setting growth stage to 0
[10:24:41.8921513] [Debug  : LethalMin] Purple Pikmin_LGyy spawned with type Purple Pikmin and ID: Purple Pikmin_LGyy At: (-20.20, -219.55, -35.57) random seed: 14993208 index: 19
[10:24:41.9156916] [Debug  :Starlancer AI Fix] Pikmin(Clone) spawned inside; Switching to interior AI. Setting Favorite Spot to AInode (1) (UnityEngine.Transform).
[10:24:41.9166921] [Debug  : LethalMin] White Pikmin: No sound pack found for generation Pikmin4, using default sound pack.
[10:24:41.9166921] [Debug  : LethalMin] InitalizedPikmin Type: White Pikmin with ID: White Pikmin_dxBQBm
[10:24:41.9166921] [Debug  : LethalMin] White Pikmin_dxBQBm: Using Cached growth objects
[10:24:41.9166921] [Info   : LethalMin] White Pikmin_dxBQBm: Setting growth stage to 0
[10:24:41.9166921] [Warning: Unity Log] WhitePikmin4 Pik Animation State '' not found
[10:24:41.9166921] [Info   : LethalMin] White Pikmin_dxBQBm: Setting growth stage to 0
[10:24:41.9166921] [Debug  : LethalMin] White Pikmin_dxBQBm spawned with type White Pikmin and ID: White Pikmin_dxBQBm At: (51.26, -219.55, -50.42) random seed: 14993209 index: 19
[10:24:41.9397645] [Debug  :Starlancer AI Fix] Pikmin(Clone) spawned inside; Switching to interior AI. Setting Favorite Spot to AInode (UnityEngine.Transform).
[10:24:41.9407638] [Debug  : LethalMin] InitalizedPikmin Type: Bulbmin with ID: Bulbmin_veOs
[10:24:41.9407638] [Debug  : LethalMin] Bulbmin_veOs: Using Cached growth objects
[10:24:41.9407638] [Info   : LethalMin] Bulbmin_veOs: Setting growth stage to 0
[10:24:41.9407638] [Warning: Unity Log] P4 Pik Animation State '' not found
[10:24:41.9407638] [Info   : LethalMin] Bulbmin_veOs: Setting growth stage to 0
[10:24:41.9407638] [Debug  : LethalMin] Bulbmin_veOs spawned with type Bulbmin and ID: Bulbmin_veOs At: (110.21, -219.55, -39.88) random seed: 14993210 index: 19
[10:24:41.9736376] [Debug  :Starlancer AI Fix] Pikmin(Clone) spawned inside; Switching to interior AI. Setting Favorite Spot to AInode (1) (UnityEngine.Transform).
[10:24:41.9746428] [Debug  : LethalMin] White Pikmin: No sound pack found for generation Pikmin4, using default sound pack.
[10:24:41.9746428] [Debug  : LethalMin] InitalizedPikmin Type: White Pikmin with ID: White Pikmin_DMcKvf
[10:24:41.9746428] [Debug  : LethalMin] White Pikmin_DMcKvf: Using Cached growth objects
[10:24:41.9746428] [Info   : LethalMin] White Pikmin_DMcKvf: Setting growth stage to 0
[10:24:41.9746428] [Warning: Unity Log] WhitePikmin4 Pik Animation State '' not found
[10:24:41.9746428] [Info   : LethalMin] White Pikmin_DMcKvf: Setting growth stage to 0
[10:24:41.9746428] [Debug  : LethalMin] White Pikmin_DMcKvf spawned with type White Pikmin and ID: White Pikmin_DMcKvf At: (-66.17, -224.57, -37.82) random seed: 14993211 index: 19
[10:24:42.0022470] [Debug  :Starlancer AI Fix] Pikmin(Clone) spawned inside; Switching to interior AI. Setting Favorite Spot to AInode (3) (UnityEngine.Transform).
[10:24:42.0022470] [Debug  : LethalMin] InitalizedPikmin Type: Bulbmin with ID: Bulbmin_W3pm
[10:24:42.0022470] [Debug  : LethalMin] Bulbmin_W3pm: Using Cached growth objects
[10:24:42.0022470] [Info   : LethalMin] Bulbmin_W3pm: Setting growth stage to 0
[10:24:42.0022470] [Warning: Unity Log] P4 Pik Animation State '' not found
[10:24:42.0022470] [Info   : LethalMin] Bulbmin_W3pm: Setting growth stage to 0
[10:24:42.0022470] [Debug  : LethalMin] Bulbmin_W3pm spawned with type Bulbmin and ID: Bulbmin_W3pm At: (7.20, -219.55, -67.57) random seed: 14993212 index: 19
[10:24:42.0338122] [Debug  :Starlancer AI Fix] Pikmin(Clone) spawned inside; Switching to interior AI. Setting Favorite Spot to AInode (1) (UnityEngine.Transform).
[10:24:42.0348155] [Debug  : LethalMin] Purple Pikmin: No sound pack found for generation Pikmin4, using default sound pack.
[10:24:42.0348155] [Debug  : LethalMin] InitalizedPikmin Type: Purple Pikmin with ID: Purple Pikmin_ok2EfZ
[10:24:42.0348155] [Debug  : LethalMin] Purple Pikmin_ok2EfZ: Using Cached growth objects
[10:24:42.0348155] [Info   : LethalMin] Purple Pikmin_ok2EfZ: Setting growth stage to 0
[10:24:42.0348155] [Warning: Unity Log] PurplePikmin4 Pik Animation State '' not found
[10:24:42.0348155] [Info   : LethalMin] Purple Pikmin_ok2EfZ: Setting growth stage to 0
[10:24:42.0348155] [Debug  : LethalMin] Purple Pikmin_ok2EfZ spawned with type Purple Pikmin and ID: Purple Pikmin_ok2EfZ At: (73.44, -219.55, -88.97) random seed: 14993213 index: 19
[10:24:42.0604281] [Debug  :Starlancer AI Fix] Pikmin(Clone) spawned inside; Switching to interior AI. Setting Favorite Spot to AInode (3) (UnityEngine.Transform).
[10:24:42.0619318] [Debug  : LethalMin] White Pikmin: No sound pack found for generation Pikmin4, using default sound pack.
[10:24:42.0619318] [Debug  : LethalMin] InitalizedPikmin Type: White Pikmin with ID: White Pikmin_6SFgY
[10:24:42.0619318] [Debug  : LethalMin] White Pikmin_6SFgY: Using Cached growth objects
[10:24:42.0619318] [Info   : LethalMin] White Pikmin_6SFgY: Setting growth stage to 0
[10:24:42.0619318] [Warning: Unity Log] WhitePikmin4 Pik Animation State '' not found
[10:24:42.0619318] [Info   : LethalMin] White Pikmin_6SFgY: Setting growth stage to 0
[10:24:42.0619318] [Debug  : LethalMin] White Pikmin_6SFgY spawned with type White Pikmin and ID: White Pikmin_6SFgY At: (-41.48, -219.55, -46.12) random seed: 14993214 index: 19
[10:24:42.0865343] [Debug  :Starlancer AI Fix] Pikmin(Clone) spawned inside; Switching to interior AI. Setting Favorite Spot to AInode (1) (UnityEngine.Transform).
[10:24:42.0880382] [Debug  : LethalMin] White Pikmin: No sound pack found for generation Pikmin4, using default sound pack.
[10:24:42.0880382] [Debug  : LethalMin] InitalizedPikmin Type: White Pikmin with ID: White Pikmin_O9T8QSi
[10:24:42.0880382] [Debug  : LethalMin] White Pikmin_O9T8QSi: Using Cached growth objects
[10:24:42.0880382] [Info   : LethalMin] White Pikmin_O9T8QSi: Setting growth stage to 0
[10:24:42.0880382] [Warning: Unity Log] WhitePikmin4 Pik Animation State '' not found
[10:24:42.0880382] [Info   : LethalMin] White Pikmin_O9T8QSi: Setting growth stage to 0
[10:24:42.0880382] [Debug  : LethalMin] White Pikmin_O9T8QSi spawned with type White Pikmin and ID: White Pikmin_O9T8QSi At: (88.39, -219.53, 67.58) random seed: 14993215 index: 19
[10:24:42.1121117] [Debug  :Starlancer AI Fix] Pikmin(Clone) spawned inside; Switching to interior AI. Setting Favorite Spot to AInode (UnityEngine.Transform).
[10:24:42.1121117] [Debug  : LethalMin] InitalizedPikmin Type: Bulbmin with ID: Bulbmin_gqgaI
[10:24:42.1121117] [Debug  : LethalMin] Bulbmin_gqgaI: Using Cached growth objects
[10:24:42.1121117] [Info   : LethalMin] Bulbmin_gqgaI: Setting growth stage to 0
[10:24:42.1121117] [Warning: Unity Log] P4 Pik Animation State '' not found
[10:24:42.1121117] [Info   : LethalMin] Bulbmin_gqgaI: Setting growth stage to 0
[10:24:42.1121117] [Debug  : LethalMin] Bulbmin_gqgaI spawned with type Bulbmin and ID: Bulbmin_gqgaI At: (75.08, -219.55, -66.02) random seed: 14993216 index: 19
[10:24:42.1366451] [Debug  :Starlancer AI Fix] Pikmin(Clone) spawned inside; Switching to interior AI. Setting Favorite Spot to AInode (1) (UnityEngine.Transform).
[10:24:42.1376460] [Debug  : LethalMin] Purple Pikmin: No sound pack found for generation Pikmin4, using default sound pack.
[10:24:42.1376460] [Debug  : LethalMin] InitalizedPikmin Type: Purple Pikmin with ID: Purple Pikmin_zYt2AMi
[10:24:42.1376460] [Debug  : LethalMin] Purple Pikmin_zYt2AMi: Using Cached growth objects
[10:24:42.1376460] [Info   : LethalMin] Purple Pikmin_zYt2AMi: Setting growth stage to 0
[10:24:42.1376460] [Warning: Unity Log] PurplePikmin4 Pik Animation State '' not found
[10:24:42.1376460] [Info   : LethalMin] Purple Pikmin_zYt2AMi: Setting growth stage to 0
[10:24:42.1376460] [Debug  : LethalMin] Purple Pikmin_zYt2AMi spawned with type Purple Pikmin and ID: Purple Pikmin_zYt2AMi At: (47.56, -219.55, -74.92) random seed: 14993217 index: 19
[10:24:42.1446569] [Warning:   Coroner] Could not access dying player: Collider was not a player!
[10:24:42.1446569] [Warning:   Coroner] Could not access dying player: Index not assigned!
[10:24:42.1446569] [Debug  :   Coroner] Handling Out of Bounds death...
[10:24:42.1446569] [Warning:   Coroner] Could not access dying player: Collider was not a player!
[10:24:42.1446569] [Warning:   Coroner] Could not access dying player: Index not assigned!
[10:24:42.1446569] [Debug  :   Coroner] Handling Out of Bounds death...
[10:24:42.1446569] [Warning:   Coroner] Could not access dying player: Collider was not a player!
[10:24:42.1446569] [Warning:   Coroner] Could not access dying player: Index not assigned!
[10:24:42.1446569] [Debug  :   Coroner] Handling Out of Bounds death...
[10:24:42.1446569] [Warning:   Coroner] Could not access dying player: Collider was not a player!
[10:24:42.1446569] [Warning:   Coroner] Could not access dying player: Index not assigned!
[10:24:42.1446569] [Debug  :   Coroner] Handling Out of Bounds death...
[10:24:42.1446569] [Warning:   Coroner] Could not access dying player: Collider was not a player!
[10:24:42.1446569] [Warning:   Coroner] Could not access dying player: Index not assigned!
[10:24:42.1446569] [Debug  :   Coroner] Handling Out of Bounds death...
[10:24:42.2097824] [Info   :BrutalCompanyMinusExtraReborn] --- Attempting to spawn with a nothingWeight of 52.52929 and chanceMultiplier of 1
[10:24:42.2097824] [Info   :BrutalCompanyMinusExtraReborn] ### Attempting to spawn Centipede at 12.00 weight;
[10:24:42.2097824] [Info   :BrutalCompanyMinusExtraReborn] Failed to spawn Centipede inside.
[10:24:42.2097824] [Info   :BrutalCompanyMinusExtraReborn] ### Attempting to spawn SandSpider at 18.00 weight;
[10:24:42.2097824] [Info   :BrutalCompanyMinusExtraReborn] Failed to spawn SandSpider inside.
[10:24:42.2097824] [Info   :BrutalCompanyMinusExtraReborn] ### Attempting to spawn HoarderBug at 12.00 weight;
[10:24:42.2097824] [Info   :BrutalCompanyMinusExtraReborn] Failed to spawn HoarderBug inside.
[10:24:42.2097824] [Info   :BrutalCompanyMinusExtraReborn] ### Attempting to spawn Flowerman at 35.00 weight;
[10:24:42.2097824] [Info   :BrutalCompanyMinusExtraReborn] Failed to spawn Flowerman inside.
[10:24:42.2097824] [Info   :BrutalCompanyMinusExtraReborn] ### Attempting to spawn Crawler at 24.00 weight;
[10:24:42.2097824] [Info   :BrutalCompanyMinusExtraReborn] Failed to spawn Crawler inside.
[10:24:42.2097824] [Info   :BrutalCompanyMinusExtraReborn] ### Attempting to spawn Blob at 2.00 weight;
[10:24:42.2097824] [Info   :BrutalCompanyMinusExtraReborn] Failed to spawn Blob inside.
[10:24:42.2097824] [Info   :BrutalCompanyMinusExtraReborn] ### Attempting to spawn DressGirl at 60.00 weight;
[10:24:42.2097824] [Info   :BrutalCompanyMinusExtraReborn] Failed to spawn DressGirl inside.
[10:24:42.2097824] [Info   :BrutalCompanyMinusExtraReborn] ### Attempting to spawn NutcrackerEnemy at 40.00 weight;
[10:24:42.2097824] [Info   :BrutalCompanyMinusExtraReborn] Failed to spawn NutcrackerEnemy inside.
[10:24:42.2097824] [Info   :BrutalCompanyMinusExtraReborn] ### Attempting to spawn SpringMan at 30.00 weight;
[10:24:42.2117831] [Info   :BrutalCompanyMinusExtraReborn] !!! Succeeded spawning SpringMan inside.
[10:24:42.2117831] [Info   :BrutalCompanyMinusExtraReborn] ### Attempting to spawn JesterEnemy at 10.00 weight;
[10:24:42.2117831] [Info   :BrutalCompanyMinusExtraReborn] Failed to spawn JesterEnemy inside.
[10:24:42.2117831] [Info   :BrutalCompanyMinusExtraReborn] ### Attempting to spawn LassoMan at 1.00 weight;
[10:24:42.2117831] [Info   :BrutalCompanyMinusExtraReborn] Failed to spawn LassoMan inside.
[10:24:42.2117831] [Info   :BrutalCompanyMinusExtraReborn] ### Attempting to spawn MaskedPlayerEnemy at 25.00 weight;
[10:24:42.2117831] [Info   :BrutalCompanyMinusExtraReborn] Failed to spawn MaskedPlayerEnemy inside.
[10:24:42.2117831] [Info   :BrutalCompanyMinusExtraReborn] ### Attempting to spawn ButlerEnemy at 35.00 weight;
[10:24:42.2117831] [Info   :BrutalCompanyMinusExtraReborn] Failed to spawn ButlerEnemy inside.
[10:24:42.2117831] [Info   :BrutalCompanyMinusExtraReborn] ### Attempting to spawn NutSlayerEnemy at 1.00 weight;
[10:24:42.2117831] [Info   :BrutalCompanyMinusExtraReborn] Failed to spawn NutSlayerEnemy inside.
