If you absolutely need to use negative scaling you can use the convex MeshCollider. Scene hierarchy path "Systems/LevelGeneration/LevelGenerationRoot/BoardWwater(Clone)/boardwalk/lamphold (1)/debris_plank03 (9)"
[20:16:41.7434074] [Warning: Unity Log] BoxCollider does not support negative scale or size.
The effective box size has been forced positive and is likely to give unexpected collision geometry.
If you absolutely need to use negative scaling you can use the convex MeshCollider. Scene hierarchy path "Systems/LevelGeneration/LevelGenerationRoot/BoardWwater(Clone)/boardwalk/lamphold (1)/debris_plank03 (22)"
[20:16:41.7434074] [Warning: Unity Log] BoxCollider does not support negative scale or size.
The effective box size has been forced positive and is likely to give unexpected collision geometry.
If you absolutely need to use negative scaling you can use the convex MeshCollider. Scene hierarchy path "Systems/LevelGeneration/LevelGenerationRoot/BoardWwater(Clone)/boardwalk (2)/lamphold (1)/debris_plank03 (9)"
[20:16:41.7434074] [Warning: Unity Log] BoxCollider does not support negative scale or size.
The effective box size has been forced positive and is likely to give unexpected collision geometry.
If you absolutely need to use negative scaling you can use the convex MeshCollider. Scene hierarchy path "Systems/LevelGeneration/LevelGenerationRoot/BoardWwater(Clone)/boardwalk (1)/lamphold (1)/debris_plank03 (34)"
[20:16:41.7434074] [Warning: Unity Log] BoxCollider does not support negative scale or size.
The effective box size has been forced positive and is likely to give unexpected collision geometry.
If you absolutely need to use negative scaling you can use the convex MeshCollider. Scene hierarchy path "Systems/LevelGeneration/LevelGenerationRoot/BoardWwater(Clone)/boardwalk (2)/lamphold (1)/debris_plank03 (15)"
[20:16:41.7434074] [Warning: Unity Log] BoxCollider does not support negative scale or size.
The effective box size has been forced positive and is likely to give unexpected collision geometry.
If you absolutely need to use negative scaling you can use the convex MeshCollider. Scene hierarchy path "Systems/LevelGeneration/LevelGenerationRoot/BoardWwater(Clone)/boardwalk/lamphold (1)/debris_plank03 (7)"
[20:16:41.7444069] [Warning: Unity Log] BoxCollider does not support negative scale or size.
The effective box size has been forced positive and is likely to give unexpected collision geometry.
If you absolutely need to use negative scaling you can use the convex MeshCollider. Scene hierarchy path "Systems/LevelGeneration/LevelGenerationRoot/BoardWwater(Clone)/boardwalk (2)/lamphold (1)/debris_plank03"
[20:16:41.7444069] [Warning: Unity Log] BoxCollider does not support negative scale or size.
The effective box size has been forced positive and is likely to give unexpected collision geometry.
If you absolutely need to use negative scaling you can use the convex MeshCollider. Scene hierarchy path "Systems/LevelGeneration/LevelGenerationRoot/BoardWwater(Clone)/boardwalk/lamphold (1)/debris_plank03 (25)"
[20:16:41.7444069] [Warning: Unity Log] BoxCollider does not support negative scale or size.
The effective box size has been forced positive and is likely to give unexpected collision geometry.
If you absolutely need to use negative scaling you can use the convex MeshCollider. Scene hierarchy path "Systems/LevelGeneration/LevelGenerationRoot/BoardWwater(Clone)/biardwak/lamphold (1)/debris_plank03 (29)"
[20:16:41.7444069] [Warning: Unity Log] BoxCollider does not support negative scale or size.
The effective box size has been forced positive and is likely to give unexpected collision geometry.
If you absolutely need to use negative scaling you can use the convex MeshCollider. Scene hierarchy path "Systems/LevelGeneration/LevelGenerationRoot/BoardWwater(Clone)/biardwak/lamphold (1)/debris_plank03 (28)"
[20:16:41.7444069] [Warning: Unity Log] BoxCollider does not support negative scale or size.
The effective box size has been forced positive and is likely to give unexpected collision geometry.
If you absolutely need to use negative scaling you can use the convex MeshCollider. Scene hierarchy path "Systems/LevelGeneration/LevelGenerationRoot/BoardWwater(Clone)/boardwalk (1)/lamphold (1)/debris_plank03 (7)"
[20:16:41.7444069] [Warning: Unity Log] BoxCollider does not support negative scale or size.
The effective box size has been forced positive and is likely to give unexpected collision geometry.
If you absolutely need to use negative scaling you can use the convex MeshCollider. Scene hierarchy path "Systems/LevelGeneration/LevelGenerationRoot/BoardWwater(Clone)/boardwalk (1)/lamphold (1)/debris_plank03 (16)"
[20:16:41.7444069] [Warning: Unity Log] BoxCollider does not support negative scale or size.
The effective box size has been forced positive and is likely to give unexpected collision geometry.
If you absolutely need to use negative scaling you can use the convex MeshCollider. Scene hierarchy path "Systems/LevelGeneration/LevelGenerationRoot/BoardWwater(Clone)/boardwalk (2)/lamphold (1)/debris_plank03 (6)"
[20:16:41.7444069] [Warning: Unity Log] BoxCollider does not support negative scale or size.
The effective box size has been forced positive and is likely to give unexpected collision geometry.
If you absolutely need to use negative scaling you can use the convex MeshCollider. Scene hierarchy path "Systems/LevelGeneration/LevelGenerationRoot/BoardWwater(Clone)/boardwalk (1)/lamphold (1)/debris_plank03 (42)"
[20:16:41.7444069] [Warning: Unity Log] BoxCollider does not support negative scale or size.
The effective box size has been forced positive and is likely to give unexpected collision geometry.
If you absolutely need to use negative scaling you can use the convex MeshCollider. Scene hierarchy path "Systems/LevelGeneration/LevelGenerationRoot/BoardWwater(Clone)/boardwalk (1)/lamphold (1)/debris_plank03 (11)"
[20:16:41.7444069] [Warning: Unity Log] BoxCollider does not support negative scale or size.
The effective box size has been forced positive and is likely to give unexpected collision geometry.
If you absolutely need to use negative scaling you can use the convex MeshCollider. Scene hierarchy path "Systems/LevelGeneration/LevelGenerationRoot/BoardWwater(Clone)/boardwalk/lamphold (1)/debris_plank03 (11)"
[20:16:41.7444069] [Warning: Unity Log] BoxCollider does not support negative scale or size.
The effective box size has been forced positive and is likely to give unexpected collision geometry.
If you absolutely need to use negative scaling you can use the convex MeshCollider. Scene hierarchy path "Systems/LevelGeneration/LevelGenerationRoot/BoardWwater(Clone)/boardwalk/lamphold (1)/debris_plank03 (28)"
[20:16:41.7444069] [Warning: Unity Log] BoxCollider does not support negative scale or size.
The effective box size has been forced positive and is likely to give unexpected collision geometry.
If you absolutely need to use negative scaling you can use the convex MeshCollider. Scene hierarchy path "Systems/LevelGeneration/LevelGenerationRoot/BoardWwater(Clone)/boardwalk (2)/lamphold (1)/debris_plank03 (17)"
[20:16:41.7444069] [Warning: Unity Log] BoxCollider does not support negative scale or size.
The effective box size has been forced positive and is likely to give unexpected collision geometry.
If you absolutely need to use negative scaling you can use the convex MeshCollider. Scene hierarchy path "Systems/LevelGeneration/LevelGenerationRoot/BoardWwater(Clone)/boardwalk (1)/lamphold (1)/debris_plank03 (15)"
[20:16:41.7444069] [Warning: Unity Log] BoxCollider does not support negative scale or size.
The effective box size has been forced positive and is likely to give unexpected collision geometry.
If you absolutely need to use negative scaling you can use the convex MeshCollider. Scene hierarchy path "Systems/LevelGeneration/LevelGenerationRoot/BoardWwater(Clone)/boardwalk (2)/lamphold (1)/debris_plank03 (1)"
[20:16:41.7444069] [Warning: Unity Log] BoxCollider does not support negative scale or size.
The effective box size has been forced positive and is likely to give unexpected collision geometry.
If you absolutely need to use negative scaling you can use the convex MeshCollider. Scene hierarchy path "Systems/LevelGeneration/LevelGenerationRoot/BoardWwater(Clone)/boardwalk (1)/lamphold (1)/debris_plank03 (17)"
[20:16:41.7444069] [Warning: Unity Log] BoxCollider does not support negative scale or size.
The effective box size has been forced positive and is likely to give unexpected collision geometry.
If you absolutely need to use negative scaling you can use the convex MeshCollider. Scene hierarchy path "Systems/LevelGeneration/LevelGenerationRoot/BoardWwater(Clone)/biardwak/lamphold (1)/debris_plank03 (27)"
[20:16:41.7444069] [Warning: Unity Log] BoxCollider does not support negative scale or size.
The effective box size has been forced positive and is likely to give unexpected collision geometry.
If you absolutely need to use negative scaling you can use the convex MeshCollider. Scene hierarchy path "Systems/LevelGeneration/LevelGenerationRoot/BoardWwater(Clone)/biardwak/lamphold (1)/debris_plank03 (22)"
[20:16:41.7444069] [Warning: Unity Log] BoxCollider does not support negative scale or size.
The effective box size has been forced positive and is likely to give unexpected collision geometry.
If you absolutely need to use negative scaling you can use the convex MeshCollider. Scene hierarchy path "Systems/LevelGeneration/LevelGenerationRoot/BoardWwater(Clone)/boardwalk (2)/lamphold (1)/debris_plank03 (4)"
[20:16:41.7444069] [Warning: Unity Log] BoxCollider does not support negative scale or size.
The effective box size has been forced positive and is likely to give unexpected collision geometry.
If you absolutely need to use negative scaling you can use the convex MeshCollider. Scene hierarchy path "Systems/LevelGeneration/LevelGenerationRoot/BoardWwater(Clone)/boardwalk (1)/lamphold (1)/debris_plank03 (40)"
[20:16:41.7444069] [Warning: Unity Log] BoxCollider does not support negative scale or size.
The effective box size has been forced positive and is likely to give unexpected collision geometry.
If you absolutely need to use negative scaling you can use the convex MeshCollider. Scene hierarchy path "Systems/LevelGeneration/LevelGenerationRoot/BoardWwater(Clone)/boardwalk (1)/lamphold (1)/debris_plank03 (35)"
[20:16:41.7444069] [Warning: Unity Log] BoxCollider does not support negative scale or size.
The effective box size has been forced positive and is likely to give unexpected collision geometry.
If you absolutely need to use negative scaling you can use the convex MeshCollider. Scene hierarchy path "Systems/LevelGeneration/LevelGenerationRoot/BoardWwater(Clone)/biardwak/lamphold (1)/debris_plank03 (13)"
[20:16:41.7444069] [Warning: Unity Log] BoxCollider does not support negative scale or size.
The effective box size has been forced positive and is likely to give unexpected collision geometry.
If you absolutely need to use negative scaling you can use the convex MeshCollider. Scene hierarchy path "Systems/LevelGeneration/LevelGenerationRoot/BoardWwater(Clone)/boardwalk (2)/lamphold (1)/debris_plank03 (20)"
[20:16:41.7444069] [Warning: Unity Log] BoxCollider does not support negative scale or size.
The effective box size has been forced positive and is likely to give unexpected collision geometry.
If you absolutely need to use negative scaling you can use the convex MeshCollider. Scene hierarchy path "Systems/LevelGeneration/LevelGenerationRoot/BoardWwater(Clone)/biardwak/lamphold (1)/debris_plank03 (10)"
[20:16:41.7444069] [Warning: Unity Log] BoxCollider does not support negative scale or size.
The effective box size has been forced positive and is likely to give unexpected collision geometry.
If you absolutely need to use negative scaling you can use the convex MeshCollider. Scene hierarchy path "Systems/LevelGeneration/LevelGenerationRoot/BoardWwater(Clone)/biardwak/lamphold (1)/debris_plank03 (30)"
[20:16:41.7444069] [Warning: Unity Log] BoxCollider does not support negative scale or size.
The effective box size has been forced positive and is likely to give unexpected collision geometry.
If you absolutely need to use negative scaling you can use the convex MeshCollider. Scene hierarchy path "Systems/LevelGeneration/LevelGenerationRoot/BoardWwater(Clone)/biardwak/lamphold (1)/debris_plank03 (15)"
[20:16:41.7444069] [Warning: Unity Log] BoxCollider does not support negative scale or size.
The effective box size has been forced positive and is likely to give unexpected collision geometry.
If you absolutely need to use negative scaling you can use the convex MeshCollider. Scene hierarchy path "Systems/LevelGeneration/LevelGenerationRoot/BoardWwater(Clone)/biardwak/lamphold (1)/debris_plank03 (20)"
[20:16:41.7444069] [Warning: Unity Log] BoxCollider does not support negative scale or size.
The effective box size has been forced positive and is likely to give unexpected collision geometry.
If you absolutely need to use negative scaling you can use the convex MeshCollider. Scene hierarchy path "Systems/LevelGeneration/LevelGenerationRoot/BoardWwater(Clone)/boardwalk (1)/lamphold (1)/debris_plank03 (8)"
[20:16:41.7444069] [Warning: Unity Log] BoxCollider does not support negative scale or size.
The effective box size has been forced positive and is likely to give unexpected collision geometry.
If you absolutely need to use negative scaling you can use the convex MeshCollider. Scene hierarchy path "Systems/LevelGeneration/LevelGenerationRoot/BoardWwater(Clone)/biardwak/lamphold (1)/debris_plank03 (25)"
[20:16:41.7444069] [Warning: Unity Log] BoxCollider does not support negative scale or size.
The effective box size has been forced positive and is likely to give unexpected collision geometry.
If you absolutely need to use negative scaling you can use the convex MeshCollider. Scene hierarchy path "Systems/LevelGeneration/LevelGenerationRoot/BoardWwater(Clone)/boardwalk (1)/lamphold (1)/debris_plank03 (3)"
[20:16:41.7444069] [Warning: Unity Log] BoxCollider does not support negative scale or size.
The effective box size has been forced positive and is likely to give unexpected collision geometry.
If you absolutely need to use negative scaling you can use the convex MeshCollider. Scene hierarchy path "Systems/LevelGeneration/LevelGenerationRoot/BoardWwater(Clone)/boardwalk (2)/lamphold (1)/debris_plank03 (19)"
[20:16:41.7444069] [Warning: Unity Log] BoxCollider does not support negative scale or size.
The effective box size has been forced positive and is likely to give unexpected collision geometry.
If you absolutely need to use negative scaling you can use the convex MeshCollider. Scene hierarchy path "Systems/LevelGeneration/LevelGenerationRoot/BoardWwater(Clone)/boardwalk (1)/lamphold (1)/debris_plank03 (23)"
[20:16:41.7444069] [Warning: Unity Log] BoxCollider does not support negative scale or size.
The effective box size has been forced positive and is likely to give unexpected collision geometry.
If you absolutely need to use negative scaling you can use the convex MeshCollider. Scene hierarchy path "Systems/LevelGeneration/LevelGenerationRoot/BoardWwater(Clone)/boardwalk/lamphold (1)/debris_plank03 (14)"
[20:16:41.7444069] [Warning: Unity Log] BoxCollider does not support negative scale or size.
The effective box size has been forced positive and is likely to give unexpected collision geometry.
If you absolutely need to use negative scaling you can use the convex MeshCollider. Scene hierarchy path "Systems/LevelGeneration/LevelGenerationRoot/BoardWwater(Clone)/boardwalk/lamphold (1)/debris_plank03 (13)"
[20:16:41.7444069] [Warning: Unity Log] BoxCollider does not support negative scale or size.
The effective box size has been forced positive and is likely to give unexpected collision geometry.
If you absolutely need to use negative scaling you can use the convex MeshCollider. Scene hierarchy path "Systems/LevelGeneration/LevelGenerationRoot/BoardWwater(Clone)/biardwak/lamphold (1)/debris_plank03 (14)"
[20:16:41.7444069] [Warning: Unity Log] BoxCollider does not support negative scale or size.
The effective box size has been forced positive and is likely to give unexpected collision geometry.
If you absolutely need to use negative scaling you can use the convex MeshCollider. Scene hierarchy path "Systems/LevelGeneration/LevelGenerationRoot/BoardWwater(Clone)/biardwak/lamphold (1)/debris_plank03 (17)"
[20:16:41.7444069] [Warning: Unity Log] BoxCollider does not support negative scale or size.
The effective box size has been forced positive and is likely to give unexpected collision geometry.
If you absolutely need to use negative scaling you can use the convex MeshCollider. Scene hierarchy path "Systems/LevelGeneration/LevelGenerationRoot/BoardWwater(Clone)/boardwalk (2)/lamphold (1)/debris_plank03 (5)"
[20:16:41.7444069] [Warning: Unity Log] BoxCollider does not support negative scale or size.
The effective box size has been forced positive and is likely to give unexpected collision geometry.
If you absolutely need to use negative scaling you can use the convex MeshCollider. Scene hierarchy path "Systems/LevelGeneration/LevelGenerationRoot/BoardWwater(Clone)/boardwalk/lamphold (1)/debris_plank03 (26)"
[20:16:41.7444069] [Warning: Unity Log] BoxCollider does not support negative scale or size.
The effective box size has been forced positive and is likely to give unexpected collision geometry.
If you absolutely need to use negative scaling you can use the convex MeshCollider. Scene hierarchy path "Systems/LevelGeneration/LevelGenerationRoot/BoardWwater(Clone)/boardwalk/lamphold (1)/debris_plank03 (19)"
[20:16:41.7444069] [Warning: Unity Log] BoxCollider does not support negative scale or size.
The effective box size has been forced positive and is likely to give unexpected collision geometry.
If you absolutely need to use negative scaling you can use the convex MeshCollider. Scene hierarchy path "Systems/LevelGeneration/LevelGenerationRoot/BoardWwater(Clone)/biardwak/lamphold (1)/debris_plank03 (1)"
[20:16:41.7444069] [Warning: Unity Log] BoxCollider does not support negative scale or size.
The effective box size has been forced positive and is likely to give unexpected collision geometry.
If you absolutely need to use negative scaling you can use the convex MeshCollider. Scene hierarchy path "Systems/LevelGeneration/LevelGenerationRoot/BoardWwater(Clone)/biardwak/lamphold (1)/debris_plank03 (21)"
[20:16:41.7444069] [Warning: Unity Log] BoxCollider does not support negative scale or size.
The effective box size has been forced positive and is likely to give unexpected collision geometry.
If you absolutely need to use negative scaling you can use the convex MeshCollider. Scene hierarchy path "Systems/LevelGeneration/LevelGenerationRoot/BoardWwater(Clone)/boardwalk/lamphold (1)/debris_plank03"
[20:16:41.7444069] [Warning: Unity Log] BoxCollider does not support negative scale or size.
The effective box size has been forced positive and is likely to give unexpected collision geometry.
If you absolutely need to use negative scaling you can use the convex MeshCollider. Scene hierarchy path "Systems/LevelGeneration/LevelGenerationRoot/BoardWwater(Clone)/boardwalk (1)/lamphold (1)/debris_plank03 (14)"
[20:16:41.7444069] [Warning: Unity Log] BoxCollider does not support negative scale or size.
The effective box size has been forced positive and is likely to give unexpected collision geometry.
If you absolutely need to use negative scaling you can use the convex MeshCollider. Scene hierarchy path "Systems/LevelGeneration/LevelGenerationRoot/BoardWwater(Clone)/boardwalk/lamphold (1)/debris_plank03 (6)"
[20:16:41.7444069] [Warning: Unity Log] BoxCollider does not support negative scale or size.
The effective box size has been forced positive and is likely to give unexpected collision geometry.
If you absolutely need to use negative scaling you can use the convex MeshCollider. Scene hierarchy path "Systems/LevelGeneration/LevelGenerationRoot/BoardWwater(Clone)/boardwalk (2)/lamphold (1)/debris_plank03 (7)"
[20:16:41.7444069] [Warning: Unity Log] BoxCollider does not support negative scale or size.
The effective box size has been forced positive and is likely to give unexpected collision geometry.
If you absolutely need to use negative scaling you can use the convex MeshCollider. Scene hierarchy path "Systems/LevelGeneration/LevelGenerationRoot/BoardWwater(Clone)/boardwalk/lamphold (1)/debris_plank03 (12)"
[20:16:41.7444069] [Warning: Unity Log] BoxCollider does not support negative scale or size.
The effective box size has been forced positive and is likely to give unexpected collision geometry.
If you absolutely need to use negative scaling you can use the convex MeshCollider. Scene hierarchy path "Systems/LevelGeneration/LevelGenerationRoot/BoardWwater(Clone)/boardwalk (2)/lamphold (1)/debris_plank03 (16)"
[20:16:41.7444069] [Warning: Unity Log] BoxCollider does not support negative scale or size.
The effective box size has been forced positive and is likely to give unexpected collision geometry.
If you absolutely need to use negative scaling you can use the convex MeshCollider. Scene hierarchy path "Systems/LevelGeneration/LevelGenerationRoot/BoardWwater(Clone)/boardwalk (2)/lamphold (1)/debris_plank03 (18)"
[20:16:41.7444069] [Warning: Unity Log] BoxCollider does not support negative scale or size.
The effective box size has been forced positive and is likely to give unexpected collision geometry.
If you absolutely need to use negative scaling you can use the convex MeshCollider. Scene hierarchy path "Systems/LevelGeneration/LevelGenerationRoot/BoardWwater(Clone)/boardwalk (2)/lamphold (1)/debris_plank03 (10)"
[20:16:41.7444069] [Warning: Unity Log] BoxCollider does not support negative scale or size.
The effective box size has been forced positive and is likely to give unexpected collision geometry.
If you absolutely need to use negative scaling you can use the convex MeshCollider. Scene hierarchy path "Systems/LevelGeneration/LevelGenerationRoot/BoardWwater(Clone)/boardwalk (2)/lamphold (1)/debris_plank03 (21)"
[20:16:41.7444069] [Warning: Unity Log] BoxCollider does not support negative scale or size.
The effective box size has been forced positive and is likely to give unexpected collision geometry.
If you absolutely need to use negative scaling you can use the convex MeshCollider. Scene hierarchy path "Systems/LevelGeneration/LevelGenerationRoot/BoardWwater(Clone)/boardwalk (2)/lamphold (1)/debris_plank03 (8)"
[20:16:41.7444069] [Warning: Unity Log] BoxCollider does not support negative scale or size.
The effective box size has been forced positive and is likely to give unexpected collision geometry.
If you absolutely need to use negative scaling you can use the convex MeshCollider. Scene hierarchy path "Systems/LevelGeneration/LevelGenerationRoot/BoardWwater(Clone)/biardwak/lamphold (1)/debris_plank03 (18)"
[20:16:41.7444069] [Warning: Unity Log] BoxCollider does not support negative scale or size.
The effective box size has been forced positive and is likely to give unexpected collision geometry.
If you absolutely need to use negative scaling you can use the convex MeshCollider. Scene hierarchy path "Systems/LevelGeneration/LevelGenerationRoot/BoardWwater(Clone)/boardwalk (2)/lamphold (1)/debris_plank03 (27)"
[20:16:41.7444069] [Warning: Unity Log] BoxCollider does not support negative scale or size.
The effective box size has been forced positive and is likely to give unexpected collision geometry.
If you absolutely need to use negative scaling you can use the convex MeshCollider. Scene hierarchy path "Systems/LevelGeneration/LevelGenerationRoot/BoardWwater(Clone)/boardwalk (2)/lamphold (1)/debris_plank03 (12)"
[20:16:41.7444069] [Warning: Unity Log] BoxCollider does not support negative scale or size.
The effective box size has been forced positive and is likely to give unexpected collision geometry.
If you absolutely need to use negative scaling you can use the convex MeshCollider. Scene hierarchy path "Systems/LevelGeneration/LevelGenerationRoot/BoardWwater(Clone)/boardwalk/lamphold (1)/debris_plank03 (3)"
[20:16:41.7444069] [Warning: Unity Log] BoxCollider does not support negative scale or size.
The effective box size has been forced positive and is likely to give unexpected collision geometry.
If you absolutely need to use negative scaling you can use the convex MeshCollider. Scene hierarchy path "Systems/LevelGeneration/LevelGenerationRoot/BoardWwater(Clone)/boardwalk (1)/lamphold (1)/debris_plank03 (27)"
[20:16:41.7444069] [Warning: Unity Log] BoxCollider does not support negative scale or size.
The effective box size has been forced positive and is likely to give unexpected collision geometry.
If you absolutely need to use negative scaling you can use the convex MeshCollider. Scene hierarchy path "Systems/LevelGeneration/LevelGenerationRoot/BoardWwater(Clone)/boardwalk (1)/lamphold (1)/debris_plank03 (10)"
[20:16:41.7444069] [Warning: Unity Log] BoxCollider does not support negative scale or size.
The effective box size has been forced positive and is likely to give unexpected collision geometry.
If you absolutely need to use negative scaling you can use the convex MeshCollider. Scene hierarchy path "Systems/LevelGeneration/LevelGenerationRoot/BoardWwater(Clone)/boardwalk/lamphold (1)/debris_plank03 (23)"
[20:16:41.7444069] [Warning: Unity Log] BoxCollider does not support negative scale or size.
The effective box size has been forced positive and is likely to give unexpected collision geometry.
If you absolutely need to use negative scaling you can use the convex MeshCollider. Scene hierarchy path "Systems/LevelGeneration/LevelGenerationRoot/BoardWwater(Clone)/boardwalk (1)/lamphold (1)/debris_plank03 (37)"
[20:16:41.7444069] [Warning: Unity Log] BoxCollider does not support negative scale or size.
The effective box size has been forced positive and is likely to give unexpected collision geometry.
If you absolutely need to use negative scaling you can use the convex MeshCollider. Scene hierarchy path "Systems/LevelGeneration/LevelGenerationRoot/BoardWwater(Clone)/boardwalk (1)/lamphold (1)/debris_plank03 (25)"
[20:16:41.7444069] [Warning: Unity Log] BoxCollider does not support negative scale or size.
The effective box size has been forced positive and is likely to give unexpected collision geometry.
If you absolutely need to use negative scaling you can use the convex MeshCollider. Scene hierarchy path "Systems/LevelGeneration/LevelGenerationRoot/BoardWwater(Clone)/boardwalk (2)/lamphold (1)/debris_plank03 (26)"
[20:16:41.7444069] [Warning: Unity Log] BoxCollider does not support negative scale or size.
The effective box size has been forced positive and is likely to give unexpected collision geometry.
If you absolutely need to use negative scaling you can use the convex MeshCollider. Scene hierarchy path "Systems/LevelGeneration/LevelGenerationRoot/BoardWwater(Clone)/boardwalk/lamphold (1)/debris_plank03 (27)"
[20:16:41.7444069] [Warning: Unity Log] BoxCollider does not support negative scale or size.
The effective box size has been forced positive and is likely to give unexpected collision geometry.
If you absolutely need to use negative scaling you can use the convex MeshCollider. Scene hierarchy path "Systems/LevelGeneration/LevelGenerationRoot/BoardWwater(Clone)/biardwak/lamphold (1)/debris_plank03 (19)"
[20:16:41.7444069] [Warning: Unity Log] BoxCollider does not support negative scale or size.
The effective box size has been forced positive and is likely to give unexpected collision geometry.
If you absolutely need to use negative scaling you can use the convex MeshCollider. Scene hierarchy path "Systems/LevelGeneration/LevelGenerationRoot/BoardWwater(Clone)/boardwalk/lamphold (1)/debris_plank03 (20)"
[20:16:41.7444069] [Warning: Unity Log] BoxCollider does not support negative scale or size.
The effective box size has been forced positive and is likely to give unexpected collision geometry.
If you absolutely need to use negative scaling you can use the convex MeshCollider. Scene hierarchy path "Systems/LevelGeneration/LevelGenerationRoot/BoardWwater(Clone)/boardwalk (2)/lamphold (1)/debris_plank03 (22)"
[20:16:41.7444069] [Warning: Unity Log] BoxCollider does not support negative scale or size.
The effective box size has been forced positive and is likely to give unexpected collision geometry.
If you absolutely need to use negative scaling you can use the convex MeshCollider. Scene hierarchy path "Systems/LevelGeneration/LevelGenerationRoot/BoardWwater(Clone)/biardwak/lamphold (1)/debris_plank03 (9)"
[20:16:41.7444069] [Warning: Unity Log] BoxCollider does not support negative scale or size.
The effective box size has been forced positive and is likely to give unexpected collision geometry.
If you absolutely need to use negative scaling you can use the convex MeshCollider. Scene hierarchy path "Systems/LevelGeneration/LevelGenerationRoot/BoardWwater(Clone)/boardwalk (1)/lamphold (1)/debris_plank03 (24)"
[20:16:41.7444069] [Warning: Unity Log] BoxCollider does not support negative scale or size.
The effective box size has been forced positive and is likely to give unexpected collision geometry.
If you absolutely need to use negative scaling you can use the convex MeshCollider. Scene hierarchy path "Systems/LevelGeneration/LevelGenerationRoot/BoardWwater(Clone)/boardwalk (2)/lamphold (1)/debris_plank03 (25)"
[20:16:41.7444069] [Warning: Unity Log] BoxCollider does not support negative scale or size.
The effective box size has been forced positive and is likely to give unexpected collision geometry.
If you absolutely need to use negative scaling you can use the convex MeshCollider. Scene hierarchy path "Systems/LevelGeneration/LevelGenerationRoot/BoardWwater(Clone)/biardwak/lamphold (1)/debris_plank03 (16)"
[20:16:41.7444069] [Warning: Unity Log] BoxCollider does not support negative scale or size.
The effective box size has been forced positive and is likely to give unexpected collision geometry.
If you absolutely need to use negative scaling you can use the convex MeshCollider. Scene hierarchy path "Systems/LevelGeneration/LevelGenerationRoot/BoardWwater(Clone)/boardwalk/lamphold (1)/debris_plank03 (15)"
[20:16:41.7444069] [Warning: Unity Log] BoxCollider does not support negative scale or size.
The effective box size has been forced positive and is likely to give unexpected collision geometry.
If you absolutely need to use negative scaling you can use the convex MeshCollider. Scene hierarchy path "Systems/LevelGeneration/LevelGenerationRoot/BoardWwater(Clone)/boardwalk/lamphold (1)/debris_plank03 (21)"
[20:16:41.7444069] [Warning: Unity Log] BoxCollider does not support negative scale or size.
The effective box size has been forced positive and is likely to give unexpected collision geometry.
If you absolutely need to use negative scaling you can use the convex MeshCollider. Scene hierarchy path "Systems/LevelGeneration/LevelGenerationRoot/BoardWwater(Clone)/boardwalk (1)/lamphold (1)/debris_plank03 (19)"
[20:16:41.7444069] [Warning: Unity Log] BoxCollider does not support negative scale or size.
The effective box size has been forced positive and is likely to give unexpected collision geometry.
If you absolutely need to use negative scaling you can use the convex MeshCollider. Scene hierarchy path "Systems/LevelGeneration/LevelGenerationRoot/BoardWwater(Clone)/boardwalk/lamphold (1)/debris_plank03 (1)"
[20:16:41.7444069] [Warning: Unity Log] BoxCollider does not support negative scale or size.
The effective box size has been forced positive and is likely to give unexpected collision geometry.
If you absolutely need to use negative scaling you can use the convex MeshCollider. Scene hierarchy path "Systems/LevelGeneration/LevelGenerationRoot/BoardWwater(Clone)/boardwalk (1)/lamphold (1)/debris_plank03 (32)"
[20:16:41.7444069] [Warning: Unity Log] BoxCollider does not support negative scale or size.
The effective box size has been forced positive and is likely to give unexpected collision geometry.
If you absolutely need to use negative scaling you can use the convex MeshCollider. Scene hierarchy path "Systems/LevelGeneration/LevelGenerationRoot/BoardWwater(Clone)/boardwalk/lamphold (1)/debris_plank03 (05)"
[20:16:41.7444069] [Warning: Unity Log] BoxCollider does not support negative scale or size.
The effective box size has been forced positive and is likely to give unexpected collision geometry.
If you absolutely need to use negative scaling you can use the convex MeshCollider. Scene hierarchy path "Systems/LevelGeneration/LevelGenerationRoot/BoardWwater(Clone)/boardwalk (1)/lamphold (1)/debris_plank03 (39)"
[20:16:41.7444069] [Warning: Unity Log] BoxCollider does not support negative scale or size.
The effective box size has been forced positive and is likely to give unexpected collision geometry.
If you absolutely need to use negative scaling you can use the convex MeshCollider. Scene hierarchy path "Systems/LevelGeneration/LevelGenerationRoot/BoardWwater(Clone)/boardwalk/lamphold (1)/debris_plank03 (24)"
[20:16:41.7444069] [Warning: Unity Log] BoxCollider does not support negative scale or size.
The effective box size has been forced positive and is likely to give unexpected collision geometry.
If you absolutely need to use negative scaling you can use the convex MeshCollider. Scene hierarchy path "Systems/LevelGeneration/LevelGenerationRoot/BoardWwater(Clone)/boardwalk (1)/lamphold (1)/debris_plank03 (33)"
[20:16:41.7444069] [Warning: Unity Log] BoxCollider does not support negative scale or size.
The effective box size has been forced positive and is likely to give unexpected collision geometry.
If you absolutely need to use negative scaling you can use the convex MeshCollider. Scene hierarchy path "Systems/LevelGeneration/LevelGenerationRoot/BoardWwater(Clone)/boardwalk (1)/lamphold (1)/debris_plank03 (30)"
[20:16:41.7444069] [Warning: Unity Log] BoxCollider does not support negative scale or size.
The effective box size has been forced positive and is likely to give unexpected collision geometry.
If you absolutely need to use negative scaling you can use the convex MeshCollider. Scene hierarchy path "Systems/LevelGeneration/LevelGenerationRoot/BoardWwater(Clone)/boardwalk/lamphold (1)/debris_plank03 (10)"
[20:16:41.7444069] [Warning: Unity Log] BoxCollider does not support negative scale or size.
The effective box size has been forced positive and is likely to give unexpected collision geometry.
If you absolutely need to use negative scaling you can use the convex MeshCollider. Scene hierarchy path "Systems/LevelGeneration/LevelGenerationRoot/BoardWwater(Clone)/boardwalk (2)/lamphold (1)/debris_plank03 (13)"
[20:16:41.7444069] [Warning: Unity Log] BoxCollider does not support negative scale or size.
The effective box size has been forced positive and is likely to give unexpected collision geometry.
If you absolutely need to use negative scaling you can use the convex MeshCollider. Scene hierarchy path "Systems/LevelGeneration/LevelGenerationRoot/BoardWwater(Clone)/biardwak/lamphold (1)/debris_plank03 (2)"
[20:16:41.7444069] [Warning: Unity Log] BoxCollider does not support negative scale or size.
The effective box size has been forced positive and is likely to give unexpected collision geometry.
If you absolutely need to use negative scaling you can use the convex MeshCollider. Scene hierarchy path "Systems/LevelGeneration/LevelGenerationRoot/BoardWwater(Clone)/boardwalk (1)/lamphold (1)/debris_plank03"
[20:16:41.7444069] [Warning: Unity Log] BoxCollider does not support negative scale or size.
The effective box size has been forced positive and is likely to give unexpected collision geometry.
If you absolutely need to use negative scaling you can use the convex MeshCollider. Scene hierarchy path "Systems/LevelGeneration/LevelGenerationRoot/BoardWwater(Clone)/boardwalk (1)/lamphold (1)/debris_plank03 (41)"
[20:16:41.7444069] [Warning: Unity Log] BoxCollider does not support negative scale or size.
The effective box size has been forced positive and is likely to give unexpected collision geometry.
If you absolutely need to use negative scaling you can use the convex MeshCollider. Scene hierarchy path "Systems/LevelGeneration/LevelGenerationRoot/BoardWwater(Clone)/boardwalk/lamphold (1)/debris_plank03 (18)"
[20:16:41.7444069] [Warning: Unity Log] BoxCollider does not support negative scale or size.
The effective box size has been forced positive and is likely to give unexpected collision geometry.
If you absolutely need to use negative scaling you can use the convex MeshCollider. Scene hierarchy path "Systems/LevelGeneration/LevelGenerationRoot/BoardWwater(Clone)/boardwalk (1)/lamphold (1)/debris_plank03 (4)"
[20:16:41.7444069] [Warning: Unity Log] BoxCollider does not support negative scale or size.
The effective box size has been forced positive and is likely to give unexpected collision geometry.
If you absolutely need to use negative scaling you can use the convex MeshCollider. Scene hierarchy path "Systems/LevelGeneration/LevelGenerationRoot/BoardWwater(Clone)/boardwalk (1)/lamphold (1)/debris_plank03 (26)"
[20:16:41.7444069] [Warning: Unity Log] BoxCollider does not support negative scale or size.
The effective box size has been forced positive and is likely to give unexpected collision geometry.
If you absolutely need to use negative scaling you can use the convex MeshCollider. Scene hierarchy path "Systems/LevelGeneration/LevelGenerationRoot/BoardWwater(Clone)/biardwak/lamphold (1)/debris_plank03 (6)"
[20:16:41.7444069] [Warning: Unity Log] BoxCollider does not support negative scale or size.
The effective box size has been forced positive and is likely to give unexpected collision geometry.
If you absolutely need to use negative scaling you can use the convex MeshCollider. Scene hierarchy path "Systems/LevelGeneration/LevelGenerationRoot/BoardWwater(Clone)/boardwalk (1)/lamphold (1)/debris_plank03 (5)"
[20:16:41.7444069] [Warning: Unity Log] BoxCollider does not support negative scale or size.
The effective box size has been forced positive and is likely to give unexpected collision geometry.
If you absolutely need to use negative scaling you can use the convex MeshCollider. Scene hierarchy path "Systems/LevelGeneration/LevelGenerationRoot/BoardWwater(Clone)/boardwalk (2)/lamphold (1)/debris_plank03 (24)"
[20:16:41.7444069] [Warning: Unity Log] BoxCollider does not support negative scale or size.
The effective box size has been forced positive and is likely to give unexpected collision geometry.
If you absolutely need to use negative scaling you can use the convex MeshCollider. Scene hierarchy path "Systems/LevelGeneration/LevelGenerationRoot/BoardWwater(Clone)/boardwalk (1)/lamphold (1)/debris_plank03 (20)"
[20:16:41.7444069] [Warning: Unity Log] BoxCollider does not support negative scale or size.
The effective box size has been forced positive and is likely to give unexpected collision geometry.
If you absolutely need to use negative scaling you can use the convex MeshCollider. Scene hierarchy path "Systems/LevelGeneration/LevelGenerationRoot/BoardWwater(Clone)/boardwalk (2)/lamphold (1)/debris_plank03 (23)"
[20:16:41.7444069] [Warning: Unity Log] BoxCollider does not support negative scale or size.
The effective box size has been forced positive and is likely to give unexpected collision geometry.
If you absolutely need to use negative scaling you can use the convex MeshCollider. Scene hierarchy path "Systems/LevelGeneration/LevelGenerationRoot/BoardWwater(Clone)/boardwalk (1)/lamphold (1)/debris_plank03 (21)"
[20:16:41.7444069] [Warning: Unity Log] BoxCollider does not support negative scale or size.
The effective box size has been forced positive and is likely to give unexpected collision geometry.
If you absolutely need to use negative scaling you can use the convex MeshCollider. Scene hierarchy path "Systems/LevelGeneration/LevelGenerationRoot/BoardWwater(Clone)/boardwalk/lamphold (1)/debris_plank03 (2)"
[20:16:41.7444069] [Warning: Unity Log] BoxCollider does not support negative scale or size.
The effective box size has been forced positive and is likely to give unexpected collision geometry.
If you absolutely need to use negative scaling you can use the convex MeshCollider. Scene hierarchy path "Systems/LevelGeneration/LevelGenerationRoot/BoardWwater(Clone)/biardwak/lamphold (1)/debris_plank03"
[20:16:41.7444069] [Warning: Unity Log] BoxCollider does not support negative scale or size.
The effective box size has been forced positive and is likely to give unexpected collision geometry.
If you absolutely need to use negative scaling you can use the convex MeshCollider. Scene hierarchy path "Systems/LevelGeneration/LevelGenerationRoot/BoardWwater(Clone)/boardwalk/lamphold (1)/debris_plank03 (5)"
[20:16:41.7444069] [Warning: Unity Log] BoxCollider does not support negative scale or size.
The effective box size has been forced positive and is likely to give unexpected collision geometry.
If you absolutely need to use negative scaling you can use the convex MeshCollider. Scene hierarchy path "Systems/LevelGeneration/LevelGenerationRoot/BoardWwater(Clone)/boardwalk (1)/lamphold (1)/debris_plank03 (18)"
[20:16:41.7444069] [Warning: Unity Log] BoxCollider does not support negative scale or size.
The effective box size has been forced positive and is likely to give unexpected collision geometry.
If you absolutely need to use negative scaling you can use the convex MeshCollider. Scene hierarchy path "Systems/LevelGeneration/LevelGenerationRoot/BoardWwater(Clone)/boardwalk (1)/lamphold (1)/debris_plank03 (29)"
[20:16:41.7484067] [Debug  :TestAccountCore] Hazard injection: 0 matches, 0 hazards
[20:16:41.7484067] [Debug  :TestAccountCore] Hazard injection: 0 matches, 0 hazards
[20:16:41.7484067] [Debug  :TestAccountCore] Hazard injection: 0 matches, 0 hazards
[20:16:41.7484067] [Debug  :TestAccountCore] Hazard injection: 0 matches, 0 hazards
[20:16:41.7484067] [Debug  :TestAccountCore] Hazard injection: 0 matches, 0 hazards
[20:16:41.7484067] [Debug  :TestAccountCore] Hazard injection: 0 matches, 0 hazards
[20:16:41.7484067] [Debug  :TestAccountCore] Hazard injection: 0 matches, 0 hazards
[20:16:41.7484067] [Debug  :TestAccountCore] Hazard injection: 0 matches, 0 hazards
[20:16:41.7484067] [Debug  :TestAccountCore] Hazard injection: 0 matches, 0 hazards
[20:16:41.7484067] [Debug  :TestAccountCore] Hazard injection: 0 matches, 0 hazards
[20:16:41.7484067] [Debug  :TestAccountCore] Hazard injection: 0 matches, 0 hazards
[20:16:41.7484067] [Debug  :TestAccountCore] Hazard injection: 0 matches, 0 hazards
[20:16:41.7484067] [Debug  :TestAccountCore] Hazard injection: 0 matches, 0 hazards
[20:16:41.7484067] [Debug  :TestAccountCore] Hazard injection: 0 matches, 0 hazards
[20:16:41.7484067] [Debug  :TestAccountCore] Hazard injection: 0 matches, 0 hazards
[20:16:41.7484067] [Debug  :TestAccountCore] Hazard injection: 0 matches, 0 hazards
[20:16:41.7484067] [Debug  :TestAccountCore] Hazard injection: 0 matches, 0 hazards
[20:16:41.7484067] [Debug  :TestAccountCore] Hazard injection: 0 matches, 0 hazards
[20:16:41.7484067] [Debug  :TestAccountCore] Hazard injection: 0 matches, 0 hazards
[20:16:41.7484067] [Debug  :TestAccountCore] Hazard injection: 0 matches, 0 hazards
[20:16:41.7484067] [Debug  :TestAccountCore] Hazard injection: 0 matches, 0 hazards
[20:16:41.7484067] [Debug  :TestAccountCore] Hazard injection: 0 matches, 0 hazards
[20:16:41.7484067] [Debug  :TestAccountCore] Hazard injection: 0 matches, 0 hazards
[20:16:41.7484067] [Debug  :TestAccountCore] Hazard injection: 0 matches, 0 hazards
[20:16:41.7484067] [Debug  :TestAccountCore] Hazard injection: 0 matches, 0 hazards
[20:16:41.7484067] [Debug  :TestAccountCore] Hazard injection: 0 matches, 0 hazards
[20:16:41.7484067] [Debug  :TestAccountCore] Hazard injection: 0 matches, 0 hazards
[20:16:41.7484067] [Debug  :TestAccountCore] Hazard injection: 0 matches, 0 hazards
[20:16:41.7484067] [Debug  :TestAccountCore] Hazard injection: 0 matches, 0 hazards
[20:16:41.7484067] [Debug  :TestAccountCore] Hazard injection: 0 matches, 0 hazards
[20:16:41.7484067] [Debug  :TestAccountCore] Hazard injection: 0 matches, 0 hazards
[20:16:41.7484067] [Debug  :TestAccountCore] Hazard injection: 0 matches, 0 hazards
[20:16:41.7484067] [Debug  :TestAccountCore] Hazard injection: 0 matches, 0 hazards
[20:16:41.7484067] [Debug  :TestAccountCore] Hazard injection: 0 matches, 0 hazards
[20:16:41.7484067] [Debug  :TestAccountCore] Hazard injection: 0 matches, 0 hazards
[20:16:41.7484067] [Debug  :TestAccountCore] Hazard injection: 0 matches, 0 hazards
[20:16:41.7484067] [Debug  :TestAccountCore] Hazard injection: 0 matches, 0 hazards
[20:16:41.7484067] [Debug  :TestAccountCore] Hazard injection: 0 matches, 0 hazards
[20:16:41.7484067] [Debug  :TestAccountCore] Hazard injection: 0 matches, 0 hazards
[20:16:41.7484067] [Debug  :TestAccountCore] Hazard injection: 0 matches, 0 hazards
[20:16:41.7484067] [Debug  :TestAccountCore] Hazard injection: 0 matches, 0 hazards
[20:16:41.7484067] [Debug  :TestAccountCore] Hazard injection: 0 matches, 0 hazards
[20:16:41.7484067] [Debug  :TestAccountCore] Hazard injection: 0 matches, 0 hazards
[20:16:41.7484067] [Debug  :TestAccountCore] Hazard injection: 0 matches, 0 hazards
[20:16:41.7484067] [Debug  :TestAccountCore] Hazard injection: 0 matches, 0 hazards
[20:16:41.7484067] [Debug  :TestAccountCore] Hazard injection: 0 matches, 0 hazards
[20:16:41.7484067] [Debug  :TestAccountCore] Hazard injection: 0 matches, 0 hazards
[20:16:41.7484067] [Debug  :TestAccountCore] Hazard injection: 0 matches, 0 hazards
[20:16:41.7484067] [Debug  :TestAccountCore] Hazard injection: 0 matches, 0 hazards
[20:16:41.7484067] [Debug  :TestAccountCore] Hazard injection: 0 matches, 0 hazards
[20:16:41.7484067] [Debug  :TestAccountCore] Hazard injection: 0 matches, 0 hazards
[20:16:41.7484067] [Debug  :TestAccountCore] Hazard injection: 0 matches, 0 hazards
[20:16:41.7484067] [Debug  :TestAccountCore] Hazard injection: 0 matches, 0 hazards
[20:16:41.7484067] [Debug  :TestAccountCore] Hazard injection: 0 matches, 0 hazards
[20:16:41.7484067] [Debug  :TestAccountCore] Hazard injection: 0 matches, 0 hazards
[20:16:41.7484067] [Debug  :TestAccountCore] Hazard injection: 0 matches, 0 hazards
[20:16:41.7484067] [Debug  :TestAccountCore] Hazard injection: 0 matches, 0 hazards
[20:16:41.7484067] [Debug  :TestAccountCore] Hazard injection: 0 matches, 0 hazards
[20:16:41.7484067] [Debug  :TestAccountCore] Hazard injection: 0 matches, 0 hazards
[20:16:41.7484067] [Debug  :TestAccountCore] Hazard injection: 0 matches, 0 hazards
[20:16:41.7484067] [Debug  :TestAccountCore] Hazard injection: 0 matches, 0 hazards
[20:16:41.7484067] [Debug  :TestAccountCore] Hazard injection: 0 matches, 0 hazards
[20:16:41.7484067] [Debug  :TestAccountCore] Hazard injection: 0 matches, 0 hazards
[20:16:41.7484067] [Debug  :TestAccountCore] Hazard injection: 0 matches, 0 hazards
[20:16:41.7484067] [Debug  :TestAccountCore] Hazard injection: 0 matches, 0 hazards
[20:16:41.7484067] [Debug  :TestAccountCore] Hazard injection: 0 matches, 0 hazards
[20:16:41.7484067] [Debug  :TestAccountCore] Hazard injection: 0 matches, 0 hazards
[20:16:41.7484067] [Debug  :TestAccountCore] Hazard injection: 0 matches, 0 hazards
[20:16:41.7484067] [Debug  :TestAccountCore] Hazard injection: 0 matches, 0 hazards
[20:16:41.7484067] [Debug  :TestAccountCore] Hazard injection: 0 matches, 0 hazards
[20:16:41.7484067] [Debug  :TestAccountCore] Hazard injection: 0 matches, 0 hazards
[20:16:41.7484067] [Debug  :TestAccountCore] Hazard injection: 0 matches, 0 hazards
[20:16:41.9797451] [Debug  : LethalMin] Number of Dungeons in Scene: 1 (Multiple Dungeons: False)
[20:16:42.0102645] [Warning:   Coroner] Could not access dying player: Collider was not a player!
[20:16:42.0102645] [Warning:   Coroner] Could not access dying player: Index not assigned!
[20:16:42.0102645] [Debug  :   Coroner] Handling Out of Bounds death...
[20:16:42.0102645] [Warning:   Coroner] Could not access dying player: Collider was not a player!
[20:16:42.0102645] [Warning:   Coroner] Could not access dying player: Index not assigned!
[20:16:42.0102645] [Debug  :   Coroner] Handling Out of Bounds death...
[20:16:42.0453122] [Info   :BrutalCompanyMinusExtraReborn] Area gen: 0
[20:16:42.0698480] [Error  : Unity Log] RuntimeNavMeshBuilder: Source mesh Cube.002 is skipped because it does not allow read access
[20:16:42.0698480] [Error  : Unity Log] RuntimeNavMeshBuilder: Source mesh Cube.002 is skipped because it does not allow read access
[20:16:42.0698480] [Error  : Unity Log] RuntimeNavMeshBuilder: Source mesh Angle_Pipe is skipped because it does not allow read access
[20:16:42.0698480] [Error  : Unity Log] RuntimeNavMeshBuilder: Source mesh Angle_Pipe is skipped because it does not allow read access
[20:16:42.0698480] [Error  : Unity Log] RuntimeNavMeshBuilder: Source mesh Angle_Pipe is skipped because it does not allow read access
[20:16:42.0698480] [Error  : Unity Log] RuntimeNavMeshBuilder: Source mesh Pipe_02 is skipped because it does not allow read access
[20:16:42.0698480] [Error  : Unity Log] RuntimeNavMeshBuilder: Source mesh Pipe_03 is skipped because it does not allow read access
[20:16:42.0698480] [Error  : Unity Log] RuntimeNavMeshBuilder: Source mesh Pipe_Cap is skipped because it does not allow read access
[20:16:42.0698480] [Error  : Unity Log] RuntimeNavMeshBuilder: Source mesh Cube.002 is skipped because it does not allow read access
[20:16:42.0698480] [Error  : Unity Log] RuntimeNavMeshBuilder: Source mesh Cube.002 is skipped because it does not allow read access
[20:16:42.0698480] [Error  : Unity Log] RuntimeNavMeshBuilder: Source mesh Angle_Pipe is skipped because it does not allow read access
[20:16:42.0698480] [Error  : Unity Log] RuntimeNavMeshBuilder: Source mesh Angle_Pipe is skipped because it does not allow read access
[20:16:42.0698480] [Error  : Unity Log] RuntimeNavMeshBuilder: Source mesh Pipe_02 is skipped because it does not allow read access
[20:16:42.0698480] [Error  : Unity Log] RuntimeNavMeshBuilder: Source mesh Pipe_03 is skipped because it does not allow read access
[20:16:42.0698480] [Error  : Unity Log] RuntimeNavMeshBuilder: Source mesh Pipe_Cap is skipped because it does not allow read access
[20:16:42.0698480] [Error  : Unity Log] RuntimeNavMeshBuilder: Source mesh Cube.002 is skipped because it does not allow read access
[20:16:42.0698480] [Error  : Unity Log] RuntimeNavMeshBuilder: Source mesh Cube.002 is skipped because it does not allow read access
[20:16:42.0698480] [Error  : Unity Log] RuntimeNavMeshBuilder: Source mesh Angle_Pipe is skipped because it does not allow read access
[20:16:42.0698480] [Error  : Unity Log] RuntimeNavMeshBuilder: Source mesh Angle_Pipe is skipped because it does not allow read access
[20:16:42.0698480] [Error  : Unity Log] RuntimeNavMeshBuilder: Source mesh Angle_Pipe is skipped because it does not allow read access
[20:16:42.0698480] [Error  : Unity Log] RuntimeNavMeshBuilder: Source mesh Angle_Pipe is skipped because it does not allow read access
[20:16:42.0698480] [Error  : Unity Log] RuntimeNavMeshBuilder: Source mesh Pipe_03 is skipped because it does not allow read access
[20:16:42.0698480] [Error  : Unity Log] RuntimeNavMeshBuilder: Source mesh Pipe_02 is skipped because it does not allow read access
[20:16:42.0698480] [Error  : Unity Log] RuntimeNavMeshBuilder: Source mesh Pipe_Cap is skipped because it does not allow read access
[20:16:42.0698480] [Error  : Unity Log] RuntimeNavMeshBuilder: Source mesh Cube.002 is skipped because it does not allow read access
[20:16:42.0698480] [Error  : Unity Log] RuntimeNavMeshBuilder: Source mesh Cube.002 is skipped because it does not allow read access
[20:16:42.0698480] [Error  : Unity Log] RuntimeNavMeshBuilder: Source mesh Pipe_02 is skipped because it does not allow read access
[20:16:42.0698480] [Error  : Unity Log] RuntimeNavMeshBuilder: Source mesh Pipe_Cap is skipped because it does not allow read access
[20:16:42.0698480] [Error  : Unity Log] RuntimeNavMeshBuilder: Source mesh Angle_Pipe is skipped because it does not allow read access
[20:16:42.0698480] [Error  : Unity Log] RuntimeNavMeshBuilder: Source mesh Pipe_03 is skipped because it does not allow read access
[20:16:42.0698480] [Error  : Unity Log] RuntimeNavMeshBuilder: Source mesh Cube.002 is skipped because it does not allow read access
[20:16:42.0698480] [Error  : Unity Log] RuntimeNavMeshBuilder: Source mesh Cube.002 is skipped because it does not allow read access
[20:16:42.0698480] [Error  : Unity Log] RuntimeNavMeshBuilder: Source mesh Pipe_02 is skipped because it does not allow read access
[20:16:42.0698480] [Error  : Unity Log] RuntimeNavMeshBuilder: Source mesh Pipe_Cap is skipped because it does not allow read access
[20:16:42.0698480] [Error  : Unity Log] RuntimeNavMeshBuilder: Source mesh Angle_Pipe is skipped because it does not allow read access
[20:16:42.0698480] [Error  : Unity Log] RuntimeNavMeshBuilder: Source mesh Pipe_03 is skipped because it does not allow read access
[20:16:42.0698480] [Error  : Unity Log] RuntimeNavMeshBuilder: Source mesh Angle_Pipe is skipped because it does not allow read access
[20:16:42.0698480] [Error  : Unity Log] RuntimeNavMeshBuilder: Source mesh Pipe_03 is skipped because it does not allow read access
[20:16:42.0708484] [Error  : Unity Log] RuntimeNavMeshBuilder: Source mesh Angle_Pipe is skipped because it does not allow read access
[20:16:42.0708484] [Error  : Unity Log] RuntimeNavMeshBuilder: Source mesh Pipe_03 is skipped because it does not allow read access
[20:16:42.0708484] [Error  : Unity Log] RuntimeNavMeshBuilder: Source mesh Angle_Pipe is skipped because it does not allow read access
[20:16:42.0708484] [Error  : Unity Log] RuntimeNavMeshBuilder: Source mesh Pipe_03 is skipped because it does not allow read access
[20:16:42.0708484] [Error  : Unity Log] RuntimeNavMeshBuilder: Source mesh Angle_Pipe is skipped because it does not allow read access
[20:16:42.0708484] [Error  : Unity Log] RuntimeNavMeshBuilder: Source mesh Pipe_03 is skipped because it does not allow read access
[20:16:42.0708484] [Error  : Unity Log] RuntimeNavMeshBuilder: Source mesh Circle.002 is skipped because it does not allow read access
[20:16:42.0708484] [Error  : Unity Log] RuntimeNavMeshBuilder: Source mesh Circle.002 is skipped because it does not allow read access
[20:16:42.0708484] [Error  : Unity Log] RuntimeNavMeshBuilder: Source mesh CrystalCluster6 is skipped because it does not allow read access
[20:16:42.0708484] [Error  : Unity Log] RuntimeNavMeshBuilder: Source mesh CrystalCluster6 is skipped because it does not allow read access
[20:16:42.0708484] [Error  : Unity Log] RuntimeNavMeshBuilder: Source mesh CrystalCluster6 is skipped because it does not allow read access
[20:16:42.0708484] [Error  : Unity Log] RuntimeNavMeshBuilder: Source mesh CrystalCluster6 is skipped because it does not allow read access
[20:16:42.0708484] [Error  : Unity Log] RuntimeNavMeshBuilder: Source mesh CrystalCluster6 is skipped because it does not allow read access
[20:16:42.0708484] [Error  : Unity Log] RuntimeNavMeshBuilder: Source mesh CrystalCluster6 is skipped because it does not allow read access
[20:16:42.0708484] [Error  : Unity Log] RuntimeNavMeshBuilder: Source mesh Lamp_Lamp_0 is skipped because it does not allow read access
[20:16:42.0708484] [Error  : Unity Log] RuntimeNavMeshBuilder: Source mesh Lamp_Lamp_0.001 is skipped because it does not allow read access
[20:16:42.0708484] [Error  : Unity Log] RuntimeNavMeshBuilder: Source mesh Lamp_Lamp_0.002 is skipped because it does not allow read access
[20:16:42.0708484] [Error  : Unity Log] RuntimeNavMeshBuilder: Source mesh LeverSwitchCordAnimated1 is skipped because it does not allow read access
[20:16:42.0708484] [Error  : Unity Log] RuntimeNavMeshBuilder: Source mesh LeverSwitchCordAnimated2 is skipped because it does not allow read access
[20:16:42.0708484] [Error  : Unity Log] RuntimeNavMeshBuilder: Source mesh Circle.002 is skipped because it does not allow read access
[20:16:42.0708484] [Error  : Unity Log] RuntimeNavMeshBuilder: Source mesh Circle.002 is skipped because it does not allow read access
[20:16:42.0708484] [Error  : Unity Log] RuntimeNavMeshBuilder: Source mesh Circle.002 is skipped because it does not allow read access
[20:16:42.0708484] [Error  : Unity Log] RuntimeNavMeshBuilder: Source mesh Cube.002 is skipped because it does not allow read access
[20:16:42.0708484] [Error  : Unity Log] RuntimeNavMeshBuilder: Source mesh Cube.002 is skipped because it does not allow read access
[20:16:42.0708484] [Error  : Unity Log] RuntimeNavMeshBuilder: Source mesh Lamp_Lamp_0 is skipped because it does not allow read access
[20:16:42.0708484] [Error  : Unity Log] RuntimeNavMeshBuilder: Source mesh Lamp_Lamp_0.001 is skipped because it does not allow read access
[20:16:42.0708484] [Error  : Unity Log] RuntimeNavMeshBuilder: Source mesh Lamp_Lamp_0.002 is skipped because it does not allow read access
[20:16:42.0708484] [Error  : Unity Log] RuntimeNavMeshBuilder: Source mesh LeverSwitchCordAnimated1 is skipped because it does not allow read access
[20:16:42.0708484] [Error  : Unity Log] RuntimeNavMeshBuilder: Source mesh LeverSwitchCordAnimated2 is skipped because it does not allow read access
[20:16:42.0708484] [Error  : Unity Log] RuntimeNavMeshBuilder: Source mesh Circle.002 is skipped because it does not allow read access
[20:16:42.0708484] [Error  : Unity Log] RuntimeNavMeshBuilder: Source mesh Circle.002 is skipped because it does not allow read access
[20:16:42.0708484] [Error  : Unity Log] RuntimeNavMeshBuilder: Source mesh Circle.002 is skipped because it does not allow read access
[20:16:42.0708484] [Error  : Unity Log] RuntimeNavMeshBuilder: Source mesh Cube.002 is skipped because it does not allow read access
[20:16:42.0708484] [Error  : Unity Log] RuntimeNavMeshBuilder: Source mesh Cube.002 is skipped because it does not allow read access
[20:16:42.0708484] [Error  : Unity Log] RuntimeNavMeshBuilder: Source mesh CaveRockPack1_Low1 is skipped because it does not allow read access
[20:16:42.0708484] [Error  : Unity Log] RuntimeNavMeshBuilder: Source mesh CaveRockPack1_Low5 is skipped because it does not allow read access
[20:16:42.0708484] [Error  : Unity Log] RuntimeNavMeshBuilder: Source mesh CaveRockPack1_Low5 is skipped because it does not allow read access
[20:16:42.0708484] [Error  : Unity Log] RuntimeNavMeshBuilder: Source mesh CaveRockPack1_Low4 is skipped because it does not allow read access
[20:16:42.0708484] [Error  : Unity Log] RuntimeNavMeshBuilder: Source mesh CaveRockPack1_Low4 is skipped because it does not allow read access
[20:16:42.0708484] [Error  : Unity Log] RuntimeNavMeshBuilder: Source mesh CaveRockPack1_Low1 is skipped because it does not allow read access
[20:16:42.0708484] [Error  : Unity Log] RuntimeNavMeshBuilder: Source mesh CaveRockPack1_Low1 is skipped because it does not allow read access
[20:16:42.0708484] [Error  : Unity Log] RuntimeNavMeshBuilder: Source mesh CaveRockPack1_Low1 is skipped because it does not allow read access
[20:16:42.0708484] [Error  : Unity Log] RuntimeNavMeshBuilder: Source mesh CaveRockPack1_Low3 is skipped because it does not allow read access
[20:16:42.0708484] [Error  : Unity Log] RuntimeNavMeshBuilder: Source mesh CaveRockPack1_Low3 is skipped because it does not allow read access
[20:16:42.0708484] [Error  : Unity Log] RuntimeNavMeshBuilder: Source mesh CaveRockPack1_Low3 is skipped because it does not allow read access
[20:16:42.0708484] [Error  : Unity Log] RuntimeNavMeshBuilder: Source mesh CaveRockPack1_Low2 is skipped because it does not allow read access
[20:16:42.0708484] [Error  : Unity Log] RuntimeNavMeshBuilder: Source mesh CaveRockPack1_Low1 is skipped because it does not allow read access
[20:16:42.0708484] [Error  : Unity Log] RuntimeNavMeshBuilder: Source mesh CaveRockPack1_Low3 is skipped because it does not allow read access
[20:16:42.0708484] [Error  : Unity Log] RuntimeNavMeshBuilder: Source mesh CaveRockPack1_Low2 is skipped because it does not allow read access
[20:16:42.0708484] [Error  : Unity Log] RuntimeNavMeshBuilder: Source mesh CaveRockPack1_Low2 is skipped because it does not allow read access
[20:16:42.0708484] [Error  : Unity Log] RuntimeNavMeshBuilder: Source mesh CaveRockPack1_Low2 is skipped because it does not allow read access
[20:16:42.0708484] [Error  : Unity Log] RuntimeNavMeshBuilder: Source mesh Cube.004 is skipped because it does not allow read access
[20:16:42.0708484] [Error  : Unity Log] RuntimeNavMeshBuilder: Source mesh Circle.002 is skipped because it does not allow read access
[20:16:42.0708484] [Error  : Unity Log] RuntimeNavMeshBuilder: Source mesh Cube.004 is skipped because it does not allow read access
[20:16:42.0708484] [Error  : Unity Log] RuntimeNavMeshBuilder: Source mesh Circle.002 is skipped because it does not allow read access
[20:16:42.0708484] [Error  : Unity Log] RuntimeNavMeshBuilder: Source mesh Circle.002 is skipped because it does not allow read access
[20:16:42.0708484] [Error  : Unity Log] RuntimeNavMeshBuilder: Source mesh Cube.002 is skipped because it does not allow read access
[20:16:42.0708484] [Error  : Unity Log] RuntimeNavMeshBuilder: Source mesh Cube.002 is skipped because it does not allow read access
[20:16:42.0708484] [Error  : Unity Log] RuntimeNavMeshBuilder: Source mesh Cube.004 is skipped because it does not allow read access
[20:16:42.0708484] [Error  : Unity Log] RuntimeNavMeshBuilder: Source mesh debris_plank01 is skipped because it does not allow read access
[20:16:42.0708484] [Error  : Unity Log] RuntimeNavMeshBuilder: Source mesh Cylinder is skipped because it does not allow read access
[20:16:42.0708484] [Error  : Unity Log] RuntimeNavMeshBuilder: Source mesh Cylinder is skipped because it does not allow read access
[20:16:42.0708484] [Error  : Unity Log] RuntimeNavMeshBuilder: Source mesh Cylinder is skipped because it does not allow read access
[20:16:42.0708484] [Error  : Unity Log] RuntimeNavMeshBuilder: Source mesh CaveRockPack1_Low1 is skipped because it does not allow read access
[20:16:42.0708484] [Error  : Unity Log] RuntimeNavMeshBuilder: Source mesh CaveRockPack1_Low5 is skipped because it does not allow read access
[20:16:42.0708484] [Error  : Unity Log] RuntimeNavMeshBuilder: Source mesh CaveRockPack1_Low5 is skipped because it does not allow read access
[20:16:42.0708484] [Error  : Unity Log] RuntimeNavMeshBuilder: Source mesh CaveRockPack1_Low4 is skipped because it does not allow read access
[20:16:42.0708484] [Error  : Unity Log] RuntimeNavMeshBuilder: Source mesh CaveRockPack1_Low4 is skipped because it does not allow read access
[20:16:42.0708484] [Error  : Unity Log] RuntimeNavMeshBuilder: Source mesh CaveRockPack1_Low1 is skipped because it does not allow read access
[20:16:42.0708484] [Error  : Unity Log] RuntimeNavMeshBuilder: Source mesh CaveRockPack1_Low1 is skipped because it does not allow read access
[20:16:42.0708484] [Error  : Unity Log] RuntimeNavMeshBuilder: Source mesh CaveRockPack1_Low1 is skipped because it does not allow read access
[20:16:42.0708484] [Error  : Unity Log] RuntimeNavMeshBuilder: Source mesh CaveRockPack1_Low3 is skipped because it does not allow read access
[20:16:42.0708484] [Error  : Unity Log] RuntimeNavMeshBuilder: Source mesh CaveRockPack1_Low3 is skipped because it does not allow read access
[20:16:42.0708484] [Error  : Unity Log] RuntimeNavMeshBuilder: Source mesh CaveRockPack1_Low3 is skipped because it does not allow read access
[20:16:42.0708484] [Error  : Unity Log] RuntimeNavMeshBuilder: Source mesh CaveRockPack1_Low2 is skipped because it does not allow read access
[20:16:42.0708484] [Error  : Unity Log] RuntimeNavMeshBuilder: Source mesh CaveRockPack1_Low1 is skipped because it does not allow read access
[20:16:42.0708484] [Error  : Unity Log] RuntimeNavMeshBuilder: Source mesh CaveRockPack1_Low3 is skipped because it does not allow read access
[20:16:42.0708484] [Error  : Unity Log] RuntimeNavMeshBuilder: Source mesh CaveRockPack1_Low2 is skipped because it does not allow read access
[20:16:42.0708484] [Error  : Unity Log] RuntimeNavMeshBuilder: Source mesh CaveRockPack1_Low2 is skipped because it does not allow read access
[20:16:42.0708484] [Error  : Unity Log] RuntimeNavMeshBuilder: Source mesh CaveRockPack1_Low2 is skipped because it does not allow read access
[20:16:42.0708484] [Error  : Unity Log] RuntimeNavMeshBuilder: Source mesh Cube.004 is skipped because it does not allow read access
[20:16:42.2465548] [Info   : Unity Log] Anomaly random yrotation farthest: 60
[20:16:42.2560676] [Debug  :ButteRyBalance] OffenseLevel: SpawnDenialPoint (Entrance)
[20:16:42.2560676] [Debug  :ButteRyBalance] OffenseLevel: SpawnDenialPoint (Entrance)
[20:16:42.2625690] [Debug  :ButteRyBalance] OffenseLevel: SpawnDenialPoint (Ladder)
[20:16:42.2625690] [Debug  :ButteRyBalance] OffenseLevel: SpawnDenialPoint (Ladder)
[20:16:42.2625690] [Debug  :ButteRyBalance] OffenseLevel: SpawnDenialPoint (Ladder)
[20:16:42.2625690] [Debug  :ButteRyBalance] OffenseLevel: SpawnDenialPoint (Ladder)
[20:16:42.2625690] [Debug  :ButteRyBalance] OffenseLevel: SpawnDenialPoint (Ladder)
[20:16:42.2625690] [Debug  :ButteRyBalance] OffenseLevel: SpawnDenialPoint (Ladder)
[20:16:42.2625690] [Debug  :ButteRyBalance] OffenseLevel: SpawnDenialPoint (Ladder)
[20:16:42.2625690] [Debug  :ButteRyBalance] OffenseLevel: SpawnDenialPoint (Ladder)
[20:16:42.8152600] [Info   : Unity Log] Dungeon has finished generating on this client after multiple frames
[20:16:42.8262829] [Debug  :ReXuvination] Optimised Collider layers in InteractTrigger for Object: Mimic Metal Crate(Clone) (UnityEngine.GameObject)
[20:16:42.8262829] [Debug  :ReXuvination] Optimised Collider layers in InteractTrigger for Object: InteractTrigger (UnityEngine.GameObject)
[20:16:44.0494463] [Debug  :ReXuvination] Optimised Collider layers in InteractTrigger for Object: InteractTrigger (UnityEngine.GameObject)
[20:16:44.0494463] [Debug  :ReXuvination] Optimised Collider layers in InteractTrigger for Object: InteractTrigger (UnityEngine.GameObject)
[20:16:44.0494463] [Debug  :ReXuvination] Optimised Collider layers in InteractTrigger for Object: InteractTrigger (UnityEngine.GameObject)
[20:16:44.0494463] [Debug  :ReXuvination] Optimised Collider layers in InteractTrigger for Object: InteractTrigger (UnityEngine.GameObject)
[20:16:44.0494463] [Debug  :ReXuvination] Optimised Collider layers in InteractTrigger for Object: InteractTrigger (UnityEngine.GameObject)
[20:16:44.0494463] [Debug  :ReXuvination] Optimised Collider layers in InteractTrigger for Object: InteractTrigger (UnityEngine.GameObject)
[20:16:44.0524541] [Info   : Unity Log] Interact trigger destroying! name: InteractTrigger
[20:16:44.0604584] [Debug  :PizzaTowerEscapeMusic GameEventListener] Dungeon done generating
[20:16:44.0926449] [Info   : Unity Log] Players finished generating the new floor
[20:16:44.4153541] [Info   : Unity Log] Spawning synced props on server. Length: 50
[20:16:44.4253710] [Info   : LethalMin] Created Item Arrival Zone of type Exit on object EntranceTeleportB(Clone)
[20:16:44.4253710] [Warning: Unity Log] Only custom filters can be played. Please add a custom filter or an audioclip to the audiosource (LeverSwitchHandle).
[20:16:44.4263689] [Warning: Unity Log] Cube is disabled! Netcode for GameObjects does not support spawning disabled NetworkBehaviours! The PlayerSensor component was skipped during spawn!
[20:16:44.4273717] [Debug  :ReXuvination] Optimised Collider layers in PlayerPhysicsRegion for Object: PhysicsRegion (UnityEngine.GameObject)
[20:16:44.4273717] [Debug  :ReXuvination] Optimised Collider layers in KillLocalPlayer for Object: Cube (UnityEngine.GameObject)
[20:16:44.4283710] [Info   : LethalMin] Created Item Arrival Zone of type MineElevator on object ConfigElev(Clone)
[20:16:44.4283710] [Info   : LethalMin] Patched OnEnable for ConfigElev(Clone) to add ItemArrivalZone and DirectlyPathZone.
[20:16:44.4283710] [Debug  :Enemy Sound Fixes] Doppler level: Mineshaft elevator
[20:16:44.4293686] [Info   : LethalMin] Created Item Arrival Zone of type Exit on object EntranceTeleportA(Clone)
[20:16:44.4323763] [Info   : Unity Log] clientRPC scrap values length: 0
[20:16:44.5916984] [Info   :KawaiiBone.Remnants] Patching remnant items spawns.
[20:16:44.5948907] [Info   : Unity Log] Number of scrap to spawn: 16. minTotalScrapValue: 100. Total value of items: 0.
[20:16:44.6444688] [Info   :KawaiiBone.Remnants] Patching remnant items.
[20:16:44.6464694] [Info   :KawaiiBone.Remnants] Randomizing items batteries.
[20:16:44.6464694] [Info   :KawaiiBone.Remnants] Spawning bodies.
[20:16:44.6464694] [Warning:KawaiiBone.Remnants] List to spawn bodies on, is null or is empty!
[20:16:44.6464694] [Info   :KawaiiBone.Remnants] Patching spawn remnant items.
[20:16:44.6534875] [Info   : LethalMin] Binding input actions for Whisle(Clone)
[20:16:44.6534875] [Debug  : LethalMin] PikminNoticeZone has spawned
[20:16:44.6554887] [Info   :KawaiiBone.Remnants] Patching end of Spawn Scrap.
[20:16:44.6564879] [Info   : LethalMin] Spawing Onion items
[20:16:44.7191818] [Debug  :ainavt.lc.lethalconfig] Registered config "Matty's Fixes/Unknown/Medic Bag"
[20:16:44.7658806] [Info   : Unity Log] Anomaly random yrotation farthest: 132
[20:16:44.7678800] [Info   : Unity Log] Anomaly random yrotation farthest: 299
[20:16:44.7845615] [Info   :LethalFixes] Cached 1 Outside Map Objects
[20:16:44.7890712] [Debug  :ReXuvination] Optimised Collider layers in InteractTrigger for Object: LeftCupboardContainer (UnityEngine.GameObject)
[20:16:44.7890712] [Debug  :ReXuvination] Optimised Collider layers in InteractTrigger for Object: LeftCupboardContainer (UnityEngine.GameObject)
[20:16:44.7890712] [Debug  :ReXuvination] Optimised Collider layers in InteractTrigger for Object: BreakerSwitch1 (UnityEngine.GameObject)
[20:16:44.7890712] [Debug  :ReXuvination] Optimised Collider layers in InteractTrigger for Object: BreakerSwitch2 (UnityEngine.GameObject)
[20:16:44.7890712] [Debug  :ReXuvination] Optimised Collider layers in InteractTrigger for Object: BreakerSwitch3 (UnityEngine.GameObject)
[20:16:44.7890712] [Debug  :ReXuvination] Optimised Collider layers in InteractTrigger for Object: BreakerSwitch4 (UnityEngine.GameObject)
[20:16:44.7890712] [Debug  :ReXuvination] Optimised Collider layers in InteractTrigger for Object: BreakerSwitch5 (UnityEngine.GameObject)
[20:16:44.7890712] [Debug  :ReXuvination] Optimised Collider layers in InteractTrigger for Object: PowerBoxDoor (UnityEngine.GameObject)
[20:16:44.7890712] [Debug  :ReXuvination] Optimised Collider layers in InteractTrigger for Object: BreakerSwitch1 (UnityEngine.GameObject)
[20:16:44.7890712] [Debug  :ReXuvination] Optimised Collider layers in InteractTrigger for Object: BreakerSwitch2 (UnityEngine.GameObject)
[20:16:44.7890712] [Debug  :ReXuvination] Optimised Collider layers in InteractTrigger for Object: BreakerSwitch3 (UnityEngine.GameObject)
[20:16:44.7890712] [Debug  :ReXuvination] Optimised Collider layers in InteractTrigger for Object: BreakerSwitch4 (UnityEngine.GameObject)
[20:16:44.7890712] [Debug  :ReXuvination] Optimised Collider layers in InteractTrigger for Object: BreakerSwitch5 (UnityEngine.GameObject)
[20:16:44.7890712] [Debug  :ReXuvination] Optimised Collider layers in InteractTrigger for Object: PowerBoxDoor (UnityEngine.GameObject)
[20:16:44.7890712] [Debug  :ReXuvination] Optimised Collider layers in InteractTrigger for Object: EntranceTeleportB(Clone) (UnityEngine.GameObject)
[20:16:44.7890712] [Debug  :ReXuvination] Optimised Collider layers in InteractTrigger for Object: LeverDud (UnityEngine.GameObject)
[20:16:44.7890712] [Debug  :ReXuvination] Optimised Collider layers in InteractTrigger for Object: LeverSwitchHandle (UnityEngine.GameObject)
[20:16:44.7890712] [Debug  :ReXuvination] Optimised Collider layers in InteractTrigger for Object: LeftCupboardContainer (UnityEngine.GameObject)
[20:16:44.7890712] [Debug  :ReXuvination] Optimised Collider layers in InteractTrigger for Object: LeftCupboardContainer (UnityEngine.GameObject)
[20:16:44.7890712] [Debug  :ReXuvination] Optimised Collider layers in InteractTrigger for Object: Cube (UnityEngine.GameObject)
[20:16:44.7890712] [Debug  :ReXuvination] Optimised Collider layers in InteractTrigger for Object: Cube (UnityEngine.GameObject)
[20:16:44.7890712] [Debug  :ReXuvination] Optimised Collider layers in InteractTrigger for Object: Cube (UnityEngine.GameObject)
[20:16:44.7890712] [Debug  :ReXuvination] Optimised Collider layers in InteractTrigger for Object: EntranceTeleportA(Clone) (UnityEngine.GameObject)
[20:16:44.7890712] [Debug  :ReXuvination] Optimised Collider layers in InteractTrigger for Object: BreakerSwitch1 (UnityEngine.GameObject)
[20:16:44.7890712] [Debug  :ReXuvination] Optimised Collider layers in InteractTrigger for Object: BreakerSwitch2 (UnityEngine.GameObject)
[20:16:44.7890712] [Debug  :ReXuvination] Optimised Collider layers in InteractTrigger for Object: BreakerSwitch3 (UnityEngine.GameObject)
[20:16:44.7890712] [Debug  :ReXuvination] Optimised Collider layers in InteractTrigger for Object: BreakerSwitch4 (UnityEngine.GameObject)
[20:16:44.7890712] [Debug  :ReXuvination] Optimised Collider layers in InteractTrigger for Object: BreakerSwitch5 (UnityEngine.GameObject)
[20:16:44.7890712] [Debug  :ReXuvination] Optimised Collider layers in InteractTrigger for Object: PowerBoxDoor (UnityEngine.GameObject)
[20:16:44.7890712] [Debug  :ReXuvination] Optimised Collider layers in InteractTrigger for Object: Trigger (UnityEngine.GameObject)
[20:16:44.7890712] [Debug  :ReXuvination] Optimised Collider layers in InteractTrigger for Object: HoardingBugEggs(Clone) (UnityEngine.GameObject)
[20:16:44.7890712] [Debug  :ReXuvination] Optimised Collider layers in InteractTrigger for Object: DataPC(Clone) (UnityEngine.GameObject)
[20:16:44.7890712] [Debug  :ReXuvination] Optimised Collider layers in InteractTrigger for Object: Pentagram(Clone) (UnityEngine.GameObject)
[20:16:44.7890712] [Debug  :ReXuvination] Optimised Collider layers in InteractTrigger for Object: SerialDisplay (UnityEngine.GameObject)
[20:16:44.7890712] [Debug  :ReXuvination] Optimised Collider layers in InteractTrigger for Object: RedTrigger (UnityEngine.GameObject)
[20:16:44.7890712] [Debug  :ReXuvination] Optimised Collider layers in InteractTrigger for Object: RedTrigger (UnityEngine.GameObject)
[20:16:44.7890712] [Debug  :ReXuvination] Optimised Collider layers in InteractTrigger for Object: RedTrigger (UnityEngine.GameObject)
[20:16:44.7890712] [Debug  :ReXuvination] Optimised Collider layers in InteractTrigger for Object: RedTrigger (UnityEngine.GameObject)
[20:16:44.7890712] [Debug  :ReXuvination] Optimised Collider layers in InteractTrigger for Object: GreenTrigger (UnityEngine.GameObject)
[20:16:44.7890712] [Debug  :ReXuvination] Optimised Collider layers in InteractTrigger for Object: GreenTrigger (UnityEngine.GameObject)
[20:16:44.7890712] [Debug  :ReXuvination] Optimised Collider layers in InteractTrigger for Object: GreenTrigger (UnityEngine.GameObject)
[20:16:44.7900754] [Debug  :ReXuvination] Optimised Collider layers in InteractTrigger for Object: GreenTrigger (UnityEngine.GameObject)
[20:16:44.7900754] [Debug  :ReXuvination] Optimised Collider layers in InteractTrigger for Object: BlueTrigger (UnityEngine.GameObject)
[20:16:44.7900754] [Debug  :ReXuvination] Optimised Collider layers in InteractTrigger for Object: BlueTrigger (UnityEngine.GameObject)
[20:16:44.7900754] [Debug  :ReXuvination] Optimised Collider layers in InteractTrigger for Object: BlueTrigger (UnityEngine.GameObject)
[20:16:44.7900754] [Debug  :ReXuvination] Optimised Collider layers in InteractTrigger for Object: BlueTrigger (UnityEngine.GameObject)
[20:16:44.7900754] [Debug  :Matty's Fixes] LethalLevelLoader/BeaniebesMod/Crystal Shale(372) needs to compute vertical offset - scheduled
[20:16:44.7925776] [Info   :LethalPerformance.Patcher] Saved 1 config(s)
[20:16:44.8136132] [Debug  :Matty's Fixes] LethalLevelLoader/ImmersiveScraps/IToolbox(391) needs to compute vertical offset - scheduled
[20:16:44.8326396] [Debug  :Matty's Fixes] LethalLib/MonsterPlushies/Forest Keeper Plushie(392) needs to compute vertical offset - scheduled
[20:16:44.8516698] [Debug  :Matty's Fixes] LethalLevelLoader/ImmersiveScraps/ImmersiveAnvil(393) needs to compute vertical offset - scheduled
[20:16:44.8725076] [Debug  :Matty's Fixes] Vanilla/Stop sign(394) needs to compute vertical offset - scheduled
[20:16:44.9083892] [Debug  :Matty's Fixes] LethalLib/PremiumScraps/Rupee(396) needs to compute vertical offset - scheduled
[20:16:44.9256138] [Debug  :Matty's Fixes] LethalLevelLoader/Lethalthings/Gnarpy Plush(397) needs to compute vertical offset - scheduled
[20:16:44.9473926] [Debug  :Matty's Fixes] LethalLevelLoader/ImmersiveScraps/Car battery(398) needs to compute vertical offset - scheduled
[20:16:44.9664173] [Debug  :Matty's Fixes] LethalLib/PremiumScraps/Job application(399) needs to compute vertical offset - scheduled
[20:16:44.9844727] [Debug  :Matty's Fixes] Vanilla/Toy robot(400) needs to compute vertical offset - scheduled
[20:16:45.0205215] [Debug  :Matty's Fixes] LethalLevelLoader/Lethalthings/Glizzy(402) needs to compute vertical offset - scheduled
[20:16:45.0390608] [Debug  :Matty's Fixes] LethalLevelLoader/ImmersiveScraps/Food can(403) needs to compute vertical offset - scheduled
[20:16:45.0575828] [Debug  :Matty's Fixes] Vanilla/Homemade flashbang(404) needs to compute vertical offset - scheduled
[20:16:45.0796316] [Debug  :Matty's Fixes] LethalLevelLoader/ImmersiveScraps/Plunger(405) needs to compute vertical offset - scheduled
[20:16:45.1153909] [Debug  :Matty's Fixes] DawnLib/unknown_lib/Whistle(407) needs to compute vertical offset - scheduled
[20:16:45.1334759] [Debug  :Matty's Fixes] Unknown/Medic Bag(412) needs to compute vertical offset - scheduled
[20:16:45.1520707] [Debug  :Matty's Fixes] Unknown/Medic Bag(413) needs to compute vertical offset - scheduled
[20:16:45.1695933] [Debug  :Matty's Fixes] Unknown/Medic Bag(414) needs to compute vertical offset - scheduled
[20:16:45.1866374] [Debug  :Matty's Fixes] LethalLib/MoreShipUpgrades/Lost Scavenger(415) needs to compute vertical offset - scheduled
[20:16:45.2043549] [Debug  :Matty's Fixes] LethalLib/MoreShipUpgrades/Hoarding Bug Eggs(416) needs to compute vertical offset - scheduled
[20:16:45.2043549] [Warning: LethalMin] Item HoardingBugEggs(Clone) is not valid for Pikmin! Skipping...
[20:16:45.4173775] [Debug  :Matty's Fixes] LethalLib/MoreShipUpgrades/Data PC(417) needs to compute vertical offset - scheduled
[20:16:45.4173775] [Warning: LethalMin] Item DataPC(Clone) is not valid for Pikmin! Skipping...
[20:16:45.4399901] [Debug  :Matty's Fixes] LethalLib/MoreShipUpgrades/Heart(418) needs to compute vertical offset - scheduled
[20:16:45.5005742] [Debug  :Matty's Fixes] LethalLib/MoreShipUpgrades/Heart(419) needs to compute vertical offset - scheduled
[20:16:45.5226102] [Debug  :Matty's Fixes] LethalLib/MoreShipUpgrades/Heart(420) needs to compute vertical offset - scheduled
[20:16:45.5404713] [Debug  :Matty's Fixes] LethalLib/MoreShipUpgrades/Crucifix(421) needs to compute vertical offset - scheduled
[20:16:45.7172252] [Debug  :Matty's Fixes] LethalLib/MoreShipUpgrades/Crucifix(422) needs to compute vertical offset - scheduled
[20:16:45.7392465] [Debug  :Matty's Fixes] LethalLib/MoreShipUpgrades/Crucifix(423) needs to compute vertical offset - scheduled
[20:16:45.7577841] [Debug  :Matty's Fixes] LethalLib/MoreShipUpgrades/Candelabra(424) needs to compute vertical offset - scheduled
[20:16:46.3991680] [Debug  :Matty's Fixes] LethalLib/MoreShipUpgrades/Candelabra(425) needs to compute vertical offset - scheduled
[20:16:46.4218003] [Debug  :Matty's Fixes] LethalLib/MoreShipUpgrades/Candelabra(426) needs to compute vertical offset - scheduled
[20:16:46.4403237] [Debug  :Matty's Fixes] LethalLib/MoreShipUpgrades/Teddy Bear(427) needs to compute vertical offset - scheduled
[20:16:46.4596439] [Debug  :Matty's Fixes] LethalLib/MoreShipUpgrades/Teddy Bear(428) needs to compute vertical offset - scheduled
[20:16:46.4793318] [Debug  :Matty's Fixes] LethalLib/MoreShipUpgrades/Teddy Bear(429) needs to compute vertical offset - scheduled
[20:16:46.4978696] [Debug  :Matty's Fixes] LethalLib/MoreShipUpgrades/Bones(430) needs to compute vertical offset - scheduled
[20:16:46.5163975] [Debug  :Matty's Fixes] LethalLib/MoreShipUpgrades/Bones(431) needs to compute vertical offset - scheduled
[20:16:46.5354227] [Debug  :Matty's Fixes] LethalLib/MoreShipUpgrades/Bones(432) needs to compute vertical offset - scheduled
[20:16:46.5534609] [Debug  :Matty's Fixes] LethalLib/MoreShipUpgrades/Pentagram(433) needs to compute vertical offset - scheduled
[20:16:46.5534609] [Warning: LethalMin] Item Pentagram(Clone) is not valid for Pikmin! Skipping...
[20:16:46.5724887] [Debug  :Matty's Fixes] LethalLib/MoreShipUpgrades/Bomb(434) needs to compute vertical offset - scheduled
[20:16:46.5724887] [Warning: LethalMin] Item Bomb(Clone) is not valid for Pikmin! Skipping...
[20:16:47.0235304] [Debug  : LethalMin] Initializing PikminItem CrystalShale(Clone) with item CrystalShale(Clone) (True)
[20:16:47.0275271] [Info   :PathfindingLib] Registering ConfigElev(Clone) (PathfindingLib.Components.MineshaftElevatorAdapter)
[20:16:47.0295302] [Debug  : LethalMin] Initializing PikminItem ToolboxPrefab(Clone) with item ToolboxPrefab(Clone) (True)
[20:16:47.0305260] [Debug  : LethalMin] Initializing PikminItem ForestPlushie(Clone) with item ForestPlushie(Clone) (True)
[20:16:47.0305260] [Debug  : LethalMin] Initializing PikminItem AnvilPrefab(Clone) with item AnvilPrefab(Clone) (True)
[20:16:47.0305260] [Debug  : LethalMin] Initializing PikminItem StopSign(Clone) with item StopSign(Clone) (True)
[20:16:47.0305260] [Debug  : LethalMin] Initializing PikminItem EnginePart(Clone) with item EnginePart(Clone) (True)
[20:16:47.0305260] [Debug  : LethalMin] Initializing PikminItem Ruppe(Clone) with item Ruppe(Clone) (True)
[20:16:47.0305260] [Debug  : LethalMin] Initializing PikminItem GnarpyPlush(Clone) with item GnarpyPlush(Clone) (True)
[20:16:47.0305260] [Debug  : LethalMin] Initializing PikminItem CarbatteryPrefab(Clone) with item CarbatteryPrefab(Clone) (True)
[20:16:47.0305260] [Debug  : LethalMin] Initializing PikminItem DarkJobApplication(Clone) with item DarkJobApplication(Clone) (True)
[20:16:47.0305260] [Debug  : LethalMin] Initializing PikminItem RobotToy(Clone) with item RobotToy(Clone) (True)
[20:16:47.0305260] [Debug  : LethalMin] Initializing PikminItem PlantPrefab(Clone) with item PlantPrefab(Clone) (True)
[20:16:47.0305260] [Debug  : LethalMin] Initializing PikminItem glizzy(Clone) with item glizzy(Clone) (True)
[20:16:47.0305260] [Debug  : LethalMin] Initializing PikminItem FoodcanPrefab(Clone) with item FoodcanPrefab(Clone) (True)
[20:16:47.0305260] [Debug  : LethalMin] Initializing PikminItem DiyFlashbang(Clone) with item DiyFlashbang(Clone) (True)
[20:16:47.0320294] [Debug  : LethalMin] Initializing PikminItem PlungerPrefab(Clone) with item PlungerPrefab(Clone) (True)
[20:16:47.0320294] [Debug  : LethalMin] Initializing PikminItem BinFullOfBottles(Clone) with item BinFullOfBottles(Clone) (True)
[20:16:47.0320294] [Debug  : LethalMin] Initializing PikminItem Whisle(Clone) with item Whisle(Clone) (True)
[20:16:47.0335363] [Info   : Unity Log] Landmine creating doorcode object in parent MapScreenUIWorldSpace (UnityEngine.RectTransform): DoorCodeUIObject(Clone)
[20:16:47.0345364] [Debug  :Buttery Fixes] Landmine #-363806: Nudged radar dot upwards
[20:16:47.0355384] [Debug  :ReXuvination] Optimised Collider layers in Landmine for Object: Landmine (UnityEngine.GameObject)
[20:16:47.0375408] [Info   : Unity Log] Landmine creating doorcode object in parent MapScreenUIWorldSpace (UnityEngine.RectTransform): DoorCodeUIObject(Clone)
[20:16:47.0375408] [Debug  :Buttery Fixes] Landmine #-363940: Nudged radar dot upwards
[20:16:47.0375408] [Debug  :ReXuvination] Optimised Collider layers in Landmine for Object: Landmine (UnityEngine.GameObject)
[20:16:47.0375408] [Info   : Unity Log] Landmine creating doorcode object in parent MapScreenUIWorldSpace (UnityEngine.RectTransform): DoorCodeUIObject(Clone)
[20:16:47.0375408] [Debug  :Buttery Fixes] Landmine #-364074: Nudged radar dot upwards
[20:16:47.0375408] [Debug  :ReXuvination] Optimised Collider layers in Landmine for Object: Landmine (UnityEngine.GameObject)
[20:16:47.0375408] [Info   : Unity Log] Landmine creating doorcode object in parent MapScreenUIWorldSpace (UnityEngine.RectTransform): DoorCodeUIObject(Clone)
[20:16:47.0375408] [Debug  :Buttery Fixes] Landmine #-364208: Nudged radar dot upwards
[20:16:47.0375408] [Debug  :ReXuvination] Optimised Collider layers in Landmine for Object: Landmine (UnityEngine.GameObject)
[20:16:47.0405374] [Warning: LethalMin] Pikmin Item MedKitMap(Clone) does not exist in the PikminManager.
[20:16:47.0405374] [Warning: LethalMin] Pikmin Item MedKitMap(Clone) does not exist in the PikminManager.
[20:16:47.0405374] [Warning: LethalMin] Pikmin Item MedKitMap(Clone) does not exist in the PikminManager.
[20:16:47.0405374] [Warning: LethalMin] Pikmin Item ScavExtract(Clone) does not exist in the PikminManager.
[20:16:47.0405374] [Warning: LethalMin] Pikmin Item Heart(Clone) does not exist in the PikminManager.
[20:16:47.0405374] [Warning: LethalMin] Pikmin Item Heart(Clone) does not exist in the PikminManager.
[20:16:47.0405374] [Warning: LethalMin] Pikmin Item Heart(Clone) does not exist in the PikminManager.
[20:16:47.0405374] [Warning: LethalMin] Pikmin Item Crucifix(Clone) does not exist in the PikminManager.
[20:16:47.0405374] [Warning: LethalMin] Pikmin Item Crucifix(Clone) does not exist in the PikminManager.
[20:16:47.0405374] [Warning: LethalMin] Pikmin Item Crucifix(Clone) does not exist in the PikminManager.
[20:16:47.0405374] [Warning: LethalMin] Pikmin Item candelabra(Clone) does not exist in the PikminManager.
[20:16:47.0405374] [Warning: LethalMin] Pikmin Item candelabra(Clone) does not exist in the PikminManager.
[20:16:47.0420408] [Warning: LethalMin] Pikmin Item candelabra(Clone) does not exist in the PikminManager.
[20:16:47.0420408] [Warning: LethalMin] Pikmin Item Teddy Bear(Clone) does not exist in the PikminManager.
[20:16:47.0420408] [Warning: LethalMin] Pikmin Item Teddy Bear(Clone) does not exist in the PikminManager.
[20:16:47.0420408] [Warning: LethalMin] Pikmin Item Teddy Bear(Clone) does not exist in the PikminManager.
[20:16:47.0420408] [Warning: LethalMin] Pikmin Item Bones(Clone) does not exist in the PikminManager.
[20:16:47.0420408] [Warning: LethalMin] Pikmin Item Bones(Clone) does not exist in the PikminManager.
[20:16:47.0420408] [Warning: LethalMin] Pikmin Item Bones(Clone) does not exist in the PikminManager.
[20:16:47.0586896] [Warning: Unity Log] BoxCollider does not support negative scale or size.
The effective box size has been forced positive and is likely to give unexpected collision geometry.
If you absolutely need to use negative scaling you can use the convex MeshCollider. Scene hierarchy path "EnginePart(Clone)/ScanNode"
[20:16:47.0586896] [Warning: Unity Log] BoxCollider does not support negative scale or size.
The effective box size has been forced positive and is likely to give unexpected collision geometry.
If you absolutely need to use negative scaling you can use the convex MeshCollider. Scene hierarchy path "EnginePart(Clone)"
[20:16:47.0667078] [Info   : Unity Log] Interact trigger destroying! name: Trigger
[20:16:47.0667078] [Info   : Unity Log] Interact trigger destroying! name: HoardingBugEggs(Clone)
[20:16:47.0667078] [Info   : Unity Log] Interact trigger destroying! name: DataPC(Clone)
[20:16:47.0687064] [Info   : Unity Log] Interact trigger destroying! name: Pentagram(Clone)
[20:16:47.0687064] [Info   : Unity Log] Interact trigger destroying! name: SerialDisplay
[20:16:47.0687064] [Info   : Unity Log] Interact trigger destroying! name: RedTrigger
[20:16:47.0687064] [Info   : Unity Log] Interact trigger destroying! name: RedTrigger
[20:16:47.0687064] [Info   : Unity Log] Interact trigger destroying! name: RedTrigger
[20:16:47.0687064] [Info   : Unity Log] Interact trigger destroying! name: RedTrigger
[20:16:47.0687064] [Info   : Unity Log] Interact trigger destroying! name: GreenTrigger
[20:16:47.0687064] [Info   : Unity Log] Interact trigger destroying! name: GreenTrigger
[20:16:47.0687064] [Info   : Unity Log] Interact trigger destroying! name: GreenTrigger
[20:16:47.0687064] [Info   : Unity Log] Interact trigger destroying! name: GreenTrigger
[20:16:47.0687064] [Info   : Unity Log] Interact trigger destroying! name: BlueTrigger
[20:16:47.0687064] [Info   : Unity Log] Interact trigger destroying! name: BlueTrigger
[20:16:47.0687064] [Info   : Unity Log] Interact trigger destroying! name: BlueTrigger
[20:16:47.0687064] [Info   : Unity Log] Interact trigger destroying! name: BlueTrigger
[20:16:47.1043367] [Info   : Unity Log] Elevator finished moving!
[20:16:47.1393782] [Debug  : LethalMin] IsClientRpcPrefixValid (No): RpcExecStage is Send, IsClient: True, IsHost: True FinishGeneratingNewLevelClientRpcPrefix
[20:16:47.1393782] [Debug  : LethalMin] IsClientRpcPrefixValid (Yes): RpcExecStage is Execute, IsClient: True, IsHost: True FinishGeneratingNewLevelClientRpcPrefix
[20:16:47.1403799] [Info   :BrutalCompanyMinusExtraReborn] Active State: True
[20:16:47.1659876] [Debug  :PathfindingLib] EntranceTeleportA (EntranceTeleport) (277) connects to EntranceTeleportA(Clone) (EntranceTeleport) (385)
[20:16:47.1659876] [Debug  :PathfindingLib] EntranceTeleportB (EntranceTeleport) (278) connects to EntranceTeleportB(Clone) (EntranceTeleport) (375)
[20:16:47.1659876] [Debug  :PathfindingLib] EntranceTeleportB(Clone) (EntranceTeleport) (375) connects to EntranceTeleportB (EntranceTeleport) (278)
[20:16:47.1659876] [Debug  :PathfindingLib] EntranceTeleportA(Clone) (EntranceTeleport) (385) connects to EntranceTeleportA (EntranceTeleport) (277)
[20:16:47.1679879] [Debug  : LethalMin] Found 4 entrances:
 - EntranceTeleportA <=> EntranceTeleportA(Clone)
 - EntranceTeleportB <=> EntranceTeleportB(Clone)
[20:16:47.1689844] [Info   :CullFactory] Generation has completed with seed 21674264.
[20:16:47.2970330] [Info   :CullFactory] Preparing tile information for deepmines took 107.178ms
[20:16:47.3045861] [Warning:LethalPerformance] GrabbableObject search called with inactive objects, probably will cause incompatibility!
[20:16:47.3476389] [Debug  :ButteRyBalance] Barber - Dynamic Spawn Settings: 2/8 (Interior ID: 8)
[20:16:47.3526417] [Debug  :Spawn Cycle Fixes] Predictor: Spawn wave at time 100
[20:16:47.3526417] [Debug  :Spawn Cycle Fixes] Predictor: Base amount is -2.838085
[20:16:47.3526417] [Debug  :Spawn Cycle Fixes] Predictor: Adjusted amount is -1.588085 (1 days left)
[20:16:47.3526417] [Debug  :Spawn Cycle Fixes] Predictor: Spawning 0 enemies
[20:16:47.3526417] [Debug  :Spawn Cycle Fixes] Predictor: Spawn wave at time 180
[20:16:47.3526417] [Debug  :Spawn Cycle Fixes] Predictor: Base amount is -2.615933
[20:16:47.3526417] [Debug  :Spawn Cycle Fixes] Predictor: Adjusted amount is -1.365933 (1 days left)
[20:16:47.3526417] [Debug  :Spawn Cycle Fixes] Predictor: Spawning 0 enemies
[20:16:47.3526417] [Debug  :Spawn Cycle Fixes] Predictor: Spawn wave at time 300
[20:16:47.3526417] [Debug  :Spawn Cycle Fixes] Predictor: Base amount is -2.215615
[20:16:47.3526417] [Debug  :Spawn Cycle Fixes] Predictor: Adjusted amount is -0.9656146 (1 days left)
[20:16:47.3526417] [Debug  :Spawn Cycle Fixes] Predictor: Spawning 0 enemies
[20:16:47.3526417] [Debug  :Spawn Cycle Fixes] Predictor: Spawn wave at time 420
[20:16:47.3526417] [Debug  :Spawn Cycle Fixes] Predictor: Base amount is -1.474799
[20:16:47.3526417] [Debug  :Spawn Cycle Fixes] Predictor: Adjusted amount is -0.2247989 (1 days left)
[20:16:47.3526417] [Debug  :Spawn Cycle Fixes] Predictor: Spawning 0 enemies
[20:16:47.3526417] [Debug  :Spawn Cycle Fixes] Predictor: Spawn wave at time 540
[20:16:47.3526417] [Debug  :Spawn Cycle Fixes] Predictor: Base amount is -0.134636
[20:16:47.3526417] [Debug  :Spawn Cycle Fixes] Predictor: Adjusted amount is 1.115364 (1 days left)
[20:16:47.3526417] [Debug  :Spawn Cycle Fixes] Predictor: Spawning 1 enemies
[20:16:47.3526417] [Debug  :Spawn Cycle Fixes] Predictor: Processing "MouthDog"
[20:16:47.3526417] [Debug  :Spawn Cycle Fixes] Predictor: "MouthDog" at 100 weight (0 spawned)
[20:16:47.3526417] [Debug  :Spawn Cycle Fixes] Predictor: Processing "ForestGiant"
[20:16:47.3526417] [Debug  :Spawn Cycle Fixes] Predictor: "ForestGiant" at 9 weight (0 spawned)
[20:16:47.3526417] [Debug  :Spawn Cycle Fixes] Predictor: Processing "SandWorm"
[20:16:47.3526417] [Debug  :Spawn Cycle Fixes] Predictor: "SandWorm" at 37 weight (0 spawned)
[20:16:47.3526417] [Debug  :Spawn Cycle Fixes] Predictor: Processing "BaboonHawk"
[20:16:47.3526417] [Debug  :Spawn Cycle Fixes] Predictor: "BaboonHawk" at 60 weight (0 spawned)
[20:16:47.3526417] [Debug  :Spawn Cycle Fixes] Predictor: Processing "RadMech"
[20:16:47.3536464] [Debug  :Spawn Cycle Fixes] Predictor: "RadMech" at 50 weight (0 spawned)
[20:16:47.3536464] [Debug  :Spawn Cycle Fixes] Predictor: Processing "Nutcracker"
[20:16:47.3536464] [Debug  :Spawn Cycle Fixes] Predictor: "Nutcracker" at 7 weight (0 spawned)
[20:16:47.3536464] [Debug  :Spawn Cycle Fixes] Predictor: Processing "SirenHead"
[20:16:47.3536464] [Debug  :Spawn Cycle Fixes] Predictor: "SirenHead" at 30 weight (0 spawned)
[20:16:47.3536464] [Debug  :Spawn Cycle Fixes] Predictor: Processing "Vermin"
[20:16:47.3536464] [Debug  :Spawn Cycle Fixes] Predictor: "Vermin" at 0 weight (0 spawned)
[20:16:47.3536464] [Debug  :Spawn Cycle Fixes] Predictor: Processing "ShyGuyDef"
[20:16:47.3536464] [Debug  :Spawn Cycle Fixes] Predictor: "ShyGuyDef" at 0 weight (0 spawned)
[20:16:47.3536464] [Debug  :Spawn Cycle Fixes] Predictor: Processing "JPOGRaptor"
[20:16:47.3536464] [Debug  :Spawn Cycle Fixes] Predictor: "JPOGRaptor" at 0 weight (0 spawned)
[20:16:47.3536464] [Debug  :Spawn Cycle Fixes] Predictor: Processing "JPOGTrexObj"
[20:16:47.3536464] [Debug  :Spawn Cycle Fixes] Predictor: "JPOGTrexObj" at 0 weight (0 spawned)
[20:16:47.3536464] [Debug  :Spawn Cycle Fixes] Predictor: Processing "CactusBudlingObj"
[20:16:47.3536464] [Debug  :Spawn Cycle Fixes] Predictor: "CactusBudlingObj" at 10 weight (0 spawned)
[20:16:47.3546502] [Debug  :Spawn Cycle Fixes] Predictor: Processing "DriftwoodMenaceObj"
[20:16:47.3546502] [Debug  :Spawn Cycle Fixes] Predictor: "DriftwoodMenaceObj" at 3 weight (0 spawned)
[20:16:47.3546502] [Debug  :Spawn Cycle Fixes] Predictor: Processing "MonarchObj"
[20:16:47.3546502] [Debug  :Spawn Cycle Fixes] Predictor: "MonarchObj" at 0 weight (0 spawned)
[20:16:47.3546502] [Debug  :Spawn Cycle Fixes] Predictor: Processing "RedwoodTitanObj"
[20:16:47.3546502] [Debug  :Spawn Cycle Fixes] Predictor: "RedwoodTitanObj" at 7 weight (0 spawned)
[20:16:47.3546502] [Debug  :Spawn Cycle Fixes] Predictor: Processing "DebtCollectorObj"
[20:16:47.3546502] [Debug  :Spawn Cycle Fixes] Predictor: Processing "GuardsmanObj"
[20:16:47.3546502] [Debug  :Spawn Cycle Fixes] Predictor: "GuardsmanObj" at 0 weight (0 spawned)
[20:16:47.3546502] [Debug  :Spawn Cycle Fixes] Predictor: Processing "ShyGuyDef"
[20:16:47.3546502] [Debug  :Spawn Cycle Fixes] Predictor: "ShyGuyDef" at 0 weight (0 spawned)
[20:16:47.3546502] [Debug  :Spawn Cycle Fixes] Predictor: 313 total weight
[20:16:47.3546502] [Debug  :Spawn Cycle Fixes] Predictor: Tracking "MouthDog"
[20:16:47.3546502] [Debug  :Spawn Cycle Fixes] Predictor: Spawn wave at time 660
[20:16:47.3546502] [Debug  :Spawn Cycle Fixes] Predictor: Base amount is 0.5946491
[20:16:47.3546502] [Debug  :Spawn Cycle Fixes] Predictor: Adjusted amount is 1.844649 (1 days left)
[20:16:47.3546502] [Debug  :Spawn Cycle Fixes] Predictor: Spawning 0 enemies
[20:16:47.3546502] [Debug  :Spawn Cycle Fixes] Predictor: Spawn wave at time 780
[20:16:47.3546502] [Debug  :Spawn Cycle Fixes] Predictor: Base amount is 1.126973
[20:16:47.3546502] [Debug  :Spawn Cycle Fixes] Predictor: Adjusted amount is 2.376973 (1 days left)
[20:16:47.3546502] [Debug  :Spawn Cycle Fixes] Predictor: Spawning 0 enemies
[20:16:47.3546502] [Debug  :Spawn Cycle Fixes] Predictor: Spawn wave at time 900
[20:16:47.3546502] [Debug  :Spawn Cycle Fixes] Predictor: Base amount is 1.779541
[20:16:47.3546502] [Debug  :Spawn Cycle Fixes] Predictor: Adjusted amount is 3.029541 (1 days left)
[20:16:47.3546502] [Debug  :Spawn Cycle Fixes] Predictor: Spawning 1 enemies
[20:16:47.3546502] [Debug  :Spawn Cycle Fixes] Predictor: Processing "MouthDog"
[20:16:47.3546502] [Debug  :Spawn Cycle Fixes] Predictor: "MouthDog" at 100 weight (1 spawned)
[20:16:47.3546502] [Debug  :Spawn Cycle Fixes] Predictor: Processing "ForestGiant"
[20:16:47.3546502] [Debug  :Spawn Cycle Fixes] Predictor: "ForestGiant" at 9 weight (0 spawned)
[20:16:47.3546502] [Debug  :Spawn Cycle Fixes] Predictor: Processing "SandWorm"
[20:16:47.3546502] [Debug  :Spawn Cycle Fixes] Predictor: "SandWorm" at 37 weight (0 spawned)
[20:16:47.3546502] [Debug  :Spawn Cycle Fixes] Predictor: Processing "BaboonHawk"
[20:16:47.3546502] [Debug  :Spawn Cycle Fixes] Predictor: "BaboonHawk" at 60 weight (0 spawned)
[20:16:47.3546502] [Debug  :Spawn Cycle Fixes] Predictor: Processing "RadMech"
[20:16:47.3556501] [Debug  :Spawn Cycle Fixes] Predictor: "RadMech" at 77 weight (0 spawned)
[20:16:47.3556501] [Debug  :Spawn Cycle Fixes] Predictor: Processing "Nutcracker"
[20:16:47.3556501] [Debug  :Spawn Cycle Fixes] Predictor: "Nutcracker" at 7 weight (0 spawned)
[20:16:47.3556501] [Debug  :Spawn Cycle Fixes] Predictor: Processing "SirenHead"
[20:16:47.3556501] [Debug  :Spawn Cycle Fixes] Predictor: "SirenHead" at 30 weight (0 spawned)
[20:16:47.3556501] [Debug  :Spawn Cycle Fixes] Predictor: Processing "Vermin"
[20:16:47.3556501] [Debug  :Spawn Cycle Fixes] Predictor: "Vermin" at 0 weight (0 spawned)
[20:16:47.3556501] [Debug  :Spawn Cycle Fixes] Predictor: Processing "ShyGuyDef"
[20:16:47.3556501] [Debug  :Spawn Cycle Fixes] Predictor: "ShyGuyDef" at 0 weight (0 spawned)
[20:16:47.3556501] [Debug  :Spawn Cycle Fixes] Predictor: Processing "JPOGRaptor"
[20:16:47.3556501] [Debug  :Spawn Cycle Fixes] Predictor: "JPOGRaptor" at 0 weight (0 spawned)
[20:16:47.3556501] [Debug  :Spawn Cycle Fixes] Predictor: Processing "JPOGTrexObj"
[20:16:47.3556501] [Debug  :Spawn Cycle Fixes] Predictor: "JPOGTrexObj" at 0 weight (0 spawned)
[20:16:47.3556501] [Debug  :Spawn Cycle Fixes] Predictor: Processing "CactusBudlingObj"
[20:16:47.3556501] [Debug  :Spawn Cycle Fixes] Predictor: "CactusBudlingObj" at 0 weight (0 spawned)
[20:16:47.3556501] [Debug  :Spawn Cycle Fixes] Predictor: Processing "DriftwoodMenaceObj"
[20:16:47.3556501] [Debug  :Spawn Cycle Fixes] Predictor: "DriftwoodMenaceObj" at 3 weight (0 spawned)
[20:16:47.3556501] [Debug  :Spawn Cycle Fixes] Predictor: Processing "MonarchObj"
[20:16:47.3556501] [Debug  :Spawn Cycle Fixes] Predictor: "MonarchObj" at 0 weight (0 spawned)
[20:16:47.3556501] [Debug  :Spawn Cycle Fixes] Predictor: Processing "RedwoodTitanObj"
[20:16:47.3556501] [Debug  :Spawn Cycle Fixes] Predictor: "RedwoodTitanObj" at 6 weight (0 spawned)
[20:16:47.3556501] [Debug  :Spawn Cycle Fixes] Predictor: Processing "DebtCollectorObj"
[20:16:47.3556501] [Debug  :Spawn Cycle Fixes] Predictor: Processing "GuardsmanObj"
[20:16:47.3556501] [Debug  :Spawn Cycle Fixes] Predictor: "GuardsmanObj" at 0 weight (0 spawned)
[20:16:47.3556501] [Debug  :Spawn Cycle Fixes] Predictor: Processing "ShyGuyDef"
[20:16:47.3556501] [Debug  :Spawn Cycle Fixes] Predictor: "ShyGuyDef" at 0 weight (0 spawned)
[20:16:47.3556501] [Debug  :Spawn Cycle Fixes] Predictor: 329 total weight
[20:16:47.3556501] [Debug  :Spawn Cycle Fixes] Predictor: Tracking "MouthDog"
[20:16:47.3556501] [Debug  :Spawn Cycle Fixes] Predictor: Spawn wave at time 1020
[20:16:47.3556501] [Debug  :Spawn Cycle Fixes] Predictor: Base amount is 3.103928
[20:16:47.3556501] [Debug  :Spawn Cycle Fixes] Predictor: Adjusted amount is 4.353928 (1 days left)
[20:16:47.3556501] [Debug  :Spawn Cycle Fixes] Predictor: Spawning 3 enemies
[20:16:47.3556501] [Debug  :Spawn Cycle Fixes] Predictor: Processing "MouthDog"
[20:16:47.3556501] [Debug  :Spawn Cycle Fixes] Predictor: "MouthDog" at 100 weight (2 spawned)
[20:16:47.3556501] [Debug  :Spawn Cycle Fixes] Predictor: Processing "ForestGiant"
[20:16:47.3556501] [Debug  :Spawn Cycle Fixes] Predictor: "ForestGiant" at 9 weight (0 spawned)
[20:16:47.3556501] [Debug  :Spawn Cycle Fixes] Predictor: Processing "SandWorm"
[20:16:47.3556501] [Debug  :Spawn Cycle Fixes] Predictor: "SandWorm" at 37 weight (0 spawned)
[20:16:47.3556501] [Debug  :Spawn Cycle Fixes] Predictor: Processing "BaboonHawk"
[20:16:47.3556501] [Debug  :Spawn Cycle Fixes] Predictor: "BaboonHawk" at 60 weight (0 spawned)
[20:16:47.3556501] [Debug  :Spawn Cycle Fixes] Predictor: Processing "RadMech"
[20:16:47.3556501] [Debug  :Spawn Cycle Fixes] Predictor: "RadMech" at 82 weight (0 spawned)
[20:16:47.3556501] [Debug  :Spawn Cycle Fixes] Predictor: Processing "Nutcracker"
[20:16:47.3556501] [Debug  :Spawn Cycle Fixes] Predictor: "Nutcracker" at 7 weight (0 spawned)
[20:16:47.3556501] [Debug  :Spawn Cycle Fixes] Predictor: Processing "SirenHead"
[20:16:47.3556501] [Debug  :Spawn Cycle Fixes] Predictor: "SirenHead" at 30 weight (0 spawned)
[20:16:47.3556501] [Debug  :Spawn Cycle Fixes] Predictor: Processing "Vermin"
[20:16:47.3556501] [Debug  :Spawn Cycle Fixes] Predictor: "Vermin" at 0 weight (0 spawned)
[20:16:47.3556501] [Debug  :Spawn Cycle Fixes] Predictor: Processing "ShyGuyDef"
[20:16:47.3556501] [Debug  :Spawn Cycle Fixes] Predictor: "ShyGuyDef" at 0 weight (0 spawned)
[20:16:47.3556501] [Debug  :Spawn Cycle Fixes] Predictor: Processing "JPOGRaptor"
[20:16:47.3556501] [Debug  :Spawn Cycle Fixes] Predictor: "JPOGRaptor" at 0 weight (0 spawned)
[20:16:47.3556501] [Debug  :Spawn Cycle Fixes] Predictor: Processing "JPOGTrexObj"
[20:16:47.3556501] [Debug  :Spawn Cycle Fixes] Predictor: "JPOGTrexObj" at 0 weight (0 spawned)
[20:16:47.3556501] [Debug  :Spawn Cycle Fixes] Predictor: Processing "CactusBudlingObj"
[20:16:47.3556501] [Debug  :Spawn Cycle Fixes] Predictor: "CactusBudlingObj" at 0 weight (0 spawned)
[20:16:47.3556501] [Debug  :Spawn Cycle Fixes] Predictor: Processing "DriftwoodMenaceObj"
[20:16:47.3556501] [Debug  :Spawn Cycle Fixes] Predictor: "DriftwoodMenaceObj" at 3 weight (0 spawned)
[20:16:47.3556501] [Debug  :Spawn Cycle Fixes] Predictor: Processing "MonarchObj"
[20:16:47.3556501] [Debug  :Spawn Cycle Fixes] Predictor: "MonarchObj" at 0 weight (0 spawned)
[20:16:47.3556501] [Debug  :Spawn Cycle Fixes] Predictor: Processing "RedwoodTitanObj"
[20:16:47.3556501] [Debug  :Spawn Cycle Fixes] Predictor: "RedwoodTitanObj" at 5 weight (0 spawned)
[20:16:47.3556501] [Debug  :Spawn Cycle Fixes] Predictor: Processing "DebtCollectorObj"
[20:16:47.3556501] [Debug  :Spawn Cycle Fixes] Predictor: Processing "GuardsmanObj"
[20:16:47.3556501] [Debug  :Spawn Cycle Fixes] Predictor: "GuardsmanObj" at 0 weight (0 spawned)
[20:16:47.3556501] [Debug  :Spawn Cycle Fixes] Predictor: Processing "ShyGuyDef"
[20:16:47.3556501] [Debug  :Spawn Cycle Fixes] Predictor: "ShyGuyDef" at 0 weight (0 spawned)
[20:16:47.3556501] [Debug  :Spawn Cycle Fixes] Predictor: 333 total weight
[20:16:47.3556501] [Debug  :Spawn Cycle Fixes] Predictor: Tracking "BaboonHawk"
[20:16:47.3556501] [Debug  :Spawn Cycle Fixes] Predictor: Tracking "BaboonHawk"
[20:16:47.3556501] [Debug  :Spawn Cycle Fixes] Predictor: Processing "MouthDog"
[20:16:47.3556501] [Debug  :Spawn Cycle Fixes] Predictor: "MouthDog" at 100 weight (2 spawned)
[20:16:47.3556501] [Debug  :Spawn Cycle Fixes] Predictor: Processing "ForestGiant"
[20:16:47.3556501] [Debug  :Spawn Cycle Fixes] Predictor: "ForestGiant" at 9 weight (0 spawned)
[20:16:47.3556501] [Debug  :Spawn Cycle Fixes] Predictor: Processing "SandWorm"
[20:16:47.3556501] [Debug  :Spawn Cycle Fixes] Predictor: "SandWorm" at 37 weight (0 spawned)
[20:16:47.3556501] [Debug  :Spawn Cycle Fixes] Predictor: Processing "BaboonHawk"
[20:16:47.3556501] [Debug  :Spawn Cycle Fixes] Predictor: "BaboonHawk" at 141 weight (2 spawned)
[20:16:47.3556501] [Debug  :Spawn Cycle Fixes] Predictor: Processing "RadMech"
[20:16:47.3556501] [Debug  :Spawn Cycle Fixes] Predictor: "RadMech" at 82 weight (0 spawned)
[20:16:47.3556501] [Debug  :Spawn Cycle Fixes] Predictor: Processing "Nutcracker"
[20:16:47.3556501] [Debug  :Spawn Cycle Fixes] Predictor: "Nutcracker" at 7 weight (0 spawned)
[20:16:47.3556501] [Debug  :Spawn Cycle Fixes] Predictor: Processing "SirenHead"
[20:16:47.3556501] [Debug  :Spawn Cycle Fixes] Predictor: "SirenHead" at 30 weight (0 spawned)
[20:16:47.3556501] [Debug  :Spawn Cycle Fixes] Predictor: Processing "Vermin"
[20:16:47.3556501] [Debug  :Spawn Cycle Fixes] Predictor: "Vermin" at 0 weight (0 spawned)
[20:16:47.3556501] [Debug  :Spawn Cycle Fixes] Predictor: Processing "ShyGuyDef"
[20:16:47.3556501] [Debug  :Spawn Cycle Fixes] Predictor: "ShyGuyDef" at 0 weight (0 spawned)
[20:16:47.3556501] [Debug  :Spawn Cycle Fixes] Predictor: Processing "JPOGRaptor"
[20:16:47.3556501] [Debug  :Spawn Cycle Fixes] Predictor: "JPOGRaptor" at 0 weight (0 spawned)
[20:16:47.3556501] [Debug  :Spawn Cycle Fixes] Predictor: Processing "JPOGTrexObj"
[20:16:47.3556501] [Debug  :Spawn Cycle Fixes] Predictor: Processing "CactusBudlingObj"
[20:16:47.3566501] [Debug  :Spawn Cycle Fixes] Predictor: "CactusBudlingObj" at 0 weight (0 spawned)
[20:16:47.3566501] [Debug  :Spawn Cycle Fixes] Predictor: Processing "DriftwoodMenaceObj"
[20:16:47.3566501] [Debug  :Spawn Cycle Fixes] Predictor: "DriftwoodMenaceObj" at 3 weight (0 spawned)
[20:16:47.3566501] [Debug  :Spawn Cycle Fixes] Predictor: Processing "MonarchObj"
[20:16:47.3566501] [Debug  :Spawn Cycle Fixes] Predictor: "MonarchObj" at 0 weight (0 spawned)
[20:16:47.3566501] [Debug  :Spawn Cycle Fixes] Predictor: Processing "RedwoodTitanObj"
[20:16:47.3566501] [Debug  :Spawn Cycle Fixes] Predictor: "RedwoodTitanObj" at 5 weight (0 spawned)
[20:16:47.3566501] [Debug  :Spawn Cycle Fixes] Predictor: Processing "DebtCollectorObj"
[20:16:47.3566501] [Debug  :Spawn Cycle Fixes] Predictor: Processing "GuardsmanObj"
[20:16:47.3566501] [Debug  :Spawn Cycle Fixes] Predictor: "GuardsmanObj" at 0 weight (0 spawned)
[20:16:47.3566501] [Debug  :Spawn Cycle Fixes] Predictor: Processing "ShyGuyDef"
[20:16:47.3566501] [Debug  :Spawn Cycle Fixes] Predictor: "ShyGuyDef" at 0 weight (0 spawned)
[20:16:47.3566501] [Debug  :Spawn Cycle Fixes] Predictor: 414 total weight
[20:16:47.3566501] [Debug  :Spawn Cycle Fixes] Predictor: Tracking "BaboonHawk"
[20:16:47.3566501] [Debug  :Spawn Cycle Fixes] Predictor: Tracking "BaboonHawk"
[20:16:47.3566501] [Debug  :Spawn Cycle Fixes] Predictor: Spawning "BaboonHawk" nest
[20:16:47.3576504] [Info   :   NestFix] SpawnNestObjectForOutsideEnemyPrefix was called with 42 nodes, 32 tries left
[20:16:47.3726688] [Debug  :Spawn Cycle Fixes] Predictor: Processing "MouthDog"
[20:16:47.3726688] [Debug  :Spawn Cycle Fixes] Predictor: "MouthDog" at 100 weight (2 spawned)
[20:16:47.3726688] [Debug  :Spawn Cycle Fixes] Predictor: Processing "ForestGiant"
[20:16:47.3726688] [Debug  :Spawn Cycle Fixes] Predictor: "ForestGiant" at 9 weight (0 spawned)
[20:16:47.3726688] [Debug  :Spawn Cycle Fixes] Predictor: Processing "SandWorm"
[20:16:47.3726688] [Debug  :Spawn Cycle Fixes] Predictor: "SandWorm" at 37 weight (0 spawned)
[20:16:47.3726688] [Debug  :Spawn Cycle Fixes] Predictor: Processing "BaboonHawk"
[20:16:47.3726688] [Debug  :Spawn Cycle Fixes] Predictor: "BaboonHawk" at 67 weight (4 spawned)
[20:16:47.3726688] [Debug  :Spawn Cycle Fixes] Predictor: Processing "RadMech"
[20:16:47.3726688] [Debug  :Spawn Cycle Fixes] Predictor: "RadMech" at 82 weight (0 spawned)
[20:16:47.3726688] [Debug  :Spawn Cycle Fixes] Predictor: Processing "Nutcracker"
[20:16:47.3726688] [Debug  :Spawn Cycle Fixes] Predictor: "Nutcracker" at 7 weight (0 spawned)
[20:16:47.3726688] [Debug  :Spawn Cycle Fixes] Predictor: Processing "SirenHead"
[20:16:47.3726688] [Debug  :Spawn Cycle Fixes] Predictor: "SirenHead" at 30 weight (0 spawned)
[20:16:47.3726688] [Debug  :Spawn Cycle Fixes] Predictor: Processing "Vermin"
[20:16:47.3726688] [Debug  :Spawn Cycle Fixes] Predictor: "Vermin" at 0 weight (0 spawned)
[20:16:47.3726688] [Debug  :Spawn Cycle Fixes] Predictor: Processing "ShyGuyDef"
[20:16:47.3726688] [Debug  :Spawn Cycle Fixes] Predictor: "ShyGuyDef" at 0 weight (0 spawned)
[20:16:47.3726688] [Debug  :Spawn Cycle Fixes] Predictor: Processing "JPOGRaptor"
[20:16:47.3726688] [Debug  :Spawn Cycle Fixes] Predictor: "JPOGRaptor" at 0 weight (0 spawned)
[20:16:47.3726688] [Debug  :Spawn Cycle Fixes] Predictor: Processing "JPOGTrexObj"
[20:16:47.3726688] [Debug  :Spawn Cycle Fixes] Predictor: Processing "CactusBudlingObj"
[20:16:47.3726688] [Debug  :Spawn Cycle Fixes] Predictor: "CactusBudlingObj" at 0 weight (0 spawned)
[20:16:47.3726688] [Debug  :Spawn Cycle Fixes] Predictor: Processing "DriftwoodMenaceObj"
[20:16:47.3726688] [Debug  :Spawn Cycle Fixes] Predictor: "DriftwoodMenaceObj" at 3 weight (0 spawned)
[20:16:47.3726688] [Debug  :Spawn Cycle Fixes] Predictor: Processing "MonarchObj"
[20:16:47.3726688] [Debug  :Spawn Cycle Fixes] Predictor: "MonarchObj" at 0 weight (0 spawned)
[20:16:47.3726688] [Debug  :Spawn Cycle Fixes] Predictor: Processing "RedwoodTitanObj"
[20:16:47.3726688] [Debug  :Spawn Cycle Fixes] Predictor: "RedwoodTitanObj" at 5 weight (0 spawned)
[20:16:47.3726688] [Debug  :Spawn Cycle Fixes] Predictor: Processing "DebtCollectorObj"
[20:16:47.3726688] [Debug  :Spawn Cycle Fixes] Predictor: Processing "GuardsmanObj"
[20:16:47.3726688] [Debug  :Spawn Cycle Fixes] Predictor: "GuardsmanObj" at 0 weight (0 spawned)
[20:16:47.3726688] [Debug  :Spawn Cycle Fixes] Predictor: Processing "ShyGuyDef"
[20:16:47.3726688] [Debug  :Spawn Cycle Fixes] Predictor: "ShyGuyDef" at 0 weight (0 spawned)
[20:16:47.3726688] [Debug  :Spawn Cycle Fixes] Predictor: 340 total weight
[20:16:47.3726688] [Debug  :Spawn Cycle Fixes] Predictor: Tracking "RadMech"
[20:16:47.3726688] [Debug  :Spawn Cycle Fixes] Predictor: Spawning "RadMech" nest
[20:16:47.3847649] [Debug  :Spawn Cycle Fixes] Predictor: Complete
[20:16:47.4303371] [Info   :GeneralImprovements] Disabling ship scan node until landed.
[20:16:47.4303371] [Info   :GeneralImprovements] Updated remaining scrap display.
[20:16:47.4363558] [Debug  :Enemy Sound Fixes] PowerBoxDoor: AnimatedObjectTrigger audios
[20:16:47.4363558] [Debug  :Enemy Sound Fixes] PowerBoxDoor: AnimatedObjectTrigger audios
[20:16:47.4363558] [Debug  :Enemy Sound Fixes] PowerBoxDoor: AnimatedObjectTrigger audios
[20:16:47.4483669] [Debug  :UniversalRadar] Interior radar check complete (0.008361816s)
[20:16:47.4483669] [Info   :WaterAssetRestorer] Swapping water materials...
[20:16:47.6806149] [Info   : LethalMin] __ LethalMin On Game Loaded __
[20:16:47.7476404] [Info   : LethalMin] Added Pikmin Effect Trigger to: WaterTrigger
[20:16:47.7486387] [Info   : LethalMin] Added Pikmin Effect Trigger to: WaterTrigger
[20:16:47.7486387] [Info   : LethalMin] Added Pikmin Effect Trigger to: WaterTrigger
[20:16:47.7934045] [Info   : LethalMin] Wild Spawn Falloff is disabled.
[20:16:47.8004029] [Info   : LethalMin] -- Spawning Sprouts --
[20:16:47.8024138] [Info   : LethalMin] Base spawn chance: 0, Map Pikmin Spawn Chance: 0
[20:16:47.8024138] [Info   : LethalMin] === Pikmin Spawning Odds [Offense] (None) ===
[20:16:47.8039260] [Info   : LethalMin]   [Blue Pikmin]: base=0.500 = 0.500
[20:16:47.8039260] [Info   : LethalMin]   [Ice Pikmin]: base=0.500 * moonType(Offense)=0.250 = 0.125
[20:16:47.8039260] [Info   : LethalMin]   [Red Pikmin]: base=0.500 = 0.500
[20:16:47.8039260] [Info   : LethalMin]   [Rock Pikmin]: base=0.500 = 0.500
[20:16:47.8039260] [Info   : LethalMin]   [Winged Pikmin]: base=0.500 = 0.500
[20:16:47.8039260] [Info   : LethalMin]   [Yellow Pikmin]: base=0.500 = 0.500
[20:16:47.8039260] [Info   : LethalMin] =================================
[20:16:47.8039260] [Debug  : LethalMin] Sprouts Odds: Blue Pikmin: 0.5, Ice Pikmin: 0.125, Red Pikmin: 0.5, Rock Pikmin: 0.5, Winged Pikmin: 0.5, Yellow Pikmin: 0.5
[20:16:47.8039260] [Info   : LethalMin] -- Spawned 0 sprouts on the map. --
[20:16:47.8099310] [Info   : LethalMin] -- Spawning Map Pikmin --
[20:16:47.8295829] [Info   : LethalMin] Map Possible Spawn Amount: 159
[20:16:47.8295829] [Info   : LethalMin] Base spawn chance: 0, Map Pikmin Spawn Chance: 0
[20:16:47.8295829] [Info   : LethalMin] === Pikmin Spawning Odds [Offense] (None) ===
[20:16:47.8295829] [Info   : LethalMin]   [Bulbmin]: base=0.500 = 0.500
[20:16:47.8295829] [Info   : LethalMin]   [Purple Pikmin]: base=0.500 = 0.500
[20:16:47.8295829] [Info   : LethalMin]   [White Pikmin]: base=0.500 = 0.500
[20:16:47.8295829] [Info   : LethalMin] =================================
[20:16:47.8295829] [Info   : LethalMin] Map Pikmin Odds: Bulbmin: 0.5, Purple Pikmin: 0.5, White Pikmin: 0.5
[20:16:47.8295829] [Info   : LethalMin] -- Finished spawning map pikmin, total spawned: 0 --
[20:16:47.8355997] [Debug  : LethalMin] Found 4 entrances:
 - EntranceTeleportA <=> EntranceTeleportA(Clone)
 - (EntranceTeleportB -> Pikmin Teleport Destination) <=> EntranceTeleportB(Clone) [Manually Added]
[20:16:47.8406002] [Info   : LethalMin] Can path on moon: True True
[20:16:47.8406002] [Info   : LethalMin] __ LethalMin On Game Loaded Finished __
[20:16:47.8426101] [Info   :WaterAssetRestorer] Swapping water materials...
[20:16:48.0657691] [Debug  :Matty's Fixes] LethalLevelLoader/BeaniebesMod/Crystal Shale(372) is computing vertical offset
[20:16:48.0657691] [Debug  :Matty's Fixes] LethalLevelLoader/BeaniebesMod/Crystal Shale new offset is 0.2986196
[20:16:48.0657691] [Debug  :Matty's Fixes] LethalLevelLoader/BeaniebesMod/Crystal Shale(372) position updated [(0.00, 0.00, 0.00)] -> [(0.00, 0.00, 0.00)]
[20:16:48.0657691] [Debug  :Matty's Fixes] LethalLevelLoader/ImmersiveScraps/IToolbox(391) is computing vertical offset
[20:16:48.0657691] [Debug  :Matty's Fixes] LethalLevelLoader/ImmersiveScraps/IToolbox new offset is 0.002030715
[20:16:48.0657691] [Debug  :Matty's Fixes] LethalLevelLoader/ImmersiveScraps/IToolbox(391) position updated [(0.00, 0.00, 0.00)] -> [(0.00, 0.00, 0.00)]
[20:16:48.0657691] [Debug  :Matty's Fixes] LethalLevelLoader/ImmersiveScraps/ImmersiveAnvil(393) is computing vertical offset
[20:16:48.0657691] [Debug  :Matty's Fixes] LethalLevelLoader/ImmersiveScraps/ImmersiveAnvil original offset is 0
[20:16:48.0657691] [Debug  :Matty's Fixes] Vanilla/Stop sign(394) is computing vertical offset
[20:16:48.0657691] [Debug  :Matty's Fixes] Vanilla/Stop sign new offset is 0.1118711
[20:16:48.0657691] [Debug  :Matty's Fixes] Vanilla/Stop sign(394) position updated [(0.00, 0.00, 0.00)] -> [(0.00, 0.04, 0.00)]
[20:16:48.0657691] [Debug  :Matty's Fixes] LethalLib/PremiumScraps/Rupee(396) is computing vertical offset
[20:16:48.0667700] [Debug  :Matty's Fixes] LethalLib/PremiumScraps/Rupee original offset is 0
[20:16:48.0667700] [Debug  :Matty's Fixes] LethalLevelLoader/Lethalthings/Gnarpy Plush(397) is computing vertical offset
[20:16:48.0667700] [Debug  :Matty's Fixes] LethalLevelLoader/Lethalthings/Gnarpy Plush new offset is 0.03504881
[20:16:48.0667700] [Debug  :Matty's Fixes] LethalLevelLoader/Lethalthings/Gnarpy Plush(397) position updated [(0.00, 0.00, 0.00)] -> [(0.00, 0.04, 0.00)]
[20:16:48.0667700] [Debug  :Matty's Fixes] LethalLevelLoader/ImmersiveScraps/Car battery(398) is computing vertical offset
[20:16:48.0667700] [Debug  :Matty's Fixes] LethalLevelLoader/ImmersiveScraps/Car battery new offset is -4.760921E-05
[20:16:48.0667700] [Debug  :Matty's Fixes] LethalLevelLoader/ImmersiveScraps/Car battery(398) position updated [(0.00, 0.00, 0.00)] -> [(0.00, 0.00, 0.00)]
[20:16:48.0667700] [Debug  :Matty's Fixes] LethalLib/PremiumScraps/Job application(399) is computing vertical offset
[20:16:48.0677680] [Debug  :Matty's Fixes] LethalLib/PremiumScraps/Job application new offset is 0.000836979
[20:16:48.0677680] [Debug  :Matty's Fixes] LethalLib/PremiumScraps/Job application(399) position updated [(0.00, 0.00, 0.00)] -> [(0.00, 0.00, 0.00)]
[20:16:48.0677680] [Debug  :Matty's Fixes] LethalLevelLoader/Lethalthings/Glizzy(402) is computing vertical offset
[20:16:48.0677680] [Debug  :Matty's Fixes] LethalLevelLoader/Lethalthings/Glizzy new offset is 0.001349773
[20:16:48.0677680] [Debug  :Matty's Fixes] LethalLevelLoader/Lethalthings/Glizzy(402) position updated [(0.00, 0.00, 0.00)] -> [(0.00, 0.00, 0.00)]
[20:16:48.0687678] [Debug  :Matty's Fixes] LethalLevelLoader/ImmersiveScraps/Food can(403) is computing vertical offset
[20:16:48.0687678] [Debug  :Matty's Fixes] LethalLevelLoader/ImmersiveScraps/Food can new offset is 3.72529E-08
[20:16:48.0687678] [Debug  :Matty's Fixes] LethalLevelLoader/ImmersiveScraps/Food can(403) position updated [(0.00, 0.00, 0.00)] -> [(0.00, 0.00, 0.00)]
[20:16:48.0687678] [Debug  :Matty's Fixes] LethalLevelLoader/ImmersiveScraps/Plunger(405) is computing vertical offset
[20:16:48.0687678] [Debug  :Matty's Fixes] LethalLevelLoader/ImmersiveScraps/Plunger new offset is 1.192093E-07
[20:16:48.0687678] [Debug  :Matty's Fixes] LethalLevelLoader/ImmersiveScraps/Plunger(405) position updated [(0.00, 0.00, 0.00)] -> [(0.00, 0.00, 0.00)]
[20:16:48.0727716] [Info   :LethalPerformance.Patcher] Saved 1 config(s)
[20:16:48.1373593] [Debug  :Starlancer AI Fix] Finding outside AI nodes.
[20:16:48.1373593] [Debug  :Starlancer AI Fix] Finding inside AI nodes.
[20:16:48.1383601] [Debug  :GeneralImprovements] Updated danger level display.
[20:16:48.1599049] [Debug  : LethalMin] Initializing PikminItem Key(Clone) with item Key(Clone) (True)
[20:16:48.1599049] [Debug  : LethalMin] Initializing PikminItem Key(Clone) with item Key(Clone) (True)
[20:16:48.2535620] [Info   :GeneralImprovements] Updated remaining scrap display.
[20:16:48.3447823] [Info   : LethalMin] Generating Floor Data for 1 Dungeons.
[20:16:48.3457836] [Info   : LethalMin] Vanilla Dungen detected, getting floor data.
[20:16:48.3507828] [Debug  : LethalMin] (EntranceTeleportA) Floor: (Floor1) Entrance Position: (128.64, 16.43, -54.59)
[20:16:48.3507828] [Debug  : LethalMin] (EntranceTeleportB) Floor: (Floor1) Entrance Position: (10.53, 15.41, -165.06)
[20:16:48.3507828] [Debug  : LethalMin] (EntranceTeleportB(Clone)) Floor: (Floor1) Entrance Position: (23.89, -218.93, 107.32)
[20:16:48.3507828] [Debug  : LethalMin] (EntranceTeleportA(Clone)) Floor: (Floor1) Entrance Position: (-16.46, -219.31, 73.69)
[20:16:48.3507828] [Info   : LethalMin] Registered Vanilla Minshaft Floors
[20:16:48.5123501] [Debug  :Matty's Fixes] LethalLib/MonsterPlushies/Forest Keeper Plushie(392) is computing vertical offset
[20:16:48.5123501] [Debug  :Matty's Fixes] LethalLib/MonsterPlushies/Forest Keeper Plushie new offset is 0.02601144
[20:16:48.5123501] [Debug  :Matty's Fixes] LethalLib/MonsterPlushies/Forest Keeper Plushie(392) position updated [(24.44, -219.30, 158.35)] -> [(24.44, -219.27, 158.35)]
[20:16:48.5123501] [Debug  :Matty's Fixes] Vanilla/Toy robot(400) is computing vertical offset
[20:16:48.5133558] [Debug  :Matty's Fixes] Vanilla/Toy robot new offset is 0.4465511
[20:16:48.5133558] [Debug  :Matty's Fixes] Vanilla/Toy robot(400) position updated [(-0.23, -242.10, 79.36)] -> [(-0.23, -242.09, 79.36)]
[20:16:48.5133558] [Debug  :Matty's Fixes] Vanilla/Homemade flashbang(404) is computing vertical offset
[20:16:48.5133558] [Debug  :Matty's Fixes] Vanilla/Homemade flashbang new offset is 0.09182176
[20:16:48.5133558] [Debug  :Matty's Fixes] Vanilla/Homemade flashbang(404) position updated [(18.25, -264.07, 73.71)] -> [(18.25, -264.10, 73.71)]
[20:16:48.5133558] [Debug  :Matty's Fixes] DawnLib/unknown_lib/Whistle(407) is computing vertical offset
[20:16:48.5133558] [Debug  :Matty's Fixes] DawnLib/unknown_lib/Whistle new offset is 0.002350941
[20:16:48.5133558] [Debug  :Matty's Fixes] DawnLib/unknown_lib/Whistle(407) position updated [(20.31, -286.24, 85.92)] -> [(20.31, -286.24, 85.92)]
[20:16:48.8505275] [Debug  :Buttery Fixes] Cleared "profitable" stat for all employees
[20:16:48.8505275] [Info   : Unity Log] Start audios played from highandlowaudio; False ; False
[20:16:48.9125539] [Warning:   Coroner] Could not access dying player: Collider was not a player!
[20:16:48.9125539] [Warning:   Coroner] Could not access dying player: Index not assigned!
[20:16:48.9125539] [Debug  :   Coroner] Handling Out of Bounds death...
[20:16:48.9125539] [Warning:   Coroner] Could not access dying player: Collider was not a player!
[20:16:48.9125539] [Warning:   Coroner] Could not access dying player: Index not assigned!
[20:16:48.9125539] [Debug  :   Coroner] Handling Out of Bounds death...
[20:16:48.9125539] [Warning:   Coroner] Could not access dying player: Collider was not a player!
[20:16:48.9125539] [Warning:   Coroner] Could not access dying player: Index not assigned!
[20:16:48.9125539] [Debug  :   Coroner] Handling Out of Bounds death...
[20:16:48.9125539] [Warning:   Coroner] Could not access dying player: Collider was not a player!
[20:16:48.9125539] [Warning:   Coroner] Could not access dying player: Index not assigned!
[20:16:48.9125539] [Debug  :   Coroner] Handling Out of Bounds death...
[20:16:48.9125539] [Warning:   Coroner] Could not access dying player: Collider was not a player!
[20:16:48.9125539] [Warning:   Coroner] Could not access dying player: Index not assigned!
[20:16:48.9125539] [Debug  :   Coroner] Handling Out of Bounds death...
[20:16:48.9125539] [Warning:   Coroner] Could not access dying player: Collider was not a player!
[20:16:48.9125539] [Warning:   Coroner] Could not access dying player: Index not assigned!
[20:16:48.9125539] [Debug  :   Coroner] Handling Out of Bounds death...
[20:16:48.9125539] [Warning:   Coroner] Could not access dying player: Collider was not a player!
[20:16:48.9125539] [Warning:   Coroner] Could not access dying player: Index not assigned!
[20:16:48.9125539] [Debug  :   Coroner] Handling Out of Bounds death...
[20:16:48.9125539] [Warning:   Coroner] Could not access dying player: Collider was not a player!
[20:16:48.9125539] [Warning:   Coroner] Could not access dying player: Index not assigned!
[20:16:48.9125539] [Debug  :   Coroner] Handling Out of Bounds death...
[20:16:48.9125539] [Warning:   Coroner] Could not access dying player: Collider was not a player!
[20:16:48.9125539] [Warning:   Coroner] Could not access dying player: Index not assigned!
[20:16:48.9125539] [Debug  :   Coroner] Handling Out of Bounds death...
[20:16:48.9125539] [Warning:   Coroner] Could not access dying player: Collider was not a player!
[20:16:48.9125539] [Warning:   Coroner] Could not access dying player: Index not assigned!
[20:16:48.9125539] [Debug  :   Coroner] Handling Out of Bounds death...
[20:16:48.9125539] [Warning:   Coroner] Could not access dying player: Collider was not a player!
[20:16:48.9125539] [Warning:   Coroner] Could not access dying player: Index not assigned!
[20:16:48.9125539] [Debug  :   Coroner] Handling Out of Bounds death...
[20:16:48.9125539] [Warning:   Coroner] Could not access dying player: Collider was not a player!
[20:16:48.9125539] [Warning:   Coroner] Could not access dying player: Index not assigned!
[20:16:48.9125539] [Debug  :   Coroner] Handling Out of Bounds death...
[20:16:48.9125539] [Warning:   Coroner] Could not access dying player: Collider was not a player!
[20:16:48.9125539] [Warning:   Coroner] Could not access dying player: Index not assigned!
[20:16:48.9125539] [Debug  :   Coroner] Handling Out of Bounds death...
[20:16:48.9125539] [Warning:   Coroner] Could not access dying player: Collider was not a player!
[20:16:48.9125539] [Warning:   Coroner] Could not access dying player: Index not assigned!
[20:16:48.9125539] [Debug  :   Coroner] Handling Out of Bounds death...
[20:16:48.9125539] [Warning:   Coroner] Could not access dying player: Collider was not a player!
[20:16:48.9125539] [Warning:   Coroner] Could not access dying player: Index not assigned!
[20:16:48.9125539] [Debug  :   Coroner] Handling Out of Bounds death...
[20:16:48.9125539] [Warning:   Coroner] Could not access dying player: Collider was not a player!
[20:16:48.9125539] [Warning:   Coroner] Could not access dying player: Index not assigned!
[20:16:48.9125539] [Debug  :   Coroner] Handling Out of Bounds death...
[20:16:48.9125539] [Warning:   Coroner] Could not access dying player: Collider was not a player!
[20:16:48.9125539] [Warning:   Coroner] Could not access dying player: Index not assigned!
[20:16:48.9125539] [Debug  :   Coroner] Handling Out of Bounds death...
[20:16:48.9125539] [Warning:   Coroner] Could not access dying player: Collider was not a player!
[20:16:48.9125539] [Warning:   Coroner] Could not access dying player: Index not assigned!
[20:16:48.9125539] [Debug  :   Coroner] Handling Out of Bounds death...
[20:16:48.9125539] [Warning:   Coroner] Could not access dying player: Collider was not a player!
[20:16:48.9125539] [Warning:   Coroner] Could not access dying player: Index not assigned!
[20:16:48.9125539] [Debug  :   Coroner] Handling Out of Bounds death...
[20:16:48.9125539] [Warning:   Coroner] Could not access dying player: Collider was not a player!
[20:16:48.9125539] [Warning:   Coroner] Could not access dying player: Index not assigned!
[20:16:48.9125539] [Debug  :   Coroner] Handling Out of Bounds death...
[20:16:48.9125539] [Warning:   Coroner] Could not access dying player: Collider was not a player!
[20:16:48.9125539] [Warning:   Coroner] Could not access dying player: Index not assigned!
[20:16:48.9125539] [Debug  :   Coroner] Handling Out of Bounds death...
[20:16:48.9125539] [Warning:   Coroner] Could not access dying player: Collider was not a player!
[20:16:48.9125539] [Warning:   Coroner] Could not access dying player: Index not assigned!
[20:16:48.9125539] [Debug  :   Coroner] Handling Out of Bounds death...
[20:16:48.9125539] [Warning:   Coroner] Could not access dying player: Collider was not a player!
[20:16:48.9125539] [Warning:   Coroner] Could not access dying player: Index not assigned!
[20:16:48.9125539] [Debug  :   Coroner] Handling Out of Bounds death...
[20:16:48.9125539] [Warning:   Coroner] Could not access dying player: Collider was not a player!
[20:16:48.9125539] [Warning:   Coroner] Could not access dying player: Index not assigned!
[20:16:48.9125539] [Debug  :   Coroner] Handling Out of Bounds death...
[20:16:48.9125539] [Warning:   Coroner] Could not access dying player: Collider was not a player!
[20:16:48.9125539] [Warning:   Coroner] Could not access dying player: Index not assigned!
[20:16:48.9125539] [Debug  :   Coroner] Handling Out of Bounds death...
[20:16:48.9125539] [Warning:   Coroner] Could not access dying player: Collider was not a player!
[20:16:48.9125539] [Warning:   Coroner] Could not access dying player: Index not assigned!
[20:16:48.9125539] [Debug  :   Coroner] Handling Out of Bounds death...
[20:16:48.9135591] [Warning:   Coroner] Could not access dying player: Collider was not a player!
[20:16:48.9135591] [Warning:   Coroner] Could not access dying player: Index not assigned!
[20:16:48.9135591] [Debug  :   Coroner] Handling Out of Bounds death...
[20:16:48.9135591] [Warning:   Coroner] Could not access dying player: Collider was not a player!
[20:16:48.9135591] [Warning:   Coroner] Could not access dying player: Index not assigned!
[20:16:48.9135591] [Debug  :   Coroner] Handling Out of Bounds death...
[20:16:48.9135591] [Warning:   Coroner] Could not access dying player: Collider was not a player!
[20:16:48.9135591] [Warning:   Coroner] Could not access dying player: Index not assigned!
[20:16:48.9135591] [Debug  :   Coroner] Handling Out of Bounds death...
[20:16:48.9135591] [Warning:   Coroner] Could not access dying player: Collider was not a player!
[20:16:48.9135591] [Warning:   Coroner] Could not access dying player: Index not assigned!
[20:16:48.9135591] [Debug  :   Coroner] Handling Out of Bounds death...
[20:16:48.9135591] [Warning:   Coroner] Could not access dying player: Collider was not a player!
[20:16:48.9135591] [Warning:   Coroner] Could not access dying player: Index not assigned!
[20:16:48.9135591] [Debug  :   Coroner] Handling Out of Bounds death...
[20:16:48.9135591] [Warning:   Coroner] Could not access dying player: Collider was not a player!
[20:16:48.9135591] [Warning:   Coroner] Could not access dying player: Index not assigned!
[20:16:48.9135591] [Debug  :   Coroner] Handling Out of Bounds death...
[20:16:48.9135591] [Warning:   Coroner] Could not access dying player: Collider was not a player!
[20:16:48.9135591] [Warning:   Coroner] Could not access dying player: Index not assigned!
[20:16:48.9135591] [Debug  :   Coroner] Handling Out of Bounds death...
[20:16:48.9135591] [Warning:   Coroner] Could not access dying player: Collider was not a player!
[20:16:48.9135591] [Warning:   Coroner] Could not access dying player: Index not assigned!
[20:16:48.9135591] [Debug  :   Coroner] Handling Out of Bounds death...
[20:16:48.9135591] [Warning:   Coroner] Could not access dying player: Collider was not a player!
[20:16:48.9135591] [Warning:   Coroner] Could not access dying player: Index not assigned!
[20:16:48.9135591] [Debug  :   Coroner] Handling Out of Bounds death...
[20:16:48.9135591] [Warning:   Coroner] Could not access dying player: Collider was not a player!
[20:16:48.9135591] [Warning:   Coroner] Could not access dying player: Index not assigned!
[20:16:48.9135591] [Debug  :   Coroner] Handling Out of Bounds death...
[20:16:48.9135591] [Warning:   Coroner] Could not access dying player: Collider was not a player!
[20:16:48.9135591] [Warning:   Coroner] Could not access dying player: Index not assigned!
[20:16:48.9135591] [Debug  :   Coroner] Handling Out of Bounds death...
[20:16:48.9135591] [Warning:   Coroner] Could not access dying player: Collider was not a player!
[20:16:48.9135591] [Warning:   Coroner] Could not access dying player: Index not assigned!
[20:16:48.9135591] [Debug  :   Coroner] Handling Out of Bounds death...
[20:16:48.9135591] [Warning:   Coroner] Could not access dying player: Collider was not a player!
[20:16:48.9135591] [Warning:   Coroner] Could not access dying player: Index not assigned!
[20:16:48.9135591] [Debug  :   Coroner] Handling Out of Bounds death...
[20:16:48.9135591] [Warning:   Coroner] Could not access dying player: Collider was not a player!
[20:16:48.9135591] [Warning:   Coroner] Could not access dying player: Index not assigned!
[20:16:48.9135591] [Debug  :   Coroner] Handling Out of Bounds death...
[20:16:48.9135591] [Warning:   Coroner] Could not access dying player: Collider was not a player!
[20:16:48.9135591] [Warning:   Coroner] Could not access dying player: Index not assigned!
[20:16:48.9135591] [Debug  :   Coroner] Handling Out of Bounds death...
[20:16:48.9135591] [Warning:   Coroner] Could not access dying player: Collider was not a player!
[20:16:48.9135591] [Warning:   Coroner] Could not access dying player: Index not assigned!
[20:16:48.9135591] [Debug  :   Coroner] Handling Out of Bounds death...
[20:16:48.9135591] [Warning:   Coroner] Could not access dying player: Collider was not a player!
[20:16:48.9135591] [Warning:   Coroner] Could not access dying player: Index not assigned!
[20:16:48.9135591] [Debug  :   Coroner] Handling Out of Bounds death...
[20:16:48.9135591] [Warning:   Coroner] Could not access dying player: Collider was not a player!
[20:16:48.9135591] [Warning:   Coroner] Could not access dying player: Index not assigned!
[20:16:48.9135591] [Debug  :   Coroner] Handling Out of Bounds death...
[20:16:48.9135591] [Warning:   Coroner] Could not access dying player: Collider was not a player!
[20:16:48.9135591] [Warning:   Coroner] Could not access dying player: Index not assigned!
[20:16:48.9135591] [Debug  :   Coroner] Handling Out of Bounds death...
[20:16:48.9135591] [Warning:   Coroner] Could not access dying player: Collider was not a player!
[20:16:48.9135591] [Warning:   Coroner] Could not access dying player: Index not assigned!
[20:16:48.9135591] [Debug  :   Coroner] Handling Out of Bounds death...
[20:16:48.9135591] [Warning:   Coroner] Could not access dying player: Collider was not a player!
[20:16:48.9135591] [Warning:   Coroner] Could not access dying player: Index not assigned!
[20:16:48.9135591] [Debug  :   Coroner] Handling Out of Bounds death...
[20:16:48.9135591] [Warning:   Coroner] Could not access dying player: Collider was not a player!
[20:16:48.9135591] [Warning:   Coroner] Could not access dying player: Index not assigned!
[20:16:48.9135591] [Debug  :   Coroner] Handling Out of Bounds death...
[20:16:48.9135591] [Warning:   Coroner] Could not access dying player: Collider was not a player!
[20:16:48.9135591] [Warning:   Coroner] Could not access dying player: Index not assigned!
[20:16:48.9135591] [Debug  :   Coroner] Handling Out of Bounds death...
[20:16:48.9135591] [Warning:   Coroner] Could not access dying player: Collider was not a player!
[20:16:48.9135591] [Warning:   Coroner] Could not access dying player: Index not assigned!
[20:16:48.9135591] [Debug  :   Coroner] Handling Out of Bounds death...
[20:16:48.9135591] [Warning:   Coroner] Could not access dying player: Collider was not a player!
[20:16:48.9135591] [Warning:   Coroner] Could not access dying player: Index not assigned!
[20:16:48.9135591] [Debug  :   Coroner] Handling Out of Bounds death...
[20:16:48.9135591] [Warning:   Coroner] Could not access dying player: Collider was not a player!
[20:16:48.9135591] [Warning:   Coroner] Could not access dying player: Index not assigned!
[20:16:48.9135591] [Debug  :   Coroner] Handling Out of Bounds death...
[20:16:48.9135591] [Warning:   Coroner] Could not access dying player: Collider was not a player!
[20:16:48.9135591] [Warning:   Coroner] Could not access dying player: Index not assigned!
[20:16:48.9135591] [Debug  :   Coroner] Handling Out of Bounds death...
[20:16:48.9135591] [Warning:   Coroner] Could not access dying player: Collider was not a player!
[20:16:48.9135591] [Warning:   Coroner] Could not access dying player: Index not assigned!
[20:16:48.9135591] [Debug  :   Coroner] Handling Out of Bounds death...
[20:16:48.9135591] [Warning:   Coroner] Could not access dying player: Collider was not a player!
[20:16:48.9135591] [Warning:   Coroner] Could not access dying player: Index not assigned!
[20:16:48.9135591] [Debug  :   Coroner] Handling Out of Bounds death...
[20:16:48.9135591] [Warning:   Coroner] Could not access dying player: Collider was not a player!
[20:16:48.9135591] [Warning:   Coroner] Could not access dying player: Index not assigned!
[20:16:48.9135591] [Debug  :   Coroner] Handling Out of Bounds death...
[20:16:48.9135591] [Warning:   Coroner] Could not access dying player: Collider was not a player!
[20:16:48.9135591] [Warning:   Coroner] Could not access dying player: Index not assigned!
[20:16:48.9135591] [Debug  :   Coroner] Handling Out of Bounds death...
[20:16:48.9135591] [Warning:   Coroner] Could not access dying player: Collider was not a player!
[20:16:48.9135591] [Warning:   Coroner] Could not access dying player: Index not assigned!
[20:16:48.9135591] [Debug  :   Coroner] Handling Out of Bounds death...
[20:16:48.9135591] [Warning:   Coroner] Could not access dying player: Collider was not a player!
[20:16:48.9135591] [Warning:   Coroner] Could not access dying player: Index not assigned!
[20:16:48.9135591] [Debug  :   Coroner] Handling Out of Bounds death...
[20:16:48.9135591] [Warning:   Coroner] Could not access dying player: Collider was not a player!
[20:16:48.9135591] [Warning:   Coroner] Could not access dying player: Index not assigned!
[20:16:48.9135591] [Debug  :   Coroner] Handling Out of Bounds death...
[20:16:48.9135591] [Warning:   Coroner] Could not access dying player: Collider was not a player!
[20:16:48.9135591] [Warning:   Coroner] Could not access dying player: Index not assigned!
[20:16:48.9135591] [Debug  :   Coroner] Handling Out of Bounds death...
[20:16:48.9135591] [Warning:   Coroner] Could not access dying player: Collider was not a player!
[20:16:48.9135591] [Warning:   Coroner] Could not access dying player: Index not assigned!
[20:16:48.9135591] [Debug  :   Coroner] Handling Out of Bounds death...
[20:16:48.9135591] [Warning:   Coroner] Could not access dying player: Collider was not a player!
[20:16:48.9135591] [Warning:   Coroner] Could not access dying player: Index not assigned!
[20:16:48.9135591] [Debug  :   Coroner] Handling Out of Bounds death...
[20:16:48.9135591] [Warning:   Coroner] Could not access dying player: Collider was not a player!
[20:16:48.9135591] [Warning:   Coroner] Could not access dying player: Index not assigned!
[20:16:48.9135591] [Debug  :   Coroner] Handling Out of Bounds death...
[20:16:48.9135591] [Warning:   Coroner] Could not access dying player: Collider was not a player!
[20:16:48.9135591] [Warning:   Coroner] Could not access dying player: Index not assigned!
[20:16:48.9135591] [Debug  :   Coroner] Handling Out of Bounds death...
[20:16:48.9135591] [Warning:   Coroner] Could not access dying player: Collider was not a player!
[20:16:48.9135591] [Warning:   Coroner] Could not access dying player: Index not assigned!
[20:16:48.9135591] [Debug  :   Coroner] Handling Out of Bounds death...
[20:16:48.9135591] [Warning:   Coroner] Could not access dying player: Collider was not a player!
[20:16:48.9135591] [Warning:   Coroner] Could not access dying player: Index not assigned!
[20:16:48.9135591] [Debug  :   Coroner] Handling Out of Bounds death...
[20:16:48.9135591] [Warning:   Coroner] Could not access dying player: Collider was not a player!
[20:16:48.9135591] [Warning:   Coroner] Could not access dying player: Index not assigned!
[20:16:48.9135591] [Debug  :   Coroner] Handling Out of Bounds death...
[20:16:48.9135591] [Warning:   Coroner] Could not access dying player: Collider was not a player!
[20:16:48.9135591] [Warning:   Coroner] Could not access dying player: Index not assigned!
[20:16:48.9135591] [Debug  :   Coroner] Handling Out of Bounds death...
[20:16:48.9135591] [Warning:   Coroner] Could not access dying player: Collider was not a player!
[20:16:48.9135591] [Warning:   Coroner] Could not access dying player: Index not assigned!
[20:16:48.9135591] [Debug  :   Coroner] Handling Out of Bounds death...
[20:16:48.9135591] [Warning:   Coroner] Could not access dying player: Collider was not a player!
[20:16:48.9135591] [Warning:   Coroner] Could not access dying player: Index not assigned!
[20:16:48.9135591] [Debug  :   Coroner] Handling Out of Bounds death...
[20:16:48.9135591] [Warning:   Coroner] Could not access dying player: Collider was not a player!
[20:16:48.9135591] [Warning:   Coroner] Could not access dying player: Index not assigned!
[20:16:48.9135591] [Debug  :   Coroner] Handling Out of Bounds death...
[20:16:48.9135591] [Warning:   Coroner] Could not access dying player: Collider was not a player!
[20:16:48.9135591] [Warning:   Coroner] Could not access dying player: Index not assigned!
[20:16:48.9135591] [Debug  :   Coroner] Handling Out of Bounds death...
[20:16:48.9135591] [Warning:   Coroner] Could not access dying player: Collider was not a player!
[20:16:48.9135591] [Warning:   Coroner] Could not access dying player: Index not assigned!
[20:16:48.9135591] [Debug  :   Coroner] Handling Out of Bounds death...
[20:16:48.9135591] [Warning:   Coroner] Could not access dying player: Collider was not a player!
[20:16:48.9135591] [Warning:   Coroner] Could not access dying player: Index not assigned!
[20:16:48.9135591] [Debug  :   Coroner] Handling Out of Bounds death...
[20:16:48.9135591] [Warning:   Coroner] Could not access dying player: Collider was not a player!
[20:16:48.9135591] [Warning:   Coroner] Could not access dying player: Index not assigned!
[20:16:48.9135591] [Debug  :   Coroner] Handling Out of Bounds death...
[20:16:48.9135591] [Warning:   Coroner] Could not access dying player: Collider was not a player!
[20:16:48.9135591] [Warning:   Coroner] Could not access dying player: Index not assigned!
[20:16:48.9135591] [Debug  :   Coroner] Handling Out of Bounds death...
[20:16:48.9135591] [Warning:   Coroner] Could not access dying player: Collider was not a player!
[20:16:48.9135591] [Warning:   Coroner] Could not access dying player: Index not assigned!
[20:16:48.9135591] [Debug  :   Coroner] Handling Out of Bounds death...
[20:16:48.9135591] [Warning:   Coroner] Could not access dying player: Collider was not a player!
[20:16:48.9135591] [Warning:   Coroner] Could not access dying player: Index not assigned!
[20:16:48.9135591] [Debug  :   Coroner] Handling Out of Bounds death...
[20:16:48.9135591] [Warning:   Coroner] Could not access dying player: Collider was not a player!
[20:16:48.9135591] [Warning:   Coroner] Could not access dying player: Index not assigned!
[20:16:48.9135591] [Debug  :   Coroner] Handling Out of Bounds death...
[20:16:48.9135591] [Warning:   Coroner] Could not access dying player: Collider was not a player!
[20:16:48.9135591] [Warning:   Coroner] Could not access dying player: Index not assigned!
[20:16:48.9135591] [Debug  :   Coroner] Handling Out of Bounds death...
[20:16:48.9135591] [Warning:   Coroner] Could not access dying player: Collider was not a player!
[20:16:48.9135591] [Warning:   Coroner] Could not access dying player: Index not assigned!
[20:16:48.9135591] [Debug  :   Coroner] Handling Out of Bounds death...
[20:16:48.9135591] [Warning:   Coroner] Could not access dying player: Collider was not a player!
[20:16:48.9135591] [Warning:   Coroner] Could not access dying player: Index not assigned!
[20:16:48.9135591] [Debug  :   Coroner] Handling Out of Bounds death...
[20:16:48.9135591] [Warning:   Coroner] Could not access dying player: Collider was not a player!
[20:16:48.9135591] [Warning:   Coroner] Could not access dying player: Index not assigned!
[20:16:48.9135591] [Debug  :   Coroner] Handling Out of Bounds death...
[20:16:48.9135591] [Warning:   Coroner] Could not access dying player: Collider was not a player!
[20:16:48.9135591] [Warning:   Coroner] Could not access dying player: Index not assigned!
[20:16:48.9135591] [Debug  :   Coroner] Handling Out of Bounds death...
[20:16:48.9135591] [Warning:   Coroner] Could not access dying player: Collider was not a player!
[20:16:48.9135591] [Warning:   Coroner] Could not access dying player: Index not assigned!
[20:16:48.9135591] [Debug  :   Coroner] Handling Out of Bounds death...
[20:16:48.9135591] [Warning:   Coroner] Could not access dying player: Collider was not a player!
[20:16:48.9135591] [Warning:   Coroner] Could not access dying player: Index not assigned!
[20:16:48.9135591] [Debug  :   Coroner] Handling Out of Bounds death...
[20:16:48.9135591] [Warning:   Coroner] Could not access dying player: Collider was not a player!
[20:16:48.9135591] [Warning:   Coroner] Could not access dying player: Index not assigned!
[20:16:48.9135591] [Debug  :   Coroner] Handling Out of Bounds death...
[20:16:48.9135591] [Warning:   Coroner] Could not access dying player: Collider was not a player!
[20:16:48.9135591] [Warning:   Coroner] Could not access dying player: Index not assigned!
[20:16:48.9135591] [Debug  :   Coroner] Handling Out of Bounds death...
[20:16:48.9135591] [Warning:   Coroner] Could not access dying player: Collider was not a player!
[20:16:48.9135591] [Warning:   Coroner] Could not access dying player: Index not assigned!
[20:16:48.9135591] [Debug  :   Coroner] Handling Out of Bounds death...
[20:16:48.9135591] [Warning:   Coroner] Could not access dying player: Collider was not a player!
[20:16:48.9135591] [Warning:   Coroner] Could not access dying player: Index not assigned!
[20:16:48.9135591] [Debug  :   Coroner] Handling Out of Bounds death...
[20:16:48.9135591] [Warning:   Coroner] Could not access dying player: Collider was not a player!
[20:16:48.9135591] [Warning:   Coroner] Could not access dying player: Index not assigned!
[20:16:48.9135591] [Debug  :   Coroner] Handling Out of Bounds death...
[20:16:48.9135591] [Warning:   Coroner] Could not access dying player: Collider was not a player!
[20:16:48.9135591] [Warning:   Coroner] Could not access dying player: Index not assigned!
[20:16:48.9135591] [Debug  :   Coroner] Handling Out of Bounds death...
[20:16:48.9135591] [Warning:   Coroner] Could not access dying player: Collider was not a player!
[20:16:48.9135591] [Warning:   Coroner] Could not access dying player: Index not assigned!
[20:16:48.9135591] [Debug  :   Coroner] Handling Out of Bounds death...
[20:16:48.9135591] [Warning:   Coroner] Could not access dying player: Collider was not a player!
[20:16:48.9135591] [Warning:   Coroner] Could not access dying player: Index not assigned!
[20:16:48.9135591] [Debug  :   Coroner] Handling Out of Bounds death...
[20:16:48.9135591] [Warning:   Coroner] Could not access dying player: Collider was not a player!
[20:16:48.9135591] [Warning:   Coroner] Could not access dying player: Index not assigned!
[20:16:48.9135591] [Debug  :   Coroner] Handling Out of Bounds death...
[20:16:48.9135591] [Warning:   Coroner] Could not access dying player: Collider was not a player!
[20:16:48.9135591] [Warning:   Coroner] Could not access dying player: Index not assigned!
[20:16:48.9135591] [Debug  :   Coroner] Handling Out of Bounds death...
[20:16:48.9135591] [Warning:   Coroner] Could not access dying player: Collider was not a player!
[20:16:48.9135591] [Warning:   Coroner] Could not access dying player: Index not assigned!
[20:16:48.9135591] [Debug  :   Coroner] Handling Out of Bounds death...
[20:16:48.9135591] [Warning:   Coroner] Could not access dying player: Collider was not a player!
[20:16:48.9135591] [Warning:   Coroner] Could not access dying player: Index not assigned!
[20:16:48.9135591] [Debug  :   Coroner] Handling Out of Bounds death...
[20:16:48.9135591] [Warning:   Coroner] Could not access dying player: Collider was not a player!
[20:16:48.9135591] [Warning:   Coroner] Could not access dying player: Index not assigned!
[20:16:48.9135591] [Debug  :   Coroner] Handling Out of Bounds death...
[20:16:48.9135591] [Warning:   Coroner] Could not access dying player: Collider was not a player!
[20:16:48.9135591] [Warning:   Coroner] Could not access dying player: Index not assigned!
[20:16:48.9135591] [Debug  :   Coroner] Handling Out of Bounds death...
[20:16:48.9135591] [Warning:   Coroner] Could not access dying player: Collider was not a player!
[20:16:48.9135591] [Warning:   Coroner] Could not access dying player: Index not assigned!
[20:16:48.9135591] [Debug  :   Coroner] Handling Out of Bounds death...
[20:16:48.9135591] [Warning:   Coroner] Could not access dying player: Collider was not a player!
[20:16:48.9135591] [Warning:   Coroner] Could not access dying player: Index not assigned!
[20:16:48.9135591] [Debug  :   Coroner] Handling Out of Bounds death...
[20:16:48.9135591] [Warning:   Coroner] Could not access dying player: Collider was not a player!
[20:16:48.9135591] [Warning:   Coroner] Could not access dying player: Index not assigned!
[20:16:48.9135591] [Debug  :   Coroner] Handling Out of Bounds death...
[20:16:48.9135591] [Warning:   Coroner] Could not access dying player: Collider was not a player!
[20:16:48.9135591] [Warning:   Coroner] Could not access dying player: Index not assigned!
[20:16:48.9135591] [Debug  :   Coroner] Handling Out of Bounds death...
[20:16:48.9135591] [Warning:   Coroner] Could not access dying player: Collider was not a player!
[20:16:48.9135591] [Warning:   Coroner] Could not access dying player: Index not assigned!
[20:16:48.9135591] [Debug  :   Coroner] Handling Out of Bounds death...
[20:16:48.9135591] [Warning:   Coroner] Could not access dying player: Collider was not a player!
[20:16:48.9135591] [Warning:   Coroner] Could not access dying player: Index not assigned!
[20:16:48.9135591] [Debug  :   Coroner] Handling Out of Bounds death...
[20:16:48.9135591] [Warning:   Coroner] Could not access dying player: Collider was not a player!
[20:16:48.9135591] [Warning:   Coroner] Could not access dying player: Index not assigned!
[20:16:48.9135591] [Debug  :   Coroner] Handling Out of Bounds death...
[20:16:48.9135591] [Warning:   Coroner] Could not access dying player: Collider was not a player!
[20:16:48.9135591] [Warning:   Coroner] Could not access dying player: Index not assigned!
[20:16:48.9135591] [Debug  :   Coroner] Handling Out of Bounds death...
[20:16:48.9135591] [Warning:   Coroner] Could not access dying player: Collider was not a player!
[20:16:48.9135591] [Warning:   Coroner] Could not access dying player: Index not assigned!
[20:16:48.9135591] [Debug  :   Coroner] Handling Out of Bounds death...
[20:16:48.9135591] [Warning:   Coroner] Could not access dying player: Collider was not a player!
[20:16:48.9135591] [Warning:   Coroner] Could not access dying player: Index not assigned!
[20:16:48.9135591] [Debug  :   Coroner] Handling Out of Bounds death...
[20:16:48.9135591] [Warning:   Coroner] Could not access dying player: Collider was not a player!
[20:16:48.9135591] [Warning:   Coroner] Could not access dying player: Index not assigned!
[20:16:48.9135591] [Debug  :   Coroner] Handling Out of Bounds death...
[20:16:48.9135591] [Warning:   Coroner] Could not access dying player: Collider was not a player!
[20:16:48.9135591] [Warning:   Coroner] Could not access dying player: Index not assigned!
[20:16:48.9135591] [Debug  :   Coroner] Handling Out of Bounds death...
[20:16:48.9135591] [Warning:   Coroner] Could not access dying player: Collider was not a player!
[20:16:48.9135591] [Warning:   Coroner] Could not access dying player: Index not assigned!
[20:16:48.9135591] [Debug  :   Coroner] Handling Out of Bounds death...
[20:16:48.9135591] [Warning:   Coroner] Could not access dying player: Collider was not a player!
[20:16:48.9135591] [Warning:   Coroner] Could not access dying player: Index not assigned!
[20:16:48.9135591] [Debug  :   Coroner] Handling Out of Bounds death...
[20:16:48.9135591] [Warning:   Coroner] Could not access dying player: Collider was not a player!
[20:16:48.9135591] [Warning:   Coroner] Could not access dying player: Index not assigned!
[20:16:48.9135591] [Debug  :   Coroner] Handling Out of Bounds death...
[20:16:48.9135591] [Warning:   Coroner] Could not access dying player: Collider was not a player!
[20:16:48.9135591] [Warning:   Coroner] Could not access dying player: Index not assigned!
[20:16:48.9135591] [Debug  :   Coroner] Handling Out of Bounds death...
[20:16:48.9135591] [Warning:   Coroner] Could not access dying player: Collider was not a player!
[20:16:48.9135591] [Warning:   Coroner] Could not access dying player: Index not assigned!
[20:16:48.9135591] [Debug  :   Coroner] Handling Out of Bounds death...
[20:16:48.9135591] [Warning:   Coroner] Could not access dying player: Collider was not a player!
[20:16:48.9135591] [Warning:   Coroner] Could not access dying player: Index not assigned!
[20:16:48.9135591] [Debug  :   Coroner] Handling Out of Bounds death...
[20:16:48.9135591] [Warning:   Coroner] Could not access dying player: Collider was not a player!
[20:16:48.9135591] [Warning:   Coroner] Could not access dying player: Index not assigned!
[20:16:48.9135591] [Debug  :   Coroner] Handling Out of Bounds death...
[20:16:48.9135591] [Warning:   Coroner] Could not access dying player: Collider was not a player!
[20:16:48.9135591] [Warning:   Coroner] Could not access dying player: Index not assigned!
[20:16:48.9135591] [Debug  :   Coroner] Handling Out of Bounds death...
[20:16:48.9135591] [Warning:   Coroner] Could not access dying player: Collider was not a player!
[20:16:48.9135591] [Warning:   Coroner] Could not access dying player: Index not assigned!
[20:16:48.9135591] [Debug  :   Coroner] Handling Out of Bounds death...
[20:16:48.9135591] [Warning:   Coroner] Could not access dying player: Collider was not a player!
[20:16:48.9135591] [Warning:   Coroner] Could not access dying player: Index not assigned!
[20:16:48.9135591] [Debug  :   Coroner] Handling Out of Bounds death...
[20:16:48.9135591] [Warning:   Coroner] Could not access dying player: Collider was not a player!
[20:16:48.9135591] [Warning:   Coroner] Could not access dying player: Index not assigned!
[20:16:48.9135591] [Debug  :   Coroner] Handling Out of Bounds death...
[20:16:48.9135591] [Warning:   Coroner] Could not access dying player: Collider was not a player!
[20:16:48.9135591] [Warning:   Coroner] Could not access dying player: Index not assigned!
[20:16:48.9135591] [Debug  :   Coroner] Handling Out of Bounds death...
[20:16:48.9135591] [Warning:   Coroner] Could not access dying player: Collider was not a player!
[20:16:48.9135591] [Warning:   Coroner] Could not access dying player: Index not assigned!
[20:16:48.9135591] [Debug  :   Coroner] Handling Out of Bounds death...
[20:16:48.9135591] [Warning:   Coroner] Could not access dying player: Collider was not a player!
[20:16:48.9135591] [Warning:   Coroner] Could not access dying player: Index not assigned!
[20:16:48.9135591] [Debug  :   Coroner] Handling Out of Bounds death...
[20:16:48.9135591] [Warning:   Coroner] Could not access dying player: Collider was not a player!
[20:16:48.9135591] [Warning:   Coroner] Could not access dying player: Index not assigned!
[20:16:48.9135591] [Debug  :   Coroner] Handling Out of Bounds death...
[20:16:48.9135591] [Warning:   Coroner] Could not access dying player: Collider was not a player!
[20:16:48.9135591] [Warning:   Coroner] Could not access dying player: Index not assigned!
[20:16:48.9135591] [Debug  :   Coroner] Handling Out of Bounds death...
[20:16:48.9135591] [Warning:   Coroner] Could not access dying player: Collider was not a player!
[20:16:48.9135591] [Warning:   Coroner] Could not access dying player: Index not assigned!
[20:16:48.9135591] [Debug  :   Coroner] Handling Out of Bounds death...
[20:16:48.9135591] [Warning:   Coroner] Could not access dying player: Collider was not a player!
[20:16:48.9135591] [Warning:   Coroner] Could not access dying player: Index not assigned!
[20:16:48.9135591] [Debug  :   Coroner] Handling Out of Bounds death...
[20:16:48.9135591] [Warning:   Coroner] Could not access dying player: Collider was not a player!
[20:16:48.9135591] [Warning:   Coroner] Could not access dying player: Index not assigned!
[20:16:48.9135591] [Debug  :   Coroner] Handling Out of Bounds death...
[20:16:48.9135591] [Warning:   Coroner] Could not access dying player: Collider was not a player!
[20:16:48.9135591] [Warning:   Coroner] Could not access dying player: Index not assigned!
[20:16:48.9135591] [Debug  :   Coroner] Handling Out of Bounds death...
[20:16:48.9135591] [Warning:   Coroner] Could not access dying player: Collider was not a player!
[20:16:48.9135591] [Warning:   Coroner] Could not access dying player: Index not assigned!
[20:16:48.9135591] [Debug  :   Coroner] Handling Out of Bounds death...
[20:16:48.9135591] [Warning:   Coroner] Could not access dying player: Collider was not a player!
[20:16:48.9135591] [Warning:   Coroner] Could not access dying player: Index not assigned!
[20:16:48.9135591] [Debug  :   Coroner] Handling Out of Bounds death...
[20:16:48.9135591] [Warning:   Coroner] Could not access dying player: Collider was not a player!
[20:16:48.9135591] [Warning:   Coroner] Could not access dying player: Index not assigned!
[20:16:48.9135591] [Debug  :   Coroner] Handling Out of Bounds death...
[20:16:48.9135591] [Warning:   Coroner] Could not access dying player: Collider was not a player!
[20:16:48.9135591] [Warning:   Coroner] Could not access dying player: Index not assigned!
[20:16:48.9135591] [Debug  :   Coroner] Handling Out of Bounds death...
[20:16:48.9135591] [Warning:   Coroner] Could not access dying player: Collider was not a player!
[20:16:48.9135591] [Warning:   Coroner] Could not access dying player: Index not assigned!
[20:16:48.9135591] [Debug  :   Coroner] Handling Out of Bounds death...
[20:16:48.9135591] [Warning:   Coroner] Could not access dying player: Collider was not a player!
[20:16:48.9135591] [Warning:   Coroner] Could not access dying player: Index not assigned!
[20:16:48.9135591] [Debug  :   Coroner] Handling Out of Bounds death...
[20:16:48.9135591] [Warning:   Coroner] Could not access dying player: Collider was not a player!
[20:16:48.9135591] [Warning:   Coroner] Could not access dying player: Index not assigned!
[20:16:48.9135591] [Debug  :   Coroner] Handling Out of Bounds death...
[20:16:48.9135591] [Warning:   Coroner] Could not access dying player: Collider was not a player!
[20:16:48.9135591] [Warning:   Coroner] Could not access dying player: Index not assigned!
[20:16:48.9135591] [Debug  :   Coroner] Handling Out of Bounds death...
[20:16:48.9135591] [Warning:   Coroner] Could not access dying player: Collider was not a player!
[20:16:48.9135591] [Warning:   Coroner] Could not access dying player: Index not assigned!
[20:16:48.9135591] [Debug  :   Coroner] Handling Out of Bounds death...
[20:16:48.9135591] [Warning:   Coroner] Could not access dying player: Collider was not a player!
[20:16:48.9135591] [Warning:   Coroner] Could not access dying player: Index not assigned!
[20:16:48.9135591] [Debug  :   Coroner] Handling Out of Bounds death...
[20:16:48.9135591] [Warning:   Coroner] Could not access dying player: Collider was not a player!
[20:16:48.9135591] [Warning:   Coroner] Could not access dying player: Index not assigned!
[20:16:48.9135591] [Debug  :   Coroner] Handling Out of Bounds death...
[20:16:48.9135591] [Warning:   Coroner] Could not access dying player: Collider was not a player!
[20:16:48.9135591] [Warning:   Coroner] Could not access dying player: Index not assigned!
[20:16:48.9135591] [Debug  :   Coroner] Handling Out of Bounds death...
[20:16:48.9135591] [Warning:   Coroner] Could not access dying player: Collider was not a player!
[20:16:48.9135591] [Warning:   Coroner] Could not access dying player: Index not assigned!
[20:16:48.9135591] [Debug  :   Coroner] Handling Out of Bounds death...
[20:16:48.9135591] [Warning:   Coroner] Could not access dying player: Collider was not a player!
[20:16:48.9135591] [Warning:   Coroner] Could not access dying player: Index not assigned!
[20:16:48.9135591] [Debug  :   Coroner] Handling Out of Bounds death...
[20:16:48.9135591] [Warning:   Coroner] Could not access dying player: Collider was not a player!
[20:16:48.9135591] [Warning:   Coroner] Could not access dying player: Index not assigned!
[20:16:48.9135591] [Debug  :   Coroner] Handling Out of Bounds death...
[20:16:48.9135591] [Warning:   Coroner] Could not access dying player: Collider was not a player!
[20:16:48.9135591] [Warning:   Coroner] Could not access dying player: Index not assigned!
[20:16:48.9135591] [Debug  :   Coroner] Handling Out of Bounds death...
[20:16:48.9135591] [Warning:   Coroner] Could not access dying player: Collider was not a player!
[20:16:48.9135591] [Warning:   Coroner] Could not access dying player: Index not assigned!
[20:16:48.9135591] [Debug  :   Coroner] Handling Out of Bounds death...
[20:16:48.9135591] [Warning:   Coroner] Could not access dying player: Collider was not a player!
[20:16:48.9135591] [Warning:   Coroner] Could not access dying player: Index not assigned!
[20:16:48.9145584] [Debug  :   Coroner] Handling Out of Bounds death...
[20:16:48.9145584] [Warning:   Coroner] Could not access dying player: Collider was not a player!
[20:16:48.9145584] [Warning:   Coroner] Could not access dying player: Index not assigned!
[20:16:48.9145584] [Debug  :   Coroner] Handling Out of Bounds death...
[20:16:48.9145584] [Warning:   Coroner] Could not access dying player: Collider was not a player!
[20:16:48.9145584] [Warning:   Coroner] Could not access dying player: Index not assigned!
[20:16:48.9145584] [Debug  :   Coroner] Handling Out of Bounds death...
[20:16:48.9145584] [Warning:   Coroner] Could not access dying player: Collider was not a player!
[20:16:48.9145584] [Warning:   Coroner] Could not access dying player: Index not assigned!
[20:16:48.9145584] [Debug  :   Coroner] Handling Out of Bounds death...
[20:16:48.9145584] [Warning:   Coroner] Could not access dying player: Collider was not a player!
[20:16:48.9145584] [Warning:   Coroner] Could not access dying player: Index not assigned!
[20:16:48.9145584] [Debug  :   Coroner] Handling Out of Bounds death...
[20:16:48.9145584] [Warning:   Coroner] Could not access dying player: Collider was not a player!
[20:16:48.9145584] [Warning:   Coroner] Could not access dying player: Index not assigned!
[20:16:48.9145584] [Debug  :   Coroner] Handling Out of Bounds death...
[20:16:48.9145584] [Warning:   Coroner] Could not access dying player: Collider was not a player!
[20:16:48.9145584] [Warning:   Coroner] Could not access dying player: Index not assigned!
[20:16:48.9145584] [Debug  :   Coroner] Handling Out of Bounds death...
[20:16:48.9145584] [Warning:   Coroner] Could not access dying player: Collider was not a player!
[20:16:48.9145584] [Warning:   Coroner] Could not access dying player: Index not assigned!
[20:16:48.9145584] [Debug  :   Coroner] Handling Out of Bounds death...
[20:16:48.9145584] [Warning:   Coroner] Could not access dying player: Collider was not a player!
[20:16:48.9145584] [Warning:   Coroner] Could not access dying player: Index not assigned!
[20:16:48.9145584] [Debug  :   Coroner] Handling Out of Bounds death...
[20:16:48.9145584] [Warning:   Coroner] Could not access dying player: Collider was not a player!
[20:16:48.9145584] [Warning:   Coroner] Could not access dying player: Index not assigned!
[20:16:48.9145584] [Debug  :   Coroner] Handling Out of Bounds death...
[20:16:48.9145584] [Warning:   Coroner] Could not access dying player: Collider was not a player!
[20:16:48.9145584] [Warning:   Coroner] Could not access dying player: Index not assigned!
[20:16:48.9145584] [Debug  :   Coroner] Handling Out of Bounds death...
[20:16:48.9145584] [Warning:   Coroner] Could not access dying player: Collider was not a player!
[20:16:48.9145584] [Warning:   Coroner] Could not access dying player: Index not assigned!
[20:16:48.9145584] [Debug  :   Coroner] Handling Out of Bounds death...
[20:16:48.9145584] [Warning:   Coroner] Could not access dying player: Collider was not a player!
[20:16:48.9145584] [Warning:   Coroner] Could not access dying player: Index not assigned!
[20:16:48.9145584] [Debug  :   Coroner] Handling Out of Bounds death...
[20:16:48.9145584] [Warning:   Coroner] Could not access dying player: Collider was not a player!
[20:16:48.9145584] [Warning:   Coroner] Could not access dying player: Index not assigned!
[20:16:48.9145584] [Debug  :   Coroner] Handling Out of Bounds death...
[20:16:48.9145584] [Warning:   Coroner] Could not access dying player: Collider was not a player!
[20:16:48.9145584] [Warning:   Coroner] Could not access dying player: Index not assigned!
[20:16:48.9145584] [Debug  :   Coroner] Handling Out of Bounds death...
[20:16:48.9145584] [Warning:   Coroner] Could not access dying player: Collider was not a player!
[20:16:48.9145584] [Warning:   Coroner] Could not access dying player: Index not assigned!
[20:16:48.9145584] [Debug  :   Coroner] Handling Out of Bounds death...
[20:16:48.9145584] [Warning:   Coroner] Could not access dying player: Collider was not a player!
[20:16:48.9145584] [Warning:   Coroner] Could not access dying player: Index not assigned!
[20:16:48.9145584] [Debug  :   Coroner] Handling Out of Bounds death...
[20:16:48.9145584] [Warning:   Coroner] Could not access dying player: Collider was not a player!
[20:16:48.9145584] [Warning:   Coroner] Could not access dying player: Index not assigned!
[20:16:48.9145584] [Debug  :   Coroner] Handling Out of Bounds death...
[20:16:48.9145584] [Warning:   Coroner] Could not access dying player: Collider was not a player!
[20:16:48.9145584] [Warning:   Coroner] Could not access dying player: Index not assigned!
[20:16:48.9145584] [Debug  :   Coroner] Handling Out of Bounds death...
[20:16:48.9325806] [Warning:   Coroner] Could not access dying player: Collider was not a player!
[20:16:48.9325806] [Warning:   Coroner] Could not access dying player: Index not assigned!
[20:16:48.9325806] [Debug  :   Coroner] Handling Out of Bounds death...
[20:16:48.9325806] [Warning:   Coroner] Could not access dying player: Collider was not a player!
[20:16:48.9325806] [Warning:   Coroner] Could not access dying player: Index not assigned!
[20:16:48.9325806] [Debug  :   Coroner] Handling Out of Bounds death...
[20:16:48.9325806] [Warning:   Coroner] Could not access dying player: Collider was not a player!
[20:16:48.9325806] [Warning:   Coroner] Could not access dying player: Index not assigned!
[20:16:48.9325806] [Debug  :   Coroner] Handling Out of Bounds death...
[20:16:48.9325806] [Warning:   Coroner] Could not access dying player: Collider was not a player!
[20:16:48.9325806] [Warning:   Coroner] Could not access dying player: Index not assigned!
[20:16:48.9325806] [Debug  :   Coroner] Handling Out of Bounds death...
[20:16:48.9325806] [Warning:   Coroner] Could not access dying player: Collider was not a player!
[20:16:48.9325806] [Warning:   Coroner] Could not access dying player: Index not assigned!
[20:16:48.9325806] [Debug  :   Coroner] Handling Out of Bounds death...
[20:16:48.9325806] [Warning:   Coroner] Could not access dying player: Collider was not a player!
[20:16:48.9325806] [Warning:   Coroner] Could not access dying player: Index not assigned!
[20:16:48.9325806] [Debug  :   Coroner] Handling Out of Bounds death...
[20:16:48.9325806] [Warning:   Coroner] Could not access dying player: Collider was not a player!
[20:16:48.9325806] [Warning:   Coroner] Could not access dying player: Index not assigned!
[20:16:48.9325806] [Debug  :   Coroner] Handling Out of Bounds death...
[20:16:48.9325806] [Warning:   Coroner] Could not access dying player: Collider was not a player!
[20:16:48.9325806] [Warning:   Coroner] Could not access dying player: Index not assigned!
[20:16:48.9325806] [Debug  :   Coroner] Handling Out of Bounds death...
[20:16:48.9325806] [Warning:   Coroner] Could not access dying player: Collider was not a player!
[20:16:48.9325806] [Warning:   Coroner] Could not access dying player: Index not assigned!
[20:16:48.9325806] [Debug  :   Coroner] Handling Out of Bounds death...
[20:16:48.9325806] [Warning:   Coroner] Could not access dying player: Collider was not a player!
[20:16:48.9325806] [Warning:   Coroner] Could not access dying player: Index not assigned!
[20:16:48.9325806] [Debug  :   Coroner] Handling Out of Bounds death...
[20:16:48.9325806] [Warning:   Coroner] Could not access dying player: Collider was not a player!
[20:16:48.9325806] [Warning:   Coroner] Could not access dying player: Index not assigned!
[20:16:48.9325806] [Debug  :   Coroner] Handling Out of Bounds death...
[20:16:48.9325806] [Warning:   Coroner] Could not access dying player: Collider was not a player!
[20:16:48.9325806] [Warning:   Coroner] Could not access dying player: Index not assigned!
[20:16:48.9325806] [Debug  :   Coroner] Handling Out of Bounds death...
[20:16:48.9325806] [Warning:   Coroner] Could not access dying player: Collider was not a player!
[20:16:48.9325806] [Warning:   Coroner] Could not access dying player: Index not assigned!
[20:16:48.9325806] [Debug  :   Coroner] Handling Out of Bounds death...
[20:16:48.9325806] [Warning:   Coroner] Could not access dying player: Collider was not a player!
[20:16:48.9325806] [Warning:   Coroner] Could not access dying player: Index not assigned!
[20:16:48.9325806] [Debug  :   Coroner] Handling Out of Bounds death...
[20:16:48.9325806] [Warning:   Coroner] Could not access dying player: Collider was not a player!
[20:16:48.9325806] [Warning:   Coroner] Could not access dying player: Index not assigned!
[20:16:48.9325806] [Debug  :   Coroner] Handling Out of Bounds death...
[20:16:48.9325806] [Warning:   Coroner] Could not access dying player: Collider was not a player!
[20:16:48.9325806] [Warning:   Coroner] Could not access dying player: Index not assigned!
[20:16:48.9325806] [Debug  :   Coroner] Handling Out of Bounds death...
[20:16:48.9325806] [Warning:   Coroner] Could not access dying player: Collider was not a player!
[20:16:48.9325806] [Warning:   Coroner] Could not access dying player: Index not assigned!
[20:16:48.9325806] [Debug  :   Coroner] Handling Out of Bounds death...
[20:16:48.9325806] [Warning:   Coroner] Could not access dying player: Collider was not a player!
[20:16:48.9325806] [Warning:   Coroner] Could not access dying player: Index not assigned!
[20:16:48.9325806] [Debug  :   Coroner] Handling Out of Bounds death...
[20:16:48.9325806] [Warning:   Coroner] Could not access dying player: Collider was not a player!
[20:16:48.9325806] [Warning:   Coroner] Could not access dying player: Index not assigned!
[20:16:48.9325806] [Debug  :   Coroner] Handling Out of Bounds death...
[20:16:48.9325806] [Warning:   Coroner] Could not access dying player: Collider was not a player!
[20:16:48.9325806] [Warning:   Coroner] Could not access dying player: Index not assigned!
[20:16:48.9325806] [Debug  :   Coroner] Handling Out of Bounds death...
[20:16:48.9325806] [Warning:   Coroner] Could not access dying player: Collider was not a player!
[20:16:48.9325806] [Warning:   Coroner] Could not access dying player: Index not assigned!
[20:16:48.9325806] [Debug  :   Coroner] Handling Out of Bounds death...
[20:16:48.9325806] [Warning:   Coroner] Could not access dying player: Collider was not a player!
[20:16:48.9325806] [Warning:   Coroner] Could not access dying player: Index not assigned!
[20:16:48.9325806] [Debug  :   Coroner] Handling Out of Bounds death...
[20:16:48.9325806] [Warning:   Coroner] Could not access dying player: Collider was not a player!
[20:16:48.9325806] [Warning:   Coroner] Could not access dying player: Index not assigned!
[20:16:48.9325806] [Debug  :   Coroner] Handling Out of Bounds death...
[20:16:48.9325806] [Warning:   Coroner] Could not access dying player: Collider was not a player!
[20:16:48.9325806] [Warning:   Coroner] Could not access dying player: Index not assigned!
[20:16:48.9325806] [Debug  :   Coroner] Handling Out of Bounds death...
[20:16:48.9325806] [Warning:   Coroner] Could not access dying player: Collider was not a player!
[20:16:48.9325806] [Warning:   Coroner] Could not access dying player: Index not assigned!
[20:16:48.9325806] [Debug  :   Coroner] Handling Out of Bounds death...
[20:16:48.9325806] [Warning:   Coroner] Could not access dying player: Collider was not a player!
[20:16:48.9325806] [Warning:   Coroner] Could not access dying player: Index not assigned!
[20:16:48.9325806] [Debug  :   Coroner] Handling Out of Bounds death...
[20:16:48.9325806] [Warning:   Coroner] Could not access dying player: Collider was not a player!
[20:16:48.9325806] [Warning:   Coroner] Could not access dying player: Index not assigned!
[20:16:48.9325806] [Debug  :   Coroner] Handling Out of Bounds death...
[20:16:48.9325806] [Warning:   Coroner] Could not access dying player: Collider was not a player!
[20:16:48.9325806] [Warning:   Coroner] Could not access dying player: Index not assigned!
[20:16:48.9325806] [Debug  :   Coroner] Handling Out of Bounds death...
[20:16:48.9325806] [Warning:   Coroner] Could not access dying player: Collider was not a player!
[20:16:48.9325806] [Warning:   Coroner] Could not access dying player: Index not assigned!
[20:16:48.9325806] [Debug  :   Coroner] Handling Out of Bounds death...
[20:16:48.9325806] [Warning:   Coroner] Could not access dying player: Collider was not a player!
[20:16:48.9325806] [Warning:   Coroner] Could not access dying player: Index not assigned!
[20:16:48.9325806] [Debug  :   Coroner] Handling Out of Bounds death...
[20:16:48.9325806] [Warning:   Coroner] Could not access dying player: Collider was not a player!
[20:16:48.9325806] [Warning:   Coroner] Could not access dying player: Index not assigned!
[20:16:48.9325806] [Debug  :   Coroner] Handling Out of Bounds death...
[20:16:48.9325806] [Warning:   Coroner] Could not access dying player: Collider was not a player!
[20:16:48.9325806] [Warning:   Coroner] Could not access dying player: Index not assigned!
[20:16:48.9325806] [Debug  :   Coroner] Handling Out of Bounds death...
[20:16:48.9325806] [Warning:   Coroner] Could not access dying player: Collider was not a player!
[20:16:48.9325806] [Warning:   Coroner] Could not access dying player: Index not assigned!
[20:16:48.9325806] [Debug  :   Coroner] Handling Out of Bounds death...
[20:16:48.9325806] [Warning:   Coroner] Could not access dying player: Collider was not a player!
[20:16:48.9325806] [Warning:   Coroner] Could not access dying player: Index not assigned!
[20:16:48.9325806] [Debug  :   Coroner] Handling Out of Bounds death...
[20:16:48.9325806] [Warning:   Coroner] Could not access dying player: Collider was not a player!
[20:16:48.9325806] [Warning:   Coroner] Could not access dying player: Index not assigned!
[20:16:48.9325806] [Debug  :   Coroner] Handling Out of Bounds death...
[20:16:48.9325806] [Warning:   Coroner] Could not access dying player: Collider was not a player!
[20:16:48.9325806] [Warning:   Coroner] Could not access dying player: Index not assigned!
[20:16:48.9325806] [Debug  :   Coroner] Handling Out of Bounds death...
[20:16:48.9325806] [Warning:   Coroner] Could not access dying player: Collider was not a player!
[20:16:48.9325806] [Warning:   Coroner] Could not access dying player: Index not assigned!
[20:16:48.9325806] [Debug  :   Coroner] Handling Out of Bounds death...
[20:16:48.9325806] [Warning:   Coroner] Could not access dying player: Collider was not a player!
[20:16:48.9325806] [Warning:   Coroner] Could not access dying player: Index not assigned!
[20:16:48.9325806] [Debug  :   Coroner] Handling Out of Bounds death...
[20:16:48.9325806] [Warning:   Coroner] Could not access dying player: Collider was not a player!
[20:16:48.9325806] [Warning:   Coroner] Could not access dying player: Index not assigned!
[20:16:48.9325806] [Debug  :   Coroner] Handling Out of Bounds death...
[20:16:48.9325806] [Warning:   Coroner] Could not access dying player: Collider was not a player!
[20:16:48.9325806] [Warning:   Coroner] Could not access dying player: Index not assigned!
[20:16:48.9325806] [Debug  :   Coroner] Handling Out of Bounds death...
[20:16:48.9325806] [Warning:   Coroner] Could not access dying player: Collider was not a player!
[20:16:48.9325806] [Warning:   Coroner] Could not access dying player: Index not assigned!
[20:16:48.9325806] [Debug  :   Coroner] Handling Out of Bounds death...
[20:16:48.9325806] [Warning:   Coroner] Could not access dying player: Collider was not a player!
[20:16:48.9325806] [Warning:   Coroner] Could not access dying player: Index not assigned!
[20:16:48.9325806] [Debug  :   Coroner] Handling Out of Bounds death...
[20:16:48.9325806] [Warning:   Coroner] Could not access dying player: Collider was not a player!
[20:16:48.9325806] [Warning:   Coroner] Could not access dying player: Index not assigned!
[20:16:48.9325806] [Debug  :   Coroner] Handling Out of Bounds death...
[20:16:48.9325806] [Warning:   Coroner] Could not access dying player: Collider was not a player!
[20:16:48.9325806] [Warning:   Coroner] Could not access dying player: Index not assigned!
[20:16:48.9325806] [Debug  :   Coroner] Handling Out of Bounds death...
[20:16:48.9325806] [Warning:   Coroner] Could not access dying player: Collider was not a player!
[20:16:48.9325806] [Warning:   Coroner] Could not access dying player: Index not assigned!
[20:16:48.9325806] [Debug  :   Coroner] Handling Out of Bounds death...
[20:16:48.9325806] [Warning:   Coroner] Could not access dying player: Collider was not a player!
[20:16:48.9325806] [Warning:   Coroner] Could not access dying player: Index not assigned!
[20:16:48.9325806] [Debug  :   Coroner] Handling Out of Bounds death...
[20:16:48.9325806] [Warning:   Coroner] Could not access dying player: Collider was not a player!
[20:16:48.9325806] [Warning:   Coroner] Could not access dying player: Index not assigned!
[20:16:48.9325806] [Debug  :   Coroner] Handling Out of Bounds death...
[20:16:48.9325806] [Warning:   Coroner] Could not access dying player: Collider was not a player!
[20:16:48.9325806] [Warning:   Coroner] Could not access dying player: Index not assigned!
[20:16:48.9325806] [Debug  :   Coroner] Handling Out of Bounds death...
[20:16:48.9325806] [Warning:   Coroner] Could not access dying player: Collider was not a player!
[20:16:48.9325806] [Warning:   Coroner] Could not access dying player: Index not assigned!
[20:16:48.9325806] [Debug  :   Coroner] Handling Out of Bounds death...
[20:16:48.9325806] [Warning:   Coroner] Could not access dying player: Collider was not a player!
[20:16:48.9325806] [Warning:   Coroner] Could not access dying player: Index not assigned!
[20:16:48.9325806] [Debug  :   Coroner] Handling Out of Bounds death...
[20:16:48.9325806] [Warning:   Coroner] Could not access dying player: Collider was not a player!
[20:16:48.9325806] [Warning:   Coroner] Could not access dying player: Index not assigned!
[20:16:48.9325806] [Debug  :   Coroner] Handling Out of Bounds death...
[20:16:48.9325806] [Warning:   Coroner] Could not access dying player: Collider was not a player!
[20:16:48.9325806] [Warning:   Coroner] Could not access dying player: Index not assigned!
[20:16:48.9325806] [Debug  :   Coroner] Handling Out of Bounds death...
[20:16:48.9325806] [Warning:   Coroner] Could not access dying player: Collider was not a player!
[20:16:48.9325806] [Warning:   Coroner] Could not access dying player: Index not assigned!
[20:16:48.9325806] [Debug  :   Coroner] Handling Out of Bounds death...
[20:16:48.9325806] [Warning:   Coroner] Could not access dying player: Collider was not a player!
[20:16:48.9325806] [Warning:   Coroner] Could not access dying player: Index not assigned!
[20:16:48.9325806] [Debug  :   Coroner] Handling Out of Bounds death...
[20:16:48.9325806] [Warning:   Coroner] Could not access dying player: Collider was not a player!
[20:16:48.9325806] [Warning:   Coroner] Could not access dying player: Index not assigned!
[20:16:48.9325806] [Debug  :   Coroner] Handling Out of Bounds death...
[20:16:48.9325806] [Warning:   Coroner] Could not access dying player: Collider was not a player!
[20:16:48.9325806] [Warning:   Coroner] Could not access dying player: Index not assigned!
[20:16:48.9325806] [Debug  :   Coroner] Handling Out of Bounds death...
[20:16:48.9325806] [Warning:   Coroner] Could not access dying player: Collider was not a player!
[20:16:48.9325806] [Warning:   Coroner] Could not access dying player: Index not assigned!
[20:16:48.9325806] [Debug  :   Coroner] Handling Out of Bounds death...
[20:16:48.9325806] [Warning:   Coroner] Could not access dying player: Collider was not a player!
[20:16:48.9325806] [Warning:   Coroner] Could not access dying player: Index not assigned!
[20:16:48.9325806] [Debug  :   Coroner] Handling Out of Bounds death...
[20:16:48.9325806] [Warning:   Coroner] Could not access dying player: Collider was not a player!
[20:16:48.9325806] [Warning:   Coroner] Could not access dying player: Index not assigned!
[20:16:48.9325806] [Debug  :   Coroner] Handling Out of Bounds death...
[20:16:48.9325806] [Warning:   Coroner] Could not access dying player: Collider was not a player!
[20:16:48.9325806] [Warning:   Coroner] Could not access dying player: Index not assigned!
[20:16:48.9325806] [Debug  :   Coroner] Handling Out of Bounds death...
[20:16:48.9325806] [Warning:   Coroner] Could not access dying player: Collider was not a player!
[20:16:48.9325806] [Warning:   Coroner] Could not access dying player: Index not assigned!
[20:16:48.9325806] [Debug  :   Coroner] Handling Out of Bounds death...
[20:16:48.9325806] [Warning:   Coroner] Could not access dying player: Collider was not a player!
[20:16:48.9325806] [Warning:   Coroner] Could not access dying player: Index not assigned!
[20:16:48.9325806] [Debug  :   Coroner] Handling Out of Bounds death...
[20:16:48.9325806] [Warning:   Coroner] Could not access dying player: Collider was not a player!
[20:16:48.9325806] [Warning:   Coroner] Could not access dying player: Index not assigned!
[20:16:48.9325806] [Debug  :   Coroner] Handling Out of Bounds death...
[20:16:48.9325806] [Warning:   Coroner] Could not access dying player: Collider was not a player!
[20:16:48.9325806] [Warning:   Coroner] Could not access dying player: Index not assigned!
[20:16:48.9325806] [Debug  :   Coroner] Handling Out of Bounds death...
[20:16:48.9325806] [Warning:   Coroner] Could not access dying player: Collider was not a player!
[20:16:48.9325806] [Warning:   Coroner] Could not access dying player: Index not assigned!
[20:16:48.9325806] [Debug  :   Coroner] Handling Out of Bounds death...
[20:16:48.9325806] [Warning:   Coroner] Could not access dying player: Collider was not a player!
[20:16:48.9325806] [Warning:   Coroner] Could not access dying player: Index not assigned!
[20:16:48.9325806] [Debug  :   Coroner] Handling Out of Bounds death...
[20:16:48.9325806] [Warning:   Coroner] Could not access dying player: Collider was not a player!
[20:16:48.9325806] [Warning:   Coroner] Could not access dying player: Index not assigned!
[20:16:48.9325806] [Debug  :   Coroner] Handling Out of Bounds death...
[20:16:48.9325806] [Warning:   Coroner] Could not access dying player: Collider was not a player!
[20:16:48.9325806] [Warning:   Coroner] Could not access dying player: Index not assigned!
[20:16:48.9325806] [Debug  :   Coroner] Handling Out of Bounds death...
[20:16:48.9325806] [Warning:   Coroner] Could not access dying player: Collider was not a player!
[20:16:48.9325806] [Warning:   Coroner] Could not access dying player: Index not assigned!
[20:16:48.9325806] [Debug  :   Coroner] Handling Out of Bounds death...
[20:16:48.9325806] [Warning:   Coroner] Could not access dying player: Collider was not a player!
[20:16:48.9325806] [Warning:   Coroner] Could not access dying player: Index not assigned!
[20:16:48.9325806] [Debug  :   Coroner] Handling Out of Bounds death...
[20:16:48.9325806] [Warning:   Coroner] Could not access dying player: Collider was not a player!
[20:16:48.9325806] [Warning:   Coroner] Could not access dying player: Index not assigned!
[20:16:48.9325806] [Debug  :   Coroner] Handling Out of Bounds death...
[20:16:48.9325806] [Warning:   Coroner] Could not access dying player: Collider was not a player!
[20:16:48.9325806] [Warning:   Coroner] Could not access dying player: Index not assigned!
[20:16:48.9325806] [Debug  :   Coroner] Handling Out of Bounds death...
[20:16:48.9325806] [Warning:   Coroner] Could not access dying player: Collider was not a player!
[20:16:48.9325806] [Warning:   Coroner] Could not access dying player: Index not assigned!
[20:16:48.9325806] [Debug  :   Coroner] Handling Out of Bounds death...
[20:16:48.9325806] [Warning:   Coroner] Could not access dying player: Collider was not a player!
[20:16:48.9325806] [Warning:   Coroner] Could not access dying player: Index not assigned!
[20:16:48.9325806] [Debug  :   Coroner] Handling Out of Bounds death...
[20:16:48.9325806] [Warning:   Coroner] Could not access dying player: Collider was not a player!
[20:16:48.9325806] [Warning:   Coroner] Could not access dying player: Index not assigned!
[20:16:48.9325806] [Debug  :   Coroner] Handling Out of Bounds death...
[20:16:48.9325806] [Warning:   Coroner] Could not access dying player: Collider was not a player!
[20:16:48.9325806] [Warning:   Coroner] Could not access dying player: Index not assigned!
[20:16:48.9325806] [Debug  :   Coroner] Handling Out of Bounds death...
[20:16:48.9325806] [Warning:   Coroner] Could not access dying player: Collider was not a player!
[20:16:48.9325806] [Warning:   Coroner] Could not access dying player: Index not assigned!
[20:16:48.9325806] [Debug  :   Coroner] Handling Out of Bounds death...
[20:16:48.9325806] [Warning:   Coroner] Could not access dying player: Collider was not a player!
[20:16:48.9325806] [Warning:   Coroner] Could not access dying player: Index not assigned!
[20:16:48.9325806] [Debug  :   Coroner] Handling Out of Bounds death...
[20:16:48.9325806] [Warning:   Coroner] Could not access dying player: Collider was not a player!
[20:16:48.9325806] [Warning:   Coroner] Could not access dying player: Index not assigned!
[20:16:48.9325806] [Debug  :   Coroner] Handling Out of Bounds death...
[20:16:48.9325806] [Warning:   Coroner] Could not access dying player: Collider was not a player!
[20:16:48.9325806] [Warning:   Coroner] Could not access dying player: Index not assigned!
[20:16:48.9325806] [Debug  :   Coroner] Handling Out of Bounds death...
[20:16:48.9325806] [Warning:   Coroner] Could not access dying player: Collider was not a player!
[20:16:48.9325806] [Warning:   Coroner] Could not access dying player: Index not assigned!
[20:16:48.9325806] [Debug  :   Coroner] Handling Out of Bounds death...
[20:16:48.9325806] [Warning:   Coroner] Could not access dying player: Collider was not a player!
[20:16:48.9325806] [Warning:   Coroner] Could not access dying player: Index not assigned!
[20:16:48.9325806] [Debug  :   Coroner] Handling Out of Bounds death...
[20:16:48.9556230] [Warning:   Coroner] Could not access dying player: Collider was not a player!
[20:16:48.9556230] [Warning:   Coroner] Could not access dying player: Index not assigned!
[20:16:48.9556230] [Debug  :   Coroner] Handling Out of Bounds death...
[20:16:48.9556230] [Warning:   Coroner] Could not access dying player: Collider was not a player!
[20:16:48.9556230] [Warning:   Coroner] Could not access dying player: Index not assigned!
[20:16:48.9556230] [Debug  :   Coroner] Handling Out of Bounds death...
[20:16:48.9556230] [Warning:   Coroner] Could not access dying player: Collider was not a player!
[20:16:48.9556230] [Warning:   Coroner] Could not access dying player: Index not assigned!
[20:16:48.9556230] [Debug  :   Coroner] Handling Out of Bounds death...
[20:16:48.9556230] [Warning:   Coroner] Could not access dying player: Collider was not a player!
[20:16:48.9556230] [Warning:   Coroner] Could not access dying player: Index not assigned!
[20:16:48.9556230] [Debug  :   Coroner] Handling Out of Bounds death...
[20:16:48.9556230] [Warning:   Coroner] Could not access dying player: Collider was not a player!
[20:16:48.9556230] [Warning:   Coroner] Could not access dying player: Index not assigned!
[20:16:48.9556230] [Debug  :   Coroner] Handling Out of Bounds death...
[20:16:48.9556230] [Warning:   Coroner] Could not access dying player: Collider was not a player!
[20:16:48.9556230] [Warning:   Coroner] Could not access dying player: Index not assigned!
[20:16:48.9556230] [Debug  :   Coroner] Handling Out of Bounds death...
[20:16:48.9556230] [Warning:   Coroner] Could not access dying player: Collider was not a player!
[20:16:48.9556230] [Warning:   Coroner] Could not access dying player: Index not assigned!
[20:16:48.9556230] [Debug  :   Coroner] Handling Out of Bounds death...
[20:16:48.9556230] [Warning:   Coroner] Could not access dying player: Collider was not a player!
[20:16:48.9556230] [Warning:   Coroner] Could not access dying player: Index not assigned!
[20:16:48.9556230] [Debug  :   Coroner] Handling Out of Bounds death...
[20:16:48.9556230] [Warning:   Coroner] Could not access dying player: Collider was not a player!
[20:16:48.9556230] [Warning:   Coroner] Could not access dying player: Index not assigned!
[20:16:48.9556230] [Debug  :   Coroner] Handling Out of Bounds death...
[20:16:48.9556230] [Warning:   Coroner] Could not access dying player: Collider was not a player!
[20:16:48.9556230] [Warning:   Coroner] Could not access dying player: Index not assigned!
[20:16:48.9556230] [Debug  :   Coroner] Handling Out of Bounds death...
[20:16:48.9556230] [Warning:   Coroner] Could not access dying player: Collider was not a player!
[20:16:48.9556230] [Warning:   Coroner] Could not access dying player: Index not assigned!
[20:16:48.9556230] [Debug  :   Coroner] Handling Out of Bounds death...
[20:16:48.9556230] [Warning:   Coroner] Could not access dying player: Collider was not a player!
[20:16:48.9556230] [Warning:   Coroner] Could not access dying player: Index not assigned!
[20:16:48.9556230] [Debug  :   Coroner] Handling Out of Bounds death...
[20:16:48.9556230] [Warning:   Coroner] Could not access dying player: Collider was not a player!
[20:16:48.9556230] [Warning:   Coroner] Could not access dying player: Index not assigned!
[20:16:48.9556230] [Debug  :   Coroner] Handling Out of Bounds death...
[20:16:48.9556230] [Warning:   Coroner] Could not access dying player: Collider was not a player!
[20:16:48.9556230] [Warning:   Coroner] Could not access dying player: Index not assigned!
[20:16:48.9556230] [Debug  :   Coroner] Handling Out of Bounds death...
[20:16:48.9556230] [Warning:   Coroner] Could not access dying player: Collider was not a player!
[20:16:48.9556230] [Warning:   Coroner] Could not access dying player: Index not assigned!
[20:16:48.9556230] [Debug  :   Coroner] Handling Out of Bounds death...
[20:16:48.9556230] [Warning:   Coroner] Could not access dying player: Collider was not a player!
[20:16:48.9556230] [Warning:   Coroner] Could not access dying player: Index not assigned!
[20:16:48.9556230] [Debug  :   Coroner] Handling Out of Bounds death...
[20:16:48.9556230] [Warning:   Coroner] Could not access dying player: Collider was not a player!
[20:16:48.9556230] [Warning:   Coroner] Could not access dying player: Index not assigned!
[20:16:48.9556230] [Debug  :   Coroner] Handling Out of Bounds death...
[20:16:48.9556230] [Warning:   Coroner] Could not access dying player: Collider was not a player!
[20:16:48.9556230] [Warning:   Coroner] Could not access dying player: Index not assigned!
[20:16:48.9556230] [Debug  :   Coroner] Handling Out of Bounds death...
[20:16:49.0706848] [Debug  :GeneralImprovements] Updated time display.
[20:16:49.0807010] [Debug  :Spawn Cycle Fixes] First spawn cycle occurring - force timer for next spawn cycle
[20:16:49.0882415] [Debug  :Spawn Cycle Fixes] Early daytime spawn cycle (for bees/sapsucker)
[20:16:49.0882415] [Debug  :Spawn Cycle Fixes] Early outside spawn cycle (for eclipses)
[20:16:49.0882415] [Debug  :Spawn Cycle Fixes] Early outside spawn cycle (for weeds)
[20:16:49.1125001] [Info   : Unity Log] startofround: 8; 0
[20:16:49.9551332] [Warning:S1.39 Compatibility Fixes] [DoorAudit] Hangar state changed -> OPEN; doorPower=1.000; landed=False; leaving=False; living=1; livingInsideShip=1
[20:16:52.0798641] [Debug  :GeneralImprovements] Updated time display.
[20:16:52.1077778] [Debug  :PizzaTowerEscapeMusic GameEventListener] Player exited ship
[20:16:53.8476170] [Info   : Unity Log] Turning lights on at start
[20:16:55.0892666] [Debug  :GeneralImprovements] Updated time display.
[20:16:57.3023391] [Debug  :PizzaTowerEscapeMusic GameEventListener] Player entered ship
[20:16:57.8547759] [Info   : LethalMin] Spawing Onion
[20:16:57.8657913] [Info   : LethalMin] Pos: (-4.05, -2.78, 2.75), Angle: 40, IDs: 0, 4, 8, 5, 1, 7
[20:16:57.8687918] [Info   : LethalMin] Waiting for 1 onions to load... Total: 0
[20:16:57.8697914] [Debug  :ReXuvination] Optimised Collider layers in InteractTrigger for Object: trigger (UnityEngine.GameObject)
[20:16:58.0998698] [Debug  :GeneralImprovements] Updated time display.
[20:16:58.5138903] [Info   : Unity Log] clientRPC scrap values length: 16
[20:16:58.5148905] [Debug  :Buttery Fixes] Scrap tracker: Tracking "ToolboxPrefab(Clone)" worth $64
[20:16:58.5148905] [Debug  :Buttery Fixes] Scrap tracker: Tracking "ForestPlushie(Clone)" worth $79
[20:16:58.5148905] [Debug  :Buttery Fixes] Scrap tracker: Tracking "AnvilPrefab(Clone)" worth $190
[20:16:58.5148905] [Debug  :Buttery Fixes] Scrap tracker: Tracking "StopSign(Clone)" worth $42
[20:16:58.5148905] [Debug  :Buttery Fixes] Scrap tracker: Tracking "EnginePart(Clone)" worth $30
[20:16:58.5148905] [Debug  :Buttery Fixes] Scrap tracker: Tracking "Ruppe(Clone)" worth $13
[20:16:58.5148905] [Debug  :Buttery Fixes] Scrap tracker: Tracking "GnarpyPlush(Clone)" worth $75
[20:16:58.5148905] [Debug  :Buttery Fixes] Scrap tracker: Tracking "CarbatteryPrefab(Clone)" worth $54
[20:16:58.5148905] [Debug  :Buttery Fixes] Scrap tracker: Tracking "DarkJobApplication(Clone)" worth $11
[20:16:58.5148905] [Debug  :Buttery Fixes] Scrap tracker: Tracking "RobotToy(Clone)" worth $72
[20:16:58.5148905] [Debug  :Buttery Fixes] Scrap tracker: Tracking "PlantPrefab(Clone)" worth $31
[20:16:58.5148905] [Debug  :Buttery Fixes] Scrap tracker: Tracking "glizzy(Clone)" worth $22
[20:16:58.5148905] [Debug  :Buttery Fixes] Scrap tracker: Tracking "FoodcanPrefab(Clone)" worth $35
[20:16:58.5148905] [Debug  :Buttery Fixes] Scrap tracker: Tracking "DiyFlashbang(Clone)" worth $10
[20:16:58.5148905] [Debug  :Buttery Fixes] Scrap tracker: Tracking "PlungerPrefab(Clone)" worth $45
[20:16:58.5148905] [Debug  :Buttery Fixes] Scrap tracker: Tracking "BinFullOfBottles(Clone)" worth $53
[20:16:58.6295991] [Info   : Unity Log] clientRPC scrap values length: 1
[20:16:58.6301036] [Debug  :Buttery Fixes] Scrap tracker: Tracking "Whisle(Clone)" worth $3
[20:16:58.9609889] [Info   : LethalMin] 1/1 onions loaded, loading data
[20:16:58.9634921] [Info   : LethalMin] Restored 38 pikmin to onion 2 in 1 batches
[20:16:58.9634921] [Info   : LethalMin] Restored 2 pikmin to onion -1 in 1 batches
[20:16:58.9634921] [Info   : LethalMin] Restored 1 pikmin to onion -1 in 1 batches
[20:16:58.9644951] [Info   : LethalMin] Restored 57 pikmin to onion -1 in 2 batches
[20:16:58.9644951] [Info   : LethalMin] Restored 5 pikmin to onion -1 in 1 batches
[20:16:58.9644951] [Info   : LethalMin] Restored 3 pikmin to onion -1 in 1 batches
[20:16:59.8436342] [Info   : Unity Log] Update used by player client rpc has been called for interact trigger: TerminalScript
[20:16:59.8436342] [Info   : Unity Log] Set interminalmenu to true: True
[20:16:59.8476382] [Message:darmuhsTerminalStuff] Mode set to - [ None ] OnUpdateCamsEvent
[20:16:59.8576540] [Error  : Unity Log] Trying to add Caret (TMPro.TMP_SelectionCaret) for graphic rebuild while we are already inside a graphic rebuild loop. This is not supported.
[20:17:01.1139302] [Debug  :GeneralImprovements] Updated time display.
[20:17:01.7029097] [Info   : Unity Log] Parsed word: enemies
[20:17:01.7029097] [Info   : Unity Log] noun keyword: enemies ; verb keyword: list ; result null? : False
[20:17:01.7029097] [Info   : Unity Log] result: 
[20:17:01.7327041] [Message:darmuhsTerminalStuff] Mode set to - [ None ] OnUpdateCamsEvent
[20:17:01.7347128] [Debug  :BrutalCompanyMinusExtraReborn] Checking command: MHELP
[20:17:01.7347128] [Debug  :BrutalCompanyMinusExtraReborn] Checking command: MEVENT
[20:17:01.7347128] [Debug  :BrutalCompanyMinusExtraReborn] Checking command: MCLEAR
[20:17:01.7347128] [Debug  :BrutalCompanyMinusExtraReborn] Checking command: MEVENTS
[20:17:01.7347128] [Debug  :BrutalCompanyMinusExtraReborn] Checking command: MRANDOM
[20:17:01.7347128] [Debug  :BrutalCompanyMinusExtraReborn] Checking command: MPAY
[20:17:01.7347128] [Debug  :BrutalCompanyMinusExtraReborn] Checking command: MENEMIES
[20:17:01.7347128] [Debug  :BrutalCompanyMinusExtraReborn] Checking command: MITEMS
[20:17:01.7347128] [Debug  :BrutalCompanyMinusExtraReborn] Checking command: MMOONS
[20:17:01.7347128] [Debug  :BrutalCompanyMinusExtraReborn] Checking command: MSCAN
[20:17:01.7347128] [Debug  :BrutalCompanyMinusExtraReborn] Checking command: MHAZARDS
[20:17:02.5979105] [Info   : Unity Log] Stop special animation F
[20:17:02.5979105] [Info   : Unity Log] Stop special animation G
[20:17:02.5979105] [Info   : Unity Log] Quit terminal; inTerminalMenu true?: {playerScript.inTerminalMenu}
[20:17:02.6064259] [Debug  :   Coroner] Querying target player parameters pre-death...
[20:17:02.6064259] [Debug  :   Coroner] Query successful!True
[20:17:04.1244237] [Debug  :GeneralImprovements] Updated time display.
[20:17:04.9212623] [Debug  :GeneralImprovements] Updated time display.
[20:17:05.7515375] [Debug  :PizzaTowerEscapeMusic GameEventListener] Player exited ship
[20:17:07.1337697] [Debug  :GeneralImprovements] Updated time display.
[20:17:08.1079617] [Debug  :   Coroner] Querying target player parameters pre-death...
[20:17:08.1079617] [Debug  :   Coroner] Query successful!True
[20:17:08.9229102] [Info   :GeneralImprovements] Enabling ship scan node again and parenting it to the terminal.
[20:17:08.9294199] [Info   :LethalPerformance] Saved 1 save(s)
[20:17:08.9379296] [Debug  :PizzaTowerEscapeMusic GameEventListener] Ship has landed
[20:17:08.9379296] [Debug  :PizzaTowerEscapeMusic GameEventListener] Checking for docked Apparatus...
[20:17:08.9615064] [Debug  :PizzaTowerEscapeMusic GameEventListener] Could not find docked Apparatus
[20:17:08.9630110] [Info   :MrHat.BasedDecorPlacement] Build mode available after landing
[20:17:15.1269980] [Warning: Unity Log] Can not play a disabled audio source
[20:17:36.0935648] [Warning: Unity Log] Can not play a disabled audio source
[20:18:01.2422556] [Debug  :   Coroner] Querying target player parameters pre-death...
[20:18:01.2422556] [Debug  :   Coroner] Query successful!True
[20:18:05.8651656] [Warning: Unity Log] Can not play a disabled audio source
[20:18:05.9640367] [Debug  :   Coroner] Querying target player parameters pre-death...
[20:18:05.9640367] [Debug  :   Coroner] Query successful!True
[20:18:25.8165657] [Warning: Unity Log] Can not play a disabled audio source
[20:18:36.5969485] [Debug  :   Coroner] Querying target player parameters pre-death...
[20:18:36.5969485] [Debug  :   Coroner] Query successful!True
[20:18:36.5979485] [Info   :GeneralImprovements] Applied 2 queued monitor changes.
[20:18:37.3963094] [Debug  :GeneralImprovements] Updated time display.
[20:18:40.4069493] [Debug  :GeneralImprovements] Updated time display.
[20:18:41.4507361] [Debug  :PizzaTowerEscapeMusic GameEventListener] Player entered ship
[20:18:43.4192698] [Debug  :GeneralImprovements] Updated time display.
[20:18:43.6375480] [Info   : Unity Log] Update used by player client rpc has been called for interact trigger: TerminalScript
[20:18:43.6375480] [Info   : Unity Log] Set interminalmenu to true: True
[20:18:43.6375480] [Message:darmuhsTerminalStuff] Mode set to - [ None ] OnUpdateCamsEvent
[20:18:45.3570289] [Info   : Unity Log] Parsed word: enemies
[20:18:45.3570289] [Info   : Unity Log] noun keyword: enemies ; verb keyword: list ; result null? : False
[20:18:45.3570289] [Info   : Unity Log] result: 
[20:18:45.3820580] [Message:darmuhsTerminalStuff] Mode set to - [ None ] OnUpdateCamsEvent
[20:18:45.3820580] [Debug  :BrutalCompanyMinusExtraReborn] Checking command: MHELP
[20:18:45.3820580] [Debug  :BrutalCompanyMinusExtraReborn] Checking command: MEVENT
[20:18:45.3820580] [Debug  :BrutalCompanyMinusExtraReborn] Checking command: MCLEAR
[20:18:45.3820580] [Debug  :BrutalCompanyMinusExtraReborn] Checking command: MEVENTS
[20:18:45.3820580] [Debug  :BrutalCompanyMinusExtraReborn] Checking command: MRANDOM
[20:18:45.3820580] [Debug  :BrutalCompanyMinusExtraReborn] Checking command: MPAY
[20:18:45.3820580] [Debug  :BrutalCompanyMinusExtraReborn] Checking command: MENEMIES
[20:18:45.3820580] [Debug  :BrutalCompanyMinusExtraReborn] Checking command: MITEMS
[20:18:45.3820580] [Debug  :BrutalCompanyMinusExtraReborn] Checking command: MMOONS
[20:18:45.3820580] [Debug  :BrutalCompanyMinusExtraReborn] Checking command: MSCAN
[20:18:45.3820580] [Debug  :BrutalCompanyMinusExtraReborn] Checking command: MHAZARDS
[20:18:46.0078228] [Info   : Unity Log] Stop special animation F
[20:18:46.0078228] [Info   : Unity Log] Stop special animation G
[20:18:46.0078228] [Info   : Unity Log] Quit terminal; inTerminalMenu true?: {playerScript.inTerminalMenu}
[20:18:46.0178412] [Debug  :   Coroner] Querying target player parameters pre-death...
[20:18:46.0178412] [Debug  :   Coroner] Query successful!True
[20:18:46.4323725] [Debug  :GeneralImprovements] Updated time display.
[20:18:49.4410385] [Debug  :GeneralImprovements] Updated time display.
[20:18:49.4650785] [Debug  :PizzaTowerEscapeMusic GameEventListener] Player exited ship
[20:18:50.3201567] [Warning: Unity Log] Can not play a disabled audio source
[20:18:51.5162257] [Debug  :   Coroner] Querying target player parameters pre-death...
[20:18:51.5162257] [Debug  :   Coroner] Query successful!True
[20:19:11.9475912] [Info   : Unity Log] enemy rush index is -1; current index 0
[20:19:11.9475912] [Info   : Unity Log] Hours: 300 ; Time: 0.2777778 | Enemy #0 'Centipede' : probability: 39
[20:19:11.9475912] [Info   : Unity Log] enemy rush index is -1; current index 1
[20:19:11.9475912] [Info   : Unity Log] Hours: 300 ; Time: 0.2777778 | Enemy #1 'Bunker Spider' : probability: 61
[20:19:11.9475912] [Info   : Unity Log] enemy rush index is -1; current index 2
[20:19:11.9475912] [Info   : Unity Log] Hours: 300 ; Time: 0.2777778 | Enemy #2 'Hoarding bug' : probability: 22
[20:19:11.9475912] [Info   : Unity Log] enemy rush index is -1; current index 3
[20:19:11.9475912] [Info   : Unity Log] Hours: 300 ; Time: 0.2777778 | Enemy #3 'Flowerman' : probability: 2
[20:19:11.9475912] [Info   : Unity Log] enemy rush index is -1; current index 4
[20:19:11.9475912] [Info   : Unity Log] Hours: 300 ; Time: 0.2777778 | Enemy #4 'Crawler' : probability: 39
[20:19:11.9475912] [Info   : Unity Log] enemy rush index is -1; current index 5
[20:19:11.9475912] [Info   : Unity Log] Hours: 300 ; Time: 0.2777778 | Enemy #5 'Blob' : probability: 31
[20:19:11.9475912] [Info   : Unity Log] enemy rush index is -1; current index 6
[20:19:11.9475912] [Info   : Unity Log] Hours: 300 ; Time: 0.2777778 | Enemy #6 'Spring' : probability: 33
[20:19:11.9475912] [Info   : Unity Log] enemy rush index is -1; current index 7
[20:19:11.9475912] [Info   : Unity Log] Hours: 300 ; Time: 0.2777778 | Enemy #7 'Puffer' : probability: 9
[20:19:11.9475912] [Info   : Unity Log] enemy rush index is -1; current index 8
[20:19:11.9475912] [Info   : Unity Log] Hours: 300 ; Time: 0.2777778 | Enemy #8 'Nutcracker' : probability: 8
[20:19:11.9475912] [Info   : Unity Log] enemy rush index is -1; current index 9
[20:19:11.9475912] [Info   : Unity Log] Hours: 300 ; Time: 0.2777778 | Enemy #9 'Maneater' : probability: 3
[20:19:11.9475912] [Info   : Unity Log] enemy rush index is -1; current index 10
[20:19:11.9475912] [Info   : Unity Log] Hours: 300 ; Time: 0.2777778 | Enemy #10 'Stingray' : probability: 15
[20:19:11.9475912] [Info   : Unity Log] enemy rush index is -1; current index 11
[20:19:11.9475912] [Info   : Unity Log] Hours: 300 ; Time: 0.2777778 | Enemy #11 'Masked' : probability: 34
[20:19:11.9475912] [Info   : Unity Log] enemy rush index is -1; current index 12
[20:19:11.9475912] [Info   : Unity Log] Hours: 300 ; Time: 0.2777778 | Enemy #12 'Jester' : probability: 3
[20:19:11.9475912] [Info   : Unity Log] enemy rush index is -1; current index 13
[20:19:11.9475912] [Info   : Unity Log] Hours: 300 ; Time: 0.2777778 | Enemy #13 'Butler' : probability: 16
[20:19:11.9475912] [Info   : Unity Log] enemy rush index is -1; current index 14
[20:19:11.9475912] [Info   : Unity Log] Hours: 300 ; Time: 0.2777778 | Enemy #14 'Clay Surgeon' : probability: 4
[20:19:11.9475912] [Info   : Unity Log] enemy rush index is -1; current index 15
[20:19:11.9475912] [Info   : Unity Log] Hours: 300 ; Time: 0.2777778 | Enemy #15 'Girl' : probability: 1
[20:19:11.9475912] [Info   : Unity Log] enemy rush index is -1; current index 16
[20:19:11.9475912] [Info   : Unity Log] Hours: 300 ; Time: 0.2777778 | Enemy #16 'Football' : probability: 0
[20:19:11.9475912] [Info   : Unity Log] enemy rush index is -1; current index 17
[20:19:11.9475912] [Info   : Unity Log] Hours: 300 ; Time: 0.2777778 | Enemy #17 'Herobrine' : probability: 3
[20:19:11.9475912] [Info   : Unity Log] enemy rush index is -1; current index 18
[20:19:11.9475912] [Info   : Unity Log] Hours: 300 ; Time: 0.2777778 | Enemy #18 'Locker' : probability: 7
[20:19:11.9475912] [Info   : Unity Log] enemy rush index is -1; current index 19
[20:19:11.9475912] [Info   : Unity Log] Hours: 300 ; Time: 0.2777778 | Enemy #19 'ImmortalSnail' : probability: 44
[20:19:11.9475912] [Info   : Unity Log] enemy rush index is -1; current index 20
[20:19:11.9475912] [Info   : Unity Log] Hours: 300 ; Time: 0.2777778 | Enemy #20 'HarpGhost' : probability: 0
[20:19:11.9475912] [Info   : Unity Log] enemy rush index is -1; current index 21
[20:19:11.9475912] [Info   : Unity Log] Hours: 300 ; Time: 0.2777778 | Enemy #21 'BagpipeGhost' : probability: 0
[20:19:11.9475912] [Info   : Unity Log] enemy rush index is -1; current index 22
[20:19:11.9475912] [Info   : Unity Log] Hours: 300 ; Time: 0.2777778 | Enemy #22 'EnforcerGhost' : probability: 0
[20:19:11.9475912] [Info   : Unity Log] enemy rush index is -1; current index 23
[20:19:11.9475912] [Info   : Unity Log] Hours: 300 ; Time: 0.2777778 | Enemy #23 'Shy guy' : probability: 3
[20:19:11.9475912] [Info   : Unity Log] enemy rush index is -1; current index 24
[20:19:11.9475912] [Info   : Unity Log] Hours: 300 ; Time: 0.2777778 | Enemy #24 'Men-stalker' : probability: 41
[20:19:11.9475912] [Info   : Unity Log] enemy rush index is -1; current index 25
[20:19:11.9475912] [Info   : Unity Log] Hours: 300 ; Time: 0.2777778 | Enemy #25 'SlendermanEnemy' : probability: 0
[20:19:11.9475912] [Info   : Unity Log] enemy rush index is -1; current index 26
[20:19:11.9475912] [Info   : Unity Log] Hours: 300 ; Time: 0.2777778 | Enemy #26 'Cabinet' : probability: 0
[20:19:11.9475912] [Info   : Unity Log] enemy rush index is -1; current index 27
[20:19:11.9475912] [Info   : Unity Log] Hours: 300 ; Time: 0.2777778 | Enemy #27 'Aloe' : probability: 62
[20:19:11.9475912] [Info   : Unity Log] enemy rush index is -1; current index 28
[20:19:11.9475912] [Info   : Unity Log] Hours: 300 ; Time: 0.2777778 | Enemy #28 'RollingGiant' : probability: 27
[20:19:11.9475912] [Info   : Unity Log] enemy rush index is -1; current index 29
[20:19:11.9475912] [Info   : Unity Log] Hours: 300 ; Time: 0.2777778 | Enemy #29 'Shy guy' : probability: 6
[20:19:11.9475912] [Info   : Unity Log] enemy rush index is -1; current index 30
[20:19:11.9475912] [Info   : Unity Log] Hours: 300 ; Time: 0.2777778 | Enemy #30 'Boomba' : probability: 0
[20:19:11.9475912] [Info   : Unity Log] enemy rush index is -1; current index 31
[20:19:11.9475912] [Info   : Unity Log] Hours: 300 ; Time: 0.2777778 | Enemy #31 'Rabbit Magician' : probability: 0
[20:19:11.9475912] [Info   : Unity Log] enemy rush index is -1; current index 32
[20:19:11.9475912] [Info   : Unity Log] Hours: 300 ; Time: 0.2777778 | Enemy #32 'Peace Keeper' : probability: 1
[20:19:11.9475912] [Info   : Unity Log] enemy rush index is -1; current index 33
[20:19:11.9475912] [Info   : Unity Log] Hours: 300 ; Time: 0.2777778 | Enemy #33 'Lord Of The Manor' : probability: 2
[20:19:11.9475912] [Info   : Unity Log] enemy rush index is -1; current index 34
[20:19:11.9475912] [Info   : Unity Log] Hours: 300 ; Time: 0.2777778 | Enemy #34 'Janitor' : probability: 14
[20:19:11.9475912] [Info   : Unity Log] enemy rush index is -1; current index 35
[20:19:11.9475912] [Info   : Unity Log] Hours: 300 ; Time: 0.2777778 | Enemy #35 'Nancy' : probability: 7
[20:19:11.9475912] [Info   : Unity Log] enemy rush index is -1; current index 36
[20:19:11.9475912] [Info   : Unity Log] Hours: 300 ; Time: 0.2777778 | Enemy #36 'Mistress' : probability: 0
[20:19:11.9475912] [Info   : Unity Log] enemy rush index is -1; current index 37
[20:19:11.9475912] [Info   : Unity Log] Hours: 300 ; Time: 0.2777778 | Enemy #37 'Duck' : probability: 0
[20:19:11.9475912] [Info   : Unity Log] enemy rush index is -1; current index 38
[20:19:11.9475912] [Info   : Unity Log] Hours: 300 ; Time: 0.2777778 | Enemy #38 'Transporter' : probability: 0
[20:19:11.9475912] [Info   : Unity Log] enemy rush index is -1; current index 39
[20:19:11.9475912] [Info   : Unity Log] Hours: 300 ; Time: 0.2777778 | Enemy #39 'Shy guy' : probability: 6
[20:19:11.9475912] [Info   : Unity Log] ADDING ENEMY #11: Masked
[20:19:11.9475912] [Info   : Unity Log] Adding 1 to power level, enemy: Masked
[20:19:11.9485917] [Info   : Unity Log] Adding 0 to diversity level for enemy 'Masked'
[20:19:11.9485917] [Info   : Unity Log] enemy rush index is -1; current index 0
[20:19:11.9485917] [Info   : Unity Log] Hours: 300 ; Time: 0.2777778 | Enemy #0 'Centipede' : probability: 39
[20:19:11.9485917] [Info   : Unity Log] enemy rush index is -1; current index 1
[20:19:11.9485917] [Info   : Unity Log] Hours: 300 ; Time: 0.2777778 | Enemy #1 'Bunker Spider' : probability: 61
[20:19:11.9485917] [Info   : Unity Log] enemy rush index is -1; current index 2
[20:19:11.9485917] [Info   : Unity Log] Hours: 300 ; Time: 0.2777778 | Enemy #2 'Hoarding bug' : probability: 22
[20:19:11.9485917] [Info   : Unity Log] enemy rush index is -1; current index 3
[20:19:11.9485917] [Info   : Unity Log] Hours: 300 ; Time: 0.2777778 | Enemy #3 'Flowerman' : probability: 2
[20:19:11.9485917] [Info   : Unity Log] enemy rush index is -1; current index 4
[20:19:11.9485917] [Info   : Unity Log] Hours: 300 ; Time: 0.2777778 | Enemy #4 'Crawler' : probability: 39
[20:19:11.9485917] [Info   : Unity Log] enemy rush index is -1; current index 5
[20:19:11.9485917] [Info   : Unity Log] Hours: 300 ; Time: 0.2777778 | Enemy #5 'Blob' : probability: 31
[20:19:11.9485917] [Info   : Unity Log] enemy rush index is -1; current index 6
[20:19:11.9485917] [Info   : Unity Log] Hours: 300 ; Time: 0.2777778 | Enemy #6 'Spring' : probability: 33
[20:19:11.9485917] [Info   : Unity Log] enemy rush index is -1; current index 7
[20:19:11.9485917] [Info   : Unity Log] Hours: 300 ; Time: 0.2777778 | Enemy #7 'Puffer' : probability: 9
[20:19:11.9485917] [Info   : Unity Log] enemy rush index is -1; current index 8
[20:19:11.9485917] [Info   : Unity Log] Hours: 300 ; Time: 0.2777778 | Enemy #8 'Nutcracker' : probability: 8
[20:19:11.9485917] [Info   : Unity Log] enemy rush index is -1; current index 9
[20:19:11.9485917] [Info   : Unity Log] Hours: 300 ; Time: 0.2777778 | Enemy #9 'Maneater' : probability: 3
[20:19:11.9485917] [Info   : Unity Log] enemy rush index is -1; current index 10
[20:19:11.9485917] [Info   : Unity Log] Hours: 300 ; Time: 0.2777778 | Enemy #10 'Stingray' : probability: 15
[20:19:11.9485917] [Info   : Unity Log] enemy rush index is -1; current index 11
[20:19:11.9485917] [Info   : Unity Log] Hours: 300 ; Time: 0.2777778 | Enemy #11 'Masked' : probability: 37
[20:19:11.9485917] [Info   : Unity Log] enemy rush index is -1; current index 12
[20:19:11.9485917] [Info   : Unity Log] Hours: 300 ; Time: 0.2777778 | Enemy #12 'Jester' : probability: 3
[20:19:11.9485917] [Info   : Unity Log] enemy rush index is -1; current index 13
[20:19:11.9485917] [Info   : Unity Log] Hours: 300 ; Time: 0.2777778 | Enemy #13 'Butler' : probability: 16
[20:19:11.9485917] [Info   : Unity Log] enemy rush index is -1; current index 14
[20:19:11.9485917] [Info   : Unity Log] Hours: 300 ; Time: 0.2777778 | Enemy #14 'Clay Surgeon' : probability: 4
[20:19:11.9485917] [Info   : Unity Log] enemy rush index is -1; current index 15
[20:19:11.9485917] [Info   : Unity Log] Hours: 300 ; Time: 0.2777778 | Enemy #15 'Girl' : probability: 1
[20:19:11.9485917] [Info   : Unity Log] enemy rush index is -1; current index 16
[20:19:11.9485917] [Info   : Unity Log] Hours: 300 ; Time: 0.2777778 | Enemy #16 'Football' : probability: 0
[20:19:11.9485917] [Info   : Unity Log] enemy rush index is -1; current index 17
[20:19:11.9485917] [Info   : Unity Log] Hours: 300 ; Time: 0.2777778 | Enemy #17 'Herobrine' : probability: 3
[20:19:11.9485917] [Info   : Unity Log] enemy rush index is -1; current index 18
[20:19:11.9485917] [Info   : Unity Log] Hours: 300 ; Time: 0.2777778 | Enemy #18 'Locker' : probability: 7
[20:19:11.9485917] [Info   : Unity Log] enemy rush index is -1; current index 19
[20:19:11.9485917] [Info   : Unity Log] Hours: 300 ; Time: 0.2777778 | Enemy #19 'ImmortalSnail' : probability: 44
[20:19:11.9485917] [Info   : Unity Log] enemy rush index is -1; current index 20
[20:19:11.9485917] [Info   : Unity Log] Hours: 300 ; Time: 0.2777778 | Enemy #20 'HarpGhost' : probability: 0
[20:19:11.9485917] [Info   : Unity Log] enemy rush index is -1; current index 21
[20:19:11.9485917] [Info   : Unity Log] Hours: 300 ; Time: 0.2777778 | Enemy #21 'BagpipeGhost' : probability: 0
[20:19:11.9485917] [Info   : Unity Log] enemy rush index is -1; current index 22
[20:19:11.9485917] [Info   : Unity Log] Hours: 300 ; Time: 0.2777778 | Enemy #22 'EnforcerGhost' : probability: 0
[20:19:11.9485917] [Info   : Unity Log] enemy rush index is -1; current index 23
[20:19:11.9485917] [Info   : Unity Log] Hours: 300 ; Time: 0.2777778 | Enemy #23 'Shy guy' : probability: 3
[20:19:11.9485917] [Info   : Unity Log] enemy rush index is -1; current index 24
[20:19:11.9485917] [Info   : Unity Log] Hours: 300 ; Time: 0.2777778 | Enemy #24 'Men-stalker' : probability: 41
[20:19:11.9485917] [Info   : Unity Log] enemy rush index is -1; current index 25
[20:19:11.9485917] [Info   : Unity Log] Hours: 300 ; Time: 0.2777778 | Enemy #25 'SlendermanEnemy' : probability: 0
[20:19:11.9485917] [Info   : Unity Log] enemy rush index is -1; current index 26
[20:19:11.9485917] [Info   : Unity Log] Hours: 300 ; Time: 0.2777778 | Enemy #26 'Cabinet' : probability: 0
[20:19:11.9485917] [Info   : Unity Log] enemy rush index is -1; current index 27
[20:19:11.9485917] [Info   : Unity Log] Hours: 300 ; Time: 0.2777778 | Enemy #27 'Aloe' : probability: 62
[20:19:11.9485917] [Info   : Unity Log] enemy rush index is -1; current index 28
[20:19:11.9485917] [Info   : Unity Log] Hours: 300 ; Time: 0.2777778 | Enemy #28 'RollingGiant' : probability: 27
[20:19:11.9485917] [Info   : Unity Log] enemy rush index is -1; current index 29
[20:19:11.9485917] [Info   : Unity Log] Hours: 300 ; Time: 0.2777778 | Enemy #29 'Shy guy' : probability: 6
[20:19:11.9485917] [Info   : Unity Log] enemy rush index is -1; current index 30
[20:19:11.9485917] [Info   : Unity Log] Hours: 300 ; Time: 0.2777778 | Enemy #30 'Boomba' : probability: 0
[20:19:11.9485917] [Info   : Unity Log] enemy rush index is -1; current index 31
[20:19:11.9485917] [Info   : Unity Log] Hours: 300 ; Time: 0.2777778 | Enemy #31 'Rabbit Magician' : probability: 0
[20:19:11.9485917] [Info   : Unity Log] enemy rush index is -1; current index 32
[20:19:11.9485917] [Info   : Unity Log] Hours: 300 ; Time: 0.2777778 | Enemy #32 'Peace Keeper' : probability: 1
[20:19:11.9485917] [Info   : Unity Log] enemy rush index is -1; current index 33
[20:19:11.9485917] [Info   : Unity Log] Hours: 300 ; Time: 0.2777778 | Enemy #33 'Lord Of The Manor' : probability: 2
[20:19:11.9495913] [Info   : Unity Log] enemy rush index is -1; current index 34
[20:19:11.9495913] [Info   : Unity Log] Hours: 300 ; Time: 0.2777778 | Enemy #34 'Janitor' : probability: 14
[20:19:11.9495913] [Info   : Unity Log] enemy rush index is -1; current index 35
[20:19:11.9495913] [Info   : Unity Log] Hours: 300 ; Time: 0.2777778 | Enemy #35 'Nancy' : probability: 7
[20:19:11.9495913] [Info   : Unity Log] enemy rush index is -1; current index 36
[20:19:11.9495913] [Info   : Unity Log] Hours: 300 ; Time: 0.2777778 | Enemy #36 'Mistress' : probability: 0
[20:19:11.9495913] [Info   : Unity Log] enemy rush index is -1; current index 37
[20:19:11.9495913] [Info   : Unity Log] Hours: 300 ; Time: 0.2777778 | Enemy #37 'Duck' : probability: 0
[20:19:11.9495913] [Info   : Unity Log] enemy rush index is -1; current index 38
[20:19:11.9495913] [Info   : Unity Log] Hours: 300 ; Time: 0.2777778 | Enemy #38 'Transporter' : probability: 0
[20:19:11.9495913] [Info   : Unity Log] enemy rush index is -1; current index 39
[20:19:11.9495913] [Info   : Unity Log] Hours: 300 ; Time: 0.2777778 | Enemy #39 'Shy guy' : probability: 6
[20:19:11.9495913] [Info   : Unity Log] ADDING ENEMY #6: Spring
[20:19:11.9495913] [Info   : Unity Log] Adding 2 to power level, enemy: Spring
[20:19:11.9495913] [Info   : Unity Log] Adding 2 to diversity level for enemy 'Spring'
[20:19:11.9495913] [Info   : Unity Log] enemy rush index is -1; current index 0
[20:19:11.9495913] [Info   : Unity Log] Hours: 300 ; Time: 0.2777778 | Enemy #0 'Centipede' : probability: 39
[20:19:11.9495913] [Info   : Unity Log] enemy rush index is -1; current index 1
[20:19:11.9495913] [Info   : Unity Log] Hours: 300 ; Time: 0.2777778 | Enemy #1 'Bunker Spider' : probability: 61
[20:19:11.9495913] [Info   : Unity Log] enemy rush index is -1; current index 2
[20:19:11.9495913] [Info   : Unity Log] Hours: 300 ; Time: 0.2777778 | Enemy #2 'Hoarding bug' : probability: 22
[20:19:11.9495913] [Info   : Unity Log] enemy rush index is -1; current index 3
[20:19:11.9495913] [Info   : Unity Log] Hours: 300 ; Time: 0.2777778 | Enemy #3 'Flowerman' : probability: 2
[20:19:11.9495913] [Info   : Unity Log] enemy rush index is -1; current index 4
[20:19:11.9495913] [Info   : Unity Log] Hours: 300 ; Time: 0.2777778 | Enemy #4 'Crawler' : probability: 39
[20:19:11.9495913] [Info   : Unity Log] enemy rush index is -1; current index 5
[20:19:11.9495913] [Info   : Unity Log] Hours: 300 ; Time: 0.2777778 | Enemy #5 'Blob' : probability: 31
[20:19:11.9495913] [Info   : Unity Log] enemy rush index is -1; current index 6
[20:19:11.9495913] [Info   : Unity Log] Hours: 300 ; Time: 0.2777778 | Enemy #6 'Spring' : probability: 33
[20:19:11.9495913] [Info   : Unity Log] enemy rush index is -1; current index 7
[20:19:11.9495913] [Info   : Unity Log] Hours: 300 ; Time: 0.2777778 | Enemy #7 'Puffer' : probability: 9
[20:19:11.9495913] [Info   : Unity Log] enemy rush index is -1; current index 8
[20:19:11.9495913] [Info   : Unity Log] Hours: 300 ; Time: 0.2777778 | Enemy #8 'Nutcracker' : probability: 8
[20:19:11.9495913] [Info   : Unity Log] enemy rush index is -1; current index 9
[20:19:11.9495913] [Info   : Unity Log] Hours: 300 ; Time: 0.2777778 | Enemy #9 'Maneater' : probability: 3
[20:19:11.9495913] [Info   : Unity Log] enemy rush index is -1; current index 10
[20:19:11.9495913] [Info   : Unity Log] Hours: 300 ; Time: 0.2777778 | Enemy #10 'Stingray' : probability: 15
[20:19:11.9495913] [Info   : Unity Log] enemy rush index is -1; current index 11
[20:19:11.9495913] [Info   : Unity Log] Hours: 300 ; Time: 0.2777778 | Enemy #11 'Masked' : probability: 37
[20:19:11.9495913] [Info   : Unity Log] enemy rush index is -1; current index 12
[20:19:11.9495913] [Info   : Unity Log] Hours: 300 ; Time: 0.2777778 | Enemy #12 'Jester' : probability: 3
[20:19:11.9495913] [Info   : Unity Log] enemy rush index is -1; current index 13
[20:19:11.9495913] [Info   : Unity Log] Hours: 300 ; Time: 0.2777778 | Enemy #13 'Butler' : probability: 16
[20:19:11.9495913] [Info   : Unity Log] enemy rush index is -1; current index 14
[20:19:11.9495913] [Info   : Unity Log] Hours: 300 ; Time: 0.2777778 | Enemy #14 'Clay Surgeon' : probability: 4
[20:19:11.9495913] [Info   : Unity Log] enemy rush index is -1; current index 15
[20:19:11.9495913] [Info   : Unity Log] Hours: 300 ; Time: 0.2777778 | Enemy #15 'Girl' : probability: 1
[20:19:11.9495913] [Info   : Unity Log] enemy rush index is -1; current index 16
[20:19:11.9495913] [Info   : Unity Log] Hours: 300 ; Time: 0.2777778 | Enemy #16 'Football' : probability: 0
[20:19:11.9495913] [Info   : Unity Log] enemy rush index is -1; current index 17
[20:19:11.9495913] [Info   : Unity Log] Hours: 300 ; Time: 0.2777778 | Enemy #17 'Herobrine' : probability: 3
[20:19:11.9495913] [Info   : Unity Log] enemy rush index is -1; current index 18
[20:19:11.9495913] [Info   : Unity Log] Hours: 300 ; Time: 0.2777778 | Enemy #18 'Locker' : probability: 7
[20:19:11.9495913] [Info   : Unity Log] enemy rush index is -1; current index 19
[20:19:11.9495913] [Info   : Unity Log] Hours: 300 ; Time: 0.2777778 | Enemy #19 'ImmortalSnail' : probability: 44
[20:19:11.9495913] [Info   : Unity Log] enemy rush index is -1; current index 20
[20:19:11.9495913] [Info   : Unity Log] Hours: 300 ; Time: 0.2777778 | Enemy #20 'HarpGhost' : probability: 0
[20:19:11.9495913] [Info   : Unity Log] enemy rush index is -1; current index 21
[20:19:11.9495913] [Info   : Unity Log] Hours: 300 ; Time: 0.2777778 | Enemy #21 'BagpipeGhost' : probability: 0
[20:19:11.9495913] [Info   : Unity Log] enemy rush index is -1; current index 22
[20:19:11.9495913] [Info   : Unity Log] Hours: 300 ; Time: 0.2777778 | Enemy #22 'EnforcerGhost' : probability: 0
[20:19:11.9495913] [Info   : Unity Log] enemy rush index is -1; current index 23
[20:19:11.9495913] [Info   : Unity Log] Hours: 300 ; Time: 0.2777778 | Enemy #23 'Shy guy' : probability: 3
[20:19:11.9495913] [Info   : Unity Log] enemy rush index is -1; current index 24
[20:19:11.9495913] [Info   : Unity Log] Hours: 300 ; Time: 0.2777778 | Enemy #24 'Men-stalker' : probability: 41
[20:19:11.9495913] [Info   : Unity Log] enemy rush index is -1; current index 25
[20:19:11.9495913] [Info   : Unity Log] Hours: 300 ; Time: 0.2777778 | Enemy #25 'SlendermanEnemy' : probability: 0
[20:19:11.9495913] [Info   : Unity Log] enemy rush index is -1; current index 26
[20:19:11.9495913] [Info   : Unity Log] Hours: 300 ; Time: 0.2777778 | Enemy #26 'Cabinet' : probability: 0
[20:19:11.9495913] [Info   : Unity Log] enemy rush index is -1; current index 27
[20:19:11.9495913] [Info   : Unity Log] Hours: 300 ; Time: 0.2777778 | Enemy #27 'Aloe' : probability: 62
[20:19:11.9495913] [Info   : Unity Log] enemy rush index is -1; current index 28
[20:19:11.9495913] [Info   : Unity Log] Hours: 300 ; Time: 0.2777778 | Enemy #28 'RollingGiant' : probability: 27
[20:19:11.9495913] [Info   : Unity Log] enemy rush index is -1; current index 29
[20:19:11.9495913] [Info   : Unity Log] Hours: 300 ; Time: 0.2777778 | Enemy #29 'Shy guy' : probability: 6
[20:19:11.9495913] [Info   : Unity Log] enemy rush index is -1; current index 30
[20:19:11.9495913] [Info   : Unity Log] Hours: 300 ; Time: 0.2777778 | Enemy #30 'Boomba' : probability: 0
[20:19:11.9495913] [Info   : Unity Log] enemy rush index is -1; current index 31
[20:19:11.9495913] [Info   : Unity Log] Hours: 300 ; Time: 0.2777778 | Enemy #31 'Rabbit Magician' : probability: 0
[20:19:11.9495913] [Info   : Unity Log] enemy rush index is -1; current index 32
[20:19:11.9495913] [Info   : Unity Log] Hours: 300 ; Time: 0.2777778 | Enemy #32 'Peace Keeper' : probability: 1
[20:19:11.9495913] [Info   : Unity Log] enemy rush index is -1; current index 33
[20:19:11.9495913] [Info   : Unity Log] Hours: 300 ; Time: 0.2777778 | Enemy #33 'Lord Of The Manor' : probability: 2
[20:19:11.9495913] [Info   : Unity Log] enemy rush index is -1; current index 34
[20:19:11.9495913] [Info   : Unity Log] Hours: 300 ; Time: 0.2777778 | Enemy #34 'Janitor' : probability: 14
[20:19:11.9495913] [Info   : Unity Log] enemy rush index is -1; current index 35
[20:19:11.9495913] [Info   : Unity Log] Hours: 300 ; Time: 0.2777778 | Enemy #35 'Nancy' : probability: 7
[20:19:11.9495913] [Info   : Unity Log] enemy rush index is -1; current index 36
[20:19:11.9495913] [Info   : Unity Log] Hours: 300 ; Time: 0.2777778 | Enemy #36 'Mistress' : probability: 0
[20:19:11.9495913] [Info   : Unity Log] enemy rush index is -1; current index 37
[20:19:11.9495913] [Info   : Unity Log] Hours: 300 ; Time: 0.2777778 | Enemy #37 'Duck' : probability: 0
[20:19:11.9495913] [Info   : Unity Log] enemy rush index is -1; current index 38
[20:19:11.9495913] [Info   : Unity Log] Hours: 300 ; Time: 0.2777778 | Enemy #38 'Transporter' : probability: 0
[20:19:11.9495913] [Info   : Unity Log] enemy rush index is -1; current index 39
[20:19:11.9495913] [Info   : Unity Log] Hours: 300 ; Time: 0.2777778 | Enemy #39 'Shy guy' : probability: 6
[20:19:11.9495913] [Info   : Unity Log] ADDING ENEMY #4: Crawler
[20:19:11.9495913] [Info   : Unity Log] Adding 3 to power level, enemy: Crawler
[20:19:11.9495913] [Info   : Unity Log] Adding 1 to diversity level for enemy 'Crawler'
[20:19:18.7819670] [Debug  :   Coroner] Querying target player parameters pre-death...
[20:19:18.7819670] [Debug  :   Coroner] Query successful!True
[20:19:19.0367947] [Warning: Unity Log] Can not play a disabled audio source
[20:19:19.9768629] [Info   : Unity Log] Finished snapping to ladder
[20:19:20.9078906] [Info   : Unity Log] Finished ladder sequence
[20:19:20.9743395] [Debug  :   Coroner] Querying target player parameters pre-death...
[20:19:20.9743395] [Debug  :   Coroner] Query successful!True
[20:19:24.0358014] [Info   : Unity Log] Called finishopeningentrance (False)
[20:19:24.0358014] [Info   : Unity Log] 'EntranceTeleportA' STOPPING entrancePointAudio
[20:19:24.0443168] [Debug  :PizzaTowerEscapeMusic GameEventListener] Player entered facility
[20:19:24.0458194] [Debug  : LethalMin] Setting pikmin to entrance: True
[20:19:24.0458194] [Debug  : LethalMin] Setting pikmin to entrance: True
[20:19:24.6533587] [Info   :LethalPerformance] Saved 1 save(s)
[20:19:38.9282557] [Warning:   Coroner] Could not access dying player: Collider was not a player!
[20:19:38.9282557] [Warning:   Coroner] Could not access dying player: Index not assigned!
[20:19:38.9282557] [Debug  :   Coroner] Handling Out of Bounds death...
[20:19:39.5322561] [Warning:   Coroner] Could not access dying player: Collider was not a player!
[20:19:39.5322561] [Warning:   Coroner] Could not access dying player: Index not assigned!
[20:19:39.5322561] [Debug  :   Coroner] Handling Out of Bounds death...
[20:19:40.9529827] [Warning: Unity Log] Can not play a disabled audio source
[20:19:46.0873987] [Info   : Unity Log] Elevator finished moving B!
[20:19:50.9446753] [Debug  :GeneralImprovements] Toggling helmet light on.
[20:19:56.9314199] [Debug  :   Coroner] Querying target player parameters pre-death...
[20:19:56.9314199] [Debug  :   Coroner] Query successful!True
[20:19:57.3416455] [Debug  : LethalMin] IsServerRpcNoOwnershipPrefixValid (No): RpcExecStage is Send, IsServer: True, IsHost: True when calling ScanNewCreatureServerRpcPrefix
[20:19:57.3416455] [Debug  : LethalMin] IsServerRpcNoOwnershipPrefixValid (Yes): RpcExecStage is Execute, IsServer: True, IsHost: True when calling ScanNewCreatureServerRpcPrefix
[20:19:57.3426470] [Debug  : LethalMin] IsClientRpcPrefixValid (No): RpcExecStage is Send, IsClient: True, IsHost: True ScanNewCreatureClientRpcPrefix
[20:19:57.3426470] [Debug  : LethalMin] IsClientRpcPrefixValid (Yes): RpcExecStage is Execute, IsClient: True, IsHost: True ScanNewCreatureClientRpcPrefix
[20:19:57.4049535] [Debug  :   Coroner] Querying target player parameters pre-death...
[20:19:57.4049535] [Debug  :   Coroner] Query successful!True
[20:20:03.7964854] [Warning: Unity Log] Can not play a disabled audio source
[20:20:04.0765839] [Info   : Unity Log] Found enemy vent which has its time up: VentEntranceCave(Clone). Spawning Masked from vent.
[20:20:04.0815895] [Warning: Unity Log] HeadMaskTragedy is disabled! Netcode for GameObjects does not support spawning disabled NetworkBehaviours! The RandomPeriodicAudioPlayer component was skipped during spawn!
[20:20:04.0850919] [Info   : Unity Log] Spawned enemy from vent
[20:20:04.0896002] [Info   :qwbarch.Mirage] MaskedPlayerEnemy(79519502-5557-4883-94b9-284fed0692c9) - Mimicking player #0
[20:20:04.1106776] [Debug  :Mask Fixes] Mimic #-377542: VIP enabled
[20:20:04.1106776] [Debug  :Mask Fixes] Mimic #-377542: Updated level sticker
[20:20:04.1106776] [Debug  :MaskedInvisFix] allowNoPlayer ? = False | enemyIsEnabled? = False | mimickedPlayer = Player (GameNetcodeStuff.PlayerControllerB) | mimickedPlayer.IsPlayerDead = False | mimickedPlayer.deadBody= null | mimickedPlayer.deadBody.deactivated= null
[20:20:04.1106776] [Debug  :MaskedInvisFix] MimickedMasked-MaskedMadeVisible
[20:20:04.1177201] [Info   :meow.ModelReplacementAPI] Awake Masked mimicking Player (GameNetcodeStuff.PlayerControllerB) MaskedPlayerEnemy(Clone) (ModelReplacement.Monobehaviors.Enemies.MaskedReplacementBase)
[20:20:04.1177201] [Info   :   Console] Player
[20:20:04.1252265] [Debug  :Mask Fixes] Mimic #-377542: VIP enabled
[20:20:04.1252265] [Debug  :Mask Fixes] Mimic #-377542: Updated level sticker
[20:20:04.1337379] [Debug  :Matty's Fixes] Vanilla/Shovel(464) needs to compute vertical offset - scheduled
[20:20:04.1535550] [Debug  : LethalMin] Initializing PikminItem ShovelItem(Clone) with item ShovelItem(Clone) (True)
[20:20:04.1817737] [Debug  :Matty's Fixes] Vanilla/Shovel(464) is computing vertical offset
[20:20:04.1827742] [Debug  :Matty's Fixes] Vanilla/Shovel new offset is 0.05423262
[20:20:04.1827742] [Debug  :Matty's Fixes] Vanilla/Shovel(464) position updated [(0.00, 0.00, 0.00)] -> [(0.00, -0.05, 0.00)]
[20:20:04.1827742] [Info   : Unity Log] Noise heard relative loudness: 0.0356455 [NCS:300-198640]
[20:20:06.4351617] [Info   : Unity Log] Noise heard relative loudness: 0.06227538 [NCS:300-199021]
[20:20:08.5951769] [Info   :TooManyEmotes-2.3.17] Calculating if the masked enemy (MaskedPlayerEnemy(Clone)) should emote: True
[20:20:08.5966824] [Info   :TooManyEmotes-2.3.17] Pre-performing emote on MaskedEnemy. Delay: 1.932193 ExtendedStopAndStareDuration: 3.064463
[20:20:09.0353853] [Info   : Unity Log] Noise heard relative loudness: 0.0751614 [NCS:300-199447]
[20:20:10.5252569] [Info   :TooManyEmotes-2.3.17] [MaskedPlayerEnemy(Clone)] Performing emote: calm_down
[20:20:11.3235574] [Info   : Unity Log] Noise heard relative loudness: 0.03941237 [NCS:300-199786]
[20:20:12.5588472] [Debug  :   Coroner] Querying target player parameters pre-death...
[20:20:12.5588472] [Debug  :   Coroner] Query successful!True
[20:20:14.1937632] [Info   :TooManyEmotes-2.3.17] [MaskedPlayerEnemy(Clone)] Stopping emote.
[20:20:26.9401536] [Info   : Unity Log] Found enemy vent which has its time up: VentEntranceCave(Clone). Spawning Crawler from vent.
[20:20:26.9421539] [Info   : Unity Log] Spawned enemy from vent
[20:20:26.9501714] [Debug  :Starlancer AI Fix] The Enemy Whitelist contains: Blob, Butler, Centipede, Crawler, Flowerman, HoarderBug, Nutcracker, SandSpider, Stingray.
[20:20:26.9501714] [Debug  :Starlancer AI Fix] Adding IVisibleThreat component to Crawler(Clone).
[20:20:27.4269380] [Debug  :GeneralImprovements] Toggling helmet light off.
[20:20:30.9570906] [Warning: Unity Log] Can not play a disabled audio source
[20:20:35.4124364] [Info   : Unity Log] Anomaly random yrotation farthest: 12
[20:20:35.5071554] [Info   : Unity Log] Found enemy vent which has its time up: VentEntranceCave(Clone). Spawning Spring from vent.
[20:20:35.5101593] [Info   : Unity Log] Spawned enemy from vent
[20:20:35.5201718] [Info   :qwbarch.Mirage] SpringManAI(295fc2e4-f8d6-4380-8917-709a9d915f92) - Mimicking player #0
[20:20:37.6658408] [Info   : Unity Log] enemy rush index is -1; current index 0
[20:20:37.6658408] [Info   : Unity Log] Hours: 420 ; Time: 0.3888889 | Enemy #0 'Centipede' : probability: 39
[20:20:37.6658408] [Info   : Unity Log] enemy rush index is -1; current index 1
[20:20:37.6658408] [Info   : Unity Log] Hours: 420 ; Time: 0.3888889 | Enemy #1 'Bunker Spider' : probability: 61
[20:20:37.6658408] [Info   : Unity Log] enemy rush index is -1; current index 2
[20:20:37.6658408] [Info   : Unity Log] Hours: 420 ; Time: 0.3888889 | Enemy #2 'Hoarding bug' : probability: 22
[20:20:37.6658408] [Info   : Unity Log] enemy rush index is -1; current index 3
[20:20:37.6658408] [Info   : Unity Log] Hours: 420 ; Time: 0.3888889 | Enemy #3 'Flowerman' : probability: 3
[20:20:37.6658408] [Info   : Unity Log] enemy rush index is -1; current index 4
[20:20:37.6658408] [Info   : Unity Log] Hours: 420 ; Time: 0.3888889 | Enemy #4 'Crawler' : probability: 39
[20:20:37.6658408] [Info   : Unity Log] enemy rush index is -1; current index 5
[20:20:37.6658408] [Info   : Unity Log] Hours: 420 ; Time: 0.3888889 | Enemy #5 'Blob' : probability: 31
[20:20:37.6658408] [Info   : Unity Log] enemy rush index is -1; current index 6
[20:20:37.6658408] [Info   : Unity Log] Hours: 420 ; Time: 0.3888889 | Enemy #6 'Spring' : probability: 33
[20:20:37.6658408] [Info   : Unity Log] enemy rush index is -1; current index 7
[20:20:37.6658408] [Info   : Unity Log] Hours: 420 ; Time: 0.3888889 | Enemy #7 'Puffer' : probability: 9
[20:20:37.6658408] [Info   : Unity Log] enemy rush index is -1; current index 8
[20:20:37.6658408] [Info   : Unity Log] Hours: 420 ; Time: 0.3888889 | Enemy #8 'Nutcracker' : probability: 8
[20:20:37.6658408] [Info   : Unity Log] enemy rush index is -1; current index 9
[20:20:37.6658408] [Info   : Unity Log] Hours: 420 ; Time: 0.3888889 | Enemy #9 'Maneater' : probability: 3
[20:20:37.6658408] [Info   : Unity Log] enemy rush index is -1; current index 10
[20:20:37.6658408] [Info   : Unity Log] Hours: 420 ; Time: 0.3888889 | Enemy #10 'Stingray' : probability: 15
[20:20:37.6658408] [Info   : Unity Log] enemy rush index is -1; current index 11
[20:20:37.6658408] [Info   : Unity Log] Hours: 420 ; Time: 0.3888889 | Enemy #11 'Masked' : probability: 38
[20:20:37.6658408] [Info   : Unity Log] enemy rush index is -1; current index 12
[20:20:37.6658408] [Info   : Unity Log] Hours: 420 ; Time: 0.3888889 | Enemy #12 'Jester' : probability: 3
[20:20:37.6658408] [Info   : Unity Log] enemy rush index is -1; current index 13
[20:20:37.6658408] [Info   : Unity Log] Hours: 420 ; Time: 0.3888889 | Enemy #13 'Butler' : probability: 16
[20:20:37.6658408] [Info   : Unity Log] enemy rush index is -1; current index 14
[20:20:37.6658408] [Info   : Unity Log] Hours: 420 ; Time: 0.3888889 | Enemy #14 'Clay Surgeon' : probability: 3
[20:20:37.6658408] [Info   : Unity Log] enemy rush index is -1; current index 15
[20:20:37.6658408] [Info   : Unity Log] Hours: 420 ; Time: 0.3888889 | Enemy #15 'Girl' : probability: 1
[20:20:37.6658408] [Info   : Unity Log] enemy rush index is -1; current index 16
[20:20:37.6658408] [Info   : Unity Log] Hours: 420 ; Time: 0.3888889 | Enemy #16 'Football' : probability: 0
[20:20:37.6658408] [Info   : Unity Log] enemy rush index is -1; current index 17
[20:20:37.6658408] [Info   : Unity Log] Hours: 420 ; Time: 0.3888889 | Enemy #17 'Herobrine' : probability: 3
[20:20:37.6658408] [Info   : Unity Log] enemy rush index is -1; current index 18
[20:20:37.6658408] [Info   : Unity Log] Hours: 420 ; Time: 0.3888889 | Enemy #18 'Locker' : probability: 6
[20:20:37.6658408] [Info   : Unity Log] enemy rush index is -1; current index 19
[20:20:37.6658408] [Info   : Unity Log] Hours: 420 ; Time: 0.3888889 | Enemy #19 'ImmortalSnail' : probability: 38
[20:20:37.6658408] [Info   : Unity Log] enemy rush index is -1; current index 20
[20:20:37.6658408] [Info   : Unity Log] Hours: 420 ; Time: 0.3888889 | Enemy #20 'HarpGhost' : probability: 0
[20:20:37.6658408] [Info   : Unity Log] enemy rush index is -1; current index 21
[20:20:37.6658408] [Info   : Unity Log] Hours: 420 ; Time: 0.3888889 | Enemy #21 'BagpipeGhost' : probability: 0
[20:20:37.6658408] [Info   : Unity Log] enemy rush index is -1; current index 22
[20:20:37.6658408] [Info   : Unity Log] Hours: 420 ; Time: 0.3888889 | Enemy #22 'EnforcerGhost' : probability: 0
[20:20:37.6658408] [Info   : Unity Log] enemy rush index is -1; current index 23
[20:20:37.6658408] [Info   : Unity Log] Hours: 420 ; Time: 0.3888889 | Enemy #23 'Shy guy' : probability: 3
[20:20:37.6658408] [Info   : Unity Log] enemy rush index is -1; current index 24
[20:20:37.6658408] [Info   : Unity Log] Hours: 420 ; Time: 0.3888889 | Enemy #24 'Men-stalker' : probability: 43
[20:20:37.6658408] [Info   : Unity Log] enemy rush index is -1; current index 25
[20:20:37.6658408] [Info   : Unity Log] Hours: 420 ; Time: 0.3888889 | Enemy #25 'SlendermanEnemy' : probability: 0
[20:20:37.6658408] [Info   : Unity Log] enemy rush index is -1; current index 26
[20:20:37.6658408] [Info   : Unity Log] Hours: 420 ; Time: 0.3888889 | Enemy #26 'Cabinet' : probability: 0
[20:20:37.6658408] [Info   : Unity Log] enemy rush index is -1; current index 27
[20:20:37.6658408] [Info   : Unity Log] Hours: 420 ; Time: 0.3888889 | Enemy #27 'Aloe' : probability: 71
[20:20:37.6658408] [Info   : Unity Log] enemy rush index is -1; current index 28
[20:20:37.6658408] [Info   : Unity Log] Hours: 420 ; Time: 0.3888889 | Enemy #28 'RollingGiant' : probability: 23
[20:20:37.6658408] [Info   : Unity Log] enemy rush index is -1; current index 29
[20:20:37.6658408] [Info   : Unity Log] Hours: 420 ; Time: 0.3888889 | Enemy #29 'Shy guy' : probability: 6
[20:20:37.6658408] [Info   : Unity Log] enemy rush index is -1; current index 30
[20:20:37.6658408] [Info   : Unity Log] Hours: 420 ; Time: 0.3888889 | Enemy #30 'Boomba' : probability: 0
[20:20:37.6658408] [Info   : Unity Log] enemy rush index is -1; current index 31
[20:20:37.6658408] [Info   : Unity Log] Hours: 420 ; Time: 0.3888889 | Enemy #31 'Rabbit Magician' : probability: 1
[20:20:37.6658408] [Info   : Unity Log] enemy rush index is -1; current index 32
[20:20:37.6658408] [Info   : Unity Log] Hours: 420 ; Time: 0.3888889 | Enemy #32 'Peace Keeper' : probability: 2
[20:20:37.6658408] [Info   : Unity Log] enemy rush index is -1; current index 33
[20:20:37.6658408] [Info   : Unity Log] Hours: 420 ; Time: 0.3888889 | Enemy #33 'Lord Of The Manor' : probability: 3
[20:20:37.6658408] [Info   : Unity Log] enemy rush index is -1; current index 34
[20:20:37.6658408] [Info   : Unity Log] Hours: 420 ; Time: 0.3888889 | Enemy #34 'Janitor' : probability: 11
[20:20:37.6658408] [Info   : Unity Log] enemy rush index is -1; current index 35
[20:20:37.6658408] [Info   : Unity Log] Hours: 420 ; Time: 0.3888889 | Enemy #35 'Nancy' : probability: 7
[20:20:37.6658408] [Info   : Unity Log] enemy rush index is -1; current index 36
[20:20:37.6658408] [Info   : Unity Log] Hours: 420 ; Time: 0.3888889 | Enemy #36 'Mistress' : probability: 0
[20:20:37.6658408] [Info   : Unity Log] enemy rush index is -1; current index 37
[20:20:37.6658408] [Info   : Unity Log] Hours: 420 ; Time: 0.3888889 | Enemy #37 'Duck' : probability: 0
[20:20:37.6658408] [Info   : Unity Log] enemy rush index is -1; current index 38
[20:20:37.6658408] [Info   : Unity Log] Hours: 420 ; Time: 0.3888889 | Enemy #38 'Transporter' : probability: 0
[20:20:37.6658408] [Info   : Unity Log] enemy rush index is -1; current index 39
[20:20:37.6658408] [Info   : Unity Log] Hours: 420 ; Time: 0.3888889 | Enemy #39 'Shy guy' : probability: 6
[20:20:37.6658408] [Info   : Unity Log] ADDING ENEMY #24: Men-stalker
[20:20:37.6658408] [Info   : Unity Log] Adding 3 to power level, enemy: Men-stalker
[20:20:37.6658408] [Info   : Unity Log] Adding 0 to diversity level for enemy 'Men-stalker'
[20:20:37.6658408] [Info   : Unity Log] enemy rush index is -1; current index 0
[20:20:37.6658408] [Info   : Unity Log] Hours: 420 ; Time: 0.3888889 | Enemy #0 'Centipede' : probability: 39
[20:20:37.6658408] [Info   : Unity Log] enemy rush index is -1; current index 1
[20:20:37.6658408] [Info   : Unity Log] Hours: 420 ; Time: 0.3888889 | Enemy #1 'Bunker Spider' : probability: 61
[20:20:37.6658408] [Info   : Unity Log] enemy rush index is -1; current index 2
[20:20:37.6658408] [Info   : Unity Log] Hours: 420 ; Time: 0.3888889 | Enemy #2 'Hoarding bug' : probability: 22
[20:20:37.6658408] [Info   : Unity Log] enemy rush index is -1; current index 3
[20:20:37.6658408] [Info   : Unity Log] Hours: 420 ; Time: 0.3888889 | Enemy #3 'Flowerman' : probability: 3
[20:20:37.6658408] [Info   : Unity Log] enemy rush index is -1; current index 4
[20:20:37.6658408] [Info   : Unity Log] Hours: 420 ; Time: 0.3888889 | Enemy #4 'Crawler' : probability: 39
[20:20:37.6658408] [Info   : Unity Log] enemy rush index is -1; current index 5
[20:20:37.6658408] [Info   : Unity Log] Hours: 420 ; Time: 0.3888889 | Enemy #5 'Blob' : probability: 31
[20:20:37.6658408] [Info   : Unity Log] enemy rush index is -1; current index 6
[20:20:37.6658408] [Info   : Unity Log] Hours: 420 ; Time: 0.3888889 | Enemy #6 'Spring' : probability: 33
[20:20:37.6658408] [Info   : Unity Log] enemy rush index is -1; current index 7
[20:20:37.6658408] [Info   : Unity Log] Hours: 420 ; Time: 0.3888889 | Enemy #7 'Puffer' : probability: 9
[20:20:37.6658408] [Info   : Unity Log] enemy rush index is -1; current index 8
[20:20:37.6658408] [Info   : Unity Log] Hours: 420 ; Time: 0.3888889 | Enemy #8 'Nutcracker' : probability: 8
[20:20:37.6658408] [Info   : Unity Log] enemy rush index is -1; current index 9
[20:20:37.6658408] [Info   : Unity Log] Hours: 420 ; Time: 0.3888889 | Enemy #9 'Maneater' : probability: 3
[20:20:37.6658408] [Info   : Unity Log] enemy rush index is -1; current index 10
[20:20:37.6658408] [Info   : Unity Log] Hours: 420 ; Time: 0.3888889 | Enemy #10 'Stingray' : probability: 15
[20:20:37.6658408] [Info   : Unity Log] enemy rush index is -1; current index 11
[20:20:37.6658408] [Info   : Unity Log] Hours: 420 ; Time: 0.3888889 | Enemy #11 'Masked' : probability: 38
[20:20:37.6658408] [Info   : Unity Log] enemy rush index is -1; current index 12
[20:20:37.6658408] [Info   : Unity Log] Hours: 420 ; Time: 0.3888889 | Enemy #12 'Jester' : probability: 3
[20:20:37.6658408] [Info   : Unity Log] enemy rush index is -1; current index 13
[20:20:37.6658408] [Info   : Unity Log] Hours: 420 ; Time: 0.3888889 | Enemy #13 'Butler' : probability: 16
[20:20:37.6658408] [Info   : Unity Log] enemy rush index is -1; current index 14
[20:20:37.6658408] [Info   : Unity Log] Hours: 420 ; Time: 0.3888889 | Enemy #14 'Clay Surgeon' : probability: 3
[20:20:37.6658408] [Info   : Unity Log] enemy rush index is -1; current index 15
[20:20:37.6658408] [Info   : Unity Log] Hours: 420 ; Time: 0.3888889 | Enemy #15 'Girl' : probability: 1
[20:20:37.6658408] [Info   : Unity Log] enemy rush index is -1; current index 16
[20:20:37.6658408] [Info   : Unity Log] Hours: 420 ; Time: 0.3888889 | Enemy #16 'Football' : probability: 0
[20:20:37.6658408] [Info   : Unity Log] enemy rush index is -1; current index 17
[20:20:37.6658408] [Info   : Unity Log] Hours: 420 ; Time: 0.3888889 | Enemy #17 'Herobrine' : probability: 3
[20:20:37.6658408] [Info   : Unity Log] enemy rush index is -1; current index 18
[20:20:37.6658408] [Info   : Unity Log] Hours: 420 ; Time: 0.3888889 | Enemy #18 'Locker' : probability: 6
[20:20:37.6658408] [Info   : Unity Log] enemy rush index is -1; current index 19
[20:20:37.6658408] [Info   : Unity Log] Hours: 420 ; Time: 0.3888889 | Enemy #19 'ImmortalSnail' : probability: 38
[20:20:37.6658408] [Info   : Unity Log] enemy rush index is -1; current index 20
[20:20:37.6658408] [Info   : Unity Log] Hours: 420 ; Time: 0.3888889 | Enemy #20 'HarpGhost' : probability: 0
[20:20:37.6658408] [Info   : Unity Log] enemy rush index is -1; current index 21
[20:20:37.6658408] [Info   : Unity Log] Hours: 420 ; Time: 0.3888889 | Enemy #21 'BagpipeGhost' : probability: 0
[20:20:37.6658408] [Info   : Unity Log] enemy rush index is -1; current index 22
[20:20:37.6658408] [Info   : Unity Log] Hours: 420 ; Time: 0.3888889 | Enemy #22 'EnforcerGhost' : probability: 0
[20:20:37.6658408] [Info   : Unity Log] enemy rush index is -1; current index 23
[20:20:37.6658408] [Info   : Unity Log] Hours: 420 ; Time: 0.3888889 | Enemy #23 'Shy guy' : probability: 3
[20:20:37.6658408] [Info   : Unity Log] enemy rush index is -1; current index 25
[20:20:37.6658408] [Info   : Unity Log] Hours: 420 ; Time: 0.3888889 | Enemy #25 'SlendermanEnemy' : probability: 0
[20:20:37.6658408] [Info   : Unity Log] enemy rush index is -1; current index 26
[20:20:37.6658408] [Info   : Unity Log] Hours: 420 ; Time: 0.3888889 | Enemy #26 'Cabinet' : probability: 0
[20:20:37.6658408] [Info   : Unity Log] enemy rush index is -1; current index 27
[20:20:37.6658408] [Info   : Unity Log] Hours: 420 ; Time: 0.3888889 | Enemy #27 'Aloe' : probability: 71
[20:20:37.6658408] [Info   : Unity Log] enemy rush index is -1; current index 28
[20:20:37.6658408] [Info   : Unity Log] Hours: 420 ; Time: 0.3888889 | Enemy #28 'RollingGiant' : probability: 23
[20:20:37.6658408] [Info   : Unity Log] enemy rush index is -1; current index 29
[20:20:37.6658408] [Info   : Unity Log] Hours: 420 ; Time: 0.3888889 | Enemy #29 'Shy guy' : probability: 6
[20:20:37.6658408] [Info   : Unity Log] enemy rush index is -1; current index 30
[20:20:37.6658408] [Info   : Unity Log] Hours: 420 ; Time: 0.3888889 | Enemy #30 'Boomba' : probability: 0
[20:20:37.6658408] [Info   : Unity Log] enemy rush index is -1; current index 31
[20:20:37.6658408] [Info   : Unity Log] Hours: 420 ; Time: 0.3888889 | Enemy #31 'Rabbit Magician' : probability: 1
[20:20:37.6658408] [Info   : Unity Log] enemy rush index is -1; current index 32
[20:20:37.6658408] [Info   : Unity Log] Hours: 420 ; Time: 0.3888889 | Enemy #32 'Peace Keeper' : probability: 2
[20:20:37.6658408] [Info   : Unity Log] enemy rush index is -1; current index 33
[20:20:37.6658408] [Info   : Unity Log] Hours: 420 ; Time: 0.3888889 | Enemy #33 'Lord Of The Manor' : probability: 3
[20:20:37.6658408] [Info   : Unity Log] enemy rush index is -1; current index 34
[20:20:37.6658408] [Info   : Unity Log] Hours: 420 ; Time: 0.3888889 | Enemy #34 'Janitor' : probability: 11
[20:20:37.6658408] [Info   : Unity Log] enemy rush index is -1; current index 35
[20:20:37.6658408] [Info   : Unity Log] Hours: 420 ; Time: 0.3888889 | Enemy #35 'Nancy' : probability: 7
[20:20:37.6658408] [Info   : Unity Log] enemy rush index is -1; current index 36
[20:20:37.6658408] [Info   : Unity Log] Hours: 420 ; Time: 0.3888889 | Enemy #36 'Mistress' : probability: 0
[20:20:37.6658408] [Info   : Unity Log] enemy rush index is -1; current index 37
[20:20:37.6658408] [Info   : Unity Log] Hours: 420 ; Time: 0.3888889 | Enemy #37 'Duck' : probability: 0
[20:20:37.6658408] [Info   : Unity Log] enemy rush index is -1; current index 38
[20:20:37.6658408] [Info   : Unity Log] Hours: 420 ; Time: 0.3888889 | Enemy #38 'Transporter' : probability: 0
[20:20:37.6658408] [Info   : Unity Log] enemy rush index is -1; current index 39
[20:20:37.6658408] [Info   : Unity Log] Hours: 420 ; Time: 0.3888889 | Enemy #39 'Shy guy' : probability: 6
[20:20:37.6658408] [Info   : Unity Log] ADDING ENEMY #5: Blob
[20:20:37.6658408] [Info   : Unity Log] Adding 1 to power level, enemy: Blob
[20:20:37.6658408] [Info   : Unity Log] Adding 1 to diversity level for enemy 'Blob'
[20:20:37.6658408] [Info   : Unity Log] enemy rush index is -1; current index 0
[20:20:37.6658408] [Info   : Unity Log] Hours: 420 ; Time: 0.3888889 | Enemy #0 'Centipede' : probability: 39
[20:20:37.6658408] [Info   : Unity Log] enemy rush index is -1; current index 1
[20:20:37.6658408] [Info   : Unity Log] Hours: 420 ; Time: 0.3888889 | Enemy #1 'Bunker Spider' : probability: 61
[20:20:37.6658408] [Info   : Unity Log] enemy rush index is -1; current index 2
[20:20:37.6658408] [Info   : Unity Log] Hours: 420 ; Time: 0.3888889 | Enemy #2 'Hoarding bug' : probability: 22
[20:20:37.6658408] [Info   : Unity Log] enemy rush index is -1; current index 3
[20:20:37.6673444] [Info   : Unity Log] Hours: 420 ; Time: 0.3888889 | Enemy #3 'Flowerman' : probability: 3
[20:20:37.6673444] [Info   : Unity Log] enemy rush index is -1; current index 4
[20:20:37.6673444] [Info   : Unity Log] Hours: 420 ; Time: 0.3888889 | Enemy #4 'Crawler' : probability: 39
[20:20:37.6673444] [Info   : Unity Log] enemy rush index is -1; current index 5
[20:20:37.6673444] [Info   : Unity Log] Hours: 420 ; Time: 0.3888889 | Enemy #5 'Blob' : probability: 31
[20:20:37.6673444] [Info   : Unity Log] enemy rush index is -1; current index 6
[20:20:37.6673444] [Info   : Unity Log] Hours: 420 ; Time: 0.3888889 | Enemy #6 'Spring' : probability: 33
[20:20:37.6673444] [Info   : Unity Log] enemy rush index is -1; current index 7
[20:20:37.6673444] [Info   : Unity Log] Hours: 420 ; Time: 0.3888889 | Enemy #7 'Puffer' : probability: 9
[20:20:37.6673444] [Info   : Unity Log] enemy rush index is -1; current index 8
[20:20:37.6673444] [Info   : Unity Log] Hours: 420 ; Time: 0.3888889 | Enemy #8 'Nutcracker' : probability: 8
[20:20:37.6673444] [Info   : Unity Log] enemy rush index is -1; current index 9
[20:20:37.6673444] [Info   : Unity Log] Hours: 420 ; Time: 0.3888889 | Enemy #9 'Maneater' : probability: 3
[20:20:37.6673444] [Info   : Unity Log] enemy rush index is -1; current index 10
[20:20:37.6673444] [Info   : Unity Log] Hours: 420 ; Time: 0.3888889 | Enemy #10 'Stingray' : probability: 15
[20:20:37.6673444] [Info   : Unity Log] enemy rush index is -1; current index 11
[20:20:37.6673444] [Info   : Unity Log] Hours: 420 ; Time: 0.3888889 | Enemy #11 'Masked' : probability: 38
[20:20:37.6673444] [Info   : Unity Log] enemy rush index is -1; current index 12
[20:20:37.6673444] [Info   : Unity Log] Hours: 420 ; Time: 0.3888889 | Enemy #12 'Jester' : probability: 3
[20:20:37.6673444] [Info   : Unity Log] enemy rush index is -1; current index 13
[20:20:37.6673444] [Info   : Unity Log] Hours: 420 ; Time: 0.3888889 | Enemy #13 'Butler' : probability: 16
[20:20:37.6673444] [Info   : Unity Log] enemy rush index is -1; current index 14
[20:20:37.6673444] [Info   : Unity Log] Hours: 420 ; Time: 0.3888889 | Enemy #14 'Clay Surgeon' : probability: 3
[20:20:37.6673444] [Info   : Unity Log] enemy rush index is -1; current index 15
[20:20:37.6673444] [Info   : Unity Log] Hours: 420 ; Time: 0.3888889 | Enemy #15 'Girl' : probability: 1
[20:20:37.6673444] [Info   : Unity Log] enemy rush index is -1; current index 16
[20:20:37.6673444] [Info   : Unity Log] Hours: 420 ; Time: 0.3888889 | Enemy #16 'Football' : probability: 0
[20:20:37.6673444] [Info   : Unity Log] enemy rush index is -1; current index 17
[20:20:37.6673444] [Info   : Unity Log] Hours: 420 ; Time: 0.3888889 | Enemy #17 'Herobrine' : probability: 3
[20:20:37.6673444] [Info   : Unity Log] enemy rush index is -1; current index 18
[20:20:37.6673444] [Info   : Unity Log] Hours: 420 ; Time: 0.3888889 | Enemy #18 'Locker' : probability: 6
[20:20:37.6673444] [Info   : Unity Log] enemy rush index is -1; current index 19
[20:20:37.6673444] [Info   : Unity Log] Hours: 420 ; Time: 0.3888889 | Enemy #19 'ImmortalSnail' : probability: 38
[20:20:37.6673444] [Info   : Unity Log] enemy rush index is -1; current index 20
[20:20:37.6673444] [Info   : Unity Log] Hours: 420 ; Time: 0.3888889 | Enemy #20 'HarpGhost' : probability: 0
[20:20:37.6673444] [Info   : Unity Log] enemy rush index is -1; current index 21
[20:20:37.6673444] [Info   : Unity Log] Hours: 420 ; Time: 0.3888889 | Enemy #21 'BagpipeGhost' : probability: 0
[20:20:37.6673444] [Info   : Unity Log] enemy rush index is -1; current index 22
[20:20:37.6673444] [Info   : Unity Log] Hours: 420 ; Time: 0.3888889 | Enemy #22 'EnforcerGhost' : probability: 0
[20:20:37.6673444] [Info   : Unity Log] enemy rush index is -1; current index 23
[20:20:37.6673444] [Info   : Unity Log] Hours: 420 ; Time: 0.3888889 | Enemy #23 'Shy guy' : probability: 3
[20:20:37.6673444] [Info   : Unity Log] enemy rush index is -1; current index 25
[20:20:37.6673444] [Info   : Unity Log] Hours: 420 ; Time: 0.3888889 | Enemy #25 'SlendermanEnemy' : probability: 0
[20:20:37.6673444] [Info   : Unity Log] enemy rush index is -1; current index 26
[20:20:37.6673444] [Info   : Unity Log] Hours: 420 ; Time: 0.3888889 | Enemy #26 'Cabinet' : probability: 0
[20:20:37.6673444] [Info   : Unity Log] enemy rush index is -1; current index 27
[20:20:37.6673444] [Info   : Unity Log] Hours: 420 ; Time: 0.3888889 | Enemy #27 'Aloe' : probability: 71
[20:20:37.6673444] [Info   : Unity Log] enemy rush index is -1; current index 28
[20:20:37.6673444] [Info   : Unity Log] Hours: 420 ; Time: 0.3888889 | Enemy #28 'RollingGiant' : probability: 23
[20:20:37.6673444] [Info   : Unity Log] enemy rush index is -1; current index 29
[20:20:37.6673444] [Info   : Unity Log] Hours: 420 ; Time: 0.3888889 | Enemy #29 'Shy guy' : probability: 6
[20:20:37.6673444] [Info   : Unity Log] enemy rush index is -1; current index 30
[20:20:37.6673444] [Info   : Unity Log] Hours: 420 ; Time: 0.3888889 | Enemy #30 'Boomba' : probability: 0
[20:20:37.6673444] [Info   : Unity Log] enemy rush index is -1; current index 31
[20:20:37.6673444] [Info   : Unity Log] Hours: 420 ; Time: 0.3888889 | Enemy #31 'Rabbit Magician' : probability: 1
[20:20:37.6673444] [Info   : Unity Log] enemy rush index is -1; current index 32
[20:20:37.6673444] [Info   : Unity Log] Hours: 420 ; Time: 0.3888889 | Enemy #32 'Peace Keeper' : probability: 2
[20:20:37.6673444] [Info   : Unity Log] enemy rush index is -1; current index 33
[20:20:37.6673444] [Info   : Unity Log] Hours: 420 ; Time: 0.3888889 | Enemy #33 'Lord Of The Manor' : probability: 3
[20:20:37.6673444] [Info   : Unity Log] enemy rush index is -1; current index 34
[20:20:37.6673444] [Info   : Unity Log] Hours: 420 ; Time: 0.3888889 | Enemy #34 'Janitor' : probability: 11
[20:20:37.6673444] [Info   : Unity Log] enemy rush index is -1; current index 35
[20:20:37.6673444] [Info   : Unity Log] Hours: 420 ; Time: 0.3888889 | Enemy #35 'Nancy' : probability: 7
[20:20:37.6673444] [Info   : Unity Log] enemy rush index is -1; current index 36
[20:20:37.6673444] [Info   : Unity Log] Hours: 420 ; Time: 0.3888889 | Enemy #36 'Mistress' : probability: 0
[20:20:37.6673444] [Info   : Unity Log] enemy rush index is -1; current index 37
[20:20:37.6673444] [Info   : Unity Log] Hours: 420 ; Time: 0.3888889 | Enemy #37 'Duck' : probability: 0
[20:20:37.6673444] [Info   : Unity Log] enemy rush index is -1; current index 38
[20:20:37.6673444] [Info   : Unity Log] Hours: 420 ; Time: 0.3888889 | Enemy #38 'Transporter' : probability: 0
[20:20:37.6673444] [Info   : Unity Log] enemy rush index is -1; current index 39
[20:20:37.6673444] [Info   : Unity Log] Hours: 420 ; Time: 0.3888889 | Enemy #39 'Shy guy' : probability: 6
[20:20:37.6673444] [Info   : Unity Log] ADDING ENEMY #19: ImmortalSnail
[20:20:37.6673444] [Info   : Unity Log] Adding 1 to power level, enemy: ImmortalSnail
[20:20:37.6673444] [Info   : Unity Log] Adding 0 to diversity level for enemy 'ImmortalSnail'
[20:20:37.6673444] [Info   : Unity Log] enemy rush index is -1; current index 0
[20:20:37.6673444] [Info   : Unity Log] Hours: 420 ; Time: 0.3888889 | Enemy #0 'Centipede' : probability: 39
[20:20:37.6673444] [Info   : Unity Log] enemy rush index is -1; current index 1
[20:20:37.6673444] [Info   : Unity Log] Hours: 420 ; Time: 0.3888889 | Enemy #1 'Bunker Spider' : probability: 61
[20:20:37.6673444] [Info   : Unity Log] enemy rush index is -1; current index 2
[20:20:37.6673444] [Info   : Unity Log] Hours: 420 ; Time: 0.3888889 | Enemy #2 'Hoarding bug' : probability: 22
[20:20:37.6673444] [Info   : Unity Log] enemy rush index is -1; current index 3
[20:20:37.6673444] [Info   : Unity Log] Hours: 420 ; Time: 0.3888889 | Enemy #3 'Flowerman' : probability: 3
[20:20:37.6673444] [Info   : Unity Log] enemy rush index is -1; current index 4
[20:20:37.6673444] [Info   : Unity Log] Hours: 420 ; Time: 0.3888889 | Enemy #4 'Crawler' : probability: 39
[20:20:37.6673444] [Info   : Unity Log] enemy rush index is -1; current index 5
[20:20:37.6673444] [Info   : Unity Log] Hours: 420 ; Time: 0.3888889 | Enemy #5 'Blob' : probability: 31
[20:20:37.6673444] [Info   : Unity Log] enemy rush index is -1; current index 6
[20:20:37.6673444] [Info   : Unity Log] Hours: 420 ; Time: 0.3888889 | Enemy #6 'Spring' : probability: 33
[20:20:37.6673444] [Info   : Unity Log] enemy rush index is -1; current index 7
[20:20:37.6673444] [Info   : Unity Log] Hours: 420 ; Time: 0.3888889 | Enemy #7 'Puffer' : probability: 9
[20:20:37.6673444] [Info   : Unity Log] enemy rush index is -1; current index 8
[20:20:37.6673444] [Info   : Unity Log] Hours: 420 ; Time: 0.3888889 | Enemy #8 'Nutcracker' : probability: 8
[20:20:37.6673444] [Info   : Unity Log] enemy rush index is -1; current index 9
[20:20:37.6673444] [Info   : Unity Log] Hours: 420 ; Time: 0.3888889 | Enemy #9 'Maneater' : probability: 3
[20:20:37.6673444] [Info   : Unity Log] enemy rush index is -1; current index 10
[20:20:37.6673444] [Info   : Unity Log] Hours: 420 ; Time: 0.3888889 | Enemy #10 'Stingray' : probability: 15
[20:20:37.6673444] [Info   : Unity Log] enemy rush index is -1; current index 11
[20:20:37.6673444] [Info   : Unity Log] Hours: 420 ; Time: 0.3888889 | Enemy #11 'Masked' : probability: 38
[20:20:37.6673444] [Info   : Unity Log] enemy rush index is -1; current index 12
[20:20:37.6673444] [Info   : Unity Log] Hours: 420 ; Time: 0.3888889 | Enemy #12 'Jester' : probability: 3
[20:20:37.6673444] [Info   : Unity Log] enemy rush index is -1; current index 13
[20:20:37.6673444] [Info   : Unity Log] Hours: 420 ; Time: 0.3888889 | Enemy #13 'Butler' : probability: 16
[20:20:37.6673444] [Info   : Unity Log] enemy rush index is -1; current index 14
[20:20:37.6673444] [Info   : Unity Log] Hours: 420 ; Time: 0.3888889 | Enemy #14 'Clay Surgeon' : probability: 3
[20:20:37.6673444] [Info   : Unity Log] enemy rush index is -1; current index 15
[20:20:37.6673444] [Info   : Unity Log] Hours: 420 ; Time: 0.3888889 | Enemy #15 'Girl' : probability: 1
[20:20:37.6673444] [Info   : Unity Log] enemy rush index is -1; current index 16
[20:20:37.6673444] [Info   : Unity Log] Hours: 420 ; Time: 0.3888889 | Enemy #16 'Football' : probability: 0
[20:20:37.6673444] [Info   : Unity Log] enemy rush index is -1; current index 17
[20:20:37.6673444] [Info   : Unity Log] Hours: 420 ; Time: 0.3888889 | Enemy #17 'Herobrine' : probability: 3
[20:20:37.6673444] [Info   : Unity Log] enemy rush index is -1; current index 18
[20:20:37.6673444] [Info   : Unity Log] Hours: 420 ; Time: 0.3888889 | Enemy #18 'Locker' : probability: 6
[20:20:37.6673444] [Info   : Unity Log] enemy rush index is -1; current index 19
[20:20:37.6673444] [Info   : Unity Log] Hours: 420 ; Time: 0.3888889 | Enemy #19 'ImmortalSnail' : probability: 38
[20:20:37.6673444] [Info   : Unity Log] enemy rush index is -1; current index 20
[20:20:37.6673444] [Info   : Unity Log] Hours: 420 ; Time: 0.3888889 | Enemy #20 'HarpGhost' : probability: 0
[20:20:37.6673444] [Info   : Unity Log] enemy rush index is -1; current index 21
[20:20:37.6673444] [Info   : Unity Log] Hours: 420 ; Time: 0.3888889 | Enemy #21 'BagpipeGhost' : probability: 0
[20:20:37.6673444] [Info   : Unity Log] enemy rush index is -1; current index 22
[20:20:37.6673444] [Info   : Unity Log] Hours: 420 ; Time: 0.3888889 | Enemy #22 'EnforcerGhost' : probability: 0
[20:20:37.6673444] [Info   : Unity Log] enemy rush index is -1; current index 23
[20:20:37.6673444] [Info   : Unity Log] Hours: 420 ; Time: 0.3888889 | Enemy #23 'Shy guy' : probability: 3
